frame_id,timestamp,contact_label,dist_raw,dist_local,v_n,a_n,sigma_d,v_t,approach_theta,shadow_score,flow_mag,brightness_contact,dist2d_palm_0,dist2d_palm_5,dist2d_palm_9,dist2d_palm_13,dist2d_palm_17,hull_overlap_ratio,lm_0_x,lm_0_y,lm_0_z,lm_1_x,lm_1_y,lm_1_z,lm_2_x,lm_2_y,lm_2_z,lm_3_x,lm_3_y,lm_3_z,lm_4_x,lm_4_y,lm_4_z,lm_5_x,lm_5_y,lm_5_z,lm_6_x,lm_6_y,lm_6_z,lm_7_x,lm_7_y,lm_7_z,lm_8_x,lm_8_y,lm_8_z,lm_9_x,lm_9_y,lm_9_z,lm_10_x,lm_10_y,lm_10_z,lm_11_x,lm_11_y,lm_11_z,lm_12_x,lm_12_y,lm_12_z,lm_13_x,lm_13_y,lm_13_z,lm_14_x,lm_14_y,lm_14_z,lm_15_x,lm_15_y,lm_15_z,lm_16_x,lm_16_y,lm_16_z,lm_17_x,lm_17_y,lm_17_z,lm_18_x,lm_18_y,lm_18_z,lm_19_x,lm_19_y,lm_19_z,lm_20_x,lm_20_y,lm_20_z
0,1694940877.299982,0,,,0.0000,0.0000,0.0000,0.0000,,,,,,,,,,,0.000000,0.000000,0.000000,0.000000,0.000000,0.000000,0.000000,0.000000,0.000000,0.000000,0.000000,0.000000,0.000000,0.000000,0.000000,0.000000,0.000000,0.000000,0.000000,0.000000,0.000000,0.000000,0.000000,0.000000,0.000000,0.000000,0.000000,0.000000,0.000000,0.000000,0.000000,0.000000,0.000000,0.000000,0.000000,0.000000,0.000000,0.000000,0.000000,0.000000,0.000000,0.000000,0.000000,0.000000,0.000000,0.000000,0.000000,0.000000,0.000000,0.000000,0.000000,0.000000,0.000000,0.000000,0.000000,0.000000,0.000000,0.000000,0.000000,0.000000,0.000000,0.000000,0.000000
1,1694940877.308315,0,,,0.0000,0.0000,0.0000,0.0000,,,,,,,,,,,0.000000,0.000000,0.000000,0.000000,0.000000,0.000000,0.000000,0.000000,0.000000,0.000000,0.000000,0.000000,0.000000,0.000000,0.000000,0.000000,0.000000,0.000000,0.000000,0.000000,0.000000,0.000000,0.000000,0.000000,0.000000,0.000000,0.000000,0.000000,0.000000,0.000000,0.000000,0.000000,0.000000,0.000000,0.000000,0.000000,0.000000,0.000000,0.000000,0.000000,0.000000,0.000000,0.000000,0.000000,0.000000,0.000000,0.000000,0.000000,0.000000,0.000000,0.000000,0.000000,0.000000,0.000000,0.000000,0.000000,0.000000,0.000000,0.000000,0.000000,0.000000,0.000000,0.000000
2,1694940877.316648,0,,,0.0000,0.0000,0.0000,0.0000,,,,,,,,,,,0.000000,0.000000,0.000000,0.000000,0.000000,0.000000,0.000000,0.000000,0.000000,0.000000,0.000000,0.000000,0.000000,0.000000,0.000000,0.000000,0.000000,0.000000,0.000000,0.000000,0.000000,0.000000,0.000000,0.000000,0.000000,0.000000,0.000000,0.000000,0.000000,0.000000,0.000000,0.000000,0.000000,0.000000,0.000000,0.000000,0.000000,0.000000,0.000000,0.000000,0.000000,0.000000,0.000000,0.000000,0.000000,0.000000,0.000000,0.000000,0.000000,0.000000,0.000000,0.000000,0.000000,0.000000,0.000000,0.000000,0.000000,0.000000,0.000000,0.000000,0.000000,0.000000,0.000000
3,1694940877.324982,0,,,0.0000,0.0000,0.0000,0.0000,,,,,,,,,,,0.000000,0.000000,0.000000,0.000000,0.000000,0.000000,0.000000,0.000000,0.000000,0.000000,0.000000,0.000000,0.000000,0.000000,0.000000,0.000000,0.000000,0.000000,0.000000,0.000000,0.000000,0.000000,0.000000,0.000000,0.000000,0.000000,0.000000,0.000000,0.000000,0.000000,0.000000,0.000000,0.000000,0.000000,0.000000,0.000000,0.000000,0.000000,0.000000,0.000000,0.000000,0.000000,0.000000,0.000000,0.000000,0.000000,0.000000,0.000000,0.000000,0.000000,0.000000,0.000000,0.000000,0.000000,0.000000,0.000000,0.000000,0.000000,0.000000,0.000000,0.000000,0.000000,0.000000
4,1694940877.333315,0,,,0.0000,0.0000,0.0000,0.0000,,,,,,,,,,,0.000000,0.000000,0.000000,0.000000,0.000000,0.000000,0.000000,0.000000,0.000000,0.000000,0.000000,0.000000,0.000000,0.000000,0.000000,0.000000,0.000000,0.000000,0.000000,0.000000,0.000000,0.000000,0.000000,0.000000,0.000000,0.000000,0.000000,0.000000,0.000000,0.000000,0.000000,0.000000,0.000000,0.000000,0.000000,0.000000,0.000000,0.000000,0.000000,0.000000,0.000000,0.000000,0.000000,0.000000,0.000000,0.000000,0.000000,0.000000,0.000000,0.000000,0.000000,0.000000,0.000000,0.000000,0.000000,0.000000,0.000000,0.000000,0.000000,0.000000,0.000000,0.000000,0.000000
5,1694940877.341648,0,,,0.0000,0.0000,0.0000,0.0000,,,,,,,,,,,0.000000,0.000000,0.000000,0.000000,0.000000,0.000000,0.000000,0.000000,0.000000,0.000000,0.000000,0.000000,0.000000,0.000000,0.000000,0.000000,0.000000,0.000000,0.000000,0.000000,0.000000,0.000000,0.000000,0.000000,0.000000,0.000000,0.000000,0.000000,0.000000,0.000000,0.000000,0.000000,0.000000,0.000000,0.000000,0.000000,0.000000,0.000000,0.000000,0.000000,0.000000,0.000000,0.000000,0.000000,0.000000,0.000000,0.000000,0.000000,0.000000,0.000000,0.000000,0.000000,0.000000,0.000000,0.000000,0.000000,0.000000,0.000000,0.000000,0.000000,0.000000,0.000000,0.000000
6,1694940877.349982,0,,,0.0000,0.0000,0.0000,0.0000,,,,,,,,,,,0.000000,0.000000,0.000000,0.000000,0.000000,0.000000,0.000000,0.000000,0.000000,0.000000,0.000000,0.000000,0.000000,0.000000,0.000000,0.000000,0.000000,0.000000,0.000000,0.000000,0.000000,0.000000,0.000000,0.000000,0.000000,0.000000,0.000000,0.000000,0.000000,0.000000,0.000000,0.000000,0.000000,0.000000,0.000000,0.000000,0.000000,0.000000,0.000000,0.000000,0.000000,0.000000,0.000000,0.000000,0.000000,0.000000,0.000000,0.000000,0.000000,0.000000,0.000000,0.000000,0.000000,0.000000,0.000000,0.000000,0.000000,0.000000,0.000000,0.000000,0.000000,0.000000,0.000000
7,1694940877.358315,0,,,0.0000,0.0000,0.0000,0.0000,,,,,,,,,,,0.000000,0.000000,0.000000,0.000000,0.000000,0.000000,0.000000,0.000000,0.000000,0.000000,0.000000,0.000000,0.000000,0.000000,0.000000,0.000000,0.000000,0.000000,0.000000,0.000000,0.000000,0.000000,0.000000,0.000000,0.000000,0.000000,0.000000,0.000000,0.000000,0.000000,0.000000,0.000000,0.000000,0.000000,0.000000,0.000000,0.000000,0.000000,0.000000,0.000000,0.000000,0.000000,0.000000,0.000000,0.000000,0.000000,0.000000,0.000000,0.000000,0.000000,0.000000,0.000000,0.000000,0.000000,0.000000,0.000000,0.000000,0.000000,0.000000,0.000000,0.000000,0.000000,0.000000
8,1694940877.366648,0,,,0.0000,0.0000,0.0000,0.0000,,,,,,,,,,,0.000000,0.000000,0.000000,0.000000,0.000000,0.000000,0.000000,0.000000,0.000000,0.000000,0.000000,0.000000,0.000000,0.000000,0.000000,0.000000,0.000000,0.000000,0.000000,0.000000,0.000000,0.000000,0.000000,0.000000,0.000000,0.000000,0.000000,0.000000,0.000000,0.000000,0.000000,0.000000,0.000000,0.000000,0.000000,0.000000,0.000000,0.000000,0.000000,0.000000,0.000000,0.000000,0.000000,0.000000,0.000000,0.000000,0.000000,0.000000,0.000000,0.000000,0.000000,0.000000,0.000000,0.000000,0.000000,0.000000,0.000000,0.000000,0.000000,0.000000,0.000000,0.000000,0.000000
9,1694940877.374982,0,,,0.0000,0.0000,0.0000,0.0000,,,,,,,,,,,0.000000,0.000000,0.000000,0.000000,0.000000,0.000000,0.000000,0.000000,0.000000,0.000000,0.000000,0.000000,0.000000,0.000000,0.000000,0.000000,0.000000,0.000000,0.000000,0.000000,0.000000,0.000000,0.000000,0.000000,0.000000,0.000000,0.000000,0.000000,0.000000,0.000000,0.000000,0.000000,0.000000,0.000000,0.000000,0.000000,0.000000,0.000000,0.000000,0.000000,0.000000,0.000000,0.000000,0.000000,0.000000,0.000000,0.000000,0.000000,0.000000,0.000000,0.000000,0.000000,0.000000,0.000000,0.000000,0.000000,0.000000,0.000000,0.000000,0.000000,0.000000,0.000000,0.000000
10,1694940877.383315,0,,,0.0000,0.0000,0.0000,0.0000,,,,,,,,,,,0.000000,0.000000,0.000000,0.000000,0.000000,0.000000,0.000000,0.000000,0.000000,0.000000,0.000000,0.000000,0.000000,0.000000,0.000000,0.000000,0.000000,0.000000,0.000000,0.000000,0.000000,0.000000,0.000000,0.000000,0.000000,0.000000,0.000000,0.000000,0.000000,0.000000,0.000000,0.000000,0.000000,0.000000,0.000000,0.000000,0.000000,0.000000,0.000000,0.000000,0.000000,0.000000,0.000000,0.000000,0.000000,0.000000,0.000000,0.000000,0.000000,0.000000,0.000000,0.000000,0.000000,0.000000,0.000000,0.000000,0.000000,0.000000,0.000000,0.000000,0.000000,0.000000,0.000000
11,1694940877.391648,0,,,0.0000,0.0000,0.0000,0.0000,,,,,,,,,,,0.000000,0.000000,0.000000,0.000000,0.000000,0.000000,0.000000,0.000000,0.000000,0.000000,0.000000,0.000000,0.000000,0.000000,0.000000,0.000000,0.000000,0.000000,0.000000,0.000000,0.000000,0.000000,0.000000,0.000000,0.000000,0.000000,0.000000,0.000000,0.000000,0.000000,0.000000,0.000000,0.000000,0.000000,0.000000,0.000000,0.000000,0.000000,0.000000,0.000000,0.000000,0.000000,0.000000,0.000000,0.000000,0.000000,0.000000,0.000000,0.000000,0.000000,0.000000,0.000000,0.000000,0.000000,0.000000,0.000000,0.000000,0.000000,0.000000,0.000000,0.000000,0.000000,0.000000
12,1694940877.399982,0,,,0.0000,0.0000,0.0000,0.0000,,,,,,,,,,,0.000000,0.000000,0.000000,0.000000,0.000000,0.000000,0.000000,0.000000,0.000000,0.000000,0.000000,0.000000,0.000000,0.000000,0.000000,0.000000,0.000000,0.000000,0.000000,0.000000,0.000000,0.000000,0.000000,0.000000,0.000000,0.000000,0.000000,0.000000,0.000000,0.000000,0.000000,0.000000,0.000000,0.000000,0.000000,0.000000,0.000000,0.000000,0.000000,0.000000,0.000000,0.000000,0.000000,0.000000,0.000000,0.000000,0.000000,0.000000,0.000000,0.000000,0.000000,0.000000,0.000000,0.000000,0.000000,0.000000,0.000000,0.000000,0.000000,0.000000,0.000000,0.000000,0.000000
13,1694940877.408315,0,,,0.0000,0.0000,0.0000,0.0000,,,,,,,,,,,0.000000,0.000000,0.000000,0.000000,0.000000,0.000000,0.000000,0.000000,0.000000,0.000000,0.000000,0.000000,0.000000,0.000000,0.000000,0.000000,0.000000,0.000000,0.000000,0.000000,0.000000,0.000000,0.000000,0.000000,0.000000,0.000000,0.000000,0.000000,0.000000,0.000000,0.000000,0.000000,0.000000,0.000000,0.000000,0.000000,0.000000,0.000000,0.000000,0.000000,0.000000,0.000000,0.000000,0.000000,0.000000,0.000000,0.000000,0.000000,0.000000,0.000000,0.000000,0.000000,0.000000,0.000000,0.000000,0.000000,0.000000,0.000000,0.000000,0.000000,0.000000,0.000000,0.000000
14,1694940877.416648,0,,,0.0000,0.0000,0.0000,0.0000,,,,,,,,,,,0.000000,0.000000,0.000000,0.000000,0.000000,0.000000,0.000000,0.000000,0.000000,0.000000,0.000000,0.000000,0.000000,0.000000,0.000000,0.000000,0.000000,0.000000,0.000000,0.000000,0.000000,0.000000,0.000000,0.000000,0.000000,0.000000,0.000000,0.000000,0.000000,0.000000,0.000000,0.000000,0.000000,0.000000,0.000000,0.000000,0.000000,0.000000,0.000000,0.000000,0.000000,0.000000,0.000000,0.000000,0.000000,0.000000,0.000000,0.000000,0.000000,0.000000,0.000000,0.000000,0.000000,0.000000,0.000000,0.000000,0.000000,0.000000,0.000000,0.000000,0.000000,0.000000,0.000000
15,1694940877.424982,0,,,0.0000,0.0000,0.0000,0.0000,,,,,,,,,,,0.000000,0.000000,0.000000,0.000000,0.000000,0.000000,0.000000,0.000000,0.000000,0.000000,0.000000,0.000000,0.000000,0.000000,0.000000,0.000000,0.000000,0.000000,0.000000,0.000000,0.000000,0.000000,0.000000,0.000000,0.000000,0.000000,0.000000,0.000000,0.000000,0.000000,0.000000,0.000000,0.000000,0.000000,0.000000,0.000000,0.000000,0.000000,0.000000,0.000000,0.000000,0.000000,0.000000,0.000000,0.000000,0.000000,0.000000,0.000000,0.000000,0.000000,0.000000,0.000000,0.000000,0.000000,0.000000,0.000000,0.000000,0.000000,0.000000,0.000000,0.000000,0.000000,0.000000
16,1694940877.433315,0,,,0.0000,0.0000,0.0000,0.0000,,,,,,,,,,,0.000000,0.000000,0.000000,0.000000,0.000000,0.000000,0.000000,0.000000,0.000000,0.000000,0.000000,0.000000,0.000000,0.000000,0.000000,0.000000,0.000000,0.000000,0.000000,0.000000,0.000000,0.000000,0.000000,0.000000,0.000000,0.000000,0.000000,0.000000,0.000000,0.000000,0.000000,0.000000,0.000000,0.000000,0.000000,0.000000,0.000000,0.000000,0.000000,0.000000,0.000000,0.000000,0.000000,0.000000,0.000000,0.000000,0.000000,0.000000,0.000000,0.000000,0.000000,0.000000,0.000000,0.000000,0.000000,0.000000,0.000000,0.000000,0.000000,0.000000,0.000000,0.000000,0.000000
17,1694940877.441648,0,,,0.0000,0.0000,0.0000,0.0000,,,,,,,,,,,0.000000,0.000000,0.000000,0.000000,0.000000,0.000000,0.000000,0.000000,0.000000,0.000000,0.000000,0.000000,0.000000,0.000000,0.000000,0.000000,0.000000,0.000000,0.000000,0.000000,0.000000,0.000000,0.000000,0.000000,0.000000,0.000000,0.000000,0.000000,0.000000,0.000000,0.000000,0.000000,0.000000,0.000000,0.000000,0.000000,0.000000,0.000000,0.000000,0.000000,0.000000,0.000000,0.000000,0.000000,0.000000,0.000000,0.000000,0.000000,0.000000,0.000000,0.000000,0.000000,0.000000,0.000000,0.000000,0.000000,0.000000,0.000000,0.000000,0.000000,0.000000,0.000000,0.000000
18,1694940877.449982,0,,,0.0000,0.0000,0.0000,0.0000,,,,,,,,,,,0.000000,0.000000,0.000000,0.000000,0.000000,0.000000,0.000000,0.000000,0.000000,0.000000,0.000000,0.000000,0.000000,0.000000,0.000000,0.000000,0.000000,0.000000,0.000000,0.000000,0.000000,0.000000,0.000000,0.000000,0.000000,0.000000,0.000000,0.000000,0.000000,0.000000,0.000000,0.000000,0.000000,0.000000,0.000000,0.000000,0.000000,0.000000,0.000000,0.000000,0.000000,0.000000,0.000000,0.000000,0.000000,0.000000,0.000000,0.000000,0.000000,0.000000,0.000000,0.000000,0.000000,0.000000,0.000000,0.000000,0.000000,0.000000,0.000000,0.000000,0.000000,0.000000,0.000000
19,1694940877.458315,0,,,0.0000,0.0000,0.0000,0.0000,,,,,,,,,,,0.000000,0.000000,0.000000,0.000000,0.000000,0.000000,0.000000,0.000000,0.000000,0.000000,0.000000,0.000000,0.000000,0.000000,0.000000,0.000000,0.000000,0.000000,0.000000,0.000000,0.000000,0.000000,0.000000,0.000000,0.000000,0.000000,0.000000,0.000000,0.000000,0.000000,0.000000,0.000000,0.000000,0.000000,0.000000,0.000000,0.000000,0.000000,0.000000,0.000000,0.000000,0.000000,0.000000,0.000000,0.000000,0.000000,0.000000,0.000000,0.000000,0.000000,0.000000,0.000000,0.000000,0.000000,0.000000,0.000000,0.000000,0.000000,0.000000,0.000000,0.000000,0.000000,0.000000
20,1694940877.466648,0,,,0.0000,0.0000,0.0000,0.0000,,,,,,,,,,,0.000000,0.000000,0.000000,0.000000,0.000000,0.000000,0.000000,0.000000,0.000000,0.000000,0.000000,0.000000,0.000000,0.000000,0.000000,0.000000,0.000000,0.000000,0.000000,0.000000,0.000000,0.000000,0.000000,0.000000,0.000000,0.000000,0.000000,0.000000,0.000000,0.000000,0.000000,0.000000,0.000000,0.000000,0.000000,0.000000,0.000000,0.000000,0.000000,0.000000,0.000000,0.000000,0.000000,0.000000,0.000000,0.000000,0.000000,0.000000,0.000000,0.000000,0.000000,0.000000,0.000000,0.000000,0.000000,0.000000,0.000000,0.000000,0.000000,0.000000,0.000000,0.000000,0.000000
21,1694940877.474982,0,,,0.0000,0.0000,0.0000,0.0000,,,,,,,,,,,0.000000,0.000000,0.000000,0.000000,0.000000,0.000000,0.000000,0.000000,0.000000,0.000000,0.000000,0.000000,0.000000,0.000000,0.000000,0.000000,0.000000,0.000000,0.000000,0.000000,0.000000,0.000000,0.000000,0.000000,0.000000,0.000000,0.000000,0.000000,0.000000,0.000000,0.000000,0.000000,0.000000,0.000000,0.000000,0.000000,0.000000,0.000000,0.000000,0.000000,0.000000,0.000000,0.000000,0.000000,0.000000,0.000000,0.000000,0.000000,0.000000,0.000000,0.000000,0.000000,0.000000,0.000000,0.000000,0.000000,0.000000,0.000000,0.000000,0.000000,0.000000,0.000000,0.000000
22,1694940877.483315,0,,,0.0000,0.0000,0.0000,0.0000,,,,,,,,,,,0.000000,0.000000,0.000000,0.000000,0.000000,0.000000,0.000000,0.000000,0.000000,0.000000,0.000000,0.000000,0.000000,0.000000,0.000000,0.000000,0.000000,0.000000,0.000000,0.000000,0.000000,0.000000,0.000000,0.000000,0.000000,0.000000,0.000000,0.000000,0.000000,0.000000,0.000000,0.000000,0.000000,0.000000,0.000000,0.000000,0.000000,0.000000,0.000000,0.000000,0.000000,0.000000,0.000000,0.000000,0.000000,0.000000,0.000000,0.000000,0.000000,0.000000,0.000000,0.000000,0.000000,0.000000,0.000000,0.000000,0.000000,0.000000,0.000000,0.000000,0.000000,0.000000,0.000000
23,1694940877.491648,0,,,0.0000,0.0000,0.0000,0.0000,,,,,,,,,,,0.000000,0.000000,0.000000,0.000000,0.000000,0.000000,0.000000,0.000000,0.000000,0.000000,0.000000,0.000000,0.000000,0.000000,0.000000,0.000000,0.000000,0.000000,0.000000,0.000000,0.000000,0.000000,0.000000,0.000000,0.000000,0.000000,0.000000,0.000000,0.000000,0.000000,0.000000,0.000000,0.000000,0.000000,0.000000,0.000000,0.000000,0.000000,0.000000,0.000000,0.000000,0.000000,0.000000,0.000000,0.000000,0.000000,0.000000,0.000000,0.000000,0.000000,0.000000,0.000000,0.000000,0.000000,0.000000,0.000000,0.000000,0.000000,0.000000,0.000000,0.000000,0.000000,0.000000
24,1694940877.499982,0,,,0.0000,0.0000,0.0000,0.0000,,,,,,,,,,,0.000000,0.000000,0.000000,0.000000,0.000000,0.000000,0.000000,0.000000,0.000000,0.000000,0.000000,0.000000,0.000000,0.000000,0.000000,0.000000,0.000000,0.000000,0.000000,0.000000,0.000000,0.000000,0.000000,0.000000,0.000000,0.000000,0.000000,0.000000,0.000000,0.000000,0.000000,0.000000,0.000000,0.000000,0.000000,0.000000,0.000000,0.000000,0.000000,0.000000,0.000000,0.000000,0.000000,0.000000,0.000000,0.000000,0.000000,0.000000,0.000000,0.000000,0.000000,0.000000,0.000000,0.000000,0.000000,0.000000,0.000000,0.000000,0.000000,0.000000,0.000000,0.000000,0.000000
25,1694940877.508315,0,,,0.0000,0.0000,0.0000,0.0000,,,,,,,,,,,0.000000,0.000000,0.000000,0.000000,0.000000,0.000000,0.000000,0.000000,0.000000,0.000000,0.000000,0.000000,0.000000,0.000000,0.000000,0.000000,0.000000,0.000000,0.000000,0.000000,0.000000,0.000000,0.000000,0.000000,0.000000,0.000000,0.000000,0.000000,0.000000,0.000000,0.000000,0.000000,0.000000,0.000000,0.000000,0.000000,0.000000,0.000000,0.000000,0.000000,0.000000,0.000000,0.000000,0.000000,0.000000,0.000000,0.000000,0.000000,0.000000,0.000000,0.000000,0.000000,0.000000,0.000000,0.000000,0.000000,0.000000,0.000000,0.000000,0.000000,0.000000,0.000000,0.000000
26,1694940877.516648,0,,,0.0000,0.0000,0.0000,0.0000,,,,,,,,,,,0.000000,0.000000,0.000000,0.000000,0.000000,0.000000,0.000000,0.000000,0.000000,0.000000,0.000000,0.000000,0.000000,0.000000,0.000000,0.000000,0.000000,0.000000,0.000000,0.000000,0.000000,0.000000,0.000000,0.000000,0.000000,0.000000,0.000000,0.000000,0.000000,0.000000,0.000000,0.000000,0.000000,0.000000,0.000000,0.000000,0.000000,0.000000,0.000000,0.000000,0.000000,0.000000,0.000000,0.000000,0.000000,0.000000,0.000000,0.000000,0.000000,0.000000,0.000000,0.000000,0.000000,0.000000,0.000000,0.000000,0.000000,0.000000,0.000000,0.000000,0.000000,0.000000,0.000000
27,1694940877.524982,0,,,0.0000,0.0000,0.0000,0.0000,,,,,,,,,,,0.000000,0.000000,0.000000,0.000000,0.000000,0.000000,0.000000,0.000000,0.000000,0.000000,0.000000,0.000000,0.000000,0.000000,0.000000,0.000000,0.000000,0.000000,0.000000,0.000000,0.000000,0.000000,0.000000,0.000000,0.000000,0.000000,0.000000,0.000000,0.000000,0.000000,0.000000,0.000000,0.000000,0.000000,0.000000,0.000000,0.000000,0.000000,0.000000,0.000000,0.000000,0.000000,0.000000,0.000000,0.000000,0.000000,0.000000,0.000000,0.000000,0.000000,0.000000,0.000000,0.000000,0.000000,0.000000,0.000000,0.000000,0.000000,0.000000,0.000000,0.000000,0.000000,0.000000
28,1694940877.533315,1,,,0.0000,0.0000,0.0000,0.0000,,,,,,,,,,,0.000000,0.000000,0.000000,0.000000,0.000000,0.000000,0.000000,0.000000,0.000000,0.000000,0.000000,0.000000,0.000000,0.000000,0.000000,0.000000,0.000000,0.000000,0.000000,0.000000,0.000000,0.000000,0.000000,0.000000,0.000000,0.000000,0.000000,0.000000,0.000000,0.000000,0.000000,0.000000,0.000000,0.000000,0.000000,0.000000,0.000000,0.000000,0.000000,0.000000,0.000000,0.000000,0.000000,0.000000,0.000000,0.000000,0.000000,0.000000,0.000000,0.000000,0.000000,0.000000,0.000000,0.000000,0.000000,0.000000,0.000000,0.000000,0.000000,0.000000,0.000000,0.000000,0.000000
29,1694940877.541648,1,,,0.0000,0.0000,0.0000,0.0000,,,,,,,,,,,0.000000,0.000000,0.000000,0.000000,0.000000,0.000000,0.000000,0.000000,0.000000,0.000000,0.000000,0.000000,0.000000,0.000000,0.000000,0.000000,0.000000,0.000000,0.000000,0.000000,0.000000,0.000000,0.000000,0.000000,0.000000,0.000000,0.000000,0.000000,0.000000,0.000000,0.000000,0.000000,0.000000,0.000000,0.000000,0.000000,0.000000,0.000000,0.000000,0.000000,0.000000,0.000000,0.000000,0.000000,0.000000,0.000000,0.000000,0.000000,0.000000,0.000000,0.000000,0.000000,0.000000,0.000000,0.000000,0.000000,0.000000,0.000000,0.000000,0.000000,0.000000,0.000000,0.000000
30,1694940877.549982,1,,,0.0000,0.0000,0.0000,0.0000,,,,,,,,,,,0.000000,0.000000,0.000000,0.000000,0.000000,0.000000,0.000000,0.000000,0.000000,0.000000,0.000000,0.000000,0.000000,0.000000,0.000000,0.000000,0.000000,0.000000,0.000000,0.000000,0.000000,0.000000,0.000000,0.000000,0.000000,0.000000,0.000000,0.000000,0.000000,0.000000,0.000000,0.000000,0.000000,0.000000,0.000000,0.000000,0.000000,0.000000,0.000000,0.000000,0.000000,0.000000,0.000000,0.000000,0.000000,0.000000,0.000000,0.000000,0.000000,0.000000,0.000000,0.000000,0.000000,0.000000,0.000000,0.000000,0.000000,0.000000,0.000000,0.000000,0.000000,0.000000,0.000000
31,1694940877.558315,1,,,0.0000,0.0000,0.0000,0.0000,,,,,,,,,,,0.000000,0.000000,0.000000,0.000000,0.000000,0.000000,0.000000,0.000000,0.000000,0.000000,0.000000,0.000000,0.000000,0.000000,0.000000,0.000000,0.000000,0.000000,0.000000,0.000000,0.000000,0.000000,0.000000,0.000000,0.000000,0.000000,0.000000,0.000000,0.000000,0.000000,0.000000,0.000000,0.000000,0.000000,0.000000,0.000000,0.000000,0.000000,0.000000,0.000000,0.000000,0.000000,0.000000,0.000000,0.000000,0.000000,0.000000,0.000000,0.000000,0.000000,0.000000,0.000000,0.000000,0.000000,0.000000,0.000000,0.000000,0.000000,0.000000,0.000000,0.000000,0.000000,0.000000
32,1694940877.566648,1,,,0.0000,0.0000,0.0000,0.0000,,,,,,,,,,,0.000000,0.000000,0.000000,0.000000,0.000000,0.000000,0.000000,0.000000,0.000000,0.000000,0.000000,0.000000,0.000000,0.000000,0.000000,0.000000,0.000000,0.000000,0.000000,0.000000,0.000000,0.000000,0.000000,0.000000,0.000000,0.000000,0.000000,0.000000,0.000000,0.000000,0.000000,0.000000,0.000000,0.000000,0.000000,0.000000,0.000000,0.000000,0.000000,0.000000,0.000000,0.000000,0.000000,0.000000,0.000000,0.000000,0.000000,0.000000,0.000000,0.000000,0.000000,0.000000,0.000000,0.000000,0.000000,0.000000,0.000000,0.000000,0.000000,0.000000,0.000000,0.000000,0.000000
33,1694940877.574982,1,,,0.0000,0.0000,0.0000,0.0000,,,,,,,,,,,0.000000,0.000000,0.000000,0.000000,0.000000,0.000000,0.000000,0.000000,0.000000,0.000000,0.000000,0.000000,0.000000,0.000000,0.000000,0.000000,0.000000,0.000000,0.000000,0.000000,0.000000,0.000000,0.000000,0.000000,0.000000,0.000000,0.000000,0.000000,0.000000,0.000000,0.000000,0.000000,0.000000,0.000000,0.000000,0.000000,0.000000,0.000000,0.000000,0.000000,0.000000,0.000000,0.000000,0.000000,0.000000,0.000000,0.000000,0.000000,0.000000,0.000000,0.000000,0.000000,0.000000,0.000000,0.000000,0.000000,0.000000,0.000000,0.000000,0.000000,0.000000,0.000000,0.000000
34,1694940877.583315,1,,,0.0000,0.0000,0.0000,0.0000,,,,,,,,,,,0.000000,0.000000,0.000000,0.000000,0.000000,0.000000,0.000000,0.000000,0.000000,0.000000,0.000000,0.000000,0.000000,0.000000,0.000000,0.000000,0.000000,0.000000,0.000000,0.000000,0.000000,0.000000,0.000000,0.000000,0.000000,0.000000,0.000000,0.000000,0.000000,0.000000,0.000000,0.000000,0.000000,0.000000,0.000000,0.000000,0.000000,0.000000,0.000000,0.000000,0.000000,0.000000,0.000000,0.000000,0.000000,0.000000,0.000000,0.000000,0.000000,0.000000,0.000000,0.000000,0.000000,0.000000,0.000000,0.000000,0.000000,0.000000,0.000000,0.000000,0.000000,0.000000,0.000000
35,1694940877.591648,1,,,0.0000,0.0000,0.0000,0.0000,,,,,,,,,,,0.000000,0.000000,0.000000,0.000000,0.000000,0.000000,0.000000,0.000000,0.000000,0.000000,0.000000,0.000000,0.000000,0.000000,0.000000,0.000000,0.000000,0.000000,0.000000,0.000000,0.000000,0.000000,0.000000,0.000000,0.000000,0.000000,0.000000,0.000000,0.000000,0.000000,0.000000,0.000000,0.000000,0.000000,0.000000,0.000000,0.000000,0.000000,0.000000,0.000000,0.000000,0.000000,0.000000,0.000000,0.000000,0.000000,0.000000,0.000000,0.000000,0.000000,0.000000,0.000000,0.000000,0.000000,0.000000,0.000000,0.000000,0.000000,0.000000,0.000000,0.000000,0.000000,0.000000
36,1694940877.599982,1,,,0.0000,0.0000,0.0000,0.0000,,,,,,,,,,,0.000000,0.000000,0.000000,0.000000,0.000000,0.000000,0.000000,0.000000,0.000000,0.000000,0.000000,0.000000,0.000000,0.000000,0.000000,0.000000,0.000000,0.000000,0.000000,0.000000,0.000000,0.000000,0.000000,0.000000,0.000000,0.000000,0.000000,0.000000,0.000000,0.000000,0.000000,0.000000,0.000000,0.000000,0.000000,0.000000,0.000000,0.000000,0.000000,0.000000,0.000000,0.000000,0.000000,0.000000,0.000000,0.000000,0.000000,0.000000,0.000000,0.000000,0.000000,0.000000,0.000000,0.000000,0.000000,0.000000,0.000000,0.000000,0.000000,0.000000,0.000000,0.000000,0.000000
37,1694940877.608315,1,,,0.0000,0.0000,0.0000,0.0000,,,,,,,,,,,0.000000,0.000000,0.000000,0.000000,0.000000,0.000000,0.000000,0.000000,0.000000,0.000000,0.000000,0.000000,0.000000,0.000000,0.000000,0.000000,0.000000,0.000000,0.000000,0.000000,0.000000,0.000000,0.000000,0.000000,0.000000,0.000000,0.000000,0.000000,0.000000,0.000000,0.000000,0.000000,0.000000,0.000000,0.000000,0.000000,0.000000,0.000000,0.000000,0.000000,0.000000,0.000000,0.000000,0.000000,0.000000,0.000000,0.000000,0.000000,0.000000,0.000000,0.000000,0.000000,0.000000,0.000000,0.000000,0.000000,0.000000,0.000000,0.000000,0.000000,0.000000,0.000000,0.000000
38,1694940877.616648,1,-28.6565,-28.6565,0.0000,0.0000,0.0000,0.0000,,5469.8001,2.4502,134.1358,96.7916,124.9998,143.0595,158.1367,170.7255,0.181743,0.551194,0.604968,0.000000,0.481208,0.669927,-0.013715,0.406729,0.652116,-0.022171,0.353747,0.590438,-0.025459,0.318256,0.534371,-0.026604,0.406539,0.497501,-0.036785,0.339701,0.420394,-0.041968,0.305276,0.377463,-0.038625,0.285025,0.340031,-0.034510,0.441561,0.423481,-0.031425,0.382886,0.314995,-0.033838,0.377741,0.341915,-0.019452,0.389122,0.370786,-0.004778,0.478444,0.381510,-0.024937,0.429703,0.289867,-0.027793,0.421907,0.325531,-0.013327,0.430894,0.357372,0.000407,0.511743,0.361315,-0.018510,0.472568,0.297132,-0.018078,0.460506,0.319418,-0.006075,0.464770,0.345175,0.006107
39,1694940877.624982,1,31.0696,31.0696,59.7261,59.7261,29.8630,16473.8044,48.6741,5335.1862,2.7286,135.7323,101.5263,114.3976,130.3246,144.3657,156.0487,0.168245,0.550216,0.607245,0.000000,0.479765,0.670307,-0.014937,0.405926,0.650728,-0.023448,0.355293,0.587671,-0.026605,0.321007,0.531316,-0.027610,0.405883,0.492662,-0.037975,0.340994,0.418988,-0.043856,0.307248,0.375973,-0.041290,0.287380,0.339230,-0.037853,0.442350,0.418700,-0.033331,0.383893,0.311873,-0.038381,0.376157,0.335195,-0.026616,0.386338,0.362237,-0.013186,0.481136,0.378272,-0.027479,0.434995,0.288408,-0.032590,0.425419,0.322664,-0.019063,0.433310,0.353777,-0.005337,0.516284,0.361467,-0.021866,0.482786,0.295078,-0.023814,0.471726,0.309330,-0.012573,0.476563,0.328028,-0.000209
40,1694940877.633315,1,,,0.0000,0.0000,0.0000,0.0000,,,,,,,,,,,0.000000,0.000000,0.000000,0.000000,0.000000,0.000000,0.000000,0.000000,0.000000,0.000000,0.000000,0.000000,0.000000,0.000000,0.000000,0.000000,0.000000,0.000000,0.000000,0.000000,0.000000,0.000000,0.000000,0.000000,0.000000,0.000000,0.000000,0.000000,0.000000,0.000000,0.000000,0.000000,0.000000,0.000000,0.000000,0.000000,0.000000,0.000000,0.000000,0.000000,0.000000,0.000000,0.000000,0.000000,0.000000,0.000000,0.000000,0.000000,0.000000,0.000000,0.000000,0.000000,0.000000,0.000000,0.000000,0.000000,0.000000,0.000000,0.000000,0.000000,0.000000,0.000000,0.000000
41,1694940877.641648,1,,,0.0000,0.0000,0.0000,0.0000,,,,,,,,,,,0.000000,0.000000,0.000000,0.000000,0.000000,0.000000,0.000000,0.000000,0.000000,0.000000,0.000000,0.000000,0.000000,0.000000,0.000000,0.000000,0.000000,0.000000,0.000000,0.000000,0.000000,0.000000,0.000000,0.000000,0.000000,0.000000,0.000000,0.000000,0.000000,0.000000,0.000000,0.000000,0.000000,0.000000,0.000000,0.000000,0.000000,0.000000,0.000000,0.000000,0.000000,0.000000,0.000000,0.000000,0.000000,0.000000,0.000000,0.000000,0.000000,0.000000,0.000000,0.000000,0.000000,0.000000,0.000000,0.000000,0.000000,0.000000,0.000000,0.000000,0.000000,0.000000,0.000000
42,1694940877.649982,1,15.7898,15.7898,22.2231,0.0000,25.3337,4057.8129,,4805.4906,2.3062,137.4799,102.9189,106.8980,128.2944,147.1012,161.9399,0.158872,0.554660,0.605715,0.000000,0.482459,0.669545,-0.012871,0.407761,0.646409,-0.018713,0.357696,0.578547,-0.020735,0.321736,0.521954,-0.020200,0.406387,0.489537,-0.025519,0.344417,0.413510,-0.030023,0.313745,0.368355,-0.027933,0.296495,0.330268,-0.024863,0.443044,0.416963,-0.022269,0.386326,0.308204,-0.026409,0.377893,0.325544,-0.016679,0.386682,0.352193,-0.004541,0.481636,0.377097,-0.018604,0.433425,0.287533,-0.023274,0.425353,0.322043,-0.011200,0.433929,0.355068,0.001861,0.518352,0.359966,-0.015361,0.480136,0.297575,-0.016653,0.466301,0.325663,-0.005707,0.469911,0.360394,0.006542
43,1694940877.658315,1,-11.5848,-11.5848,5.6906,-16.5326,23.2330,700.3255,17.2901,5023.1843,2.2464,137.1698,114.6906,94.0136,115.1506,131.7968,145.1251,0.151684,0.554818,0.603005,-0.000000,0.481861,0.667435,-0.011289,0.407781,0.641015,-0.016233,0.358809,0.572092,-0.017128,0.322962,0.517251,-0.015828,0.408862,0.487110,-0.026726,0.347266,0.407677,-0.030531,0.316527,0.363117,-0.027417,0.298877,0.325173,-0.023670,0.445480,0.415824,-0.023358,0.389489,0.305501,-0.026417,0.382170,0.326925,-0.015064,0.392143,0.355230,-0.002068,0.483878,0.375956,-0.019223,0.435374,0.283774,-0.022692,0.426685,0.320477,-0.009818,0.435553,0.353413,0.003364,0.519861,0.358206,-0.015225,0.478389,0.297684,-0.015053,0.463628,0.329971,-0.003346,0.467760,0.366188,0.008973
44,1694940877.666648,1,2.6970,2.6970,7.8384,2.1478,20.7844,2806.8910,45.3985,4847.3768,1.9597,139.5532,112.1327,92.0810,117.5183,140.6178,160.4421,0.174878,0.558973,0.601430,0.000000,0.485323,0.667806,-0.013266,0.410108,0.639148,-0.018611,0.360880,0.566712,-0.019801,0.323725,0.512131,-0.018313,0.410305,0.482749,-0.024335,0.349397,0.402691,-0.026962,0.318530,0.358324,-0.023367,0.300501,0.320423,-0.019646,0.447413,0.411117,-0.020492,0.392686,0.301712,-0.024099,0.387192,0.324686,-0.013369,0.398177,0.352826,-0.000564,0.485795,0.371370,-0.016349,0.438376,0.277672,-0.020311,0.429638,0.310827,-0.007698,0.437417,0.341644,0.005353,0.521500,0.352664,-0.012667,0.482105,0.289757,-0.012500,0.466881,0.318116,-0.001223,0.469320,0.352483,0.010679
45,1694940877.674982,1,12.8987,12.8987,-4.5427,-12.3811,14.1770,438.4354,45.0633,4389.4961,1.9645,139.1528,117.4329,90.4512,113.2179,131.5039,145.7672,0.146963,0.559927,0.604928,-0.000000,0.485657,0.665899,-0.012325,0.410143,0.636948,-0.017859,0.361072,0.565340,-0.019441,0.325170,0.508188,-0.018636,0.412013,0.479103,-0.026577,0.349722,0.401563,-0.030699,0.320238,0.355479,-0.028089,0.303639,0.317321,-0.024668,0.449411,0.409682,-0.023220,0.393460,0.299968,-0.026308,0.385579,0.322783,-0.014570,0.394141,0.352869,-0.001258,0.488937,0.372576,-0.019396,0.441299,0.278539,-0.022869,0.431225,0.316611,-0.009099,0.437952,0.352093,0.004750,0.526783,0.357799,-0.015990,0.488000,0.294490,-0.015488,0.472456,0.325736,-0.003238,0.474902,0.363397,0.009514
46,1694940877.683315,1,,,0.0000,0.0000,0.0000,0.0000,,,,,,,,,,,0.000000,0.000000,0.000000,0.000000,0.000000,0.000000,0.000000,0.000000,0.000000,0.000000,0.000000,0.000000,0.000000,0.000000,0.000000,0.000000,0.000000,0.000000,0.000000,0.000000,0.000000,0.000000,0.000000,0.000000,0.000000,0.000000,0.000000,0.000000,0.000000,0.000000,0.000000,0.000000,0.000000,0.000000,0.000000,0.000000,0.000000,0.000000,0.000000,0.000000,0.000000,0.000000,0.000000,0.000000,0.000000,0.000000,0.000000,0.000000,0.000000,0.000000,0.000000,0.000000,0.000000,0.000000,0.000000,0.000000,0.000000,0.000000,0.000000,0.000000,0.000000,0.000000,0.000000
47,1694940877.691648,1,,,0.0000,0.0000,0.0000,0.0000,,,,,,,,,,,0.000000,0.000000,0.000000,0.000000,0.000000,0.000000,0.000000,0.000000,0.000000,0.000000,0.000000,0.000000,0.000000,0.000000,0.000000,0.000000,0.000000,0.000000,0.000000,0.000000,0.000000,0.000000,0.000000,0.000000,0.000000,0.000000,0.000000,0.000000,0.000000,0.000000,0.000000,0.000000,0.000000,0.000000,0.000000,0.000000,0.000000,0.000000,0.000000,0.000000,0.000000,0.000000,0.000000,0.000000,0.000000,0.000000,0.000000,0.000000,0.000000,0.000000,0.000000,0.000000,0.000000,0.000000,0.000000,0.000000,0.000000,0.000000,0.000000,0.000000,0.000000,0.000000,0.000000
48,1694940877.699982,1,-14.0590,-14.0590,-7.4622,0.0000,12.2330,2704.6265,,4376.1711,2.4020,145.8102,129.6309,84.5999,108.7341,129.5739,148.7024,0.166425,0.564117,0.598449,-0.000000,0.489575,0.661965,-0.012504,0.415799,0.627563,-0.017710,0.368447,0.551943,-0.018076,0.334723,0.493819,-0.016273,0.420479,0.469187,-0.031201,0.357622,0.390390,-0.033659,0.326357,0.344918,-0.029155,0.307483,0.305870,-0.024657,0.459006,0.399767,-0.026568,0.403377,0.290785,-0.028722,0.397624,0.321435,-0.014481,0.409363,0.356111,0.000683,0.498660,0.362318,-0.020964,0.451426,0.265471,-0.023554,0.441308,0.302773,-0.008461,0.449640,0.336966,0.006171,0.535084,0.345378,-0.015582,0.493934,0.276759,-0.014278,0.477936,0.306783,-0.001234,0.481212,0.342690,0.011859
49,1694940877.708315,1,-12.5712,-12.5712,-0.2466,7.2156,10.5945,229.6136,26.9024,4359.8201,2.9828,143.3279,125.7136,81.5224,107.6729,131.9627,153.0243,0.174176,0.563318,0.598620,-0.000000,0.487242,0.661162,-0.012009,0.416064,0.624221,-0.016965,0.370144,0.549105,-0.017036,0.337504,0.490357,-0.015139,0.421793,0.465027,-0.030217,0.359602,0.388686,-0.033123,0.328517,0.343029,-0.030254,0.309920,0.303069,-0.026920,0.460145,0.396007,-0.025323,0.407067,0.288762,-0.025842,0.399166,0.314056,-0.012124,0.409923,0.347417,0.001909,0.499946,0.360515,-0.019470,0.456112,0.265460,-0.020125,0.444623,0.300533,-0.005153,0.451952,0.334861,0.008625,0.536498,0.346213,-0.013934,0.498685,0.279848,-0.010672,0.483729,0.310606,0.003213,0.487403,0.347374,0.016406
50,1694940877.716648,1,14.7858,14.7858,3.0222,3.2688,12.2078,438.0259,36.0351,4550.9524,2.8758,142.9552,129.7171,79.2191,105.6350,131.1592,154.0580,0.185788,0.565039,0.596922,0.000000,0.489999,0.658179,-0.012848,0.419378,0.622108,-0.017942,0.374104,0.545675,-0.017809,0.340419,0.487436,-0.015680,0.424351,0.463902,-0.032286,0.362976,0.386904,-0.035428,0.331478,0.341172,-0.032357,0.311896,0.302289,-0.028712,0.463331,0.395707,-0.027145,0.410821,0.285524,-0.028311,0.400132,0.300918,-0.015505,0.407734,0.327047,-0.002138,0.503653,0.360873,-0.020883,0.461235,0.262693,-0.022816,0.448098,0.292380,-0.008492,0.453514,0.322866,0.005339,0.540841,0.346098,-0.014851,0.502985,0.274860,-0.012320,0.487245,0.301646,0.001804,0.489796,0.335325,0.015475
51,1694940877.724982,1,,,0.0000,0.0000,0.0000,0.0000,,,,,,,,,,,0.000000,0.000000,0.000000,0.000000,0.000000,0.000000,0.000000,0.000000,0.000000,0.000000,0.000000,0.000000,0.000000,0.000000,0.000000,0.000000,0.000000,0.000000,0.000000,0.000000,0.000000,0.000000,0.000000,0.000000,0.000000,0.000000,0.000000,0.000000,0.000000,0.000000,0.000000,0.000000,0.000000,0.000000,0.000000,0.000000,0.000000,0.000000,0.000000,0.000000,0.000000,0.000000,0.000000,0.000000,0.000000,0.000000,0.000000,0.000000,0.000000,0.000000,0.000000,0.000000,0.000000,0.000000,0.000000,0.000000,0.000000,0.000000,0.000000,0.000000,0.000000,0.000000,0.000000
52,1694940877.733315,1,14.3804,14.3804,0.3704,0.0000,13.4152,532.6360,,4127.2686,2.0865,146.4676,145.0371,63.7866,88.7741,117.2390,146.7931,0.194301,0.568695,0.600318,0.000000,0.491543,0.658751,-0.014255,0.420366,0.615284,-0.019002,0.376403,0.534307,-0.018872,0.341169,0.475968,-0.016480,0.428832,0.459260,-0.028406,0.369785,0.381498,-0.031921,0.339101,0.332089,-0.030083,0.320975,0.291364,-0.027263,0.470002,0.394565,-0.023437,0.421169,0.280879,-0.024177,0.407877,0.282369,-0.013377,0.411706,0.296945,-0.002069,0.511647,0.362475,-0.017978,0.472244,0.262566,-0.020926,0.458061,0.294489,-0.007842,0.461690,0.328510,0.005228,0.549804,0.350145,-0.013055,0.514459,0.277130,-0.011632,0.497141,0.305961,0.001861,0.497794,0.343318,0.015055
53,1694940877.741648,1,-17.4122,-17.4122,-0.8383,-1.2087,14.4224,540.6128,23.6658,4757.7903,1.7593,147.9298,150.0559,57.3037,83.5565,113.1047,143.1387,0.192302,0.570928,0.602513,0.000000,0.493406,0.657964,-0.014288,0.422057,0.611868,-0.019359,0.378754,0.528798,-0.019802,0.343807,0.469227,-0.018026,0.431772,0.453821,-0.028259,0.373426,0.377623,-0.033405,0.343321,0.328304,-0.032967,0.325963,0.286905,-0.031112,0.473626,0.390394,-0.024176,0.427634,0.273448,-0.027331,0.417283,0.278912,-0.017708,0.424162,0.297639,-0.006566,0.515769,0.360090,-0.019690,0.479780,0.257452,-0.024433,0.466754,0.291478,-0.012036,0.470823,0.326752,0.000948,0.554598,0.349972,-0.015729,0.521559,0.276790,-0.014886,0.504591,0.306840,-0.001469,0.505379,0.344684,0.011743
54,1694940877.749982,1,-29.3447,-29.3447,-4.1934,-3.3551,17.6963,950.7999,41.0534,5097.5528,1.5250,147.2500,158.4753,50.8746,77.7139,108.8728,141.0865,0.187185,0.580559,0.606363,-0.000000,0.501378,0.657983,-0.014707,0.426392,0.611519,-0.020365,0.382120,0.528416,-0.021189,0.349848,0.464915,-0.020170,0.437520,0.456718,-0.031820,0.377847,0.372256,-0.039885,0.349415,0.321450,-0.041603,0.332447,0.279845,-0.041152,0.477736,0.389261,-0.027458,0.428922,0.271639,-0.032436,0.420296,0.285890,-0.024038,0.428261,0.313584,-0.013650,0.518520,0.355310,-0.022562,0.477731,0.258648,-0.028332,0.467851,0.293891,-0.017072,0.474423,0.329124,-0.005119,0.556955,0.342035,-0.018159,0.523134,0.278427,-0.018856,0.509281,0.308079,-0.006847,0.512339,0.342883,0.005378
55,1694940877.758315,1,-12.7015,-12.7015,-6.8718,-2.6784,17.7060,3086.3283,81.4142,5137.5631,2.0505,149.1026,166.8948,42.6787,68.7897,100.6211,133.7682,0.178433,0.585402,0.611654,-0.000000,0.504396,0.655068,-0.012393,0.428409,0.606030,-0.016198,0.383599,0.522822,-0.015341,0.351324,0.458656,-0.012456,0.442492,0.448297,-0.026971,0.382835,0.361290,-0.030372,0.353734,0.314534,-0.027749,0.335996,0.277471,-0.024556,0.483764,0.382856,-0.022375,0.433185,0.265264,-0.024699,0.422201,0.286837,-0.013858,0.429596,0.320167,-0.001677,0.523775,0.350157,-0.017077,0.480506,0.254421,-0.021061,0.467883,0.288409,-0.009910,0.473651,0.321297,0.001770,0.560303,0.336611,-0.011912,0.523307,0.273370,-0.010863,0.508864,0.303709,0.001153,0.512259,0.338624,0.013122
56,1694940877.766648,1,14.4501,14.4501,0.0174,6.8892,17.6273,1273.6677,6.3507,6582.7703,2.4866,145.6782,182.3252,24.8407,53.9652,93.0271,133.4537,0.193764,0.583747,0.608624,-0.000000,0.503927,0.656375,-0.012724,0.430372,0.603738,-0.016823,0.388464,0.517814,-0.016782,0.358423,0.452472,-0.014922,0.444665,0.441514,-0.025975,0.389047,0.356538,-0.030927,0.362917,0.308303,-0.030133,0.348966,0.269054,-0.028270,0.487334,0.377774,-0.022507,0.442211,0.261403,-0.025756,0.434888,0.281851,-0.016164,0.444693,0.313029,-0.004671,0.528964,0.347629,-0.018665,0.491669,0.245061,-0.023242,0.481128,0.279181,-0.011968,0.487454,0.313732,-0.000151,0.566683,0.338758,-0.015236,0.535250,0.275488,-0.016049,0.520282,0.303987,-0.005233,0.522322,0.337987,0.006149
57,1694940877.774982,1,16.4509,16.4509,8.4658,8.4483,18.1216,3402.5550,6.7865,9525.5684,1.3462,157.1674,196.7810,9.1735,44.3359,87.8883,132.0033,0.185643,0.585162,0.610979,0.000000,0.504434,0.654481,-0.017683,0.432915,0.597925,-0.022869,0.392693,0.509959,-0.023031,0.361526,0.445468,-0.020782,0.451986,0.435869,-0.026543,0.398709,0.347916,-0.030532,0.373413,0.297083,-0.029760,0.359823,0.257915,-0.027891,0.496403,0.377065,-0.020399,0.454279,0.255260,-0.020728,0.439389,0.252974,-0.012137,0.440828,0.268242,-0.002696,0.538151,0.351629,-0.014453,0.504282,0.242347,-0.017729,0.488802,0.268751,-0.007394,0.490154,0.302726,0.003472,0.575636,0.347589,-0.009535,0.547404,0.278171,-0.011044,0.528669,0.299613,-0.001531,0.525605,0.331768,0.009061
58,1694940877.783315,1,-2.2618,-2.2618,6.7707,-1.6950,17.1525,3212.0407,59.5236,8507.7690,2.7680,160.8140,200.4412,6.3190,40.3957,83.5886,126.9834,0.164358,0.593821,0.620031,-0.000000,0.510271,0.656128,-0.015095,0.436726,0.594156,-0.017528,0.394993,0.504354,-0.015019,0.362577,0.440105,-0.009807,0.456402,0.429622,-0.019857,0.404301,0.337296,-0.019808,0.380826,0.289165,-0.015976,0.368264,0.250776,-0.012099,0.500753,0.370794,-0.012726,0.456508,0.251199,-0.009172,0.441315,0.256365,0.002645,0.443918,0.277487,0.014445,0.542773,0.345444,-0.005962,0.508471,0.237554,-0.005423,0.492089,0.258152,0.005758,0.493305,0.285607,0.016789,0.580049,0.341396,-0.000102,0.549832,0.273631,0.002349,0.530818,0.290987,0.012434,0.528265,0.318291,0.023023
59,1694940877.791648,1,-7.2463,-7.2463,1.3638,-5.4070,11.6900,2738.2478,9.0294,6713.8432,2.3067,154.3534,210.4163,22.2129,33.1401,80.4515,131.3200,0.162501,0.595761,0.620773,-0.000000,0.512442,0.653350,-0.015831,0.439977,0.590466,-0.019494,0.399467,0.500606,-0.018359,0.367851,0.433840,-0.014618,0.462267,0.424978,-0.021719,0.411452,0.329830,-0.022612,0.388583,0.284562,-0.019067,0.376743,0.251059,-0.015369,0.507763,0.369614,-0.015352,0.463775,0.244787,-0.013642,0.447521,0.246619,-0.003485,0.449353,0.266158,0.007140,0.550151,0.347525,-0.009264,0.516727,0.235342,-0.010041,0.499213,0.257647,0.000428,0.499771,0.287418,0.011024,0.587759,0.347080,-0.004110,0.558867,0.277770,-0.002658,0.539205,0.293501,0.007046,0.536053,0.320744,0.017368
60,1694940877.799982,0,-7.1584,-7.1584,-5.4021,-6.7659,10.4669,1264.3267,16.5343,5802.2920,2.8039,131.0324,223.7842,41.0339,37.6818,79.4044,129.2883,0.148105,0.597676,0.619068,-0.000000,0.514800,0.647239,-0.014287,0.443611,0.583333,-0.018245,0.403464,0.493690,-0.017719,0.372948,0.426330,-0.014554,0.468798,0.420727,-0.021173,0.418533,0.323551,-0.021880,0.397971,0.280481,-0.018230,0.390088,0.253193,-0.014287,0.513687,0.368658,-0.015739,0.472285,0.241876,-0.013598,0.456760,0.242028,-0.004535,0.458387,0.259635,0.004640,0.555171,0.348248,-0.010211,0.523337,0.230667,-0.010365,0.507667,0.257567,0.000056,0.508982,0.293733,0.009980,0.591764,0.348930,-0.005414,0.564592,0.278427,-0.004251,0.545240,0.296384,0.005158,0.541034,0.324644,0.015046
61,1694940877.808315,0,-2.6279,-2.6279,-4.7697,0.6324,8.7725,1377.5134,7.5357,4649.7754,2.2677,126.7438,241.2750,47.3613,44.5561,86.4304,139.3361,0.148596,0.601989,0.617961,0.000000,0.519277,0.646328,-0.013008,0.449087,0.578140,-0.016019,0.411309,0.487487,-0.015270,0.383347,0.420518,-0.012293,0.473047,0.415237,-0.018769,0.426830,0.319937,-0.018851,0.406454,0.271751,-0.015943,0.397699,0.238726,-0.012923,0.518439,0.366040,-0.014674,0.483933,0.237929,-0.011285,0.468682,0.229425,-0.002958,0.468940,0.241147,0.005356,0.561255,0.348975,-0.010510,0.536080,0.231067,-0.010069,0.519959,0.255192,-0.000448,0.520195,0.291012,0.008826,0.599182,0.353819,-0.007115,0.575794,0.282774,-0.005882,0.556487,0.299440,0.003186,0.552040,0.328722,0.012828
62,1694940877.816648,0,-0.3226,-0.3226,0.4848,5.2545,2.7897,1312.0410,13.1444,4797.8008,2.9390,117.4205,244.0235,49.8611,45.3309,85.6839,135.4430,0.137481,0.604515,0.620905,0.000000,0.522388,0.644593,-0.014283,0.453279,0.575830,-0.018004,0.415325,0.483336,-0.017422,0.387805,0.414669,-0.014377,0.479930,0.417002,-0.021220,0.433031,0.320341,-0.021732,0.412610,0.271260,-0.018782,0.404353,0.236820,-0.015545,0.525147,0.367065,-0.015973,0.489857,0.237699,-0.011704,0.475129,0.216839,-0.002979,0.475690,0.217799,0.005041,0.567566,0.348853,-0.010630,0.541141,0.232116,-0.009006,0.525857,0.254247,0.001437,0.526346,0.289670,0.010949,0.604917,0.352570,-0.006226,0.580072,0.285075,-0.004058,0.561453,0.300102,0.005513,0.557609,0.327454,0.015415
63,1694940877.824982,0,5.0399,5.0399,3.0716,2.5868,4.6006,1338.6519,13.9393,6373.0977,3.0415,131.4923,256.8478,66.8607,51.8012,85.3365,133.4448,0.119026,0.605116,0.618821,-0.000000,0.523083,0.643035,-0.016631,0.455088,0.570597,-0.021166,0.418583,0.477146,-0.021288,0.390350,0.407930,-0.018789,0.485061,0.404381,-0.020244,0.440126,0.304686,-0.020511,0.422876,0.265202,-0.016860,0.418987,0.244085,-0.012723,0.531276,0.360100,-0.013769,0.498634,0.231159,-0.009717,0.481781,0.230793,-0.000114,0.480631,0.248401,0.009301,0.572954,0.348222,-0.007837,0.549831,0.229636,-0.008159,0.532598,0.256510,0.000713,0.531853,0.294705,0.009849,0.608687,0.356499,-0.002808,0.586103,0.286858,-0.002762,0.566780,0.303817,0.004948,0.562048,0.332972,0.013780
64,1694940877.833315,0,-3.0640,-3.0640,1.0236,-2.0479,3.9953,1249.4772,30.1121,6224.1409,2.1115,133.4221,265.8133,74.7324,60.7018,91.7618,139.2509,0.116469,0.608711,0.618202,-0.000000,0.525359,0.639665,-0.014938,0.458602,0.566166,-0.018968,0.422354,0.472469,-0.018396,0.394082,0.402593,-0.015014,0.490343,0.402285,-0.020365,0.446606,0.299267,-0.018124,0.428914,0.257420,-0.012029,0.424193,0.233608,-0.006192,0.536576,0.359418,-0.013224,0.502822,0.230950,-0.006003,0.486246,0.229014,0.007022,0.485630,0.244529,0.018516,0.578102,0.348293,-0.006241,0.552192,0.228978,-0.003541,0.534397,0.252471,0.008050,0.533850,0.288781,0.018711,0.613651,0.357604,-0.000004,0.589233,0.281701,0.002816,0.568667,0.295007,0.012649,0.563771,0.323492,0.022834
65,1694940877.841648,0,-1.4630,-1.4630,0.2912,-0.7324,2.9241,828.0870,0.9621,4604.6772,2.2446,121.2986,268.0928,71.0764,63.7916,98.0878,147.3058,0.121541,0.613342,0.616179,-0.000000,0.528162,0.638129,-0.013839,0.461063,0.561382,-0.016449,0.425446,0.468189,-0.014899,0.397926,0.399416,-0.011145,0.492733,0.403985,-0.017024,0.447425,0.300541,-0.014326,0.428244,0.252182,-0.009561,0.419605,0.218506,-0.005485,0.538585,0.357448,-0.011204,0.505723,0.231247,-0.004429,0.488126,0.229204,0.006060,0.486020,0.246436,0.015360,0.580285,0.343495,-0.005553,0.553490,0.229611,-0.003075,0.536593,0.254916,0.006045,0.537306,0.291727,0.014379,0.615270,0.349433,-0.000652,0.589703,0.276026,0.001087,0.571859,0.294710,0.009423,0.570085,0.327322,0.018153
66,1694940877.849982,0,-2.3169,-2.3169,-0.4986,-0.7898,2.8809,957.4053,22.9589,5538.3066,2.3389,119.3912,271.4248,75.3173,65.0852,97.5636,146.4804,0.114950,0.612821,0.617489,-0.000000,0.529726,0.636548,-0.018253,0.464372,0.560435,-0.024045,0.428856,0.464918,-0.025141,0.400904,0.392715,-0.023555,0.498306,0.400822,-0.020523,0.452223,0.298988,-0.018942,0.431737,0.253202,-0.013978,0.423783,0.224010,-0.009293,0.545557,0.357578,-0.013087,0.512290,0.230765,-0.006526,0.492890,0.232219,0.005929,0.489814,0.250581,0.017247,0.587214,0.347342,-0.006434,0.560555,0.228888,-0.004507,0.541390,0.252486,0.006524,0.540600,0.288199,0.016737,0.621251,0.357377,-0.001037,0.595774,0.282136,-0.000505,0.574821,0.297128,0.007887,0.570579,0.326599,0.017206
67,1694940877.858315,0,21.1246,21.1246,4.0212,4.5198,9.0982,691.7367,59.6453,6599.3603,2.3462,119.4591,275.7123,78.9300,68.7917,97.8548,142.5748,0.100531,0.614464,0.616412,0.000000,0.532397,0.635721,-0.019584,0.467763,0.559718,-0.025863,0.433193,0.465067,-0.026689,0.405889,0.394827,-0.024994,0.502531,0.402690,-0.026439,0.458594,0.300844,-0.027925,0.436966,0.251265,-0.025214,0.426383,0.216765,-0.022132,0.550421,0.359569,-0.018344,0.522224,0.229001,-0.014426,0.502569,0.234875,-0.002925,0.498266,0.259721,0.008012,0.592296,0.350635,-0.010799,0.570886,0.229448,-0.010721,0.550961,0.252244,-0.000354,0.549080,0.289444,0.009773,0.626007,0.363743,-0.004442,0.604997,0.289621,-0.005195,0.583934,0.302623,0.002474,0.577863,0.332285,0.011523
68,1694940877.866648,0,-11.4718,-11.4718,-2.1020,-6.1231,10.8919,366.4410,69.7735,10303.1917,2.0211,119.4761,275.9062,80.7852,65.8064,92.1286,136.2813,0.089064,0.618874,0.615941,-0.000000,0.533780,0.632865,-0.017093,0.469895,0.557026,-0.023024,0.435746,0.461811,-0.024012,0.409325,0.389158,-0.022619,0.502982,0.398700,-0.023843,0.458082,0.291551,-0.023793,0.436303,0.247949,-0.019441,0.427132,0.219759,-0.015184,0.549832,0.354278,-0.016544,0.518078,0.221476,-0.012599,0.501866,0.243481,0.000169,0.504054,0.283050,0.012483,0.591496,0.345070,-0.009618,0.565865,0.221024,-0.009407,0.548196,0.254032,0.000352,0.550057,0.296330,0.009826,0.625891,0.356080,-0.003423,0.601401,0.278978,-0.002784,0.582238,0.299654,0.004844,0.580578,0.333877,0.013116
69,1694940877.874982,0,15.5290,15.5290,4.2480,6.3500,12.1236,468.5154,53.6658,11681.2514,1.6035,118.1744,276.4366,83.9571,68.1617,91.8623,133.7036,0.080533,0.620825,0.616101,-0.000000,0.536458,0.632692,-0.019303,0.471440,0.556357,-0.026565,0.436099,0.462215,-0.028643,0.409261,0.388728,-0.027924,0.506245,0.398180,-0.025087,0.460812,0.292175,-0.026401,0.438037,0.248596,-0.022600,0.427928,0.221294,-0.018085,0.553241,0.355395,-0.017047,0.523004,0.219179,-0.015305,0.503215,0.234032,-0.003267,0.501605,0.266544,0.009439,0.593670,0.346301,-0.009652,0.569606,0.221362,-0.010885,0.548572,0.249901,-0.000459,0.547566,0.288615,0.010688,0.626697,0.356252,-0.003261,0.602877,0.269318,-0.002512,0.580311,0.282186,0.006274,0.575429,0.311464,0.016087
70,1694940877.883315,0,-20.8254,-20.8254,-4.6271,-8.8751,15.8571,708.3211,21.1939,9157.7200,2.4372,129.4020,288.3563,93.2945,78.2614,100.7610,142.4145,0.076958,0.620881,0.618479,-0.000000,0.537634,0.633982,-0.017551,0.473894,0.555713,-0.022691,0.440364,0.455622,-0.021401,0.414768,0.385211,-0.017526,0.510105,0.402989,-0.032778,0.465279,0.288221,-0.033487,0.444096,0.240623,-0.028580,0.434591,0.208832,-0.023565,0.558360,0.359859,-0.023130,0.529005,0.218294,-0.020034,0.510242,0.241755,-0.005982,0.509304,0.284012,0.007914,0.600053,0.351625,-0.012834,0.576311,0.221430,-0.011958,0.555678,0.250609,-0.000368,0.555141,0.292911,0.010989,0.633706,0.363843,-0.003044,0.610414,0.285091,-0.002141,0.587538,0.300031,0.005950,0.581571,0.330009,0.015342
71,1694940877.891648,0,10.7352,10.7352,-2.5974,2.0298,16.2628,515.9995,47.3109,11568.8819,2.4374,124.6944,281.9917,92.7574,74.3848,93.3487,132.5179,0.068177,0.623929,0.618142,-0.000000,0.539470,0.633133,-0.018559,0.474735,0.554341,-0.023921,0.440967,0.454230,-0.022871,0.416104,0.382418,-0.018718,0.513567,0.397370,-0.030026,0.466013,0.286633,-0.028761,0.443776,0.243387,-0.022166,0.433958,0.216248,-0.016111,0.560817,0.356425,-0.019789,0.530565,0.215136,-0.016440,0.509907,0.236666,-0.002009,0.506585,0.275743,0.012524,0.601211,0.349923,-0.009160,0.578245,0.220317,-0.007881,0.556821,0.247955,0.004532,0.554809,0.288835,0.016783,0.633785,0.364496,0.000754,0.611307,0.283808,0.002205,0.587025,0.295171,0.010775,0.578868,0.322464,0.020738
72,1694940877.899982,0,21.3412,21.3412,8.2032,10.8006,16.3112,525.3210,48.9152,10159.9791,1.2926,123.6134,287.9617,97.2806,79.2864,99.3310,139.9493,0.070687,0.627222,0.616563,-0.000000,0.541760,0.632106,-0.023386,0.475869,0.555643,-0.032189,0.440478,0.457767,-0.035029,0.416958,0.382937,-0.034762,0.512956,0.393584,-0.026581,0.465862,0.286047,-0.027819,0.444467,0.243242,-0.024564,0.437110,0.216748,-0.020654,0.559904,0.351385,-0.016253,0.529840,0.212939,-0.013686,0.509904,0.229181,-0.002444,0.508608,0.262359,0.009311,0.599628,0.342492,-0.006954,0.574079,0.215873,-0.007202,0.552225,0.244287,0.002113,0.550979,0.283888,0.011965,0.631904,0.352480,0.000881,0.606693,0.265908,0.001220,0.583897,0.277717,0.008450,0.578494,0.305530,0.016974
73,1694940877.908315,0,10.0359,10.0359,-1.3733,-9.5765,14.6641,572.2094,44.8197,9969.4956,1.9206,129.7361,294.7413,106.2967,87.5268,103.5571,141.0860,0.064539,0.627365,0.618780,-0.000000,0.542511,0.631695,-0.018394,0.476396,0.550573,-0.024427,0.441592,0.449293,-0.024858,0.416084,0.377170,-0.022314,0.515414,0.393704,-0.026093,0.467896,0.278025,-0.025897,0.448381,0.234725,-0.019678,0.443003,0.211555,-0.013327,0.562337,0.353124,-0.016983,0.530693,0.208802,-0.014758,0.512352,0.234706,-0.001168,0.511384,0.273182,0.013034,0.601884,0.343698,-0.008086,0.574788,0.212239,-0.008650,0.554780,0.247267,0.002439,0.554567,0.290626,0.014138,0.634260,0.352965,0.000048,0.606563,0.265486,0.001005,0.585112,0.280265,0.009443,0.581299,0.309317,0.019112
74,1694940877.916648,0,25.6421,25.6421,11.6169,12.9902,16.2613,667.4434,50.5282,10358.3752,1.5853,125.5718,291.4073,98.8974,81.0736,100.1394,139.6113,0.061938,0.627308,0.616011,-0.000000,0.544044,0.632324,-0.021493,0.478506,0.552978,-0.028764,0.443219,0.452774,-0.028922,0.416590,0.380688,-0.025762,0.518930,0.394189,-0.033756,0.468554,0.277656,-0.032638,0.446277,0.236505,-0.025464,0.437745,0.211353,-0.018797,0.565915,0.353431,-0.021739,0.534191,0.208404,-0.018493,0.515167,0.233536,-0.003492,0.513151,0.273330,0.011386,0.605441,0.346268,-0.009488,0.579374,0.215668,-0.007654,0.558906,0.247234,0.004745,0.557475,0.288995,0.016664,0.636997,0.358542,0.001860,0.611688,0.272582,0.004212,0.588794,0.285776,0.012911,0.583094,0.314127,0.022482
75,1694940877.924982,0,-9.3584,-9.3584,-5.0234,-16.6403,12.1201,1019.7682,61.2883,12038.3424,1.4187,127.4028,295.3805,106.8942,86.1745,101.5405,139.0184,0.056473,0.632180,0.621752,-0.000000,0.546538,0.636728,-0.017974,0.478911,0.556977,-0.023390,0.444182,0.452071,-0.023125,0.419812,0.374648,-0.019624,0.516412,0.394338,-0.025573,0.468955,0.275399,-0.023640,0.449592,0.235566,-0.015803,0.443953,0.215554,-0.008249,0.563757,0.352539,-0.015597,0.532494,0.205346,-0.010913,0.512268,0.224702,0.004244,0.509085,0.259967,0.019362,0.603731,0.343294,-0.005808,0.575665,0.210628,-0.003605,0.553854,0.239579,0.008393,0.551710,0.280002,0.020428,0.636215,0.352802,0.003169,0.607736,0.266691,0.006296,0.584074,0.275763,0.014939,0.577605,0.300719,0.024696
76,1694940877.933315,0,2.7566,2.7566,-4.6461,0.3773,12.6529,212.4804,52.6978,12283.3884,1.4776,123.5787,290.5454,102.3799,80.6043,94.4354,130.0293,0.052605,0.632614,0.623898,-0.000000,0.546572,0.634511,-0.014158,0.479323,0.554106,-0.017341,0.444697,0.448725,-0.014339,0.422125,0.373921,-0.008019,0.519524,0.395860,-0.027706,0.469311,0.275372,-0.022657,0.448071,0.238540,-0.011045,0.440652,0.219891,-0.000984,0.566707,0.354180,-0.016966,0.536278,0.204873,-0.009772,0.517673,0.235048,0.009508,0.515175,0.277145,0.027423,0.606430,0.346140,-0.005328,0.580259,0.211973,-0.000697,0.560622,0.247026,0.013375,0.559246,0.291885,0.026399,0.637883,0.356840,0.006280,0.610926,0.270658,0.011339,0.588554,0.285585,0.021194,0.582973,0.315839,0.031524
77,1694940877.941648,0,3.3513,3.3513,-1.6712,2.9750,11.4397,348.8989,58.6071,11869.7234,1.4450,125.3364,290.4923,105.4074,83.4524,96.6822,133.0298,0.049208,0.631128,0.621211,-0.000000,0.545391,0.634481,-0.017790,0.479318,0.552519,-0.022473,0.446331,0.447713,-0.021218,0.423845,0.372181,-0.016716,0.518458,0.391555,-0.027139,0.470325,0.272718,-0.025737,0.450392,0.237737,-0.017979,0.444359,0.221078,-0.010433,0.566408,0.350388,-0.017184,0.537100,0.202088,-0.013929,0.517523,0.228059,0.000724,0.514809,0.267267,0.015656,0.606025,0.341244,-0.007151,0.580722,0.208267,-0.006257,0.559198,0.240966,0.005524,0.557220,0.283220,0.017645,0.637942,0.350175,0.002232,0.610603,0.263143,0.004431,0.587638,0.274720,0.013194,0.581348,0.301488,0.023209
78,1694940877.949982,0,-2.9659,-2.9659,-7.1520,-5.4808,11.8089,1243.3186,13.5186,9049.9043,1.2563,135.3040,304.9303,116.4151,96.6471,109.6801,144.2612,0.048341,0.633858,0.623026,-0.000000,0.547231,0.635303,-0.017192,0.480182,0.553460,-0.021952,0.446232,0.448130,-0.020427,0.422534,0.373612,-0.015682,0.519535,0.392754,-0.028029,0.471365,0.272913,-0.024754,0.454741,0.230569,-0.014986,0.452058,0.206541,-0.006156,0.567028,0.351269,-0.016830,0.538063,0.201492,-0.011318,0.520602,0.225084,0.005602,0.519432,0.262482,0.022036,0.606837,0.341683,-0.005227,0.580839,0.206923,-0.002293,0.560906,0.238997,0.010478,0.559995,0.282319,0.023070,0.639031,0.350803,0.005894,0.611366,0.266764,0.009830,0.589151,0.279654,0.018969,0.583426,0.307455,0.029108
79,1694940877.958315,0,8.3231,8.3231,4.4204,11.5724,6.0596,1645.0124,10.7408,10751.4838,0.9473,122.0517,289.8885,106.9604,83.2320,94.3758,129.3803,0.046088,0.633512,0.617644,-0.000000,0.548035,0.630901,-0.019925,0.481326,0.551922,-0.026618,0.446274,0.448677,-0.027305,0.423836,0.370587,-0.024417,0.521733,0.387802,-0.028466,0.472093,0.267805,-0.027123,0.451279,0.237404,-0.018826,0.445537,0.225642,-0.011014,0.568937,0.346404,-0.018233,0.537438,0.196631,-0.015907,0.517163,0.223184,-0.001747,0.514408,0.263288,0.012914,0.607969,0.337908,-0.008107,0.581422,0.204430,-0.007664,0.560200,0.238386,0.003819,0.558565,0.281602,0.015618,0.638964,0.348644,0.001124,0.612117,0.260620,0.002785,0.589212,0.274513,0.010933,0.583684,0.303653,0.020364
80,1694940877.966648,0,13.1707,13.1707,2.6035,-1.8169,5.4586,192.1437,13.0765,10993.4618,1.0354,126.7785,294.5118,103.7811,85.0383,100.8313,138.4038,0.059720,0.632415,0.613960,-0.000000,0.546944,0.627971,-0.021258,0.481328,0.550287,-0.028764,0.446726,0.451149,-0.029860,0.423654,0.374687,-0.027395,0.522042,0.390010,-0.027952,0.472169,0.276914,-0.026364,0.449989,0.233421,-0.019679,0.442238,0.206033,-0.013175,0.569558,0.349350,-0.016824,0.541527,0.203297,-0.011719,0.516633,0.211910,0.003110,0.509021,0.241103,0.017498,0.608845,0.340382,-0.006239,0.584838,0.209673,-0.003787,0.558937,0.230805,0.008498,0.552691,0.267363,0.020505,0.640051,0.348780,0.003095,0.614749,0.257555,0.005112,0.587757,0.260658,0.013413,0.576922,0.281937,0.023009
81,1694940877.974982,0,26.3328,26.3328,5.7454,3.1419,9.9127,534.8884,36.0312,8804.0647,1.2997,133.2083,305.1781,115.0230,95.1259,108.2682,142.5277,0.046646,0.635373,0.617748,-0.000000,0.549290,0.633002,-0.018988,0.481338,0.550516,-0.025802,0.447808,0.443431,-0.026936,0.422926,0.368892,-0.025258,0.520784,0.390800,-0.031100,0.474519,0.267733,-0.033464,0.456940,0.226668,-0.028369,0.452431,0.205435,-0.022449,0.569332,0.348712,-0.022353,0.540590,0.195164,-0.022337,0.521231,0.216673,-0.009536,0.518220,0.253171,0.004287,0.609158,0.338274,-0.013629,0.582514,0.202859,-0.015454,0.562076,0.237168,-0.003819,0.561400,0.281205,0.008578,0.641467,0.346795,-0.005747,0.612411,0.260603,-0.005633,0.590273,0.274024,0.003015,0.584930,0.301641,0.013211
82,1694940877.983315,0,23.6781,23.6781,6.6610,0.9156,10.6404,1475.7663,36.3903,11871.5645,1.0811,127.7076,294.3257,103.2463,83.5247,98.0924,132.9350,0.050940,0.635142,0.615453,-0.000000,0.549701,0.629684,-0.018522,0.482297,0.551548,-0.024910,0.447317,0.448287,-0.025394,0.425964,0.369876,-0.022742,0.524248,0.389300,-0.029891,0.473185,0.268768,-0.029259,0.451280,0.230875,-0.021761,0.443931,0.210788,-0.014685,0.570497,0.345166,-0.020349,0.536321,0.193484,-0.018783,0.515663,0.217007,-0.004505,0.513347,0.256306,0.010298,0.608967,0.333713,-0.010581,0.579463,0.196199,-0.010571,0.558195,0.231794,0.001996,0.557577,0.277106,0.014678,0.639788,0.343408,-0.001633,0.610954,0.252448,0.000332,0.588684,0.268103,0.009485,0.584641,0.299080,0.019609
83,1694940877.991648,0,-8.5096,-8.5096,-4.2082,-10.8692,12.4543,2236.1721,9.4646,9729.1827,0.9780,117.2639,279.7384,106.0456,77.5066,83.4662,116.5522,0.043716,0.634071,0.611893,-0.000000,0.549402,0.627107,-0.020518,0.482523,0.550534,-0.028033,0.447431,0.446990,-0.029637,0.425890,0.368043,-0.027400,0.523507,0.385467,-0.029662,0.472365,0.266911,-0.029211,0.450334,0.244656,-0.020689,0.444855,0.240994,-0.012474,0.569941,0.342798,-0.019920,0.538551,0.191553,-0.019082,0.519446,0.219832,-0.005488,0.517731,0.260118,0.008965,0.607885,0.332262,-0.010250,0.581278,0.198498,-0.011085,0.561074,0.234382,0.000857,0.560552,0.278889,0.013142,0.638431,0.341761,-0.001535,0.611057,0.250389,-0.000674,0.589531,0.265785,0.008171,0.585518,0.296536,0.018226
84,1694940877.999982,0,-13.7476,-13.7476,-6.7296,-2.5214,16.4559,947.4418,6.6413,10545.0567,1.8039,127.3927,292.8085,98.7106,83.3722,102.9398,141.3232,0.064604,0.634664,0.614011,-0.000000,0.549170,0.628463,-0.019200,0.482308,0.548682,-0.025183,0.447622,0.441916,-0.024368,0.424402,0.366229,-0.020201,0.523122,0.389812,-0.032644,0.471591,0.268977,-0.030877,0.448408,0.225331,-0.022010,0.439005,0.198826,-0.013813,0.570143,0.346038,-0.021093,0.538059,0.193646,-0.018507,0.518059,0.221379,-0.001907,0.515576,0.263028,0.015048,0.608982,0.335452,-0.009071,0.581182,0.200547,-0.008377,0.559212,0.234840,0.004561,0.557665,0.279173,0.017961,0.639885,0.343977,0.002412,0.612021,0.251589,0.005040,0.587691,0.264094,0.014321,0.581293,0.293357,0.024772
85,1694940878.008315,0,-14.8291,-14.8291,-10.2905,-3.5609,18.4498,1742.9264,1.2150,12056.0187,1.7466,124.2091,286.3255,99.1622,76.7415,90.0636,126.3569,0.051205,0.633369,0.612189,-0.000000,0.547989,0.627777,-0.020790,0.480938,0.547646,-0.027196,0.447001,0.443771,-0.026995,0.424609,0.369431,-0.023138,0.524218,0.382706,-0.031385,0.473589,0.264351,-0.030468,0.449708,0.233547,-0.022849,0.441038,0.220224,-0.015589,0.571977,0.341825,-0.020535,0.539436,0.191721,-0.018952,0.516844,0.218186,-0.005273,0.513200,0.258962,0.009208,0.610762,0.333725,-0.009558,0.583814,0.198993,-0.009677,0.560917,0.232119,0.001796,0.558922,0.276333,0.013833,0.641314,0.345574,0.000515,0.614937,0.255570,0.001231,0.590368,0.267873,0.009102,0.583358,0.297321,0.018612
86,1694940878.016648,0,-14.4882,-14.4882,-9.5416,0.7489,14.8070,1252.0458,7.2791,12512.7101,1.1048,122.3619,276.7318,89.2778,68.9625,86.1038,122.9214,0.056327,0.635540,0.612381,-0.000000,0.548223,0.624775,-0.020689,0.481081,0.547631,-0.027808,0.445238,0.445789,-0.028188,0.424678,0.370911,-0.025096,0.524412,0.382687,-0.032009,0.470031,0.269541,-0.029413,0.443708,0.236222,-0.020788,0.433184,0.217920,-0.013474,0.571405,0.339774,-0.020777,0.535879,0.191116,-0.019492,0.512876,0.217779,-0.005657,0.509847,0.262641,0.009137,0.610423,0.332056,-0.009056,0.581052,0.197701,-0.008885,0.557765,0.230916,0.002267,0.555975,0.276476,0.013994,0.641143,0.344879,0.001880,0.613296,0.255082,0.002991,0.588217,0.270907,0.010674,0.582179,0.303735,0.019889
87,1694940878.024982,0,-11.7816,-11.7816,-0.8180,8.7236,2.3335,509.1162,14.5458,13079.3980,1.6146,119.5023,275.6221,93.5403,69.5578,83.9228,121.9892,0.058592,0.633128,0.609940,-0.000000,0.546630,0.626396,-0.022596,0.480135,0.551641,-0.031552,0.445228,0.451297,-0.034170,0.422983,0.372514,-0.033312,0.522383,0.381857,-0.034178,0.468931,0.267488,-0.033450,0.444172,0.239512,-0.025194,0.436103,0.229175,-0.017908,0.570388,0.337546,-0.023968,0.535528,0.190179,-0.023815,0.512383,0.214212,-0.010893,0.508307,0.256767,0.002819,0.609607,0.329358,-0.013589,0.580715,0.195728,-0.015299,0.557917,0.229776,-0.003994,0.555863,0.275319,0.007589,0.640464,0.343313,-0.004246,0.612484,0.256632,-0.005606,0.588496,0.273917,0.001807,0.582557,0.306795,0.010931
88,1694940878.033315,0,-3.0878,-3.0878,2.6649,3.4829,4.3788,1034.0218,61.5402,11560.1042,1.5646,121.6497,277.9782,98.9189,74.0914,85.4241,121.6319,0.051932,0.631959,0.611920,-0.000000,0.546757,0.625849,-0.021017,0.480136,0.550897,-0.029143,0.444472,0.450749,-0.031077,0.421958,0.373724,-0.029307,0.522263,0.381558,-0.031096,0.470495,0.268773,-0.029480,0.447331,0.240938,-0.020793,0.439696,0.231268,-0.012907,0.569008,0.339479,-0.020691,0.534801,0.192649,-0.018374,0.513525,0.212486,-0.004283,0.509607,0.248856,0.010036,0.607483,0.330711,-0.010174,0.578569,0.195658,-0.009877,0.556175,0.224697,0.002634,0.553367,0.266757,0.015078,0.637966,0.343156,-0.000680,0.610100,0.251026,0.000347,0.586399,0.262166,0.009154,0.579893,0.290879,0.019261
89,1694940878.041648,0,1.8009,1.8009,4.1575,1.4926,6.6646,1199.7071,2.6419,9532.7038,1.3762,127.6481,287.3989,97.0559,81.2259,99.7840,137.7455,0.062431,0.631835,0.611288,-0.000000,0.546205,0.626130,-0.020169,0.479253,0.549943,-0.026683,0.443666,0.446781,-0.026133,0.420679,0.370045,-0.022027,0.521954,0.389246,-0.032878,0.468069,0.270709,-0.028686,0.445628,0.230186,-0.018311,0.438082,0.206861,-0.009514,0.568994,0.346806,-0.020688,0.535055,0.196878,-0.015330,0.515144,0.219564,0.001327,0.512744,0.258443,0.017178,0.608350,0.337940,-0.007900,0.580151,0.203058,-0.004725,0.559420,0.233943,0.008084,0.558152,0.276938,0.020164,0.639474,0.348216,0.004213,0.613019,0.256118,0.007039,0.589159,0.269852,0.015781,0.582755,0.300199,0.025366
90,1694940878.049982,0,15.2797,15.2797,7.4420,3.2845,10.6284,1213.7705,26.6223,12594.1578,1.0074,127.4799,276.2385,94.8451,72.8938,87.6973,124.4978,0.056340,0.630458,0.610093,-0.000000,0.544035,0.624399,-0.024628,0.478280,0.551984,-0.035074,0.442046,0.454524,-0.038695,0.419629,0.374147,-0.038516,0.519450,0.384834,-0.034608,0.467002,0.271862,-0.034418,0.442996,0.240221,-0.027253,0.435841,0.225357,-0.020575,0.567198,0.341082,-0.023244,0.533503,0.193226,-0.023403,0.510365,0.215790,-0.010594,0.506603,0.256397,0.003262,0.605832,0.332581,-0.012013,0.579086,0.200268,-0.012891,0.554999,0.229880,-0.001502,0.551933,0.270933,0.010140,0.635910,0.344902,-0.002115,0.610600,0.252751,-0.001550,0.586523,0.264326,0.006731,0.580359,0.293037,0.016235
91,1694940878.058315,0,-14.7529,-14.7529,-0.7428,-8.1848,10.6887,239.9907,16.2807,11230.0147,1.5318,126.9360,275.3132,90.4373,69.4678,85.5898,122.9804,0.054892,0.629871,0.608919,-0.000000,0.545069,0.625048,-0.022648,0.478263,0.553157,-0.032172,0.440913,0.458302,-0.035106,0.422158,0.381424,-0.034383,0.519456,0.388217,-0.033649,0.467800,0.277565,-0.034004,0.441879,0.242695,-0.027378,0.432519,0.223495,-0.021075,0.566655,0.344317,-0.023061,0.532423,0.198053,-0.023840,0.507190,0.217150,-0.010687,0.502654,0.254100,0.003636,0.605388,0.335125,-0.012517,0.578574,0.200971,-0.014230,0.552151,0.227641,-0.001796,0.548129,0.266549,0.011167,0.635735,0.347551,-0.003159,0.611208,0.251272,-0.002748,0.584513,0.258751,0.006291,0.576541,0.284657,0.016608
92,1694940878.066648,0,-16.5972,-16.5972,-3.3773,-2.6345,11.6542,810.8947,18.2329,11825.4107,2.2763,122.6011,277.8750,83.6591,67.7538,89.1069,128.5055,0.063266,0.630653,0.614173,-0.000000,0.544639,0.626149,-0.020789,0.477916,0.554736,-0.029952,0.440095,0.455991,-0.032954,0.419606,0.376883,-0.032622,0.516708,0.390700,-0.031573,0.464919,0.277681,-0.030691,0.438853,0.239119,-0.023247,0.427318,0.215117,-0.016591,0.563586,0.345014,-0.021568,0.528179,0.196905,-0.021135,0.507381,0.223682,-0.006942,0.506405,0.267992,0.008195,0.603260,0.334833,-0.011406,0.574152,0.198520,-0.012451,0.552209,0.234069,-0.000415,0.551749,0.280321,0.012129,0.635255,0.344494,-0.002104,0.607446,0.253214,-0.001472,0.582760,0.271052,0.006899,0.577275,0.304318,0.016595
93,1694940878.074982,0,-6.9239,-6.9239,-2.1812,1.1962,11.7298,747.3038,47.2417,11748.4543,2.3407,126.4745,281.1540,89.4438,72.9539,93.7740,133.1432,0.063355,0.628172,0.615983,-0.000000,0.542774,0.628424,-0.019707,0.476669,0.556523,-0.027658,0.440153,0.459646,-0.029870,0.419076,0.380415,-0.028604,0.515871,0.386066,-0.028388,0.463109,0.273004,-0.026432,0.439984,0.238859,-0.018417,0.431650,0.220014,-0.011384,0.563143,0.341836,-0.018910,0.528330,0.195284,-0.017761,0.506911,0.216937,-0.004916,0.503386,0.255868,0.008858,0.602713,0.332165,-0.009238,0.573899,0.199472,-0.009816,0.552193,0.233277,0.001902,0.550380,0.277906,0.014085,0.634222,0.343376,-0.000449,0.606341,0.252991,0.000315,0.583403,0.268464,0.008931,0.578142,0.299619,0.018973
94,1694940878.083315,0,3.7903,3.7903,-2.8723,-0.6912,11.9594,369.2887,12.0060,13046.1482,1.0638,114.9969,267.2055,83.3496,61.8308,79.9935,120.0584,0.054041,0.625684,0.613745,-0.000000,0.541201,0.628388,-0.021230,0.475111,0.555853,-0.030266,0.439054,0.458519,-0.033314,0.417584,0.381485,-0.032772,0.515253,0.390175,-0.030506,0.463352,0.278041,-0.030203,0.437102,0.248050,-0.022982,0.427380,0.237610,-0.015798,0.562080,0.346733,-0.020719,0.529707,0.200515,-0.019202,0.507722,0.219445,-0.005766,0.503366,0.256791,0.008504,0.601091,0.336772,-0.011011,0.574398,0.203976,-0.010899,0.551769,0.232616,0.001575,0.548692,0.273827,0.014144,0.632531,0.347025,-0.002433,0.606517,0.253789,-0.001777,0.582274,0.265462,0.007326,0.575270,0.294800,0.017873
95,1694940878.091648,0,-13.1483,-13.1483,0.4012,3.2735,7.4100,695.3498,10.2561,8335.2990,1.2473,124.3403,286.9811,89.3320,78.1333,102.2316,143.8054,0.073431,0.626631,0.610995,0.000000,0.541788,0.629612,-0.024016,0.475029,0.558458,-0.032957,0.437665,0.462264,-0.034835,0.417095,0.384891,-0.033309,0.516634,0.391083,-0.032104,0.464345,0.279234,-0.031044,0.440213,0.235144,-0.025081,0.430635,0.207239,-0.019410,0.563396,0.346475,-0.019070,0.531279,0.205366,-0.014695,0.508556,0.214833,-0.001566,0.502991,0.243517,0.011218,0.602358,0.335265,-0.006267,0.576281,0.205660,-0.004170,0.552853,0.228517,0.007034,0.548680,0.267121,0.017967,0.632765,0.343894,0.005208,0.606953,0.258777,0.005943,0.581250,0.267350,0.013170,0.571571,0.293142,0.022060
96,1694940878.099982,0,-14.7175,-14.7175,0.4699,0.0688,7.4050,364.2528,3.8866,12456.0875,1.5559,119.6096,269.8360,79.0214,62.9194,87.8539,131.8517,0.077552,0.623182,0.612990,-0.000000,0.539244,0.628334,-0.023210,0.473319,0.556939,-0.032639,0.436751,0.462761,-0.035491,0.415680,0.386099,-0.034843,0.514253,0.391915,-0.032741,0.461394,0.281843,-0.033063,0.434429,0.246842,-0.027130,0.422577,0.227655,-0.021282,0.560666,0.346634,-0.021709,0.527573,0.202921,-0.020925,0.505331,0.221767,-0.008197,0.500848,0.258215,0.005353,0.599037,0.335761,-0.010806,0.572216,0.203547,-0.011928,0.549279,0.233809,0.000069,0.546374,0.275866,0.012500,0.629625,0.345075,-0.001113,0.603821,0.253093,-0.001684,0.579166,0.266976,0.006893,0.572027,0.297589,0.017126
97,1694940878.108315,0,-12.7704,-12.7704,-1.4616,-1.9316,6.8075,340.3526,4.9732,9015.8328,1.0654,114.7261,273.1864,75.9443,65.5053,94.0369,139.6340,0.083322,0.622958,0.611362,-0.000000,0.539012,0.628168,-0.021266,0.472784,0.560294,-0.030859,0.435189,0.465023,-0.033880,0.414725,0.385145,-0.033648,0.513476,0.395837,-0.034707,0.460626,0.282295,-0.034633,0.433478,0.241214,-0.027514,0.420139,0.215839,-0.021075,0.560716,0.347951,-0.024289,0.524830,0.199334,-0.025507,0.502550,0.217202,-0.012670,0.498891,0.257162,0.001731,0.599982,0.336898,-0.013262,0.572531,0.204800,-0.014741,0.549474,0.234371,-0.002366,0.546108,0.276758,0.010663,0.631490,0.346765,-0.003095,0.604505,0.257968,-0.002452,0.579948,0.274006,0.006776,0.572965,0.305786,0.017418
98,1694940878.116648,0,-10.5597,-10.5597,-3.5875,-2.1259,6.7673,872.7449,45.8071,7783.4797,1.7288,118.2431,278.2331,79.2558,70.9101,100.3322,145.8821,0.093778,0.623375,0.611372,-0.000000,0.538399,0.629949,-0.020133,0.471941,0.559211,-0.028473,0.433768,0.463310,-0.030790,0.412537,0.384201,-0.030159,0.510244,0.391738,-0.028769,0.458810,0.281493,-0.026797,0.433402,0.237733,-0.019558,0.421277,0.209238,-0.013260,0.557838,0.344864,-0.018456,0.522708,0.202975,-0.016541,0.502804,0.221381,-0.003571,0.501454,0.257604,0.010100,0.597978,0.333968,-0.007830,0.570425,0.203343,-0.007710,0.548518,0.235857,0.004024,0.547071,0.279128,0.016072,0.629934,0.343056,0.001976,0.603154,0.251110,0.003762,0.580001,0.267360,0.012971,0.575210,0.298688,0.023159
99,1694940878.124982,0,-10.5174,-10.5174,0.6577,4.2452,1.6113,322.5611,5.9674,8568.6974,1.7908,119.8873,275.4109,79.1057,68.4321,96.7729,142.7168,0.102369,0.624561,0.615552,-0.000000,0.538644,0.629442,-0.017310,0.472048,0.561564,-0.025554,0.433514,0.466379,-0.028008,0.414839,0.385768,-0.026973,0.509860,0.393979,-0.030538,0.456828,0.274651,-0.029513,0.431727,0.235505,-0.021087,0.421190,0.213550,-0.013165,0.556895,0.344783,-0.021108,0.520683,0.199396,-0.018819,0.499595,0.220597,-0.003205,0.496577,0.260302,0.012652,0.596797,0.331938,-0.011050,0.567350,0.202572,-0.009173,0.545524,0.234103,0.005833,0.542953,0.277462,0.020029,0.628338,0.341818,-0.001649,0.600795,0.253068,0.002738,0.578252,0.267158,0.014465,0.572912,0.298427,0.026564
100,1694940878.133315,0,-13.1557,-13.1557,0.3904,-0.2673,1.6121,553.7527,13.8666,6381.3755,1.5403,115.6914,270.8879,71.1678,64.5159,97.1209,144.9070,0.110988,0.622380,0.611856,-0.000000,0.538031,0.631296,-0.019816,0.470384,0.561248,-0.027848,0.431035,0.466695,-0.029995,0.408514,0.389441,-0.029134,0.508184,0.393030,-0.028060,0.456867,0.283437,-0.025809,0.430273,0.240608,-0.019123,0.415650,0.211733,-0.013624,0.555140,0.344078,-0.018121,0.520463,0.204235,-0.015693,0.499312,0.221856,-0.003269,0.495749,0.259037,0.009460,0.594467,0.332363,-0.007872,0.567996,0.204450,-0.007003,0.546399,0.236773,0.004340,0.544079,0.280725,0.015476,0.625822,0.340272,0.001451,0.600387,0.252805,0.003205,0.577219,0.270407,0.011776,0.571216,0.302971,0.021134
101,1694940878.141648,0,-16.6064,-16.6064,-0.9590,-1.3494,2.2278,361.8071,37.8903,7759.9609,1.7159,121.8827,273.7526,74.8464,70.9938,104.2716,152.8585,0.114401,0.622023,0.611190,-0.000000,0.535459,0.630466,-0.020450,0.468773,0.563009,-0.029976,0.429722,0.466244,-0.032520,0.407670,0.385276,-0.031633,0.507459,0.395527,-0.035926,0.454737,0.277632,-0.034367,0.429513,0.233128,-0.025935,0.417561,0.205555,-0.018420,0.555895,0.346497,-0.024378,0.519722,0.200692,-0.021160,0.498246,0.211802,-0.005647,0.494061,0.243933,0.009407,0.596479,0.334625,-0.011967,0.569308,0.206397,-0.009132,0.546577,0.231464,0.005550,0.541998,0.270411,0.018970,0.628296,0.344264,-0.000398,0.602622,0.257257,0.004459,0.579920,0.269783,0.015977,0.573447,0.299404,0.027595
102,1694940878.149982,0,13.1666,13.1666,5.9316,6.8906,10.5876,433.1060,17.7678,6663.1187,1.5580,117.1590,269.5167,72.4351,65.3959,98.2992,147.7906,0.120068,0.623320,0.615303,-0.000000,0.538525,0.631871,-0.018833,0.470187,0.565664,-0.027590,0.430012,0.471288,-0.030335,0.412964,0.390187,-0.029615,0.507597,0.397831,-0.030225,0.454837,0.281664,-0.029871,0.429708,0.239290,-0.022859,0.418001,0.215670,-0.016028,0.554830,0.348636,-0.020582,0.517864,0.202019,-0.017909,0.494621,0.208165,-0.004122,0.487516,0.237118,0.009806,0.594755,0.334397,-0.010652,0.564923,0.205196,-0.008989,0.541744,0.228197,0.004635,0.536979,0.266703,0.017744,0.626061,0.343450,-0.001658,0.597433,0.257231,0.001739,0.573917,0.265379,0.012109,0.566588,0.291246,0.023264
103,1694940878.158315,0,-1.4994,-1.4994,2.2545,-3.6771,10.6896,699.2010,19.5244,8356.3410,1.4246,115.6991,265.1158,65.3666,65.6996,103.5220,154.3823,0.125500,0.622093,0.612219,-0.000000,0.535259,0.630484,-0.017742,0.468479,0.562618,-0.025487,0.429395,0.467570,-0.027366,0.407480,0.388420,-0.026183,0.505608,0.391094,-0.029154,0.450790,0.279935,-0.026313,0.424852,0.236914,-0.018038,0.411697,0.207826,-0.010901,0.553712,0.341916,-0.019281,0.515726,0.199984,-0.015528,0.493744,0.210998,-0.001054,0.489291,0.242651,0.013338,0.594384,0.331085,-0.008692,0.565636,0.201879,-0.007391,0.544056,0.232036,0.005114,0.541430,0.274835,0.017652,0.625985,0.341595,0.001386,0.598170,0.256770,0.003947,0.575177,0.273904,0.013727,0.569785,0.306266,0.024509
104,1694940878.166648,0,3.4798,3.4798,4.1589,1.9044,10.8981,392.8862,76.7323,7461.2765,1.3878,114.8457,264.7051,65.9262,65.0221,103.1809,154.0273,0.126242,0.621198,0.613398,-0.000000,0.534463,0.632097,-0.015387,0.466642,0.563306,-0.021707,0.428058,0.465106,-0.022265,0.405678,0.387574,-0.019672,0.505471,0.394960,-0.026906,0.452313,0.281831,-0.022755,0.425476,0.237107,-0.012913,0.411732,0.209377,-0.004536,0.553437,0.347355,-0.017833,0.517186,0.199223,-0.012491,0.496279,0.207538,0.003825,0.491939,0.236448,0.019647,0.593803,0.335889,-0.007918,0.565026,0.205826,-0.004071,0.543036,0.231851,0.010634,0.539582,0.271568,0.024365,0.625454,0.346238,0.001474,0.597564,0.259072,0.006947,0.574816,0.272808,0.018752,0.569627,0.303188,0.030765
105,1694940878.174982,0,1.9883,1.9883,4.6487,0.4898,9.6684,354.2247,27.9239,7545.1886,1.9327,113.5224,264.4283,62.4826,62.4022,101.8653,154.4029,0.129324,0.621613,0.613164,-0.000000,0.535125,0.631526,-0.015401,0.467683,0.564075,-0.022054,0.427430,0.470015,-0.023165,0.405439,0.390472,-0.021053,0.503427,0.395892,-0.026320,0.451563,0.281382,-0.022518,0.424349,0.238343,-0.013521,0.409405,0.211094,-0.005771,0.551068,0.346841,-0.017418,0.514015,0.200853,-0.012105,0.490356,0.203488,0.003536,0.483136,0.229875,0.018417,0.591281,0.334425,-0.007807,0.561490,0.205300,-0.004136,0.538746,0.229316,0.010400,0.534234,0.268383,0.023894,0.623115,0.343081,0.001203,0.595655,0.253198,0.006430,0.572471,0.263292,0.018093,0.565860,0.291991,0.029887
106,1694940878.183315,0,4.5097,4.5097,-2.1642,-6.8129,4.8643,751.8731,12.8125,8444.6267,1.4303,119.4483,262.8173,61.8241,65.3365,106.0656,160.3777,0.134912,0.619157,0.611454,0.000000,0.533095,0.632394,-0.017043,0.465708,0.566400,-0.023629,0.426336,0.468579,-0.023806,0.405362,0.389782,-0.020559,0.502928,0.398899,-0.028758,0.450480,0.283417,-0.023883,0.423918,0.237050,-0.013418,0.409455,0.207351,-0.004617,0.550074,0.348214,-0.017881,0.512961,0.203714,-0.010775,0.489910,0.204820,0.006216,0.482629,0.228070,0.021811,0.589846,0.333439,-0.006171,0.560587,0.206302,-0.001029,0.537475,0.225806,0.014219,0.532350,0.261400,0.028033,0.620930,0.340913,0.004846,0.594402,0.251549,0.011005,0.571160,0.258997,0.022952,0.564277,0.285179,0.035016
107,1694940878.191648,0,0.6775,0.6775,0.5442,2.7084,2.1138,1111.8441,5.3277,6683.3395,1.5407,102.3704,256.7672,56.3906,54.6878,94.2989,147.9475,0.125440,0.621019,0.613395,-0.000000,0.534773,0.634235,-0.017338,0.465445,0.568770,-0.023521,0.425692,0.472235,-0.022939,0.404883,0.395649,-0.018781,0.503139,0.398188,-0.031138,0.448551,0.283422,-0.025282,0.421057,0.242292,-0.013482,0.405448,0.218450,-0.003762,0.550807,0.347855,-0.019419,0.514001,0.203831,-0.011503,0.491006,0.203600,0.006092,0.482239,0.226060,0.021693,0.590766,0.334842,-0.006614,0.561065,0.208008,-0.001689,0.537845,0.224918,0.013317,0.531320,0.259949,0.026917,0.621523,0.343556,0.005714,0.594179,0.254506,0.011373,0.570571,0.259818,0.023016,0.562685,0.285489,0.034811
108,1694940878.199982,0,-9.2655,-9.2655,-3.1863,-3.7305,4.9461,1302.9193,18.5003,8314.7713,1.6549,116.2492,257.6459,57.9790,63.0208,105.0247,160.0091,0.137335,0.619253,0.612779,0.000000,0.532970,0.633337,-0.017649,0.463919,0.568820,-0.024674,0.423426,0.472705,-0.025237,0.401797,0.394745,-0.022390,0.502085,0.397336,-0.031065,0.448076,0.282774,-0.025973,0.421084,0.235285,-0.015261,0.404782,0.207382,-0.006548,0.550658,0.347047,-0.020311,0.514171,0.203652,-0.012708,0.490698,0.191977,0.003394,0.479443,0.205059,0.017210,0.591161,0.334117,-0.008531,0.561080,0.208121,-0.004422,0.538197,0.222213,0.009967,0.530837,0.257136,0.022792,0.621878,0.343969,0.002623,0.594147,0.257715,0.006735,0.570772,0.263695,0.017794,0.562243,0.291060,0.029159
109,1694940878.208315,0,14.1302,14.1302,3.0355,6.2218,7.5003,217.4992,2.4585,8505.1838,2.2685,111.0965,260.2637,58.4883,63.3175,106.4894,163.4279,0.136008,0.617575,0.608382,-0.000000,0.531319,0.631392,-0.015366,0.462396,0.564142,-0.020976,0.423524,0.470441,-0.021220,0.401479,0.396311,-0.018552,0.499143,0.393399,-0.025673,0.445084,0.281609,-0.022302,0.418917,0.239619,-0.014125,0.405965,0.211127,-0.007361,0.547405,0.345105,-0.017951,0.509842,0.201564,-0.013281,0.488893,0.210884,0.000398,0.484827,0.236837,0.013533,0.587790,0.332327,-0.009575,0.557087,0.205592,-0.007389,0.536777,0.234691,0.005022,0.535577,0.274281,0.016810,0.619594,0.339963,-0.001736,0.591469,0.252134,0.000812,0.570194,0.266531,0.010769,0.565999,0.296545,0.021352
110,1694940878.216648,0,6.2196,6.2196,0.4275,-2.6080,7.6425,288.2039,49.4558,9320.4338,1.8366,111.4614,255.4513,53.4752,60.8852,104.7127,160.4149,0.133981,0.618958,0.609875,-0.000000,0.533369,0.631053,-0.016506,0.463599,0.568785,-0.023542,0.421861,0.476017,-0.024525,0.401652,0.399843,-0.022370,0.498310,0.397600,-0.030386,0.444451,0.282631,-0.027315,0.416746,0.239559,-0.018606,0.401132,0.212297,-0.011192,0.546034,0.346626,-0.020901,0.506840,0.201831,-0.015919,0.481258,0.203699,-0.000976,0.471978,0.227948,0.012799,0.586676,0.333103,-0.010460,0.554211,0.205692,-0.007526,0.530798,0.227989,0.005832,0.525959,0.266227,0.018164,0.618475,0.341931,-0.000503,0.588656,0.255734,0.004041,0.565414,0.265490,0.014968,0.559360,0.293049,0.026003
111,1694940878.224982,0,12.0954,12.0954,2.8545,2.4270,8.4513,1303.7527,22.7086,10381.7785,1.4410,116.8812,254.0165,54.4120,63.5326,106.6958,161.4080,0.127727,0.620075,0.615903,0.000000,0.533737,0.634649,-0.017486,0.464081,0.572327,-0.024618,0.422549,0.477783,-0.025546,0.401710,0.402763,-0.023090,0.496200,0.398806,-0.027650,0.442876,0.286597,-0.023973,0.415797,0.239410,-0.015723,0.399823,0.208796,-0.008692,0.543990,0.348091,-0.016891,0.507229,0.205079,-0.009447,0.488071,0.196611,0.005179,0.482873,0.211202,0.018067,0.585288,0.333582,-0.005430,0.553706,0.205496,-0.000296,0.532684,0.223062,0.014065,0.528128,0.259225,0.026674,0.617643,0.342310,0.005174,0.589368,0.258025,0.010610,0.565936,0.261401,0.021540,0.557434,0.283607,0.032677
112,1694940878.233315,0,-18.1076,-18.1076,-2.2105,-5.0650,12.5955,306.8403,26.6984,10021.0602,2.4756,119.8534,258.0420,56.2770,67.2094,111.1532,166.1248,0.149568,0.617517,0.612249,0.000000,0.531959,0.632268,-0.014893,0.461998,0.567955,-0.021345,0.420325,0.474994,-0.022185,0.398923,0.397061,-0.019709,0.495399,0.401219,-0.027623,0.441944,0.284589,-0.024999,0.415035,0.237870,-0.016353,0.400882,0.208897,-0.008531,0.542721,0.350929,-0.018958,0.506092,0.203175,-0.011584,0.485127,0.191471,0.005078,0.478871,0.202217,0.019701,0.583656,0.335557,-0.009662,0.552286,0.206811,-0.004191,0.530614,0.224645,0.012584,0.525979,0.258660,0.027033,0.615960,0.342399,-0.001167,0.587390,0.256686,0.004549,0.563930,0.259518,0.017022,0.556035,0.280266,0.029479
113,1694940878.241648,0,9.7950,9.7950,-1.0838,1.1267,11.7643,328.9098,49.6557,10904.3017,2.0545,119.2770,252.8971,50.3708,65.1018,112.2463,169.9322,0.135713,0.614441,0.610368,0.000000,0.530099,0.631317,-0.015216,0.460773,0.570555,-0.022567,0.418933,0.477218,-0.023971,0.399478,0.399943,-0.022248,0.494162,0.398094,-0.032128,0.437180,0.284712,-0.029749,0.408931,0.239609,-0.021198,0.393734,0.211112,-0.013715,0.541561,0.347717,-0.023272,0.502302,0.201479,-0.016919,0.480858,0.191874,-0.000972,0.474329,0.205571,0.012931,0.582875,0.334536,-0.013206,0.550288,0.205730,-0.008978,0.528189,0.225323,0.006432,0.523673,0.262188,0.019873,0.615881,0.345134,-0.003650,0.586445,0.259997,0.001212,0.562439,0.267419,0.013230,0.554848,0.294117,0.025265
114,1694940878.249982,0,-14.6667,-14.6667,-5.2216,-4.1378,12.8029,1913.2111,28.0877,9559.8933,1.7177,118.7778,248.1528,45.9374,60.3607,106.3968,162.5382,0.158046,0.613260,0.611272,-0.000000,0.528988,0.630157,-0.015999,0.459679,0.570337,-0.023168,0.417336,0.479018,-0.024164,0.397240,0.403131,-0.021906,0.492635,0.399929,-0.031242,0.436004,0.290111,-0.028456,0.407461,0.243786,-0.019267,0.391551,0.213032,-0.011217,0.539315,0.347996,-0.021147,0.500734,0.203433,-0.014555,0.483142,0.203453,0.002392,0.480584,0.223237,0.017745,0.580296,0.332747,-0.009960,0.549050,0.205723,-0.005688,0.528625,0.228278,0.009999,0.525569,0.265407,0.024145,0.612574,0.340959,0.000736,0.583771,0.256305,0.005938,0.560565,0.263140,0.017933,0.553651,0.287482,0.030233
115,1694940878.258315,0,3.6744,3.6744,-2.1052,3.1163,12.5566,270.7127,66.0211,9051.9953,1.8923,118.2137,245.1388,40.2053,56.5461,103.8494,160.2229,0.166070,0.612557,0.609819,-0.000000,0.528810,0.633055,-0.015186,0.458784,0.570394,-0.021485,0.416797,0.477308,-0.021989,0.394235,0.400667,-0.019251,0.489715,0.400318,-0.029360,0.433650,0.286551,-0.029559,0.404743,0.242343,-0.023547,0.389025,0.215422,-0.017488,0.536196,0.349245,-0.020494,0.498640,0.204751,-0.016523,0.478481,0.202612,-0.002175,0.474059,0.223605,0.011260,0.577326,0.333798,-0.010938,0.547957,0.206865,-0.007797,0.525913,0.227226,0.007009,0.521092,0.263786,0.020354,0.611225,0.342227,-0.002060,0.585080,0.259045,0.003049,0.561067,0.265433,0.014969,0.552231,0.289702,0.026929
116,1694940878.266648,0,-12.9065,-12.9065,1.3003,3.4055,11.0590,490.4206,19.1970,9689.6426,1.7107,123.8164,242.2904,38.8883,59.8869,108.1449,163.9272,0.178599,0.612185,0.609180,-0.000000,0.526190,0.632035,-0.015691,0.456204,0.569379,-0.022135,0.413286,0.478888,-0.022573,0.386679,0.405476,-0.020041,0.487987,0.401451,-0.030251,0.430762,0.292950,-0.028054,0.401459,0.247469,-0.020399,0.384324,0.214432,-0.013851,0.534521,0.347644,-0.021157,0.494633,0.205272,-0.015892,0.476087,0.212310,-0.000555,0.473745,0.238855,0.013550,0.575123,0.331228,-0.011140,0.543797,0.205740,-0.007580,0.523258,0.229989,0.006234,0.520775,0.266673,0.018624,0.607610,0.338351,-0.001612,0.579228,0.256071,0.003335,0.556772,0.266904,0.014450,0.551010,0.294893,0.025548
117,1694940878.274982,0,5.7192,5.7192,-1.0189,-2.3192,10.0974,320.9816,40.8261,9047.9449,1.8640,123.3233,240.5767,36.0792,58.0983,104.7744,157.3345,0.176035,0.611718,0.611728,-0.000000,0.525781,0.633130,-0.015904,0.454700,0.570117,-0.021397,0.411615,0.477393,-0.020120,0.385371,0.402275,-0.015540,0.484902,0.402066,-0.030960,0.428767,0.292386,-0.027790,0.400788,0.248086,-0.019428,0.384589,0.216631,-0.012166,0.531408,0.350249,-0.019965,0.490394,0.208204,-0.012821,0.472385,0.201521,0.003070,0.470998,0.216293,0.016800,0.572402,0.332850,-0.007793,0.538183,0.206981,-0.001891,0.516946,0.225984,0.013722,0.513396,0.260117,0.026971,0.605465,0.337105,0.003761,0.575311,0.252873,0.011186,0.552451,0.257226,0.023994,0.544998,0.276681,0.036128
118,1694940878.283315,0,12.9233,12.9233,6.8975,7.9164,10.8572,2474.3119,4.5440,8322.3370,1.6348,127.6528,242.7412,39.4965,62.2406,108.6376,162.0508,0.188078,0.611318,0.612031,-0.000000,0.524876,0.634702,-0.018078,0.454223,0.572630,-0.024737,0.409829,0.481820,-0.024686,0.379158,0.405402,-0.021292,0.481420,0.404840,-0.030697,0.426849,0.293605,-0.028045,0.399766,0.247047,-0.019476,0.384578,0.214219,-0.011813,0.528263,0.352086,-0.019710,0.483680,0.212036,-0.014636,0.461339,0.219358,0.002183,0.458030,0.246539,0.017642,0.569289,0.334564,-0.008214,0.531921,0.205563,-0.005355,0.508782,0.228244,0.009993,0.505439,0.262867,0.024093,0.602655,0.337507,0.002621,0.569407,0.247504,0.008445,0.544878,0.254898,0.021179,0.537470,0.276988,0.033569
119,1694940878.291648,0,6.5807,6.5807,0.7266,-6.1709,8.6251,494.4419,26.6942,8566.0097,1.6153,124.7454,231.2903,29.5336,55.2792,102.1762,153.5067,0.180214,0.608028,0.609887,-0.000000,0.524457,0.632432,-0.017621,0.453202,0.573088,-0.024706,0.408996,0.481608,-0.025452,0.379885,0.406440,-0.023023,0.482309,0.403568,-0.031035,0.423764,0.298381,-0.029801,0.394842,0.254668,-0.022704,0.379399,0.223338,-0.016031,0.526926,0.350754,-0.020625,0.485632,0.210556,-0.015118,0.468054,0.211596,0.000188,0.467826,0.231627,0.013899,0.566444,0.331764,-0.009560,0.532949,0.203901,-0.005730,0.512575,0.226186,0.008775,0.510237,0.261071,0.021478,0.598811,0.333158,0.000772,0.568712,0.248522,0.005910,0.545684,0.257100,0.017653,0.538490,0.279825,0.029261
120,1694940878.299982,0,-0.6340,-0.6340,3.0681,2.3416,8.7488,2705.7717,31.2892,10344.9664,2.1288,124.8110,230.0447,22.1576,53.6444,101.3638,152.1005,0.195237,0.604803,0.610435,-0.000000,0.520750,0.631671,-0.016718,0.449841,0.571167,-0.023502,0.404884,0.480548,-0.024088,0.374712,0.404707,-0.021522,0.477447,0.405071,-0.031282,0.420944,0.299503,-0.031037,0.392510,0.255157,-0.023948,0.376187,0.222775,-0.017091,0.523441,0.352350,-0.021810,0.478195,0.215477,-0.018523,0.456741,0.225084,-0.001836,0.453818,0.253150,0.013733,0.564460,0.334712,-0.011810,0.526803,0.207346,-0.010976,0.503878,0.230278,0.004796,0.500504,0.263428,0.019523,0.598567,0.338375,-0.002278,0.565315,0.249205,0.002318,0.540935,0.260113,0.015927,0.534174,0.284815,0.029192
121,1694940878.308315,0,-1.8765,-1.8765,-1.8989,-4.9671,5.3624,2769.2215,29.2472,10483.6504,1.7236,129.8102,227.0208,19.2077,55.0789,102.2031,151.0846,0.200165,0.605348,0.608383,-0.000000,0.521682,0.633133,-0.017031,0.449872,0.574462,-0.022872,0.404679,0.485053,-0.022079,0.373120,0.409051,-0.018005,0.474408,0.403616,-0.031132,0.417378,0.297078,-0.028961,0.390085,0.253225,-0.021124,0.373728,0.220420,-0.014258,0.520145,0.348163,-0.020843,0.471643,0.216060,-0.016562,0.450382,0.231365,-0.000276,0.448680,0.263204,0.014527,0.560864,0.328477,-0.009826,0.520732,0.205043,-0.007595,0.497831,0.233308,0.007654,0.495280,0.268676,0.021355,0.594795,0.329270,0.000716,0.558577,0.242361,0.006630,0.534086,0.257775,0.020129,0.528224,0.285550,0.032712
122,1694940878.316648,1,2.9823,2.9823,-2.4852,-0.5863,5.3540,2820.5113,44.4747,11659.7717,1.9832,133.5417,227.3412,11.7051,51.8641,100.3919,152.6140,0.209108,0.604303,0.609398,-0.000000,0.518197,0.632578,-0.017818,0.446994,0.574498,-0.025496,0.400494,0.486898,-0.026348,0.367818,0.412291,-0.023936,0.472250,0.414467,-0.035279,0.415171,0.308771,-0.035221,0.388918,0.263210,-0.027985,0.373336,0.226862,-0.020957,0.517113,0.353693,-0.024407,0.467864,0.221423,-0.020183,0.448985,0.227847,-0.003164,0.449304,0.253869,0.012344,0.557257,0.328814,-0.012683,0.515901,0.209605,-0.010304,0.495354,0.230644,0.005302,0.494496,0.262246,0.019555,0.590377,0.325696,-0.001455,0.554899,0.243672,0.004624,0.533361,0.254937,0.018141,0.529264,0.280394,0.031186
123,1694940878.324982,1,4.1663,4.1663,-0.6036,1.8817,3.1083,2999.8322,45.0052,9032.8523,2.1016,134.7724,231.3368,20.5251,60.7422,109.4230,160.4229,0.221109,0.600005,0.604986,-0.000000,0.516289,0.635188,-0.021347,0.444451,0.578119,-0.029467,0.399534,0.489444,-0.030741,0.366726,0.415859,-0.028782,0.469664,0.411830,-0.034323,0.412523,0.303842,-0.035807,0.387610,0.256818,-0.031436,0.373761,0.221153,-0.027033,0.514766,0.353019,-0.023683,0.466199,0.221523,-0.022727,0.442237,0.234192,-0.010453,0.437999,0.266936,0.001631,0.554047,0.329966,-0.012883,0.514155,0.209622,-0.013401,0.490131,0.233115,-0.001726,0.486003,0.267451,0.009459,0.586847,0.327945,-0.003056,0.551775,0.248841,-0.001421,0.527525,0.262616,0.008227,0.519870,0.289148,0.018373
124,1694940878.333315,1,,,0.0000,0.0000,0.0000,0.0000,,,,,,,,,,,0.000000,0.000000,0.000000,0.000000,0.000000,0.000000,0.000000,0.000000,0.000000,0.000000,0.000000,0.000000,0.000000,0.000000,0.000000,0.000000,0.000000,0.000000,0.000000,0.000000,0.000000,0.000000,0.000000,0.000000,0.000000,0.000000,0.000000,0.000000,0.000000,0.000000,0.000000,0.000000,0.000000,0.000000,0.000000,0.000000,0.000000,0.000000,0.000000,0.000000,0.000000,0.000000,0.000000,0.000000,0.000000,0.000000,0.000000,0.000000,0.000000,0.000000,0.000000,0.000000,0.000000,0.000000,0.000000,0.000000,0.000000,0.000000,0.000000,0.000000,0.000000,0.000000,0.000000
125,1694940878.341648,1,,,0.0000,0.0000,0.0000,0.0000,,,,,,,,,,,0.000000,0.000000,0.000000,0.000000,0.000000,0.000000,0.000000,0.000000,0.000000,0.000000,0.000000,0.000000,0.000000,0.000000,0.000000,0.000000,0.000000,0.000000,0.000000,0.000000,0.000000,0.000000,0.000000,0.000000,0.000000,0.000000,0.000000,0.000000,0.000000,0.000000,0.000000,0.000000,0.000000,0.000000,0.000000,0.000000,0.000000,0.000000,0.000000,0.000000,0.000000,0.000000,0.000000,0.000000,0.000000,0.000000,0.000000,0.000000,0.000000,0.000000,0.000000,0.000000,0.000000,0.000000,0.000000,0.000000,0.000000,0.000000,0.000000,0.000000,0.000000,0.000000,0.000000
126,1694940878.349982,1,,,0.0000,0.0000,0.0000,0.0000,,,,,,,,,,,0.000000,0.000000,0.000000,0.000000,0.000000,0.000000,0.000000,0.000000,0.000000,0.000000,0.000000,0.000000,0.000000,0.000000,0.000000,0.000000,0.000000,0.000000,0.000000,0.000000,0.000000,0.000000,0.000000,0.000000,0.000000,0.000000,0.000000,0.000000,0.000000,0.000000,0.000000,0.000000,0.000000,0.000000,0.000000,0.000000,0.000000,0.000000,0.000000,0.000000,0.000000,0.000000,0.000000,0.000000,0.000000,0.000000,0.000000,0.000000,0.000000,0.000000,0.000000,0.000000,0.000000,0.000000,0.000000,0.000000,0.000000,0.000000,0.000000,0.000000,0.000000,0.000000,0.000000
127,1694940878.358315,1,,,0.0000,0.0000,0.0000,0.0000,,,,,,,,,,,0.000000,0.000000,0.000000,0.000000,0.000000,0.000000,0.000000,0.000000,0.000000,0.000000,0.000000,0.000000,0.000000,0.000000,0.000000,0.000000,0.000000,0.000000,0.000000,0.000000,0.000000,0.000000,0.000000,0.000000,0.000000,0.000000,0.000000,0.000000,0.000000,0.000000,0.000000,0.000000,0.000000,0.000000,0.000000,0.000000,0.000000,0.000000,0.000000,0.000000,0.000000,0.000000,0.000000,0.000000,0.000000,0.000000,0.000000,0.000000,0.000000,0.000000,0.000000,0.000000,0.000000,0.000000,0.000000,0.000000,0.000000,0.000000,0.000000,0.000000,0.000000,0.000000,0.000000
128,1694940878.366648,1,,,0.0000,0.0000,0.0000,0.0000,,,,,,,,,,,0.000000,0.000000,0.000000,0.000000,0.000000,0.000000,0.000000,0.000000,0.000000,0.000000,0.000000,0.000000,0.000000,0.000000,0.000000,0.000000,0.000000,0.000000,0.000000,0.000000,0.000000,0.000000,0.000000,0.000000,0.000000,0.000000,0.000000,0.000000,0.000000,0.000000,0.000000,0.000000,0.000000,0.000000,0.000000,0.000000,0.000000,0.000000,0.000000,0.000000,0.000000,0.000000,0.000000,0.000000,0.000000,0.000000,0.000000,0.000000,0.000000,0.000000,0.000000,0.000000,0.000000,0.000000,0.000000,0.000000,0.000000,0.000000,0.000000,0.000000,0.000000,0.000000,0.000000
129,1694940878.374982,1,,,0.0000,0.0000,0.0000,0.0000,,,,,,,,,,,0.000000,0.000000,0.000000,0.000000,0.000000,0.000000,0.000000,0.000000,0.000000,0.000000,0.000000,0.000000,0.000000,0.000000,0.000000,0.000000,0.000000,0.000000,0.000000,0.000000,0.000000,0.000000,0.000000,0.000000,0.000000,0.000000,0.000000,0.000000,0.000000,0.000000,0.000000,0.000000,0.000000,0.000000,0.000000,0.000000,0.000000,0.000000,0.000000,0.000000,0.000000,0.000000,0.000000,0.000000,0.000000,0.000000,0.000000,0.000000,0.000000,0.000000,0.000000,0.000000,0.000000,0.000000,0.000000,0.000000,0.000000,0.000000,0.000000,0.000000,0.000000,0.000000,0.000000
130,1694940878.383315,1,-32.2820,-32.2820,-7.9120,0.0000,13.5607,373.3119,,5741.1962,1.9262,142.7762,194.1428,30.8037,70.9852,108.7043,144.9727,0.205730,0.585036,0.603198,-0.000000,0.505174,0.648831,-0.018749,0.428308,0.600449,-0.025386,0.381383,0.513570,-0.025593,0.347827,0.448542,-0.023600,0.445793,0.435508,-0.037286,0.384081,0.340326,-0.041651,0.355951,0.288548,-0.038937,0.338869,0.247030,-0.035301,0.486344,0.370001,-0.028296,0.435654,0.252481,-0.030613,0.422468,0.280294,-0.018603,0.427516,0.318057,-0.005799,0.523282,0.338854,-0.018668,0.478990,0.240427,-0.023472,0.466197,0.277212,-0.012779,0.472927,0.312542,-0.001086,0.555215,0.325838,-0.009350,0.514982,0.256654,-0.009694,0.499584,0.285178,0.001021,0.503231,0.318580,0.012459
131,1694940878.391648,1,,,0.0000,0.0000,0.0000,0.0000,,,,,,,,,,,0.000000,0.000000,0.000000,0.000000,0.000000,0.000000,0.000000,0.000000,0.000000,0.000000,0.000000,0.000000,0.000000,0.000000,0.000000,0.000000,0.000000,0.000000,0.000000,0.000000,0.000000,0.000000,0.000000,0.000000,0.000000,0.000000,0.000000,0.000000,0.000000,0.000000,0.000000,0.000000,0.000000,0.000000,0.000000,0.000000,0.000000,0.000000,0.000000,0.000000,0.000000,0.000000,0.000000,0.000000,0.000000,0.000000,0.000000,0.000000,0.000000,0.000000,0.000000,0.000000,0.000000,0.000000,0.000000,0.000000,0.000000,0.000000,0.000000,0.000000,0.000000,0.000000,0.000000
132,1694940878.399982,1,,,0.0000,0.0000,0.0000,0.0000,,,,,,,,,,,0.000000,0.000000,0.000000,0.000000,0.000000,0.000000,0.000000,0.000000,0.000000,0.000000,0.000000,0.000000,0.000000,0.000000,0.000000,0.000000,0.000000,0.000000,0.000000,0.000000,0.000000,0.000000,0.000000,0.000000,0.000000,0.000000,0.000000,0.000000,0.000000,0.000000,0.000000,0.000000,0.000000,0.000000,0.000000,0.000000,0.000000,0.000000,0.000000,0.000000,0.000000,0.000000,0.000000,0.000000,0.000000,0.000000,0.000000,0.000000,0.000000,0.000000,0.000000,0.000000,0.000000,0.000000,0.000000,0.000000,0.000000,0.000000,0.000000,0.000000,0.000000,0.000000,0.000000
133,1694940878.408315,1,,,0.0000,0.0000,0.0000,0.0000,,,,,,,,,,,0.000000,0.000000,0.000000,0.000000,0.000000,0.000000,0.000000,0.000000,0.000000,0.000000,0.000000,0.000000,0.000000,0.000000,0.000000,0.000000,0.000000,0.000000,0.000000,0.000000,0.000000,0.000000,0.000000,0.000000,0.000000,0.000000,0.000000,0.000000,0.000000,0.000000,0.000000,0.000000,0.000000,0.000000,0.000000,0.000000,0.000000,0.000000,0.000000,0.000000,0.000000,0.000000,0.000000,0.000000,0.000000,0.000000,0.000000,0.000000,0.000000,0.000000,0.000000,0.000000,0.000000,0.000000,0.000000,0.000000,0.000000,0.000000,0.000000,0.000000,0.000000,0.000000,0.000000
134,1694940878.416648,1,,,0.0000,0.0000,0.0000,0.0000,,,,,,,,,,,0.000000,0.000000,0.000000,0.000000,0.000000,0.000000,0.000000,0.000000,0.000000,0.000000,0.000000,0.000000,0.000000,0.000000,0.000000,0.000000,0.000000,0.000000,0.000000,0.000000,0.000000,0.000000,0.000000,0.000000,0.000000,0.000000,0.000000,0.000000,0.000000,0.000000,0.000000,0.000000,0.000000,0.000000,0.000000,0.000000,0.000000,0.000000,0.000000,0.000000,0.000000,0.000000,0.000000,0.000000,0.000000,0.000000,0.000000,0.000000,0.000000,0.000000,0.000000,0.000000,0.000000,0.000000,0.000000,0.000000,0.000000,0.000000,0.000000,0.000000,0.000000,0.000000,0.000000
135,1694940878.424982,1,,,0.0000,0.0000,0.0000,0.0000,,,,,,,,,,,0.000000,0.000000,0.000000,0.000000,0.000000,0.000000,0.000000,0.000000,0.000000,0.000000,0.000000,0.000000,0.000000,0.000000,0.000000,0.000000,0.000000,0.000000,0.000000,0.000000,0.000000,0.000000,0.000000,0.000000,0.000000,0.000000,0.000000,0.000000,0.000000,0.000000,0.000000,0.000000,0.000000,0.000000,0.000000,0.000000,0.000000,0.000000,0.000000,0.000000,0.000000,0.000000,0.000000,0.000000,0.000000,0.000000,0.000000,0.000000,0.000000,0.000000,0.000000,0.000000,0.000000,0.000000,0.000000,0.000000,0.000000,0.000000,0.000000,0.000000,0.000000,0.000000,0.000000
136,1694940878.433315,1,,,0.0000,0.0000,0.0000,0.0000,,,,,,,,,,,0.000000,0.000000,0.000000,0.000000,0.000000,0.000000,0.000000,0.000000,0.000000,0.000000,0.000000,0.000000,0.000000,0.000000,0.000000,0.000000,0.000000,0.000000,0.000000,0.000000,0.000000,0.000000,0.000000,0.000000,0.000000,0.000000,0.000000,0.000000,0.000000,0.000000,0.000000,0.000000,0.000000,0.000000,0.000000,0.000000,0.000000,0.000000,0.000000,0.000000,0.000000,0.000000,0.000000,0.000000,0.000000,0.000000,0.000000,0.000000,0.000000,0.000000,0.000000,0.000000,0.000000,0.000000,0.000000,0.000000,0.000000,0.000000,0.000000,0.000000,0.000000,0.000000,0.000000
137,1694940878.441648,1,,,0.0000,0.0000,0.0000,0.0000,,,,,,,,,,,0.000000,0.000000,0.000000,0.000000,0.000000,0.000000,0.000000,0.000000,0.000000,0.000000,0.000000,0.000000,0.000000,0.000000,0.000000,0.000000,0.000000,0.000000,0.000000,0.000000,0.000000,0.000000,0.000000,0.000000,0.000000,0.000000,0.000000,0.000000,0.000000,0.000000,0.000000,0.000000,0.000000,0.000000,0.000000,0.000000,0.000000,0.000000,0.000000,0.000000,0.000000,0.000000,0.000000,0.000000,0.000000,0.000000,0.000000,0.000000,0.000000,0.000000,0.000000,0.000000,0.000000,0.000000,0.000000,0.000000,0.000000,0.000000,0.000000,0.000000,0.000000,0.000000,0.000000
138,1694940878.449982,1,,,0.0000,0.0000,0.0000,0.0000,,,,,,,,,,,0.000000,0.000000,0.000000,0.000000,0.000000,0.000000,0.000000,0.000000,0.000000,0.000000,0.000000,0.000000,0.000000,0.000000,0.000000,0.000000,0.000000,0.000000,0.000000,0.000000,0.000000,0.000000,0.000000,0.000000,0.000000,0.000000,0.000000,0.000000,0.000000,0.000000,0.000000,0.000000,0.000000,0.000000,0.000000,0.000000,0.000000,0.000000,0.000000,0.000000,0.000000,0.000000,0.000000,0.000000,0.000000,0.000000,0.000000,0.000000,0.000000,0.000000,0.000000,0.000000,0.000000,0.000000,0.000000,0.000000,0.000000,0.000000,0.000000,0.000000,0.000000,0.000000,0.000000
139,1694940878.458315,1,,,0.0000,0.0000,0.0000,0.0000,,,,,,,,,,,0.000000,0.000000,0.000000,0.000000,0.000000,0.000000,0.000000,0.000000,0.000000,0.000000,0.000000,0.000000,0.000000,0.000000,0.000000,0.000000,0.000000,0.000000,0.000000,0.000000,0.000000,0.000000,0.000000,0.000000,0.000000,0.000000,0.000000,0.000000,0.000000,0.000000,0.000000,0.000000,0.000000,0.000000,0.000000,0.000000,0.000000,0.000000,0.000000,0.000000,0.000000,0.000000,0.000000,0.000000,0.000000,0.000000,0.000000,0.000000,0.000000,0.000000,0.000000,0.000000,0.000000,0.000000,0.000000,0.000000,0.000000,0.000000,0.000000,0.000000,0.000000,0.000000,0.000000
140,1694940878.466648,1,,,0.0000,0.0000,0.0000,0.0000,,,,,,,,,,,0.000000,0.000000,0.000000,0.000000,0.000000,0.000000,0.000000,0.000000,0.000000,0.000000,0.000000,0.000000,0.000000,0.000000,0.000000,0.000000,0.000000,0.000000,0.000000,0.000000,0.000000,0.000000,0.000000,0.000000,0.000000,0.000000,0.000000,0.000000,0.000000,0.000000,0.000000,0.000000,0.000000,0.000000,0.000000,0.000000,0.000000,0.000000,0.000000,0.000000,0.000000,0.000000,0.000000,0.000000,0.000000,0.000000,0.000000,0.000000,0.000000,0.000000,0.000000,0.000000,0.000000,0.000000,0.000000,0.000000,0.000000,0.000000,0.000000,0.000000,0.000000,0.000000,0.000000
141,1694940878.474982,1,,,0.0000,0.0000,0.0000,0.0000,,,,,,,,,,,0.000000,0.000000,0.000000,0.000000,0.000000,0.000000,0.000000,0.000000,0.000000,0.000000,0.000000,0.000000,0.000000,0.000000,0.000000,0.000000,0.000000,0.000000,0.000000,0.000000,0.000000,0.000000,0.000000,0.000000,0.000000,0.000000,0.000000,0.000000,0.000000,0.000000,0.000000,0.000000,0.000000,0.000000,0.000000,0.000000,0.000000,0.000000,0.000000,0.000000,0.000000,0.000000,0.000000,0.000000,0.000000,0.000000,0.000000,0.000000,0.000000,0.000000,0.000000,0.000000,0.000000,0.000000,0.000000,0.000000,0.000000,0.000000,0.000000,0.000000,0.000000,0.000000,0.000000
142,1694940878.483315,0,,,0.0000,0.0000,0.0000,0.0000,,,,,,,,,,,0.000000,0.000000,0.000000,0.000000,0.000000,0.000000,0.000000,0.000000,0.000000,0.000000,0.000000,0.000000,0.000000,0.000000,0.000000,0.000000,0.000000,0.000000,0.000000,0.000000,0.000000,0.000000,0.000000,0.000000,0.000000,0.000000,0.000000,0.000000,0.000000,0.000000,0.000000,0.000000,0.000000,0.000000,0.000000,0.000000,0.000000,0.000000,0.000000,0.000000,0.000000,0.000000,0.000000,0.000000,0.000000,0.000000,0.000000,0.000000,0.000000,0.000000,0.000000,0.000000,0.000000,0.000000,0.000000,0.000000,0.000000,0.000000,0.000000,0.000000,0.000000,0.000000,0.000000
143,1694940878.491648,0,,,0.0000,0.0000,0.0000,0.0000,,,,,,,,,,,0.000000,0.000000,0.000000,0.000000,0.000000,0.000000,0.000000,0.000000,0.000000,0.000000,0.000000,0.000000,0.000000,0.000000,0.000000,0.000000,0.000000,0.000000,0.000000,0.000000,0.000000,0.000000,0.000000,0.000000,0.000000,0.000000,0.000000,0.000000,0.000000,0.000000,0.000000,0.000000,0.000000,0.000000,0.000000,0.000000,0.000000,0.000000,0.000000,0.000000,0.000000,0.000000,0.000000,0.000000,0.000000,0.000000,0.000000,0.000000,0.000000,0.000000,0.000000,0.000000,0.000000,0.000000,0.000000,0.000000,0.000000,0.000000,0.000000,0.000000,0.000000,0.000000,0.000000
144,1694940878.499982,0,,,0.0000,0.0000,0.0000,0.0000,,,,,,,,,,,0.000000,0.000000,0.000000,0.000000,0.000000,0.000000,0.000000,0.000000,0.000000,0.000000,0.000000,0.000000,0.000000,0.000000,0.000000,0.000000,0.000000,0.000000,0.000000,0.000000,0.000000,0.000000,0.000000,0.000000,0.000000,0.000000,0.000000,0.000000,0.000000,0.000000,0.000000,0.000000,0.000000,0.000000,0.000000,0.000000,0.000000,0.000000,0.000000,0.000000,0.000000,0.000000,0.000000,0.000000,0.000000,0.000000,0.000000,0.000000,0.000000,0.000000,0.000000,0.000000,0.000000,0.000000,0.000000,0.000000,0.000000,0.000000,0.000000,0.000000,0.000000,0.000000,0.000000
145,1694940878.508315,0,,,0.0000,0.0000,0.0000,0.0000,,,,,,,,,,,0.000000,0.000000,0.000000,0.000000,0.000000,0.000000,0.000000,0.000000,0.000000,0.000000,0.000000,0.000000,0.000000,0.000000,0.000000,0.000000,0.000000,0.000000,0.000000,0.000000,0.000000,0.000000,0.000000,0.000000,0.000000,0.000000,0.000000,0.000000,0.000000,0.000000,0.000000,0.000000,0.000000,0.000000,0.000000,0.000000,0.000000,0.000000,0.000000,0.000000,0.000000,0.000000,0.000000,0.000000,0.000000,0.000000,0.000000,0.000000,0.000000,0.000000,0.000000,0.000000,0.000000,0.000000,0.000000,0.000000,0.000000,0.000000,0.000000,0.000000,0.000000,0.000000,0.000000
146,1694940878.516648,0,,,0.0000,0.0000,0.0000,0.0000,,,,,,,,,,,0.000000,0.000000,0.000000,0.000000,0.000000,0.000000,0.000000,0.000000,0.000000,0.000000,0.000000,0.000000,0.000000,0.000000,0.000000,0.000000,0.000000,0.000000,0.000000,0.000000,0.000000,0.000000,0.000000,0.000000,0.000000,0.000000,0.000000,0.000000,0.000000,0.000000,0.000000,0.000000,0.000000,0.000000,0.000000,0.000000,0.000000,0.000000,0.000000,0.000000,0.000000,0.000000,0.000000,0.000000,0.000000,0.000000,0.000000,0.000000,0.000000,0.000000,0.000000,0.000000,0.000000,0.000000,0.000000,0.000000,0.000000,0.000000,0.000000,0.000000,0.000000,0.000000,0.000000
147,1694940878.524982,0,,,0.0000,0.0000,0.0000,0.0000,,,,,,,,,,,0.000000,0.000000,0.000000,0.000000,0.000000,0.000000,0.000000,0.000000,0.000000,0.000000,0.000000,0.000000,0.000000,0.000000,0.000000,0.000000,0.000000,0.000000,0.000000,0.000000,0.000000,0.000000,0.000000,0.000000,0.000000,0.000000,0.000000,0.000000,0.000000,0.000000,0.000000,0.000000,0.000000,0.000000,0.000000,0.000000,0.000000,0.000000,0.000000,0.000000,0.000000,0.000000,0.000000,0.000000,0.000000,0.000000,0.000000,0.000000,0.000000,0.000000,0.000000,0.000000,0.000000,0.000000,0.000000,0.000000,0.000000,0.000000,0.000000,0.000000,0.000000,0.000000,0.000000
148,1694940878.533315,0,,,0.0000,0.0000,0.0000,0.0000,,,,,,,,,,,0.000000,0.000000,0.000000,0.000000,0.000000,0.000000,0.000000,0.000000,0.000000,0.000000,0.000000,0.000000,0.000000,0.000000,0.000000,0.000000,0.000000,0.000000,0.000000,0.000000,0.000000,0.000000,0.000000,0.000000,0.000000,0.000000,0.000000,0.000000,0.000000,0.000000,0.000000,0.000000,0.000000,0.000000,0.000000,0.000000,0.000000,0.000000,0.000000,0.000000,0.000000,0.000000,0.000000,0.000000,0.000000,0.000000,0.000000,0.000000,0.000000,0.000000,0.000000,0.000000,0.000000,0.000000,0.000000,0.000000,0.000000,0.000000,0.000000,0.000000,0.000000,0.000000,0.000000
149,1694940878.541648,0,,,0.0000,0.0000,0.0000,0.0000,,,,,,,,,,,0.000000,0.000000,0.000000,0.000000,0.000000,0.000000,0.000000,0.000000,0.000000,0.000000,0.000000,0.000000,0.000000,0.000000,0.000000,0.000000,0.000000,0.000000,0.000000,0.000000,0.000000,0.000000,0.000000,0.000000,0.000000,0.000000,0.000000,0.000000,0.000000,0.000000,0.000000,0.000000,0.000000,0.000000,0.000000,0.000000,0.000000,0.000000,0.000000,0.000000,0.000000,0.000000,0.000000,0.000000,0.000000,0.000000,0.000000,0.000000,0.000000,0.000000,0.000000,0.000000,0.000000,0.000000,0.000000,0.000000,0.000000,0.000000,0.000000,0.000000,0.000000,0.000000,0.000000
150,1694940878.549982,0,,,0.0000,0.0000,0.0000,0.0000,,6003.5227,1.7207,104.5741,99.0885,285.3739,290.5688,287.0893,278.2289,0.037291,0.531543,0.624226,-0.000000,0.461155,0.688293,-0.006542,0.384437,0.690414,-0.016693,0.323696,0.666267,-0.022802,0.276178,0.653407,-0.027410,0.372441,0.578025,-0.049797,0.283104,0.534557,-0.066626,0.238410,0.505439,-0.066955,0.211088,0.476484,-0.062362,0.401481,0.490357,-0.050255,0.315972,0.382691,-0.068177,0.315022,0.414279,-0.054488,0.332694,0.446072,-0.035259,0.436010,0.433691,-0.047875,0.366386,0.342826,-0.062614,0.359014,0.388038,-0.044251,0.371352,0.422532,-0.022624,0.469976,0.401686,-0.043955,0.411812,0.340671,-0.045060,0.398975,0.375230,-0.024974,0.406408,0.408352,-0.004451
151,1694940878.558315,0,,,0.0000,0.0000,0.0000,0.0000,48.8918,5726.8449,1.8765,107.5100,96.7779,282.1447,285.5099,280.2048,269.6680,0.028029,0.532697,0.618513,-0.000000,0.465203,0.688402,-0.005370,0.388792,0.692077,-0.014959,0.326928,0.664254,-0.021004,0.278644,0.648774,-0.026010,0.376357,0.582229,-0.045999,0.287269,0.536848,-0.061540,0.243531,0.506335,-0.061340,0.216476,0.477693,-0.056930,0.403451,0.491532,-0.047314,0.316578,0.388055,-0.064253,0.320813,0.419782,-0.051423,0.342105,0.451138,-0.033371,0.435626,0.430283,-0.045797,0.362487,0.347405,-0.060170,0.361988,0.391165,-0.042547,0.379263,0.422384,-0.022134,0.466935,0.393409,-0.042708,0.406002,0.337470,-0.045378,0.399886,0.370311,-0.026643,0.413301,0.398156,-0.007299
152,1694940878.566648,0,,,0.0000,0.0000,0.0000,0.0000,63.9385,5901.7941,1.8962,108.1698,97.9280,281.3482,285.3121,281.0253,271.9098,0.027662,0.532776,0.625173,-0.000000,0.463889,0.691212,-0.006474,0.388462,0.693530,-0.018135,0.328541,0.666253,-0.026096,0.280230,0.648665,-0.032655,0.377071,0.582094,-0.049883,0.288454,0.534422,-0.067558,0.243811,0.503406,-0.067552,0.216672,0.474531,-0.062678,0.406532,0.493913,-0.051483,0.319229,0.387423,-0.069950,0.321424,0.421619,-0.055179,0.341485,0.454577,-0.035042,0.440704,0.435104,-0.050523,0.367418,0.347112,-0.066294,0.362284,0.390006,-0.046478,0.376503,0.421894,-0.023817,0.473523,0.399324,-0.048089,0.411669,0.337857,-0.050578,0.401082,0.368710,-0.030126,0.410710,0.397971,-0.009315
153,1694940878.574982,0,,,0.0000,0.0000,0.0000,0.0000,42.6743,5946.7322,2.4475,106.3465,91.5903,275.9410,280.1777,276.0378,266.6260,0.030922,0.536914,0.618431,0.000000,0.467932,0.687078,-0.006673,0.391039,0.693093,-0.017036,0.328199,0.665962,-0.023988,0.278193,0.645183,-0.029780,0.380339,0.582371,-0.046562,0.290768,0.535046,-0.063031,0.247056,0.505312,-0.063912,0.219322,0.475716,-0.060380,0.407864,0.490516,-0.048327,0.319628,0.387064,-0.065961,0.317758,0.416181,-0.055066,0.334047,0.443558,-0.038976,0.439840,0.429639,-0.047430,0.365055,0.348487,-0.061418,0.360621,0.394315,-0.044530,0.375707,0.426862,-0.025148,0.470342,0.393000,-0.045342,0.408018,0.338935,-0.048383,0.398358,0.373249,-0.030623,0.409742,0.403119,-0.012143
154,1694940878.583315,0,,,0.0000,0.0000,0.0000,0.0000,15.8150,6315.2256,2.5377,113.6682,90.8416,274.9808,277.9961,272.6563,261.8535,0.022292,0.543091,0.624161,-0.000000,0.470809,0.689617,-0.006830,0.393759,0.693500,-0.016899,0.331799,0.666444,-0.022707,0.284004,0.648902,-0.027165,0.384119,0.582044,-0.049543,0.292708,0.535228,-0.065579,0.248689,0.503101,-0.065564,0.220657,0.473464,-0.061164,0.411044,0.490271,-0.049484,0.322215,0.389184,-0.065774,0.323062,0.418452,-0.052344,0.341047,0.448511,-0.034262,0.442854,0.429260,-0.046577,0.369684,0.348139,-0.059773,0.363580,0.388612,-0.041909,0.376749,0.420526,-0.021678,0.473378,0.393849,-0.042243,0.412409,0.338123,-0.043666,0.401625,0.369033,-0.024831,0.410782,0.398751,-0.005639
155,1694940878.591648,0,,,0.0000,0.0000,0.0000,0.0000,46.0497,6331.2141,2.8752,113.2778,87.4443,273.3931,275.5207,269.9104,258.7592,0.017505,0.542888,0.625966,0.000000,0.471242,0.691723,-0.004758,0.394826,0.692055,-0.014465,0.333383,0.664748,-0.020765,0.285149,0.645185,-0.025737,0.383717,0.580433,-0.046626,0.294801,0.533113,-0.062875,0.251139,0.502772,-0.062819,0.223939,0.473413,-0.058500,0.412753,0.491025,-0.049037,0.323585,0.386885,-0.066983,0.323316,0.414355,-0.054122,0.341661,0.442258,-0.035911,0.447639,0.431539,-0.048593,0.374776,0.346751,-0.062439,0.369165,0.389262,-0.043318,0.382765,0.420707,-0.021842,0.482250,0.397101,-0.046778,0.421231,0.338387,-0.047836,0.410581,0.370724,-0.027672,0.421178,0.400924,-0.007364
156,1694940878.599982,0,,,0.0000,0.0000,0.0000,0.0000,39.8193,6561.5342,2.5802,110.9352,84.9004,271.6899,272.9822,266.2542,253.4740,0.012571,0.543015,0.624360,0.000000,0.473108,0.692159,-0.005945,0.396934,0.693661,-0.016667,0.335770,0.664429,-0.023708,0.287151,0.640180,-0.029443,0.388265,0.581050,-0.049811,0.298510,0.531522,-0.066523,0.254201,0.502128,-0.065936,0.226533,0.473586,-0.061233,0.417855,0.491322,-0.051894,0.328645,0.382752,-0.072097,0.329241,0.417369,-0.059053,0.347923,0.449790,-0.039868,0.451804,0.431637,-0.051040,0.377498,0.345006,-0.066559,0.373495,0.392486,-0.047247,0.388493,0.425932,-0.025137,0.484354,0.395995,-0.048821,0.423909,0.339972,-0.051525,0.414209,0.376003,-0.032131,0.425294,0.406649,-0.012079
157,1694940878.608315,0,,,0.0000,0.0000,0.0000,0.0000,45.2347,6312.9259,2.7576,108.9807,74.8236,267.5318,267.9838,261.1774,249.1091,0.013293,0.547509,0.624358,0.000000,0.476499,0.690050,-0.005854,0.400346,0.692643,-0.016455,0.337454,0.662442,-0.023693,0.287674,0.638733,-0.029588,0.389210,0.582021,-0.046629,0.300837,0.531524,-0.062110,0.257463,0.500933,-0.061759,0.229809,0.471409,-0.057469,0.418491,0.491285,-0.048541,0.331229,0.383718,-0.065814,0.329820,0.411225,-0.053603,0.346715,0.439461,-0.036268,0.452207,0.431083,-0.047665,0.380454,0.345633,-0.060668,0.374037,0.386055,-0.042674,0.387017,0.417124,-0.022519,0.484302,0.394082,-0.045547,0.423965,0.334194,-0.046575,0.412389,0.362889,-0.027737,0.421263,0.390474,-0.008720
158,1694940878.616648,0,,,0.0000,0.0000,0.0000,0.0000,44.5403,6145.7931,2.8713,108.0370,70.6956,263.9381,264.3437,257.6869,245.6110,0.010688,0.549980,0.626320,0.000000,0.478892,0.690452,-0.004104,0.402329,0.691309,-0.014362,0.340031,0.663172,-0.021267,0.291547,0.636818,-0.026522,0.393246,0.582424,-0.048076,0.304088,0.529247,-0.065701,0.260135,0.498451,-0.066243,0.232834,0.467847,-0.062053,0.422545,0.494046,-0.050383,0.334882,0.382905,-0.070181,0.334520,0.414556,-0.056836,0.352680,0.445762,-0.037638,0.456854,0.434353,-0.049681,0.383861,0.343509,-0.063899,0.377468,0.388382,-0.043473,0.391218,0.421667,-0.020671,0.490752,0.398362,-0.047540,0.430327,0.334897,-0.047661,0.417580,0.367802,-0.026536,0.426549,0.398598,-0.005423
159,1694940878.624982,0,,,0.0000,0.0000,0.0000,0.0000,4.3699,6420.4166,2.5268,108.3650,69.8682,261.2146,261.4573,254.5226,241.7371,0.012912,0.549869,0.625792,0.000000,0.478966,0.689630,-0.008121,0.403334,0.692183,-0.019556,0.342406,0.663688,-0.027397,0.293910,0.637077,-0.033566,0.393082,0.577911,-0.047210,0.306212,0.527568,-0.064327,0.263067,0.498406,-0.065565,0.235732,0.470051,-0.062350,0.423049,0.490397,-0.048527,0.337909,0.381922,-0.068088,0.337590,0.413117,-0.057023,0.354481,0.442754,-0.039964,0.457670,0.432428,-0.047410,0.387297,0.341044,-0.062097,0.381113,0.386493,-0.043832,0.394441,0.421081,-0.022918,0.491266,0.398046,-0.045361,0.432612,0.333793,-0.047340,0.420289,0.367097,-0.028367,0.428957,0.399229,-0.008884
160,1694940878.633315,0,,,0.0000,0.0000,0.0000,0.0000,70.6532,6224.5022,2.5577,107.2577,68.3220,257.2753,257.1120,249.8427,237.7334,0.011215,0.550689,0.624598,-0.000000,0.480978,0.691915,-0.006634,0.404872,0.694440,-0.017800,0.344334,0.665006,-0.025032,0.296938,0.635525,-0.030311,0.397213,0.577408,-0.049046,0.309267,0.524989,-0.063234,0.266400,0.497081,-0.059685,0.240177,0.470651,-0.052983,0.427415,0.490916,-0.050213,0.338855,0.381316,-0.068577,0.339793,0.413541,-0.053348,0.358605,0.442958,-0.032628,0.461010,0.431886,-0.048502,0.387537,0.342383,-0.061363,0.383326,0.387662,-0.039717,0.397688,0.421091,-0.016390,0.493680,0.396884,-0.045731,0.435017,0.335273,-0.045975,0.424425,0.369558,-0.025414,0.434379,0.401653,-0.004764
161,1694940878.641648,0,,,0.0000,0.0000,0.0000,0.0000,19.6162,5815.4020,2.4427,109.8279,61.4870,251.3921,251.5985,244.9604,233.0726,0.007666,0.550615,0.626912,0.000000,0.481020,0.691404,-0.006247,0.405427,0.694675,-0.018326,0.345411,0.664801,-0.026943,0.298419,0.633007,-0.033633,0.399226,0.578349,-0.048739,0.312477,0.522601,-0.064048,0.269879,0.492163,-0.061579,0.244355,0.464225,-0.055543,0.430285,0.493006,-0.051094,0.343372,0.378162,-0.070092,0.342593,0.409804,-0.055453,0.360014,0.440385,-0.035145,0.464473,0.434943,-0.050691,0.391748,0.342261,-0.063975,0.386492,0.388265,-0.042439,0.400213,0.422989,-0.019191,0.497832,0.399818,-0.049250,0.438252,0.337587,-0.050104,0.426059,0.372214,-0.029561,0.434684,0.405463,-0.008880
162,1694940878.649982,0,,,0.0000,0.0000,0.0000,0.0000,5.2847,5787.4312,2.8837,105.4406,52.8201,245.6001,245.6076,238.6880,226.3477,0.013841,0.554268,0.626977,-0.000000,0.482655,0.689991,-0.001464,0.406485,0.691970,-0.010419,0.344531,0.659958,-0.016453,0.297606,0.630523,-0.020682,0.399242,0.577812,-0.045178,0.313652,0.520386,-0.060572,0.271062,0.489148,-0.059915,0.244820,0.459161,-0.055403,0.429651,0.491734,-0.048711,0.345719,0.373823,-0.065706,0.342197,0.406747,-0.051097,0.357551,0.442096,-0.031754,0.464202,0.433588,-0.049163,0.395273,0.335159,-0.060481,0.387381,0.378958,-0.039930,0.399027,0.414698,-0.018092,0.498919,0.397998,-0.048144,0.441369,0.333033,-0.047068,0.426022,0.366049,-0.026825,0.431588,0.399916,-0.006987
163,1694940878.658315,0,,,0.0000,0.0000,0.0000,0.0000,20.6192,5725.7355,2.5964,107.4329,51.3999,242.3717,241.6821,234.1197,221.8578,0.007697,0.555063,0.623745,0.000000,0.483864,0.686769,-0.003184,0.408166,0.691154,-0.013358,0.347575,0.659255,-0.020751,0.299603,0.627187,-0.026490,0.400560,0.574430,-0.044660,0.316370,0.519765,-0.059315,0.274308,0.486713,-0.058142,0.248933,0.455561,-0.053433,0.430967,0.488065,-0.048410,0.347912,0.371802,-0.064837,0.347298,0.404327,-0.050619,0.364792,0.436955,-0.031731,0.465438,0.430398,-0.049319,0.395345,0.337157,-0.060070,0.391197,0.383500,-0.039247,0.405235,0.418989,-0.017685,0.500204,0.395976,-0.049083,0.441828,0.330210,-0.048422,0.429637,0.364763,-0.028160,0.438053,0.399597,-0.008403
164,1694940878.666648,0,,,0.0000,0.0000,0.0000,0.0000,45.5301,5761.7391,2.8395,104.5201,46.2859,237.7989,237.8846,230.7621,219.1461,0.010781,0.557159,0.626041,0.000000,0.484285,0.686455,-0.004857,0.408427,0.689002,-0.015894,0.347657,0.657842,-0.023861,0.299348,0.625272,-0.029994,0.402609,0.571287,-0.045358,0.318056,0.515044,-0.060834,0.275317,0.481280,-0.060848,0.249250,0.451483,-0.056875,0.433700,0.484815,-0.048151,0.349318,0.369899,-0.064441,0.342886,0.395464,-0.051284,0.355840,0.424323,-0.033488,0.468199,0.427391,-0.048293,0.397063,0.334948,-0.058368,0.387438,0.379136,-0.037698,0.397472,0.415800,-0.016376,0.502656,0.393600,-0.047590,0.444122,0.329239,-0.046529,0.427796,0.362680,-0.026494,0.432279,0.397965,-0.006871
165,1694940878.674982,0,,,0.0000,0.0000,0.0000,0.0000,11.5014,6219.0529,2.6555,106.3966,44.5327,235.4523,236.3198,229.3169,217.4049,0.011036,0.556849,0.625611,0.000000,0.486516,0.687324,-0.007092,0.410197,0.689732,-0.018553,0.349373,0.656089,-0.026421,0.301560,0.621994,-0.032289,0.405361,0.569541,-0.046964,0.320355,0.512714,-0.061799,0.278051,0.480269,-0.060843,0.251793,0.450494,-0.056405,0.436221,0.484941,-0.048655,0.351824,0.366338,-0.066357,0.347857,0.396484,-0.053794,0.362702,0.429362,-0.035771,0.470389,0.428768,-0.047691,0.399734,0.335282,-0.059314,0.392813,0.380693,-0.039438,0.404732,0.416759,-0.018030,0.504272,0.395605,-0.045938,0.446081,0.328563,-0.046079,0.431624,0.361178,-0.026747,0.437569,0.394616,-0.007350
166,1694940878.683315,0,,,0.0000,0.0000,0.0000,0.0000,27.1795,5953.0404,3.0531,107.2917,42.3681,230.2757,230.7602,223.8360,212.5357,0.011899,0.559093,0.625103,0.000000,0.487748,0.685654,-0.006964,0.410635,0.688433,-0.018970,0.350128,0.654354,-0.027850,0.302105,0.619173,-0.034805,0.405612,0.566572,-0.044810,0.322079,0.509006,-0.059537,0.280116,0.477094,-0.058805,0.254594,0.448602,-0.054665,0.437629,0.483805,-0.047689,0.353674,0.364078,-0.065056,0.348963,0.391992,-0.053201,0.362578,0.421818,-0.036029,0.472517,0.427921,-0.048112,0.401376,0.331177,-0.059122,0.393817,0.376047,-0.038925,0.404959,0.411784,-0.017918,0.506989,0.393769,-0.047970,0.448512,0.327651,-0.048256,0.434740,0.362819,-0.028746,0.440944,0.398353,-0.009414
167,1694940878.691648,0,,,0.0000,0.0000,0.0000,0.0000,28.2374,5669.0401,2.5811,109.2755,38.0973,227.4709,226.9662,219.6588,208.0720,0.012022,0.558872,0.623740,0.000000,0.485765,0.684027,-0.007432,0.409756,0.687871,-0.019579,0.349096,0.654657,-0.027355,0.302343,0.613400,-0.032770,0.407677,0.564740,-0.049364,0.321994,0.506119,-0.061461,0.280434,0.471712,-0.056873,0.255908,0.441441,-0.049784,0.440320,0.478080,-0.049824,0.355443,0.359332,-0.065236,0.350536,0.388332,-0.049800,0.363640,0.418554,-0.029826,0.473984,0.419943,-0.047406,0.402162,0.327548,-0.055801,0.393618,0.371976,-0.034188,0.403309,0.407529,-0.012289,0.506487,0.386224,-0.044227,0.446720,0.323181,-0.042021,0.431337,0.355692,-0.022097,0.436047,0.390039,-0.002533
168,1694940878.699982,0,,,0.0000,0.0000,0.0000,0.0000,58.7827,5795.3898,2.3189,108.6397,38.6277,224.6804,225.0543,218.6672,207.9620,0.009618,0.557219,0.621313,0.000000,0.485753,0.682519,-0.008692,0.410033,0.685151,-0.021120,0.349955,0.651588,-0.029175,0.303491,0.611687,-0.034603,0.407864,0.560321,-0.049192,0.323533,0.501827,-0.062859,0.281660,0.469060,-0.059570,0.257111,0.439591,-0.053301,0.441450,0.476889,-0.049780,0.357373,0.356695,-0.067698,0.351010,0.389787,-0.053009,0.363568,0.423342,-0.032808,0.476020,0.422392,-0.047815,0.404644,0.326575,-0.058735,0.393692,0.372207,-0.036887,0.402982,0.408493,-0.013830,0.509390,0.391693,-0.045290,0.450024,0.322813,-0.044531,0.432774,0.355554,-0.024336,0.436846,0.390285,-0.004104
169,1694940878.708315,0,,,0.0000,0.0000,0.0000,0.0000,19.1404,5579.5038,2.1865,107.0980,33.8997,222.3458,222.1364,215.2737,203.5775,0.009573,0.557834,0.623455,0.000000,0.484849,0.682153,-0.007914,0.409652,0.682262,-0.020001,0.350214,0.648438,-0.028172,0.303921,0.608228,-0.033855,0.407674,0.557596,-0.045799,0.324879,0.499407,-0.059178,0.283984,0.466156,-0.056881,0.259997,0.435947,-0.051578,0.442000,0.476141,-0.047025,0.359331,0.355031,-0.064068,0.352672,0.385386,-0.050284,0.364517,0.417889,-0.031107,0.477874,0.423505,-0.045884,0.407390,0.325256,-0.055984,0.395500,0.369229,-0.034722,0.403358,0.405495,-0.012500,0.512612,0.394118,-0.044241,0.453597,0.324487,-0.043402,0.435254,0.357239,-0.023654,0.438049,0.393340,-0.003946
170,1694940878.716648,0,,,0.0000,0.0000,0.0000,0.0000,55.5046,5494.9307,2.4081,106.0640,30.6457,217.5503,217.5025,211.2808,200.4368,0.008027,0.559763,0.623436,0.000000,0.487668,0.683285,-0.007963,0.410692,0.682783,-0.020243,0.349906,0.646097,-0.028525,0.302997,0.608551,-0.034488,0.408455,0.560994,-0.048446,0.325502,0.496811,-0.063444,0.284247,0.461939,-0.062422,0.259476,0.430932,-0.057851,0.441548,0.478240,-0.049567,0.359662,0.355982,-0.066091,0.355897,0.390145,-0.052127,0.369662,0.425658,-0.033443,0.476564,0.423196,-0.048181,0.406265,0.324977,-0.058460,0.397563,0.370508,-0.037562,0.408341,0.407422,-0.016000,0.510540,0.390895,-0.046167,0.451895,0.319724,-0.045815,0.436348,0.351946,-0.026219,0.441426,0.386846,-0.006816
171,1694940878.724982,0,,,0.0000,0.0000,0.0000,0.0000,60.7602,5729.7614,2.1021,107.0409,31.3493,217.5581,216.3459,208.3776,196.6562,0.005810,0.559981,0.620274,0.000000,0.488575,0.680629,-0.007417,0.411232,0.683038,-0.018355,0.350629,0.645398,-0.025678,0.303822,0.606771,-0.030837,0.409698,0.558219,-0.044095,0.327602,0.493174,-0.057222,0.285837,0.458164,-0.055928,0.260872,0.428283,-0.051616,0.442483,0.473981,-0.045691,0.361574,0.353823,-0.060908,0.354996,0.383323,-0.048604,0.367361,0.415503,-0.031603,0.477090,0.419024,-0.044875,0.407256,0.324068,-0.053758,0.397420,0.368403,-0.034149,0.407254,0.404364,-0.014129,0.510512,0.387562,-0.043583,0.452525,0.319180,-0.042903,0.436335,0.350944,-0.024467,0.440781,0.384148,-0.006249
172,1694940878.733315,0,,,0.0000,0.0000,0.0000,0.0000,,,,,,,,,,,0.000000,0.000000,0.000000,0.000000,0.000000,0.000000,0.000000,0.000000,0.000000,0.000000,0.000000,0.000000,0.000000,0.000000,0.000000,0.000000,0.000000,0.000000,0.000000,0.000000,0.000000,0.000000,0.000000,0.000000,0.000000,0.000000,0.000000,0.000000,0.000000,0.000000,0.000000,0.000000,0.000000,0.000000,0.000000,0.000000,0.000000,0.000000,0.000000,0.000000,0.000000,0.000000,0.000000,0.000000,0.000000,0.000000,0.000000,0.000000,0.000000,0.000000,0.000000,0.000000,0.000000,0.000000,0.000000,0.000000,0.000000,0.000000,0.000000,0.000000,0.000000,0.000000,0.000000
173,1694940878.741648,0,,,0.0000,0.0000,0.0000,0.0000,,,,,,,,,,,0.000000,0.000000,0.000000,0.000000,0.000000,0.000000,0.000000,0.000000,0.000000,0.000000,0.000000,0.000000,0.000000,0.000000,0.000000,0.000000,0.000000,0.000000,0.000000,0.000000,0.000000,0.000000,0.000000,0.000000,0.000000,0.000000,0.000000,0.000000,0.000000,0.000000,0.000000,0.000000,0.000000,0.000000,0.000000,0.000000,0.000000,0.000000,0.000000,0.000000,0.000000,0.000000,0.000000,0.000000,0.000000,0.000000,0.000000,0.000000,0.000000,0.000000,0.000000,0.000000,0.000000,0.000000,0.000000,0.000000,0.000000,0.000000,0.000000,0.000000,0.000000,0.000000,0.000000
174,1694940878.749982,0,,,0.0000,0.0000,0.0000,0.0000,,9132.0442,2.2819,111.3650,15.9672,209.9487,209.4095,202.4819,191.4960,0.012083,0.560509,0.621296,0.000000,0.487515,0.678213,-0.008342,0.410762,0.678257,-0.019949,0.350110,0.642152,-0.027091,0.305657,0.597588,-0.031621,0.410836,0.552162,-0.047505,0.328519,0.486816,-0.059408,0.288489,0.449833,-0.056000,0.265014,0.418297,-0.050006,0.444971,0.469824,-0.047478,0.363213,0.347417,-0.061982,0.353816,0.372581,-0.047779,0.364014,0.404603,-0.029212,0.480109,0.416351,-0.044801,0.410979,0.318285,-0.052379,0.397453,0.358947,-0.031378,0.403840,0.395746,-0.010169,0.514059,0.387088,-0.041646,0.456281,0.315421,-0.039041,0.437190,0.345279,-0.019471,0.438750,0.380699,-0.000325
175,1694940878.758315,0,,,0.0000,0.0000,0.0000,0.0000,8.1320,9892.1429,2.5587,114.0965,17.3769,209.0480,208.7835,202.1925,191.3540,0.011235,0.561193,0.621294,0.000000,0.487602,0.678601,-0.008508,0.411044,0.677355,-0.019988,0.350143,0.638736,-0.027142,0.304516,0.596822,-0.031792,0.409720,0.548815,-0.045999,0.328003,0.482232,-0.057860,0.287637,0.445042,-0.055331,0.263477,0.413184,-0.050124,0.443186,0.467274,-0.045744,0.364004,0.345545,-0.059165,0.354458,0.374569,-0.045432,0.363907,0.409755,-0.027648,0.478188,0.414484,-0.042989,0.411508,0.316301,-0.049968,0.397866,0.359161,-0.030198,0.404610,0.397807,-0.010296,0.512092,0.384975,-0.039826,0.456284,0.315970,-0.037863,0.437175,0.346684,-0.019761,0.438645,0.381929,-0.001808
176,1694940878.766648,0,,,0.0000,0.0000,0.0000,0.0000,22.3616,8391.7353,2.1396,114.5864,23.0728,209.7174,208.8009,200.7018,188.6431,0.004319,0.563303,0.621522,0.000000,0.489525,0.678965,-0.009515,0.412165,0.678746,-0.021133,0.350382,0.638956,-0.028173,0.304044,0.596356,-0.032651,0.410785,0.548589,-0.045904,0.329245,0.480109,-0.057662,0.288970,0.442404,-0.055728,0.264125,0.410904,-0.050992,0.443877,0.465374,-0.044931,0.364976,0.344110,-0.057352,0.352843,0.366635,-0.044561,0.359618,0.397696,-0.028056,0.478580,0.411853,-0.041556,0.410834,0.315356,-0.047841,0.395561,0.354539,-0.028845,0.400509,0.391767,-0.009793,0.512081,0.381550,-0.037871,0.454858,0.311969,-0.035844,0.434102,0.338391,-0.018238,0.433434,0.370674,-0.000722
177,1694940878.774982,0,,,0.0000,0.0000,0.0000,0.0000,2.3638,7930.8981,2.3026,118.7909,24.4081,205.0016,205.4626,198.9289,188.4999,0.007000,0.562611,0.619075,0.000000,0.490242,0.680198,-0.006164,0.412072,0.677871,-0.017327,0.350790,0.633303,-0.024425,0.304914,0.593581,-0.029070,0.410120,0.552368,-0.047491,0.328719,0.477702,-0.059811,0.288952,0.438412,-0.056762,0.265873,0.404896,-0.051049,0.444072,0.470630,-0.048489,0.365905,0.338896,-0.061870,0.361441,0.369374,-0.046354,0.373485,0.403778,-0.027352,0.479589,0.414796,-0.046748,0.413234,0.308208,-0.053591,0.401760,0.349509,-0.032142,0.409825,0.386839,-0.011260,0.513801,0.381291,-0.044300,0.456283,0.307481,-0.042120,0.437734,0.336800,-0.023053,0.439215,0.372507,-0.004515
178,1694940878.783315,0,,,0.0000,0.0000,0.0000,0.0000,34.6012,8227.6178,1.7186,115.0370,24.0431,205.4471,206.0379,200.4714,190.6332,0.004750,0.560558,0.617198,0.000000,0.487452,0.676261,-0.009937,0.410030,0.676104,-0.021998,0.349412,0.634943,-0.029639,0.302946,0.592370,-0.034740,0.408823,0.541167,-0.045927,0.328538,0.474242,-0.058267,0.288834,0.437832,-0.056679,0.264606,0.406284,-0.052253,0.442948,0.458796,-0.045410,0.365204,0.340581,-0.059133,0.355664,0.367147,-0.046423,0.365406,0.398583,-0.029720,0.478195,0.406331,-0.042656,0.410801,0.311314,-0.050375,0.396745,0.353025,-0.031108,0.403267,0.389855,-0.011705,0.511405,0.377125,-0.039640,0.453680,0.309282,-0.038547,0.433969,0.340983,-0.020675,0.435524,0.375557,-0.002973
179,1694940878.791648,0,,,0.0000,0.0000,0.0000,0.0000,83.0754,7282.4023,1.4077,111.7238,25.8140,206.7059,206.7209,200.0467,188.3602,0.001676,0.560771,0.617472,0.000000,0.486936,0.674953,-0.009610,0.409671,0.676033,-0.021505,0.349766,0.636375,-0.029099,0.305717,0.588037,-0.034056,0.409388,0.539652,-0.045669,0.328124,0.474237,-0.056617,0.288711,0.437430,-0.053176,0.265291,0.406332,-0.047447,0.444014,0.457828,-0.045570,0.363400,0.342029,-0.059479,0.352909,0.364992,-0.046367,0.362911,0.393621,-0.028967,0.479811,0.406074,-0.043158,0.410812,0.310367,-0.051020,0.395683,0.349507,-0.031500,0.401146,0.385070,-0.011527,0.513991,0.377911,-0.040435,0.455721,0.304273,-0.039450,0.434297,0.331774,-0.021629,0.433975,0.365256,-0.003631
180,1694940878.799982,0,,,0.0000,0.0000,0.0000,0.0000,42.3805,9640.9700,2.3486,117.1451,20.7709,203.2481,204.3144,199.0392,188.1930,0.007500,0.561129,0.616383,0.000000,0.488056,0.675039,-0.010469,0.410009,0.674408,-0.020840,0.349488,0.632598,-0.026480,0.304334,0.587055,-0.029303,0.409533,0.535992,-0.043376,0.329262,0.470213,-0.053234,0.289321,0.433824,-0.049239,0.265569,0.402108,-0.043178,0.444092,0.454607,-0.042290,0.366222,0.333026,-0.055468,0.358344,0.366167,-0.042066,0.370427,0.403018,-0.023793,0.479739,0.404498,-0.039096,0.414195,0.309837,-0.047564,0.401717,0.355231,-0.029840,0.408991,0.392502,-0.010401,0.513929,0.378047,-0.035469,0.458244,0.308450,-0.034483,0.439646,0.337883,-0.017466,0.441965,0.372065,0.000066
181,1694940878.808315,0,,,0.0000,0.0000,0.0000,0.0000,45.7615,7731.6963,1.5544,114.0756,21.9313,204.8129,203.7111,197.0543,185.2866,0.001964,0.560165,0.614536,0.000000,0.488000,0.673231,-0.012777,0.410384,0.673490,-0.023834,0.350522,0.633794,-0.029999,0.305805,0.587333,-0.033107,0.409051,0.533747,-0.042414,0.329845,0.469801,-0.051498,0.291007,0.434805,-0.047201,0.267848,0.402911,-0.041210,0.443330,0.452186,-0.040412,0.366042,0.333031,-0.053499,0.357531,0.365601,-0.041003,0.369223,0.399948,-0.023551,0.478157,0.402200,-0.036645,0.413343,0.309973,-0.044663,0.400394,0.355026,-0.027568,0.407172,0.390830,-0.008901,0.511178,0.375983,-0.032809,0.456925,0.307971,-0.031951,0.438054,0.337600,-0.015913,0.439586,0.371350,0.000751
182,1694940878.816648,0,,,0.0000,0.0000,0.0000,0.0000,49.7013,10066.1250,1.7202,121.9992,16.6587,198.3428,198.9735,193.4894,182.3096,0.007953,0.560177,0.616728,0.000000,0.487355,0.673493,-0.010136,0.409632,0.672584,-0.021459,0.349143,0.631155,-0.028512,0.305591,0.585131,-0.032947,0.408601,0.536170,-0.043247,0.329755,0.466118,-0.055152,0.290100,0.426882,-0.054021,0.266690,0.393770,-0.050091,0.442896,0.455439,-0.042339,0.368120,0.332999,-0.054753,0.358942,0.362459,-0.042480,0.368970,0.397863,-0.026288,0.478775,0.405229,-0.039441,0.414706,0.303597,-0.047262,0.402158,0.346803,-0.029952,0.409910,0.385999,-0.011841,0.513426,0.378489,-0.036180,0.460134,0.308706,-0.035826,0.441998,0.339947,-0.019571,0.444242,0.376246,-0.003017
183,1694940878.824982,0,,,0.0000,0.0000,0.0000,0.0000,48.4391,10121.0740,2.0238,122.3302,13.8332,196.9241,197.6857,192.3368,181.4628,0.006493,0.560433,0.612833,0.000000,0.488028,0.672443,-0.012363,0.410426,0.672756,-0.024389,0.350735,0.629382,-0.031790,0.304126,0.586126,-0.036539,0.407995,0.529647,-0.043498,0.329815,0.464434,-0.055847,0.290377,0.425317,-0.055634,0.266513,0.391559,-0.052182,0.442432,0.448849,-0.041652,0.368766,0.330513,-0.054001,0.358480,0.357820,-0.042454,0.366846,0.390395,-0.026839,0.478301,0.399354,-0.038118,0.415725,0.304809,-0.045994,0.401850,0.347844,-0.028820,0.407929,0.386234,-0.010693,0.512596,0.371876,-0.034496,0.458342,0.305408,-0.034253,0.438687,0.334530,-0.017957,0.438518,0.368131,-0.001258
184,1694940878.833315,0,,,0.0000,0.0000,0.0000,0.0000,16.4980,8695.2275,1.1369,122.9637,19.0858,197.5277,197.1784,190.9244,179.7176,0.003618,0.559000,0.613135,0.000000,0.486032,0.671813,-0.010429,0.409817,0.672062,-0.022263,0.350136,0.629447,-0.029622,0.305422,0.584239,-0.034526,0.407443,0.529731,-0.044424,0.328838,0.462114,-0.056619,0.289469,0.424062,-0.055948,0.265970,0.390710,-0.052346,0.441844,0.448716,-0.043364,0.367292,0.330123,-0.054983,0.359282,0.357687,-0.041998,0.369427,0.389526,-0.025687,0.478269,0.398979,-0.040318,0.414007,0.303529,-0.047380,0.402928,0.345936,-0.028970,0.411440,0.382968,-0.010430,0.513176,0.372443,-0.037001,0.458442,0.307965,-0.036337,0.440872,0.339764,-0.019377,0.443556,0.374466,-0.002413
185,1694940878.841648,0,,,0.0000,0.0000,0.0000,0.0000,75.9450,9794.9648,1.5554,123.2153,14.1470,195.3264,195.3895,189.4111,177.7141,0.004267,0.559346,0.614176,0.000000,0.486370,0.671601,-0.012561,0.408371,0.672282,-0.024236,0.348562,0.630982,-0.031093,0.305547,0.582866,-0.034971,0.408355,0.529197,-0.044268,0.328906,0.463338,-0.055580,0.289957,0.424385,-0.053180,0.267295,0.390336,-0.048041,0.443048,0.448746,-0.042115,0.367997,0.326065,-0.055545,0.357593,0.357284,-0.042715,0.366877,0.394199,-0.025055,0.478845,0.399711,-0.038224,0.415187,0.302867,-0.047523,0.401390,0.348624,-0.030436,0.407918,0.387577,-0.011232,0.513443,0.374022,-0.034074,0.458402,0.305325,-0.034146,0.437982,0.336299,-0.017767,0.438555,0.372131,-0.000504
186,1694940878.849982,0,,,0.0000,0.0000,0.0000,0.0000,42.1616,11066.6769,1.7767,123.6620,15.3026,197.0337,197.9987,192.7849,183.0282,0.010004,0.562001,0.615141,0.000000,0.487718,0.674303,-0.010135,0.409038,0.672610,-0.020500,0.349915,0.629182,-0.026757,0.306495,0.579894,-0.030745,0.406891,0.528752,-0.040539,0.328529,0.461436,-0.050656,0.289782,0.424454,-0.049218,0.265662,0.392240,-0.045457,0.441816,0.446726,-0.039872,0.365798,0.333329,-0.051540,0.355731,0.355499,-0.041089,0.365803,0.383284,-0.026691,0.478360,0.396778,-0.037202,0.412133,0.303705,-0.044354,0.398881,0.342967,-0.028068,0.405577,0.378107,-0.011104,0.512618,0.370244,-0.034270,0.456618,0.301658,-0.033525,0.437762,0.329004,-0.017501,0.439503,0.360627,-0.001338
187,1694940878.858315,0,,,0.0000,0.0000,0.0000,0.0000,8.4081,10303.2949,2.1337,126.0934,12.3273,191.6016,192.2597,186.3447,174.8180,0.005391,0.558216,0.613208,0.000000,0.484856,0.674218,-0.011772,0.409019,0.671754,-0.023550,0.349752,0.625783,-0.030614,0.302979,0.581747,-0.034725,0.405775,0.528900,-0.042442,0.329027,0.461273,-0.052001,0.290594,0.419470,-0.049329,0.268336,0.385895,-0.044310,0.440794,0.447526,-0.040103,0.368681,0.329208,-0.049583,0.355675,0.345584,-0.036394,0.361080,0.370853,-0.020186,0.477502,0.397430,-0.035949,0.417499,0.297132,-0.040660,0.399674,0.332381,-0.021467,0.401784,0.368106,-0.002687,0.511919,0.371251,-0.031891,0.460626,0.300914,-0.030190,0.437481,0.325912,-0.013359,0.433477,0.358892,0.003664
188,1694940878.866648,0,,,0.0000,0.0000,0.0000,0.0000,75.8049,10910.6048,1.8363,126.1682,17.6328,193.4601,195.5092,190.8532,180.3996,0.009427,0.559857,0.610751,0.000000,0.486551,0.670630,-0.012687,0.409027,0.670390,-0.024959,0.348746,0.626015,-0.032663,0.302780,0.580877,-0.037857,0.406883,0.527812,-0.044797,0.327469,0.458149,-0.057789,0.287903,0.418753,-0.057998,0.264010,0.384544,-0.054897,0.441145,0.445283,-0.042882,0.366374,0.326748,-0.055200,0.357705,0.356227,-0.043810,0.367777,0.389737,-0.028640,0.476748,0.395262,-0.039293,0.411602,0.302344,-0.047914,0.400044,0.347106,-0.031760,0.408797,0.385530,-0.014504,0.510089,0.368136,-0.035557,0.454861,0.303743,-0.036836,0.436538,0.335499,-0.021848,0.438717,0.370222,-0.006070
189,1694940878.874982,0,,,0.0000,0.0000,0.0000,0.0000,47.9546,9580.9475,2.3493,124.6528,16.6239,191.2911,192.8023,187.5271,177.0040,0.007224,0.558479,0.611057,0.000000,0.485251,0.672472,-0.011994,0.408636,0.669991,-0.023662,0.349832,0.625560,-0.030677,0.304114,0.580981,-0.034909,0.407114,0.526223,-0.043716,0.329053,0.458562,-0.055905,0.289943,0.418110,-0.055364,0.266744,0.383106,-0.051846,0.442516,0.446329,-0.042339,0.368324,0.326162,-0.055147,0.357624,0.352004,-0.042977,0.366009,0.382902,-0.026835,0.479608,0.398093,-0.039336,0.417140,0.295800,-0.047586,0.402242,0.337100,-0.029498,0.407574,0.374116,-0.010706,0.514696,0.373019,-0.036308,0.461865,0.303147,-0.036642,0.441080,0.335195,-0.020252,0.440668,0.372478,-0.003433
190,1694940878.883315,0,,,0.0000,0.0000,0.0000,0.0000,57.9008,10150.9458,1.9276,124.2569,18.0425,193.0766,194.4497,189.2472,178.9373,0.007045,0.558524,0.611835,0.000000,0.484493,0.669242,-0.011237,0.407899,0.668737,-0.023262,0.348235,0.624330,-0.031024,0.302974,0.579303,-0.036204,0.405703,0.527544,-0.042306,0.327455,0.458011,-0.053387,0.288640,0.418544,-0.052019,0.265615,0.385216,-0.047847,0.439814,0.445212,-0.040721,0.366174,0.328369,-0.050615,0.356054,0.353573,-0.038173,0.364186,0.383716,-0.022740,0.475322,0.394151,-0.037398,0.410192,0.302441,-0.043647,0.396966,0.344114,-0.026843,0.403765,0.381251,-0.009809,0.508965,0.366113,-0.033877,0.454116,0.303309,-0.033285,0.434653,0.333716,-0.017688,0.435101,0.368148,-0.001839
191,1694940878.891648,0,,,0.0000,0.0000,0.0000,0.0000,75.1914,10411.9158,2.3152,126.5633,12.0819,191.7762,192.1258,186.7468,176.6150,0.011983,0.558814,0.609109,0.000000,0.485365,0.672184,-0.013343,0.408944,0.670915,-0.025005,0.349556,0.623291,-0.031293,0.303906,0.577662,-0.034323,0.406201,0.524788,-0.044190,0.329081,0.456384,-0.052670,0.290475,0.417630,-0.048603,0.267620,0.385759,-0.042885,0.441325,0.443324,-0.040753,0.368122,0.326898,-0.049905,0.357289,0.353216,-0.034970,0.364494,0.383435,-0.017390,0.477857,0.394421,-0.035640,0.417381,0.295467,-0.040929,0.401175,0.335397,-0.021553,0.404551,0.370677,-0.002504,0.512033,0.369603,-0.030613,0.461481,0.300231,-0.029531,0.439826,0.329032,-0.013028,0.437553,0.364165,0.003713
192,1694940878.899982,0,51.0545,51.0545,13.2327,0.0000,26.6939,457.8353,58.0272,11621.3590,1.7319,130.5340,15.5525,191.3589,192.6472,189.4424,182.2542,0.024532,0.555244,0.608576,0.000000,0.482849,0.667750,-0.013652,0.406231,0.667679,-0.025414,0.347697,0.625386,-0.032487,0.303562,0.577282,-0.036751,0.404001,0.521327,-0.041341,0.327819,0.454676,-0.053447,0.289290,0.415624,-0.053185,0.265910,0.380953,-0.049767,0.439278,0.440256,-0.039042,0.367377,0.321125,-0.052411,0.357740,0.351245,-0.041624,0.367703,0.386297,-0.025971,0.475004,0.392434,-0.035492,0.414084,0.298196,-0.045005,0.401028,0.342573,-0.029624,0.407794,0.380595,-0.012071,0.508534,0.367674,-0.031929,0.456962,0.303215,-0.032704,0.438757,0.333903,-0.017769,0.440035,0.368950,-0.001858
193,1694940878.908315,0,,,0.0000,0.0000,0.0000,0.0000,17.5730,10936.7394,1.3647,123.9583,15.0692,191.8518,193.9028,189.1691,179.4775,0.013248,0.557723,0.608784,0.000000,0.484940,0.669117,-0.012794,0.406459,0.666246,-0.024000,0.347098,0.621042,-0.030621,0.302170,0.576199,-0.034612,0.405542,0.519045,-0.042571,0.326447,0.453297,-0.054120,0.287761,0.415077,-0.053132,0.264807,0.381421,-0.049249,0.440743,0.439455,-0.040499,0.365619,0.322840,-0.052226,0.356990,0.355114,-0.040250,0.367174,0.389074,-0.024401,0.477063,0.392676,-0.036904,0.411894,0.299253,-0.046001,0.400888,0.346719,-0.030064,0.410059,0.385259,-0.012507,0.510870,0.368892,-0.033116,0.456278,0.301991,-0.034701,0.438294,0.335033,-0.019767,0.440913,0.370985,-0.003901
194,1694940878.916648,0,-43.6726,-43.6726,-11.6637,0.0000,33.2241,453.4249,58.2319,11445.2485,2.3791,129.8094,9.0766,187.6360,189.3844,185.1088,176.0359,0.021446,0.556482,0.607162,0.000000,0.482995,0.670218,-0.011517,0.408281,0.666586,-0.022479,0.349776,0.620353,-0.028448,0.305478,0.574239,-0.031354,0.405658,0.522491,-0.041756,0.327870,0.454425,-0.050975,0.290165,0.412715,-0.048099,0.268165,0.378901,-0.042986,0.440479,0.441707,-0.038733,0.369774,0.324795,-0.046986,0.357881,0.332841,-0.033725,0.362039,0.349565,-0.018067,0.476662,0.392152,-0.033883,0.418308,0.293698,-0.038417,0.402293,0.325765,-0.019527,0.403298,0.357378,-0.001224,0.510160,0.366561,-0.029000,0.462392,0.301041,-0.027630,0.442108,0.327446,-0.010919,0.438914,0.360100,0.005995
195,1694940878.924982,0,-43.9508,-43.9508,-12.0293,-0.3655,36.5190,466.5840,33.4462,11344.5537,1.4359,129.2438,9.0132,188.0593,190.1964,186.5986,177.8467,0.017660,0.555971,0.608050,0.000000,0.483028,0.668906,-0.011044,0.407165,0.664414,-0.022191,0.348049,0.615885,-0.029157,0.303426,0.572455,-0.033409,0.403155,0.523972,-0.039902,0.326485,0.453806,-0.050227,0.288913,0.413316,-0.048150,0.267445,0.379224,-0.043417,0.437772,0.442951,-0.037709,0.367080,0.329801,-0.046434,0.359225,0.351523,-0.032877,0.367883,0.376987,-0.016709,0.474206,0.391746,-0.034054,0.413042,0.299010,-0.040026,0.399705,0.337098,-0.022620,0.405704,0.372738,-0.005002,0.508168,0.363262,-0.030233,0.456620,0.301332,-0.030280,0.436804,0.330143,-0.015220,0.436218,0.364375,0.000593
196,1694940878.933315,0,45.8569,45.8569,19.5347,31.5640,43.5540,449.0231,18.9880,10323.3741,1.8188,128.9915,15.2429,186.7665,188.7337,186.2348,179.3928,0.031892,0.553957,0.604294,0.000000,0.481728,0.667369,-0.013657,0.406171,0.663278,-0.024747,0.348197,0.616449,-0.030534,0.303005,0.571014,-0.033250,0.404782,0.514935,-0.042275,0.327905,0.450818,-0.051530,0.289600,0.410378,-0.049001,0.266806,0.375629,-0.044347,0.439964,0.435004,-0.038787,0.368026,0.320881,-0.049535,0.359015,0.350562,-0.036259,0.368616,0.386108,-0.019347,0.476324,0.388557,-0.033851,0.415505,0.292163,-0.041537,0.402117,0.333726,-0.024258,0.408065,0.370906,-0.005851,0.510098,0.365634,-0.028841,0.458506,0.298816,-0.028980,0.439542,0.330160,-0.013184,0.440612,0.367907,0.003218
197,1694940878.941648,0,-46.4345,-46.4345,-24.3722,-43.9070,45.6696,351.2883,24.5722,11240.1070,1.8792,128.8758,16.6928,186.3960,190.1249,187.1832,178.8948,0.020569,0.555088,0.605047,0.000000,0.481751,0.666613,-0.014011,0.404691,0.663059,-0.024753,0.346509,0.614954,-0.030943,0.300861,0.570405,-0.034304,0.402800,0.512953,-0.039387,0.325905,0.446599,-0.049896,0.287884,0.407809,-0.048921,0.265154,0.374077,-0.045110,0.438035,0.432767,-0.036397,0.366482,0.320486,-0.046830,0.356797,0.347283,-0.035660,0.366272,0.379098,-0.020686,0.474774,0.386413,-0.032277,0.411753,0.299968,-0.041240,0.400091,0.343775,-0.026639,0.408944,0.381661,-0.009912,0.509171,0.363746,-0.028089,0.455808,0.301791,-0.029958,0.437626,0.333603,-0.015618,0.440715,0.370620,-0.000015
198,1694940878.949982,0,-43.3079,-43.3079,0.0912,24.4634,36.0961,313.1892,67.4630,11254.2790,1.6132,130.8063,12.8339,187.9767,190.0229,187.2769,179.5629,0.027850,0.555236,0.607179,0.000000,0.482505,0.667320,-0.011384,0.406213,0.661932,-0.021803,0.348164,0.612154,-0.028075,0.303001,0.566152,-0.031645,0.400979,0.517189,-0.037485,0.325447,0.446910,-0.047357,0.287569,0.407064,-0.045930,0.265630,0.373020,-0.041850,0.436225,0.437521,-0.035320,0.366930,0.322203,-0.043516,0.358996,0.340418,-0.031021,0.368619,0.364852,-0.015763,0.473499,0.388984,-0.031898,0.411999,0.298375,-0.038407,0.400574,0.334965,-0.022485,0.408532,0.368885,-0.005830,0.508322,0.363155,-0.028305,0.455975,0.303961,-0.028921,0.437907,0.334740,-0.014288,0.439994,0.369513,0.001184
199,1694940878.958315,0,-46.2807,-46.2807,-0.5825,-0.6737,36.3612,784.3484,57.3490,10354.7121,1.6370,130.4545,22.2480,184.2790,187.1750,185.6712,179.6660,0.042904,0.553003,0.604951,0.000000,0.480326,0.665773,-0.011491,0.404376,0.659915,-0.021514,0.346720,0.610914,-0.027229,0.301176,0.566812,-0.030190,0.400068,0.512101,-0.038465,0.326399,0.443816,-0.048716,0.288723,0.404544,-0.047608,0.266309,0.371957,-0.043863,0.435885,0.432994,-0.036724,0.365977,0.319049,-0.046663,0.357013,0.339647,-0.034720,0.366691,0.366997,-0.019368,0.473909,0.386847,-0.033587,0.414552,0.293246,-0.041048,0.402226,0.330685,-0.024352,0.409141,0.364935,-0.006759,0.509645,0.364637,-0.030339,0.460171,0.299739,-0.030420,0.442363,0.328738,-0.014449,0.444396,0.363271,0.001963
200,1694940878.966648,0,42.5364,42.5364,-0.8301,-0.2476,43.8911,261.4349,46.6952,11748.3741,2.5803,134.8904,16.6107,181.1810,183.7576,182.2685,176.4842,0.034419,0.554174,0.604387,0.000000,0.481960,0.664027,-0.012712,0.405391,0.658563,-0.023158,0.347407,0.608709,-0.029607,0.301950,0.563721,-0.033308,0.400644,0.511673,-0.035908,0.326931,0.443207,-0.045627,0.290079,0.403172,-0.044493,0.268865,0.370001,-0.040786,0.436257,0.432873,-0.033996,0.366865,0.321738,-0.042469,0.357584,0.336391,-0.031667,0.365776,0.357523,-0.017811,0.473568,0.385642,-0.031116,0.413056,0.298192,-0.038693,0.401508,0.334851,-0.023912,0.408406,0.367977,-0.007926,0.508401,0.360847,-0.028237,0.457058,0.302288,-0.030260,0.439270,0.331682,-0.016396,0.440589,0.365227,-0.001370
201,1694940878.974982,1,-41.8007,-41.8007,1.1585,1.9886,34.8418,415.8081,22.6405,12396.1713,1.4064,132.0895,16.4728,183.8175,186.2089,184.4861,177.3640,0.033525,0.552461,0.602897,0.000000,0.480236,0.662839,-0.012116,0.403463,0.656693,-0.021789,0.346286,0.606807,-0.027485,0.301159,0.561231,-0.030656,0.401269,0.507281,-0.035872,0.326111,0.443332,-0.045022,0.289641,0.404419,-0.043661,0.267797,0.372170,-0.039800,0.436312,0.428453,-0.033936,0.366769,0.315937,-0.042664,0.356602,0.337798,-0.032174,0.365150,0.367281,-0.018209,0.473024,0.383212,-0.030724,0.413365,0.295872,-0.037865,0.401217,0.336684,-0.023858,0.408358,0.372371,-0.008366,0.507385,0.361138,-0.027409,0.457051,0.300981,-0.028056,0.439522,0.331399,-0.013807,0.442075,0.366318,0.001242
202,1694940878.983315,1,-30.8771,-30.8771,3.1077,1.9493,33.6466,62.9133,73.0090,12182.2098,2.3094,134.2917,10.0410,181.5268,182.3987,179.4547,172.5582,0.031599,0.556172,0.603320,0.000000,0.483675,0.665685,-0.010275,0.405051,0.659043,-0.018756,0.346976,0.604451,-0.023882,0.300953,0.560618,-0.026357,0.399823,0.512952,-0.029264,0.327475,0.445721,-0.036401,0.292155,0.406476,-0.034236,0.271731,0.374508,-0.030048,0.434548,0.433950,-0.028249,0.367074,0.324221,-0.034241,0.359417,0.331374,-0.023807,0.367183,0.344929,-0.010910,0.471150,0.385288,-0.026308,0.412026,0.297539,-0.032133,0.400956,0.324240,-0.018278,0.406287,0.349987,-0.003736,0.505423,0.358378,-0.024247,0.455062,0.296487,-0.024715,0.438543,0.318718,-0.010807,0.440141,0.346669,0.003644
203,1694940878.991648,1,-34.4356,-34.4356,2.9613,-0.1464,32.8020,505.4634,35.5838,11283.7903,2.4871,134.9321,7.8677,176.7552,179.5178,177.1779,169.9310,0.024270,0.553874,0.601708,0.000000,0.481562,0.662403,-0.013098,0.404668,0.656646,-0.022753,0.347748,0.606649,-0.028590,0.302889,0.560686,-0.031496,0.398893,0.505769,-0.032488,0.327811,0.438794,-0.040321,0.292524,0.400875,-0.038182,0.272355,0.368473,-0.034058,0.434336,0.427614,-0.030380,0.366840,0.316907,-0.038361,0.358791,0.337007,-0.027710,0.369331,0.362824,-0.013681,0.471883,0.381375,-0.027523,0.412838,0.295873,-0.034976,0.402978,0.335778,-0.021247,0.412247,0.369850,-0.005871,0.507348,0.358149,-0.024753,0.457332,0.299989,-0.026486,0.440726,0.331554,-0.013274,0.444381,0.367012,0.001165
204,1694940878.999982,1,-30.6877,-30.6877,-18.3060,-21.2673,31.0564,715.9284,71.9972,14570.7878,2.1537,142.1836,20.7173,174.9100,175.1567,172.6637,166.0035,0.036751,0.554874,0.601350,0.000000,0.481996,0.664735,-0.011657,0.405141,0.655591,-0.020110,0.348105,0.600804,-0.024408,0.302240,0.557595,-0.025807,0.400950,0.505265,-0.033292,0.327448,0.438853,-0.038849,0.292480,0.400261,-0.034367,0.272489,0.367404,-0.028852,0.436474,0.427791,-0.030882,0.369461,0.318060,-0.036445,0.361330,0.332680,-0.023787,0.369415,0.353972,-0.008998,0.474166,0.382717,-0.027376,0.417722,0.292666,-0.032791,0.407395,0.324749,-0.017869,0.413708,0.355154,-0.002462,0.509377,0.360710,-0.023786,0.463333,0.299883,-0.024645,0.447079,0.328401,-0.011312,0.448931,0.362315,0.002849
205,1694940879.008315,1,33.8165,33.8165,18.9043,37.2103,27.6016,858.2145,35.1415,11651.9845,2.3061,137.2693,23.8102,171.4571,175.0076,174.5494,169.5402,0.047505,0.555294,0.598832,0.000000,0.484806,0.662391,-0.012433,0.407765,0.656095,-0.021487,0.350745,0.602031,-0.026139,0.305899,0.554857,-0.027925,0.401364,0.506852,-0.033026,0.328754,0.439010,-0.039876,0.293833,0.395856,-0.036829,0.273591,0.362849,-0.031910,0.436695,0.427520,-0.030450,0.371538,0.319946,-0.034480,0.357203,0.317041,-0.022575,0.356791,0.324451,-0.009379,0.473509,0.380663,-0.027141,0.419632,0.287366,-0.031668,0.402721,0.302082,-0.017202,0.399993,0.320877,-0.002858,0.507508,0.356594,-0.023885,0.461066,0.296001,-0.024259,0.441809,0.313614,-0.010439,0.437407,0.339391,0.003775
206,1694940879.016648,1,37.4565,37.4565,17.0834,-1.8209,33.1819,629.5398,66.6088,10594.8720,1.8728,139.3194,18.7440,171.7274,175.7546,175.6887,171.1788,0.046059,0.555102,0.598233,0.000000,0.483202,0.662058,-0.012486,0.406168,0.652748,-0.021380,0.349907,0.596196,-0.025973,0.306049,0.552508,-0.027878,0.401993,0.505021,-0.034640,0.329580,0.436397,-0.041901,0.293925,0.395942,-0.039856,0.272869,0.360685,-0.036386,0.436920,0.426053,-0.032347,0.373643,0.314444,-0.039242,0.366171,0.324931,-0.028764,0.373026,0.341242,-0.016103,0.473832,0.378884,-0.028954,0.421099,0.287663,-0.034469,0.409515,0.316924,-0.020276,0.413659,0.345304,-0.006084,0.508579,0.354752,-0.025719,0.465029,0.293546,-0.026687,0.449085,0.319254,-0.013577,0.450104,0.350920,0.000062
207,1694940879.024982,1,-38.2229,-38.2229,-0.9468,-18.0302,34.4365,869.1910,36.3479,10502.4255,1.7143,136.1890,29.5598,168.8812,171.6864,171.1305,166.6145,0.052359,0.555683,0.599906,0.000000,0.483926,0.662314,-0.013801,0.406892,0.652189,-0.022749,0.351051,0.595738,-0.027548,0.307125,0.551624,-0.029802,0.403451,0.499924,-0.033718,0.330755,0.433651,-0.040924,0.295051,0.394686,-0.039010,0.274058,0.360824,-0.035718,0.438070,0.421639,-0.031297,0.374357,0.313148,-0.038611,0.368427,0.329112,-0.029223,0.377468,0.350617,-0.017037,0.475391,0.375628,-0.027998,0.421887,0.287137,-0.034877,0.413496,0.320223,-0.022594,0.420883,0.351212,-0.009378,0.510894,0.352990,-0.024912,0.468281,0.295924,-0.028067,0.453311,0.325867,-0.017024,0.455637,0.360301,-0.004559
208,1694940879.033315,1,30.5429,30.5429,15.3077,16.2545,33.6618,801.2820,54.7473,10322.1266,2.6341,138.8580,27.3111,166.8831,170.2958,169.6389,164.2578,0.052666,0.554635,0.596505,0.000000,0.483076,0.661798,-0.011868,0.408696,0.653449,-0.020642,0.352902,0.596087,-0.024594,0.308503,0.549015,-0.025573,0.405798,0.499769,-0.035402,0.331492,0.432771,-0.040615,0.296641,0.390763,-0.035327,0.276406,0.356789,-0.028976,0.440621,0.421523,-0.031775,0.375386,0.312154,-0.036379,0.366895,0.322198,-0.022471,0.373672,0.340917,-0.006848,0.477417,0.376063,-0.026860,0.426002,0.282038,-0.031240,0.414863,0.309269,-0.015746,0.418378,0.337792,-0.000008,0.511512,0.353055,-0.021733,0.469206,0.294324,-0.021244,0.452726,0.320776,-0.007359,0.451665,0.354519,0.007128
209,1694940879.041648,1,40.1997,40.1997,1.5958,-13.7119,29.6710,716.3266,64.0554,7224.1074,2.6450,133.3858,41.1511,160.6048,164.7123,165.7208,162.9194,0.065035,0.555544,0.599009,0.000000,0.483815,0.661143,-0.012130,0.408228,0.649094,-0.020758,0.354555,0.593946,-0.025242,0.312104,0.546478,-0.027084,0.404744,0.497928,-0.034070,0.333150,0.429816,-0.042863,0.297790,0.386856,-0.041567,0.277234,0.352366,-0.037876,0.441396,0.421079,-0.032117,0.378335,0.309668,-0.040239,0.367991,0.321068,-0.029692,0.373559,0.342109,-0.015948,0.479886,0.377236,-0.029240,0.427386,0.282895,-0.036869,0.415087,0.310423,-0.022332,0.419293,0.338680,-0.006445,0.515952,0.356954,-0.026358,0.470995,0.294048,-0.027978,0.453351,0.319813,-0.013620,0.453336,0.353862,0.001736
210,1694940879.049982,1,33.0211,33.0211,-1.1089,-2.7047,29.6026,1059.9181,80.9501,8389.3294,2.7652,134.4614,44.3086,159.4310,160.9435,161.4188,158.7229,0.070934,0.558992,0.601312,0.000000,0.485388,0.663412,-0.012143,0.407874,0.647028,-0.020171,0.353390,0.587099,-0.024353,0.309140,0.541401,-0.025827,0.406260,0.492069,-0.031303,0.335129,0.427243,-0.037889,0.299732,0.386576,-0.035186,0.279440,0.352476,-0.030984,0.443483,0.417799,-0.029761,0.380579,0.307720,-0.037599,0.369738,0.323042,-0.027068,0.375210,0.345953,-0.013236,0.482796,0.375123,-0.027415,0.430262,0.281669,-0.035568,0.418161,0.316335,-0.021577,0.423314,0.348845,-0.005841,0.519434,0.354907,-0.025067,0.473409,0.291998,-0.027553,0.456310,0.323024,-0.013932,0.458555,0.360202,0.000991
211,1694940879.058315,1,-30.0796,-30.0796,2.0358,3.1447,33.9221,894.5559,20.5559,7486.6589,2.3365,134.0633,51.3879,150.7987,154.7082,156.8251,155.9913,0.075676,0.559708,0.598748,0.000000,0.487641,0.662848,-0.013448,0.410716,0.646572,-0.021057,0.356119,0.584527,-0.023667,0.312618,0.537122,-0.023410,0.410968,0.492192,-0.033222,0.338590,0.424293,-0.037597,0.303639,0.381851,-0.033550,0.282830,0.346990,-0.028713,0.446598,0.416384,-0.029024,0.384211,0.305564,-0.032879,0.372651,0.319591,-0.020599,0.376428,0.341535,-0.006603,0.483805,0.373039,-0.023858,0.432729,0.278042,-0.027707,0.419569,0.309147,-0.013738,0.422477,0.338850,0.000536,0.518155,0.352625,-0.018833,0.474903,0.289964,-0.019038,0.456035,0.319286,-0.006551,0.454511,0.354573,0.006704
212,1694940879.066648,1,36.2184,36.2184,1.4189,-0.6170,26.2302,1069.0672,51.1085,7131.9453,2.7805,137.4275,53.9538,147.8191,151.6193,153.8563,154.2059,0.073647,0.558696,0.598378,0.000000,0.486107,0.659053,-0.012321,0.410779,0.642330,-0.019698,0.358408,0.581526,-0.022451,0.315548,0.531162,-0.022510,0.409051,0.491674,-0.033322,0.341108,0.419609,-0.040370,0.306285,0.376769,-0.038652,0.284726,0.342461,-0.035074,0.445310,0.415920,-0.030081,0.387021,0.303639,-0.035476,0.376178,0.311807,-0.024199,0.381516,0.330898,-0.010959,0.483268,0.373631,-0.025877,0.434679,0.281099,-0.030645,0.422844,0.308837,-0.016321,0.427421,0.336257,-0.001536,0.519121,0.354553,-0.021778,0.477051,0.291257,-0.020532,0.460814,0.313491,-0.005856,0.462271,0.343800,0.008917
213,1694940879.074982,1,34.8993,34.8993,-1.3251,-2.7440,26.5703,554.2393,10.9420,7804.9739,2.4886,140.5185,55.9084,144.5316,147.1117,149.5480,149.8246,0.078787,0.559398,0.595319,0.000000,0.485378,0.658807,-0.013080,0.410204,0.639905,-0.020651,0.358077,0.577038,-0.023347,0.315824,0.524650,-0.023621,0.411242,0.484302,-0.033428,0.343878,0.415705,-0.039666,0.309769,0.373841,-0.037859,0.288370,0.339274,-0.034468,0.448759,0.409444,-0.029837,0.389676,0.297925,-0.035417,0.378592,0.307003,-0.024471,0.384594,0.326735,-0.011432,0.486646,0.368695,-0.025294,0.436537,0.276910,-0.030396,0.424102,0.308438,-0.016785,0.429169,0.338480,-0.002432,0.521202,0.350090,-0.020921,0.476265,0.287469,-0.020387,0.459863,0.313254,-0.006746,0.462184,0.344874,0.007216
214,1694940879.083315,1,30.6251,30.6251,-0.5990,0.7261,25.5775,991.2573,29.9712,6740.6172,2.3343,141.3742,70.3517,134.5073,136.5192,139.9912,142.0564,0.086945,0.561693,0.590079,0.000000,0.488163,0.658960,-0.012917,0.414191,0.637875,-0.019811,0.363569,0.573744,-0.022031,0.322212,0.520795,-0.022156,0.415180,0.485621,-0.032129,0.348481,0.413126,-0.037722,0.313805,0.368809,-0.034355,0.293360,0.331865,-0.029666,0.452615,0.409211,-0.028591,0.391866,0.298450,-0.034941,0.385625,0.325099,-0.022486,0.397629,0.355538,-0.007354,0.490268,0.365653,-0.024279,0.436354,0.274543,-0.031940,0.428984,0.316125,-0.018862,0.440056,0.348780,-0.003907,0.523643,0.344000,-0.019818,0.476604,0.278792,-0.020910,0.465098,0.311109,-0.007766,0.473261,0.344859,0.006046
215,1694940879.091648,1,26.4280,26.4280,14.1269,14.7259,25.0857,1937.2365,19.3970,6551.2886,2.2453,141.3519,78.5418,128.0007,131.6923,136.9141,141.9189,0.095178,0.564413,0.596109,0.000000,0.488606,0.659351,-0.012923,0.414981,0.634148,-0.019758,0.364527,0.566488,-0.022038,0.323400,0.512827,-0.021951,0.416286,0.478469,-0.030137,0.352515,0.405818,-0.034693,0.319199,0.362939,-0.031892,0.299156,0.329615,-0.027951,0.455016,0.404488,-0.026102,0.398151,0.293609,-0.029032,0.384809,0.305574,-0.016688,0.389241,0.326165,-0.003158,0.494224,0.365574,-0.021417,0.445689,0.267261,-0.024497,0.430680,0.300125,-0.010168,0.434396,0.330984,0.004011,0.529590,0.349663,-0.017117,0.489204,0.282827,-0.015258,0.470960,0.309144,-0.001785,0.471768,0.342118,0.011589
216,1694940879.099982,1,-22.8579,-22.8579,-14.7691,-28.8960,22.2279,1958.2092,7.5415,6421.3353,2.0445,145.4182,84.9224,116.2702,120.2752,126.4168,133.2117,0.091509,0.565842,0.594594,0.000000,0.490929,0.658596,-0.012357,0.417927,0.628477,-0.018326,0.368753,0.558241,-0.019466,0.327600,0.504687,-0.018506,0.420605,0.476872,-0.031006,0.357057,0.400223,-0.034602,0.323927,0.352698,-0.031052,0.303846,0.316306,-0.026613,0.459534,0.404793,-0.026685,0.402934,0.288581,-0.029162,0.391094,0.300665,-0.016385,0.396501,0.323608,-0.002417,0.498643,0.365754,-0.021395,0.450137,0.265420,-0.023988,0.436384,0.299246,-0.009638,0.441199,0.332183,0.004679,0.533700,0.347810,-0.016294,0.491115,0.276162,-0.014051,0.473144,0.303366,-0.000337,0.474451,0.337606,0.013212
217,1694940879.108315,1,-23.1858,-23.1858,-14.5213,0.2478,26.4304,2136.9349,12.1581,6521.5622,1.5538,145.5139,94.5091,107.9168,110.8846,118.0026,127.1984,0.092974,0.569092,0.594231,0.000000,0.493231,0.656883,-0.013896,0.420138,0.625393,-0.020074,0.371528,0.554070,-0.021264,0.333197,0.496329,-0.020332,0.426282,0.474080,-0.031123,0.361945,0.395579,-0.035129,0.328598,0.347421,-0.032439,0.308505,0.310880,-0.028682,0.464722,0.401769,-0.025724,0.409940,0.286864,-0.027031,0.394743,0.290521,-0.015233,0.397049,0.308374,-0.002845,0.503248,0.362303,-0.019581,0.455409,0.265627,-0.020875,0.441162,0.295266,-0.007084,0.445248,0.326220,0.006124,0.538278,0.342906,-0.013953,0.497161,0.275845,-0.011710,0.479943,0.300637,0.001304,0.481262,0.332535,0.014185
218,1694940879.116648,1,-21.4130,-21.4130,-13.0095,1.5117,25.0331,1705.0887,15.5240,7481.2806,3.2112,149.2029,93.5653,106.1043,105.7261,109.5545,116.6676,0.088771,0.574490,0.594741,0.000000,0.498011,0.655330,-0.013102,0.424147,0.620774,-0.018048,0.375831,0.545418,-0.018220,0.337919,0.488778,-0.016179,0.429582,0.467480,-0.028909,0.365317,0.390383,-0.033141,0.332079,0.345105,-0.031169,0.311431,0.308956,-0.028065,0.468800,0.394911,-0.023863,0.413966,0.285839,-0.024607,0.397342,0.287975,-0.013212,0.397968,0.302375,-0.001563,0.508146,0.356810,-0.018238,0.463695,0.263952,-0.020211,0.448631,0.291952,-0.006684,0.451349,0.321485,0.006387,0.543791,0.339852,-0.013105,0.506039,0.275715,-0.011448,0.488935,0.300818,0.001601,0.489535,0.333263,0.014591
219,1694940879.124982,1,-24.7064,-24.7064,-12.7836,0.2260,19.8152,1903.9481,18.7145,6783.9593,1.6522,154.6705,102.2772,92.0862,94.3475,99.5893,108.3523,0.090140,0.576585,0.594291,0.000000,0.500129,0.653713,-0.014752,0.427362,0.616460,-0.021143,0.380144,0.538409,-0.022609,0.340946,0.482145,-0.021813,0.434339,0.465115,-0.031674,0.370972,0.384802,-0.037339,0.337058,0.335702,-0.035821,0.316572,0.299200,-0.032655,0.473371,0.393510,-0.026989,0.418749,0.278794,-0.028701,0.398766,0.269677,-0.018369,0.396648,0.275463,-0.007465,0.513439,0.356083,-0.021764,0.470251,0.256245,-0.024513,0.452543,0.281554,-0.010919,0.452689,0.310749,0.002250,0.550166,0.340572,-0.017252,0.514732,0.273407,-0.016119,0.495438,0.298904,-0.002828,0.493592,0.333162,0.010461
220,1694940879.133315,1,-15.2952,-15.2952,1.8907,14.6743,3.2703,1001.0217,52.9831,6114.2532,1.9731,152.5201,114.8474,85.5920,85.4074,92.5095,105.8937,0.097645,0.578756,0.596707,0.000000,0.501698,0.653017,-0.013341,0.428243,0.610980,-0.017283,0.382754,0.531778,-0.017011,0.346099,0.473697,-0.014810,0.435633,0.459239,-0.025966,0.374164,0.382690,-0.029055,0.342781,0.333283,-0.026748,0.323665,0.295899,-0.023782,0.476032,0.388845,-0.022119,0.423983,0.272831,-0.023708,0.405669,0.259365,-0.015896,0.404448,0.263579,-0.007115,0.517087,0.352469,-0.017674,0.475352,0.252544,-0.020631,0.461109,0.280402,-0.009517,0.464262,0.313342,0.001747,0.555074,0.339006,-0.013889,0.520944,0.268809,-0.013499,0.505621,0.295495,-0.001740,0.507506,0.332272,0.010309
221,1694940879.141648,1,-10.4180,-10.4180,3.1919,1.3013,5.3532,971.6306,45.5995,6346.6608,1.5350,155.0795,124.4817,77.9964,77.5406,86.1017,103.0492,0.106485,0.579516,0.598910,0.000000,0.501498,0.653741,-0.011990,0.430055,0.606983,-0.014604,0.386525,0.525270,-0.012939,0.351017,0.466448,-0.009523,0.438446,0.456364,-0.023908,0.377755,0.377597,-0.025598,0.345989,0.327510,-0.021748,0.327060,0.290052,-0.017573,0.479296,0.385274,-0.019223,0.430821,0.267539,-0.018640,0.414461,0.254432,-0.008624,0.414665,0.260067,0.001879,0.520610,0.348773,-0.013849,0.482560,0.245806,-0.015098,0.469247,0.274994,-0.002915,0.472162,0.309896,0.009002,0.558780,0.335087,-0.009006,0.528377,0.268855,-0.007219,0.514260,0.297171,0.004821,0.516299,0.332374,0.017004
222,1694940879.149982,1,-17.7777,-17.7777,0.9088,-2.2831,4.9284,1477.7067,43.7183,6883.3680,1.7684,150.4390,137.4942,67.8421,67.7495,81.6584,105.2828,0.112608,0.587324,0.602121,0.000000,0.506710,0.654119,-0.013473,0.434617,0.604768,-0.017293,0.391148,0.521886,-0.016217,0.356028,0.460749,-0.013344,0.445078,0.454878,-0.027777,0.384069,0.372617,-0.030871,0.352493,0.322758,-0.028301,0.332724,0.286149,-0.025084,0.486589,0.384061,-0.022413,0.435489,0.263810,-0.023253,0.420018,0.257974,-0.013727,0.421329,0.271321,-0.003334,0.527952,0.348308,-0.016227,0.486278,0.245493,-0.018115,0.472686,0.274632,-0.006037,0.476031,0.307637,0.005884,0.565408,0.335344,-0.010601,0.532916,0.267590,-0.008803,0.518431,0.296258,0.003545,0.521225,0.331403,0.015890
223,1694940879.158315,1,19.3119,19.3119,11.0046,10.0958,15.2573,1916.0360,3.7931,5107.5660,1.8922,145.1890,148.0750,61.6203,58.3877,73.2222,98.4084,0.115320,0.589774,0.601701,0.000000,0.509539,0.651562,-0.012959,0.438002,0.602369,-0.016456,0.395497,0.518515,-0.015154,0.361683,0.458567,-0.011856,0.450135,0.452939,-0.027146,0.389649,0.369966,-0.030239,0.358402,0.318197,-0.028091,0.338756,0.280060,-0.025045,0.491554,0.383518,-0.021615,0.444575,0.260370,-0.021589,0.427292,0.236456,-0.013143,0.425220,0.234721,-0.004076,0.532885,0.348953,-0.015049,0.495396,0.245248,-0.015459,0.481222,0.269954,-0.003363,0.482704,0.303263,0.008352,0.570946,0.338531,-0.009150,0.541726,0.268379,-0.006017,0.525505,0.293977,0.006904,0.525362,0.329599,0.019755
224,1694940879.166648,1,16.7106,16.7106,8.0015,-3.0031,16.1218,1753.5783,19.8298,4315.6874,1.8006,140.2955,162.5415,52.4351,41.9234,59.6251,89.6515,0.099473,0.590280,0.603158,0.000000,0.509413,0.649215,-0.011024,0.439577,0.596680,-0.014305,0.398013,0.513287,-0.013555,0.364422,0.452959,-0.011003,0.452390,0.446155,-0.024145,0.395331,0.363358,-0.026984,0.366317,0.312283,-0.024532,0.349498,0.274019,-0.021354,0.495766,0.382670,-0.020512,0.450800,0.258940,-0.020778,0.434676,0.245129,-0.011873,0.434313,0.250949,-0.002171,0.539081,0.353684,-0.015987,0.504828,0.242681,-0.017093,0.490132,0.270599,-0.004350,0.492116,0.306517,0.007996,0.578054,0.348906,-0.011992,0.550802,0.273423,-0.009884,0.533603,0.298198,0.002725,0.532901,0.333391,0.015431
225,1694940879.174982,1,19.6437,19.6437,7.5154,-0.4860,16.1971,1801.5066,5.8224,3742.0322,1.7750,143.6250,178.6596,47.3752,25.1474,50.0582,87.9531,0.093527,0.595092,0.601949,0.000000,0.512980,0.648237,-0.013004,0.443143,0.592895,-0.017139,0.400708,0.506970,-0.016694,0.365598,0.445111,-0.014484,0.458744,0.443190,-0.026069,0.402057,0.354758,-0.028957,0.375797,0.302037,-0.026669,0.361203,0.263039,-0.023544,0.502055,0.378400,-0.020942,0.458702,0.253392,-0.020407,0.442624,0.241376,-0.011904,0.442173,0.250355,-0.002792,0.544686,0.348048,-0.015015,0.511506,0.239113,-0.014288,0.497512,0.266736,-0.003130,0.499582,0.302558,0.007245,0.582423,0.341434,-0.009806,0.556084,0.274609,-0.006918,0.540373,0.299642,0.003807,0.540634,0.332545,0.014653
226,1694940879.183315,1,31.6293,31.6293,12.3517,4.8363,16.6612,1683.5681,35.4868,7639.8387,1.4686,150.5841,190.0698,44.5211,14.6386,47.3448,88.1837,0.084994,0.598459,0.605266,0.000000,0.517260,0.648994,-0.017022,0.447850,0.590124,-0.022434,0.406285,0.501990,-0.023266,0.369913,0.442548,-0.022196,0.464456,0.434545,-0.027339,0.409479,0.344703,-0.033099,0.382582,0.292544,-0.033249,0.367331,0.253234,-0.031896,0.509156,0.374515,-0.022645,0.466256,0.246698,-0.026879,0.447861,0.246409,-0.020924,0.446854,0.266732,-0.012387,0.552747,0.350306,-0.017909,0.522144,0.236427,-0.023004,0.505010,0.269545,-0.013696,0.506102,0.309465,-0.002968,0.591439,0.350274,-0.014166,0.566512,0.278805,-0.016221,0.547070,0.303653,-0.007284,0.544061,0.337132,0.003152
227,1694940879.191648,1,-19.9776,-19.9776,-9.8224,-22.1741,17.5000,1387.5107,45.2457,7392.8223,2.4573,151.2415,199.8967,50.9964,4.5860,40.2046,83.8828,0.074866,0.601527,0.604141,0.000000,0.519282,0.644197,-0.015446,0.449509,0.584105,-0.020526,0.409460,0.497171,-0.020852,0.376838,0.432927,-0.019142,0.470904,0.426697,-0.025874,0.416676,0.335012,-0.029052,0.390971,0.287088,-0.027249,0.376363,0.252161,-0.024696,0.516378,0.368720,-0.021288,0.474441,0.241028,-0.023411,0.456794,0.246024,-0.015769,0.456255,0.268009,-0.006048,0.559185,0.346419,-0.016335,0.529236,0.234288,-0.018534,0.512974,0.267662,-0.007845,0.514754,0.306098,0.003198,0.596326,0.347338,-0.012329,0.571657,0.278822,-0.011997,0.554353,0.304541,-0.001987,0.553856,0.337895,0.008926
228,1694940879.199982,1,-18.1093,-18.1093,-8.7050,1.1174,21.0420,1219.7896,4.7654,8708.4954,1.4097,146.7739,210.2883,60.4870,13.3616,38.3412,83.8762,0.070655,0.604736,0.607555,0.000000,0.522570,0.641951,-0.017128,0.453763,0.577954,-0.023223,0.414655,0.489867,-0.024828,0.379826,0.427513,-0.024256,0.477235,0.421007,-0.025268,0.424845,0.329277,-0.029849,0.399780,0.284119,-0.028835,0.385995,0.251817,-0.026858,0.523999,0.366882,-0.021731,0.482981,0.234850,-0.026591,0.467029,0.245927,-0.020231,0.468533,0.271756,-0.010641,0.567437,0.348994,-0.018327,0.538384,0.230150,-0.024537,0.521566,0.265269,-0.015266,0.523636,0.304058,-0.004237,0.604529,0.354473,-0.015903,0.581849,0.283245,-0.019312,0.563788,0.309052,-0.010688,0.563136,0.342834,-0.000287
229,1694940879.208315,1,-24.1291,-24.1291,-10.9432,-2.2382,23.1154,1295.5320,0.5911,5922.8790,2.9642,147.8071,229.3488,65.0051,27.4979,49.2386,92.4497,0.067442,0.607305,0.607314,0.000000,0.526650,0.641591,-0.017628,0.458860,0.574029,-0.023682,0.419400,0.481512,-0.025147,0.385724,0.415810,-0.024502,0.483981,0.418981,-0.025473,0.434516,0.325752,-0.029300,0.411058,0.274754,-0.028885,0.398877,0.237055,-0.027537,0.530486,0.364923,-0.020691,0.492896,0.235273,-0.021197,0.473229,0.229591,-0.014131,0.470440,0.243037,-0.006120,0.573463,0.346786,-0.016156,0.547202,0.229633,-0.018325,0.529590,0.260351,-0.009116,0.530397,0.299648,0.000243,0.610265,0.352098,-0.012850,0.588515,0.281561,-0.013513,0.570014,0.302431,-0.005091,0.567575,0.335317,0.004105
230,1694940879.216648,1,-21.3983,-21.3983,-13.2569,-2.3137,21.1049,1398.6085,44.3362,7109.5519,2.4105,133.9599,245.2014,77.0839,38.8713,51.0926,89.2581,0.051303,0.616532,0.609889,-0.000000,0.533702,0.641510,-0.013032,0.465281,0.570777,-0.016852,0.427042,0.479613,-0.016454,0.394484,0.416370,-0.013842,0.491870,0.415347,-0.023957,0.437834,0.310818,-0.026295,0.416847,0.265434,-0.022338,0.409873,0.238487,-0.017470,0.538166,0.361656,-0.019643,0.498538,0.225427,-0.020463,0.481528,0.236695,-0.010710,0.482839,0.265438,0.000832,0.580511,0.342592,-0.014978,0.549093,0.223915,-0.016202,0.532008,0.257064,-0.005450,0.534368,0.296940,0.005546,0.616513,0.346953,-0.010953,0.589742,0.276817,-0.009771,0.570487,0.301155,-0.000259,0.568723,0.336101,0.010045
231,1694940879.224982,1,25.2399,25.2399,11.3044,24.5613,18.5618,1751.3861,42.7443,5569.5549,2.8289,128.6674,256.1576,85.2462,49.3352,58.1908,94.6009,0.047825,0.619003,0.613064,-0.000000,0.536347,0.638821,-0.016610,0.469328,0.564561,-0.021393,0.432137,0.471296,-0.021137,0.397817,0.409890,-0.018824,0.497899,0.415215,-0.027895,0.447647,0.311783,-0.031175,0.425559,0.265932,-0.028307,0.415996,0.234764,-0.024579,0.544392,0.362953,-0.022019,0.508063,0.222577,-0.023975,0.490008,0.241695,-0.013784,0.490787,0.277925,-0.001567,0.586378,0.345782,-0.016058,0.557728,0.224177,-0.019173,0.540003,0.259364,-0.009552,0.542996,0.301328,0.001159,0.621741,0.350810,-0.010901,0.596819,0.277926,-0.011788,0.576931,0.302404,-0.003784,0.575427,0.337916,0.005520
232,1694940879.233315,0,33.6385,33.6385,12.9369,1.6326,25.0285,1863.7846,36.7051,5878.9186,2.8777,130.8812,262.8869,87.5717,51.1933,59.0496,93.7952,0.044818,0.621418,0.614620,-0.000000,0.540045,0.637450,-0.018031,0.473492,0.562770,-0.023743,0.436882,0.467622,-0.024287,0.403925,0.403971,-0.022626,0.503365,0.407624,-0.028689,0.453057,0.308928,-0.033093,0.429352,0.262276,-0.031433,0.418273,0.229470,-0.028567,0.550622,0.358909,-0.022453,0.516275,0.220695,-0.025567,0.498432,0.242728,-0.015487,0.499559,0.283155,-0.002867,0.593130,0.346396,-0.016386,0.568623,0.224766,-0.021706,0.549966,0.260284,-0.012740,0.551791,0.304140,-0.001669,0.628837,0.355742,-0.011047,0.606666,0.283130,-0.013460,0.586128,0.307480,-0.005715,0.583140,0.343834,0.003868
233,1694940879.241648,0,26.2744,26.2744,12.6009,-0.3361,25.2389,1929.7630,42.0302,8639.8984,2.0995,130.8526,275.9408,104.3459,68.1567,68.5318,96.4411,0.029642,0.627649,0.619142,-0.000000,0.545211,0.638945,-0.018441,0.478197,0.561688,-0.023613,0.441169,0.468322,-0.023446,0.410190,0.403855,-0.020325,0.509594,0.401600,-0.025712,0.458633,0.295738,-0.027362,0.437413,0.253330,-0.023182,0.429928,0.227239,-0.018432,0.556952,0.356674,-0.018495,0.523626,0.215364,-0.019716,0.504499,0.236218,-0.009489,0.503293,0.274685,0.003197,0.598561,0.345654,-0.011517,0.574459,0.222546,-0.013721,0.555099,0.256257,-0.003784,0.554857,0.298454,0.007485,0.633282,0.356358,-0.005535,0.610058,0.280795,-0.005292,0.589216,0.300553,0.003239,0.584886,0.332279,0.013284
234,1694940879.249982,0,24.4742,24.4742,11.4681,-1.1327,19.7937,2063.7750,25.9815,11834.2674,2.4318,128.1705,276.2586,107.7861,70.0414,67.2684,93.8248,0.024381,0.631931,0.615697,-0.000000,0.547828,0.636922,-0.017549,0.480407,0.561961,-0.023114,0.443157,0.465650,-0.022923,0.411962,0.398918,-0.019680,0.514627,0.405485,-0.030254,0.460672,0.294562,-0.032499,0.438011,0.255910,-0.027376,0.430855,0.232737,-0.021774,0.561859,0.358319,-0.022860,0.526329,0.212255,-0.026384,0.507629,0.239191,-0.015431,0.508850,0.283146,-0.001750,0.602556,0.345831,-0.015109,0.576727,0.222103,-0.018865,0.556835,0.257179,-0.008931,0.557160,0.300132,0.002633,0.636029,0.354585,-0.007937,0.610870,0.277050,-0.007879,0.589582,0.298744,0.000806,0.585907,0.332878,0.010858
235,1694940879.258315,0,29.7175,29.7175,1.1194,-10.3487,3.3966,823.7628,12.9654,6608.7807,2.0128,128.9429,285.5066,107.8119,76.6649,80.9421,109.1788,0.028054,0.633490,0.620119,-0.000000,0.550847,0.637072,-0.019253,0.484574,0.560217,-0.025831,0.447263,0.462544,-0.026977,0.415963,0.394632,-0.025530,0.516927,0.407930,-0.028120,0.465130,0.301337,-0.031407,0.442154,0.251193,-0.028404,0.433138,0.214080,-0.024621,0.563234,0.359742,-0.020712,0.531201,0.213641,-0.024646,0.515064,0.240939,-0.014553,0.517396,0.285559,-0.001095,0.603764,0.346085,-0.013484,0.579616,0.222537,-0.018613,0.560975,0.258969,-0.009851,0.562307,0.303212,0.001491,0.637320,0.353715,-0.007025,0.613718,0.275688,-0.008314,0.594072,0.297594,-0.000375,0.591610,0.332700,0.009485
236,1694940879.266648,0,29.3255,29.3255,-1.0783,-2.1976,3.1482,755.4933,48.8808,8488.2908,2.3985,131.8287,287.6404,114.8722,84.6414,85.0614,107.5302,0.022291,0.636348,0.622383,-0.000000,0.552331,0.639035,-0.016181,0.485123,0.561951,-0.021644,0.449828,0.457170,-0.021278,0.420872,0.385900,-0.018259,0.521876,0.412932,-0.032331,0.469222,0.299416,-0.032680,0.446037,0.250107,-0.026380,0.437023,0.215107,-0.020624,0.569174,0.366737,-0.024859,0.537618,0.214998,-0.024688,0.520446,0.239488,-0.010941,0.520148,0.279164,0.003809,0.609541,0.354017,-0.016574,0.584342,0.222934,-0.016667,0.565558,0.258202,-0.004106,0.566034,0.302884,0.008241,0.642791,0.362493,-0.008827,0.618089,0.281766,-0.007174,0.597219,0.299442,0.002185,0.592568,0.331034,0.012414
237,1694940879.274982,0,-34.2394,-34.2394,-15.1284,-14.0502,24.7514,2737.9764,0.5542,10453.1346,1.9701,138.1844,293.1622,120.8547,89.0896,87.4440,109.3320,0.013744,0.641808,0.626661,-0.000000,0.558008,0.643913,-0.020174,0.489628,0.566981,-0.026725,0.451867,0.466617,-0.026940,0.421650,0.395932,-0.024057,0.522910,0.411133,-0.031443,0.469001,0.297450,-0.032853,0.447798,0.251422,-0.027112,0.441886,0.219000,-0.021358,0.569865,0.364618,-0.021647,0.537062,0.216683,-0.023250,0.523078,0.247664,-0.010887,0.526668,0.289611,0.003216,0.610188,0.351843,-0.011711,0.582851,0.225257,-0.014450,0.566010,0.263653,-0.004285,0.568047,0.307754,0.007047,0.643637,0.358544,-0.002490,0.616781,0.276074,-0.001660,0.597808,0.295765,0.006836,0.595638,0.327017,0.016407
238,1694940879.283315,0,46.2059,46.2059,5.4329,20.5614,27.6622,445.8602,42.9561,7944.5507,1.4409,130.0517,286.8603,108.3171,80.0305,84.4696,110.7918,0.022641,0.640245,0.623727,-0.000000,0.555999,0.642352,-0.022968,0.488996,0.562698,-0.031149,0.451870,0.460069,-0.032069,0.421570,0.389334,-0.030047,0.526561,0.412814,-0.037847,0.472103,0.298439,-0.041103,0.445064,0.246960,-0.036600,0.432389,0.207124,-0.031759,0.573218,0.364149,-0.026242,0.539184,0.214018,-0.029075,0.519923,0.246281,-0.015202,0.520675,0.292461,0.000667,0.611707,0.349381,-0.014571,0.583221,0.221220,-0.018465,0.561495,0.258716,-0.007503,0.561771,0.303716,0.005155,0.642404,0.353350,-0.003781,0.614797,0.268391,-0.004703,0.591981,0.286524,0.003049,0.588042,0.318723,0.012576
239,1694940879.291648,0,31.1357,31.1357,0.3545,-5.0784,28.0469,352.2258,43.4014,9921.7539,2.1022,137.6921,294.3270,118.8358,88.0677,89.8708,117.3326,0.015197,0.642584,0.627177,-0.000000,0.558080,0.644306,-0.019363,0.488858,0.563684,-0.025331,0.452558,0.455457,-0.024503,0.424726,0.382700,-0.020566,0.527095,0.414946,-0.036071,0.472757,0.292866,-0.037925,0.449521,0.244348,-0.031515,0.440946,0.210204,-0.025013,0.574483,0.368158,-0.025632,0.542566,0.213292,-0.026927,0.524840,0.241923,-0.012249,0.524570,0.281157,0.003741,0.613849,0.353176,-0.014629,0.587236,0.220950,-0.016086,0.566656,0.257933,-0.003225,0.566073,0.302484,0.010214,0.645767,0.357365,-0.004290,0.617956,0.270695,-0.002874,0.595073,0.286836,0.006520,0.589230,0.316851,0.017193
240,1694940879.299982,0,-39.0135,-39.0135,-17.0847,-17.4393,35.8761,2974.5999,7.1720,11069.4281,2.2658,130.5972,288.3163,116.0594,85.2673,85.7170,109.5933,0.014620,0.643190,0.624587,-0.000000,0.558968,0.642423,-0.019018,0.490824,0.565529,-0.025731,0.452716,0.463620,-0.025829,0.424384,0.390981,-0.022828,0.527720,0.413049,-0.034814,0.473711,0.297877,-0.036388,0.447636,0.248628,-0.030117,0.436403,0.211226,-0.024027,0.574593,0.364450,-0.024667,0.540502,0.211867,-0.027366,0.522368,0.242057,-0.012876,0.523915,0.284771,0.003759,0.613532,0.350275,-0.013865,0.585208,0.218789,-0.016679,0.564295,0.256950,-0.004077,0.564813,0.302302,0.009865,0.645169,0.357289,-0.003603,0.617754,0.270495,-0.002248,0.595331,0.288518,0.007419,0.591708,0.321259,0.018407
241,1694940879.308315,0,-31.2694,-31.2694,0.7425,17.8272,36.4110,144.2835,22.0636,10569.4720,1.1943,134.0872,295.9973,120.0849,90.6343,90.9137,114.2766,0.011827,0.645268,0.625192,-0.000000,0.560735,0.641528,-0.019350,0.492079,0.564324,-0.025915,0.454193,0.462781,-0.025959,0.426283,0.389557,-0.022900,0.528197,0.411426,-0.032369,0.475341,0.292969,-0.033409,0.450312,0.243153,-0.027149,0.439924,0.205929,-0.020976,0.575082,0.363789,-0.022104,0.543842,0.208248,-0.023470,0.524974,0.237679,-0.009396,0.524909,0.281025,0.006753,0.614183,0.350534,-0.011492,0.587099,0.221006,-0.013194,0.566117,0.257892,-0.001661,0.565988,0.301932,0.011280,0.645499,0.357266,-0.001498,0.618344,0.270727,0.000645,0.596748,0.286373,0.009849,0.593149,0.316322,0.020282
242,1694940879.316648,0,-29.0890,-29.0890,-18.8237,-19.5662,35.6464,2893.2304,13.2848,10840.7774,1.4924,134.1281,293.8932,121.8457,91.3756,90.3670,113.4593,0.010711,0.647533,0.624236,-0.000000,0.562590,0.642455,-0.021100,0.492840,0.566187,-0.028663,0.454099,0.463065,-0.029301,0.426438,0.388163,-0.026579,0.531687,0.409979,-0.034972,0.475495,0.291028,-0.035432,0.450327,0.241755,-0.028071,0.440365,0.205171,-0.021133,0.578161,0.360552,-0.023503,0.544589,0.205835,-0.025403,0.524673,0.235069,-0.011476,0.523839,0.277249,0.004746,0.616119,0.345399,-0.011509,0.587654,0.217128,-0.013050,0.565969,0.254266,-0.001685,0.565064,0.297838,0.011148,0.645944,0.351031,-0.000242,0.618198,0.266301,0.001946,0.595418,0.281826,0.010738,0.590772,0.311393,0.021036
243,1694940879.324982,0,36.3465,36.3465,1.3027,20.1264,32.9640,237.3679,40.0204,9706.8963,1.8517,132.5285,293.4678,119.8838,88.0099,85.8048,108.5243,0.011272,0.646267,0.623769,-0.000000,0.561259,0.641150,-0.022963,0.492342,0.563769,-0.031259,0.453768,0.462068,-0.032547,0.425760,0.386504,-0.030580,0.530974,0.408244,-0.034670,0.477653,0.294462,-0.036474,0.450798,0.245910,-0.030907,0.439474,0.209076,-0.025426,0.577869,0.359551,-0.023157,0.545104,0.207194,-0.025924,0.524470,0.237969,-0.012979,0.524424,0.282240,0.002411,0.616237,0.345416,-0.011618,0.588707,0.213877,-0.014873,0.565922,0.249924,-0.004116,0.565345,0.293826,0.008430,0.646381,0.352117,-0.001015,0.619023,0.263677,-0.000527,0.595408,0.277183,0.007499,0.590909,0.305775,0.017190
244,1694940879.333315,0,45.9098,45.9098,21.2308,19.9281,36.6502,3340.0080,41.4258,10867.7375,1.7469,131.1744,289.2660,118.1608,87.3287,85.0755,106.5578,0.010736,0.645366,0.621557,-0.000000,0.560572,0.637234,-0.022625,0.492388,0.559933,-0.031405,0.453998,0.456566,-0.032952,0.425710,0.380414,-0.031228,0.531160,0.407306,-0.037597,0.475839,0.290069,-0.039977,0.448565,0.242207,-0.033964,0.437044,0.205834,-0.027837,0.578429,0.359758,-0.025753,0.544788,0.203806,-0.028862,0.524208,0.237102,-0.014243,0.524250,0.283391,0.002553,0.617140,0.346520,-0.013701,0.587880,0.211979,-0.017628,0.564810,0.249845,-0.005932,0.564388,0.294853,0.007679,0.647884,0.352209,-0.002345,0.618590,0.260149,-0.002173,0.594251,0.274127,0.006382,0.589695,0.302661,0.016640
245,1694940879.341648,0,-40.9642,-40.9642,-2.4237,-23.6545,37.0354,93.3342,29.2180,10096.3392,1.1949,137.3086,296.6193,119.2895,89.9901,90.4720,114.1566,0.015033,0.647836,0.624232,-0.000000,0.561369,0.637707,-0.024491,0.492387,0.558894,-0.033649,0.454658,0.454488,-0.035235,0.425109,0.378954,-0.033673,0.531573,0.406595,-0.039022,0.476080,0.287729,-0.041823,0.450068,0.236202,-0.037325,0.438580,0.194260,-0.032763,0.578894,0.357987,-0.026420,0.545108,0.202980,-0.028768,0.524070,0.237880,-0.014750,0.523504,0.284996,0.000842,0.617339,0.344185,-0.013887,0.587501,0.210469,-0.016437,0.564676,0.248181,-0.005323,0.564436,0.293455,0.006900,0.647923,0.349052,-0.002411,0.618720,0.258065,-0.002341,0.594684,0.271798,0.005067,0.589388,0.300471,0.014047
246,1694940879.349982,0,50.2661,50.2661,19.8388,22.2625,39.2409,3413.1722,19.7700,10657.0775,1.2798,134.1674,290.2672,118.6218,88.6893,87.2695,108.1991,0.013691,0.646036,0.620862,-0.000000,0.560575,0.634336,-0.025014,0.492151,0.555589,-0.035100,0.453610,0.451997,-0.037729,0.424163,0.377411,-0.037297,0.532442,0.403259,-0.039369,0.477301,0.289936,-0.043430,0.449873,0.239922,-0.039755,0.437339,0.199499,-0.035657,0.579838,0.355375,-0.027484,0.546325,0.202703,-0.031733,0.524907,0.238757,-0.018840,0.524750,0.287567,-0.003552,0.618126,0.341577,-0.015738,0.589237,0.209192,-0.020697,0.565382,0.248416,-0.010384,0.565320,0.294619,0.001975,0.648207,0.346359,-0.005000,0.618833,0.257432,-0.006719,0.594217,0.272670,0.000327,0.589561,0.301416,0.009412
247,1694940879.358315,0,28.5000,28.5000,-1.9616,-21.8004,33.3556,290.1481,47.6783,9832.9650,1.9008,135.3750,296.9134,122.3079,90.6081,90.6574,117.0881,0.012834,0.648326,0.622867,-0.000000,0.562804,0.637444,-0.021162,0.493123,0.560766,-0.029218,0.453800,0.456757,-0.030158,0.426408,0.379619,-0.027811,0.531125,0.409218,-0.038098,0.474999,0.284528,-0.040347,0.449948,0.233518,-0.033972,0.439860,0.193888,-0.027840,0.578064,0.357982,-0.026873,0.542378,0.199913,-0.030419,0.523172,0.235436,-0.015877,0.523490,0.281664,0.000661,0.616749,0.340449,-0.015122,0.586040,0.205737,-0.018018,0.565249,0.246231,-0.005471,0.565704,0.292918,0.008092,0.647748,0.343070,-0.004092,0.618218,0.253697,-0.003129,0.595320,0.271791,0.005740,0.590960,0.303089,0.015989
248,1694940879.366648,0,33.4747,33.4747,-3.1088,-1.1471,33.1624,247.2887,15.8638,9916.6902,1.5363,136.2554,293.2824,120.3720,88.4514,87.4681,112.7600,0.013137,0.646616,0.622554,-0.000000,0.559546,0.634178,-0.023440,0.490974,0.554754,-0.032128,0.452432,0.451843,-0.033501,0.423451,0.376864,-0.031552,0.530024,0.402464,-0.036444,0.474613,0.283994,-0.038040,0.448857,0.235095,-0.032460,0.438313,0.196935,-0.027082,0.577220,0.354324,-0.024068,0.543456,0.198815,-0.025412,0.522138,0.234364,-0.010640,0.521529,0.281097,0.005448,0.615867,0.340832,-0.011796,0.585947,0.204475,-0.013245,0.562934,0.241818,-0.001351,0.562734,0.287098,0.011233,0.646527,0.346487,-0.000600,0.617758,0.253799,0.000504,0.593190,0.266148,0.008237,0.587857,0.293966,0.017307
249,1694940879.374982,0,40.0224,40.0224,20.2466,23.3554,32.4403,3011.5136,33.4706,11413.4240,0.9831,133.2415,282.0105,107.5215,76.1795,76.9930,103.1587,0.018181,0.646038,0.617715,-0.000000,0.561366,0.633077,-0.022709,0.492290,0.558739,-0.032415,0.452493,0.457349,-0.034225,0.424465,0.380147,-0.032471,0.530671,0.407687,-0.044614,0.472687,0.284652,-0.047782,0.442715,0.235965,-0.040447,0.428403,0.200266,-0.033016,0.577768,0.358986,-0.032215,0.541076,0.196086,-0.036943,0.520360,0.228909,-0.020545,0.520210,0.274136,-0.001972,0.616128,0.344164,-0.019006,0.583339,0.206620,-0.023599,0.560692,0.245184,-0.009827,0.560740,0.290717,0.005665,0.646789,0.347830,-0.006304,0.615700,0.251975,-0.005418,0.591062,0.268298,0.004973,0.586646,0.299819,0.016669
250,1694940879.383315,0,41.3511,41.3511,-2.2287,-22.4754,7.4013,481.9216,43.1512,10905.0308,2.0898,133.7600,278.8694,104.4796,71.9910,73.0361,100.9504,0.019953,0.645690,0.617743,-0.000000,0.559868,0.633798,-0.025149,0.491166,0.558534,-0.035964,0.451306,0.455233,-0.038713,0.421400,0.377427,-0.038112,0.530554,0.402427,-0.044279,0.472139,0.283795,-0.047331,0.441631,0.236351,-0.041152,0.426305,0.200846,-0.034814,0.578335,0.351768,-0.030955,0.541073,0.193741,-0.035393,0.517715,0.226070,-0.020417,0.515323,0.272743,-0.003120,0.616832,0.338329,-0.017102,0.584815,0.204412,-0.021740,0.560089,0.241097,-0.009611,0.557918,0.285506,0.004486,0.646889,0.343799,-0.003955,0.616056,0.252061,-0.004094,0.589532,0.266716,0.004823,0.582690,0.295695,0.015459
251,1694940879.391648,0,45.3771,45.3771,4.2193,6.4480,6.0024,747.5470,17.1151,12140.6574,2.1286,125.2330,276.5437,110.0847,74.7621,69.8768,91.8739,0.013117,0.644159,0.614919,-0.000000,0.557947,0.632860,-0.021809,0.490925,0.560439,-0.032309,0.450764,0.459707,-0.035259,0.422532,0.382371,-0.034743,0.529058,0.404343,-0.044062,0.471554,0.286673,-0.047799,0.442128,0.243025,-0.040747,0.428420,0.214775,-0.032900,0.575714,0.352002,-0.031854,0.538543,0.196424,-0.035585,0.515189,0.225393,-0.018843,0.512334,0.269684,-0.000062,0.614798,0.336781,-0.018681,0.585116,0.205263,-0.021937,0.560265,0.240002,-0.007358,0.556999,0.282559,0.008618,0.645723,0.342773,-0.005954,0.617036,0.253524,-0.003185,0.590956,0.267358,0.008256,0.584523,0.295760,0.020924
252,1694940879.399982,0,-35.6711,-35.6711,-17.2865,-21.5058,30.5320,3050.7405,33.1126,13757.8289,1.4282,128.2886,273.3664,102.2245,68.4796,67.0683,92.6837,0.018406,0.643291,0.615423,-0.000000,0.558540,0.632689,-0.021712,0.489248,0.559519,-0.031571,0.448678,0.457004,-0.034083,0.419185,0.379808,-0.033112,0.526859,0.404165,-0.040688,0.469268,0.283829,-0.042255,0.438352,0.239961,-0.034263,0.423624,0.209829,-0.026486,0.573564,0.354099,-0.028896,0.536624,0.195412,-0.030815,0.515458,0.230720,-0.013447,0.515067,0.277065,0.005098,0.611850,0.339114,-0.016557,0.580625,0.201059,-0.019216,0.557965,0.239329,-0.005593,0.557762,0.284461,0.008926,0.642353,0.342679,-0.004733,0.612631,0.248162,-0.003359,0.588005,0.263632,0.006291,0.583057,0.293890,0.017029
253,1694940879.408315,0,-41.5094,-41.5094,-20.3829,-3.0965,39.6858,2938.5499,9.9941,13002.7288,2.4495,132.6543,278.7428,106.2196,75.3468,75.1491,97.7687,0.019446,0.642885,0.617383,-0.000000,0.558032,0.634238,-0.023120,0.488622,0.561174,-0.032580,0.448514,0.456649,-0.034205,0.419013,0.380388,-0.032287,0.527049,0.404304,-0.040540,0.468327,0.284560,-0.040752,0.439605,0.239266,-0.032563,0.427162,0.205178,-0.025026,0.574304,0.356769,-0.027689,0.537907,0.196314,-0.027927,0.515720,0.223477,-0.011264,0.513418,0.264706,0.006459,0.613345,0.343841,-0.014350,0.584083,0.206391,-0.014689,0.560528,0.240327,-0.001465,0.558526,0.283823,0.012357,0.644647,0.349560,-0.001852,0.616582,0.259539,-0.000072,0.590558,0.271719,0.008512,0.582783,0.298832,0.018636
254,1694940879.416648,0,-55.3135,-55.3135,-24.1662,-3.7832,43.3708,2974.7901,37.5994,15020.3753,1.3967,125.2029,266.7993,98.1577,65.4881,65.1466,89.5643,0.020842,0.639781,0.614352,-0.000000,0.556052,0.631499,-0.026010,0.487880,0.560531,-0.037581,0.447020,0.462831,-0.041755,0.417805,0.386682,-0.042624,0.525601,0.403794,-0.038623,0.468413,0.292492,-0.043218,0.436502,0.246703,-0.040061,0.419661,0.213964,-0.035868,0.572141,0.352526,-0.026483,0.535451,0.199638,-0.030162,0.513057,0.230494,-0.017404,0.511211,0.276518,-0.002306,0.610266,0.336907,-0.014743,0.578839,0.202144,-0.019063,0.554952,0.238817,-0.007975,0.553920,0.283214,0.004821,0.640670,0.340523,-0.004230,0.611086,0.248060,-0.005770,0.585448,0.262528,0.001921,0.579326,0.290854,0.011549
255,1694940879.424982,0,44.3631,44.3631,-0.2535,23.9126,44.0832,95.6486,77.0592,13254.8373,1.3153,129.0748,268.7179,98.9563,67.8366,66.4283,88.8949,0.019832,0.641703,0.614816,-0.000000,0.557189,0.634973,-0.027570,0.487132,0.562668,-0.038891,0.445226,0.460592,-0.041592,0.413452,0.384622,-0.040267,0.525394,0.403049,-0.043948,0.463728,0.288122,-0.044833,0.433747,0.244815,-0.037058,0.420982,0.213883,-0.029421,0.572348,0.353801,-0.028426,0.534093,0.197283,-0.028660,0.509660,0.222093,-0.012280,0.505682,0.261976,0.005181,0.610210,0.339375,-0.012767,0.578741,0.206779,-0.013042,0.552423,0.238695,-0.000037,0.548509,0.281232,0.013806,0.640038,0.342462,0.001613,0.611769,0.251463,0.003091,0.583259,0.259049,0.011150,0.572478,0.283441,0.021085
256,1694940879.433315,0,47.5183,47.5183,20.7974,21.0509,44.6122,2866.7249,0.5200,14210.3431,1.6788,127.0039,266.6466,97.9388,64.4443,63.5996,88.1589,0.020144,0.638238,0.610397,0.000000,0.554162,0.632220,-0.026379,0.485005,0.562479,-0.037831,0.443191,0.462319,-0.040481,0.411890,0.386885,-0.039140,0.523754,0.404301,-0.046483,0.461680,0.288713,-0.047351,0.432165,0.245531,-0.038615,0.419667,0.218140,-0.030021,0.571168,0.354982,-0.031250,0.533660,0.198349,-0.032006,0.509223,0.215515,-0.015713,0.503587,0.251051,0.001607,0.609396,0.339557,-0.015323,0.577417,0.206743,-0.015664,0.551491,0.235220,-0.001655,0.546771,0.276538,0.012865,0.639424,0.342716,-0.000442,0.609657,0.250511,0.001245,0.581564,0.258142,0.010639,0.571160,0.283410,0.021685
257,1694940879.441648,0,-47.1761,-47.1761,-1.4167,-22.2140,46.2407,268.3831,15.0560,12582.2902,1.0826,133.4414,267.1037,94.4429,64.3880,67.0955,92.7758,0.024166,0.640045,0.614792,-0.000000,0.556337,0.635921,-0.023355,0.485211,0.568793,-0.033624,0.442605,0.472021,-0.036420,0.414580,0.393201,-0.035679,0.521200,0.412372,-0.041219,0.462287,0.293171,-0.043922,0.432592,0.244530,-0.037141,0.417907,0.208868,-0.030332,0.567797,0.359938,-0.029891,0.527596,0.199227,-0.034042,0.509210,0.226949,-0.019903,0.510641,0.268345,-0.003317,0.606421,0.340986,-0.018017,0.571713,0.206611,-0.022111,0.551244,0.246553,-0.009563,0.552375,0.291119,0.004624,0.637674,0.341508,-0.006927,0.606175,0.248636,-0.006257,0.583674,0.267819,0.003586,0.580509,0.299917,0.014768
258,1694940879.449982,0,-34.9085,-34.9085,5.1013,6.5179,45.4213,365.8621,33.1458,13358.8320,1.2632,121.8318,257.7509,91.6679,57.1183,57.1450,84.0254,0.022450,0.636050,0.611681,-0.000000,0.551472,0.633490,-0.023494,0.483411,0.565982,-0.033791,0.442169,0.468770,-0.036444,0.411187,0.392877,-0.035436,0.520232,0.403641,-0.039971,0.459551,0.290505,-0.040195,0.428117,0.249580,-0.031506,0.413858,0.222689,-0.023158,0.567146,0.353672,-0.027191,0.527370,0.200158,-0.028802,0.505759,0.230991,-0.012716,0.505301,0.275185,0.005029,0.605672,0.338709,-0.013900,0.572618,0.205173,-0.015989,0.549062,0.242331,-0.003012,0.548386,0.286054,0.011148,0.636480,0.341749,-0.001301,0.605696,0.247029,0.000464,0.579984,0.265797,0.010524,0.574630,0.297987,0.021727
259,1694940879.458315,0,53.1344,53.1344,2.1928,-2.9084,44.0487,449.4582,60.6098,10342.3405,1.0756,129.9367,262.1615,89.1687,56.5531,60.6090,90.1921,0.026502,0.634680,0.608045,-0.000000,0.550478,0.633638,-0.024413,0.480949,0.566072,-0.035478,0.438383,0.469889,-0.038350,0.410250,0.392225,-0.037747,0.519036,0.411648,-0.046105,0.459444,0.294126,-0.050367,0.429126,0.245476,-0.044569,0.414097,0.211621,-0.037984,0.565154,0.356333,-0.032832,0.525079,0.201879,-0.036335,0.502153,0.223927,-0.020809,0.499632,0.264260,-0.003646,0.603126,0.336057,-0.018926,0.569003,0.203752,-0.021640,0.543842,0.235392,-0.007319,0.540898,0.277046,0.007773,0.633323,0.336127,-0.005953,0.602449,0.243401,-0.004984,0.575799,0.257649,0.005280,0.568583,0.286075,0.016800
260,1694940879.466648,0,-39.6884,-39.6884,-21.8017,-23.9945,44.7468,2620.1428,27.6362,10027.5225,1.1912,120.9051,256.9443,87.1440,51.8710,54.2036,84.8426,0.026652,0.634504,0.609506,-0.000000,0.551355,0.633719,-0.023724,0.481913,0.568939,-0.035321,0.439884,0.474569,-0.040179,0.409506,0.397351,-0.041648,0.516788,0.410463,-0.039870,0.457111,0.293040,-0.044638,0.425687,0.249514,-0.039447,0.410690,0.222231,-0.033192,0.562586,0.357970,-0.029714,0.522553,0.198013,-0.034468,0.500879,0.227861,-0.020267,0.499721,0.271776,-0.003470,0.600642,0.339156,-0.019668,0.564549,0.202032,-0.023870,0.542112,0.240335,-0.010346,0.542269,0.283571,0.004359,0.631821,0.339137,-0.010791,0.599394,0.243191,-0.011145,0.574444,0.259526,-0.001402,0.568845,0.289035,0.009761
261,1694940879.474982,0,42.4199,42.4199,22.3990,44.2007,43.5995,2515.0736,53.2719,8779.6208,2.1401,121.9390,257.3518,89.0361,54.5975,57.5558,87.7109,0.026851,0.631933,0.609385,-0.000000,0.548006,0.633706,-0.021327,0.479329,0.568173,-0.031268,0.437624,0.473057,-0.033285,0.409212,0.396970,-0.031755,0.515070,0.412843,-0.046603,0.455906,0.294961,-0.048198,0.426373,0.249353,-0.038841,0.412150,0.220359,-0.029565,0.561111,0.359614,-0.034060,0.521799,0.203543,-0.036691,0.498090,0.223472,-0.019022,0.493998,0.262908,0.000054,0.599857,0.342110,-0.020088,0.568154,0.210092,-0.021765,0.543579,0.241482,-0.005505,0.539758,0.283786,0.011265,0.631248,0.345270,-0.006600,0.602179,0.249322,-0.003478,0.576008,0.264263,0.009137,0.568675,0.295520,0.022511
262,1694940879.483315,0,35.8181,35.8181,17.6816,-4.7174,40.1366,2238.4163,20.5452,6866.7416,2.0259,125.6875,256.8597,85.2526,52.0260,58.5043,91.1670,0.035271,0.631057,0.608608,-0.000000,0.547032,0.631507,-0.021761,0.477939,0.567909,-0.031996,0.435346,0.474847,-0.034815,0.406629,0.398964,-0.034249,0.514970,0.412267,-0.042834,0.454303,0.296310,-0.044036,0.424331,0.249216,-0.035342,0.409704,0.216480,-0.026980,0.560569,0.358712,-0.031086,0.519608,0.200454,-0.034059,0.498240,0.222693,-0.018009,0.496619,0.262953,0.000030,0.598858,0.340159,-0.018263,0.565013,0.207514,-0.020052,0.542368,0.242977,-0.005230,0.540706,0.286009,0.010410,0.629827,0.341984,-0.006142,0.600126,0.247104,-0.003862,0.575098,0.263551,0.007291,0.568866,0.294411,0.019528
263,1694940879.491648,0,-41.5528,-41.5528,-23.6718,-41.3534,41.7249,2100.6164,52.4622,7678.6282,1.9530,123.0710,255.1404,83.7506,50.1904,55.9757,88.3476,0.034418,0.631445,0.608334,-0.000000,0.548039,0.632719,-0.024611,0.478070,0.569108,-0.035693,0.435248,0.476039,-0.039215,0.406214,0.400592,-0.039239,0.513422,0.408804,-0.041474,0.452361,0.295952,-0.043865,0.422040,0.249496,-0.036965,0.407825,0.217644,-0.029861,0.559566,0.356908,-0.029188,0.519908,0.202536,-0.032092,0.497569,0.225695,-0.017571,0.494793,0.264245,-0.000972,0.597933,0.339833,-0.016543,0.565904,0.207337,-0.019819,0.542523,0.241622,-0.006825,0.540372,0.283697,0.007614,0.628560,0.342533,-0.004869,0.599474,0.249362,-0.005138,0.574359,0.264657,0.004301,0.567578,0.293500,0.015544
264,1694940879.499982,0,39.1869,39.1869,19.7188,43.3906,39.1355,2276.0089,16.5915,8507.7657,1.5829,118.9761,254.0637,87.2839,51.4611,53.8824,86.0468,0.032882,0.631256,0.608103,-0.000000,0.547532,0.633598,-0.023825,0.476869,0.569604,-0.034690,0.434160,0.474753,-0.037916,0.404177,0.400087,-0.037719,0.514344,0.410862,-0.043848,0.452424,0.295132,-0.046940,0.422725,0.251042,-0.040111,0.409430,0.224054,-0.032911,0.559900,0.356906,-0.031963,0.516996,0.202862,-0.035367,0.494763,0.227656,-0.021000,0.493298,0.268478,-0.004809,0.597649,0.338146,-0.019427,0.562180,0.207336,-0.022491,0.539567,0.243202,-0.009546,0.539054,0.286555,0.004291,0.627844,0.340197,-0.007767,0.596953,0.249312,-0.007378,0.572828,0.267449,0.002166,0.568221,0.298702,0.013007
265,1694940879.508315,0,32.2169,32.2169,-2.5507,-22.2696,31.7676,198.2124,60.7907,7323.3655,2.1883,117.4051,251.3230,82.8791,49.2161,55.5385,89.0309,0.037202,0.631553,0.607779,-0.000000,0.547477,0.635338,-0.025489,0.477553,0.572508,-0.036846,0.434047,0.478225,-0.040724,0.403907,0.401228,-0.040883,0.512290,0.410572,-0.040558,0.449351,0.292853,-0.042881,0.420060,0.250724,-0.035806,0.407641,0.223960,-0.028473,0.557457,0.357366,-0.028121,0.514660,0.200346,-0.030987,0.492347,0.226682,-0.016792,0.490235,0.267391,-0.000490,0.595073,0.338829,-0.015639,0.558317,0.203367,-0.018413,0.536077,0.239602,-0.005672,0.535681,0.282576,0.008243,0.625508,0.340203,-0.004389,0.594466,0.245897,-0.004303,0.569895,0.260924,0.004376,0.563797,0.289723,0.014814
266,1694940879.516648,0,-37.5007,-37.5007,-18.3297,-15.7789,36.9614,1714.1518,24.0301,7095.0097,1.3811,126.9321,254.5314,77.8956,46.7601,57.9012,90.6207,0.040003,0.628344,0.606792,0.000000,0.544228,0.634018,-0.023562,0.474577,0.573424,-0.034547,0.430726,0.481013,-0.037645,0.402057,0.405566,-0.037159,0.510312,0.414817,-0.044173,0.449902,0.297383,-0.046447,0.420420,0.248665,-0.038960,0.405567,0.214979,-0.031299,0.555606,0.359904,-0.031388,0.513856,0.205153,-0.034051,0.491683,0.225916,-0.018409,0.488816,0.265017,-0.001049,0.593633,0.340250,-0.017794,0.560159,0.209039,-0.020041,0.536245,0.240229,-0.006024,0.533614,0.281401,0.009086,0.624394,0.340915,-0.004997,0.594776,0.246254,-0.003724,0.568738,0.259953,0.006735,0.561330,0.288421,0.018619
267,1694940879.524982,0,32.8406,32.8406,18.5984,36.9281,36.4913,1860.3127,24.0945,8209.5062,1.6965,122.3819,251.1348,78.0731,44.6570,53.1843,87.5337,0.039705,0.627265,0.608082,0.000000,0.544026,0.634857,-0.024433,0.475437,0.573353,-0.035876,0.432134,0.481936,-0.039747,0.402296,0.406243,-0.040004,0.509085,0.409505,-0.041776,0.448190,0.295250,-0.043843,0.417930,0.249365,-0.036747,0.403897,0.220051,-0.029290,0.554803,0.357054,-0.028945,0.514365,0.203772,-0.031198,0.491407,0.224897,-0.016058,0.488153,0.263600,0.000845,0.593327,0.340952,-0.015680,0.560844,0.207833,-0.017736,0.536509,0.239280,-0.004023,0.533712,0.280735,0.010700,0.624293,0.345159,-0.003420,0.595635,0.249529,-0.002334,0.568884,0.263393,0.007752,0.561050,0.292879,0.019281
268,1694940879.533315,0,33.5542,33.5542,-1.4082,-20.0065,28.8870,148.8011,47.6046,7451.9244,1.5380,124.2230,250.3855,79.4944,46.1698,53.2430,87.5951,0.037690,0.627700,0.605986,0.000000,0.544865,0.634134,-0.025847,0.473729,0.572632,-0.037688,0.430084,0.479043,-0.042124,0.400575,0.404062,-0.042984,0.509210,0.413323,-0.041438,0.446733,0.296707,-0.046016,0.417987,0.250992,-0.040924,0.405809,0.222758,-0.034629,0.554211,0.358621,-0.029214,0.512328,0.205501,-0.032528,0.489966,0.226236,-0.018844,0.486851,0.263061,-0.003068,0.591612,0.337145,-0.017121,0.554678,0.205807,-0.020191,0.532174,0.239531,-0.006739,0.531503,0.281735,0.007714,0.622293,0.335504,-0.006433,0.590499,0.244499,-0.007597,0.565467,0.259639,0.001426,0.559042,0.288420,0.012515
269,1694940879.541648,0,-33.5251,-33.5251,-16.4355,-15.0273,33.5272,1923.5643,10.5560,7460.1030,2.0117,120.7299,245.4157,76.2353,43.1418,50.3994,84.8673,0.037053,0.623665,0.605586,0.000000,0.541091,0.632808,-0.021843,0.471472,0.571138,-0.032296,0.427991,0.478789,-0.035532,0.398075,0.404690,-0.035608,0.508398,0.412140,-0.042618,0.446865,0.300014,-0.045867,0.417033,0.254377,-0.040002,0.402451,0.224355,-0.033555,0.554042,0.358074,-0.031311,0.511634,0.206634,-0.034499,0.487431,0.224150,-0.020445,0.482513,0.260441,-0.004797,0.592401,0.340246,-0.019094,0.559343,0.208513,-0.021494,0.534964,0.238805,-0.007625,0.532083,0.280567,0.006902,0.623311,0.343377,-0.007637,0.593436,0.250918,-0.006775,0.566451,0.266683,0.003949,0.558538,0.297601,0.015812
270,1694940879.549982,0,37.1570,37.1570,18.6644,35.0999,34.3618,1718.7837,78.4496,8109.0640,0.9704,122.9977,246.4157,75.6788,42.6938,51.8639,86.8942,0.040378,0.626040,0.606912,-0.000000,0.543151,0.632127,-0.025121,0.473412,0.572097,-0.037647,0.429709,0.479669,-0.042446,0.399177,0.403789,-0.043758,0.507477,0.410521,-0.044689,0.445235,0.296100,-0.049078,0.415735,0.252613,-0.044155,0.401922,0.222789,-0.038440,0.552627,0.357585,-0.032299,0.508821,0.205973,-0.034741,0.486084,0.233434,-0.019719,0.483003,0.272980,-0.003759,0.590315,0.339059,-0.019656,0.552607,0.205783,-0.021694,0.529608,0.241264,-0.007546,0.529198,0.283299,0.006654,0.621700,0.340206,-0.008209,0.589291,0.247595,-0.008149,0.563255,0.262808,0.001445,0.556553,0.291293,0.012324
271,1694940879.558315,0,24.4657,24.4657,-2.0937,-20.7582,26.5397,202.9553,68.4811,8492.5334,1.7063,127.3472,246.5793,71.3444,38.8431,51.1920,87.3292,0.043890,0.626343,0.604588,-0.000000,0.541767,0.632824,-0.020450,0.471487,0.572464,-0.029937,0.428726,0.479675,-0.032566,0.398673,0.406462,-0.031982,0.504663,0.410264,-0.038833,0.443318,0.293754,-0.039460,0.414131,0.248929,-0.031293,0.400455,0.220256,-0.023363,0.549924,0.356175,-0.027787,0.508802,0.204278,-0.027981,0.487994,0.224386,-0.012378,0.485031,0.258988,0.004084,0.588791,0.337029,-0.015870,0.553803,0.205581,-0.015792,0.532662,0.239052,-0.001134,0.531682,0.280497,0.013317,0.620675,0.338325,-0.004707,0.590098,0.246906,-0.002473,0.566382,0.264145,0.008403,0.561192,0.294427,0.020163
272,1694940879.566648,0,-23.8033,-23.8033,-14.3394,-12.2456,30.0304,1598.6884,13.0077,8617.7996,1.2218,132.8248,246.1870,69.9404,38.2197,52.8655,89.7163,0.048403,0.626528,0.608037,0.000000,0.541990,0.633897,-0.019759,0.471820,0.573778,-0.029931,0.428608,0.481216,-0.033490,0.397788,0.406876,-0.033750,0.505799,0.411941,-0.039915,0.442928,0.294334,-0.040835,0.413472,0.247530,-0.032017,0.399616,0.217750,-0.023545,0.551470,0.358302,-0.029913,0.508213,0.203255,-0.030970,0.486970,0.222249,-0.015030,0.483941,0.255883,0.001801,0.590105,0.339445,-0.018881,0.553062,0.203888,-0.019773,0.532123,0.238606,-0.004349,0.531511,0.281023,0.010837,0.621567,0.341797,-0.008500,0.589902,0.247006,-0.006578,0.565972,0.264743,0.004838,0.560315,0.295733,0.017081
273,1694940879.574982,0,28.3088,28.3088,15.4585,29.7978,29.1840,1643.0051,18.4981,8987.1515,1.8471,121.9660,238.3839,66.6382,30.7488,43.9572,82.2837,0.043431,0.623392,0.603119,0.000000,0.540352,0.634383,-0.023317,0.469124,0.573750,-0.033166,0.425527,0.480870,-0.035364,0.395370,0.409488,-0.034305,0.505198,0.409569,-0.040779,0.442281,0.299340,-0.041328,0.412226,0.256688,-0.034267,0.396828,0.227376,-0.027741,0.549813,0.354357,-0.027975,0.507253,0.208757,-0.027561,0.485290,0.226244,-0.013382,0.481108,0.257424,0.000876,0.586977,0.333770,-0.014428,0.550630,0.203625,-0.014182,0.527062,0.235555,-0.000402,0.524954,0.276426,0.012652,0.617091,0.333244,-0.001951,0.585519,0.240996,-0.001081,0.559321,0.257824,0.008349,0.552293,0.287589,0.018718
274,1694940879.583315,0,-24.0427,-24.0427,-15.2999,-30.7584,26.7246,1642.7674,37.9742,9069.4255,1.7850,116.1420,234.8180,67.0599,27.7499,38.9055,77.4601,0.046821,0.625515,0.607392,-0.000000,0.541878,0.634397,-0.022861,0.471069,0.575808,-0.033574,0.427115,0.484736,-0.037300,0.396877,0.408760,-0.037476,0.503936,0.406488,-0.038078,0.440191,0.294039,-0.039156,0.410198,0.255686,-0.031564,0.397161,0.233256,-0.024061,0.548886,0.353853,-0.026264,0.506388,0.206220,-0.026538,0.485848,0.229581,-0.011572,0.483588,0.265558,0.004096,0.587029,0.336184,-0.014096,0.548469,0.204824,-0.015267,0.527940,0.239245,-0.001422,0.528286,0.281169,0.012436,0.618601,0.337863,-0.002846,0.585000,0.245371,-0.002190,0.561478,0.262766,0.007974,0.556992,0.293104,0.019287
275,1694940879.591648,0,21.1041,21.1041,-0.8404,14.4595,23.8933,398.5884,47.1993,9338.6667,0.9237,118.7855,235.2800,66.2909,28.9147,42.7202,80.9128,0.047822,0.624757,0.606521,-0.000000,0.540062,0.634349,-0.020379,0.469660,0.576765,-0.031000,0.425722,0.484873,-0.034690,0.396986,0.408635,-0.034829,0.502990,0.407853,-0.040626,0.439157,0.295273,-0.039997,0.409924,0.254746,-0.030173,0.397078,0.231249,-0.021308,0.548654,0.353208,-0.029355,0.506498,0.202636,-0.029703,0.486736,0.222504,-0.014386,0.484816,0.257833,0.001604,0.587966,0.335619,-0.016661,0.553376,0.204428,-0.015656,0.533177,0.237355,-0.000624,0.532137,0.280511,0.013472,0.619914,0.340191,-0.004632,0.589900,0.250144,-0.000709,0.566638,0.269636,0.010943,0.561269,0.303477,0.022779
276,1694940879.599982,0,36.8652,36.8652,15.1671,16.0075,26.2871,1838.5962,32.2157,11009.2568,1.8311,117.0502,232.3791,74.5992,31.4818,29.1337,65.9887,0.037924,0.624636,0.608584,-0.000000,0.541134,0.635222,-0.025960,0.469114,0.574212,-0.037694,0.425507,0.481944,-0.041989,0.395052,0.407124,-0.042608,0.503471,0.403889,-0.043197,0.439184,0.292290,-0.047094,0.410661,0.261567,-0.041937,0.399697,0.247984,-0.035990,0.549331,0.353265,-0.031268,0.506424,0.203428,-0.034351,0.483651,0.225231,-0.022444,0.479867,0.261712,-0.009338,0.587660,0.337154,-0.019146,0.550308,0.201249,-0.022270,0.528998,0.234895,-0.009790,0.528766,0.278591,0.002961,0.619017,0.341214,-0.008362,0.585990,0.248651,-0.010136,0.560808,0.265061,-0.001571,0.554041,0.296636,0.008687
277,1694940879.608315,0,28.3014,28.3014,-0.0018,-15.1689,21.6585,231.7917,15.0066,10820.0251,1.4417,116.5031,229.9954,60.9040,21.7791,39.2000,78.1234,0.046158,0.625629,0.608910,-0.000000,0.540441,0.635551,-0.021656,0.469297,0.575687,-0.032243,0.425654,0.483212,-0.036407,0.395094,0.408648,-0.037290,0.502351,0.408521,-0.037324,0.439428,0.295236,-0.040370,0.407741,0.255378,-0.034745,0.391981,0.233251,-0.028387,0.547168,0.354777,-0.027118,0.504227,0.205906,-0.027977,0.482593,0.223600,-0.014198,0.479214,0.255942,0.000248,0.585809,0.336232,-0.016631,0.547057,0.200804,-0.018621,0.526517,0.234884,-0.004854,0.527050,0.277895,0.008901,0.618064,0.338578,-0.007114,0.584885,0.245202,-0.006909,0.560911,0.263231,0.003428,0.555921,0.295353,0.014839
278,1694940879.616648,0,-27.3709,-27.3709,-0.8321,-0.8302,27.1647,168.6739,3.9121,10759.4422,1.4845,118.3156,231.8548,61.4352,23.6598,43.1066,82.5186,0.048765,0.625757,0.607464,-0.000000,0.540597,0.635423,-0.021982,0.468705,0.575087,-0.031810,0.424581,0.483689,-0.034720,0.394275,0.410872,-0.034363,0.501011,0.406950,-0.038617,0.437624,0.297152,-0.040733,0.407680,0.256696,-0.034900,0.393668,0.233168,-0.028751,0.546016,0.352529,-0.027226,0.503804,0.207773,-0.027357,0.483035,0.222895,-0.013846,0.479847,0.253714,0.000053,0.584822,0.333777,-0.015282,0.546608,0.202847,-0.016334,0.525895,0.234012,-0.002783,0.525836,0.276183,0.010548,0.617005,0.335875,-0.004286,0.583562,0.246453,-0.004012,0.559460,0.264539,0.005926,0.554337,0.296974,0.017111
279,1694940879.624982,0,25.5327,25.5327,1.1071,1.9392,22.7188,206.7908,6.3945,9826.9234,0.7990,121.9259,230.2009,58.7415,20.8418,43.7334,84.0552,0.051841,0.624610,0.607336,-0.000000,0.539919,0.634896,-0.022760,0.468008,0.576755,-0.033525,0.424601,0.485056,-0.037623,0.394265,0.410968,-0.038467,0.501310,0.406141,-0.037728,0.438636,0.294929,-0.039777,0.408198,0.254894,-0.034048,0.393078,0.230857,-0.028175,0.546595,0.352012,-0.027043,0.504259,0.206375,-0.027298,0.483100,0.222602,-0.014658,0.479842,0.253982,-0.001563,0.585341,0.333551,-0.016010,0.547785,0.202939,-0.017245,0.527734,0.235770,-0.004648,0.527917,0.278058,0.007644,0.617356,0.335467,-0.006058,0.585117,0.246135,-0.005977,0.562303,0.265225,0.003503,0.557583,0.297701,0.013978
280,1694940879.633315,0,37.0348,37.0348,0.0424,-1.0647,24.1583,661.1420,81.1205,10117.0285,1.9926,119.7361,228.0293,55.4257,19.6700,43.3861,83.4159,0.052448,0.623274,0.608105,-0.000000,0.539185,0.636064,-0.022936,0.467616,0.574939,-0.034544,0.422865,0.482051,-0.039125,0.390791,0.407607,-0.040459,0.502463,0.407734,-0.042911,0.438211,0.295596,-0.046801,0.406812,0.254758,-0.041648,0.390769,0.229939,-0.035922,0.547793,0.352394,-0.031813,0.504276,0.203783,-0.034213,0.484381,0.223264,-0.020820,0.481828,0.257106,-0.006658,0.586338,0.334036,-0.019945,0.549352,0.200676,-0.021960,0.529961,0.235617,-0.007875,0.530255,0.279646,0.005806,0.617395,0.337681,-0.009084,0.586056,0.248119,-0.008542,0.563000,0.268613,0.001732,0.558058,0.302595,0.012870
281,1694940879.641648,0,-32.8755,-32.8755,-15.2942,-15.3366,29.8894,949.0776,33.8881,9287.4332,1.4410,129.8704,233.9834,53.2930,22.8742,49.3103,88.3368,0.047397,0.622682,0.605511,0.000000,0.538164,0.635651,-0.020905,0.465670,0.575784,-0.030604,0.421695,0.482335,-0.033381,0.393119,0.407993,-0.033007,0.500075,0.411230,-0.039748,0.438446,0.298451,-0.040736,0.408000,0.250224,-0.033668,0.391443,0.219564,-0.027005,0.545530,0.354242,-0.028695,0.504043,0.207897,-0.027819,0.483498,0.216644,-0.013497,0.479302,0.243663,0.000800,0.584524,0.333114,-0.016649,0.548711,0.203589,-0.016032,0.527925,0.231589,-0.001813,0.526084,0.272285,0.011489,0.616370,0.333891,-0.005502,0.585373,0.247399,-0.003876,0.561486,0.264693,0.006493,0.554907,0.296801,0.017682
282,1694940879.649982,0,31.2935,31.2935,14.6661,29.9603,30.3538,951.1218,16.2882,13009.1245,2.9913,119.0015,222.1384,54.1754,14.3153,40.3090,80.7488,0.053783,0.620929,0.605600,-0.000000,0.537363,0.633066,-0.022840,0.466685,0.574514,-0.033966,0.422949,0.482790,-0.038114,0.392930,0.407791,-0.039011,0.501174,0.407623,-0.040362,0.436480,0.297987,-0.043754,0.404772,0.258352,-0.038617,0.389574,0.235262,-0.032796,0.545876,0.353324,-0.029334,0.503232,0.206054,-0.030551,0.481627,0.222255,-0.017238,0.477553,0.254238,-0.003220,0.583804,0.334905,-0.017790,0.547008,0.202302,-0.019696,0.526236,0.233965,-0.005834,0.525884,0.276121,0.007894,0.614837,0.337375,-0.007265,0.582454,0.246844,-0.007456,0.558829,0.265677,0.002966,0.553991,0.297717,0.014545
283,1694940879.658315,0,32.9330,32.9330,1.8501,-12.8160,26.0922,295.7340,3.8667,10039.2002,1.3646,127.2716,230.6853,51.3081,22.3281,52.4419,93.2272,0.062204,0.620450,0.603281,0.000000,0.536779,0.632934,-0.022645,0.465726,0.574059,-0.033302,0.423136,0.482749,-0.037214,0.392700,0.407432,-0.038155,0.499560,0.407916,-0.038702,0.436669,0.297156,-0.042373,0.405801,0.251457,-0.037981,0.390399,0.221446,-0.032665,0.544794,0.354252,-0.028273,0.502987,0.204669,-0.029001,0.482329,0.219352,-0.015820,0.479368,0.248602,-0.002009,0.582976,0.334966,-0.017649,0.545041,0.201827,-0.019757,0.524744,0.234720,-0.006600,0.525356,0.275426,0.006646,0.614479,0.335050,-0.008063,0.580322,0.242127,-0.008315,0.557616,0.261162,0.002092,0.553716,0.293240,0.013531
284,1694940879.666648,0,21.5822,21.5822,-3.8632,-5.7132,25.9353,280.4722,43.8332,11674.2619,2.4136,122.4074,224.2281,50.2646,16.9070,49.2605,91.6119,0.064739,0.621036,0.603161,0.000000,0.537237,0.632691,-0.021885,0.465223,0.574475,-0.031434,0.421309,0.483904,-0.033991,0.391338,0.410552,-0.033477,0.497846,0.403713,-0.037630,0.434989,0.295909,-0.038056,0.403958,0.254883,-0.031703,0.388061,0.228389,-0.025819,0.542297,0.349030,-0.026082,0.502129,0.207868,-0.024394,0.482496,0.219299,-0.011389,0.479343,0.245322,0.001119,0.580558,0.330441,-0.013840,0.545504,0.205847,-0.013175,0.526344,0.237670,-0.000613,0.526329,0.278571,0.010859,0.612277,0.331553,-0.002576,0.581958,0.244421,-0.001541,0.560454,0.264456,0.007840,0.556720,0.296369,0.017828
285,1694940879.674982,0,-18.8987,-18.8987,3.4942,7.3574,27.3348,494.3946,29.4788,12820.9603,2.5591,120.4298,223.2628,51.2150,13.7017,48.9022,92.8845,0.077096,0.622306,0.604518,-0.000000,0.536957,0.635408,-0.021400,0.465035,0.575250,-0.030982,0.420730,0.479894,-0.033139,0.387672,0.407891,-0.032185,0.499307,0.404725,-0.041472,0.435422,0.296381,-0.039493,0.404885,0.259276,-0.030429,0.389154,0.233994,-0.023193,0.544773,0.348923,-0.029389,0.500327,0.208467,-0.027505,0.480264,0.228782,-0.012658,0.478152,0.261020,0.001041,0.583302,0.331505,-0.015889,0.546297,0.203363,-0.014611,0.525290,0.235751,-0.000820,0.524537,0.277471,0.011155,0.614340,0.333608,-0.003094,0.582918,0.244166,-0.000964,0.559137,0.264304,0.009011,0.554313,0.296978,0.018915
286,1694940879.683315,0,-23.1854,-23.1854,-13.6197,-17.1139,24.6658,616.0772,79.5671,12444.3931,1.9831,121.8789,221.8395,51.8180,14.6476,46.0831,87.9185,0.063213,0.622055,0.604399,0.000000,0.538512,0.633960,-0.023137,0.465338,0.573773,-0.033163,0.420796,0.483561,-0.036398,0.390277,0.409224,-0.036294,0.497576,0.403164,-0.036755,0.435369,0.294502,-0.038547,0.404693,0.255416,-0.033125,0.389286,0.233390,-0.027482,0.542811,0.349544,-0.025939,0.500007,0.206526,-0.025528,0.476739,0.214144,-0.013464,0.470503,0.237158,-0.001408,0.581748,0.331535,-0.014943,0.542419,0.202967,-0.015994,0.522024,0.234125,-0.003198,0.521635,0.274919,0.009063,0.613868,0.334101,-0.005191,0.580424,0.241599,-0.005015,0.557665,0.259105,0.004813,0.553511,0.290499,0.015422
287,1694940879.691648,0,22.3043,22.3043,-2.6572,10.9626,23.2433,287.8378,1.7665,14129.8899,1.3753,124.6142,223.9814,46.9731,15.3048,53.7496,97.5435,0.074743,0.621841,0.603228,-0.000000,0.536412,0.633735,-0.019018,0.463410,0.573706,-0.027359,0.420102,0.480441,-0.029115,0.391083,0.407852,-0.028039,0.498238,0.407661,-0.037533,0.435559,0.299146,-0.038473,0.403916,0.256968,-0.032458,0.386474,0.227644,-0.026927,0.542546,0.351437,-0.027866,0.498247,0.208635,-0.026957,0.477183,0.221488,-0.013334,0.473947,0.247094,-0.000281,0.580739,0.330756,-0.017193,0.540535,0.202014,-0.016680,0.520750,0.235815,-0.002321,0.521977,0.276913,0.010508,0.612654,0.331148,-0.007386,0.578907,0.240584,-0.005601,0.556178,0.261938,0.005345,0.552996,0.294733,0.016395
288,1694940879.699982,0,-32.6860,-32.6860,-13.5670,-10.9099,23.3906,281.4528,57.7933,11452.3734,1.7600,125.7716,225.5912,45.6065,18.5916,53.8274,94.3518,0.066164,0.617929,0.600112,-0.000000,0.534433,0.632788,-0.021845,0.463111,0.573857,-0.032054,0.419235,0.481560,-0.035385,0.389270,0.408519,-0.035931,0.497732,0.407466,-0.039903,0.434332,0.297885,-0.043147,0.403123,0.254080,-0.038792,0.386533,0.222413,-0.034247,0.542591,0.350996,-0.029737,0.497428,0.206546,-0.030929,0.476598,0.226481,-0.018164,0.473991,0.258143,-0.005148,0.580805,0.331041,-0.018959,0.541620,0.199251,-0.020543,0.521306,0.236195,-0.007008,0.522470,0.279323,0.005746,0.612088,0.333365,-0.009239,0.579182,0.243594,-0.009864,0.556593,0.266425,-0.000338,0.553403,0.299903,0.010086
289,1694940879.708315,0,-27.6666,-27.6666,-2.1920,11.3751,19.7068,121.9609,20.0896,12443.5447,2.1321,124.1389,223.1710,48.8014,16.2488,52.5029,95.0666,0.068624,0.620156,0.602408,-0.000000,0.535838,0.634369,-0.021217,0.463219,0.574188,-0.031055,0.419267,0.480983,-0.034149,0.387881,0.409159,-0.034324,0.498296,0.407256,-0.039818,0.435289,0.297837,-0.042537,0.404006,0.256813,-0.037388,0.387508,0.229303,-0.032241,0.543636,0.352558,-0.030224,0.498801,0.206235,-0.031742,0.475536,0.222693,-0.019194,0.470162,0.251252,-0.006401,0.581951,0.333912,-0.019919,0.544521,0.199392,-0.022078,0.522934,0.233556,-0.008680,0.522379,0.275283,0.004154,0.613218,0.336822,-0.010569,0.580989,0.245842,-0.011280,0.556689,0.266583,-0.001649,0.551314,0.298913,0.008908
290,1694940879.716648,0,-19.8277,-19.8277,0.8394,3.0314,19.7373,214.1872,73.1190,11957.5308,1.4997,124.6829,224.0492,48.7262,16.5881,52.9338,95.7055,0.074213,0.618547,0.604181,0.000000,0.534146,0.633366,-0.019097,0.462416,0.573579,-0.027528,0.418396,0.480821,-0.028937,0.388130,0.408484,-0.027155,0.497520,0.410887,-0.039401,0.433700,0.299700,-0.039987,0.403203,0.257041,-0.032744,0.387077,0.228414,-0.025859,0.542182,0.355544,-0.028817,0.498404,0.206776,-0.027846,0.474754,0.208232,-0.013766,0.467483,0.226882,-0.000185,0.580576,0.335604,-0.016930,0.543229,0.204272,-0.015852,0.522167,0.234954,-0.000515,0.520719,0.277075,0.013522,0.612085,0.336403,-0.005841,0.579594,0.246567,-0.003057,0.555507,0.266382,0.008649,0.549946,0.299032,0.020655
291,1694940879.724982,0,-25.2431,-25.2431,-11.8869,-12.7263,19.8992,150.9442,63.0632,12432.6296,1.9385,124.7346,222.5898,43.5879,16.7691,58.5097,101.9549,0.086097,0.621462,0.611223,-0.000000,0.535060,0.635616,-0.017980,0.463556,0.574572,-0.026885,0.418614,0.483278,-0.029131,0.387370,0.410163,-0.028247,0.497780,0.408146,-0.040393,0.433362,0.297040,-0.043415,0.401977,0.255087,-0.037427,0.384535,0.226293,-0.030923,0.543772,0.352046,-0.030204,0.497255,0.206955,-0.030364,0.476213,0.226312,-0.013693,0.472820,0.259915,0.002486,0.583388,0.334036,-0.018929,0.544965,0.203506,-0.020056,0.524624,0.235579,-0.004171,0.524096,0.277149,0.011020,0.615409,0.337824,-0.008019,0.582566,0.250458,-0.004634,0.559439,0.269060,0.008229,0.554239,0.301134,0.020952
292,1694940879.733315,0,12.9048,12.9048,11.3977,23.2846,16.2405,207.9706,83.0275,12812.8361,1.7177,124.7315,221.2638,45.7020,15.5093,54.8901,99.2234,0.084156,0.620513,0.605722,0.000000,0.534966,0.634403,-0.019300,0.462592,0.574314,-0.026844,0.418555,0.482233,-0.027618,0.387496,0.411201,-0.025498,0.495979,0.403724,-0.035007,0.433014,0.298701,-0.032936,0.402510,0.257896,-0.025513,0.385188,0.228005,-0.019505,0.540910,0.346044,-0.024152,0.496117,0.206676,-0.021503,0.472744,0.214494,-0.009091,0.466528,0.237483,0.002723,0.579797,0.326574,-0.012044,0.542078,0.201406,-0.010270,0.522115,0.234106,0.001951,0.521655,0.276459,0.013081,0.611821,0.328743,-0.000673,0.579732,0.245778,0.001234,0.556565,0.267093,0.010355,0.551528,0.299730,0.020133
293,1694940879.741648,0,-18.5533,-18.5533,2.2783,-9.1194,14.6811,211.1391,69.1290,11238.6387,0.8911,125.6196,222.6268,45.8777,18.6990,58.5434,102.7378,0.085886,0.618730,0.602560,-0.000000,0.533254,0.633719,-0.019650,0.460861,0.574217,-0.028366,0.417256,0.479751,-0.030175,0.387200,0.406826,-0.029151,0.496105,0.407504,-0.039134,0.432288,0.301079,-0.039563,0.402168,0.258146,-0.032620,0.385361,0.225261,-0.026527,0.542044,0.348780,-0.028743,0.495699,0.205398,-0.029003,0.476200,0.230043,-0.014937,0.474519,0.266178,-0.000442,0.581093,0.328384,-0.017038,0.543959,0.200431,-0.017842,0.525140,0.236430,-0.004432,0.525584,0.279242,0.008499,0.612379,0.330593,-0.005886,0.581125,0.247555,-0.004608,0.559743,0.271486,0.005614,0.556208,0.305780,0.016469
294,1694940879.749982,0,-19.3045,-19.3045,0.1308,-2.1475,13.6609,209.9249,10.9044,12608.3846,1.3473,125.0502,220.7474,43.2148,16.9995,57.3289,100.6429,0.082737,0.618444,0.602647,-0.000000,0.533810,0.634506,-0.019849,0.461316,0.575837,-0.028500,0.417087,0.482121,-0.030370,0.384984,0.408990,-0.029303,0.494908,0.408360,-0.037374,0.432151,0.301479,-0.038276,0.400799,0.258052,-0.032271,0.382717,0.226174,-0.026752,0.540396,0.349613,-0.027503,0.495785,0.204959,-0.027366,0.474885,0.217896,-0.014516,0.470987,0.244684,-0.001389,0.578932,0.327926,-0.016586,0.541944,0.201784,-0.016936,0.522906,0.237767,-0.003941,0.523014,0.280125,0.008480,0.610234,0.327548,-0.006441,0.577574,0.243776,-0.005414,0.555244,0.267752,0.004604,0.550910,0.301253,0.015369
295,1694940879.758315,0,21.3921,21.3921,11.6588,11.5280,19.0385,203.9107,48.7485,13368.4967,1.8077,125.2785,218.3611,44.6703,14.5309,53.6515,96.2669,0.077988,0.617836,0.603674,0.000000,0.534012,0.632165,-0.021078,0.462077,0.573241,-0.030180,0.418450,0.483415,-0.032900,0.387883,0.408857,-0.032849,0.494123,0.406981,-0.035002,0.432113,0.304839,-0.036708,0.401033,0.261469,-0.032907,0.382824,0.228096,-0.029253,0.539060,0.350946,-0.025693,0.496278,0.208797,-0.025573,0.472358,0.209223,-0.015544,0.464701,0.226318,-0.005327,0.578041,0.331783,-0.015846,0.541418,0.202938,-0.017125,0.521747,0.236412,-0.005931,0.521439,0.279036,0.005057,0.610303,0.334652,-0.007079,0.577977,0.248748,-0.007781,0.555876,0.271293,0.000982,0.552250,0.306011,0.010869
296,1694940879.766648,0,9.5046,9.5046,-0.8500,-12.5088,16.8779,151.5266,74.5578,12905.0662,1.6023,126.4282,218.7586,43.0049,16.6385,59.3504,104.5537,0.101562,0.618773,0.605074,0.000000,0.532922,0.633264,-0.017203,0.459888,0.572606,-0.023762,0.415793,0.480753,-0.024033,0.383137,0.410672,-0.021240,0.493592,0.404323,-0.032229,0.431582,0.300391,-0.031507,0.400659,0.257625,-0.025165,0.382276,0.226462,-0.019196,0.538930,0.349469,-0.022678,0.495276,0.206264,-0.018523,0.471117,0.198646,-0.004885,0.462681,0.208620,0.007455,0.578339,0.330937,-0.012208,0.540336,0.206409,-0.009230,0.519250,0.234358,0.005174,0.517049,0.273152,0.018061,0.610926,0.333766,-0.002566,0.578072,0.246499,0.002107,0.554493,0.263949,0.014440,0.548500,0.295216,0.026472
297,1694940879.774982,0,15.6882,15.6882,8.5604,9.4104,17.2959,338.5315,54.6999,13407.2205,1.5801,125.6080,218.7957,43.4070,15.0488,57.8671,102.3589,0.095850,0.616510,0.597611,0.000000,0.532132,0.632567,-0.020143,0.459284,0.573323,-0.027628,0.414912,0.482384,-0.028336,0.383033,0.410456,-0.026273,0.491109,0.406366,-0.033715,0.429456,0.305589,-0.033104,0.399422,0.263995,-0.027864,0.382030,0.229280,-0.023445,0.536779,0.349400,-0.023794,0.492395,0.208594,-0.022358,0.468848,0.215569,-0.011155,0.463336,0.236397,0.000018,0.575945,0.330305,-0.013102,0.537990,0.207156,-0.012959,0.517053,0.241988,-0.001844,0.516907,0.282929,0.008962,0.607823,0.330524,-0.003268,0.573755,0.243128,-0.001704,0.551566,0.266667,0.008024,0.549083,0.301160,0.018085
298,1694940879.783315,0,-16.6862,-16.6862,0.6546,-7.9058,16.8684,207.4656,64.7718,13147.7841,0.4783,128.1057,215.6190,42.4376,14.1733,57.2266,101.0563,0.092509,0.615571,0.601212,0.000000,0.531006,0.632174,-0.020394,0.458949,0.573205,-0.028555,0.414606,0.479029,-0.029166,0.382672,0.407474,-0.026518,0.495291,0.410915,-0.040225,0.429914,0.305222,-0.038431,0.399375,0.262568,-0.029352,0.381511,0.229673,-0.021849,0.540531,0.352088,-0.028797,0.490414,0.207590,-0.027936,0.465900,0.218220,-0.013609,0.458893,0.242334,0.000728,0.578305,0.330509,-0.015797,0.538120,0.203631,-0.014878,0.517292,0.235586,-0.000551,0.515802,0.275581,0.012976,0.608463,0.331277,-0.003539,0.575953,0.244227,-0.000721,0.552498,0.264351,0.010251,0.547166,0.295925,0.021701
299,1694940879.791648,0,18.1193,18.1193,-0.8182,-1.4728,13.7089,67.6925,36.6566,12766.0023,1.9790,127.9444,219.4460,43.7727,15.9065,56.5323,101.1998,0.094440,0.614648,0.598171,0.000000,0.531157,0.631651,-0.021834,0.459100,0.573460,-0.030439,0.414720,0.481308,-0.031711,0.383083,0.409064,-0.029892,0.491472,0.410104,-0.038778,0.429513,0.305301,-0.037991,0.399917,0.260736,-0.030554,0.382961,0.226811,-0.024341,0.536736,0.352875,-0.027919,0.492643,0.206579,-0.027664,0.469743,0.203304,-0.015812,0.462265,0.216541,-0.003728,0.575762,0.332401,-0.015918,0.539040,0.205748,-0.016301,0.520428,0.235820,-0.003709,0.519771,0.275423,0.008597,0.607682,0.334448,-0.004923,0.576030,0.247690,-0.003677,0.554133,0.267566,0.006249,0.550164,0.300312,0.016978
300,1694940879.799982,0,-32.6133,-32.6133,-10.5295,-9.7113,19.9983,547.7817,70.9044,11604.1092,1.8469,129.8881,220.4336,40.0753,20.0152,63.0221,107.2192,0.092745,0.614470,0.599561,0.000000,0.531971,0.630414,-0.021921,0.460481,0.572726,-0.031538,0.415877,0.483885,-0.034727,0.385048,0.409770,-0.035004,0.490167,0.408580,-0.034401,0.428821,0.305914,-0.038995,0.398597,0.259387,-0.036968,0.381445,0.223520,-0.033595,0.534022,0.351232,-0.024921,0.490384,0.208667,-0.026746,0.468930,0.213910,-0.016812,0.464675,0.235762,-0.005459,0.572317,0.329152,-0.015482,0.535214,0.204047,-0.018909,0.515990,0.237016,-0.008343,0.516610,0.276988,0.003563,0.604692,0.327675,-0.007042,0.571107,0.241469,-0.007856,0.548618,0.259689,0.001500,0.544005,0.289481,0.012356
301,1694940879.808315,0,15.9621,15.9621,0.0685,10.5980,20.8386,74.2031,81.2546,12435.7676,1.7022,128.9823,218.1676,42.0448,17.1810,58.9137,102.7355,0.097098,0.614356,0.599612,0.000000,0.528720,0.629500,-0.016186,0.456271,0.569646,-0.021812,0.413094,0.479142,-0.021543,0.380726,0.408548,-0.018563,0.488221,0.403216,-0.028849,0.428676,0.303072,-0.026132,0.399039,0.260803,-0.019295,0.381020,0.226816,-0.014001,0.532428,0.346030,-0.020510,0.488141,0.205551,-0.017258,0.465427,0.203471,-0.005916,0.459111,0.217182,0.004822,0.571767,0.325635,-0.011041,0.534881,0.201120,-0.008838,0.516700,0.235258,0.003173,0.517220,0.277391,0.014113,0.605036,0.326813,-0.002268,0.573369,0.243347,0.000937,0.552208,0.265763,0.011052,0.549017,0.299013,0.021253
302,1694940879.816648,0,-16.3284,-16.3284,0.0894,0.0210,19.9636,255.7519,69.6319,12506.4680,1.3563,134.4105,218.4427,38.8743,18.7379,63.6605,109.6986,0.104042,0.613942,0.602272,-0.000000,0.529006,0.628643,-0.016914,0.455887,0.568170,-0.023545,0.411806,0.478167,-0.024267,0.379717,0.406357,-0.022105,0.487913,0.403263,-0.030699,0.427711,0.302222,-0.030656,0.397815,0.257681,-0.024883,0.379453,0.224975,-0.019410,0.533241,0.348277,-0.022464,0.487923,0.206536,-0.019363,0.466374,0.208759,-0.005514,0.460992,0.227277,0.007654,0.573268,0.329615,-0.013580,0.535964,0.204922,-0.011657,0.516459,0.234250,0.002515,0.515243,0.272132,0.015467,0.606976,0.333155,-0.005526,0.576024,0.248051,-0.001375,0.554009,0.265097,0.010717,0.548965,0.295183,0.022628
303,1694940879.824982,0,16.3378,16.3378,-0.4454,-0.5348,20.8798,154.1255,25.4501,10232.2710,1.8179,132.3387,223.7998,44.8270,22.4737,64.4475,112.2863,0.119209,0.611961,0.597322,0.000000,0.527902,0.625503,-0.019770,0.454984,0.569147,-0.027311,0.411184,0.480748,-0.028918,0.380476,0.408648,-0.027556,0.487059,0.404592,-0.029984,0.428202,0.305284,-0.029739,0.400174,0.260861,-0.025767,0.384035,0.225849,-0.022367,0.530659,0.348311,-0.021453,0.488740,0.210107,-0.018421,0.465856,0.185723,-0.009990,0.458129,0.181048,-0.002599,0.569651,0.327344,-0.012548,0.532378,0.205829,-0.012428,0.513444,0.234631,-0.002848,0.512599,0.275047,0.006306,0.603112,0.326807,-0.004751,0.570702,0.245755,-0.005560,0.548523,0.264867,0.002245,0.543478,0.296873,0.011192
304,1694940879.833315,0,-24.2627,-24.2627,2.0877,2.5330,20.5232,84.4954,46.8560,11678.0364,1.9992,139.8958,217.9029,38.3339,17.6684,63.8017,111.1850,0.117703,0.611796,0.600814,0.000000,0.527683,0.628007,-0.022521,0.456078,0.568898,-0.031119,0.411865,0.478768,-0.033063,0.378814,0.408471,-0.031916,0.486386,0.404958,-0.032338,0.426081,0.305374,-0.034190,0.396068,0.260321,-0.031068,0.378391,0.225002,-0.027664,0.530648,0.349852,-0.022062,0.487761,0.207694,-0.021832,0.465920,0.198614,-0.012970,0.460174,0.209649,-0.003514,0.569673,0.329882,-0.011731,0.533586,0.202009,-0.014088,0.514737,0.229449,-0.004555,0.514377,0.268620,0.006082,0.603078,0.330588,-0.002525,0.571006,0.246043,-0.003754,0.547717,0.260840,0.004233,0.541023,0.289582,0.013996
305,1694940879.841648,0,-10.5002,-10.5002,-6.6156,-8.7032,16.8323,574.3457,85.0347,10565.6924,1.6882,140.1998,218.6819,39.8171,20.5829,63.5362,110.2760,0.118609,0.609462,0.594905,0.000000,0.526383,0.626087,-0.018089,0.454670,0.571543,-0.024619,0.410297,0.482729,-0.025273,0.379229,0.411504,-0.022671,0.485413,0.402329,-0.026633,0.424456,0.306111,-0.024469,0.395649,0.261729,-0.018505,0.379505,0.226610,-0.013407,0.528979,0.347775,-0.017459,0.489054,0.206604,-0.013468,0.468910,0.186383,-0.003588,0.463549,0.186690,0.005893,0.568175,0.328595,-0.007664,0.535182,0.204123,-0.006124,0.517376,0.231313,0.004138,0.516868,0.270304,0.014417,0.601981,0.331360,0.001308,0.572490,0.248147,0.003439,0.550234,0.265909,0.012724,0.544643,0.297076,0.022912
306,1694940879.849982,1,23.3079,23.3079,9.9091,16.5247,18.7058,754.6765,51.0841,10436.9264,1.8431,147.1890,214.3407,37.8656,17.2945,61.0255,104.8675,0.111603,0.607925,0.596450,0.000000,0.524198,0.626151,-0.015554,0.451962,0.567665,-0.021536,0.407646,0.479276,-0.021980,0.375985,0.410887,-0.019542,0.483409,0.406998,-0.029399,0.422430,0.308474,-0.028461,0.393647,0.263979,-0.022513,0.377589,0.228930,-0.017390,0.528098,0.352032,-0.022267,0.486691,0.210106,-0.019558,0.466271,0.195152,-0.009057,0.461264,0.200802,0.000808,0.567496,0.331449,-0.014140,0.532234,0.204863,-0.013441,0.513227,0.231248,-0.002144,0.512838,0.269599,0.008691,0.600559,0.332130,-0.006577,0.568749,0.248895,-0.004905,0.545331,0.265238,0.004767,0.539336,0.295214,0.015035
307,1694940879.858315,1,-29.8641,-29.8641,-11.5505,-21.4595,21.3362,703.8995,83.8047,8829.9313,1.6242,149.5023,214.1604,35.5551,20.2830,66.6793,111.9963,0.134283,0.606776,0.594153,0.000000,0.525801,0.625746,-0.022757,0.453877,0.568604,-0.031106,0.409307,0.480748,-0.033201,0.376819,0.409722,-0.032040,0.480257,0.410030,-0.029774,0.420238,0.316017,-0.033383,0.393018,0.266502,-0.031880,0.378179,0.227772,-0.028997,0.521724,0.352426,-0.019629,0.479085,0.221300,-0.017546,0.458460,0.193934,-0.008588,0.453205,0.185981,-0.000210,0.559145,0.326338,-0.010137,0.520348,0.205156,-0.011380,0.502349,0.226206,0.000080,0.502582,0.259145,0.011684,0.591632,0.319029,-0.002217,0.556131,0.233686,-0.003152,0.532632,0.243408,0.006224,0.525661,0.266269,0.017167
308,1694940879.866648,1,-26.9968,-26.9968,-0.6835,10.8669,19.6442,197.0076,66.6849,9184.0674,1.8375,153.2562,210.1592,38.7078,12.6551,56.0037,98.2637,0.100255,0.605160,0.594639,0.000000,0.522015,0.627000,-0.019009,0.450482,0.569578,-0.024368,0.405727,0.481684,-0.023612,0.372669,0.412950,-0.020124,0.477543,0.405556,-0.025580,0.415930,0.317064,-0.024256,0.390360,0.272509,-0.020250,0.377129,0.233193,-0.016444,0.519332,0.347158,-0.015308,0.475379,0.216529,-0.011654,0.460910,0.214679,-0.002229,0.464039,0.229711,0.007335,0.557120,0.322742,-0.004763,0.518353,0.208198,-0.003359,0.502518,0.237309,0.005544,0.506190,0.272792,0.014892,0.589222,0.316346,0.004903,0.553775,0.234759,0.006628,0.532995,0.253882,0.014927,0.530758,0.282458,0.024324
309,1694940879.874982,1,-11.0313,-11.0313,-0.1328,0.5508,18.9158,575.0968,39.9198,7536.9989,2.3964,142.2184,201.1598,36.8373,13.8743,58.4972,102.8972,0.121037,0.601604,0.590659,0.000000,0.518812,0.628379,-0.016628,0.446518,0.572515,-0.020477,0.402720,0.484850,-0.018001,0.371309,0.418197,-0.012471,0.473689,0.409193,-0.024802,0.413869,0.318221,-0.021127,0.387524,0.275741,-0.014465,0.373630,0.241533,-0.008952,0.515924,0.348560,-0.014721,0.472859,0.220101,-0.009586,0.455205,0.220413,0.001776,0.454233,0.237845,0.012754,0.553555,0.322535,-0.003873,0.518022,0.209476,0.000104,0.501002,0.237078,0.011092,0.501909,0.272317,0.021356,0.585362,0.317216,0.006237,0.553503,0.239258,0.010733,0.532561,0.259277,0.020583,0.528948,0.288694,0.030771
310,1694940879.883315,1,-21.8883,-21.8883,-11.2991,-11.1663,19.3960,986.7722,62.7928,8502.6324,2.6334,142.9174,201.6114,32.7046,16.0696,58.1154,99.4670,0.110378,0.598695,0.590369,0.000000,0.516120,0.627425,-0.018676,0.444551,0.573296,-0.024142,0.400463,0.488616,-0.023667,0.367690,0.423267,-0.020525,0.469301,0.410268,-0.025749,0.410529,0.322282,-0.024706,0.385892,0.275526,-0.021123,0.373406,0.237081,-0.017707,0.511429,0.349815,-0.015894,0.468609,0.223854,-0.011904,0.453240,0.220256,-0.002704,0.454790,0.236043,0.006416,0.549627,0.324300,-0.005720,0.511714,0.213201,-0.003210,0.495563,0.239985,0.006094,0.497849,0.274810,0.015115,0.582255,0.319801,0.003436,0.549169,0.243898,0.005700,0.528670,0.264527,0.014141,0.525797,0.294986,0.023437
311,1694940879.891648,1,16.3646,16.3646,11.5572,22.8562,16.8006,1173.7671,9.0506,7347.1174,2.3382,147.9792,198.8833,26.4859,22.4930,63.6007,105.5003,0.119819,0.598234,0.591851,0.000000,0.515712,0.629432,-0.019256,0.442808,0.574604,-0.024514,0.398688,0.489694,-0.024299,0.362098,0.429211,-0.021692,0.464170,0.410690,-0.023122,0.406504,0.321559,-0.023257,0.381689,0.272563,-0.021025,0.368156,0.233276,-0.018497,0.506658,0.349380,-0.014570,0.459945,0.227970,-0.011828,0.443524,0.224651,-0.004219,0.444057,0.237025,0.003561,0.544655,0.322198,-0.006288,0.502607,0.214577,-0.006863,0.487894,0.244990,0.001041,0.491527,0.280105,0.009500,0.576756,0.314002,0.000924,0.539245,0.239903,0.000459,0.520092,0.261203,0.007997,0.518492,0.290065,0.016770
312,1694940879.899982,1,-27.9961,-27.9961,-0.2498,-11.8070,16.4765,481.8642,68.6752,5928.4305,2.0418,150.9090,196.2870,25.4333,28.7654,67.3253,107.4675,0.120929,0.594560,0.591944,0.000000,0.513249,0.631979,-0.020245,0.439872,0.579577,-0.026301,0.395373,0.496260,-0.026770,0.359786,0.434905,-0.024786,0.459699,0.416712,-0.026721,0.401857,0.326658,-0.030075,0.377073,0.274348,-0.030421,0.363628,0.232972,-0.029427,0.500800,0.355754,-0.018255,0.452753,0.237437,-0.017559,0.435834,0.237980,-0.010906,0.437882,0.256426,-0.003770,0.538657,0.328358,-0.010167,0.495144,0.221658,-0.012221,0.478773,0.253083,-0.004486,0.482485,0.290824,0.004018,0.571803,0.320148,-0.003258,0.534583,0.242297,-0.004852,0.513372,0.263066,0.002402,0.510687,0.294459,0.011118
313,1694940879.908315,1,30.2783,30.2783,10.3274,10.5772,22.4874,1324.1909,41.4609,4542.5053,1.6369,153.8866,185.2322,27.5808,36.2490,71.0094,107.4097,0.120178,0.592706,0.589857,0.000000,0.512417,0.635399,-0.020198,0.438178,0.588222,-0.027409,0.391849,0.507150,-0.028825,0.356044,0.446483,-0.027675,0.455486,0.425517,-0.030228,0.395780,0.334657,-0.035990,0.370009,0.278331,-0.036887,0.356703,0.235239,-0.035436,0.495430,0.360687,-0.021054,0.445945,0.242128,-0.021067,0.426778,0.241904,-0.012750,0.426605,0.258727,-0.003915,0.532533,0.328884,-0.012153,0.489444,0.222748,-0.013794,0.472229,0.252311,-0.003541,0.474444,0.288170,0.007027,0.565258,0.317400,-0.004475,0.527546,0.244275,-0.004759,0.506048,0.266562,0.004581,0.501741,0.297700,0.015112
314,1694940879.916648,1,-33.1108,-33.1108,-2.8056,-13.1330,25.6105,834.3440,17.4575,4149.6937,2.7245,160.3889,172.8852,34.8131,46.0811,76.9741,112.5678,0.128251,0.587789,0.583860,0.000000,0.510644,0.636920,-0.021473,0.436340,0.597111,-0.029250,0.388021,0.518112,-0.030839,0.350580,0.458050,-0.030123,0.448872,0.431911,-0.034992,0.386868,0.339306,-0.040125,0.359847,0.282568,-0.039900,0.345705,0.239700,-0.038028,0.488300,0.362940,-0.025510,0.437519,0.247750,-0.025437,0.418271,0.238060,-0.017585,0.417255,0.245198,-0.009847,0.525464,0.328504,-0.015902,0.480987,0.231134,-0.017216,0.465309,0.258530,-0.007343,0.468631,0.291774,0.002233,0.557728,0.315014,-0.007641,0.520204,0.246736,-0.008424,0.501930,0.270222,0.000480,0.500551,0.302216,0.010373
315,1694940879.924982,1,26.7075,26.7075,2.5857,5.3913,27.3788,2086.2213,7.0079,6518.2734,2.4136,148.6049,134.3434,69.0297,69.4085,81.9557,103.5809,0.115036,0.582664,0.581507,0.000000,0.506959,0.640095,-0.020378,0.432330,0.605425,-0.027724,0.383498,0.530518,-0.029342,0.345084,0.473315,-0.028660,0.442083,0.443177,-0.031782,0.379109,0.364398,-0.035816,0.348536,0.315552,-0.034432,0.331224,0.277875,-0.031834,0.479124,0.370755,-0.023695,0.426724,0.258892,-0.024475,0.405722,0.250385,-0.017244,0.402688,0.255623,-0.009286,0.515125,0.331430,-0.015524,0.468423,0.241950,-0.017672,0.453009,0.273102,-0.008475,0.457158,0.306080,0.001096,0.547299,0.312924,-0.008592,0.507334,0.250226,-0.009395,0.490608,0.276942,-0.000231,0.492417,0.309261,0.009991
316,1694940879.933315,1,28.4577,28.4577,14.1135,11.5277,28.9881,3052.8991,5.3200,6298.2035,2.0947,142.0949,114.5787,89.4407,87.3582,91.0791,102.1961,0.093299,0.578085,0.581218,0.000000,0.505780,0.643212,-0.019305,0.430212,0.618299,-0.027392,0.379216,0.549164,-0.030586,0.338826,0.495422,-0.031323,0.436779,0.452723,-0.030449,0.372348,0.381811,-0.036174,0.340478,0.334236,-0.035651,0.322607,0.298016,-0.033233,0.472309,0.381411,-0.024156,0.417971,0.277234,-0.027103,0.398968,0.271874,-0.019663,0.398144,0.278393,-0.010776,0.507682,0.342498,-0.018037,0.459210,0.259901,-0.023297,0.444924,0.291472,-0.013550,0.449959,0.321874,-0.002451,0.540610,0.323923,-0.012966,0.498727,0.260364,-0.015661,0.482330,0.285919,-0.005576,0.485215,0.317889,0.006016
317,1694940879.941648,1,-28.4402,-28.4402,-14.6796,-28.7931,29.0892,3448.4988,1.0752,6302.1327,3.2274,146.9954,95.3186,106.2215,105.2103,109.6653,118.4832,0.091025,0.573713,0.578308,0.000000,0.502488,0.640956,-0.018378,0.427475,0.624054,-0.026765,0.375711,0.563332,-0.030293,0.332765,0.516034,-0.031138,0.429780,0.462318,-0.031265,0.363676,0.393925,-0.036473,0.330994,0.349181,-0.035468,0.312283,0.312953,-0.032660,0.464937,0.390839,-0.025235,0.409321,0.282953,-0.028944,0.392434,0.280896,-0.020915,0.393311,0.289606,-0.010819,0.499828,0.351826,-0.019078,0.451307,0.268990,-0.023505,0.436302,0.300726,-0.013136,0.439764,0.329717,-0.001315,0.531292,0.333200,-0.013832,0.488338,0.269479,-0.014711,0.470290,0.296672,-0.003536,0.471471,0.330281,0.008811
318,1694940879.949982,1,31.1302,31.1302,16.0603,30.7399,29.2401,4097.4165,4.1585,7943.6394,1.4679,138.5440,64.7376,136.8336,135.7252,135.2240,134.2498,0.081907,0.569179,0.580612,0.000000,0.500434,0.646157,-0.018367,0.424474,0.637126,-0.026932,0.370755,0.582266,-0.031014,0.325773,0.537346,-0.032170,0.419571,0.472795,-0.026955,0.353759,0.412725,-0.032900,0.320368,0.375606,-0.032734,0.300691,0.347318,-0.030510,0.452969,0.399295,-0.022316,0.396006,0.299702,-0.025784,0.372494,0.282524,-0.019793,0.363920,0.274602,-0.012094,0.487121,0.358203,-0.018159,0.438695,0.276268,-0.022206,0.418644,0.291783,-0.012245,0.414127,0.306626,-0.001647,0.519164,0.337421,-0.015267,0.476510,0.277217,-0.016449,0.455495,0.296072,-0.005470,0.451327,0.320833,0.006433
319,1694940879.958315,1,-43.0943,-43.0943,-17.4504,-33.5107,31.9831,2947.4009,38.2888,6083.2087,1.3509,147.9552,60.5193,143.7617,147.0217,149.3806,149.1563,0.116436,0.566428,0.586719,0.000000,0.498265,0.650620,-0.016204,0.422639,0.646909,-0.026172,0.366549,0.600733,-0.032477,0.319749,0.560319,-0.036579,0.411608,0.489990,-0.026186,0.342781,0.421771,-0.036186,0.308412,0.373537,-0.039933,0.286746,0.337798,-0.040455,0.444237,0.416043,-0.024738,0.385405,0.316575,-0.031447,0.359622,0.281060,-0.030095,0.345169,0.255932,-0.026476,0.478371,0.373165,-0.023942,0.427231,0.284150,-0.030875,0.398022,0.255738,-0.026486,0.381501,0.235678,-0.020866,0.511425,0.351904,-0.023969,0.466799,0.284693,-0.027464,0.440212,0.276572,-0.019303,0.426321,0.280072,-0.010349
320,1694940879.966648,1,-43.4795,-43.4795,-17.9843,-0.5339,33.8259,3551.0587,0.4359,11882.2436,1.9187,141.6914,16.6419,181.0433,179.8556,174.9306,164.9370,0.048932,0.557496,0.594031,0.000000,0.491318,0.653571,-0.014515,0.417206,0.654947,-0.026079,0.360085,0.618759,-0.033574,0.312063,0.583245,-0.038364,0.406428,0.502380,-0.035856,0.335223,0.447425,-0.046541,0.298918,0.413792,-0.046363,0.276760,0.392081,-0.042788,0.437578,0.427431,-0.033896,0.371522,0.333238,-0.040692,0.344491,0.321306,-0.031108,0.331119,0.317796,-0.019562,0.471501,0.383481,-0.031589,0.415303,0.295752,-0.037390,0.384410,0.289726,-0.022957,0.368586,0.289558,-0.008492,0.505170,0.361126,-0.029835,0.457210,0.295946,-0.031390,0.428459,0.298091,-0.017075,0.413793,0.311049,-0.001892
321,1694940879.974982,1,49.6723,49.6723,19.5281,37.5124,39.3923,3614.2061,13.7119,8983.4633,1.8210,131.5069,11.1774,202.9673,202.3608,196.5176,187.4750,0.085080,0.556566,0.597173,0.000000,0.489172,0.660351,-0.012715,0.415882,0.666445,-0.024301,0.357360,0.637441,-0.031129,0.308637,0.606867,-0.035476,0.402549,0.528657,-0.039619,0.325298,0.475103,-0.052061,0.286105,0.437066,-0.052595,0.260766,0.408867,-0.048941,0.432009,0.448870,-0.037650,0.361501,0.345537,-0.046006,0.331828,0.316944,-0.037703,0.313072,0.298597,-0.027168,0.463948,0.397347,-0.034701,0.404444,0.302397,-0.041795,0.370998,0.275938,-0.028831,0.350259,0.258817,-0.015103,0.495061,0.368674,-0.031689,0.442859,0.297669,-0.031956,0.413535,0.284652,-0.016306,0.395442,0.283108,-0.000374
322,1694940879.983315,1,,,0.0000,0.0000,0.0000,0.0000,7.0139,5458.8913,2.4716,120.7724,39.6317,227.7014,225.8087,216.9165,204.0504,0.026391,0.551141,0.599749,0.000000,0.485651,0.664230,-0.012495,0.411572,0.672670,-0.023293,0.352314,0.648811,-0.029294,0.303332,0.624626,-0.032884,0.397745,0.543057,-0.039506,0.318956,0.498847,-0.050883,0.278681,0.462970,-0.050500,0.253267,0.435427,-0.046183,0.424197,0.460511,-0.036489,0.353287,0.359536,-0.044483,0.328644,0.342973,-0.034529,0.318866,0.341165,-0.021595,0.454450,0.407523,-0.032219,0.394021,0.316951,-0.037722,0.364329,0.305447,-0.022829,0.350526,0.306906,-0.007146,0.484915,0.378643,-0.027942,0.434192,0.313991,-0.027295,0.406213,0.307916,-0.011590,0.391321,0.315787,0.004975
323,1694940879.991648,0,,,0.0000,0.0000,0.0000,0.0000,3.4961,6119.0185,2.0392,115.1042,55.3603,248.6927,246.7557,236.5821,221.5234,0.000000,0.551675,0.607336,0.000000,0.482900,0.672236,-0.007330,0.408452,0.681104,-0.016631,0.348590,0.658456,-0.022298,0.299747,0.639347,-0.026008,0.392809,0.557375,-0.040214,0.311052,0.514994,-0.052275,0.269555,0.486501,-0.052244,0.243724,0.461108,-0.048359,0.419400,0.473061,-0.039742,0.342667,0.373469,-0.051495,0.330690,0.386742,-0.040775,0.337894,0.406288,-0.026085,0.450892,0.419146,-0.037000,0.387371,0.337846,-0.044546,0.372006,0.368570,-0.028524,0.376775,0.397336,-0.011131,0.482060,0.387073,-0.033524,0.427053,0.326799,-0.031034,0.408175,0.347345,-0.012989,0.409321,0.372663,0.004919
324,1694940879.999982,0,,,0.0000,0.0000,0.0000,0.0000,10.4971,5341.2991,3.1407,110.2909,82.1650,265.0144,261.7106,250.3626,233.0041,0.000000,0.545906,0.611475,0.000000,0.478345,0.678605,-0.003601,0.402524,0.685698,-0.011136,0.341359,0.660792,-0.015442,0.293682,0.649393,-0.018036,0.388800,0.570243,-0.039512,0.307474,0.529664,-0.050280,0.265491,0.504346,-0.048810,0.239085,0.481610,-0.044597,0.414092,0.485407,-0.040984,0.335810,0.378586,-0.053592,0.328812,0.400114,-0.042342,0.339969,0.426238,-0.026807,0.445367,0.428997,-0.039377,0.382367,0.338711,-0.046830,0.372864,0.379000,-0.029517,0.382440,0.412368,-0.011246,0.477799,0.395988,-0.036686,0.425734,0.338335,-0.033839,0.409997,0.368031,-0.015428,0.413975,0.398052,0.002593
325,1694940880.008315,0,,,0.0000,0.0000,0.0000,0.0000,17.4504,6143.6538,2.2619,103.9992,100.7929,276.9123,273.1152,260.9287,241.8266,0.000000,0.543143,0.616236,-0.000000,0.475513,0.682601,-0.001450,0.400288,0.688953,-0.008898,0.339624,0.667114,-0.013388,0.292602,0.655627,-0.016290,0.386418,0.577707,-0.041718,0.303896,0.544292,-0.054076,0.261755,0.520345,-0.052978,0.235130,0.495389,-0.048822,0.411381,0.492633,-0.044511,0.330748,0.386893,-0.061086,0.327106,0.416306,-0.049350,0.343448,0.448902,-0.032022,0.443330,0.436410,-0.043792,0.379374,0.347822,-0.053322,0.371847,0.391701,-0.034453,0.384533,0.425441,-0.014103,0.477186,0.404114,-0.041729,0.423656,0.345897,-0.038478,0.409931,0.379402,-0.018141,0.417749,0.410299,0.001536
326,1694940880.016648,0,,,0.0000,0.0000,0.0000,0.0000,16.3374,6650.6065,2.6223,103.3179,108.4783,281.1305,278.0496,266.1501,247.0799,0.000000,0.537406,0.615233,0.000000,0.472921,0.684066,-0.003169,0.397583,0.692840,-0.010341,0.336860,0.671876,-0.013938,0.289315,0.659037,-0.015773,0.384826,0.579006,-0.043358,0.300393,0.549843,-0.054837,0.257923,0.525889,-0.051901,0.231402,0.500670,-0.046351,0.410594,0.492431,-0.045127,0.326840,0.390919,-0.062286,0.323407,0.424402,-0.050067,0.338611,0.458390,-0.031796,0.441897,0.435728,-0.043448,0.375972,0.351632,-0.054530,0.368442,0.397685,-0.036161,0.379641,0.430623,-0.015366,0.474359,0.404107,-0.040308,0.418352,0.350811,-0.038716,0.404652,0.386622,-0.019117,0.412110,0.417925,0.000543
327,1694940880.024982,0,,,0.0000,0.0000,0.0000,0.0000,45.5746,6011.6951,1.8547,106.8356,106.1898,286.2821,283.5499,271.8374,252.9163,0.000000,0.535644,0.616071,0.000000,0.469125,0.683418,-0.002305,0.394096,0.693073,-0.009429,0.334125,0.673975,-0.012921,0.287003,0.661818,-0.014838,0.384337,0.580682,-0.044967,0.297986,0.553058,-0.057328,0.254545,0.527786,-0.055333,0.227316,0.501785,-0.050255,0.409540,0.494037,-0.046530,0.325799,0.393536,-0.062855,0.322303,0.423148,-0.050019,0.336890,0.455420,-0.031844,0.440144,0.436005,-0.044496,0.372781,0.354348,-0.054412,0.366472,0.399135,-0.035303,0.378830,0.432110,-0.014400,0.471827,0.402351,-0.040967,0.413995,0.351338,-0.038636,0.400817,0.387105,-0.018526,0.409415,0.418374,0.001365
328,1694940880.033315,0,,,0.0000,0.0000,0.0000,0.0000,34.4510,6960.4897,1.3581,107.1265,114.1593,286.6790,283.9649,272.2922,253.6467,0.000000,0.535384,0.620585,0.000000,0.468768,0.686679,-0.002857,0.393081,0.692300,-0.010992,0.332074,0.671197,-0.015410,0.284941,0.660961,-0.018162,0.384014,0.580599,-0.047862,0.297627,0.552442,-0.060522,0.254907,0.528656,-0.057210,0.227776,0.503377,-0.051393,0.410903,0.496348,-0.050305,0.324351,0.393445,-0.070624,0.322391,0.423937,-0.058495,0.338843,0.456855,-0.039561,0.443215,0.439765,-0.048836,0.375029,0.352842,-0.062449,0.369175,0.397976,-0.042694,0.381871,0.431569,-0.020037,0.476691,0.407671,-0.045724,0.418317,0.350975,-0.045494,0.405920,0.387930,-0.024745,0.415076,0.419881,-0.003702
329,1694940880.041648,0,,,0.0000,0.0000,0.0000,0.0000,25.4404,6065.8931,2.4993,105.3958,102.0732,284.5834,282.4761,270.9142,253.5157,0.000000,0.538339,0.619829,-0.000000,0.471038,0.686595,-0.003827,0.395924,0.693499,-0.013415,0.334770,0.674676,-0.019219,0.287291,0.661860,-0.023284,0.385354,0.580628,-0.049062,0.297163,0.547297,-0.063056,0.254617,0.523902,-0.060144,0.228192,0.497445,-0.054195,0.412942,0.493501,-0.051355,0.324173,0.391322,-0.071660,0.324450,0.429863,-0.057818,0.343264,0.465233,-0.037602,0.445524,0.435749,-0.050051,0.374167,0.350284,-0.064072,0.369216,0.397724,-0.043533,0.383533,0.430092,-0.020462,0.478464,0.402018,-0.047146,0.418585,0.346476,-0.046624,0.408009,0.383068,-0.025028,0.419094,0.412959,-0.003648
330,1694940880.049982,0,,,0.0000,0.0000,0.0000,0.0000,21.3575,5888.9946,1.9458,106.2215,94.5707,281.1726,279.6964,268.6797,251.9996,0.000002,0.540146,0.614865,-0.000000,0.471996,0.683082,-0.004877,0.396706,0.692662,-0.014100,0.334928,0.671754,-0.019451,0.286335,0.655393,-0.023221,0.386760,0.576353,-0.047506,0.298319,0.543837,-0.060747,0.254613,0.518486,-0.058094,0.227227,0.492886,-0.052288,0.412610,0.486614,-0.048356,0.326482,0.387781,-0.065381,0.327139,0.427586,-0.051070,0.346468,0.465307,-0.031313,0.444859,0.428336,-0.045933,0.374581,0.345671,-0.058519,0.371273,0.394534,-0.040193,0.387172,0.428828,-0.019336,0.477839,0.395207,-0.041871,0.422105,0.346082,-0.041970,0.413560,0.385055,-0.022926,0.426006,0.416598,-0.003622
331,1694940880.058315,0,,,0.0000,0.0000,0.0000,0.0000,31.8332,6001.8550,2.2065,105.0509,90.9555,276.3210,275.0727,264.4821,249.1532,0.000378,0.541633,0.616062,0.000000,0.474166,0.682989,-0.005655,0.398726,0.691824,-0.015870,0.337678,0.671877,-0.022171,0.289200,0.650634,-0.026616,0.389590,0.575406,-0.048841,0.300863,0.537690,-0.063461,0.256938,0.512566,-0.061627,0.229157,0.486871,-0.056272,0.417193,0.487579,-0.049854,0.329434,0.379957,-0.069563,0.325341,0.414396,-0.056390,0.341573,0.449941,-0.036697,0.449880,0.430114,-0.047629,0.377651,0.340922,-0.060886,0.369857,0.386846,-0.040965,0.382547,0.421188,-0.018243,0.483098,0.397319,-0.044110,0.424263,0.337573,-0.044152,0.409850,0.371629,-0.024150,0.417348,0.402312,-0.003610
332,1694940880.066648,0,,,0.0000,0.0000,0.0000,0.0000,26.4247,5632.1656,1.6935,104.8117,75.0176,265.1011,264.8757,255.2650,240.4187,0.002401,0.545480,0.613795,0.000000,0.478649,0.682356,-0.007096,0.402284,0.689569,-0.015818,0.340308,0.665252,-0.020476,0.292096,0.642021,-0.023096,0.391742,0.569881,-0.043613,0.303971,0.529010,-0.055926,0.260564,0.502193,-0.054040,0.232795,0.474893,-0.049306,0.418327,0.481461,-0.043342,0.333011,0.375690,-0.059322,0.328054,0.410713,-0.047574,0.342566,0.447169,-0.030101,0.449985,0.424158,-0.040350,0.380931,0.337089,-0.051540,0.372385,0.383166,-0.035186,0.383624,0.418041,-0.016034,0.481914,0.392479,-0.036286,0.426651,0.337449,-0.036899,0.411911,0.372069,-0.020533,0.417942,0.403421,-0.003149
333,1694940880.074982,0,,,0.0000,0.0000,0.0000,0.0000,16.8044,5501.7804,1.9706,105.6914,56.1966,252.5119,252.1067,243.7048,230.3202,0.008946,0.545265,0.612620,0.000000,0.477970,0.679571,-0.009081,0.402832,0.688356,-0.019718,0.340846,0.662885,-0.025392,0.292942,0.634019,-0.028561,0.395042,0.565314,-0.050147,0.307507,0.519527,-0.062582,0.264025,0.489583,-0.058783,0.237007,0.460740,-0.052374,0.422921,0.476447,-0.048719,0.337782,0.368145,-0.065053,0.333537,0.404121,-0.050293,0.349265,0.441125,-0.030299,0.454841,0.419047,-0.044467,0.385327,0.333391,-0.055797,0.377868,0.379564,-0.036964,0.390015,0.414203,-0.015737,0.487117,0.386953,-0.039237,0.431083,0.329319,-0.039774,0.415845,0.362477,-0.022255,0.421682,0.393852,-0.003772
334,1694940880.083315,0,,,0.0000,0.0000,0.0000,0.0000,1.6879,5630.0018,2.2112,99.2222,44.7269,243.9769,243.3411,235.5828,222.5333,0.011565,0.553455,0.607095,0.000000,0.483931,0.676191,-0.009380,0.407032,0.685209,-0.020469,0.344938,0.656692,-0.027428,0.297475,0.624458,-0.032093,0.397462,0.556752,-0.045723,0.311422,0.507829,-0.058250,0.268434,0.481650,-0.056556,0.241829,0.456463,-0.051766,0.426243,0.468238,-0.045209,0.341403,0.367032,-0.059691,0.331129,0.395934,-0.047805,0.341831,0.424276,-0.031419,0.458228,0.411209,-0.042309,0.385397,0.330454,-0.052198,0.372220,0.375118,-0.035206,0.380743,0.408906,-0.016613,0.489190,0.377715,-0.038752,0.429152,0.320539,-0.038786,0.410052,0.354880,-0.021833,0.413304,0.387298,-0.004476
335,1694940880.091648,0,,,0.0000,0.0000,0.0000,0.0000,16.9003,5529.8014,1.5891,106.0710,45.0348,233.0312,233.9933,228.7181,218.8776,0.018303,0.556245,0.606036,0.000000,0.485480,0.673295,-0.012105,0.408277,0.680658,-0.024679,0.345307,0.647235,-0.032910,0.296918,0.612689,-0.038802,0.401469,0.546954,-0.046997,0.314554,0.493162,-0.060680,0.270961,0.465110,-0.060059,0.243461,0.437721,-0.056012,0.431334,0.459234,-0.045547,0.345984,0.354807,-0.060102,0.338649,0.388352,-0.048142,0.351228,0.419139,-0.031629,0.463835,0.404443,-0.042155,0.390312,0.322133,-0.053097,0.378556,0.368453,-0.036591,0.388214,0.402896,-0.018056,0.494247,0.372929,-0.038295,0.433345,0.312807,-0.040327,0.414577,0.344771,-0.024519,0.417575,0.376089,-0.007702
336,1694940880.099982,0,,,0.0000,0.0000,0.0000,0.0000,37.6384,5831.7666,2.4246,101.8735,34.5112,223.7244,223.1015,217.2795,206.9319,0.016073,0.560697,0.605725,-0.000000,0.489043,0.670059,-0.012869,0.412147,0.678445,-0.025332,0.349742,0.646238,-0.032933,0.304315,0.604029,-0.037875,0.406196,0.534895,-0.046406,0.319583,0.484591,-0.057489,0.276059,0.458067,-0.054200,0.249189,0.430787,-0.048501,0.436231,0.448703,-0.043482,0.351434,0.347488,-0.058000,0.345701,0.381584,-0.045095,0.360378,0.411499,-0.027207,0.468183,0.395317,-0.038494,0.395493,0.318895,-0.049107,0.383977,0.365084,-0.032302,0.393194,0.398479,-0.013161,0.497709,0.365433,-0.032973,0.436914,0.311004,-0.033333,0.419242,0.345042,-0.016789,0.423802,0.376233,0.000562
337,1694940880.108315,0,,,0.0000,0.0000,0.0000,0.0000,,,,,,,,,,,0.000000,0.000000,0.000000,0.000000,0.000000,0.000000,0.000000,0.000000,0.000000,0.000000,0.000000,0.000000,0.000000,0.000000,0.000000,0.000000,0.000000,0.000000,0.000000,0.000000,0.000000,0.000000,0.000000,0.000000,0.000000,0.000000,0.000000,0.000000,0.000000,0.000000,0.000000,0.000000,0.000000,0.000000,0.000000,0.000000,0.000000,0.000000,0.000000,0.000000,0.000000,0.000000,0.000000,0.000000,0.000000,0.000000,0.000000,0.000000,0.000000,0.000000,0.000000,0.000000,0.000000,0.000000,0.000000,0.000000,0.000000,0.000000,0.000000,0.000000,0.000000,0.000000,0.000000
338,1694940880.116648,0,-55.7764,-55.7764,-21.7266,0.0000,43.6747,414.1532,,9417.4730,1.6487,120.7346,20.3781,191.8508,192.7837,190.1335,182.9694,0.048916,0.565934,0.596781,0.000000,0.493282,0.662175,-0.017853,0.415215,0.668020,-0.031387,0.351760,0.625995,-0.038705,0.305006,0.579095,-0.042682,0.412952,0.513247,-0.048127,0.327670,0.457212,-0.059089,0.286132,0.427797,-0.057813,0.259779,0.398729,-0.054028,0.445041,0.427821,-0.041436,0.364697,0.327749,-0.051030,0.351301,0.349859,-0.037996,0.358559,0.373454,-0.022481,0.478549,0.378942,-0.033455,0.409378,0.295699,-0.040756,0.392081,0.335694,-0.024797,0.397308,0.371388,-0.007968,0.508777,0.353549,-0.025715,0.452514,0.298451,-0.028915,0.428566,0.330114,-0.016781,0.425958,0.365024,-0.002748
339,1694940880.124982,0,-46.8081,-46.8081,-0.9284,20.7982,39.0529,289.9911,44.6296,10143.2847,1.3655,123.6775,25.9166,180.7506,181.9179,180.7101,175.8219,0.062860,0.567541,0.592791,0.000000,0.495291,0.656689,-0.018073,0.418001,0.663270,-0.031674,0.355326,0.619531,-0.039242,0.309312,0.570247,-0.043222,0.416291,0.504658,-0.045556,0.332239,0.448708,-0.053982,0.291058,0.419897,-0.050126,0.265850,0.391492,-0.044513,0.448342,0.421391,-0.038934,0.368387,0.322460,-0.047297,0.355968,0.346441,-0.033441,0.364942,0.370095,-0.017187,0.480815,0.374132,-0.031126,0.411277,0.293776,-0.037976,0.393998,0.335815,-0.021955,0.398612,0.370497,-0.005060,0.510540,0.348945,-0.023518,0.452898,0.289936,-0.024667,0.430117,0.321841,-0.011123,0.428752,0.355876,0.003451
340,1694940880.133315,0,-46.3013,-46.3013,-0.7054,0.2230,39.3227,205.6247,0.3542,10094.6632,1.7577,124.5239,38.5870,170.6363,173.7814,174.6426,172.2715,0.087602,0.567590,0.587045,0.000000,0.496734,0.654002,-0.016452,0.418405,0.657391,-0.028332,0.356135,0.608876,-0.034801,0.309951,0.558612,-0.038347,0.416089,0.494398,-0.040859,0.334912,0.438920,-0.049720,0.293935,0.406978,-0.047731,0.268696,0.375593,-0.043778,0.447941,0.409606,-0.036080,0.370476,0.313689,-0.044686,0.359943,0.346322,-0.031568,0.371163,0.376688,-0.016010,0.480468,0.362178,-0.030511,0.412605,0.281888,-0.038348,0.398399,0.328831,-0.023142,0.405737,0.363979,-0.006964,0.510434,0.336858,-0.025120,0.452516,0.279435,-0.026532,0.434825,0.315434,-0.012881,0.438501,0.349591,0.001393
341,1694940880.141648,0,-41.2369,-41.2369,-22.7273,-22.0219,39.1622,380.6425,19.7327,9116.1638,1.6846,117.2585,46.9434,160.4691,163.2183,164.7269,165.1927,0.105149,0.571135,0.589386,-0.000000,0.496348,0.655616,-0.018833,0.416937,0.653181,-0.030291,0.356135,0.597570,-0.035266,0.310975,0.545732,-0.037475,0.420039,0.484878,-0.045504,0.337878,0.426126,-0.050761,0.299070,0.395478,-0.045543,0.274926,0.366426,-0.039866,0.453935,0.401488,-0.038079,0.374057,0.303408,-0.045220,0.364934,0.336010,-0.032386,0.376521,0.365852,-0.017381,0.487761,0.355627,-0.029066,0.419414,0.272704,-0.035281,0.406051,0.318904,-0.021046,0.413790,0.355438,-0.005986,0.518075,0.334145,-0.020241,0.461882,0.270213,-0.020878,0.443695,0.306344,-0.008123,0.447572,0.343044,0.005439
342,1694940880.149982,0,44.2857,44.2857,25.0155,47.7428,37.0239,2632.9770,24.1028,6023.0177,1.4281,108.8881,66.6686,144.8623,151.4395,157.8606,164.8063,0.136338,0.570691,0.586627,0.000000,0.496164,0.650570,-0.020130,0.417842,0.643826,-0.032137,0.357438,0.588267,-0.037227,0.315021,0.533736,-0.039502,0.421035,0.472827,-0.047311,0.340057,0.418372,-0.053685,0.301548,0.387942,-0.049508,0.277817,0.357032,-0.044360,0.454985,0.390931,-0.038255,0.379400,0.291588,-0.045554,0.367542,0.329326,-0.031516,0.377261,0.363455,-0.015408,0.489064,0.347827,-0.027809,0.422941,0.261137,-0.033901,0.405971,0.310368,-0.018819,0.412399,0.349065,-0.002830,0.519542,0.328377,-0.017690,0.464674,0.264549,-0.018245,0.443083,0.303240,-0.005585,0.444392,0.340836,0.008144
343,1694940880.158315,0,,,0.0000,0.0000,0.0000,0.0000,,,,,,,,,,,0.000000,0.000000,0.000000,0.000000,0.000000,0.000000,0.000000,0.000000,0.000000,0.000000,0.000000,0.000000,0.000000,0.000000,0.000000,0.000000,0.000000,0.000000,0.000000,0.000000,0.000000,0.000000,0.000000,0.000000,0.000000,0.000000,0.000000,0.000000,0.000000,0.000000,0.000000,0.000000,0.000000,0.000000,0.000000,0.000000,0.000000,0.000000,0.000000,0.000000,0.000000,0.000000,0.000000,0.000000,0.000000,0.000000,0.000000,0.000000,0.000000,0.000000,0.000000,0.000000,0.000000,0.000000,0.000000,0.000000,0.000000,0.000000,0.000000,0.000000,0.000000,0.000000,0.000000
344,1694940880.166648,0,,,0.0000,0.0000,0.0000,0.0000,,,,,,,,,,,0.000000,0.000000,0.000000,0.000000,0.000000,0.000000,0.000000,0.000000,0.000000,0.000000,0.000000,0.000000,0.000000,0.000000,0.000000,0.000000,0.000000,0.000000,0.000000,0.000000,0.000000,0.000000,0.000000,0.000000,0.000000,0.000000,0.000000,0.000000,0.000000,0.000000,0.000000,0.000000,0.000000,0.000000,0.000000,0.000000,0.000000,0.000000,0.000000,0.000000,0.000000,0.000000,0.000000,0.000000,0.000000,0.000000,0.000000,0.000000,0.000000,0.000000,0.000000,0.000000,0.000000,0.000000,0.000000,0.000000,0.000000,0.000000,0.000000,0.000000,0.000000,0.000000,0.000000
345,1694940880.174982,0,,,0.0000,0.0000,0.0000,0.0000,,,,,,,,,,,0.000000,0.000000,0.000000,0.000000,0.000000,0.000000,0.000000,0.000000,0.000000,0.000000,0.000000,0.000000,0.000000,0.000000,0.000000,0.000000,0.000000,0.000000,0.000000,0.000000,0.000000,0.000000,0.000000,0.000000,0.000000,0.000000,0.000000,0.000000,0.000000,0.000000,0.000000,0.000000,0.000000,0.000000,0.000000,0.000000,0.000000,0.000000,0.000000,0.000000,0.000000,0.000000,0.000000,0.000000,0.000000,0.000000,0.000000,0.000000,0.000000,0.000000,0.000000,0.000000,0.000000,0.000000,0.000000,0.000000,0.000000,0.000000,0.000000,0.000000,0.000000,0.000000,0.000000
346,1694940880.183315,0,,,0.0000,0.0000,0.0000,0.0000,,,,,,,,,,,0.000000,0.000000,0.000000,0.000000,0.000000,0.000000,0.000000,0.000000,0.000000,0.000000,0.000000,0.000000,0.000000,0.000000,0.000000,0.000000,0.000000,0.000000,0.000000,0.000000,0.000000,0.000000,0.000000,0.000000,0.000000,0.000000,0.000000,0.000000,0.000000,0.000000,0.000000,0.000000,0.000000,0.000000,0.000000,0.000000,0.000000,0.000000,0.000000,0.000000,0.000000,0.000000,0.000000,0.000000,0.000000,0.000000,0.000000,0.000000,0.000000,0.000000,0.000000,0.000000,0.000000,0.000000,0.000000,0.000000,0.000000,0.000000,0.000000,0.000000,0.000000,0.000000,0.000000
347,1694940880.191648,0,,,0.0000,0.0000,0.0000,0.0000,,,,,,,,,,,0.000000,0.000000,0.000000,0.000000,0.000000,0.000000,0.000000,0.000000,0.000000,0.000000,0.000000,0.000000,0.000000,0.000000,0.000000,0.000000,0.000000,0.000000,0.000000,0.000000,0.000000,0.000000,0.000000,0.000000,0.000000,0.000000,0.000000,0.000000,0.000000,0.000000,0.000000,0.000000,0.000000,0.000000,0.000000,0.000000,0.000000,0.000000,0.000000,0.000000,0.000000,0.000000,0.000000,0.000000,0.000000,0.000000,0.000000,0.000000,0.000000,0.000000,0.000000,0.000000,0.000000,0.000000,0.000000,0.000000,0.000000,0.000000,0.000000,0.000000,0.000000,0.000000,0.000000
348,1694940880.199982,0,,,0.0000,0.0000,0.0000,0.0000,,,,,,,,,,,0.000000,0.000000,0.000000,0.000000,0.000000,0.000000,0.000000,0.000000,0.000000,0.000000,0.000000,0.000000,0.000000,0.000000,0.000000,0.000000,0.000000,0.000000,0.000000,0.000000,0.000000,0.000000,0.000000,0.000000,0.000000,0.000000,0.000000,0.000000,0.000000,0.000000,0.000000,0.000000,0.000000,0.000000,0.000000,0.000000,0.000000,0.000000,0.000000,0.000000,0.000000,0.000000,0.000000,0.000000,0.000000,0.000000,0.000000,0.000000,0.000000,0.000000,0.000000,0.000000,0.000000,0.000000,0.000000,0.000000,0.000000,0.000000,0.000000,0.000000,0.000000,0.000000,0.000000
349,1694940880.208315,0,,,0.0000,0.0000,0.0000,0.0000,,,,,,,,,,,0.000000,0.000000,0.000000,0.000000,0.000000,0.000000,0.000000,0.000000,0.000000,0.000000,0.000000,0.000000,0.000000,0.000000,0.000000,0.000000,0.000000,0.000000,0.000000,0.000000,0.000000,0.000000,0.000000,0.000000,0.000000,0.000000,0.000000,0.000000,0.000000,0.000000,0.000000,0.000000,0.000000,0.000000,0.000000,0.000000,0.000000,0.000000,0.000000,0.000000,0.000000,0.000000,0.000000,0.000000,0.000000,0.000000,0.000000,0.000000,0.000000,0.000000,0.000000,0.000000,0.000000,0.000000,0.000000,0.000000,0.000000,0.000000,0.000000,0.000000,0.000000,0.000000,0.000000
350,1694940880.216648,0,,,0.0000,0.0000,0.0000,0.0000,,,,,,,,,,,0.000000,0.000000,0.000000,0.000000,0.000000,0.000000,0.000000,0.000000,0.000000,0.000000,0.000000,0.000000,0.000000,0.000000,0.000000,0.000000,0.000000,0.000000,0.000000,0.000000,0.000000,0.000000,0.000000,0.000000,0.000000,0.000000,0.000000,0.000000,0.000000,0.000000,0.000000,0.000000,0.000000,0.000000,0.000000,0.000000,0.000000,0.000000,0.000000,0.000000,0.000000,0.000000,0.000000,0.000000,0.000000,0.000000,0.000000,0.000000,0.000000,0.000000,0.000000,0.000000,0.000000,0.000000,0.000000,0.000000,0.000000,0.000000,0.000000,0.000000,0.000000,0.000000,0.000000
351,1694940880.224982,0,,,0.0000,0.0000,0.0000,0.0000,,,,,,,,,,,0.000000,0.000000,0.000000,0.000000,0.000000,0.000000,0.000000,0.000000,0.000000,0.000000,0.000000,0.000000,0.000000,0.000000,0.000000,0.000000,0.000000,0.000000,0.000000,0.000000,0.000000,0.000000,0.000000,0.000000,0.000000,0.000000,0.000000,0.000000,0.000000,0.000000,0.000000,0.000000,0.000000,0.000000,0.000000,0.000000,0.000000,0.000000,0.000000,0.000000,0.000000,0.000000,0.000000,0.000000,0.000000,0.000000,0.000000,0.000000,0.000000,0.000000,0.000000,0.000000,0.000000,0.000000,0.000000,0.000000,0.000000,0.000000,0.000000,0.000000,0.000000,0.000000,0.000000
352,1694940880.233315,0,,,0.0000,0.0000,0.0000,0.0000,,,,,,,,,,,0.000000,0.000000,0.000000,0.000000,0.000000,0.000000,0.000000,0.000000,0.000000,0.000000,0.000000,0.000000,0.000000,0.000000,0.000000,0.000000,0.000000,0.000000,0.000000,0.000000,0.000000,0.000000,0.000000,0.000000,0.000000,0.000000,0.000000,0.000000,0.000000,0.000000,0.000000,0.000000,0.000000,0.000000,0.000000,0.000000,0.000000,0.000000,0.000000,0.000000,0.000000,0.000000,0.000000,0.000000,0.000000,0.000000,0.000000,0.000000,0.000000,0.000000,0.000000,0.000000,0.000000,0.000000,0.000000,0.000000,0.000000,0.000000,0.000000,0.000000,0.000000,0.000000,0.000000
353,1694940880.241648,0,,,0.0000,0.0000,0.0000,0.0000,,,,,,,,,,,0.000000,0.000000,0.000000,0.000000,0.000000,0.000000,0.000000,0.000000,0.000000,0.000000,0.000000,0.000000,0.000000,0.000000,0.000000,0.000000,0.000000,0.000000,0.000000,0.000000,0.000000,0.000000,0.000000,0.000000,0.000000,0.000000,0.000000,0.000000,0.000000,0.000000,0.000000,0.000000,0.000000,0.000000,0.000000,0.000000,0.000000,0.000000,0.000000,0.000000,0.000000,0.000000,0.000000,0.000000,0.000000,0.000000,0.000000,0.000000,0.000000,0.000000,0.000000,0.000000,0.000000,0.000000,0.000000,0.000000,0.000000,0.000000,0.000000,0.000000,0.000000,0.000000,0.000000
354,1694940880.249982,0,,,0.0000,0.0000,0.0000,0.0000,,,,,,,,,,,0.000000,0.000000,0.000000,0.000000,0.000000,0.000000,0.000000,0.000000,0.000000,0.000000,0.000000,0.000000,0.000000,0.000000,0.000000,0.000000,0.000000,0.000000,0.000000,0.000000,0.000000,0.000000,0.000000,0.000000,0.000000,0.000000,0.000000,0.000000,0.000000,0.000000,0.000000,0.000000,0.000000,0.000000,0.000000,0.000000,0.000000,0.000000,0.000000,0.000000,0.000000,0.000000,0.000000,0.000000,0.000000,0.000000,0.000000,0.000000,0.000000,0.000000,0.000000,0.000000,0.000000,0.000000,0.000000,0.000000,0.000000,0.000000,0.000000,0.000000,0.000000,0.000000,0.000000
355,1694940880.258315,0,,,0.0000,0.0000,0.0000,0.0000,,,,,,,,,,,0.000000,0.000000,0.000000,0.000000,0.000000,0.000000,0.000000,0.000000,0.000000,0.000000,0.000000,0.000000,0.000000,0.000000,0.000000,0.000000,0.000000,0.000000,0.000000,0.000000,0.000000,0.000000,0.000000,0.000000,0.000000,0.000000,0.000000,0.000000,0.000000,0.000000,0.000000,0.000000,0.000000,0.000000,0.000000,0.000000,0.000000,0.000000,0.000000,0.000000,0.000000,0.000000,0.000000,0.000000,0.000000,0.000000,0.000000,0.000000,0.000000,0.000000,0.000000,0.000000,0.000000,0.000000,0.000000,0.000000,0.000000,0.000000,0.000000,0.000000,0.000000,0.000000,0.000000
356,1694940880.266648,0,,,0.0000,0.0000,0.0000,0.0000,,,,,,,,,,,0.000000,0.000000,0.000000,0.000000,0.000000,0.000000,0.000000,0.000000,0.000000,0.000000,0.000000,0.000000,0.000000,0.000000,0.000000,0.000000,0.000000,0.000000,0.000000,0.000000,0.000000,0.000000,0.000000,0.000000,0.000000,0.000000,0.000000,0.000000,0.000000,0.000000,0.000000,0.000000,0.000000,0.000000,0.000000,0.000000,0.000000,0.000000,0.000000,0.000000,0.000000,0.000000,0.000000,0.000000,0.000000,0.000000,0.000000,0.000000,0.000000,0.000000,0.000000,0.000000,0.000000,0.000000,0.000000,0.000000,0.000000,0.000000,0.000000,0.000000,0.000000,0.000000,0.000000
357,1694940880.274982,0,,,0.0000,0.0000,0.0000,0.0000,,,,,,,,,,,0.000000,0.000000,0.000000,0.000000,0.000000,0.000000,0.000000,0.000000,0.000000,0.000000,0.000000,0.000000,0.000000,0.000000,0.000000,0.000000,0.000000,0.000000,0.000000,0.000000,0.000000,0.000000,0.000000,0.000000,0.000000,0.000000,0.000000,0.000000,0.000000,0.000000,0.000000,0.000000,0.000000,0.000000,0.000000,0.000000,0.000000,0.000000,0.000000,0.000000,0.000000,0.000000,0.000000,0.000000,0.000000,0.000000,0.000000,0.000000,0.000000,0.000000,0.000000,0.000000,0.000000,0.000000,0.000000,0.000000,0.000000,0.000000,0.000000,0.000000,0.000000,0.000000,0.000000
358,1694940880.283315,0,,,0.0000,0.0000,0.0000,0.0000,,,,,,,,,,,0.000000,0.000000,0.000000,0.000000,0.000000,0.000000,0.000000,0.000000,0.000000,0.000000,0.000000,0.000000,0.000000,0.000000,0.000000,0.000000,0.000000,0.000000,0.000000,0.000000,0.000000,0.000000,0.000000,0.000000,0.000000,0.000000,0.000000,0.000000,0.000000,0.000000,0.000000,0.000000,0.000000,0.000000,0.000000,0.000000,0.000000,0.000000,0.000000,0.000000,0.000000,0.000000,0.000000,0.000000,0.000000,0.000000,0.000000,0.000000,0.000000,0.000000,0.000000,0.000000,0.000000,0.000000,0.000000,0.000000,0.000000,0.000000,0.000000,0.000000,0.000000,0.000000,0.000000
359,1694940880.291648,0,,,0.0000,0.0000,0.0000,0.0000,,,,,,,,,,,0.000000,0.000000,0.000000,0.000000,0.000000,0.000000,0.000000,0.000000,0.000000,0.000000,0.000000,0.000000,0.000000,0.000000,0.000000,0.000000,0.000000,0.000000,0.000000,0.000000,0.000000,0.000000,0.000000,0.000000,0.000000,0.000000,0.000000,0.000000,0.000000,0.000000,0.000000,0.000000,0.000000,0.000000,0.000000,0.000000,0.000000,0.000000,0.000000,0.000000,0.000000,0.000000,0.000000,0.000000,0.000000,0.000000,0.000000,0.000000,0.000000,0.000000,0.000000,0.000000,0.000000,0.000000,0.000000,0.000000,0.000000,0.000000,0.000000,0.000000,0.000000,0.000000,0.000000
360,1694940880.299982,0,,,0.0000,0.0000,0.0000,0.0000,,,,,,,,,,,0.000000,0.000000,0.000000,0.000000,0.000000,0.000000,0.000000,0.000000,0.000000,0.000000,0.000000,0.000000,0.000000,0.000000,0.000000,0.000000,0.000000,0.000000,0.000000,0.000000,0.000000,0.000000,0.000000,0.000000,0.000000,0.000000,0.000000,0.000000,0.000000,0.000000,0.000000,0.000000,0.000000,0.000000,0.000000,0.000000,0.000000,0.000000,0.000000,0.000000,0.000000,0.000000,0.000000,0.000000,0.000000,0.000000,0.000000,0.000000,0.000000,0.000000,0.000000,0.000000,0.000000,0.000000,0.000000,0.000000,0.000000,0.000000,0.000000,0.000000,0.000000,0.000000,0.000000
361,1694940880.308315,0,,,0.0000,0.0000,0.0000,0.0000,,,,,,,,,,,0.000000,0.000000,0.000000,0.000000,0.000000,0.000000,0.000000,0.000000,0.000000,0.000000,0.000000,0.000000,0.000000,0.000000,0.000000,0.000000,0.000000,0.000000,0.000000,0.000000,0.000000,0.000000,0.000000,0.000000,0.000000,0.000000,0.000000,0.000000,0.000000,0.000000,0.000000,0.000000,0.000000,0.000000,0.000000,0.000000,0.000000,0.000000,0.000000,0.000000,0.000000,0.000000,0.000000,0.000000,0.000000,0.000000,0.000000,0.000000,0.000000,0.000000,0.000000,0.000000,0.000000,0.000000,0.000000,0.000000,0.000000,0.000000,0.000000,0.000000,0.000000,0.000000,0.000000
362,1694940880.316648,0,,,0.0000,0.0000,0.0000,0.0000,,,,,,,,,,,0.000000,0.000000,0.000000,0.000000,0.000000,0.000000,0.000000,0.000000,0.000000,0.000000,0.000000,0.000000,0.000000,0.000000,0.000000,0.000000,0.000000,0.000000,0.000000,0.000000,0.000000,0.000000,0.000000,0.000000,0.000000,0.000000,0.000000,0.000000,0.000000,0.000000,0.000000,0.000000,0.000000,0.000000,0.000000,0.000000,0.000000,0.000000,0.000000,0.000000,0.000000,0.000000,0.000000,0.000000,0.000000,0.000000,0.000000,0.000000,0.000000,0.000000,0.000000,0.000000,0.000000,0.000000,0.000000,0.000000,0.000000,0.000000,0.000000,0.000000,0.000000,0.000000,0.000000
363,1694940880.324982,0,,,0.0000,0.0000,0.0000,0.0000,,,,,,,,,,,0.000000,0.000000,0.000000,0.000000,0.000000,0.000000,0.000000,0.000000,0.000000,0.000000,0.000000,0.000000,0.000000,0.000000,0.000000,0.000000,0.000000,0.000000,0.000000,0.000000,0.000000,0.000000,0.000000,0.000000,0.000000,0.000000,0.000000,0.000000,0.000000,0.000000,0.000000,0.000000,0.000000,0.000000,0.000000,0.000000,0.000000,0.000000,0.000000,0.000000,0.000000,0.000000,0.000000,0.000000,0.000000,0.000000,0.000000,0.000000,0.000000,0.000000,0.000000,0.000000,0.000000,0.000000,0.000000,0.000000,0.000000,0.000000,0.000000,0.000000,0.000000,0.000000,0.000000
364,1694940880.333315,0,,,0.0000,0.0000,0.0000,0.0000,,,,,,,,,,,0.000000,0.000000,0.000000,0.000000,0.000000,0.000000,0.000000,0.000000,0.000000,0.000000,0.000000,0.000000,0.000000,0.000000,0.000000,0.000000,0.000000,0.000000,0.000000,0.000000,0.000000,0.000000,0.000000,0.000000,0.000000,0.000000,0.000000,0.000000,0.000000,0.000000,0.000000,0.000000,0.000000,0.000000,0.000000,0.000000,0.000000,0.000000,0.000000,0.000000,0.000000,0.000000,0.000000,0.000000,0.000000,0.000000,0.000000,0.000000,0.000000,0.000000,0.000000,0.000000,0.000000,0.000000,0.000000,0.000000,0.000000,0.000000,0.000000,0.000000,0.000000,0.000000,0.000000
365,1694940880.341648,0,,,0.0000,0.0000,0.0000,0.0000,,,,,,,,,,,0.000000,0.000000,0.000000,0.000000,0.000000,0.000000,0.000000,0.000000,0.000000,0.000000,0.000000,0.000000,0.000000,0.000000,0.000000,0.000000,0.000000,0.000000,0.000000,0.000000,0.000000,0.000000,0.000000,0.000000,0.000000,0.000000,0.000000,0.000000,0.000000,0.000000,0.000000,0.000000,0.000000,0.000000,0.000000,0.000000,0.000000,0.000000,0.000000,0.000000,0.000000,0.000000,0.000000,0.000000,0.000000,0.000000,0.000000,0.000000,0.000000,0.000000,0.000000,0.000000,0.000000,0.000000,0.000000,0.000000,0.000000,0.000000,0.000000,0.000000,0.000000,0.000000,0.000000
366,1694940880.349982,0,,,0.0000,0.0000,0.0000,0.0000,,,,,,,,,,,0.000000,0.000000,0.000000,0.000000,0.000000,0.000000,0.000000,0.000000,0.000000,0.000000,0.000000,0.000000,0.000000,0.000000,0.000000,0.000000,0.000000,0.000000,0.000000,0.000000,0.000000,0.000000,0.000000,0.000000,0.000000,0.000000,0.000000,0.000000,0.000000,0.000000,0.000000,0.000000,0.000000,0.000000,0.000000,0.000000,0.000000,0.000000,0.000000,0.000000,0.000000,0.000000,0.000000,0.000000,0.000000,0.000000,0.000000,0.000000,0.000000,0.000000,0.000000,0.000000,0.000000,0.000000,0.000000,0.000000,0.000000,0.000000,0.000000,0.000000,0.000000,0.000000,0.000000
367,1694940880.358315,0,,,0.0000,0.0000,0.0000,0.0000,,,,,,,,,,,0.000000,0.000000,0.000000,0.000000,0.000000,0.000000,0.000000,0.000000,0.000000,0.000000,0.000000,0.000000,0.000000,0.000000,0.000000,0.000000,0.000000,0.000000,0.000000,0.000000,0.000000,0.000000,0.000000,0.000000,0.000000,0.000000,0.000000,0.000000,0.000000,0.000000,0.000000,0.000000,0.000000,0.000000,0.000000,0.000000,0.000000,0.000000,0.000000,0.000000,0.000000,0.000000,0.000000,0.000000,0.000000,0.000000,0.000000,0.000000,0.000000,0.000000,0.000000,0.000000,0.000000,0.000000,0.000000,0.000000,0.000000,0.000000,0.000000,0.000000,0.000000,0.000000,0.000000
368,1694940880.366648,0,,,0.0000,0.0000,0.0000,0.0000,,,,,,,,,,,0.000000,0.000000,0.000000,0.000000,0.000000,0.000000,0.000000,0.000000,0.000000,0.000000,0.000000,0.000000,0.000000,0.000000,0.000000,0.000000,0.000000,0.000000,0.000000,0.000000,0.000000,0.000000,0.000000,0.000000,0.000000,0.000000,0.000000,0.000000,0.000000,0.000000,0.000000,0.000000,0.000000,0.000000,0.000000,0.000000,0.000000,0.000000,0.000000,0.000000,0.000000,0.000000,0.000000,0.000000,0.000000,0.000000,0.000000,0.000000,0.000000,0.000000,0.000000,0.000000,0.000000,0.000000,0.000000,0.000000,0.000000,0.000000,0.000000,0.000000,0.000000,0.000000,0.000000
369,1694940880.374982,0,,,0.0000,0.0000,0.0000,0.0000,,,,,,,,,,,0.000000,0.000000,0.000000,0.000000,0.000000,0.000000,0.000000,0.000000,0.000000,0.000000,0.000000,0.000000,0.000000,0.000000,0.000000,0.000000,0.000000,0.000000,0.000000,0.000000,0.000000,0.000000,0.000000,0.000000,0.000000,0.000000,0.000000,0.000000,0.000000,0.000000,0.000000,0.000000,0.000000,0.000000,0.000000,0.000000,0.000000,0.000000,0.000000,0.000000,0.000000,0.000000,0.000000,0.000000,0.000000,0.000000,0.000000,0.000000,0.000000,0.000000,0.000000,0.000000,0.000000,0.000000,0.000000,0.000000,0.000000,0.000000,0.000000,0.000000,0.000000,0.000000,0.000000
370,1694940880.383315,0,,,0.0000,0.0000,0.0000,0.0000,,,,,,,,,,,0.000000,0.000000,0.000000,0.000000,0.000000,0.000000,0.000000,0.000000,0.000000,0.000000,0.000000,0.000000,0.000000,0.000000,0.000000,0.000000,0.000000,0.000000,0.000000,0.000000,0.000000,0.000000,0.000000,0.000000,0.000000,0.000000,0.000000,0.000000,0.000000,0.000000,0.000000,0.000000,0.000000,0.000000,0.000000,0.000000,0.000000,0.000000,0.000000,0.000000,0.000000,0.000000,0.000000,0.000000,0.000000,0.000000,0.000000,0.000000,0.000000,0.000000,0.000000,0.000000,0.000000,0.000000,0.000000,0.000000,0.000000,0.000000,0.000000,0.000000,0.000000,0.000000,0.000000
371,1694940880.391648,0,,,0.0000,0.0000,0.0000,0.0000,,,,,,,,,,,0.000000,0.000000,0.000000,0.000000,0.000000,0.000000,0.000000,0.000000,0.000000,0.000000,0.000000,0.000000,0.000000,0.000000,0.000000,0.000000,0.000000,0.000000,0.000000,0.000000,0.000000,0.000000,0.000000,0.000000,0.000000,0.000000,0.000000,0.000000,0.000000,0.000000,0.000000,0.000000,0.000000,0.000000,0.000000,0.000000,0.000000,0.000000,0.000000,0.000000,0.000000,0.000000,0.000000,0.000000,0.000000,0.000000,0.000000,0.000000,0.000000,0.000000,0.000000,0.000000,0.000000,0.000000,0.000000,0.000000,0.000000,0.000000,0.000000,0.000000,0.000000,0.000000,0.000000
372,1694940880.399982,0,,,0.0000,0.0000,0.0000,0.0000,,,,,,,,,,,0.000000,0.000000,0.000000,0.000000,0.000000,0.000000,0.000000,0.000000,0.000000,0.000000,0.000000,0.000000,0.000000,0.000000,0.000000,0.000000,0.000000,0.000000,0.000000,0.000000,0.000000,0.000000,0.000000,0.000000,0.000000,0.000000,0.000000,0.000000,0.000000,0.000000,0.000000,0.000000,0.000000,0.000000,0.000000,0.000000,0.000000,0.000000,0.000000,0.000000,0.000000,0.000000,0.000000,0.000000,0.000000,0.000000,0.000000,0.000000,0.000000,0.000000,0.000000,0.000000,0.000000,0.000000,0.000000,0.000000,0.000000,0.000000,0.000000,0.000000,0.000000,0.000000,0.000000
373,1694940880.408315,0,,,0.0000,0.0000,0.0000,0.0000,,,,,,,,,,,0.000000,0.000000,0.000000,0.000000,0.000000,0.000000,0.000000,0.000000,0.000000,0.000000,0.000000,0.000000,0.000000,0.000000,0.000000,0.000000,0.000000,0.000000,0.000000,0.000000,0.000000,0.000000,0.000000,0.000000,0.000000,0.000000,0.000000,0.000000,0.000000,0.000000,0.000000,0.000000,0.000000,0.000000,0.000000,0.000000,0.000000,0.000000,0.000000,0.000000,0.000000,0.000000,0.000000,0.000000,0.000000,0.000000,0.000000,0.000000,0.000000,0.000000,0.000000,0.000000,0.000000,0.000000,0.000000,0.000000,0.000000,0.000000,0.000000,0.000000,0.000000,0.000000,0.000000
374,1694940880.416648,0,,,0.0000,0.0000,0.0000,0.0000,,,,,,,,,,,0.000000,0.000000,0.000000,0.000000,0.000000,0.000000,0.000000,0.000000,0.000000,0.000000,0.000000,0.000000,0.000000,0.000000,0.000000,0.000000,0.000000,0.000000,0.000000,0.000000,0.000000,0.000000,0.000000,0.000000,0.000000,0.000000,0.000000,0.000000,0.000000,0.000000,0.000000,0.000000,0.000000,0.000000,0.000000,0.000000,0.000000,0.000000,0.000000,0.000000,0.000000,0.000000,0.000000,0.000000,0.000000,0.000000,0.000000,0.000000,0.000000,0.000000,0.000000,0.000000,0.000000,0.000000,0.000000,0.000000,0.000000,0.000000,0.000000,0.000000,0.000000,0.000000,0.000000
375,1694940880.424982,0,,,0.0000,0.0000,0.0000,0.0000,,,,,,,,,,,0.000000,0.000000,0.000000,0.000000,0.000000,0.000000,0.000000,0.000000,0.000000,0.000000,0.000000,0.000000,0.000000,0.000000,0.000000,0.000000,0.000000,0.000000,0.000000,0.000000,0.000000,0.000000,0.000000,0.000000,0.000000,0.000000,0.000000,0.000000,0.000000,0.000000,0.000000,0.000000,0.000000,0.000000,0.000000,0.000000,0.000000,0.000000,0.000000,0.000000,0.000000,0.000000,0.000000,0.000000,0.000000,0.000000,0.000000,0.000000,0.000000,0.000000,0.000000,0.000000,0.000000,0.000000,0.000000,0.000000,0.000000,0.000000,0.000000,0.000000,0.000000,0.000000,0.000000
376,1694940880.433315,0,,,0.0000,0.0000,0.0000,0.0000,,,,,,,,,,,0.000000,0.000000,0.000000,0.000000,0.000000,0.000000,0.000000,0.000000,0.000000,0.000000,0.000000,0.000000,0.000000,0.000000,0.000000,0.000000,0.000000,0.000000,0.000000,0.000000,0.000000,0.000000,0.000000,0.000000,0.000000,0.000000,0.000000,0.000000,0.000000,0.000000,0.000000,0.000000,0.000000,0.000000,0.000000,0.000000,0.000000,0.000000,0.000000,0.000000,0.000000,0.000000,0.000000,0.000000,0.000000,0.000000,0.000000,0.000000,0.000000,0.000000,0.000000,0.000000,0.000000,0.000000,0.000000,0.000000,0.000000,0.000000,0.000000,0.000000,0.000000,0.000000,0.000000
377,1694940880.441648,0,,,0.0000,0.0000,0.0000,0.0000,,,,,,,,,,,0.000000,0.000000,0.000000,0.000000,0.000000,0.000000,0.000000,0.000000,0.000000,0.000000,0.000000,0.000000,0.000000,0.000000,0.000000,0.000000,0.000000,0.000000,0.000000,0.000000,0.000000,0.000000,0.000000,0.000000,0.000000,0.000000,0.000000,0.000000,0.000000,0.000000,0.000000,0.000000,0.000000,0.000000,0.000000,0.000000,0.000000,0.000000,0.000000,0.000000,0.000000,0.000000,0.000000,0.000000,0.000000,0.000000,0.000000,0.000000,0.000000,0.000000,0.000000,0.000000,0.000000,0.000000,0.000000,0.000000,0.000000,0.000000,0.000000,0.000000,0.000000,0.000000,0.000000
378,1694940880.449982,0,,,0.0000,0.0000,0.0000,0.0000,,,,,,,,,,,0.000000,0.000000,0.000000,0.000000,0.000000,0.000000,0.000000,0.000000,0.000000,0.000000,0.000000,0.000000,0.000000,0.000000,0.000000,0.000000,0.000000,0.000000,0.000000,0.000000,0.000000,0.000000,0.000000,0.000000,0.000000,0.000000,0.000000,0.000000,0.000000,0.000000,0.000000,0.000000,0.000000,0.000000,0.000000,0.000000,0.000000,0.000000,0.000000,0.000000,0.000000,0.000000,0.000000,0.000000,0.000000,0.000000,0.000000,0.000000,0.000000,0.000000,0.000000,0.000000,0.000000,0.000000,0.000000,0.000000,0.000000,0.000000,0.000000,0.000000,0.000000,0.000000,0.000000
379,1694940880.458315,0,,,0.0000,0.0000,0.0000,0.0000,,,,,,,,,,,0.000000,0.000000,0.000000,0.000000,0.000000,0.000000,0.000000,0.000000,0.000000,0.000000,0.000000,0.000000,0.000000,0.000000,0.000000,0.000000,0.000000,0.000000,0.000000,0.000000,0.000000,0.000000,0.000000,0.000000,0.000000,0.000000,0.000000,0.000000,0.000000,0.000000,0.000000,0.000000,0.000000,0.000000,0.000000,0.000000,0.000000,0.000000,0.000000,0.000000,0.000000,0.000000,0.000000,0.000000,0.000000,0.000000,0.000000,0.000000,0.000000,0.000000,0.000000,0.000000,0.000000,0.000000,0.000000,0.000000,0.000000,0.000000,0.000000,0.000000,0.000000,0.000000,0.000000
380,1694940880.466648,1,,,0.0000,0.0000,0.0000,0.0000,,,,,,,,,,,0.000000,0.000000,0.000000,0.000000,0.000000,0.000000,0.000000,0.000000,0.000000,0.000000,0.000000,0.000000,0.000000,0.000000,0.000000,0.000000,0.000000,0.000000,0.000000,0.000000,0.000000,0.000000,0.000000,0.000000,0.000000,0.000000,0.000000,0.000000,0.000000,0.000000,0.000000,0.000000,0.000000,0.000000,0.000000,0.000000,0.000000,0.000000,0.000000,0.000000,0.000000,0.000000,0.000000,0.000000,0.000000,0.000000,0.000000,0.000000,0.000000,0.000000,0.000000,0.000000,0.000000,0.000000,0.000000,0.000000,0.000000,0.000000,0.000000,0.000000,0.000000,0.000000,0.000000
381,1694940880.474982,1,,,0.0000,0.0000,0.0000,0.0000,,,,,,,,,,,0.000000,0.000000,0.000000,0.000000,0.000000,0.000000,0.000000,0.000000,0.000000,0.000000,0.000000,0.000000,0.000000,0.000000,0.000000,0.000000,0.000000,0.000000,0.000000,0.000000,0.000000,0.000000,0.000000,0.000000,0.000000,0.000000,0.000000,0.000000,0.000000,0.000000,0.000000,0.000000,0.000000,0.000000,0.000000,0.000000,0.000000,0.000000,0.000000,0.000000,0.000000,0.000000,0.000000,0.000000,0.000000,0.000000,0.000000,0.000000,0.000000,0.000000,0.000000,0.000000,0.000000,0.000000,0.000000,0.000000,0.000000,0.000000,0.000000,0.000000,0.000000,0.000000,0.000000
382,1694940880.483315,1,,,0.0000,0.0000,0.0000,0.0000,,,,,,,,,,,0.000000,0.000000,0.000000,0.000000,0.000000,0.000000,0.000000,0.000000,0.000000,0.000000,0.000000,0.000000,0.000000,0.000000,0.000000,0.000000,0.000000,0.000000,0.000000,0.000000,0.000000,0.000000,0.000000,0.000000,0.000000,0.000000,0.000000,0.000000,0.000000,0.000000,0.000000,0.000000,0.000000,0.000000,0.000000,0.000000,0.000000,0.000000,0.000000,0.000000,0.000000,0.000000,0.000000,0.000000,0.000000,0.000000,0.000000,0.000000,0.000000,0.000000,0.000000,0.000000,0.000000,0.000000,0.000000,0.000000,0.000000,0.000000,0.000000,0.000000,0.000000,0.000000,0.000000
383,1694940880.491648,1,,,0.0000,0.0000,0.0000,0.0000,,,,,,,,,,,0.000000,0.000000,0.000000,0.000000,0.000000,0.000000,0.000000,0.000000,0.000000,0.000000,0.000000,0.000000,0.000000,0.000000,0.000000,0.000000,0.000000,0.000000,0.000000,0.000000,0.000000,0.000000,0.000000,0.000000,0.000000,0.000000,0.000000,0.000000,0.000000,0.000000,0.000000,0.000000,0.000000,0.000000,0.000000,0.000000,0.000000,0.000000,0.000000,0.000000,0.000000,0.000000,0.000000,0.000000,0.000000,0.000000,0.000000,0.000000,0.000000,0.000000,0.000000,0.000000,0.000000,0.000000,0.000000,0.000000,0.000000,0.000000,0.000000,0.000000,0.000000,0.000000,0.000000
384,1694940880.499982,1,,,0.0000,0.0000,0.0000,0.0000,,,,,,,,,,,0.000000,0.000000,0.000000,0.000000,0.000000,0.000000,0.000000,0.000000,0.000000,0.000000,0.000000,0.000000,0.000000,0.000000,0.000000,0.000000,0.000000,0.000000,0.000000,0.000000,0.000000,0.000000,0.000000,0.000000,0.000000,0.000000,0.000000,0.000000,0.000000,0.000000,0.000000,0.000000,0.000000,0.000000,0.000000,0.000000,0.000000,0.000000,0.000000,0.000000,0.000000,0.000000,0.000000,0.000000,0.000000,0.000000,0.000000,0.000000,0.000000,0.000000,0.000000,0.000000,0.000000,0.000000,0.000000,0.000000,0.000000,0.000000,0.000000,0.000000,0.000000,0.000000,0.000000
385,1694940880.508315,1,,,0.0000,0.0000,0.0000,0.0000,,,,,,,,,,,0.000000,0.000000,0.000000,0.000000,0.000000,0.000000,0.000000,0.000000,0.000000,0.000000,0.000000,0.000000,0.000000,0.000000,0.000000,0.000000,0.000000,0.000000,0.000000,0.000000,0.000000,0.000000,0.000000,0.000000,0.000000,0.000000,0.000000,0.000000,0.000000,0.000000,0.000000,0.000000,0.000000,0.000000,0.000000,0.000000,0.000000,0.000000,0.000000,0.000000,0.000000,0.000000,0.000000,0.000000,0.000000,0.000000,0.000000,0.000000,0.000000,0.000000,0.000000,0.000000,0.000000,0.000000,0.000000,0.000000,0.000000,0.000000,0.000000,0.000000,0.000000,0.000000,0.000000
386,1694940880.516648,1,,,0.0000,0.0000,0.0000,0.0000,,,,,,,,,,,0.000000,0.000000,0.000000,0.000000,0.000000,0.000000,0.000000,0.000000,0.000000,0.000000,0.000000,0.000000,0.000000,0.000000,0.000000,0.000000,0.000000,0.000000,0.000000,0.000000,0.000000,0.000000,0.000000,0.000000,0.000000,0.000000,0.000000,0.000000,0.000000,0.000000,0.000000,0.000000,0.000000,0.000000,0.000000,0.000000,0.000000,0.000000,0.000000,0.000000,0.000000,0.000000,0.000000,0.000000,0.000000,0.000000,0.000000,0.000000,0.000000,0.000000,0.000000,0.000000,0.000000,0.000000,0.000000,0.000000,0.000000,0.000000,0.000000,0.000000,0.000000,0.000000,0.000000
387,1694940880.524982,1,,,0.0000,0.0000,0.0000,0.0000,,,,,,,,,,,0.000000,0.000000,0.000000,0.000000,0.000000,0.000000,0.000000,0.000000,0.000000,0.000000,0.000000,0.000000,0.000000,0.000000,0.000000,0.000000,0.000000,0.000000,0.000000,0.000000,0.000000,0.000000,0.000000,0.000000,0.000000,0.000000,0.000000,0.000000,0.000000,0.000000,0.000000,0.000000,0.000000,0.000000,0.000000,0.000000,0.000000,0.000000,0.000000,0.000000,0.000000,0.000000,0.000000,0.000000,0.000000,0.000000,0.000000,0.000000,0.000000,0.000000,0.000000,0.000000,0.000000,0.000000,0.000000,0.000000,0.000000,0.000000,0.000000,0.000000,0.000000,0.000000,0.000000
388,1694940880.533315,1,,,0.0000,0.0000,0.0000,0.0000,,,,,,,,,,,0.000000,0.000000,0.000000,0.000000,0.000000,0.000000,0.000000,0.000000,0.000000,0.000000,0.000000,0.000000,0.000000,0.000000,0.000000,0.000000,0.000000,0.000000,0.000000,0.000000,0.000000,0.000000,0.000000,0.000000,0.000000,0.000000,0.000000,0.000000,0.000000,0.000000,0.000000,0.000000,0.000000,0.000000,0.000000,0.000000,0.000000,0.000000,0.000000,0.000000,0.000000,0.000000,0.000000,0.000000,0.000000,0.000000,0.000000,0.000000,0.000000,0.000000,0.000000,0.000000,0.000000,0.000000,0.000000,0.000000,0.000000,0.000000,0.000000,0.000000,0.000000,0.000000,0.000000
389,1694940880.541648,1,,,0.0000,0.0000,0.0000,0.0000,,,,,,,,,,,0.000000,0.000000,0.000000,0.000000,0.000000,0.000000,0.000000,0.000000,0.000000,0.000000,0.000000,0.000000,0.000000,0.000000,0.000000,0.000000,0.000000,0.000000,0.000000,0.000000,0.000000,0.000000,0.000000,0.000000,0.000000,0.000000,0.000000,0.000000,0.000000,0.000000,0.000000,0.000000,0.000000,0.000000,0.000000,0.000000,0.000000,0.000000,0.000000,0.000000,0.000000,0.000000,0.000000,0.000000,0.000000,0.000000,0.000000,0.000000,0.000000,0.000000,0.000000,0.000000,0.000000,0.000000,0.000000,0.000000,0.000000,0.000000,0.000000,0.000000,0.000000,0.000000,0.000000
390,1694940880.549982,1,18.5285,18.5285,16.3341,0.0000,38.2530,354.8642,,5196.0245,2.7682,129.6775,124.2777,98.9649,117.2782,136.5025,156.3241,0.195287,0.573065,0.540271,0.000000,0.497978,0.606206,-0.016488,0.421936,0.576108,-0.023268,0.368939,0.506384,-0.024075,0.326894,0.453627,-0.021682,0.426194,0.404704,-0.032981,0.356272,0.338716,-0.035473,0.321392,0.298836,-0.029498,0.301590,0.263844,-0.022825,0.464183,0.331377,-0.024798,0.402104,0.223178,-0.024827,0.385688,0.239205,-0.007178,0.387867,0.259620,0.010816,0.502423,0.293368,-0.016227,0.450870,0.195834,-0.017670,0.432660,0.226922,0.001223,0.434172,0.254998,0.019666,0.537634,0.278940,-0.008352,0.493558,0.208841,-0.005556,0.470780,0.235681,0.010146,0.467208,0.269379,0.026258
391,1694940880.558315,1,23.6573,23.6573,17.4896,1.1555,36.6286,303.2754,46.5166,5181.0593,3.2185,135.5633,118.4733,100.2061,112.6516,127.5343,145.0464,0.161603,0.577344,0.540246,0.000000,0.502080,0.607601,-0.014573,0.426633,0.577806,-0.020294,0.373714,0.510420,-0.020040,0.334899,0.455360,-0.017176,0.432965,0.410377,-0.033786,0.362685,0.341972,-0.037073,0.326024,0.301985,-0.032810,0.303859,0.267842,-0.027423,0.470095,0.333915,-0.025649,0.406360,0.231100,-0.024892,0.387882,0.241912,-0.008221,0.388831,0.258805,0.007947,0.506768,0.292161,-0.016723,0.449964,0.199305,-0.017839,0.431629,0.232619,0.000471,0.434114,0.262776,0.017983,0.539768,0.272830,-0.008247,0.491085,0.202833,-0.005256,0.469737,0.229677,0.010531,0.469162,0.260597,0.026269
392,1694940880.566648,1,-21.8757,-21.8757,4.8403,-12.6494,31.4137,210.9107,17.2771,6032.1542,2.5420,140.2971,116.3784,99.6157,108.6443,123.3420,142.7081,0.166665,0.584981,0.551146,-0.000000,0.506904,0.612590,-0.013023,0.430396,0.577417,-0.017561,0.378161,0.508458,-0.016763,0.338249,0.455120,-0.013541,0.435718,0.408334,-0.030484,0.365310,0.344583,-0.033606,0.329584,0.307238,-0.030024,0.308363,0.272602,-0.025468,0.473827,0.334279,-0.023670,0.410967,0.224568,-0.026364,0.394344,0.248702,-0.012380,0.399520,0.277928,0.003172,0.512169,0.296152,-0.015876,0.458524,0.199941,-0.018812,0.442315,0.241795,-0.003556,0.448045,0.277489,0.012362,0.547111,0.280915,-0.008286,0.502620,0.212210,-0.005135,0.483217,0.247039,0.009370,0.485242,0.284419,0.024001
393,1694940880.574982,1,20.7769,20.7769,-5.8772,-10.7175,21.5254,162.5201,4.0451,6309.2582,1.6549,145.2222,122.1735,94.7885,100.5429,113.8288,132.4550,0.144110,0.591868,0.554843,0.000000,0.513607,0.615959,-0.015370,0.437677,0.582980,-0.020908,0.386093,0.512793,-0.020786,0.345265,0.456028,-0.018020,0.444619,0.416912,-0.031796,0.375384,0.349725,-0.035395,0.338787,0.310514,-0.031231,0.316427,0.276471,-0.026181,0.482133,0.341004,-0.024749,0.417594,0.225553,-0.030240,0.399371,0.245419,-0.017456,0.403547,0.273473,-0.001913,0.519232,0.300849,-0.016992,0.465322,0.203506,-0.021862,0.447058,0.241201,-0.007187,0.450405,0.274672,0.008981,0.552627,0.283457,-0.009682,0.506879,0.211215,-0.006717,0.488121,0.241613,0.008212,0.490431,0.277497,0.023223
394,1694940880.583315,1,20.9282,20.9282,0.5999,6.4771,17.2163,1627.4953,6.1542,6669.5774,3.1266,138.8711,117.9757,95.9081,88.1912,86.8332,98.2665,0.109903,0.593968,0.555312,-0.000000,0.516975,0.615964,-0.016237,0.441326,0.582708,-0.021409,0.390486,0.516086,-0.020601,0.352579,0.459330,-0.017155,0.450533,0.420481,-0.032984,0.382257,0.353555,-0.036493,0.345821,0.314773,-0.031723,0.323999,0.283327,-0.026283,0.488553,0.346098,-0.025627,0.423205,0.227906,-0.031985,0.408330,0.250846,-0.019264,0.415553,0.281937,-0.003226,0.526034,0.306258,-0.017442,0.472326,0.206095,-0.023235,0.455614,0.243994,-0.009007,0.460225,0.276982,0.007252,0.559724,0.290961,-0.009715,0.515317,0.210860,-0.007798,0.496829,0.240595,0.006721,0.499747,0.276940,0.021676
395,1694940880.591648,1,-17.6286,-17.6286,-10.3215,-10.9214,20.4202,1717.7245,56.3422,5006.4000,2.4924,138.3279,126.1971,95.7051,84.9183,82.3119,94.6694,0.099938,0.598973,0.562589,0.000000,0.521477,0.618485,-0.014071,0.448172,0.587013,-0.019566,0.398199,0.521104,-0.019759,0.361120,0.463524,-0.017414,0.454341,0.425305,-0.029265,0.387757,0.355418,-0.030418,0.351344,0.315976,-0.025131,0.328379,0.286678,-0.019640,0.492403,0.351035,-0.022926,0.432230,0.233975,-0.024176,0.408720,0.224525,-0.012354,0.402129,0.226917,0.000438,0.530484,0.310848,-0.015517,0.480505,0.209968,-0.016470,0.461038,0.235180,-0.000727,0.458536,0.261190,0.014557,0.565232,0.294033,-0.008790,0.522633,0.212755,-0.004216,0.504092,0.237616,0.012252,0.504194,0.269358,0.027984
396,1694940880.599982,1,-30.3028,-30.3028,-2.1068,8.2147,21.9968,1521.9539,52.6393,5325.2473,2.3135,136.4676,127.8482,99.9542,84.0272,77.9404,88.6803,0.078852,0.605448,0.564475,0.000000,0.528209,0.622017,-0.016990,0.454397,0.592999,-0.024435,0.404006,0.527333,-0.026092,0.368525,0.468871,-0.025143,0.462379,0.431869,-0.033744,0.393773,0.362057,-0.037740,0.356459,0.321264,-0.034897,0.333489,0.291522,-0.031227,0.499634,0.357079,-0.026544,0.438826,0.237555,-0.029629,0.418048,0.237359,-0.018860,0.415233,0.250491,-0.006707,0.537641,0.316957,-0.018499,0.486842,0.212985,-0.020107,0.468240,0.243790,-0.004939,0.467782,0.274795,0.009704,0.572973,0.301567,-0.011511,0.533967,0.218612,-0.008413,0.514417,0.244404,0.006108,0.513341,0.277963,0.020323
397,1694940880.608315,1,39.5203,39.5203,4.6859,6.7926,26.2254,1707.6504,12.6765,4978.8115,2.5600,135.7508,137.6381,103.6445,82.2189,68.3237,76.8003,0.058275,0.613576,0.571207,0.000000,0.535127,0.624882,-0.015446,0.459907,0.594513,-0.022778,0.407962,0.528028,-0.024547,0.370694,0.471331,-0.023986,0.469162,0.436964,-0.034775,0.398168,0.364425,-0.040121,0.362120,0.324796,-0.037688,0.340658,0.296326,-0.033848,0.506107,0.360618,-0.027874,0.442601,0.239631,-0.031468,0.427236,0.248923,-0.020239,0.430812,0.272352,-0.007288,0.543402,0.318789,-0.019786,0.489238,0.213163,-0.021053,0.473713,0.243080,-0.005843,0.476231,0.274602,0.008675,0.577603,0.302384,-0.012464,0.535033,0.221574,-0.008736,0.516939,0.247020,0.005809,0.517469,0.279153,0.019940
398,1694940880.616648,1,39.7553,39.7553,4.7068,0.0209,29.1989,1056.8423,12.4429,4787.1347,2.5797,136.5123,143.6480,105.4707,79.1884,63.0028,69.3036,0.040863,0.618296,0.574480,0.000000,0.539357,0.628080,-0.014461,0.464462,0.598060,-0.021926,0.412705,0.531052,-0.023883,0.373962,0.472634,-0.023486,0.475456,0.437944,-0.036024,0.403244,0.364341,-0.040495,0.368244,0.325735,-0.037168,0.347009,0.297912,-0.032593,0.513470,0.363461,-0.029907,0.450436,0.240423,-0.032248,0.429662,0.240467,-0.020247,0.426215,0.253006,-0.007372,0.550994,0.324019,-0.022354,0.498441,0.213490,-0.021911,0.482603,0.240976,-0.005286,0.484113,0.270336,0.009755,0.585295,0.309437,-0.015607,0.542899,0.224725,-0.010794,0.524009,0.249108,0.004915,0.523922,0.280788,0.019850
399,1694940880.624982,1,40.1261,40.1261,14.4387,9.7319,31.4956,1036.3721,5.4212,5780.4944,2.4819,139.5139,144.5443,114.3908,84.3958,61.0455,55.3349,0.012539,0.626007,0.584996,0.000000,0.545627,0.634736,-0.017012,0.470323,0.603429,-0.025345,0.418151,0.535440,-0.027910,0.378472,0.478072,-0.028007,0.481417,0.439640,-0.036712,0.408855,0.368565,-0.041109,0.373307,0.333131,-0.037278,0.352017,0.307667,-0.032465,0.520244,0.367057,-0.029463,0.456860,0.246287,-0.032025,0.438238,0.256392,-0.019693,0.436961,0.276025,-0.006413,0.559062,0.330935,-0.021144,0.506449,0.220545,-0.022258,0.490577,0.252225,-0.006750,0.493142,0.285598,0.007795,0.594455,0.319985,-0.013694,0.552989,0.235270,-0.011104,0.533401,0.260214,0.002706,0.533258,0.292680,0.016457
400,1694940880.633315,1,-31.3640,-31.3640,-0.2653,-14.7040,34.6056,1460.1046,21.3923,7578.8896,1.6558,138.1250,160.9748,119.7283,85.8721,55.3622,37.2836,0.003699,0.630310,0.587806,0.000000,0.549781,0.637279,-0.017290,0.473902,0.605540,-0.025140,0.421300,0.536561,-0.026538,0.382312,0.479997,-0.025123,0.487770,0.445175,-0.038914,0.414274,0.371822,-0.041532,0.381126,0.336497,-0.035637,0.362610,0.309784,-0.029508,0.526714,0.372510,-0.030549,0.463253,0.247405,-0.031638,0.444418,0.255582,-0.018472,0.443552,0.276192,-0.004812,0.564609,0.336122,-0.020780,0.512734,0.223604,-0.020353,0.497569,0.255579,-0.005053,0.500326,0.290647,0.009082,0.599241,0.325266,-0.011774,0.560168,0.242118,-0.008075,0.541178,0.265774,0.004976,0.540422,0.297246,0.017966
401,1694940880.641648,1,30.6262,30.6262,-2.2235,-1.9583,27.7773,1347.0687,0.4682,7044.1592,2.0324,136.8657,165.4156,125.4870,88.4371,54.1914,28.2628,0.001077,0.634967,0.596687,0.000000,0.555610,0.641816,-0.016938,0.479991,0.610212,-0.025655,0.427254,0.540626,-0.028520,0.386633,0.484014,-0.028773,0.492567,0.451821,-0.037467,0.420116,0.376893,-0.041111,0.386684,0.339803,-0.036203,0.367361,0.314433,-0.030588,0.531940,0.379654,-0.030591,0.469664,0.252660,-0.031738,0.450671,0.256396,-0.019567,0.448108,0.274665,-0.006600,0.570865,0.343463,-0.022479,0.519742,0.231454,-0.022708,0.505990,0.262973,-0.007772,0.508972,0.298835,0.006257,0.606595,0.332300,-0.015138,0.567698,0.252374,-0.012544,0.549824,0.275234,0.000517,0.549350,0.305490,0.013805
402,1694940880.649982,1,46.8718,46.8718,1.7791,4.0027,28.7515,1351.5581,61.5948,8178.3784,2.1307,137.7654,176.5176,128.3508,88.0538,52.3376,22.4911,0.000028,0.643467,0.599775,0.000000,0.564331,0.646331,-0.020066,0.487383,0.616229,-0.030815,0.433646,0.546614,-0.034974,0.392412,0.488133,-0.036183,0.499375,0.456954,-0.041413,0.428029,0.378232,-0.047563,0.393381,0.341430,-0.045127,0.372591,0.313173,-0.041405,0.538542,0.386104,-0.033176,0.477032,0.259137,-0.036370,0.460688,0.260360,-0.025171,0.461830,0.273548,-0.013440,0.576369,0.348918,-0.024058,0.522719,0.235919,-0.026357,0.509508,0.266869,-0.011365,0.514000,0.300634,0.002529,0.610985,0.333506,-0.015934,0.569015,0.251316,-0.014348,0.551871,0.274821,-0.001090,0.552108,0.304627,0.012002
403,1694940880.658315,1,34.4813,34.4813,-1.4112,-3.1903,28.2913,1351.2196,3.3084,8151.1157,2.7187,139.7377,187.3062,132.4987,91.6924,52.7351,11.2973,0.000000,0.644399,0.602032,0.000000,0.567532,0.648350,-0.018644,0.491261,0.619723,-0.029274,0.438661,0.553400,-0.033846,0.402106,0.492754,-0.035667,0.501188,0.460857,-0.039628,0.432062,0.381827,-0.046739,0.398940,0.342673,-0.044996,0.379673,0.311571,-0.041708,0.540443,0.390715,-0.033023,0.482965,0.258216,-0.039026,0.469187,0.268777,-0.029450,0.472624,0.291767,-0.017624,0.578989,0.354386,-0.025445,0.528901,0.241367,-0.030189,0.517388,0.276380,-0.016825,0.523611,0.313072,-0.003071,0.614619,0.340344,-0.018560,0.573287,0.258999,-0.017602,0.557453,0.284323,-0.004527,0.559343,0.315148,0.008702
404,1694940880.666648,0,49.3969,49.3969,20.1902,21.6014,29.5534,4314.8416,26.2985,6416.0445,2.3744,132.2122,191.2386,141.0214,99.3288,60.4147,15.4404,0.000000,0.647854,0.606242,-0.000000,0.571140,0.650874,-0.020484,0.495765,0.620431,-0.031691,0.442664,0.555052,-0.036732,0.403982,0.497645,-0.039171,0.508075,0.466998,-0.040540,0.438675,0.389256,-0.050703,0.404420,0.350969,-0.050617,0.384542,0.319469,-0.048175,0.547485,0.394134,-0.034159,0.485134,0.261944,-0.044645,0.473610,0.288856,-0.035569,0.480742,0.322041,-0.022271,0.585562,0.356391,-0.027320,0.534826,0.243028,-0.036429,0.523022,0.285175,-0.023887,0.529137,0.322646,-0.009107,0.619867,0.342715,-0.021201,0.579355,0.263796,-0.023614,0.564003,0.290930,-0.012102,0.565690,0.319581,0.000864
405,1694940880.674982,0,-41.9375,-41.9375,-18.1409,-38.3311,33.6737,4924.2328,11.2661,5466.4677,2.2935,131.8434,199.0297,148.0673,105.2361,64.8048,20.1813,0.000000,0.653442,0.610520,-0.000000,0.576985,0.653651,-0.020854,0.501206,0.624879,-0.032577,0.448098,0.559618,-0.037791,0.410299,0.500454,-0.039997,0.515113,0.477290,-0.042925,0.447285,0.392092,-0.053846,0.412558,0.352445,-0.053525,0.392189,0.319877,-0.050772,0.553525,0.405092,-0.035944,0.492261,0.264689,-0.047956,0.481910,0.295943,-0.037681,0.490859,0.333474,-0.022838,0.590364,0.366219,-0.028425,0.538585,0.249269,-0.037566,0.526334,0.290872,-0.023329,0.533385,0.327839,-0.007022,0.624006,0.350668,-0.021682,0.581861,0.265361,-0.022547,0.565046,0.291689,-0.009504,0.566773,0.321108,0.004496
406,1694940880.683315,0,,,0.0000,0.0000,0.0000,0.0000,45.1064,5169.3347,3.1351,113.9452,211.5806,158.5364,115.1725,74.6038,32.1109,0.000000,0.658076,0.617351,-0.000000,0.581417,0.656103,-0.019856,0.504961,0.627486,-0.031188,0.451540,0.561399,-0.036413,0.413578,0.503252,-0.038667,0.519530,0.477789,-0.039743,0.453122,0.395024,-0.048348,0.420106,0.357357,-0.046507,0.401153,0.325823,-0.043107,0.558495,0.407272,-0.033557,0.497976,0.268764,-0.044224,0.487190,0.303077,-0.033794,0.495498,0.343475,-0.019169,0.595877,0.369771,-0.026845,0.546081,0.248978,-0.035237,0.533062,0.290933,-0.021511,0.539206,0.330809,-0.005993,0.629750,0.355597,-0.020838,0.588901,0.269927,-0.021955,0.571538,0.294943,-0.009990,0.571304,0.324987,0.003008
407,1694940880.691648,0,,,0.0000,0.0000,0.0000,0.0000,13.7134,6091.0561,3.5764,92.0201,223.3571,171.3967,127.0860,86.9656,47.0634,0.000000,0.662234,0.617589,-0.000000,0.585986,0.657302,-0.020634,0.509578,0.627939,-0.032248,0.456495,0.562158,-0.037826,0.418141,0.504251,-0.040522,0.527836,0.482550,-0.040997,0.461716,0.401991,-0.049805,0.428762,0.366415,-0.046598,0.410778,0.334486,-0.042384,0.566553,0.410664,-0.035685,0.503486,0.272018,-0.050087,0.493970,0.315820,-0.039801,0.504855,0.359794,-0.024021,0.602620,0.371465,-0.029930,0.548976,0.252594,-0.042148,0.538120,0.301283,-0.028696,0.547621,0.341158,-0.012174,0.634723,0.356543,-0.024798,0.590227,0.274034,-0.028475,0.574821,0.302714,-0.017132,0.578845,0.332242,-0.004074
408,1694940880.699982,0,,,0.0000,0.0000,0.0000,0.0000,28.4286,6181.5947,3.0218,89.3472,230.3661,177.9385,132.9835,93.2419,54.8223,0.000000,0.664285,0.623956,-0.000000,0.590190,0.660980,-0.020397,0.514593,0.633205,-0.032854,0.462851,0.567825,-0.039650,0.427924,0.506602,-0.043656,0.531295,0.486649,-0.040706,0.467693,0.405768,-0.051288,0.435131,0.366998,-0.050017,0.417442,0.334550,-0.047015,0.570534,0.415955,-0.036402,0.511324,0.274112,-0.051921,0.500161,0.311672,-0.043972,0.508493,0.355425,-0.029842,0.607399,0.377398,-0.031627,0.557984,0.257395,-0.044927,0.544907,0.302557,-0.032883,0.551690,0.344999,-0.017085,0.640416,0.363363,-0.027443,0.597610,0.279951,-0.032389,0.580727,0.305226,-0.021515,0.581932,0.335751,-0.008373
409,1694940880.708315,0,,,0.0000,0.0000,0.0000,0.0000,37.9926,5826.8353,2.6687,83.5363,237.5209,182.2389,137.6238,98.6313,61.7594,0.000000,0.668712,0.625072,-0.000000,0.593765,0.663048,-0.021550,0.518094,0.633950,-0.034148,0.465963,0.567631,-0.040303,0.429373,0.506345,-0.043464,0.537355,0.492296,-0.044020,0.472731,0.405450,-0.053313,0.439267,0.366669,-0.049325,0.421087,0.333306,-0.044376,0.576678,0.421711,-0.038162,0.515828,0.276984,-0.054121,0.506642,0.325922,-0.043326,0.517086,0.374297,-0.026513,0.612917,0.382227,-0.031726,0.560183,0.259253,-0.045289,0.549458,0.310143,-0.031553,0.559245,0.352739,-0.014261,0.644559,0.366409,-0.025783,0.598471,0.280381,-0.030539,0.583383,0.310851,-0.019194,0.587975,0.343372,-0.005714
410,1694940880.716648,0,,,0.0000,0.0000,0.0000,0.0000,29.8466,6188.1956,2.9640,91.7600,237.9687,188.7630,143.4937,103.9302,66.0779,0.000000,0.668858,0.625204,-0.000000,0.596317,0.664483,-0.026680,0.521649,0.636395,-0.041844,0.469854,0.568103,-0.049432,0.431520,0.506250,-0.053738,0.544400,0.494518,-0.049065,0.477386,0.407899,-0.057480,0.442540,0.368625,-0.053072,0.423366,0.336235,-0.047778,0.583248,0.424146,-0.039934,0.523604,0.276363,-0.052474,0.507027,0.317745,-0.040708,0.511724,0.362440,-0.024143,0.617578,0.386821,-0.030350,0.565847,0.266468,-0.041120,0.549679,0.315064,-0.027326,0.554983,0.356433,-0.010765,0.647556,0.371334,-0.021791,0.603401,0.285574,-0.025909,0.584039,0.312440,-0.015074,0.584241,0.342334,-0.002178
411,1694940880.724982,0,,,0.0000,0.0000,0.0000,0.0000,27.4653,5990.4842,3.0426,94.3333,242.4098,192.5552,147.7452,108.4369,71.6779,0.000000,0.670647,0.632617,-0.000000,0.597411,0.667771,-0.024796,0.523893,0.636441,-0.039430,0.472477,0.569532,-0.046455,0.435291,0.506606,-0.050126,0.545639,0.495344,-0.050123,0.479981,0.407172,-0.057712,0.446059,0.367518,-0.052057,0.427787,0.335041,-0.045845,0.585361,0.425998,-0.041151,0.527176,0.278562,-0.053753,0.511365,0.320729,-0.041066,0.516553,0.366501,-0.023811,0.620275,0.388155,-0.031308,0.568476,0.264627,-0.041967,0.551906,0.311783,-0.027626,0.557020,0.354269,-0.010604,0.650239,0.371693,-0.022146,0.604937,0.282683,-0.025319,0.585932,0.307844,-0.013788,0.586577,0.337721,-0.000434
412,1694940880.733315,0,,,0.0000,0.0000,0.0000,0.0000,59.7997,6011.5316,2.6145,94.9699,247.1994,196.3140,151.2383,111.8237,74.8244,0.000000,0.672590,0.632662,-0.000000,0.598721,0.670228,-0.025024,0.526080,0.638281,-0.039833,0.475591,0.569048,-0.046876,0.438437,0.505113,-0.050480,0.550166,0.495620,-0.050471,0.483883,0.408226,-0.059549,0.448371,0.368024,-0.054709,0.429138,0.334439,-0.048850,0.590106,0.426949,-0.041880,0.530405,0.280582,-0.057101,0.515578,0.328128,-0.044202,0.522482,0.376411,-0.025777,0.624713,0.390747,-0.032598,0.572708,0.267148,-0.045434,0.556877,0.314543,-0.030260,0.562998,0.354694,-0.011791,0.654424,0.376202,-0.023952,0.607227,0.284882,-0.027469,0.588408,0.312615,-0.014513,0.590554,0.344648,0.000179
413,1694940880.741648,0,,,0.0000,0.0000,0.0000,0.0000,2.6229,5680.0955,2.9600,95.6088,250.7723,196.3548,150.9999,112.3692,76.9530,0.000000,0.674352,0.636653,-0.000000,0.601013,0.670736,-0.025798,0.528095,0.637282,-0.040730,0.476897,0.568194,-0.047558,0.440365,0.504308,-0.050995,0.552780,0.496500,-0.051701,0.486018,0.405546,-0.059828,0.450363,0.363632,-0.054553,0.431156,0.329112,-0.048569,0.592446,0.428553,-0.041781,0.534860,0.279875,-0.055011,0.517204,0.325892,-0.041731,0.521023,0.375593,-0.023634,0.626983,0.392664,-0.031062,0.577036,0.265213,-0.041834,0.558453,0.310811,-0.027314,0.561911,0.353648,-0.009965,0.656776,0.378289,-0.021058,0.612226,0.287781,-0.024091,0.591488,0.311373,-0.012708,0.590785,0.341133,0.000625
414,1694940880.749982,0,,,0.0000,0.0000,0.0000,0.0000,40.5434,5950.1694,3.3932,100.3318,253.4957,200.1571,154.9849,116.1023,80.2532,0.000000,0.676377,0.634768,-0.000000,0.604487,0.670378,-0.026808,0.530386,0.637807,-0.042619,0.479043,0.567945,-0.050456,0.442153,0.503799,-0.055065,0.555321,0.493795,-0.052862,0.488658,0.403652,-0.061383,0.453234,0.362631,-0.056719,0.433739,0.327960,-0.051352,0.595338,0.426893,-0.042644,0.538953,0.279125,-0.056548,0.521523,0.326085,-0.044151,0.525930,0.375359,-0.026923,0.629579,0.392193,-0.031614,0.578223,0.267667,-0.043493,0.560126,0.317201,-0.029474,0.565092,0.361879,-0.012404,0.658934,0.377403,-0.021317,0.612480,0.285186,-0.025507,0.592228,0.310319,-0.014431,0.592883,0.340780,-0.001277
415,1694940880.758315,0,,,0.0000,0.0000,0.0000,0.0000,68.0581,6025.2824,3.7199,99.4151,254.6459,199.9737,154.6750,116.1989,80.6210,0.000000,0.678567,0.632441,-0.000000,0.604873,0.669657,-0.029682,0.531304,0.637543,-0.046685,0.479928,0.568205,-0.054050,0.444017,0.500939,-0.057642,0.560071,0.498012,-0.061372,0.491762,0.402993,-0.071449,0.454838,0.359190,-0.067068,0.434244,0.322628,-0.061693,0.600215,0.428557,-0.049089,0.541411,0.275586,-0.064961,0.521159,0.320292,-0.051567,0.524140,0.371162,-0.033059,0.633160,0.392162,-0.035767,0.582401,0.267926,-0.047335,0.562016,0.313697,-0.031718,0.564769,0.356034,-0.013403,0.660632,0.377614,-0.023415,0.614371,0.287902,-0.026473,0.592078,0.312468,-0.014296,0.590708,0.343416,-0.000295
416,1694940880.766648,0,,,0.0000,0.0000,0.0000,0.0000,61.9119,5820.1085,2.0514,99.8187,255.9267,201.8596,156.0651,116.3991,81.2292,0.000000,0.677304,0.631008,-0.000000,0.604482,0.665686,-0.030474,0.531597,0.633873,-0.049307,0.480743,0.566639,-0.057921,0.443594,0.500723,-0.062966,0.561042,0.493368,-0.068396,0.492387,0.400574,-0.078180,0.454945,0.356547,-0.072258,0.434275,0.320003,-0.065785,0.601621,0.426373,-0.054759,0.543318,0.275341,-0.070275,0.522882,0.321001,-0.054424,0.525315,0.372519,-0.034389,0.635095,0.392430,-0.039537,0.584142,0.266482,-0.050794,0.563442,0.312729,-0.033405,0.565585,0.357755,-0.014149,0.662763,0.378844,-0.025088,0.615626,0.288194,-0.028024,0.592432,0.313105,-0.015254,0.589981,0.344777,-0.001031
417,1694940880.774982,0,,,0.0000,0.0000,0.0000,0.0000,23.1000,5618.1902,2.3731,102.0772,251.1754,200.2964,154.7423,115.4014,79.4274,0.000000,0.677865,0.628338,-0.000000,0.606163,0.665087,-0.030413,0.532308,0.633163,-0.048421,0.480677,0.564019,-0.057221,0.444605,0.498135,-0.062617,0.561793,0.491805,-0.060646,0.492575,0.397382,-0.071859,0.454357,0.352703,-0.068378,0.433522,0.316184,-0.063518,0.602938,0.424836,-0.048567,0.544150,0.273513,-0.065400,0.522839,0.318505,-0.053072,0.524959,0.369277,-0.035261,0.636556,0.390470,-0.035634,0.584352,0.263966,-0.049174,0.562873,0.309902,-0.034312,0.565394,0.354376,-0.016182,0.664412,0.376532,-0.023627,0.616657,0.283823,-0.029041,0.593351,0.305797,-0.017790,0.590647,0.334706,-0.004150
418,1694940880.783315,0,,,0.0000,0.0000,0.0000,0.0000,41.0158,5657.3919,1.9948,106.3665,252.4558,199.7033,153.5025,114.4205,79.2692,0.000000,0.679011,0.629085,-0.000000,0.605455,0.664508,-0.031552,0.532208,0.633061,-0.050383,0.480772,0.562925,-0.058834,0.443707,0.495364,-0.063400,0.562706,0.492000,-0.068052,0.492169,0.395445,-0.077885,0.453952,0.350516,-0.072053,0.433051,0.313051,-0.065538,0.603061,0.424865,-0.053509,0.544303,0.272939,-0.068123,0.523241,0.317985,-0.052212,0.525395,0.367578,-0.032560,0.636024,0.390671,-0.037594,0.583845,0.263473,-0.048326,0.562373,0.308932,-0.031013,0.564601,0.353240,-0.012041,0.662999,0.376982,-0.022612,0.616672,0.281313,-0.025626,0.593439,0.303604,-0.013219,0.591059,0.333505,0.000730
419,1694940880.791648,0,,,0.0000,0.0000,0.0000,0.0000,53.8860,5898.5469,2.2025,110.0818,252.8119,198.5347,152.9516,113.7677,78.1261,0.000000,0.679541,0.627598,-0.000000,0.606903,0.665632,-0.032237,0.532436,0.633484,-0.051016,0.480516,0.561649,-0.060069,0.443995,0.493711,-0.065459,0.562313,0.490124,-0.064250,0.492339,0.393795,-0.076101,0.453824,0.348597,-0.072776,0.432653,0.310791,-0.067956,0.603313,0.422051,-0.050904,0.545040,0.270724,-0.067733,0.523177,0.317525,-0.054519,0.525237,0.368912,-0.036235,0.636257,0.387756,-0.036793,0.584781,0.260347,-0.050335,0.562281,0.305890,-0.035114,0.564405,0.350205,-0.016811,0.663200,0.374306,-0.023753,0.616909,0.279451,-0.028899,0.593055,0.301448,-0.017579,0.590182,0.331676,-0.004006
420,1694940880.799982,0,,,0.0000,0.0000,0.0000,0.0000,65.6633,5967.0113,1.8032,114.5748,251.1938,200.3882,153.7836,114.1662,77.9133,0.000000,0.679230,0.626003,-0.000000,0.605451,0.663747,-0.033060,0.530823,0.629760,-0.051708,0.478950,0.558073,-0.060378,0.441699,0.492000,-0.065521,0.563282,0.488816,-0.064877,0.492220,0.393368,-0.076679,0.453548,0.348699,-0.073822,0.431747,0.310810,-0.069498,0.603890,0.420009,-0.051448,0.543966,0.265831,-0.068617,0.522914,0.314120,-0.056181,0.525629,0.366961,-0.038343,0.636693,0.384803,-0.037210,0.584940,0.255607,-0.050562,0.564395,0.304402,-0.035736,0.567890,0.349921,-0.017834,0.663439,0.370337,-0.024183,0.616983,0.278117,-0.029642,0.594357,0.304950,-0.018766,0.592750,0.337702,-0.005568
421,1694940880.808315,0,,,0.0000,0.0000,0.0000,0.0000,55.4806,5614.2305,2.3552,107.3634,250.3291,195.3503,149.3386,109.5467,74.5526,0.000000,0.679122,0.626229,-0.000000,0.604936,0.660663,-0.034984,0.530482,0.628771,-0.056379,0.478083,0.560166,-0.066722,0.440560,0.490364,-0.073235,0.560918,0.486592,-0.075283,0.489955,0.388742,-0.087000,0.450892,0.343312,-0.081798,0.429756,0.305558,-0.075568,0.602389,0.419611,-0.059374,0.543545,0.265861,-0.075318,0.522234,0.314075,-0.058409,0.524132,0.365679,-0.037936,0.635652,0.385710,-0.042231,0.582420,0.255872,-0.054120,0.560512,0.303126,-0.035885,0.562424,0.349184,-0.016210,0.662376,0.371221,-0.026240,0.614902,0.274299,-0.030494,0.590605,0.296382,-0.018233,0.586950,0.326292,-0.004358
422,1694940880.816648,0,,,0.0000,0.0000,0.0000,0.0000,46.6356,5571.1859,2.7568,109.5100,246.1115,192.2692,145.6036,105.8335,69.9838,0.000000,0.675802,0.621800,0.000000,0.601812,0.659578,-0.031755,0.529239,0.628539,-0.051320,0.476973,0.558470,-0.060372,0.439033,0.492343,-0.065719,0.560699,0.487913,-0.070459,0.487785,0.389846,-0.081352,0.448982,0.342024,-0.076420,0.427908,0.302825,-0.070295,0.601233,0.418341,-0.055785,0.540893,0.265416,-0.070373,0.520821,0.308739,-0.054809,0.523149,0.359318,-0.035578,0.634429,0.382270,-0.039507,0.582220,0.251255,-0.049805,0.562932,0.297830,-0.032366,0.566885,0.344679,-0.013491,0.661491,0.368900,-0.024142,0.615023,0.276100,-0.027348,0.591874,0.301735,-0.014971,0.589524,0.335148,-0.000992
423,1694940880.824982,0,,,0.0000,0.0000,0.0000,0.0000,49.7630,5589.3393,2.4975,110.5177,243.4817,188.1656,141.7973,102.1839,66.4582,0.000000,0.676013,0.620955,0.000000,0.601532,0.662017,-0.035961,0.526945,0.629489,-0.056537,0.475079,0.556279,-0.066014,0.438411,0.488991,-0.071632,0.561060,0.487935,-0.072492,0.487422,0.387606,-0.083741,0.447230,0.339704,-0.078985,0.425445,0.300500,-0.073206,0.602611,0.419224,-0.056319,0.542951,0.263040,-0.073128,0.518341,0.306389,-0.059331,0.518104,0.358496,-0.040906,0.635482,0.384066,-0.038909,0.582195,0.253048,-0.052098,0.559180,0.300303,-0.036354,0.561203,0.348414,-0.017918,0.661887,0.369025,-0.022669,0.614788,0.273984,-0.028152,0.589889,0.296750,-0.017070,0.585526,0.328180,-0.003679
424,1694940880.833315,0,,,0.0000,0.0000,0.0000,0.0000,27.1840,6050.2701,3.7997,116.6875,240.5420,186.2726,139.7670,99.1063,62.2308,0.000000,0.675948,0.619002,0.000000,0.601591,0.661900,-0.035251,0.527189,0.630577,-0.055129,0.474668,0.557918,-0.063885,0.439124,0.488902,-0.068702,0.559212,0.484408,-0.071601,0.484332,0.386253,-0.082069,0.444340,0.340932,-0.077089,0.422606,0.302091,-0.071292,0.600753,0.414222,-0.054843,0.540957,0.261587,-0.071428,0.516738,0.306817,-0.057983,0.516989,0.360836,-0.039807,0.633552,0.379154,-0.036648,0.579362,0.250302,-0.049872,0.556023,0.298799,-0.035093,0.558223,0.347264,-0.017166,0.660152,0.364704,-0.019379,0.612276,0.270833,-0.024564,0.587455,0.294829,-0.013928,0.584092,0.326221,-0.000827
425,1694940880.841648,0,,,0.0000,0.0000,0.0000,0.0000,17.9144,5146.2365,2.8755,104.8673,246.2592,183.0397,137.3227,97.6698,63.5729,0.000000,0.675665,0.624834,-0.000000,0.600557,0.661661,-0.033628,0.525816,0.629099,-0.053795,0.472488,0.555997,-0.063366,0.434139,0.487442,-0.069275,0.556337,0.483305,-0.070397,0.484204,0.383509,-0.082280,0.446037,0.336742,-0.078176,0.425466,0.297810,-0.072877,0.598240,0.413567,-0.055908,0.536046,0.260749,-0.073052,0.515818,0.310719,-0.058154,0.519010,0.363364,-0.038760,0.632404,0.379042,-0.040315,0.576965,0.248146,-0.053684,0.555756,0.295483,-0.036603,0.559067,0.341281,-0.017256,0.660746,0.366018,-0.025745,0.609451,0.272877,-0.031010,0.585268,0.299604,-0.018911,0.582931,0.332751,-0.004847
426,1694940880.849982,0,,,0.0000,0.0000,0.0000,0.0000,48.9605,5293.3111,2.2871,103.6929,239.5749,177.2969,130.7242,90.6259,55.5098,0.000000,0.675039,0.623173,-0.000000,0.599941,0.661919,-0.036977,0.523802,0.630604,-0.058400,0.469580,0.556318,-0.068475,0.431194,0.488388,-0.074433,0.557260,0.485184,-0.074637,0.482240,0.383023,-0.087398,0.442299,0.335476,-0.083340,0.420727,0.294408,-0.077914,0.598379,0.413244,-0.057987,0.535055,0.257872,-0.076294,0.511224,0.306307,-0.061969,0.512360,0.358882,-0.042821,0.630498,0.376841,-0.040264,0.575234,0.246484,-0.054422,0.550627,0.293227,-0.038229,0.551492,0.339740,-0.019216,0.656196,0.362353,-0.023797,0.607108,0.268093,-0.029826,0.580117,0.292781,-0.018975,0.574014,0.325251,-0.005611
427,1694940880.858315,0,,,0.0000,0.0000,0.0000,0.0000,36.9339,5548.9851,3.3242,111.2369,235.0209,174.2683,128.4367,87.7789,51.5856,0.000000,0.673154,0.618280,0.000000,0.598517,0.662096,-0.036390,0.522764,0.631930,-0.057239,0.469505,0.558790,-0.067260,0.432334,0.491108,-0.073369,0.553440,0.484215,-0.071052,0.479909,0.383914,-0.083218,0.439521,0.336940,-0.079511,0.417538,0.297427,-0.074450,0.595327,0.412936,-0.054961,0.535191,0.258156,-0.072730,0.510730,0.301126,-0.059761,0.510916,0.351720,-0.041690,0.628674,0.377567,-0.037904,0.574962,0.248507,-0.052282,0.550601,0.295174,-0.037354,0.551602,0.342272,-0.019104,0.655728,0.363757,-0.022079,0.607760,0.270539,-0.028524,0.581365,0.294531,-0.018251,0.575808,0.327059,-0.005209
428,1694940880.866648,0,,,0.0000,0.0000,0.0000,0.0000,64.9671,5376.6249,1.7291,109.3395,235.5699,170.3130,124.6305,84.7990,49.6560,0.000000,0.670255,0.621792,-0.000000,0.596088,0.660354,-0.032161,0.520814,0.629624,-0.051847,0.467688,0.556982,-0.061425,0.429764,0.489116,-0.067712,0.549800,0.481774,-0.069290,0.477160,0.383647,-0.082827,0.437970,0.336588,-0.080573,0.416621,0.296401,-0.076462,0.591588,0.411049,-0.055868,0.529865,0.260010,-0.073058,0.511970,0.311554,-0.058676,0.517273,0.363381,-0.039889,0.626126,0.375830,-0.041424,0.571145,0.246101,-0.054949,0.551706,0.294008,-0.038368,0.556868,0.339544,-0.019567,0.654761,0.361920,-0.027913,0.604545,0.268364,-0.033274,0.582280,0.294416,-0.021293,0.582146,0.326937,-0.007446
429,1694940880.874982,0,,,0.0000,0.0000,0.0000,0.0000,21.6230,5642.8414,2.4133,115.6613,229.4542,164.5375,119.5833,79.8852,44.6549,0.000000,0.669419,0.619555,0.000000,0.595431,0.661506,-0.034938,0.519846,0.631771,-0.055692,0.466074,0.557910,-0.065200,0.428306,0.489883,-0.070804,0.551285,0.486526,-0.074655,0.475672,0.385173,-0.087464,0.434667,0.336273,-0.083378,0.412216,0.295993,-0.077568,0.592268,0.413573,-0.058196,0.528821,0.258484,-0.075585,0.505200,0.304015,-0.060369,0.506155,0.356709,-0.040420,0.624976,0.375780,-0.040332,0.569206,0.246769,-0.053754,0.545538,0.293577,-0.036973,0.546886,0.341525,-0.017286,0.651647,0.359215,-0.023405,0.601822,0.264661,-0.028637,0.575907,0.287841,-0.016886,0.570522,0.319442,-0.002621
430,1694940880.883315,0,,,0.0000,0.0000,0.0000,0.0000,52.7582,4953.3995,1.5854,104.2824,228.1500,162.3057,117.9660,76.9846,42.5154,0.000000,0.668618,0.619690,-0.000000,0.594589,0.659853,-0.033511,0.518507,0.631626,-0.053445,0.464302,0.560685,-0.063406,0.426676,0.493011,-0.069863,0.546847,0.480470,-0.067085,0.472034,0.382805,-0.080296,0.432623,0.335230,-0.078288,0.411117,0.294888,-0.074351,0.587987,0.408315,-0.052902,0.525647,0.256758,-0.070364,0.506685,0.305534,-0.057319,0.510574,0.357330,-0.039265,0.621571,0.372146,-0.037964,0.566551,0.245149,-0.051920,0.546170,0.292665,-0.036665,0.549867,0.338531,-0.018456,0.649083,0.357351,-0.024128,0.600098,0.265249,-0.030092,0.577678,0.290933,-0.019105,0.576162,0.323470,-0.005733
431,1694940880.891648,0,,,0.0000,0.0000,0.0000,0.0000,81.8484,5389.3256,2.5223,109.0563,224.8351,156.9476,111.8388,72.6226,38.0050,0.000000,0.668283,0.621562,-0.000000,0.592377,0.660601,-0.032580,0.517534,0.630469,-0.052940,0.463952,0.559748,-0.063190,0.426001,0.491874,-0.070180,0.546638,0.487134,-0.070992,0.470532,0.386718,-0.087486,0.430494,0.335536,-0.087325,0.408416,0.293298,-0.084103,0.588298,0.414320,-0.057753,0.522618,0.258219,-0.077870,0.504515,0.309497,-0.064266,0.508933,0.363147,-0.045008,0.622679,0.376808,-0.043656,0.565622,0.245465,-0.059224,0.546462,0.294577,-0.042570,0.551443,0.341449,-0.022677,0.650478,0.362061,-0.030543,0.598964,0.271098,-0.037278,0.576304,0.299855,-0.025353,0.575365,0.334405,-0.010819
432,1694940880.899982,0,,,0.0000,0.0000,0.0000,0.0000,84.8954,5299.0324,1.6536,105.6983,222.6391,152.5621,108.2964,69.9402,37.0056,0.000000,0.669557,0.623312,-0.000000,0.593047,0.662459,-0.030571,0.516538,0.634148,-0.050295,0.461951,0.563655,-0.060677,0.427743,0.493153,-0.067908,0.542244,0.487642,-0.067474,0.468053,0.386989,-0.086659,0.429416,0.335789,-0.090689,0.407221,0.291894,-0.090748,0.583363,0.412699,-0.055711,0.520079,0.259683,-0.076065,0.505295,0.308749,-0.065526,0.511533,0.361634,-0.049560,0.617953,0.372965,-0.043219,0.560714,0.245028,-0.058314,0.544018,0.294088,-0.043106,0.551463,0.341290,-0.025212,0.646681,0.355918,-0.031792,0.595604,0.268067,-0.038773,0.574742,0.297521,-0.027952,0.575493,0.331259,-0.014666
433,1694940880.908315,0,,,0.0000,0.0000,0.0000,0.0000,69.0847,5222.1811,2.9267,112.5725,222.3055,152.4988,108.4442,68.8937,34.5446,0.000000,0.665145,0.619682,-0.000000,0.591594,0.660003,-0.031567,0.515115,0.633773,-0.050989,0.460753,0.563585,-0.060924,0.422988,0.496720,-0.067549,0.540460,0.484637,-0.066729,0.466351,0.386058,-0.082085,0.427231,0.338210,-0.081872,0.405804,0.296922,-0.078952,0.580992,0.410867,-0.053825,0.519922,0.259748,-0.071493,0.505633,0.314754,-0.058201,0.513043,0.368860,-0.040160,0.615155,0.372870,-0.040198,0.560146,0.247177,-0.054883,0.544532,0.299857,-0.039589,0.552856,0.347483,-0.021413,0.643666,0.356352,-0.027463,0.594362,0.265787,-0.033980,0.575479,0.297206,-0.022664,0.578397,0.333396,-0.009038
434,1694940880.916648,0,,,0.0000,0.0000,0.0000,0.0000,49.1471,5393.3086,1.9117,118.0123,219.4162,150.0785,105.7850,66.8146,32.0163,0.000000,0.665677,0.621405,-0.000000,0.590412,0.659711,-0.032626,0.514549,0.632563,-0.052726,0.459991,0.563630,-0.062930,0.421696,0.496945,-0.069685,0.541327,0.486655,-0.068041,0.465629,0.390057,-0.084442,0.426336,0.340476,-0.084697,0.404481,0.298553,-0.081708,0.581369,0.412195,-0.054434,0.516350,0.261292,-0.073500,0.499040,0.309782,-0.060687,0.504376,0.360826,-0.042415,0.614739,0.373553,-0.040225,0.557890,0.248379,-0.055514,0.538690,0.295718,-0.040368,0.543307,0.340811,-0.021618,0.642197,0.357470,-0.026984,0.592115,0.265863,-0.033527,0.569529,0.289291,-0.022551,0.567682,0.319270,-0.008810
435,1694940880.924982,0,,,0.0000,0.0000,0.0000,0.0000,42.2633,5047.7519,1.6391,122.4923,213.1376,146.9153,102.7435,63.7958,28.0783,0.000000,0.664853,0.623370,0.000000,0.589225,0.660634,-0.032696,0.513592,0.632311,-0.052449,0.458491,0.563972,-0.061818,0.419446,0.497656,-0.067591,0.538882,0.486752,-0.070055,0.463237,0.390492,-0.085894,0.424711,0.341502,-0.085806,0.403181,0.298680,-0.082755,0.578727,0.412505,-0.055498,0.514545,0.261404,-0.073964,0.499141,0.307370,-0.060825,0.505796,0.356600,-0.042672,0.612365,0.374315,-0.040042,0.556978,0.250133,-0.053962,0.538585,0.295493,-0.038567,0.543408,0.339653,-0.020149,0.640215,0.358760,-0.025546,0.591657,0.267858,-0.030529,0.570100,0.293314,-0.019046,0.569463,0.325495,-0.005329
436,1694940880.933315,0,-76.4927,-76.4927,-30.8411,0.0000,51.7794,615.3600,71.1050,4921.5103,2.0768,126.5340,211.5130,146.8281,102.4885,62.8341,25.9114,0.000000,0.663556,0.623195,-0.000000,0.588218,0.659639,-0.031795,0.512841,0.634584,-0.051318,0.457618,0.568762,-0.061347,0.421328,0.500576,-0.067860,0.535591,0.483831,-0.065105,0.461079,0.389403,-0.079892,0.423054,0.341743,-0.079759,0.401705,0.300076,-0.076946,0.575468,0.410713,-0.051585,0.513264,0.263487,-0.069070,0.499230,0.311427,-0.056653,0.506263,0.361100,-0.039257,0.610021,0.373992,-0.037409,0.556472,0.248975,-0.051089,0.539427,0.295805,-0.036428,0.545319,0.341318,-0.018675,0.638800,0.359955,-0.024247,0.592313,0.270914,-0.029598,0.571872,0.295983,-0.018936,0.571859,0.327436,-0.005807
437,1694940880.941648,0,,,0.0000,0.0000,0.0000,0.0000,85.0971,5041.8736,2.2289,126.0694,210.5390,141.2440,97.3475,58.0639,21.5467,0.000000,0.661662,0.621249,-0.000000,0.585551,0.658482,-0.031346,0.510356,0.633682,-0.051456,0.455988,0.566776,-0.062382,0.417930,0.501184,-0.070250,0.533745,0.488779,-0.066793,0.459799,0.393814,-0.086256,0.421644,0.342938,-0.090328,0.399843,0.299323,-0.089998,0.573388,0.413067,-0.054487,0.510713,0.265144,-0.075129,0.498039,0.313421,-0.064317,0.505779,0.364145,-0.047717,0.607712,0.373231,-0.041671,0.552663,0.251007,-0.057421,0.537979,0.300281,-0.042218,0.545975,0.346705,-0.023746,0.637058,0.355965,-0.029943,0.589030,0.269765,-0.036576,0.569939,0.300034,-0.025023,0.571490,0.334349,-0.011012
438,1694940880.949982,0,76.1426,76.1426,10.4153,0.0000,57.7765,64.7949,74.6202,5215.2072,2.3170,128.8017,207.3831,143.0172,99.0898,59.7407,21.1548,0.000000,0.662063,0.626306,-0.000000,0.585622,0.658909,-0.027734,0.511166,0.634768,-0.045892,0.456483,0.569366,-0.055853,0.419776,0.504369,-0.062667,0.530103,0.484634,-0.059680,0.457627,0.391316,-0.073896,0.420434,0.344897,-0.074986,0.398503,0.305890,-0.073322,0.570410,0.413059,-0.048804,0.512227,0.267648,-0.063674,0.498312,0.309134,-0.052801,0.503425,0.357215,-0.038004,0.606240,0.377610,-0.037023,0.556637,0.250662,-0.048395,0.539824,0.295726,-0.034081,0.544831,0.342911,-0.018016,0.636447,0.364706,-0.026137,0.593015,0.276658,-0.030646,0.572140,0.302839,-0.019688,0.569966,0.335913,-0.006949
439,1694940880.958315,0,-82.3171,-82.3171,-32.9285,-43.3438,65.5629,637.6711,51.1029,5629.6213,2.0818,126.7809,203.6230,142.2766,98.7861,59.1941,19.1415,0.000000,0.659319,0.623163,-0.000000,0.584214,0.658712,-0.027363,0.509549,0.636162,-0.045464,0.455401,0.571606,-0.055518,0.419863,0.506221,-0.062465,0.526921,0.487506,-0.059367,0.456100,0.393596,-0.075477,0.419370,0.347275,-0.078404,0.397708,0.308642,-0.077781,0.566907,0.415321,-0.049211,0.509007,0.268904,-0.065160,0.494871,0.307554,-0.055158,0.500246,0.353405,-0.040746,0.603206,0.379293,-0.038290,0.554715,0.255141,-0.050027,0.537619,0.299296,-0.035482,0.542600,0.344510,-0.019031,0.634760,0.366343,-0.028378,0.592181,0.277252,-0.032812,0.571135,0.302270,-0.021243,0.569068,0.334202,-0.007922
440,1694940880.966648,0,-68.5866,-68.5866,-6.6623,26.2662,59.0309,28.2558,5.6270,5299.5189,3.0793,129.9738,202.8541,142.0373,98.8011,58.5713,15.9113,0.000000,0.657306,0.622010,0.000000,0.581144,0.657893,-0.026872,0.507023,0.635257,-0.045047,0.453666,0.570361,-0.054962,0.415371,0.507197,-0.061881,0.527883,0.490796,-0.060826,0.455659,0.397397,-0.076972,0.418568,0.352213,-0.079121,0.396508,0.313210,-0.077785,0.566873,0.416858,-0.050470,0.505916,0.268953,-0.066840,0.492192,0.306703,-0.055838,0.497620,0.348751,-0.040467,0.601108,0.377669,-0.039149,0.548468,0.257715,-0.050414,0.533496,0.302245,-0.034799,0.539552,0.344309,-0.017599,0.630542,0.360916,-0.028801,0.585001,0.274765,-0.031782,0.566631,0.302833,-0.018938,0.567576,0.334051,-0.004900
441,1694940880.974982,1,-63.6977,-63.6977,3.1987,9.8610,59.9093,190.5932,48.6786,6056.9213,2.8102,130.7793,198.9172,140.2587,97.3824,57.3011,13.6011,0.000000,0.657778,0.622676,-0.000000,0.581274,0.659286,-0.025877,0.506316,0.636590,-0.042519,0.453107,0.572649,-0.051518,0.415856,0.510305,-0.057591,0.525442,0.489739,-0.055894,0.453623,0.400504,-0.071264,0.416612,0.356897,-0.073332,0.394627,0.318658,-0.072140,0.564581,0.416706,-0.047013,0.502962,0.271695,-0.064042,0.491944,0.312406,-0.054570,0.500444,0.357809,-0.039890,0.599645,0.378493,-0.037411,0.546650,0.260980,-0.050502,0.533361,0.307195,-0.036590,0.541508,0.349298,-0.019981,0.629981,0.362546,-0.028655,0.584436,0.276214,-0.033067,0.567331,0.304352,-0.020955,0.570045,0.336163,-0.007183
442,1694940880.983315,1,61.1363,61.1363,-3.7516,-6.9503,69.1046,267.6021,63.6265,7435.8394,2.3555,135.8272,194.1245,137.2821,93.7852,53.8193,8.9848,0.000000,0.654322,0.623405,-0.000000,0.579901,0.661386,-0.025245,0.505432,0.640767,-0.041790,0.451133,0.575035,-0.050604,0.413994,0.512408,-0.056549,0.520631,0.489063,-0.056157,0.449137,0.400226,-0.068679,0.413642,0.355098,-0.069013,0.392938,0.318217,-0.066797,0.559520,0.417282,-0.046224,0.502997,0.274794,-0.058057,0.489028,0.301295,-0.047905,0.493025,0.340968,-0.034508,0.595706,0.380451,-0.035161,0.548891,0.260745,-0.043985,0.534124,0.301580,-0.030829,0.539160,0.346695,-0.016337,0.628076,0.365520,-0.024888,0.587799,0.283048,-0.027763,0.569620,0.306279,-0.017059,0.568527,0.336482,-0.004890
443,1694940880.991648,1,67.5188,67.5188,37.4590,41.2106,66.8681,5506.2543,29.6061,8088.7673,2.7703,135.5455,189.4588,134.1970,91.3698,51.4645,7.1799,0.000000,0.650513,0.622043,-0.000000,0.577562,0.662161,-0.025797,0.503745,0.640680,-0.042468,0.450051,0.575536,-0.051503,0.412650,0.514233,-0.057706,0.519040,0.488311,-0.055766,0.447851,0.402977,-0.069033,0.411990,0.358690,-0.070395,0.391191,0.321118,-0.069051,0.557574,0.416888,-0.046019,0.500246,0.276552,-0.058685,0.486489,0.303535,-0.049463,0.491254,0.341370,-0.036739,0.593384,0.380747,-0.035298,0.546396,0.260971,-0.044680,0.531294,0.301843,-0.031591,0.536332,0.346066,-0.017122,0.625102,0.366938,-0.025562,0.585683,0.283077,-0.028937,0.566856,0.305975,-0.018510,0.565277,0.336062,-0.006571
444,1694940880.999982,1,-74.5919,-74.5919,-1.5013,-38.9603,65.4189,844.1323,54.7127,9090.2438,3.0923,136.8704,182.8255,129.8684,86.5667,47.9736,13.2441,0.000009,0.645991,0.620762,0.000000,0.573487,0.660375,-0.024799,0.500375,0.638855,-0.040360,0.446731,0.576131,-0.048609,0.410043,0.514567,-0.054208,0.512596,0.484675,-0.052598,0.442828,0.401722,-0.064778,0.408208,0.356977,-0.065813,0.387750,0.321118,-0.063985,0.552140,0.413595,-0.043261,0.494431,0.279653,-0.053863,0.478953,0.294508,-0.045134,0.481650,0.324047,-0.033296,0.589411,0.378051,-0.033019,0.541480,0.264921,-0.041705,0.525967,0.300736,-0.029321,0.530345,0.341456,-0.015373,0.622525,0.364277,-0.023676,0.581825,0.281083,-0.026508,0.563603,0.303953,-0.015368,0.563311,0.335380,-0.002845
445,1694940881.008315,1,-70.5625,-70.5625,-1.7162,-0.2149,65.7427,885.1798,13.7801,8966.1586,2.1841,144.6119,179.7373,122.6255,80.9957,43.3377,15.7834,0.000828,0.642139,0.618051,0.000000,0.569800,0.661182,-0.025923,0.497009,0.638261,-0.042013,0.443556,0.576049,-0.050556,0.405610,0.515759,-0.056480,0.510528,0.489183,-0.052902,0.440409,0.402246,-0.065442,0.405339,0.354909,-0.066514,0.385089,0.315824,-0.064734,0.549901,0.418501,-0.043081,0.491328,0.283381,-0.053866,0.477555,0.307341,-0.043948,0.482475,0.342806,-0.030776,0.586655,0.382200,-0.032693,0.537659,0.268679,-0.041047,0.523156,0.305543,-0.028188,0.528264,0.345410,-0.013897,0.618634,0.366823,-0.023383,0.577023,0.283002,-0.026423,0.560095,0.305448,-0.015878,0.561051,0.335686,-0.003797
446,1694940881.016648,1,77.0080,77.0080,3.9679,5.6841,69.3360,893.0725,18.0015,6563.6165,2.4129,140.7639,172.5177,119.3512,79.5786,44.7887,24.0495,0.001776,0.640400,0.615514,0.000000,0.568126,0.661122,-0.026866,0.495487,0.640319,-0.043538,0.441573,0.577521,-0.052182,0.402391,0.517910,-0.058074,0.509200,0.488888,-0.055626,0.436972,0.404174,-0.068379,0.401243,0.358631,-0.069381,0.380397,0.320388,-0.067428,0.547616,0.417408,-0.044874,0.488942,0.284407,-0.054672,0.473096,0.304061,-0.043996,0.475554,0.334056,-0.030876,0.583168,0.380277,-0.033480,0.535699,0.267673,-0.040199,0.519685,0.301520,-0.026125,0.523068,0.338221,-0.011630,0.614265,0.364677,-0.023370,0.573937,0.281855,-0.024995,0.555250,0.301915,-0.013658,0.554084,0.328892,-0.001290
447,1694940881.024982,1,-76.2074,-76.2074,-35.9315,-39.8995,71.6364,4254.4713,68.4215,6165.3405,2.5335,142.7608,169.5386,116.9371,77.5337,44.1821,28.4488,0.003274,0.638321,0.614978,0.000000,0.565829,0.661662,-0.026449,0.492804,0.640928,-0.042743,0.438494,0.578348,-0.051486,0.399100,0.519014,-0.057572,0.505693,0.490356,-0.053047,0.432732,0.405296,-0.065159,0.398734,0.357798,-0.066059,0.379243,0.320122,-0.064175,0.543930,0.419331,-0.043095,0.485128,0.288027,-0.051810,0.470206,0.304115,-0.041535,0.472246,0.332877,-0.029240,0.579965,0.382357,-0.032746,0.532062,0.267094,-0.038859,0.517235,0.298985,-0.025123,0.520792,0.336121,-0.011377,0.611695,0.367861,-0.023834,0.573199,0.282711,-0.026585,0.554365,0.301260,-0.016418,0.552056,0.328522,-0.004953
448,1694940881.033315,1,-77.7010,-77.7010,-0.7773,35.1543,60.7562,825.9114,17.4349,5735.4412,2.6945,143.7160,160.4633,111.2854,76.9750,49.7191,40.5356,0.006637,0.637640,0.615779,0.000000,0.562847,0.659804,-0.024095,0.489730,0.637845,-0.039182,0.435410,0.575651,-0.046871,0.396724,0.518446,-0.052115,0.502054,0.490409,-0.053401,0.429010,0.405209,-0.065628,0.393928,0.356371,-0.067246,0.372943,0.318246,-0.065977,0.539280,0.418423,-0.043442,0.478648,0.291670,-0.051098,0.462016,0.298571,-0.041593,0.461884,0.320660,-0.030954,0.575270,0.380215,-0.032537,0.526394,0.268557,-0.037616,0.512303,0.298624,-0.024307,0.515889,0.336613,-0.011455,0.607323,0.365332,-0.022762,0.568793,0.284950,-0.024371,0.550806,0.304262,-0.014019,0.548944,0.331956,-0.002854
449,1694940881.041648,1,75.3893,75.3893,36.4879,37.2652,74.0256,3227.1780,24.9946,4678.4554,2.4242,142.8704,148.7786,106.9077,77.3297,55.8085,53.5676,0.012853,0.631149,0.611519,0.000000,0.557669,0.658514,-0.025005,0.486373,0.636951,-0.041610,0.432129,0.575966,-0.050647,0.390895,0.519714,-0.057083,0.497543,0.489980,-0.057257,0.422036,0.405804,-0.070368,0.385964,0.355819,-0.071394,0.364397,0.316775,-0.069492,0.535705,0.420347,-0.047758,0.475123,0.286060,-0.056482,0.458936,0.295337,-0.044402,0.458994,0.321540,-0.031018,0.573165,0.385430,-0.037396,0.525604,0.265674,-0.042625,0.509323,0.293173,-0.026282,0.511053,0.330452,-0.010813,0.606791,0.374483,-0.028381,0.569284,0.283500,-0.029919,0.548822,0.300552,-0.017787,0.545086,0.331081,-0.004926
450,1694940881.049982,1,-61.4476,-61.4476,-34.6139,-71.1018,72.7212,2753.5137,78.5005,4674.2813,3.4254,137.2215,143.3145,104.9973,79.0831,61.0129,61.4462,0.019004,0.628622,0.606723,0.000000,0.552844,0.656121,-0.019465,0.480675,0.635467,-0.033206,0.428263,0.572587,-0.040808,0.388279,0.517713,-0.046340,0.492157,0.489090,-0.050028,0.418391,0.402324,-0.060478,0.383157,0.355098,-0.059497,0.362192,0.317861,-0.056709,0.530579,0.418244,-0.043566,0.471254,0.285602,-0.052271,0.463634,0.307903,-0.040453,0.471240,0.339923,-0.027206,0.567984,0.380075,-0.035837,0.519043,0.261952,-0.040785,0.508355,0.296621,-0.025246,0.514784,0.333824,-0.011092,0.601050,0.364687,-0.028869,0.562148,0.276482,-0.029550,0.547037,0.302335,-0.017100,0.548987,0.335714,-0.004772
451,1694940881.058315,1,-56.1457,-56.1457,5.0154,39.6293,57.9045,1060.6446,45.0896,4654.9887,2.8707,136.9792,138.2241,102.4287,80.5365,68.5782,74.5594,0.031511,0.625471,0.604571,0.000000,0.549992,0.654388,-0.019612,0.477010,0.634728,-0.032676,0.424229,0.570504,-0.039551,0.384124,0.516179,-0.044234,0.486791,0.487283,-0.049105,0.413826,0.402036,-0.057768,0.379132,0.352964,-0.055724,0.357973,0.316951,-0.052095,0.524812,0.416580,-0.042607,0.464465,0.284925,-0.048072,0.448314,0.279887,-0.037249,0.446758,0.288978,-0.026141,0.561863,0.377442,-0.034711,0.511823,0.260516,-0.037315,0.497303,0.284976,-0.022084,0.499755,0.316769,-0.008739,0.595745,0.361189,-0.027879,0.555048,0.270623,-0.027343,0.536785,0.291457,-0.014477,0.536033,0.324236,-0.001874
452,1694940881.066648,1,-60.6989,-60.6989,4.2505,-0.7649,56.2315,1081.3293,44.7369,4815.2950,3.3338,139.2801,132.5439,101.0235,83.6639,76.2475,87.3426,0.057520,0.620686,0.600340,0.000000,0.546468,0.653547,-0.021145,0.474113,0.633491,-0.034675,0.421417,0.570207,-0.041768,0.381422,0.516587,-0.046851,0.483148,0.486086,-0.050464,0.408781,0.402495,-0.061557,0.373094,0.352643,-0.061105,0.351229,0.315533,-0.058181,0.519235,0.410680,-0.042908,0.455784,0.284939,-0.050175,0.438630,0.291344,-0.039576,0.436843,0.308346,-0.027829,0.555023,0.368511,-0.034263,0.504028,0.257218,-0.039405,0.487644,0.286171,-0.025183,0.489093,0.319309,-0.011601,0.587070,0.349321,-0.026584,0.546472,0.268405,-0.028146,0.529318,0.292792,-0.016229,0.529253,0.325443,-0.003725
453,1694940881.074982,1,-54.9267,-54.9267,-32.5790,-36.8295,53.5368,1132.5671,20.3318,4651.3109,2.9359,141.8480,126.2229,99.0170,86.9016,85.1680,98.9472,0.069797,0.615520,0.598191,0.000000,0.539661,0.653319,-0.023228,0.467420,0.630844,-0.036563,0.415394,0.565709,-0.043172,0.374452,0.513781,-0.047327,0.475145,0.480439,-0.047778,0.402308,0.399865,-0.058197,0.365765,0.350188,-0.057706,0.344596,0.312670,-0.054805,0.512808,0.408973,-0.038987,0.452644,0.283193,-0.047728,0.442937,0.303058,-0.036633,0.450758,0.335883,-0.023185,0.550733,0.371766,-0.029739,0.503010,0.259770,-0.037428,0.488350,0.292881,-0.024154,0.491550,0.329520,-0.009983,0.584724,0.356456,-0.021429,0.548124,0.269020,-0.023399,0.531619,0.293594,-0.011823,0.532275,0.328285,0.000524
454,1694940881.083315,1,47.8940,47.8940,27.3354,59.9144,42.5540,707.6708,48.3676,5548.0036,3.5440,141.1443,126.3705,99.1641,91.7177,92.4647,105.5433,0.084320,0.609310,0.592114,0.000000,0.533706,0.651849,-0.021771,0.461668,0.627742,-0.033262,0.411323,0.562296,-0.038179,0.369878,0.512063,-0.040889,0.468622,0.475183,-0.045441,0.396818,0.396444,-0.052945,0.360759,0.347968,-0.050762,0.339303,0.311117,-0.047105,0.507140,0.403676,-0.037346,0.445659,0.279773,-0.043635,0.427531,0.279814,-0.033546,0.426701,0.292066,-0.022038,0.545047,0.365844,-0.028449,0.496478,0.257058,-0.033640,0.479360,0.284677,-0.020303,0.479943,0.314921,-0.006976,0.578694,0.349032,-0.020612,0.539052,0.265122,-0.020822,0.521360,0.289234,-0.008196,0.521260,0.322337,0.004547
455,1694940881.091648,1,-48.8187,-48.8187,1.8317,-25.5036,41.3907,1148.2023,27.7970,6676.3772,2.5144,145.9205,118.8910,99.0949,96.4659,102.0655,117.9700,0.114294,0.602701,0.588815,0.000000,0.529384,0.649818,-0.017638,0.457710,0.627144,-0.028344,0.406166,0.563665,-0.032511,0.364316,0.512419,-0.034561,0.465013,0.477866,-0.049115,0.392723,0.395131,-0.057016,0.355794,0.344674,-0.054423,0.333209,0.306841,-0.050250,0.503741,0.405524,-0.042132,0.442501,0.277077,-0.049398,0.421702,0.263136,-0.038448,0.417324,0.265272,-0.026418,0.541539,0.366268,-0.033184,0.491509,0.258126,-0.037409,0.473203,0.282376,-0.020567,0.472629,0.312609,-0.004646,0.575313,0.348822,-0.024955,0.532796,0.261476,-0.023311,0.513373,0.285693,-0.007277,0.512841,0.321377,0.008253
456,1694940881.099982,1,-48.9815,-48.9815,2.9293,1.0976,40.7368,1235.2461,27.6271,6756.5864,2.8865,147.5764,117.1754,97.4658,99.8920,110.1779,128.4222,0.123740,0.599491,0.585158,0.000000,0.525357,0.652803,-0.022779,0.452159,0.629393,-0.036068,0.399019,0.565139,-0.042245,0.356028,0.517139,-0.045724,0.460773,0.473074,-0.050051,0.385140,0.392463,-0.060408,0.347335,0.341495,-0.058463,0.327065,0.300366,-0.054026,0.500236,0.401226,-0.040950,0.435852,0.274776,-0.050509,0.422291,0.300210,-0.035416,0.429919,0.334373,-0.017905,0.538292,0.364951,-0.031381,0.486986,0.256040,-0.040597,0.470913,0.296394,-0.024444,0.475574,0.333148,-0.006663,0.571856,0.348560,-0.022521,0.530546,0.257496,-0.023775,0.511784,0.287204,-0.009483,0.512743,0.324446,0.005355
457,1694940881.108315,1,51.7328,51.7328,26.6649,23.7355,49.4077,1065.3312,15.9815,6556.6803,2.0627,145.0710,114.1242,103.1815,108.2089,120.4933,139.1069,0.153011,0.595714,0.580653,0.000000,0.523634,0.645588,-0.019209,0.449803,0.624466,-0.030805,0.396242,0.562547,-0.036110,0.352709,0.511958,-0.039129,0.453651,0.477527,-0.047904,0.380352,0.393264,-0.058365,0.342232,0.340547,-0.057914,0.319886,0.298881,-0.055042,0.491763,0.402307,-0.041458,0.429106,0.275509,-0.050776,0.414496,0.288753,-0.038814,0.419320,0.312699,-0.024844,0.529127,0.360030,-0.034073,0.475732,0.253150,-0.040816,0.460162,0.292142,-0.024710,0.464766,0.329024,-0.008550,0.562715,0.338326,-0.027535,0.517330,0.254595,-0.028367,0.499227,0.285445,-0.014382,0.500610,0.323626,-0.000189
458,1694940881.116648,1,56.1971,56.1971,2.0758,-24.5891,49.4719,1431.0633,28.7037,4395.0482,2.1524,143.0424,115.7309,112.6114,126.1356,142.2446,161.1127,0.153723,0.589504,0.576910,0.000000,0.518149,0.644769,-0.021208,0.444314,0.624136,-0.033536,0.390635,0.562243,-0.038801,0.345625,0.514426,-0.041701,0.450040,0.476058,-0.052705,0.374475,0.389999,-0.063674,0.335247,0.335719,-0.062995,0.311216,0.295227,-0.059698,0.487730,0.400206,-0.044736,0.423395,0.277326,-0.053482,0.405646,0.284698,-0.040711,0.405255,0.304126,-0.026644,0.525154,0.358244,-0.035747,0.471049,0.254381,-0.042800,0.453128,0.286917,-0.026518,0.453738,0.320050,-0.010302,0.558961,0.337537,-0.027572,0.512152,0.254158,-0.029392,0.491358,0.282056,-0.015374,0.489148,0.319177,-0.000969
459,1694940881.124982,1,52.8720,52.8720,25.4227,23.3469,50.2364,2351.7241,30.5283,3848.3813,3.1771,139.5610,122.6064,111.4146,126.8915,144.0847,162.7164,0.169179,0.588834,0.578986,0.000000,0.514618,0.644418,-0.019620,0.439702,0.622096,-0.031531,0.385486,0.556803,-0.036683,0.339440,0.511864,-0.039119,0.444583,0.473271,-0.050258,0.369722,0.387091,-0.061997,0.331890,0.334594,-0.061236,0.309258,0.292018,-0.057200,0.482338,0.395391,-0.042445,0.415549,0.279256,-0.051198,0.397133,0.290814,-0.036776,0.398348,0.310188,-0.020758,0.519415,0.351381,-0.033781,0.463115,0.249879,-0.040870,0.442354,0.283641,-0.022466,0.442408,0.317455,-0.003765,0.553035,0.328323,-0.025862,0.504275,0.247998,-0.027197,0.479209,0.270278,-0.012299,0.473196,0.301855,0.003553
460,1694940881.133315,1,55.8634,55.8634,26.2112,0.7886,41.2945,2983.1741,4.7904,3920.8120,2.6543,139.5262,123.3251,116.0933,135.2879,155.5110,176.2104,0.197174,0.585534,0.576608,0.000000,0.511372,0.645023,-0.018678,0.435384,0.623716,-0.031003,0.379604,0.555938,-0.036588,0.332820,0.514553,-0.039485,0.440752,0.471604,-0.052656,0.364202,0.383699,-0.063881,0.325417,0.332098,-0.061766,0.302215,0.288555,-0.057142,0.478600,0.393117,-0.045053,0.411498,0.273184,-0.054122,0.401620,0.305581,-0.037145,0.410178,0.338830,-0.018882,0.516122,0.347782,-0.036265,0.459969,0.240795,-0.042947,0.443739,0.282731,-0.023231,0.448138,0.320318,-0.003993,0.549762,0.323511,-0.028001,0.501875,0.240894,-0.028952,0.479347,0.270704,-0.013972,0.476192,0.308043,0.001565
461,1694940881.141648,1,,,0.0000,0.0000,0.0000,0.0000,,,,,,,,,,,0.000000,0.000000,0.000000,0.000000,0.000000,0.000000,0.000000,0.000000,0.000000,0.000000,0.000000,0.000000,0.000000,0.000000,0.000000,0.000000,0.000000,0.000000,0.000000,0.000000,0.000000,0.000000,0.000000,0.000000,0.000000,0.000000,0.000000,0.000000,0.000000,0.000000,0.000000,0.000000,0.000000,0.000000,0.000000,0.000000,0.000000,0.000000,0.000000,0.000000,0.000000,0.000000,0.000000,0.000000,0.000000,0.000000,0.000000,0.000000,0.000000,0.000000,0.000000,0.000000,0.000000,0.000000,0.000000,0.000000,0.000000,0.000000,0.000000,0.000000,0.000000,0.000000,0.000000
462,1694940881.149982,1,,,0.0000,0.0000,0.0000,0.0000,,,,,,,,,,,0.000000,0.000000,0.000000,0.000000,0.000000,0.000000,0.000000,0.000000,0.000000,0.000000,0.000000,0.000000,0.000000,0.000000,0.000000,0.000000,0.000000,0.000000,0.000000,0.000000,0.000000,0.000000,0.000000,0.000000,0.000000,0.000000,0.000000,0.000000,0.000000,0.000000,0.000000,0.000000,0.000000,0.000000,0.000000,0.000000,0.000000,0.000000,0.000000,0.000000,0.000000,0.000000,0.000000,0.000000,0.000000,0.000000,0.000000,0.000000,0.000000,0.000000,0.000000,0.000000,0.000000,0.000000,0.000000,0.000000,0.000000,0.000000,0.000000,0.000000,0.000000,0.000000,0.000000
463,1694940881.158315,1,,,0.0000,0.0000,0.0000,0.0000,,,,,,,,,,,0.000000,0.000000,0.000000,0.000000,0.000000,0.000000,0.000000,0.000000,0.000000,0.000000,0.000000,0.000000,0.000000,0.000000,0.000000,0.000000,0.000000,0.000000,0.000000,0.000000,0.000000,0.000000,0.000000,0.000000,0.000000,0.000000,0.000000,0.000000,0.000000,0.000000,0.000000,0.000000,0.000000,0.000000,0.000000,0.000000,0.000000,0.000000,0.000000,0.000000,0.000000,0.000000,0.000000,0.000000,0.000000,0.000000,0.000000,0.000000,0.000000,0.000000,0.000000,0.000000,0.000000,0.000000,0.000000,0.000000,0.000000,0.000000,0.000000,0.000000,0.000000,0.000000,0.000000
464,1694940881.166648,1,,,0.0000,0.0000,0.0000,0.0000,,,,,,,,,,,0.000000,0.000000,0.000000,0.000000,0.000000,0.000000,0.000000,0.000000,0.000000,0.000000,0.000000,0.000000,0.000000,0.000000,0.000000,0.000000,0.000000,0.000000,0.000000,0.000000,0.000000,0.000000,0.000000,0.000000,0.000000,0.000000,0.000000,0.000000,0.000000,0.000000,0.000000,0.000000,0.000000,0.000000,0.000000,0.000000,0.000000,0.000000,0.000000,0.000000,0.000000,0.000000,0.000000,0.000000,0.000000,0.000000,0.000000,0.000000,0.000000,0.000000,0.000000,0.000000,0.000000,0.000000,0.000000,0.000000,0.000000,0.000000,0.000000,0.000000,0.000000,0.000000,0.000000
465,1694940881.174982,0,,,0.0000,0.0000,0.0000,0.0000,,,,,,,,,,,0.000000,0.000000,0.000000,0.000000,0.000000,0.000000,0.000000,0.000000,0.000000,0.000000,0.000000,0.000000,0.000000,0.000000,0.000000,0.000000,0.000000,0.000000,0.000000,0.000000,0.000000,0.000000,0.000000,0.000000,0.000000,0.000000,0.000000,0.000000,0.000000,0.000000,0.000000,0.000000,0.000000,0.000000,0.000000,0.000000,0.000000,0.000000,0.000000,0.000000,0.000000,0.000000,0.000000,0.000000,0.000000,0.000000,0.000000,0.000000,0.000000,0.000000,0.000000,0.000000,0.000000,0.000000,0.000000,0.000000,0.000000,0.000000,0.000000,0.000000,0.000000,0.000000,0.000000
466,1694940881.183315,0,,,0.0000,0.0000,0.0000,0.0000,,,,,,,,,,,0.000000,0.000000,0.000000,0.000000,0.000000,0.000000,0.000000,0.000000,0.000000,0.000000,0.000000,0.000000,0.000000,0.000000,0.000000,0.000000,0.000000,0.000000,0.000000,0.000000,0.000000,0.000000,0.000000,0.000000,0.000000,0.000000,0.000000,0.000000,0.000000,0.000000,0.000000,0.000000,0.000000,0.000000,0.000000,0.000000,0.000000,0.000000,0.000000,0.000000,0.000000,0.000000,0.000000,0.000000,0.000000,0.000000,0.000000,0.000000,0.000000,0.000000,0.000000,0.000000,0.000000,0.000000,0.000000,0.000000,0.000000,0.000000,0.000000,0.000000,0.000000,0.000000,0.000000
467,1694940881.191648,0,,,0.0000,0.0000,0.0000,0.0000,,,,,,,,,,,0.000000,0.000000,0.000000,0.000000,0.000000,0.000000,0.000000,0.000000,0.000000,0.000000,0.000000,0.000000,0.000000,0.000000,0.000000,0.000000,0.000000,0.000000,0.000000,0.000000,0.000000,0.000000,0.000000,0.000000,0.000000,0.000000,0.000000,0.000000,0.000000,0.000000,0.000000,0.000000,0.000000,0.000000,0.000000,0.000000,0.000000,0.000000,0.000000,0.000000,0.000000,0.000000,0.000000,0.000000,0.000000,0.000000,0.000000,0.000000,0.000000,0.000000,0.000000,0.000000,0.000000,0.000000,0.000000,0.000000,0.000000,0.000000,0.000000,0.000000,0.000000,0.000000,0.000000
468,1694940881.199982,0,,,0.0000,0.0000,0.0000,0.0000,,,,,,,,,,,0.000000,0.000000,0.000000,0.000000,0.000000,0.000000,0.000000,0.000000,0.000000,0.000000,0.000000,0.000000,0.000000,0.000000,0.000000,0.000000,0.000000,0.000000,0.000000,0.000000,0.000000,0.000000,0.000000,0.000000,0.000000,0.000000,0.000000,0.000000,0.000000,0.000000,0.000000,0.000000,0.000000,0.000000,0.000000,0.000000,0.000000,0.000000,0.000000,0.000000,0.000000,0.000000,0.000000,0.000000,0.000000,0.000000,0.000000,0.000000,0.000000,0.000000,0.000000,0.000000,0.000000,0.000000,0.000000,0.000000,0.000000,0.000000,0.000000,0.000000,0.000000,0.000000,0.000000
469,1694940881.208315,0,,,0.0000,0.0000,0.0000,0.0000,,,,,,,,,,,0.000000,0.000000,0.000000,0.000000,0.000000,0.000000,0.000000,0.000000,0.000000,0.000000,0.000000,0.000000,0.000000,0.000000,0.000000,0.000000,0.000000,0.000000,0.000000,0.000000,0.000000,0.000000,0.000000,0.000000,0.000000,0.000000,0.000000,0.000000,0.000000,0.000000,0.000000,0.000000,0.000000,0.000000,0.000000,0.000000,0.000000,0.000000,0.000000,0.000000,0.000000,0.000000,0.000000,0.000000,0.000000,0.000000,0.000000,0.000000,0.000000,0.000000,0.000000,0.000000,0.000000,0.000000,0.000000,0.000000,0.000000,0.000000,0.000000,0.000000,0.000000,0.000000,0.000000
470,1694940881.216648,0,,,0.0000,0.0000,0.0000,0.0000,,,,,,,,,,,0.000000,0.000000,0.000000,0.000000,0.000000,0.000000,0.000000,0.000000,0.000000,0.000000,0.000000,0.000000,0.000000,0.000000,0.000000,0.000000,0.000000,0.000000,0.000000,0.000000,0.000000,0.000000,0.000000,0.000000,0.000000,0.000000,0.000000,0.000000,0.000000,0.000000,0.000000,0.000000,0.000000,0.000000,0.000000,0.000000,0.000000,0.000000,0.000000,0.000000,0.000000,0.000000,0.000000,0.000000,0.000000,0.000000,0.000000,0.000000,0.000000,0.000000,0.000000,0.000000,0.000000,0.000000,0.000000,0.000000,0.000000,0.000000,0.000000,0.000000,0.000000,0.000000,0.000000
471,1694940881.224982,0,,,0.0000,0.0000,0.0000,0.0000,,,,,,,,,,,0.000000,0.000000,0.000000,0.000000,0.000000,0.000000,0.000000,0.000000,0.000000,0.000000,0.000000,0.000000,0.000000,0.000000,0.000000,0.000000,0.000000,0.000000,0.000000,0.000000,0.000000,0.000000,0.000000,0.000000,0.000000,0.000000,0.000000,0.000000,0.000000,0.000000,0.000000,0.000000,0.000000,0.000000,0.000000,0.000000,0.000000,0.000000,0.000000,0.000000,0.000000,0.000000,0.000000,0.000000,0.000000,0.000000,0.000000,0.000000,0.000000,0.000000,0.000000,0.000000,0.000000,0.000000,0.000000,0.000000,0.000000,0.000000,0.000000,0.000000,0.000000,0.000000,0.000000
472,1694940881.233315,0,,,0.0000,0.0000,0.0000,0.0000,,,,,,,,,,,0.000000,0.000000,0.000000,0.000000,0.000000,0.000000,0.000000,0.000000,0.000000,0.000000,0.000000,0.000000,0.000000,0.000000,0.000000,0.000000,0.000000,0.000000,0.000000,0.000000,0.000000,0.000000,0.000000,0.000000,0.000000,0.000000,0.000000,0.000000,0.000000,0.000000,0.000000,0.000000,0.000000,0.000000,0.000000,0.000000,0.000000,0.000000,0.000000,0.000000,0.000000,0.000000,0.000000,0.000000,0.000000,0.000000,0.000000,0.000000,0.000000,0.000000,0.000000,0.000000,0.000000,0.000000,0.000000,0.000000,0.000000,0.000000,0.000000,0.000000,0.000000,0.000000,0.000000
473,1694940881.241648,0,,,0.0000,0.0000,0.0000,0.0000,,,,,,,,,,,0.000000,0.000000,0.000000,0.000000,0.000000,0.000000,0.000000,0.000000,0.000000,0.000000,0.000000,0.000000,0.000000,0.000000,0.000000,0.000000,0.000000,0.000000,0.000000,0.000000,0.000000,0.000000,0.000000,0.000000,0.000000,0.000000,0.000000,0.000000,0.000000,0.000000,0.000000,0.000000,0.000000,0.000000,0.000000,0.000000,0.000000,0.000000,0.000000,0.000000,0.000000,0.000000,0.000000,0.000000,0.000000,0.000000,0.000000,0.000000,0.000000,0.000000,0.000000,0.000000,0.000000,0.000000,0.000000,0.000000,0.000000,0.000000,0.000000,0.000000,0.000000,0.000000,0.000000
474,1694940881.249982,0,,,0.0000,0.0000,0.0000,0.0000,,,,,,,,,,,0.000000,0.000000,0.000000,0.000000,0.000000,0.000000,0.000000,0.000000,0.000000,0.000000,0.000000,0.000000,0.000000,0.000000,0.000000,0.000000,0.000000,0.000000,0.000000,0.000000,0.000000,0.000000,0.000000,0.000000,0.000000,0.000000,0.000000,0.000000,0.000000,0.000000,0.000000,0.000000,0.000000,0.000000,0.000000,0.000000,0.000000,0.000000,0.000000,0.000000,0.000000,0.000000,0.000000,0.000000,0.000000,0.000000,0.000000,0.000000,0.000000,0.000000,0.000000,0.000000,0.000000,0.000000,0.000000,0.000000,0.000000,0.000000,0.000000,0.000000,0.000000,0.000000,0.000000
475,1694940881.258315,0,,,0.0000,0.0000,0.0000,0.0000,,,,,,,,,,,0.000000,0.000000,0.000000,0.000000,0.000000,0.000000,0.000000,0.000000,0.000000,0.000000,0.000000,0.000000,0.000000,0.000000,0.000000,0.000000,0.000000,0.000000,0.000000,0.000000,0.000000,0.000000,0.000000,0.000000,0.000000,0.000000,0.000000,0.000000,0.000000,0.000000,0.000000,0.000000,0.000000,0.000000,0.000000,0.000000,0.000000,0.000000,0.000000,0.000000,0.000000,0.000000,0.000000,0.000000,0.000000,0.000000,0.000000,0.000000,0.000000,0.000000,0.000000,0.000000,0.000000,0.000000,0.000000,0.000000,0.000000,0.000000,0.000000,0.000000,0.000000,0.000000,0.000000
476,1694940881.266648,0,,,0.0000,0.0000,0.0000,0.0000,,,,,,,,,,,0.000000,0.000000,0.000000,0.000000,0.000000,0.000000,0.000000,0.000000,0.000000,0.000000,0.000000,0.000000,0.000000,0.000000,0.000000,0.000000,0.000000,0.000000,0.000000,0.000000,0.000000,0.000000,0.000000,0.000000,0.000000,0.000000,0.000000,0.000000,0.000000,0.000000,0.000000,0.000000,0.000000,0.000000,0.000000,0.000000,0.000000,0.000000,0.000000,0.000000,0.000000,0.000000,0.000000,0.000000,0.000000,0.000000,0.000000,0.000000,0.000000,0.000000,0.000000,0.000000,0.000000,0.000000,0.000000,0.000000,0.000000,0.000000,0.000000,0.000000,0.000000,0.000000,0.000000
477,1694940881.274982,0,,,0.0000,0.0000,0.0000,0.0000,,,,,,,,,,,0.000000,0.000000,0.000000,0.000000,0.000000,0.000000,0.000000,0.000000,0.000000,0.000000,0.000000,0.000000,0.000000,0.000000,0.000000,0.000000,0.000000,0.000000,0.000000,0.000000,0.000000,0.000000,0.000000,0.000000,0.000000,0.000000,0.000000,0.000000,0.000000,0.000000,0.000000,0.000000,0.000000,0.000000,0.000000,0.000000,0.000000,0.000000,0.000000,0.000000,0.000000,0.000000,0.000000,0.000000,0.000000,0.000000,0.000000,0.000000,0.000000,0.000000,0.000000,0.000000,0.000000,0.000000,0.000000,0.000000,0.000000,0.000000,0.000000,0.000000,0.000000,0.000000,0.000000
478,1694940881.283315,0,,,0.0000,0.0000,0.0000,0.0000,,,,,,,,,,,0.000000,0.000000,0.000000,0.000000,0.000000,0.000000,0.000000,0.000000,0.000000,0.000000,0.000000,0.000000,0.000000,0.000000,0.000000,0.000000,0.000000,0.000000,0.000000,0.000000,0.000000,0.000000,0.000000,0.000000,0.000000,0.000000,0.000000,0.000000,0.000000,0.000000,0.000000,0.000000,0.000000,0.000000,0.000000,0.000000,0.000000,0.000000,0.000000,0.000000,0.000000,0.000000,0.000000,0.000000,0.000000,0.000000,0.000000,0.000000,0.000000,0.000000,0.000000,0.000000,0.000000,0.000000,0.000000,0.000000,0.000000,0.000000,0.000000,0.000000,0.000000,0.000000,0.000000
479,1694940881.291648,0,,,0.0000,0.0000,0.0000,0.0000,,,,,,,,,,,0.000000,0.000000,0.000000,0.000000,0.000000,0.000000,0.000000,0.000000,0.000000,0.000000,0.000000,0.000000,0.000000,0.000000,0.000000,0.000000,0.000000,0.000000,0.000000,0.000000,0.000000,0.000000,0.000000,0.000000,0.000000,0.000000,0.000000,0.000000,0.000000,0.000000,0.000000,0.000000,0.000000,0.000000,0.000000,0.000000,0.000000,0.000000,0.000000,0.000000,0.000000,0.000000,0.000000,0.000000,0.000000,0.000000,0.000000,0.000000,0.000000,0.000000,0.000000,0.000000,0.000000,0.000000,0.000000,0.000000,0.000000,0.000000,0.000000,0.000000,0.000000,0.000000,0.000000
480,1694940881.299982,0,,,0.0000,0.0000,0.0000,0.0000,,,,,,,,,,,0.000000,0.000000,0.000000,0.000000,0.000000,0.000000,0.000000,0.000000,0.000000,0.000000,0.000000,0.000000,0.000000,0.000000,0.000000,0.000000,0.000000,0.000000,0.000000,0.000000,0.000000,0.000000,0.000000,0.000000,0.000000,0.000000,0.000000,0.000000,0.000000,0.000000,0.000000,0.000000,0.000000,0.000000,0.000000,0.000000,0.000000,0.000000,0.000000,0.000000,0.000000,0.000000,0.000000,0.000000,0.000000,0.000000,0.000000,0.000000,0.000000,0.000000,0.000000,0.000000,0.000000,0.000000,0.000000,0.000000,0.000000,0.000000,0.000000,0.000000,0.000000,0.000000,0.000000
481,1694940881.308315,0,,,0.0000,0.0000,0.0000,0.0000,,,,,,,,,,,0.000000,0.000000,0.000000,0.000000,0.000000,0.000000,0.000000,0.000000,0.000000,0.000000,0.000000,0.000000,0.000000,0.000000,0.000000,0.000000,0.000000,0.000000,0.000000,0.000000,0.000000,0.000000,0.000000,0.000000,0.000000,0.000000,0.000000,0.000000,0.000000,0.000000,0.000000,0.000000,0.000000,0.000000,0.000000,0.000000,0.000000,0.000000,0.000000,0.000000,0.000000,0.000000,0.000000,0.000000,0.000000,0.000000,0.000000,0.000000,0.000000,0.000000,0.000000,0.000000,0.000000,0.000000,0.000000,0.000000,0.000000,0.000000,0.000000,0.000000,0.000000,0.000000,0.000000
482,1694940881.316648,0,,,0.0000,0.0000,0.0000,0.0000,,,,,,,,,,,0.000000,0.000000,0.000000,0.000000,0.000000,0.000000,0.000000,0.000000,0.000000,0.000000,0.000000,0.000000,0.000000,0.000000,0.000000,0.000000,0.000000,0.000000,0.000000,0.000000,0.000000,0.000000,0.000000,0.000000,0.000000,0.000000,0.000000,0.000000,0.000000,0.000000,0.000000,0.000000,0.000000,0.000000,0.000000,0.000000,0.000000,0.000000,0.000000,0.000000,0.000000,0.000000,0.000000,0.000000,0.000000,0.000000,0.000000,0.000000,0.000000,0.000000,0.000000,0.000000,0.000000,0.000000,0.000000,0.000000,0.000000,0.000000,0.000000,0.000000,0.000000,0.000000,0.000000
483,1694940881.324982,0,,,0.0000,0.0000,0.0000,0.0000,,,,,,,,,,,0.000000,0.000000,0.000000,0.000000,0.000000,0.000000,0.000000,0.000000,0.000000,0.000000,0.000000,0.000000,0.000000,0.000000,0.000000,0.000000,0.000000,0.000000,0.000000,0.000000,0.000000,0.000000,0.000000,0.000000,0.000000,0.000000,0.000000,0.000000,0.000000,0.000000,0.000000,0.000000,0.000000,0.000000,0.000000,0.000000,0.000000,0.000000,0.000000,0.000000,0.000000,0.000000,0.000000,0.000000,0.000000,0.000000,0.000000,0.000000,0.000000,0.000000,0.000000,0.000000,0.000000,0.000000,0.000000,0.000000,0.000000,0.000000,0.000000,0.000000,0.000000,0.000000,0.000000
484,1694940881.333315,0,,,0.0000,0.0000,0.0000,0.0000,,,,,,,,,,,0.000000,0.000000,0.000000,0.000000,0.000000,0.000000,0.000000,0.000000,0.000000,0.000000,0.000000,0.000000,0.000000,0.000000,0.000000,0.000000,0.000000,0.000000,0.000000,0.000000,0.000000,0.000000,0.000000,0.000000,0.000000,0.000000,0.000000,0.000000,0.000000,0.000000,0.000000,0.000000,0.000000,0.000000,0.000000,0.000000,0.000000,0.000000,0.000000,0.000000,0.000000,0.000000,0.000000,0.000000,0.000000,0.000000,0.000000,0.000000,0.000000,0.000000,0.000000,0.000000,0.000000,0.000000,0.000000,0.000000,0.000000,0.000000,0.000000,0.000000,0.000000,0.000000,0.000000
485,1694940881.341648,0,,,0.0000,0.0000,0.0000,0.0000,,,,,,,,,,,0.000000,0.000000,0.000000,0.000000,0.000000,0.000000,0.000000,0.000000,0.000000,0.000000,0.000000,0.000000,0.000000,0.000000,0.000000,0.000000,0.000000,0.000000,0.000000,0.000000,0.000000,0.000000,0.000000,0.000000,0.000000,0.000000,0.000000,0.000000,0.000000,0.000000,0.000000,0.000000,0.000000,0.000000,0.000000,0.000000,0.000000,0.000000,0.000000,0.000000,0.000000,0.000000,0.000000,0.000000,0.000000,0.000000,0.000000,0.000000,0.000000,0.000000,0.000000,0.000000,0.000000,0.000000,0.000000,0.000000,0.000000,0.000000,0.000000,0.000000,0.000000,0.000000,0.000000
486,1694940881.349982,0,,,0.0000,0.0000,0.0000,0.0000,,,,,,,,,,,0.000000,0.000000,0.000000,0.000000,0.000000,0.000000,0.000000,0.000000,0.000000,0.000000,0.000000,0.000000,0.000000,0.000000,0.000000,0.000000,0.000000,0.000000,0.000000,0.000000,0.000000,0.000000,0.000000,0.000000,0.000000,0.000000,0.000000,0.000000,0.000000,0.000000,0.000000,0.000000,0.000000,0.000000,0.000000,0.000000,0.000000,0.000000,0.000000,0.000000,0.000000,0.000000,0.000000,0.000000,0.000000,0.000000,0.000000,0.000000,0.000000,0.000000,0.000000,0.000000,0.000000,0.000000,0.000000,0.000000,0.000000,0.000000,0.000000,0.000000,0.000000,0.000000,0.000000
487,1694940881.358315,0,,,0.0000,0.0000,0.0000,0.0000,,,,,,,,,,,0.000000,0.000000,0.000000,0.000000,0.000000,0.000000,0.000000,0.000000,0.000000,0.000000,0.000000,0.000000,0.000000,0.000000,0.000000,0.000000,0.000000,0.000000,0.000000,0.000000,0.000000,0.000000,0.000000,0.000000,0.000000,0.000000,0.000000,0.000000,0.000000,0.000000,0.000000,0.000000,0.000000,0.000000,0.000000,0.000000,0.000000,0.000000,0.000000,0.000000,0.000000,0.000000,0.000000,0.000000,0.000000,0.000000,0.000000,0.000000,0.000000,0.000000,0.000000,0.000000,0.000000,0.000000,0.000000,0.000000,0.000000,0.000000,0.000000,0.000000,0.000000,0.000000,0.000000
488,1694940881.366648,0,,,0.0000,0.0000,0.0000,0.0000,,,,,,,,,,,0.000000,0.000000,0.000000,0.000000,0.000000,0.000000,0.000000,0.000000,0.000000,0.000000,0.000000,0.000000,0.000000,0.000000,0.000000,0.000000,0.000000,0.000000,0.000000,0.000000,0.000000,0.000000,0.000000,0.000000,0.000000,0.000000,0.000000,0.000000,0.000000,0.000000,0.000000,0.000000,0.000000,0.000000,0.000000,0.000000,0.000000,0.000000,0.000000,0.000000,0.000000,0.000000,0.000000,0.000000,0.000000,0.000000,0.000000,0.000000,0.000000,0.000000,0.000000,0.000000,0.000000,0.000000,0.000000,0.000000,0.000000,0.000000,0.000000,0.000000,0.000000,0.000000,0.000000
489,1694940881.374982,0,,,0.0000,0.0000,0.0000,0.0000,,,,,,,,,,,0.000000,0.000000,0.000000,0.000000,0.000000,0.000000,0.000000,0.000000,0.000000,0.000000,0.000000,0.000000,0.000000,0.000000,0.000000,0.000000,0.000000,0.000000,0.000000,0.000000,0.000000,0.000000,0.000000,0.000000,0.000000,0.000000,0.000000,0.000000,0.000000,0.000000,0.000000,0.000000,0.000000,0.000000,0.000000,0.000000,0.000000,0.000000,0.000000,0.000000,0.000000,0.000000,0.000000,0.000000,0.000000,0.000000,0.000000,0.000000,0.000000,0.000000,0.000000,0.000000,0.000000,0.000000,0.000000,0.000000,0.000000,0.000000,0.000000,0.000000,0.000000,0.000000,0.000000
490,1694940881.383315,0,,,0.0000,0.0000,0.0000,0.0000,,,,,,,,,,,0.000000,0.000000,0.000000,0.000000,0.000000,0.000000,0.000000,0.000000,0.000000,0.000000,0.000000,0.000000,0.000000,0.000000,0.000000,0.000000,0.000000,0.000000,0.000000,0.000000,0.000000,0.000000,0.000000,0.000000,0.000000,0.000000,0.000000,0.000000,0.000000,0.000000,0.000000,0.000000,0.000000,0.000000,0.000000,0.000000,0.000000,0.000000,0.000000,0.000000,0.000000,0.000000,0.000000,0.000000,0.000000,0.000000,0.000000,0.000000,0.000000,0.000000,0.000000,0.000000,0.000000,0.000000,0.000000,0.000000,0.000000,0.000000,0.000000,0.000000,0.000000,0.000000,0.000000
491,1694940881.391648,0,,,0.0000,0.0000,0.0000,0.0000,,,,,,,,,,,0.000000,0.000000,0.000000,0.000000,0.000000,0.000000,0.000000,0.000000,0.000000,0.000000,0.000000,0.000000,0.000000,0.000000,0.000000,0.000000,0.000000,0.000000,0.000000,0.000000,0.000000,0.000000,0.000000,0.000000,0.000000,0.000000,0.000000,0.000000,0.000000,0.000000,0.000000,0.000000,0.000000,0.000000,0.000000,0.000000,0.000000,0.000000,0.000000,0.000000,0.000000,0.000000,0.000000,0.000000,0.000000,0.000000,0.000000,0.000000,0.000000,0.000000,0.000000,0.000000,0.000000,0.000000,0.000000,0.000000,0.000000,0.000000,0.000000,0.000000,0.000000,0.000000,0.000000
492,1694940881.399982,0,,,0.0000,0.0000,0.0000,0.0000,,,,,,,,,,,0.000000,0.000000,0.000000,0.000000,0.000000,0.000000,0.000000,0.000000,0.000000,0.000000,0.000000,0.000000,0.000000,0.000000,0.000000,0.000000,0.000000,0.000000,0.000000,0.000000,0.000000,0.000000,0.000000,0.000000,0.000000,0.000000,0.000000,0.000000,0.000000,0.000000,0.000000,0.000000,0.000000,0.000000,0.000000,0.000000,0.000000,0.000000,0.000000,0.000000,0.000000,0.000000,0.000000,0.000000,0.000000,0.000000,0.000000,0.000000,0.000000,0.000000,0.000000,0.000000,0.000000,0.000000,0.000000,0.000000,0.000000,0.000000,0.000000,0.000000,0.000000,0.000000,0.000000
493,1694940881.408315,0,,,0.0000,0.0000,0.0000,0.0000,,,,,,,,,,,0.000000,0.000000,0.000000,0.000000,0.000000,0.000000,0.000000,0.000000,0.000000,0.000000,0.000000,0.000000,0.000000,0.000000,0.000000,0.000000,0.000000,0.000000,0.000000,0.000000,0.000000,0.000000,0.000000,0.000000,0.000000,0.000000,0.000000,0.000000,0.000000,0.000000,0.000000,0.000000,0.000000,0.000000,0.000000,0.000000,0.000000,0.000000,0.000000,0.000000,0.000000,0.000000,0.000000,0.000000,0.000000,0.000000,0.000000,0.000000,0.000000,0.000000,0.000000,0.000000,0.000000,0.000000,0.000000,0.000000,0.000000,0.000000,0.000000,0.000000,0.000000,0.000000,0.000000
494,1694940881.416648,0,,,0.0000,0.0000,0.0000,0.0000,,,,,,,,,,,0.000000,0.000000,0.000000,0.000000,0.000000,0.000000,0.000000,0.000000,0.000000,0.000000,0.000000,0.000000,0.000000,0.000000,0.000000,0.000000,0.000000,0.000000,0.000000,0.000000,0.000000,0.000000,0.000000,0.000000,0.000000,0.000000,0.000000,0.000000,0.000000,0.000000,0.000000,0.000000,0.000000,0.000000,0.000000,0.000000,0.000000,0.000000,0.000000,0.000000,0.000000,0.000000,0.000000,0.000000,0.000000,0.000000,0.000000,0.000000,0.000000,0.000000,0.000000,0.000000,0.000000,0.000000,0.000000,0.000000,0.000000,0.000000,0.000000,0.000000,0.000000,0.000000,0.000000
495,1694940881.424982,0,,,0.0000,0.0000,0.0000,0.0000,,,,,,,,,,,0.000000,0.000000,0.000000,0.000000,0.000000,0.000000,0.000000,0.000000,0.000000,0.000000,0.000000,0.000000,0.000000,0.000000,0.000000,0.000000,0.000000,0.000000,0.000000,0.000000,0.000000,0.000000,0.000000,0.000000,0.000000,0.000000,0.000000,0.000000,0.000000,0.000000,0.000000,0.000000,0.000000,0.000000,0.000000,0.000000,0.000000,0.000000,0.000000,0.000000,0.000000,0.000000,0.000000,0.000000,0.000000,0.000000,0.000000,0.000000,0.000000,0.000000,0.000000,0.000000,0.000000,0.000000,0.000000,0.000000,0.000000,0.000000,0.000000,0.000000,0.000000,0.000000,0.000000
496,1694940881.433315,0,-54.5938,-54.5938,-26.5817,0.0000,43.5376,336.1906,,6810.4151,1.6118,126.9745,56.9780,173.8806,181.6452,186.6884,189.3992,0.126982,0.573905,0.573316,0.000000,0.498769,0.646978,-0.014077,0.416745,0.645341,-0.026943,0.352519,0.587748,-0.033505,0.302060,0.541928,-0.037127,0.419666,0.491958,-0.054624,0.332740,0.424088,-0.065135,0.289079,0.385397,-0.060541,0.262892,0.349540,-0.054121,0.456108,0.400279,-0.051763,0.371884,0.279038,-0.062968,0.364857,0.310269,-0.045788,0.378780,0.340478,-0.026348,0.491897,0.342307,-0.046649,0.421120,0.238800,-0.053373,0.408965,0.284551,-0.031787,0.417496,0.320272,-0.011178,0.524814,0.308328,-0.041548,0.464012,0.233042,-0.041115,0.443963,0.265101,-0.023557,0.444618,0.299425,-0.006228
497,1694940881.441648,0,-57.3507,-57.3507,-28.3869,-1.8053,54.3734,381.6688,17.7444,7563.2952,1.8324,126.1242,50.2067,177.5728,182.9125,185.9296,186.2962,0.125890,0.570351,0.574814,0.000000,0.496084,0.648924,-0.017822,0.415183,0.643494,-0.031501,0.352197,0.584431,-0.037937,0.300774,0.542626,-0.041235,0.419351,0.493459,-0.057517,0.333208,0.424991,-0.066953,0.289914,0.387656,-0.060803,0.264367,0.352943,-0.053306,0.456217,0.402239,-0.052441,0.372426,0.279251,-0.062806,0.365421,0.310988,-0.044712,0.378194,0.341093,-0.024619,0.492455,0.343400,-0.045362,0.423543,0.237107,-0.052260,0.414061,0.285307,-0.030783,0.424305,0.322282,-0.010042,0.525349,0.308281,-0.038545,0.466921,0.230015,-0.039643,0.449605,0.260054,-0.023298,0.451810,0.291630,-0.006589
498,1694940881.449982,0,,,0.0000,0.0000,0.0000,0.0000,,,,,,,,,,,0.000000,0.000000,0.000000,0.000000,0.000000,0.000000,0.000000,0.000000,0.000000,0.000000,0.000000,0.000000,0.000000,0.000000,0.000000,0.000000,0.000000,0.000000,0.000000,0.000000,0.000000,0.000000,0.000000,0.000000,0.000000,0.000000,0.000000,0.000000,0.000000,0.000000,0.000000,0.000000,0.000000,0.000000,0.000000,0.000000,0.000000,0.000000,0.000000,0.000000,0.000000,0.000000,0.000000,0.000000,0.000000,0.000000,0.000000,0.000000,0.000000,0.000000,0.000000,0.000000,0.000000,0.000000,0.000000,0.000000,0.000000,0.000000,0.000000,0.000000,0.000000,0.000000,0.000000
499,1694940881.458315,0,-54.1661,-54.1661,-26.7595,0.0000,53.7798,435.2605,,7453.5224,2.4498,122.0880,42.7750,183.0886,189.1743,192.2802,191.9025,0.108248,0.571948,0.572719,0.000000,0.497408,0.646780,-0.016400,0.415717,0.645283,-0.029863,0.351819,0.587159,-0.036143,0.299926,0.545165,-0.039237,0.418554,0.493150,-0.058091,0.330795,0.426124,-0.067109,0.287200,0.388805,-0.060436,0.261195,0.356281,-0.052493,0.454499,0.401858,-0.053421,0.369163,0.281479,-0.063955,0.361205,0.309862,-0.046039,0.373149,0.337494,-0.026203,0.489909,0.343235,-0.046360,0.418237,0.240160,-0.052895,0.405315,0.284017,-0.031189,0.412315,0.319129,-0.010548,0.522549,0.308475,-0.039351,0.461995,0.227912,-0.039281,0.441513,0.256530,-0.021891,0.440962,0.289403,-0.004615
500,1694940881.466648,0,53.0997,53.0997,-0.6909,26.0686,53.8343,355.1127,71.8913,7359.3933,1.2266,124.7153,39.9482,185.8155,190.5300,192.4713,191.2982,0.103728,0.571859,0.575423,0.000000,0.496462,0.649674,-0.013288,0.415082,0.649232,-0.024978,0.351802,0.594243,-0.031124,0.302015,0.545226,-0.034483,0.414327,0.491456,-0.049144,0.329009,0.427496,-0.059708,0.286991,0.390835,-0.055804,0.261902,0.355677,-0.049903,0.450639,0.399158,-0.047192,0.367836,0.280151,-0.060281,0.361158,0.313215,-0.045731,0.375926,0.345448,-0.027331,0.487494,0.342771,-0.043219,0.417396,0.245144,-0.052013,0.406672,0.293981,-0.032647,0.416210,0.330637,-0.012687,0.522455,0.311805,-0.039151,0.463708,0.240656,-0.039481,0.445069,0.276757,-0.022636,0.447678,0.313533,-0.005435
501,1694940881.474982,0,52.5245,52.5245,26.7796,27.4705,53.0099,1952.1806,16.4260,6358.5656,1.1174,123.1659,34.9513,187.6671,192.9397,193.8741,191.5470,0.091686,0.571038,0.574149,0.000000,0.496238,0.649617,-0.014921,0.414977,0.648697,-0.027458,0.351105,0.592201,-0.033619,0.300116,0.547087,-0.036843,0.415951,0.492827,-0.053861,0.329646,0.426376,-0.063547,0.286902,0.390252,-0.057695,0.261158,0.357134,-0.050417,0.451602,0.400244,-0.050462,0.365882,0.281783,-0.062176,0.360235,0.316752,-0.045137,0.375027,0.349578,-0.025352,0.487630,0.342046,-0.044876,0.415782,0.242555,-0.053258,0.406753,0.290840,-0.032804,0.417177,0.327046,-0.012334,0.521837,0.308416,-0.039139,0.462002,0.234146,-0.040088,0.444224,0.266591,-0.023318,0.446639,0.300579,-0.006254
502,1694940881.483315,0,,,0.0000,0.0000,0.0000,0.0000,,,,,,,,,,,0.000000,0.000000,0.000000,0.000000,0.000000,0.000000,0.000000,0.000000,0.000000,0.000000,0.000000,0.000000,0.000000,0.000000,0.000000,0.000000,0.000000,0.000000,0.000000,0.000000,0.000000,0.000000,0.000000,0.000000,0.000000,0.000000,0.000000,0.000000,0.000000,0.000000,0.000000,0.000000,0.000000,0.000000,0.000000,0.000000,0.000000,0.000000,0.000000,0.000000,0.000000,0.000000,0.000000,0.000000,0.000000,0.000000,0.000000,0.000000,0.000000,0.000000,0.000000,0.000000,0.000000,0.000000,0.000000,0.000000,0.000000,0.000000,0.000000,0.000000,0.000000,0.000000,0.000000
503,1694940881.491648,0,-53.0202,-53.0202,1.0826,0.0000,52.7607,600.8539,,7981.8200,1.7117,120.7824,31.7429,194.7575,197.7226,196.9014,192.8788,0.088687,0.566813,0.566776,0.000000,0.494787,0.648227,-0.018089,0.414151,0.648186,-0.031267,0.351388,0.591383,-0.037233,0.300263,0.549011,-0.040228,0.414917,0.497332,-0.056870,0.328458,0.432702,-0.065766,0.284219,0.397105,-0.058790,0.257653,0.365094,-0.050820,0.449414,0.403778,-0.051857,0.363669,0.287350,-0.062818,0.360644,0.328286,-0.044590,0.377374,0.364527,-0.023961,0.484267,0.343781,-0.044940,0.413984,0.244388,-0.053519,0.408305,0.295390,-0.033628,0.421696,0.331858,-0.013572,0.516384,0.308816,-0.038118,0.457218,0.235098,-0.040777,0.441900,0.269459,-0.025831,0.445848,0.303105,-0.010054
504,1694940881.499982,0,,,0.0000,0.0000,0.0000,0.0000,,,,,,,,,,,0.000000,0.000000,0.000000,0.000000,0.000000,0.000000,0.000000,0.000000,0.000000,0.000000,0.000000,0.000000,0.000000,0.000000,0.000000,0.000000,0.000000,0.000000,0.000000,0.000000,0.000000,0.000000,0.000000,0.000000,0.000000,0.000000,0.000000,0.000000,0.000000,0.000000,0.000000,0.000000,0.000000,0.000000,0.000000,0.000000,0.000000,0.000000,0.000000,0.000000,0.000000,0.000000,0.000000,0.000000,0.000000,0.000000,0.000000,0.000000,0.000000,0.000000,0.000000,0.000000,0.000000,0.000000,0.000000,0.000000,0.000000,0.000000,0.000000,0.000000,0.000000,0.000000,0.000000
505,1694940881.508315,0,54.0574,54.0574,27.0559,0.0000,52.3346,1253.2320,,9629.8148,1.7396,120.8164,23.6375,200.7468,202.9963,200.2038,193.2234,0.076279,0.565969,0.573439,0.000000,0.491864,0.650911,-0.018190,0.412942,0.649939,-0.030954,0.351699,0.593321,-0.035780,0.301269,0.554446,-0.037448,0.415847,0.493028,-0.059431,0.328776,0.433578,-0.067626,0.283377,0.400757,-0.060266,0.256199,0.370612,-0.051870,0.450294,0.403804,-0.052662,0.366033,0.287732,-0.063181,0.360793,0.325730,-0.043077,0.375177,0.358914,-0.021048,0.485114,0.346805,-0.043766,0.416440,0.246285,-0.050802,0.406747,0.293000,-0.029053,0.415392,0.326693,-0.007886,0.517116,0.312608,-0.034926,0.458868,0.230647,-0.034593,0.442670,0.259491,-0.016981,0.444732,0.288591,0.000333
506,1694940881.516648,0,,,0.0000,0.0000,0.0000,0.0000,,,,,,,,,,,0.000000,0.000000,0.000000,0.000000,0.000000,0.000000,0.000000,0.000000,0.000000,0.000000,0.000000,0.000000,0.000000,0.000000,0.000000,0.000000,0.000000,0.000000,0.000000,0.000000,0.000000,0.000000,0.000000,0.000000,0.000000,0.000000,0.000000,0.000000,0.000000,0.000000,0.000000,0.000000,0.000000,0.000000,0.000000,0.000000,0.000000,0.000000,0.000000,0.000000,0.000000,0.000000,0.000000,0.000000,0.000000,0.000000,0.000000,0.000000,0.000000,0.000000,0.000000,0.000000,0.000000,0.000000,0.000000,0.000000,0.000000,0.000000,0.000000,0.000000,0.000000,0.000000,0.000000
507,1694940881.524982,0,-49.2779,-49.2779,-25.5944,0.0000,51.1498,925.9278,,9995.4383,0.9330,124.3580,22.7078,200.0285,201.6763,198.3329,190.2339,0.071256,0.565492,0.566608,0.000000,0.493303,0.651240,-0.018819,0.414348,0.650592,-0.031865,0.352911,0.595347,-0.037265,0.301927,0.553356,-0.039078,0.414507,0.498679,-0.056581,0.327587,0.438909,-0.064879,0.283157,0.403260,-0.056236,0.257164,0.371351,-0.046667,0.449181,0.407171,-0.050442,0.361293,0.290177,-0.063190,0.359731,0.333941,-0.042464,0.376650,0.370975,-0.018393,0.484147,0.348079,-0.042588,0.413095,0.245891,-0.052631,0.405126,0.298525,-0.030152,0.415032,0.335086,-0.006800,0.516486,0.314298,-0.034826,0.457714,0.231450,-0.036214,0.440966,0.263316,-0.018771,0.442969,0.294845,-0.000722
508,1694940881.533315,0,-43.7745,-43.7745,-24.0747,1.5197,50.0495,892.4358,60.7187,8122.3565,1.6692,126.3148,24.9602,194.7552,195.8286,192.8368,186.8446,0.078650,0.566235,0.567729,0.000000,0.493218,0.652572,-0.017655,0.413659,0.651167,-0.030183,0.352185,0.594577,-0.035496,0.301468,0.553477,-0.037248,0.413449,0.496887,-0.053061,0.328620,0.438238,-0.060407,0.284768,0.402314,-0.051642,0.259885,0.370120,-0.041978,0.447991,0.406486,-0.047294,0.362614,0.290601,-0.058860,0.361216,0.331522,-0.038223,0.377397,0.365085,-0.014473,0.482637,0.347665,-0.039916,0.413356,0.245510,-0.048929,0.404875,0.296237,-0.026739,0.413853,0.331435,-0.003877,0.514571,0.313453,-0.032611,0.456971,0.228810,-0.032994,0.440420,0.258302,-0.015451,0.442206,0.288256,0.002496
509,1694940881.541648,0,,,0.0000,0.0000,0.0000,0.0000,,,,,,,,,,,0.000000,0.000000,0.000000,0.000000,0.000000,0.000000,0.000000,0.000000,0.000000,0.000000,0.000000,0.000000,0.000000,0.000000,0.000000,0.000000,0.000000,0.000000,0.000000,0.000000,0.000000,0.000000,0.000000,0.000000,0.000000,0.000000,0.000000,0.000000,0.000000,0.000000,0.000000,0.000000,0.000000,0.000000,0.000000,0.000000,0.000000,0.000000,0.000000,0.000000,0.000000,0.000000,0.000000,0.000000,0.000000,0.000000,0.000000,0.000000,0.000000,0.000000,0.000000,0.000000,0.000000,0.000000,0.000000,0.000000,0.000000,0.000000,0.000000,0.000000,0.000000,0.000000,0.000000
510,1694940881.549982,0,41.8833,41.8833,23.7259,0.0000,47.6013,612.7417,,14098.5769,2.3663,133.8056,15.9808,193.0309,192.7341,188.1686,178.7959,0.067216,0.566105,0.569336,0.000000,0.493953,0.647430,-0.016216,0.415931,0.647084,-0.028497,0.354372,0.591777,-0.034021,0.303859,0.550417,-0.036068,0.413467,0.495785,-0.051496,0.330835,0.437376,-0.058468,0.288632,0.403049,-0.049745,0.264838,0.371823,-0.040286,0.447631,0.405282,-0.046866,0.363572,0.292067,-0.056071,0.360898,0.330267,-0.036226,0.376639,0.361172,-0.014003,0.482996,0.346735,-0.040502,0.415405,0.248545,-0.046936,0.408026,0.297092,-0.025587,0.418631,0.331070,-0.004487,0.516587,0.312580,-0.034259,0.461703,0.236395,-0.034016,0.445474,0.266485,-0.017464,0.447552,0.297528,-0.000649
511,1694940881.558315,1,-49.0005,-49.0005,-25.7645,-49.4904,46.8972,666.2751,54.6093,12880.5562,2.8738,136.3904,21.9995,189.8883,191.0865,186.9533,178.4816,0.071652,0.565458,0.567383,0.000000,0.494427,0.649126,-0.016002,0.416182,0.647370,-0.027114,0.354658,0.590748,-0.031514,0.303724,0.548040,-0.033012,0.411019,0.492755,-0.050233,0.331540,0.431406,-0.058944,0.290241,0.397432,-0.053761,0.264886,0.366375,-0.047149,0.444941,0.401156,-0.045514,0.363428,0.293615,-0.055626,0.359626,0.331483,-0.038091,0.375494,0.364268,-0.018082,0.480983,0.344765,-0.039130,0.414662,0.248395,-0.047504,0.407491,0.297667,-0.027855,0.419360,0.333647,-0.007717,0.515430,0.313159,-0.032744,0.462150,0.237434,-0.033319,0.447487,0.270722,-0.016963,0.452489,0.304382,-0.000374
512,1694940881.566648,1,-40.4979,-40.4979,2.1950,27.9595,35.1636,370.5221,66.6395,14776.1150,2.5431,139.7932,21.4777,185.4933,185.3275,181.2360,171.8301,0.060117,0.565936,0.568371,0.000000,0.494507,0.646943,-0.014348,0.416712,0.645301,-0.025497,0.355408,0.589045,-0.030508,0.305100,0.544955,-0.032491,0.414845,0.490858,-0.048499,0.333106,0.432284,-0.054916,0.292857,0.397369,-0.047217,0.269244,0.365471,-0.038977,0.448498,0.401179,-0.044929,0.367015,0.291120,-0.052428,0.363395,0.322173,-0.034067,0.377737,0.349147,-0.014222,0.484110,0.344897,-0.039458,0.417833,0.248090,-0.045031,0.412136,0.292571,-0.024513,0.423526,0.325874,-0.004927,0.518265,0.312718,-0.034033,0.465327,0.236139,-0.033744,0.451327,0.264670,-0.017343,0.455544,0.294782,-0.001176
513,1694940881.574982,1,41.5632,41.5632,21.3344,19.1394,42.2907,799.7461,50.2539,11731.5038,3.6819,138.2438,25.0080,183.0187,183.5848,180.8679,174.8404,0.081278,0.567496,0.562981,0.000000,0.495463,0.644978,-0.017225,0.416794,0.642308,-0.029056,0.356630,0.583678,-0.033892,0.306662,0.541492,-0.035577,0.418166,0.489035,-0.052131,0.335519,0.427934,-0.057874,0.294597,0.394604,-0.049482,0.270502,0.365265,-0.040943,0.452691,0.399475,-0.047106,0.370384,0.287814,-0.054395,0.362587,0.318078,-0.036087,0.372985,0.343260,-0.016667,0.487211,0.344090,-0.040236,0.418252,0.249740,-0.045869,0.407602,0.294440,-0.025825,0.415473,0.325654,-0.006917,0.519082,0.312190,-0.033639,0.464309,0.237643,-0.034275,0.447215,0.267113,-0.018740,0.448895,0.297204,-0.003295
514,1694940881.583315,1,35.1164,35.1164,-1.6917,-23.0261,41.4417,814.6680,47.4056,9443.8473,2.8776,132.3843,34.8773,176.7908,176.5431,173.5429,168.0897,0.086757,0.570383,0.572054,0.000000,0.497824,0.646617,-0.012950,0.419159,0.641285,-0.022513,0.359377,0.585567,-0.026012,0.311111,0.538861,-0.026619,0.417579,0.488424,-0.045614,0.337102,0.429536,-0.051095,0.298166,0.392177,-0.043054,0.275131,0.360723,-0.034434,0.451891,0.399522,-0.042409,0.373269,0.289072,-0.049830,0.366456,0.315230,-0.032558,0.377957,0.342034,-0.013153,0.487333,0.344691,-0.037289,0.423364,0.249545,-0.042632,0.412989,0.286754,-0.023250,0.419921,0.315557,-0.004170,0.521545,0.314737,-0.032110,0.469064,0.236487,-0.031776,0.451631,0.257366,-0.016048,0.451484,0.282195,0.000024
515,1694940881.591648,1,,,0.0000,0.0000,0.0000,0.0000,,,,,,,,,,,0.000000,0.000000,0.000000,0.000000,0.000000,0.000000,0.000000,0.000000,0.000000,0.000000,0.000000,0.000000,0.000000,0.000000,0.000000,0.000000,0.000000,0.000000,0.000000,0.000000,0.000000,0.000000,0.000000,0.000000,0.000000,0.000000,0.000000,0.000000,0.000000,0.000000,0.000000,0.000000,0.000000,0.000000,0.000000,0.000000,0.000000,0.000000,0.000000,0.000000,0.000000,0.000000,0.000000,0.000000,0.000000,0.000000,0.000000,0.000000,0.000000,0.000000,0.000000,0.000000,0.000000,0.000000,0.000000,0.000000,0.000000,0.000000,0.000000,0.000000,0.000000,0.000000,0.000000
516,1694940881.599982,1,,,0.0000,0.0000,0.0000,0.0000,,,,,,,,,,,0.000000,0.000000,0.000000,0.000000,0.000000,0.000000,0.000000,0.000000,0.000000,0.000000,0.000000,0.000000,0.000000,0.000000,0.000000,0.000000,0.000000,0.000000,0.000000,0.000000,0.000000,0.000000,0.000000,0.000000,0.000000,0.000000,0.000000,0.000000,0.000000,0.000000,0.000000,0.000000,0.000000,0.000000,0.000000,0.000000,0.000000,0.000000,0.000000,0.000000,0.000000,0.000000,0.000000,0.000000,0.000000,0.000000,0.000000,0.000000,0.000000,0.000000,0.000000,0.000000,0.000000,0.000000,0.000000,0.000000,0.000000,0.000000,0.000000,0.000000,0.000000,0.000000,0.000000
517,1694940881.608315,1,-33.7502,-33.7502,3.8126,0.0000,39.2610,1057.5667,,6106.4720,2.5882,134.5309,58.6576,156.4443,158.9410,160.4286,162.2135,0.110299,0.577058,0.568326,0.000000,0.502030,0.640751,-0.014454,0.423071,0.628142,-0.024024,0.364517,0.563602,-0.027373,0.313660,0.522831,-0.027594,0.426400,0.474221,-0.045825,0.347252,0.411083,-0.051045,0.308333,0.375807,-0.043498,0.284178,0.345639,-0.035486,0.461554,0.387936,-0.041385,0.386537,0.279085,-0.045148,0.376657,0.297122,-0.026523,0.384108,0.313810,-0.007993,0.496830,0.335093,-0.035401,0.436334,0.240049,-0.038424,0.422996,0.273745,-0.018041,0.426880,0.300456,0.000494,0.528985,0.303401,-0.029697,0.478496,0.228046,-0.028439,0.458270,0.249174,-0.012310,0.454953,0.275623,0.003346
518,1694940881.616648,1,-37.7087,-37.7087,0.6973,-3.1153,37.1830,1011.8483,21.1984,8350.0493,2.0621,136.6505,59.3766,151.3432,151.7674,152.1527,151.8343,0.106117,0.578664,0.568069,0.000000,0.503357,0.639566,-0.014382,0.425681,0.625276,-0.023821,0.368816,0.558504,-0.027305,0.319308,0.513283,-0.027917,0.428013,0.471255,-0.043511,0.351880,0.406087,-0.049972,0.313254,0.368939,-0.045157,0.288956,0.338763,-0.039234,0.463998,0.385682,-0.039449,0.391455,0.273597,-0.044073,0.378240,0.289775,-0.027617,0.382125,0.306957,-0.011015,0.500212,0.334126,-0.034043,0.441788,0.237217,-0.037069,0.425075,0.272275,-0.017632,0.426163,0.300094,-0.000174,0.533794,0.304238,-0.029059,0.484070,0.228545,-0.026497,0.463458,0.255494,-0.009497,0.460640,0.287538,0.006259
519,1694940881.624982,1,36.3017,36.3017,-1.3154,-2.0127,36.0408,1229.1736,14.1990,7392.2910,1.8639,138.2600,74.1197,142.2339,142.6668,144.6105,150.2037,0.128705,0.579716,0.568084,0.000000,0.504135,0.634926,-0.014283,0.426718,0.617816,-0.023337,0.369990,0.549499,-0.026375,0.321887,0.504723,-0.026432,0.431370,0.462981,-0.043525,0.356166,0.398605,-0.048694,0.318087,0.361580,-0.043271,0.294250,0.331556,-0.037258,0.468077,0.380507,-0.038835,0.399170,0.269956,-0.042090,0.386718,0.284799,-0.025503,0.391454,0.302377,-0.009308,0.505105,0.332253,-0.032605,0.448976,0.234021,-0.034372,0.432893,0.269265,-0.015152,0.435215,0.299432,0.001733,0.539906,0.305184,-0.026778,0.493307,0.229588,-0.023905,0.471655,0.258392,-0.007539,0.468311,0.293321,0.007644
520,1694940881.633315,1,-37.4162,-37.4162,-18.1332,-16.8178,35.3026,1382.3627,27.0490,7251.8717,2.4566,141.1088,75.9402,139.0576,140.9242,145.4045,152.3724,0.134839,0.581512,0.565587,0.000000,0.505630,0.634260,-0.017716,0.428498,0.609191,-0.026915,0.373830,0.540477,-0.029390,0.326865,0.491284,-0.029035,0.435721,0.458235,-0.045921,0.360542,0.391336,-0.052470,0.320526,0.354464,-0.047352,0.295841,0.324058,-0.041541,0.473967,0.378015,-0.040435,0.400725,0.264532,-0.048901,0.390140,0.299561,-0.032981,0.399994,0.334984,-0.015058,0.511793,0.331684,-0.033810,0.450268,0.233577,-0.040291,0.436069,0.280165,-0.021534,0.442545,0.316176,-0.003050,0.546273,0.307415,-0.027802,0.495057,0.225553,-0.027470,0.475624,0.259639,-0.011594,0.476925,0.297510,0.003979
521,1694940881.641648,1,33.6523,33.6523,16.8506,34.9838,34.9523,2190.1541,9.6807,6254.2180,1.4926,142.6381,86.9025,125.2038,128.3650,134.6083,143.0664,0.130591,0.583217,0.564388,0.000000,0.507707,0.633672,-0.017821,0.431961,0.604733,-0.026618,0.377809,0.532502,-0.028632,0.331167,0.479294,-0.027985,0.439467,0.453320,-0.043976,0.364964,0.384595,-0.050104,0.325531,0.345028,-0.045453,0.301146,0.311146,-0.040092,0.476907,0.372337,-0.037732,0.406616,0.255074,-0.045455,0.395967,0.287324,-0.030217,0.406600,0.323474,-0.012793,0.514510,0.326300,-0.030409,0.457052,0.228510,-0.035775,0.444764,0.273141,-0.018304,0.452676,0.307675,-0.000972,0.549094,0.302529,-0.023717,0.501422,0.226775,-0.022563,0.485235,0.262785,-0.007438,0.489148,0.300620,0.007473
522,1694940881.649982,1,-23.6372,-23.6372,3.5179,-13.3327,33.6599,1517.0329,41.1717,7198.8442,2.0260,142.5270,99.4910,114.2033,116.4407,123.2440,135.0580,0.142886,0.585726,0.566490,0.000000,0.509559,0.631146,-0.017285,0.434414,0.596981,-0.025131,0.381591,0.522902,-0.026374,0.336368,0.469819,-0.024898,0.443924,0.445184,-0.041767,0.371019,0.375826,-0.045991,0.332505,0.337253,-0.039213,0.309206,0.304405,-0.032321,0.482412,0.367309,-0.035432,0.414888,0.245503,-0.043144,0.404473,0.279359,-0.027618,0.414654,0.316153,-0.009270,0.521001,0.323540,-0.027908,0.466420,0.223989,-0.033616,0.454211,0.268304,-0.016372,0.461361,0.301300,0.001499,0.556153,0.301811,-0.020888,0.511987,0.219483,-0.019013,0.496134,0.254128,-0.003475,0.499925,0.290776,0.011941
523,1694940881.658315,1,-26.4278,-26.4278,-15.6824,-19.2003,31.7678,2044.0816,7.8881,7392.5795,1.9265,146.7377,104.9964,103.8842,106.8455,115.0292,128.5265,0.145596,0.588205,0.561009,0.000000,0.512342,0.625514,-0.016168,0.437440,0.590023,-0.024239,0.385168,0.514294,-0.026032,0.341867,0.459047,-0.025366,0.449045,0.439867,-0.042411,0.376443,0.367859,-0.047674,0.337498,0.327859,-0.041341,0.314308,0.294473,-0.034657,0.487778,0.361936,-0.036721,0.419994,0.236849,-0.045919,0.408701,0.267360,-0.031214,0.418121,0.301439,-0.013304,0.526209,0.317956,-0.029488,0.471438,0.215398,-0.037016,0.460265,0.262688,-0.019560,0.468963,0.299063,-0.001051,0.561384,0.296481,-0.022503,0.516683,0.214904,-0.021759,0.501813,0.251438,-0.005660,0.506986,0.288965,0.010445
524,1694940881.666648,1,25.5183,25.5183,15.7336,31.4160,29.2591,2517.9826,12.7474,7168.6034,2.3614,150.6142,121.0192,94.5474,99.3537,110.1941,126.5237,0.145836,0.590772,0.561229,-0.000000,0.512893,0.620118,-0.016410,0.438152,0.579266,-0.023841,0.386682,0.500011,-0.025433,0.342804,0.446441,-0.024622,0.452305,0.426427,-0.037217,0.381723,0.353565,-0.042547,0.342842,0.315536,-0.037878,0.319257,0.283753,-0.032586,0.492862,0.352514,-0.031680,0.426926,0.228396,-0.040387,0.414824,0.258330,-0.027223,0.423572,0.290364,-0.010859,0.532389,0.313519,-0.025075,0.479630,0.209149,-0.032987,0.466890,0.256718,-0.016671,0.474754,0.293113,0.000931,0.567661,0.296007,-0.018855,0.524778,0.209491,-0.018329,0.509443,0.245708,-0.002431,0.514760,0.283756,0.013293
525,1694940881.674982,1,-22.2106,-22.2106,-13.9657,-29.6993,26.4566,2996.9128,9.4917,6780.7930,1.7172,148.9267,147.9153,74.9525,82.5321,102.9953,131.4432,0.175001,0.595858,0.563069,-0.000000,0.517893,0.614061,-0.015449,0.443594,0.571614,-0.023007,0.391631,0.488230,-0.025053,0.347038,0.430038,-0.024650,0.457062,0.425317,-0.036240,0.387838,0.344894,-0.041211,0.351812,0.301780,-0.036166,0.329856,0.267676,-0.030503,0.497195,0.352004,-0.031055,0.432971,0.227298,-0.037958,0.421647,0.251142,-0.024745,0.430213,0.282276,-0.009084,0.537156,0.312175,-0.024791,0.488356,0.207274,-0.030903,0.476045,0.249598,-0.015261,0.482380,0.286956,0.000967,0.573264,0.293122,-0.018884,0.534819,0.209692,-0.017636,0.520049,0.243918,-0.002789,0.523665,0.283284,0.011770
526,1694940881.683315,1,-19.7752,-19.7752,0.9655,14.9312,19.5314,2232.8571,16.9441,6860.5348,2.3459,150.1535,162.7071,63.1597,76.5904,99.3463,126.9985,0.155551,0.600667,0.564506,-0.000000,0.521552,0.614368,-0.015982,0.447455,0.566255,-0.021990,0.396190,0.479240,-0.022126,0.353608,0.420595,-0.020002,0.463039,0.417944,-0.033842,0.393042,0.335188,-0.036822,0.357412,0.289863,-0.031790,0.335505,0.253496,-0.026402,0.502711,0.342288,-0.026533,0.440330,0.220699,-0.029941,0.425404,0.240428,-0.017981,0.430489,0.271960,-0.004208,0.541288,0.301025,-0.018162,0.493647,0.200157,-0.021860,0.479939,0.238300,-0.009673,0.485189,0.276725,0.003354,0.575337,0.280494,-0.010093,0.538039,0.206293,-0.008544,0.522747,0.238371,0.003206,0.524687,0.276185,0.015181
527,1694940881.691648,1,9.0079,9.0079,8.8589,7.8934,20.4228,3194.2368,45.8797,8109.8061,2.2316,146.7539,177.4423,50.1706,61.5336,89.7343,126.0377,0.184992,0.605693,0.567601,-0.000000,0.523193,0.611832,-0.013000,0.450120,0.559901,-0.017874,0.401435,0.471813,-0.017468,0.360343,0.410091,-0.014256,0.466876,0.403829,-0.029878,0.397740,0.322179,-0.030925,0.363717,0.280618,-0.023595,0.343718,0.246902,-0.016770,0.508801,0.333770,-0.024396,0.450490,0.203361,-0.028505,0.438590,0.226916,-0.014771,0.445901,0.260988,0.001440,0.549491,0.298013,-0.017630,0.506014,0.184422,-0.020872,0.491345,0.222811,-0.004860,0.494983,0.259234,0.011453,0.586366,0.286035,-0.011104,0.551721,0.201440,-0.007496,0.533152,0.232302,0.007538,0.532861,0.271225,0.022401
528,1694940881.699982,1,-35.3260,-35.3260,-15.2111,-24.0700,22.3539,3563.1673,44.9086,6607.5445,1.8715,149.4483,198.5118,31.7421,53.4330,89.6195,130.7023,0.185438,0.606016,0.560511,-0.000000,0.525587,0.605086,-0.021891,0.451654,0.547825,-0.029286,0.403868,0.454422,-0.030035,0.362033,0.395736,-0.028362,0.474673,0.395182,-0.036803,0.406133,0.311533,-0.043892,0.372653,0.265614,-0.042715,0.352880,0.226492,-0.039970,0.516347,0.326429,-0.028399,0.460392,0.199852,-0.036115,0.443403,0.225674,-0.026841,0.448243,0.263649,-0.014049,0.555710,0.293694,-0.019926,0.516681,0.179200,-0.028076,0.498753,0.219837,-0.017270,0.502333,0.260711,-0.003998,0.590490,0.282223,-0.012393,0.558429,0.202724,-0.015881,0.538439,0.233614,-0.006535,0.537474,0.270170,0.004820
529,1694940881.708315,1,34.8537,34.8537,14.2661,29.4771,25.3157,3343.9686,8.8552,7944.2557,1.6474,157.3387,208.0370,15.7695,52.2168,95.4516,138.3880,0.197217,0.610020,0.559842,-0.000000,0.526969,0.599818,-0.021028,0.454041,0.538141,-0.028840,0.407237,0.445580,-0.029901,0.365745,0.387746,-0.028798,0.479300,0.389334,-0.039074,0.411875,0.297367,-0.046453,0.379076,0.248877,-0.045899,0.358892,0.206447,-0.043834,0.522689,0.322053,-0.030765,0.467658,0.188363,-0.038269,0.449028,0.213036,-0.028977,0.451893,0.251094,-0.016604,0.562898,0.291722,-0.021974,0.522651,0.173509,-0.029624,0.504758,0.215687,-0.018592,0.508846,0.258486,-0.005440,0.597935,0.282254,-0.013915,0.563051,0.201907,-0.016747,0.541858,0.232410,-0.006864,0.539999,0.268565,0.004543
530,1694940881.716648,1,-15.7438,-15.7438,1.0079,-13.2582,24.6461,1836.4979,62.9352,8121.9200,2.9004,155.2894,219.8685,8.9621,44.0166,91.1774,136.9401,0.182730,0.613177,0.563758,-0.000000,0.527849,0.596961,-0.016960,0.457263,0.534336,-0.024334,0.411219,0.441571,-0.025876,0.372210,0.379307,-0.024761,0.483326,0.374645,-0.032451,0.416344,0.282571,-0.034440,0.386037,0.237561,-0.029052,0.369370,0.200902,-0.023442,0.529018,0.311198,-0.023749,0.479698,0.178742,-0.023072,0.462325,0.199795,-0.008647,0.462721,0.232026,0.006182,0.570788,0.284849,-0.014190,0.533558,0.169075,-0.014563,0.515621,0.201389,-0.000092,0.517221,0.238767,0.013955,0.606701,0.282129,-0.005192,0.577555,0.199707,-0.001866,0.557154,0.220465,0.010843,0.554095,0.252816,0.023722
531,1694940881.724982,1,4.9193,4.9193,-1.0221,-2.0300,23.7270,2401.0354,54.0231,5830.8518,2.4937,135.3426,228.1047,33.0625,31.8222,79.5526,130.3278,0.159916,0.615336,0.560358,-0.000000,0.529171,0.590469,-0.013582,0.459633,0.527038,-0.019600,0.415882,0.433920,-0.021138,0.379096,0.368545,-0.019926,0.486746,0.358477,-0.023165,0.425785,0.268944,-0.021646,0.397091,0.233979,-0.014460,0.383308,0.208102,-0.007965,0.533317,0.300843,-0.017215,0.491450,0.165967,-0.015485,0.476301,0.184064,-0.002207,0.478861,0.213855,0.011926,0.575842,0.279854,-0.010497,0.544381,0.161291,-0.009724,0.526319,0.190456,0.004175,0.527567,0.225381,0.017595,0.612608,0.281452,-0.004251,0.586147,0.194580,0.000340,0.566552,0.213279,0.013500,0.564799,0.244982,0.026466
532,1694940881.733315,1,-19.8317,-19.8317,3.8736,4.8957,24.2251,2092.8700,39.4215,6065.9665,2.1582,118.6921,257.0196,61.8425,48.3942,87.1138,139.9181,0.144804,0.617092,0.557163,0.000000,0.530262,0.582957,-0.011520,0.462462,0.517421,-0.016687,0.419426,0.423760,-0.017239,0.385354,0.356800,-0.014151,0.491492,0.348404,-0.022905,0.433095,0.254735,-0.016545,0.412547,0.220567,-0.003090,0.408230,0.203419,0.008311,0.539344,0.293791,-0.015874,0.504144,0.156966,-0.009834,0.493880,0.152657,0.006415,0.497582,0.167183,0.022231,0.583000,0.274384,-0.007417,0.557481,0.153047,-0.002415,0.542248,0.174997,0.014186,0.541938,0.210975,0.029256,0.620272,0.280613,0.000746,0.597641,0.195421,0.008357,0.579347,0.208126,0.022866,0.576657,0.238775,0.037199
533,1694940881.741648,1,-15.1197,-15.1197,-12.4933,-16.3669,20.4200,2176.2652,60.4993,6211.6462,2.4050,116.3981,267.5609,61.6116,54.2217,94.1736,147.4875,0.143981,0.618283,0.543861,-0.000000,0.533325,0.570639,-0.015436,0.465224,0.502809,-0.022282,0.423571,0.410543,-0.024060,0.390160,0.344981,-0.023199,0.501195,0.342144,-0.029862,0.443185,0.242538,-0.030084,0.419106,0.210304,-0.021120,0.412338,0.191767,-0.012422,0.549938,0.286929,-0.023299,0.507513,0.138167,-0.026423,0.490880,0.170533,-0.012672,0.494838,0.213623,0.004168,0.592706,0.268023,-0.015606,0.560577,0.146760,-0.019028,0.541537,0.192450,-0.005350,0.543990,0.236718,0.010081,0.629025,0.272421,-0.008037,0.600554,0.186187,-0.005934,0.580375,0.210399,0.006742,0.579507,0.242646,0.020480
534,1694940881.749982,1,14.7409,14.7409,7.6212,20.1145,13.5545,1792.4634,58.5973,6571.9322,1.5567,105.1782,267.6170,59.7330,50.6334,90.3725,144.0068,0.142252,0.621919,0.544358,-0.000000,0.536931,0.566491,-0.019517,0.468999,0.494158,-0.028273,0.426807,0.401453,-0.031583,0.392474,0.335071,-0.032116,0.505367,0.328667,-0.030323,0.448904,0.230782,-0.032608,0.423700,0.205322,-0.026802,0.415482,0.193339,-0.020259,0.554224,0.276545,-0.021624,0.512989,0.136849,-0.022935,0.491975,0.176665,-0.008970,0.492811,0.224171,0.006782,0.597477,0.263008,-0.012791,0.567309,0.139743,-0.016051,0.545453,0.183896,-0.003215,0.546174,0.228010,0.010817,0.633772,0.271066,-0.004572,0.609094,0.181943,-0.003397,0.587372,0.204829,0.007734,0.584822,0.237588,0.019875
535,1694940881.758315,0,-21.1295,-21.1295,-6.5122,-14.1334,14.4538,1233.1690,5.9292,7743.4425,1.5019,94.8218,273.1292,63.0884,55.3694,93.7666,146.7176,0.122789,0.625126,0.541172,-0.000000,0.539694,0.557399,-0.020111,0.472910,0.484816,-0.029158,0.431691,0.392286,-0.032448,0.397686,0.325767,-0.032790,0.512459,0.321501,-0.031815,0.456608,0.225955,-0.033676,0.429201,0.199837,-0.027471,0.417618,0.188111,-0.020753,0.561585,0.271152,-0.023036,0.521459,0.129384,-0.025940,0.499338,0.162369,-0.013365,0.497487,0.209003,0.001751,0.603827,0.258852,-0.013817,0.575896,0.136498,-0.017738,0.553039,0.175662,-0.005379,0.550881,0.219091,0.008566,0.638076,0.267859,-0.005233,0.613097,0.178846,-0.004855,0.590929,0.198804,0.005915,0.587066,0.229901,0.018046
536,1694940881.766648,0,15.4176,15.4176,8.8123,15.3245,16.6671,663.6576,66.3095,8471.0224,2.1994,90.5934,277.2193,63.4872,54.6156,92.6245,145.3706,0.127320,0.627720,0.537881,-0.000000,0.541205,0.553309,-0.018917,0.475771,0.478548,-0.026316,0.435582,0.383259,-0.027917,0.401930,0.315435,-0.026460,0.519038,0.315046,-0.026993,0.462223,0.219002,-0.025315,0.432960,0.195762,-0.018009,0.420868,0.185306,-0.010967,0.567982,0.264871,-0.016980,0.529351,0.122487,-0.017827,0.504955,0.151431,-0.006274,0.501276,0.196935,0.007846,0.609046,0.252873,-0.006207,0.582013,0.132132,-0.007204,0.557728,0.168416,0.003581,0.554322,0.211757,0.015805,0.642110,0.263225,0.004075,0.616549,0.180816,0.007208,0.593327,0.202379,0.017597,0.588960,0.235212,0.028904
537,1694940881.774982,0,25.4880,25.4880,10.1519,1.3396,18.4632,1367.3476,13.9246,10928.0368,2.6738,107.7616,299.5536,77.6141,77.8306,114.5735,167.0953,0.114497,0.631586,0.537893,-0.000000,0.547120,0.548854,-0.020402,0.482010,0.475767,-0.029880,0.440955,0.379165,-0.032796,0.406916,0.309246,-0.032541,0.525318,0.318882,-0.034772,0.467577,0.213440,-0.034138,0.439795,0.177151,-0.025156,0.426934,0.154933,-0.016634,0.573204,0.266392,-0.023175,0.531537,0.118097,-0.024767,0.508310,0.149941,-0.010009,0.505836,0.197926,0.007077,0.613757,0.251847,-0.010417,0.583201,0.125147,-0.011703,0.559450,0.162916,0.001853,0.557034,0.206882,0.016578,0.646327,0.259742,0.001923,0.618723,0.170688,0.005595,0.594395,0.189792,0.017191,0.589299,0.220457,0.029675
538,1694940881.783315,0,-21.8165,-21.8165,-9.1394,-19.2913,19.9739,1956.8764,3.6877,9182.0293,2.4107,126.3225,316.8997,96.1263,95.3825,129.7032,181.1100,0.125155,0.636486,0.532967,-0.000000,0.552028,0.545470,-0.021673,0.484011,0.471709,-0.030639,0.442340,0.373914,-0.032267,0.411155,0.302353,-0.030273,0.527212,0.317076,-0.036718,0.473476,0.203509,-0.035404,0.448973,0.161756,-0.024719,0.438288,0.136133,-0.014731,0.576114,0.266493,-0.022383,0.538251,0.116158,-0.022414,0.517102,0.143447,-0.004383,0.516313,0.189849,0.015224,0.617958,0.252372,-0.007062,0.587861,0.122760,-0.007257,0.564196,0.157211,0.008525,0.561636,0.200746,0.025412,0.651785,0.260477,0.007752,0.624974,0.167091,0.013506,0.600788,0.181838,0.026382,0.596113,0.211732,0.039992
539,1694940881.791648,0,-13.1717,-13.1717,1.9894,11.1288,19.6823,1476.4731,40.8514,9456.6421,1.8833,111.4583,312.8538,90.8484,93.4599,129.8495,181.7025,0.108491,0.636690,0.528950,-0.000000,0.551438,0.540789,-0.022289,0.486595,0.464922,-0.030920,0.446684,0.371374,-0.032340,0.417422,0.298034,-0.030433,0.533347,0.301787,-0.032521,0.478216,0.200907,-0.028095,0.449196,0.162488,-0.018407,0.434319,0.136077,-0.010676,0.582175,0.255061,-0.019408,0.542993,0.113331,-0.017328,0.517079,0.136379,-0.002967,0.510960,0.177871,0.012431,0.622270,0.244997,-0.005431,0.593517,0.120182,-0.003339,0.567223,0.154120,0.009449,0.561911,0.196516,0.022393,0.654119,0.256896,0.007622,0.629061,0.167438,0.012062,0.602694,0.183692,0.022308,0.594936,0.213324,0.033175
540,1694940881.799982,0,-6.2694,-6.2694,-5.4217,-7.4112,17.7543,2271.8279,1.3363,9700.9120,2.1581,114.9568,322.4032,96.1229,102.9023,140.3329,192.2788,0.125121,0.637466,0.529616,-0.000000,0.551549,0.536606,-0.018653,0.488511,0.459651,-0.026418,0.449884,0.359957,-0.027147,0.416604,0.293261,-0.024963,0.536034,0.304598,-0.034157,0.479576,0.199657,-0.029992,0.450520,0.154068,-0.018530,0.434583,0.119115,-0.008971,0.585062,0.255333,-0.021051,0.545881,0.104067,-0.020560,0.522836,0.137259,-0.002576,0.520242,0.185643,0.017221,0.625808,0.244013,-0.006229,0.597148,0.115200,-0.005061,0.572657,0.154255,0.010303,0.569522,0.198723,0.026484,0.657876,0.255107,0.008472,0.630819,0.162723,0.015479,0.605224,0.181926,0.028985,0.599795,0.213234,0.042525
541,1694940881.808315,0,-12.0216,-12.0216,-9.3774,-3.9557,16.3000,1905.0733,46.9790,11370.4912,2.7073,118.5802,328.5949,106.9455,111.7891,147.2000,198.9425,0.113272,0.640018,0.526689,-0.000000,0.555159,0.534382,-0.023670,0.491476,0.458413,-0.033850,0.451665,0.361802,-0.035756,0.419746,0.288123,-0.034395,0.538226,0.303822,-0.041374,0.483174,0.194343,-0.038392,0.454701,0.146361,-0.027995,0.438657,0.110552,-0.019581,0.587537,0.253863,-0.026418,0.545210,0.106515,-0.026736,0.519186,0.131659,-0.010528,0.513473,0.176565,0.006931,0.627559,0.240229,-0.009953,0.593264,0.111762,-0.009071,0.566299,0.145545,0.005779,0.561182,0.189168,0.020769,0.659520,0.248499,0.005797,0.628998,0.156130,0.010709,0.602274,0.173655,0.022649,0.595125,0.204319,0.034909
542,1694940881.816648,0,13.8570,13.8570,8.9184,18.2958,11.9538,1807.0236,34.5062,10391.6337,2.6041,113.6952,329.2908,108.6985,115.1154,151.3976,203.0957,0.113754,0.641060,0.527849,-0.000000,0.556522,0.535146,-0.024442,0.493128,0.457569,-0.035414,0.453539,0.358652,-0.037984,0.421147,0.286513,-0.037308,0.541709,0.300335,-0.042620,0.485666,0.190679,-0.040482,0.456525,0.140804,-0.030848,0.438987,0.105510,-0.022768,0.590825,0.250442,-0.026747,0.549333,0.102034,-0.027219,0.522615,0.129050,-0.010939,0.514890,0.174667,0.006801,0.630759,0.238141,-0.009308,0.598239,0.107084,-0.008856,0.571066,0.142878,0.006300,0.565208,0.188839,0.021905,0.662136,0.249209,0.007459,0.632803,0.155034,0.012110,0.605005,0.172492,0.024198,0.596763,0.204261,0.036898
543,1694940881.824982,0,10.9041,10.9041,6.0189,-2.8994,11.4826,1541.6278,30.5809,9449.9518,2.6704,124.2384,329.9775,113.8625,114.7282,146.6565,194.0384,0.091907,0.643622,0.528985,-0.000000,0.559710,0.535197,-0.023503,0.495440,0.456968,-0.032964,0.455203,0.359048,-0.033482,0.425378,0.287184,-0.030093,0.543441,0.302998,-0.043695,0.489980,0.187938,-0.040073,0.462581,0.143451,-0.027499,0.446521,0.116505,-0.016799,0.592120,0.253092,-0.027038,0.552545,0.099161,-0.027461,0.525363,0.120068,-0.009377,0.516863,0.165316,0.010214,0.631868,0.239941,-0.008589,0.598686,0.108569,-0.007258,0.570275,0.137817,0.009301,0.562319,0.180483,0.026266,0.663228,0.249504,0.009322,0.633548,0.150787,0.015326,0.604460,0.163580,0.028237,0.594240,0.194312,0.041701
544,1694940881.833315,0,-26.5351,-26.5351,-5.0664,-11.0854,14.9555,474.4752,44.8247,10250.0848,1.6572,124.6651,334.7415,112.6886,114.9959,148.9407,199.0866,0.099669,0.644292,0.528845,-0.000000,0.560114,0.532359,-0.025715,0.495912,0.455418,-0.037226,0.455257,0.355973,-0.039926,0.422649,0.283616,-0.039100,0.545605,0.296625,-0.046057,0.488575,0.184074,-0.043982,0.460593,0.138547,-0.033059,0.444537,0.107999,-0.023882,0.595283,0.247669,-0.029908,0.553302,0.092914,-0.033177,0.526488,0.121183,-0.017164,0.519597,0.170995,0.001207,0.634859,0.238235,-0.012043,0.603238,0.104673,-0.014097,0.575833,0.139093,0.000165,0.569578,0.185018,0.015937,0.665420,0.251200,0.005288,0.636664,0.153681,0.008119,0.608238,0.169232,0.019202,0.598986,0.200371,0.031493
545,1694940881.841648,0,4.3193,4.3193,4.0852,9.1517,15.2331,1891.7909,65.9797,10005.3747,1.5689,124.0015,337.7204,116.9570,118.7479,151.7056,200.7756,0.096844,0.644563,0.526012,-0.000000,0.559496,0.530987,-0.025402,0.496703,0.453063,-0.034437,0.456712,0.355527,-0.033665,0.425306,0.282548,-0.029013,0.545538,0.293583,-0.044009,0.490570,0.182825,-0.035985,0.462702,0.135435,-0.020501,0.447018,0.102604,-0.008647,0.594632,0.245500,-0.024499,0.553274,0.096029,-0.021745,0.525874,0.122104,-0.001287,0.518139,0.168381,0.019508,0.633865,0.235793,-0.003067,0.601353,0.105653,0.000561,0.573771,0.138065,0.017480,0.567041,0.181946,0.034142,0.664201,0.249207,0.017818,0.636979,0.150194,0.025739,0.609318,0.165187,0.038729,0.601344,0.197526,0.051584
546,1694940881.849982,0,26.3311,26.3311,3.1185,-0.9667,17.6649,705.5048,36.7597,11235.9840,1.6264,118.4622,330.2599,111.3661,107.9885,138.8908,187.3891,0.100463,0.643342,0.522327,-0.000000,0.559510,0.531265,-0.027720,0.495025,0.454444,-0.039316,0.454782,0.357955,-0.041857,0.424151,0.286815,-0.040657,0.548486,0.291505,-0.045669,0.492239,0.182947,-0.042840,0.463349,0.144561,-0.032864,0.448237,0.120789,-0.024995,0.597804,0.245495,-0.029151,0.560265,0.095595,-0.030240,0.531380,0.114025,-0.016354,0.521257,0.153851,-0.001661,0.636260,0.237861,-0.011263,0.607531,0.102138,-0.011572,0.578513,0.131755,0.001980,0.570384,0.175985,0.015464,0.665764,0.252266,0.005570,0.639502,0.152603,0.007254,0.609257,0.165016,0.016719,0.596882,0.194873,0.027085
547,1694940881.858315,0,-24.3177,-24.3177,-8.8054,-11.9240,20.5380,1399.8473,32.1355,9182.4022,1.8207,128.9329,340.9463,120.6382,118.1270,148.0267,194.7516,0.094504,0.646335,0.527259,-0.000000,0.562125,0.528518,-0.030426,0.498420,0.454960,-0.043478,0.456900,0.360246,-0.046254,0.426791,0.283802,-0.044483,0.549855,0.287967,-0.050504,0.491860,0.180463,-0.044081,0.464503,0.137643,-0.028169,0.451201,0.108842,-0.016021,0.598904,0.242539,-0.030729,0.556435,0.090873,-0.031298,0.528055,0.115107,-0.012438,0.519806,0.159168,0.007416,0.636862,0.234330,-0.009317,0.604897,0.100833,-0.009016,0.575578,0.130860,0.006968,0.567047,0.173821,0.023340,0.665688,0.247886,0.011091,0.638715,0.147754,0.014454,0.609031,0.159154,0.025182,0.597242,0.187663,0.037081
548,1694940881.866648,0,-2.0450,-2.0450,6.1225,14.9280,19.5583,1825.5919,45.5787,9917.5993,1.1816,124.1466,337.6884,114.5492,116.6584,149.3853,197.6329,0.109173,0.647217,0.526217,-0.000000,0.562006,0.531548,-0.026127,0.497242,0.453853,-0.034907,0.456089,0.356184,-0.032982,0.425826,0.282202,-0.026439,0.547951,0.288825,-0.047059,0.491127,0.179662,-0.034878,0.462872,0.130952,-0.014829,0.446259,0.098454,-0.000248,0.596502,0.242399,-0.025835,0.554428,0.096942,-0.017913,0.526638,0.116029,0.006520,0.516595,0.156528,0.028615,0.634936,0.233194,-0.002404,0.601883,0.102228,0.004787,0.572628,0.128991,0.024373,0.562752,0.171319,0.041654,0.664640,0.245892,0.020384,0.638026,0.143110,0.028900,0.608781,0.153562,0.042179,0.597510,0.183970,0.054912
549,1694940881.874982,0,7.5558,7.5558,0.8091,-5.3134,16.3496,166.8781,31.2626,7914.7356,1.1401,128.9090,337.4769,118.4769,118.5184,148.9681,194.8722,0.098970,0.647023,0.522511,-0.000000,0.560661,0.528524,-0.025480,0.496948,0.452980,-0.035748,0.456094,0.354687,-0.036257,0.425027,0.280047,-0.032593,0.546784,0.289593,-0.046257,0.491684,0.178732,-0.037004,0.464456,0.133120,-0.018757,0.450220,0.103253,-0.004997,0.596638,0.240862,-0.027301,0.554942,0.093117,-0.023099,0.527427,0.119203,-0.000411,0.519748,0.164245,0.021516,0.635891,0.229383,-0.006357,0.602892,0.097221,-0.002078,0.573804,0.128278,0.016406,0.565577,0.171179,0.033639,0.666178,0.240771,0.014026,0.637478,0.143592,0.021219,0.608142,0.157004,0.034164,0.597989,0.186394,0.046969
550,1694940881.883315,0,-20.0379,-20.0379,-11.5922,-12.4014,18.5265,1326.2929,65.9730,8987.1130,2.1937,127.2701,337.1285,114.7959,114.9744,146.0221,192.8685,0.099745,0.645962,0.523366,-0.000000,0.561901,0.528062,-0.026844,0.496850,0.452417,-0.037360,0.456440,0.358080,-0.038984,0.428004,0.283115,-0.036668,0.548513,0.285955,-0.041679,0.492383,0.177851,-0.036003,0.462194,0.133040,-0.023455,0.445438,0.100954,-0.013960,0.597549,0.241373,-0.025105,0.557495,0.088207,-0.025565,0.529116,0.112390,-0.009093,0.521297,0.156596,0.008940,0.636179,0.233755,-0.007281,0.606247,0.098374,-0.007590,0.577331,0.129987,0.006860,0.570298,0.172912,0.022241,0.666263,0.247426,0.009637,0.639592,0.143011,0.012674,0.610169,0.156673,0.023657,0.600305,0.188039,0.035639
551,1694940881.891648,0,9.1558,9.1558,8.3684,19.9606,13.8685,1422.5484,10.8083,9970.4254,2.0087,124.2199,334.0784,114.3170,113.1736,143.5535,188.7853,0.105609,0.646830,0.523421,0.000000,0.562779,0.527076,-0.029265,0.497737,0.452731,-0.041072,0.455701,0.358465,-0.042763,0.426079,0.283920,-0.040033,0.548378,0.290025,-0.048753,0.492421,0.180708,-0.041265,0.463076,0.136029,-0.025244,0.446174,0.106358,-0.013374,0.596775,0.242105,-0.029650,0.555688,0.090143,-0.028370,0.526889,0.109515,-0.009353,0.516700,0.150697,0.009889,0.634644,0.230748,-0.008878,0.601659,0.096816,-0.006901,0.572881,0.126130,0.009742,0.563982,0.169052,0.025878,0.664245,0.241665,0.010826,0.636438,0.139396,0.015196,0.607144,0.150360,0.026632,0.595376,0.179624,0.038585
552,1694940881.899982,0,-23.0516,-23.0516,-5.2517,-13.6200,13.5383,1929.1640,30.0457,9958.3523,1.2631,125.5455,337.4402,113.5862,115.6691,148.0569,195.7547,0.111034,0.645734,0.520715,-0.000000,0.562208,0.526825,-0.028101,0.496055,0.451953,-0.038772,0.454272,0.355102,-0.039568,0.425771,0.282198,-0.036481,0.547951,0.288770,-0.047466,0.490799,0.178562,-0.040976,0.461424,0.131155,-0.027257,0.443801,0.097114,-0.017457,0.596827,0.240083,-0.029423,0.553618,0.091186,-0.028525,0.525104,0.112478,-0.011095,0.515736,0.154883,0.006236,0.634973,0.228560,-0.009784,0.600885,0.094470,-0.008799,0.571817,0.125119,0.006273,0.563950,0.168552,0.020823,0.664700,0.238744,0.008886,0.635583,0.137162,0.011740,0.605902,0.151026,0.021907,0.595182,0.181783,0.032600
553,1694940881.908315,0,40.8567,40.8567,8.3252,13.5769,23.2429,239.7757,31.8601,11326.5171,2.0168,124.9120,328.7846,108.6714,110.3166,139.3007,179.8796,0.101196,0.646726,0.519363,0.000000,0.563411,0.525564,-0.034150,0.497586,0.453242,-0.048177,0.454925,0.359795,-0.052304,0.423811,0.283412,-0.052056,0.550191,0.284448,-0.047784,0.487998,0.178793,-0.044307,0.456682,0.136566,-0.033364,0.440824,0.106975,-0.024817,0.598426,0.237558,-0.028739,0.558616,0.084757,-0.030994,0.529795,0.105548,-0.017335,0.520061,0.146495,-0.001571,0.635197,0.228192,-0.009081,0.604632,0.095441,-0.010944,0.576402,0.126268,0.001066,0.568857,0.169977,0.014585,0.662856,0.239351,0.009000,0.636295,0.142097,0.008942,0.606528,0.153803,0.016773,0.594209,0.183809,0.026765
554,1694940881.916648,0,35.9935,35.9935,14.0078,5.6826,26.8818,1530.2479,18.0287,9489.3930,1.6154,129.4460,336.9649,112.9288,113.7878,144.2552,188.5795,0.108742,0.644956,0.520710,-0.000000,0.559567,0.528356,-0.028012,0.493163,0.452853,-0.039863,0.451709,0.356000,-0.042181,0.420152,0.281988,-0.040478,0.545870,0.290899,-0.048308,0.489698,0.179963,-0.044617,0.460284,0.132922,-0.032104,0.443397,0.101072,-0.022308,0.594952,0.241739,-0.031224,0.552703,0.090193,-0.033233,0.524075,0.113745,-0.016135,0.515380,0.159032,0.002246,0.633086,0.229064,-0.012682,0.599487,0.094240,-0.014087,0.569946,0.126011,0.001725,0.562055,0.170214,0.018026,0.663100,0.238319,0.004921,0.634018,0.134353,0.007176,0.604887,0.147320,0.018627,0.594385,0.177653,0.030976
555,1694940881.924982,0,-12.4323,-12.4323,-5.3970,-19.4049,25.3932,1247.6267,32.4023,10505.3563,2.0396,116.0455,315.7324,102.7674,98.5630,126.3930,167.6427,0.094977,0.644263,0.521632,-0.000000,0.559358,0.529144,-0.029818,0.493731,0.453778,-0.040816,0.451913,0.359357,-0.041279,0.421290,0.285514,-0.036815,0.545491,0.285497,-0.047706,0.487181,0.180777,-0.038440,0.456760,0.146509,-0.020646,0.440885,0.127967,-0.007348,0.594360,0.238117,-0.027059,0.551284,0.092932,-0.023658,0.521801,0.114643,-0.003430,0.511454,0.155464,0.016089,0.632162,0.227950,-0.004824,0.598547,0.094243,-0.001411,0.567865,0.120720,0.016073,0.557409,0.162244,0.032287,0.661260,0.239283,0.016314,0.633474,0.134165,0.020870,0.601861,0.142470,0.032034,0.588024,0.170272,0.043626
556,1694940881.933315,0,23.5056,23.5056,11.6393,17.0363,25.9291,1754.9074,36.6009,10470.4706,1.9551,127.9182,327.9383,109.0881,111.7780,143.5176,189.0085,0.112765,0.642382,0.516736,-0.000000,0.558931,0.530024,-0.029804,0.491565,0.457255,-0.042693,0.449213,0.359593,-0.045465,0.418562,0.282400,-0.044352,0.543359,0.291606,-0.053577,0.484706,0.180698,-0.050361,0.455204,0.132049,-0.036684,0.438066,0.098400,-0.025794,0.592839,0.240932,-0.034817,0.548797,0.088535,-0.037679,0.521025,0.118666,-0.019050,0.514135,0.168197,0.001219,0.631864,0.228772,-0.014203,0.598286,0.095666,-0.016017,0.569875,0.131610,0.000833,0.563379,0.177274,0.018434,0.662349,0.239912,0.005554,0.633252,0.138418,0.008263,0.605032,0.153405,0.020462,0.595767,0.184476,0.033713
557,1694940881.941648,0,20.9126,20.9126,-4.9860,-16.6253,18.6556,404.3125,11.5396,10571.5179,1.9268,117.9244,319.0379,99.9626,98.8942,130.5735,178.1848,0.112660,0.642570,0.522156,-0.000000,0.558067,0.530314,-0.028605,0.491264,0.455752,-0.040898,0.448866,0.359788,-0.043857,0.418304,0.285216,-0.042884,0.542601,0.287770,-0.047832,0.483337,0.182020,-0.044770,0.452650,0.143231,-0.032683,0.436036,0.118857,-0.022992,0.592185,0.237556,-0.030903,0.547817,0.086232,-0.034283,0.518948,0.113453,-0.018817,0.510997,0.161492,-0.001176,0.630998,0.225925,-0.012454,0.596201,0.093106,-0.014691,0.567220,0.127613,-0.000037,0.560630,0.172893,0.015716,0.661484,0.238178,0.005087,0.631512,0.137285,0.006961,0.602954,0.152077,0.018055,0.593664,0.182590,0.030346
558,1694940881.949982,0,-28.0773,-28.0773,-16.0177,-11.0317,24.1240,1400.1184,63.6901,11692.0954,1.6984,117.5910,317.9046,100.3397,96.9717,126.1194,170.5974,0.106285,0.641473,0.522579,-0.000000,0.557729,0.533346,-0.029522,0.490204,0.459006,-0.041963,0.446672,0.360548,-0.044064,0.414865,0.286172,-0.041623,0.543556,0.295790,-0.052996,0.482163,0.185875,-0.047987,0.452407,0.145484,-0.031511,0.436877,0.121688,-0.018135,0.592573,0.244586,-0.033525,0.548420,0.087663,-0.036283,0.520749,0.113809,-0.017248,0.512892,0.159642,0.003825,0.630674,0.231095,-0.011927,0.595276,0.097020,-0.012923,0.566688,0.131754,0.004434,0.559253,0.176670,0.022747,0.659803,0.242025,0.008942,0.628982,0.140397,0.012772,0.599972,0.153213,0.025423,0.589694,0.182376,0.039254
559,1694940881.958315,0,35.4874,35.4874,11.9799,27.9976,24.0071,828.1118,35.2827,11465.2809,1.5030,112.5193,307.2475,87.9675,86.2320,118.2113,165.2417,0.114613,0.642542,0.523807,-0.000000,0.556260,0.533835,-0.031016,0.488893,0.458614,-0.044361,0.445655,0.358680,-0.047483,0.410831,0.285978,-0.046450,0.542171,0.290134,-0.052482,0.480119,0.185519,-0.049043,0.446417,0.150093,-0.036020,0.427445,0.128147,-0.025751,0.591205,0.237811,-0.033589,0.546261,0.086764,-0.035887,0.518373,0.116966,-0.019156,0.511235,0.164208,-0.001158,0.629273,0.225153,-0.012994,0.593837,0.093207,-0.014092,0.565687,0.131271,0.001164,0.559377,0.177676,0.016701,0.658276,0.236337,0.006572,0.627486,0.138683,0.008677,0.598302,0.156048,0.019289,0.588378,0.187497,0.030910
560,1694940881.966648,0,-36.0888,-36.0888,-14.8986,-26.8785,29.2930,1290.5205,34.0103,11196.6343,2.4099,120.7670,318.7548,102.3355,99.6855,127.8703,170.5417,0.104769,0.639848,0.518894,-0.000000,0.555821,0.534846,-0.028855,0.486710,0.460800,-0.040181,0.444041,0.363068,-0.042274,0.413568,0.287133,-0.040524,0.539623,0.293334,-0.045403,0.479341,0.186466,-0.041873,0.450233,0.147835,-0.029406,0.436875,0.124226,-0.018964,0.589286,0.243026,-0.027517,0.545748,0.087862,-0.029985,0.518853,0.117229,-0.013688,0.514065,0.164589,0.005208,0.628555,0.231284,-0.008311,0.594468,0.096744,-0.010463,0.566629,0.135560,0.003964,0.562004,0.181324,0.020284,0.658873,0.243968,0.010083,0.628758,0.141972,0.012575,0.600852,0.158654,0.023767,0.593579,0.191320,0.036443
561,1694940881.974982,0,16.8604,16.8604,-1.0130,13.8856,28.4786,832.9735,28.7433,9158.1182,1.5126,116.6127,307.1335,97.8636,88.3721,113.8785,155.8082,0.098254,0.639568,0.517542,-0.000000,0.554328,0.532731,-0.027873,0.486314,0.462620,-0.039469,0.443021,0.366039,-0.040990,0.412920,0.288902,-0.037628,0.538965,0.296401,-0.052495,0.478052,0.187009,-0.045661,0.448969,0.157329,-0.025422,0.436829,0.146263,-0.008991,0.588443,0.244925,-0.033520,0.543404,0.087891,-0.036869,0.515310,0.119364,-0.016170,0.508991,0.167179,0.006794,0.627358,0.230611,-0.012135,0.591752,0.096098,-0.014350,0.563820,0.135599,0.004132,0.557651,0.181473,0.024023,0.656552,0.242258,0.008879,0.626563,0.137292,0.012556,0.598113,0.151891,0.025939,0.589167,0.182803,0.040674
562,1694940881.983315,0,-22.8129,-22.8129,1.3161,2.3291,27.9819,260.7345,11.9297,9685.9398,1.6983,116.7955,308.5182,91.9688,89.8196,120.4894,165.5985,0.116116,0.638167,0.519257,-0.000000,0.552693,0.536050,-0.027727,0.484273,0.462910,-0.038387,0.440882,0.363801,-0.039269,0.407290,0.289231,-0.035902,0.537240,0.296558,-0.047804,0.475434,0.187681,-0.041619,0.444215,0.150703,-0.024610,0.428754,0.128430,-0.011030,0.586398,0.245215,-0.029156,0.542608,0.087126,-0.032064,0.515661,0.118933,-0.012604,0.510678,0.166254,0.009259,0.625743,0.233384,-0.008554,0.592641,0.096885,-0.010615,0.566087,0.138294,0.006807,0.561433,0.184552,0.025830,0.655543,0.246553,0.011532,0.627164,0.141586,0.015283,0.599501,0.159091,0.028307,0.592461,0.190887,0.042549
563,1694940881.991648,0,-22.9468,-22.9468,-14.6086,-15.9247,27.2726,863.1081,2.2689,10223.0966,1.3686,106.5648,296.0047,85.9457,76.3336,104.6873,148.6911,0.116318,0.639578,0.518127,-0.000000,0.554663,0.536560,-0.027905,0.484426,0.466624,-0.039481,0.440398,0.368150,-0.040906,0.408791,0.293025,-0.037412,0.537039,0.299733,-0.053152,0.473785,0.185636,-0.047423,0.442945,0.160022,-0.028961,0.429370,0.154069,-0.013451,0.586076,0.245900,-0.033409,0.540830,0.089286,-0.034042,0.511896,0.118228,-0.012665,0.504805,0.165472,0.009578,0.624411,0.230234,-0.011426,0.587107,0.096074,-0.010614,0.558986,0.134508,0.008123,0.552613,0.180979,0.026864,0.653137,0.239824,0.010002,0.622656,0.136756,0.015430,0.594244,0.152530,0.028803,0.585247,0.184905,0.042830
564,1694940881.999982,0,3.6278,3.6278,9.9292,24.5377,19.4618,1363.1205,21.5466,10290.0062,2.2099,104.8495,288.6887,83.7089,65.8039,93.7148,142.3413,0.126237,0.639673,0.520385,-0.000000,0.553392,0.535710,-0.029760,0.484728,0.466102,-0.041890,0.440544,0.370126,-0.042776,0.409290,0.293795,-0.037962,0.535672,0.291447,-0.058675,0.471198,0.185046,-0.049931,0.440104,0.169833,-0.026216,0.427667,0.173056,-0.007349,0.585386,0.240991,-0.037267,0.538100,0.089632,-0.039498,0.508289,0.124773,-0.016460,0.501105,0.173775,0.007462,0.624530,0.229354,-0.013022,0.587585,0.095168,-0.013684,0.558690,0.134679,0.006238,0.551938,0.181535,0.026345,0.653704,0.244442,0.010845,0.624595,0.140773,0.015778,0.595295,0.155857,0.029472,0.586147,0.187911,0.043997
565,1694940882.008315,0,-14.8601,-14.8601,-7.9301,-17.8593,15.7679,489.8889,5.9982,9240.2278,1.3308,103.2145,291.8054,80.4228,70.0996,99.9523,145.9011,0.116259,0.637703,0.520387,-0.000000,0.551566,0.538153,-0.029732,0.482347,0.467984,-0.041151,0.437611,0.370855,-0.041254,0.405214,0.293866,-0.035683,0.534203,0.298413,-0.056086,0.469839,0.186454,-0.046838,0.438597,0.164882,-0.023598,0.425123,0.162151,-0.004964,0.583321,0.245616,-0.033677,0.537465,0.089671,-0.033408,0.508864,0.122022,-0.008985,0.502390,0.169277,0.015841,0.622602,0.231350,-0.008705,0.585873,0.096947,-0.006662,0.557621,0.136320,0.014571,0.550764,0.181897,0.035314,0.651550,0.243793,0.015730,0.622560,0.138017,0.022801,0.593185,0.153802,0.037515,0.583705,0.186244,0.052637
566,1694940882.016648,0,-10.0359,-10.0359,3.1943,11.1244,9.8300,894.4518,28.1647,9153.2084,1.7243,101.4367,287.3190,78.7738,67.7187,96.7792,143.8967,0.117896,0.637936,0.519475,-0.000000,0.551858,0.537092,-0.028759,0.481859,0.469962,-0.040083,0.437544,0.373750,-0.040012,0.405704,0.296304,-0.034340,0.533667,0.299390,-0.056036,0.468929,0.191272,-0.045793,0.436592,0.165506,-0.021433,0.422318,0.158998,-0.001941,0.582494,0.247078,-0.033467,0.535371,0.091755,-0.032106,0.508027,0.127148,-0.005613,0.503446,0.174201,0.020987,0.621156,0.232145,-0.008154,0.583136,0.099959,-0.005107,0.556344,0.142270,0.017586,0.551665,0.188335,0.039434,0.649737,0.243530,0.016740,0.618948,0.138325,0.025104,0.590303,0.155909,0.041017,0.582568,0.189127,0.056966
567,1694940882.024982,0,33.1685,33.1685,14.0288,10.8346,19.6825,364.8888,85.3422,9334.2524,1.8063,101.4969,288.5131,75.5956,67.7072,99.5955,147.6611,0.122565,0.639402,0.522357,-0.000000,0.555142,0.538181,-0.034629,0.482948,0.473343,-0.049619,0.436267,0.378213,-0.053089,0.404414,0.299708,-0.051016,0.534010,0.300161,-0.061354,0.465683,0.189185,-0.056026,0.434025,0.164913,-0.036838,0.420867,0.158952,-0.021083,0.582622,0.246031,-0.037976,0.531507,0.097850,-0.038352,0.501108,0.129666,-0.016165,0.493712,0.179088,0.005910,0.620534,0.232659,-0.012660,0.578423,0.098705,-0.012302,0.548366,0.134490,0.007259,0.540119,0.182191,0.026194,0.648457,0.245117,0.011553,0.617852,0.140893,0.014832,0.587286,0.151793,0.026952,0.575048,0.181580,0.040238
568,1694940882.033315,0,-22.8311,-22.8311,-6.6147,-20.6436,19.6581,860.7598,2.4677,12551.0062,1.5912,112.2407,290.5612,71.0713,73.6708,111.3001,162.1702,0.137921,0.636442,0.522538,-0.000000,0.550826,0.541214,-0.029187,0.480403,0.471041,-0.040672,0.435113,0.373111,-0.041132,0.401329,0.297599,-0.036962,0.532254,0.307798,-0.057021,0.466946,0.196226,-0.051892,0.432440,0.161518,-0.034109,0.414398,0.141531,-0.019607,0.580728,0.252958,-0.036306,0.532179,0.094388,-0.039400,0.503833,0.128724,-0.017578,0.498624,0.177852,0.005755,0.619045,0.236899,-0.013143,0.580374,0.101056,-0.014791,0.553130,0.142211,0.004620,0.548679,0.188347,0.024801,0.647594,0.246143,0.009594,0.616172,0.140097,0.013897,0.587377,0.155667,0.027720,0.579598,0.186819,0.042405
569,1694940882.041648,0,25.4814,25.4814,10.0854,16.7001,22.6645,641.5920,16.7079,11766.1877,1.4802,100.1049,287.1820,70.2229,68.2070,103.9132,153.8024,0.125807,0.636408,0.529417,-0.000000,0.551116,0.542855,-0.027767,0.481186,0.473710,-0.039665,0.436011,0.378630,-0.040865,0.404402,0.301807,-0.036804,0.528924,0.304821,-0.056218,0.463768,0.193081,-0.051219,0.431304,0.164127,-0.032872,0.414772,0.151602,-0.017417,0.577960,0.251164,-0.035775,0.530582,0.094388,-0.037938,0.501340,0.125294,-0.014696,0.494399,0.175244,0.009742,0.617946,0.238956,-0.012838,0.580623,0.103874,-0.012211,0.551089,0.140113,0.009397,0.543358,0.185400,0.030952,0.648165,0.253980,0.009544,0.619642,0.146529,0.016370,0.589285,0.158766,0.031998,0.579017,0.189611,0.048155
570,1694940882.049982,0,39.8739,39.8739,12.4774,2.3921,24.8965,875.1238,59.2188,13686.9246,1.6886,100.1875,285.2918,65.1224,68.7554,107.8270,159.1580,0.145671,0.633540,0.521357,-0.000000,0.549585,0.541290,-0.029487,0.479175,0.472791,-0.041685,0.434050,0.380203,-0.044059,0.400934,0.305070,-0.042127,0.528269,0.303618,-0.052506,0.462609,0.198956,-0.051570,0.426966,0.167323,-0.038698,0.408547,0.148990,-0.027214,0.577122,0.249229,-0.034023,0.530756,0.093620,-0.040174,0.501703,0.127757,-0.021700,0.496709,0.178475,-0.000044,0.616465,0.235768,-0.013959,0.580199,0.100950,-0.018515,0.552287,0.140814,-0.000828,0.548024,0.186302,0.019026,0.646985,0.247651,0.005346,0.617357,0.144022,0.007673,0.588921,0.159846,0.021252,0.581399,0.191482,0.036402
571,1694940882.058315,0,39.0143,39.0143,1.4615,-11.0160,23.4572,184.0078,15.8524,10177.4321,2.2516,92.3140,282.8357,66.0506,65.5421,103.4434,155.8841,0.118692,0.632735,0.525411,-0.000000,0.547549,0.542005,-0.027127,0.479240,0.473720,-0.038954,0.434817,0.377543,-0.040912,0.400433,0.306719,-0.038499,0.529137,0.305382,-0.053215,0.462763,0.201513,-0.051790,0.427241,0.172558,-0.037975,0.408892,0.156038,-0.025866,0.577376,0.250826,-0.035899,0.529295,0.093149,-0.041841,0.502094,0.129938,-0.023466,0.497295,0.179076,-0.002251,0.615686,0.235729,-0.016426,0.579298,0.101668,-0.020222,0.552742,0.143386,-0.003040,0.548687,0.189309,0.015794,0.645095,0.245972,0.002601,0.614204,0.143655,0.004919,0.587159,0.162718,0.017907,0.580005,0.194789,0.032410
572,1694940882.066648,0,22.6191,22.6191,11.3625,9.9011,22.9105,1521.2044,37.9797,14382.9969,1.6993,102.6628,277.2236,56.9322,63.9813,106.2491,160.0156,0.149156,0.633672,0.525642,-0.000000,0.548317,0.541373,-0.028249,0.477572,0.474313,-0.039799,0.432255,0.382631,-0.040769,0.397772,0.308418,-0.036891,0.524631,0.302131,-0.053879,0.457621,0.196799,-0.048787,0.422646,0.166061,-0.031729,0.404318,0.148949,-0.017360,0.573502,0.248239,-0.032499,0.525968,0.097686,-0.032782,0.495712,0.130801,-0.008455,0.488089,0.179884,0.016443,0.613121,0.237475,-0.009113,0.574171,0.101959,-0.008767,0.544282,0.139997,0.012925,0.536797,0.186674,0.034786,0.643308,0.251962,0.013767,0.614001,0.144625,0.019656,0.583350,0.156473,0.035017,0.573292,0.187026,0.051112
573,1694940882.074982,0,-20.4511,-20.4511,-11.4831,-22.8457,22.0053,1196.5942,8.7831,12986.8765,2.0280,101.0494,277.4575,58.0374,62.3078,103.4625,157.2714,0.148104,0.630205,0.523847,-0.000000,0.545389,0.539666,-0.024981,0.477160,0.474195,-0.035909,0.432949,0.380863,-0.036926,0.399637,0.310257,-0.033371,0.525362,0.304216,-0.052486,0.459114,0.200502,-0.048075,0.424590,0.170746,-0.031206,0.406441,0.154169,-0.016983,0.573543,0.248294,-0.034724,0.526671,0.092804,-0.037783,0.499576,0.126728,-0.016440,0.494231,0.173704,0.006658,0.612068,0.232599,-0.014378,0.575953,0.100893,-0.015388,0.549114,0.141390,0.004108,0.543989,0.186155,0.024242,0.641842,0.242304,0.005766,0.611360,0.140484,0.010692,0.583723,0.158667,0.025640,0.575792,0.189089,0.041384
574,1694940882.083315,0,14.4113,14.4113,-6.3656,5.1175,22.0308,240.2553,48.0416,12387.9688,2.2634,98.2809,276.8292,57.1031,61.2070,102.4908,156.0728,0.147116,0.630016,0.523591,-0.000000,0.545300,0.539121,-0.025049,0.475792,0.474821,-0.036194,0.431840,0.383456,-0.037213,0.398611,0.307756,-0.033373,0.522522,0.303106,-0.053145,0.457623,0.199287,-0.047729,0.423017,0.169726,-0.029594,0.404625,0.154442,-0.014462,0.571205,0.250025,-0.035247,0.524076,0.091073,-0.038416,0.497253,0.123248,-0.015520,0.492843,0.170908,0.009284,0.610915,0.236900,-0.014723,0.573748,0.103982,-0.014641,0.546788,0.141591,0.007577,0.541519,0.182972,0.029874,0.641860,0.249367,0.005438,0.611528,0.141451,0.012639,0.583679,0.155087,0.030059,0.576223,0.183478,0.047635
575,1694940882.091648,0,30.5661,30.5661,-2.1121,4.2536,20.5390,364.3642,45.1736,8042.5182,1.4753,82.0039,272.0603,57.7364,55.2725,94.7420,148.2719,0.133412,0.630683,0.523881,-0.000000,0.546373,0.541274,-0.029438,0.476207,0.477945,-0.042462,0.430697,0.386641,-0.045728,0.397822,0.312917,-0.044119,0.522760,0.307057,-0.052854,0.456386,0.201237,-0.053012,0.422829,0.176232,-0.040215,0.406252,0.166662,-0.028368,0.571005,0.251258,-0.035269,0.522803,0.092412,-0.042800,0.496313,0.125983,-0.025488,0.492792,0.177234,-0.004542,0.610760,0.237176,-0.016143,0.574798,0.102991,-0.021000,0.547369,0.140838,-0.003921,0.542404,0.184546,0.015357,0.641734,0.249675,0.002161,0.613256,0.145337,0.004188,0.584923,0.159214,0.017196,0.576556,0.188833,0.032013
576,1694940882.099982,0,-14.7135,-14.7135,-9.3331,-7.2211,20.3861,1629.8184,47.9926,11258.5148,1.7261,94.1906,276.1493,53.2273,62.6678,106.4670,160.9388,0.151010,0.629878,0.525733,-0.000000,0.544189,0.540335,-0.025176,0.474460,0.476043,-0.036305,0.428697,0.385550,-0.036999,0.393183,0.310732,-0.032767,0.519728,0.301953,-0.054197,0.454712,0.199872,-0.048128,0.420880,0.171385,-0.029608,0.402224,0.156680,-0.014259,0.568106,0.246635,-0.035390,0.520499,0.092356,-0.037089,0.494536,0.124813,-0.013578,0.489897,0.173385,0.011105,0.607797,0.232437,-0.013823,0.571085,0.103084,-0.012781,0.544539,0.139463,0.008899,0.538362,0.180835,0.030356,0.638588,0.243733,0.007519,0.608957,0.139385,0.015675,0.581733,0.153825,0.032839,0.573842,0.183642,0.049874
577,1694940882.108315,0,-4.8496,-4.8496,3.9004,13.2335,18.9489,472.9119,1.9597,12729.1293,2.0374,106.1127,276.6809,52.9920,69.1792,115.9877,172.3434,0.158343,0.629443,0.522017,-0.000000,0.545317,0.541882,-0.023066,0.473813,0.477996,-0.032517,0.427827,0.387960,-0.032158,0.393764,0.314560,-0.027023,0.518921,0.304636,-0.047928,0.454070,0.200760,-0.043417,0.418521,0.167145,-0.027118,0.399722,0.145918,-0.013035,0.567212,0.248793,-0.030267,0.520244,0.089756,-0.032955,0.495754,0.125743,-0.009398,0.493899,0.174792,0.016351,0.607017,0.234130,-0.010336,0.570956,0.100671,-0.011266,0.545151,0.139496,0.010348,0.541210,0.180500,0.033060,0.638178,0.244196,0.009583,0.607824,0.138014,0.017372,0.580912,0.154287,0.035459,0.575281,0.184097,0.053642
578,1694940882.116648,0,-22.0806,-22.0806,-9.1230,-13.0233,19.3251,2080.7911,61.2031,12026.6685,1.7972,109.6003,278.4411,48.5702,73.8097,122.7519,179.1336,0.168808,0.628816,0.520427,-0.000000,0.545317,0.542759,-0.026224,0.473553,0.479011,-0.036759,0.427727,0.388617,-0.037824,0.395068,0.314811,-0.034617,0.519486,0.309029,-0.048804,0.451711,0.200730,-0.048139,0.414749,0.163028,-0.036005,0.394111,0.139244,-0.024888,0.567168,0.251675,-0.031707,0.518257,0.090215,-0.038059,0.492981,0.125987,-0.019725,0.490874,0.178876,0.002382,0.606427,0.235037,-0.012910,0.568006,0.100718,-0.016874,0.542109,0.142704,0.000790,0.539153,0.187949,0.020812,0.636881,0.243655,0.005399,0.605708,0.139365,0.009316,0.579245,0.157028,0.023844,0.574035,0.188675,0.039629
579,1694940882.124982,0,-20.4298,-20.4298,-12.7490,-3.6260,19.3942,2113.1178,2.9416,8755.7305,1.5087,103.9090,279.8626,53.1679,81.2649,130.6897,187.7887,0.173535,0.629330,0.518759,-0.000000,0.546289,0.540707,-0.026734,0.473420,0.481845,-0.038146,0.426823,0.390495,-0.039994,0.393234,0.318604,-0.037822,0.517262,0.313282,-0.050394,0.448122,0.203574,-0.047953,0.413254,0.160457,-0.034645,0.391816,0.130168,-0.023384,0.564284,0.251080,-0.032036,0.515358,0.098286,-0.033962,0.491124,0.128968,-0.014052,0.486463,0.177811,0.007299,0.602636,0.230854,-0.011775,0.559719,0.100997,-0.011996,0.534478,0.139188,0.006734,0.529626,0.184743,0.025681,0.631956,0.236793,0.007842,0.598143,0.137875,0.013009,0.571782,0.154980,0.027395,0.564682,0.187174,0.042407
580,1694940882.133315,0,-0.7447,-0.7447,3.4922,16.2412,8.4411,1034.0405,62.4600,6355.0048,1.5366,90.9838,275.4495,52.6779,83.5992,133.8914,190.7049,0.171931,0.627611,0.517049,-0.000000,0.544136,0.544148,-0.025237,0.471068,0.481550,-0.035170,0.424210,0.385055,-0.036378,0.387686,0.315052,-0.033914,0.515092,0.315499,-0.042127,0.446822,0.205669,-0.038466,0.411038,0.162514,-0.026340,0.389867,0.130385,-0.016337,0.562186,0.253826,-0.025049,0.516625,0.096933,-0.026024,0.494248,0.125033,-0.007784,0.491463,0.170999,0.012281,0.600786,0.232684,-0.006429,0.557984,0.102239,-0.006059,0.534546,0.143893,0.011290,0.531868,0.189046,0.029130,0.631477,0.235871,0.011512,0.596638,0.135740,0.017665,0.571437,0.155236,0.032049,0.566376,0.187800,0.046619
581,1694940882.141648,0,15.4194,15.4194,5.0673,1.5751,13.8065,2950.7097,56.3829,8512.8290,1.6894,102.8457,272.9245,46.2866,79.1979,129.8700,186.0492,0.187340,0.627429,0.517383,-0.000000,0.544394,0.542298,-0.029641,0.471573,0.485304,-0.042610,0.424246,0.394831,-0.046032,0.390064,0.320891,-0.045508,0.515602,0.310497,-0.049280,0.446628,0.205957,-0.047359,0.411131,0.165262,-0.035571,0.390350,0.135312,-0.025795,0.562658,0.249427,-0.031498,0.514807,0.096165,-0.035851,0.489522,0.127863,-0.019790,0.485386,0.175385,-0.001020,0.600544,0.229803,-0.012206,0.558991,0.100588,-0.014934,0.532987,0.142446,0.000661,0.529436,0.187970,0.017692,0.630058,0.235251,0.006170,0.595804,0.136651,0.008654,0.569908,0.154869,0.021095,0.564090,0.185100,0.034852
582,1694940882.149982,0,-15.2356,-15.2356,1.7112,-3.3560,14.1728,378.7383,15.5002,7403.5471,2.0957,110.1235,277.4606,46.2289,78.2513,127.9960,183.7857,0.198011,0.627229,0.519207,-0.000000,0.543543,0.544026,-0.027226,0.469763,0.484854,-0.039387,0.421960,0.393696,-0.042895,0.385269,0.323313,-0.042906,0.512791,0.313203,-0.045698,0.446697,0.209388,-0.044871,0.412802,0.168455,-0.034428,0.393376,0.137673,-0.025376,0.559796,0.252772,-0.029426,0.512758,0.097780,-0.033614,0.488516,0.134882,-0.017475,0.485221,0.184988,0.001545,0.598325,0.232816,-0.011766,0.557276,0.102316,-0.014371,0.532400,0.146862,0.001416,0.529700,0.193330,0.018614,0.628714,0.236959,0.005076,0.594695,0.138764,0.008332,0.568892,0.157904,0.021152,0.562812,0.187901,0.034998
583,1694940882.158315,0,18.1134,18.1134,9.6358,7.9246,15.5837,3465.9023,55.5911,7606.3570,1.9981,108.9329,275.9982,44.1993,79.0476,129.7067,186.3494,0.205464,0.625007,0.519844,-0.000000,0.542956,0.544626,-0.030721,0.469582,0.488565,-0.044102,0.421811,0.395348,-0.047676,0.385461,0.323964,-0.047229,0.513554,0.313986,-0.051986,0.444447,0.207344,-0.050518,0.409807,0.166685,-0.039198,0.389169,0.135780,-0.029869,0.560514,0.251835,-0.033247,0.510771,0.098677,-0.037911,0.485156,0.130737,-0.021911,0.480714,0.178024,-0.003671,0.597813,0.231777,-0.012814,0.556630,0.105913,-0.015115,0.532269,0.148973,0.001030,0.528660,0.194424,0.017823,0.626598,0.237075,0.006559,0.592954,0.140553,0.010075,0.566376,0.159413,0.022818,0.558693,0.189458,0.036202
584,1694940882.166648,0,2.8659,2.8659,0.9026,-8.7332,12.0280,3670.1741,24.3449,7178.4177,1.7813,105.4005,267.5423,43.8664,76.5748,126.2824,182.6309,0.189406,0.623305,0.523233,-0.000000,0.541621,0.547767,-0.028060,0.468034,0.489323,-0.039741,0.420962,0.396408,-0.042210,0.384398,0.331510,-0.040976,0.510838,0.317773,-0.049242,0.440802,0.211716,-0.047486,0.407728,0.171692,-0.036192,0.387867,0.141731,-0.026894,0.557201,0.256352,-0.031941,0.508986,0.100132,-0.035771,0.484710,0.129639,-0.019922,0.479728,0.175928,-0.001885,0.595232,0.236451,-0.012851,0.554313,0.107793,-0.014343,0.529637,0.149075,0.001139,0.525353,0.195079,0.017303,0.625480,0.241801,0.005282,0.593309,0.145129,0.009163,0.566396,0.164271,0.021299,0.558079,0.195878,0.034154
585,1694940882.174982,0,-6.3497,-6.3497,-5.4423,-6.3449,12.6698,3889.4031,66.6220,5674.6378,2.6064,102.4444,264.8709,38.9785,78.1014,128.0331,181.4082,0.218469,0.621110,0.521579,-0.000000,0.538509,0.548620,-0.023973,0.464432,0.489734,-0.033304,0.417971,0.396798,-0.034639,0.380260,0.334294,-0.032874,0.506544,0.319212,-0.039715,0.438470,0.214146,-0.034927,0.405493,0.175079,-0.023458,0.385343,0.144437,-0.014775,0.552988,0.257481,-0.024278,0.503457,0.106660,-0.023024,0.479086,0.136665,-0.006630,0.474918,0.180165,0.010260,0.592025,0.236919,-0.007250,0.547968,0.107024,-0.005441,0.524185,0.151849,0.009540,0.522699,0.198920,0.024079,0.623916,0.241535,0.009009,0.589639,0.141959,0.014557,0.563364,0.164022,0.026690,0.558034,0.198055,0.038650
586,1694940882.183315,0,-10.9446,-10.9446,1.0727,6.5150,11.8478,477.9852,80.4726,6318.1359,2.1904,104.6628,262.8810,42.5611,79.7014,129.8942,184.9438,0.210501,0.620652,0.520268,-0.000000,0.538979,0.550459,-0.030396,0.464475,0.491427,-0.042413,0.416388,0.398594,-0.044883,0.378647,0.337112,-0.043681,0.506455,0.318736,-0.048423,0.435725,0.215233,-0.045792,0.402356,0.174139,-0.034985,0.381992,0.141630,-0.026442,0.552401,0.254918,-0.029628,0.501939,0.106947,-0.031427,0.473900,0.135457,-0.016068,0.466135,0.179263,0.000727,0.590123,0.234403,-0.009389,0.547709,0.111483,-0.010162,0.522200,0.154942,0.003796,0.517930,0.202352,0.018450,0.620579,0.238861,0.009698,0.587045,0.147598,0.013111,0.559850,0.168612,0.023785,0.551393,0.201456,0.035311
587,1694940882.191648,1,22.7552,22.7552,1.1605,0.0877,13.2242,519.3819,29.5346,6107.5817,2.5364,109.3673,259.5679,38.7794,78.5999,128.0722,179.1890,0.223629,0.619088,0.523974,-0.000000,0.536305,0.548856,-0.026133,0.462840,0.492893,-0.038761,0.413957,0.403324,-0.042883,0.375157,0.340908,-0.043554,0.503269,0.323921,-0.049579,0.432033,0.219228,-0.048550,0.399278,0.178609,-0.038032,0.379982,0.146725,-0.029518,0.550106,0.260826,-0.034551,0.497881,0.107243,-0.037809,0.470227,0.136556,-0.021780,0.463072,0.179781,-0.004622,0.588971,0.240115,-0.017601,0.546283,0.110088,-0.019180,0.519516,0.151634,-0.003703,0.515604,0.198619,0.011707,0.620389,0.244832,-0.001479,0.586902,0.147593,0.002088,0.558760,0.169462,0.014643,0.551076,0.205473,0.027276
588,1694940882.199982,1,-3.8926,-3.8926,-1.6896,-2.8501,11.8096,489.9009,38.0906,5681.5316,2.3032,98.4946,258.2504,34.1011,76.4517,127.9976,184.0926,0.238338,0.619119,0.525747,-0.000000,0.535931,0.552042,-0.028335,0.462266,0.498941,-0.040992,0.411709,0.411911,-0.044647,0.375409,0.345470,-0.044434,0.499235,0.323255,-0.047102,0.429447,0.221633,-0.044166,0.397034,0.181199,-0.033566,0.377416,0.148300,-0.025517,0.544876,0.258829,-0.030200,0.493455,0.114707,-0.030059,0.466455,0.141323,-0.014362,0.459467,0.182724,0.001481,0.583559,0.237619,-0.011811,0.542269,0.114496,-0.010893,0.516070,0.153033,0.003540,0.511763,0.198590,0.017402,0.614980,0.242320,0.005392,0.583063,0.150111,0.009487,0.555034,0.168032,0.020375,0.546399,0.200583,0.031576
589,1694940882.208315,1,13.6487,13.6487,4.9996,6.6892,12.9076,3832.4437,35.8401,7868.1422,2.1561,119.6790,257.5342,34.9799,71.0284,120.1791,173.6104,0.218071,0.615359,0.523907,-0.000000,0.534039,0.553956,-0.026766,0.460049,0.498697,-0.037407,0.410847,0.409110,-0.039678,0.372451,0.347484,-0.038295,0.496349,0.327361,-0.041794,0.429095,0.226397,-0.038295,0.396753,0.186821,-0.027786,0.376797,0.156931,-0.019661,0.540611,0.262878,-0.025584,0.490332,0.118336,-0.025048,0.461035,0.139371,-0.010061,0.451078,0.176288,0.005410,0.578815,0.239991,-0.008160,0.537840,0.118198,-0.006893,0.513310,0.157718,0.007360,0.509685,0.202526,0.021314,0.610533,0.242971,0.008038,0.579083,0.151460,0.012979,0.551625,0.170349,0.024079,0.543001,0.202907,0.035381
590,1694940882.216648,1,-9.9535,-9.9535,0.2478,-4.7518,13.4991,445.5318,0.4855,8734.3862,1.7531,127.7029,248.6006,24.8415,65.7666,116.1129,169.3908,0.229615,0.612308,0.526628,-0.000000,0.530413,0.554660,-0.024480,0.456594,0.501472,-0.034935,0.407748,0.413780,-0.037552,0.370172,0.351015,-0.036550,0.494895,0.330905,-0.041922,0.426022,0.230323,-0.038806,0.394279,0.191883,-0.028077,0.374746,0.164428,-0.019576,0.539801,0.266832,-0.027277,0.486348,0.120970,-0.028099,0.458121,0.141010,-0.013499,0.448850,0.179174,0.002050,0.578505,0.244775,-0.011008,0.535376,0.122179,-0.010720,0.510584,0.160098,0.003972,0.506176,0.205683,0.018617,0.610538,0.249662,0.004283,0.578580,0.156058,0.008671,0.550813,0.173827,0.020342,0.541220,0.207863,0.032334
591,1694940882.224982,1,18.4563,18.4563,-1.0747,-1.3225,12.8259,481.2782,51.5659,8139.4999,2.9874,129.1929,246.7304,24.6497,65.8878,114.7882,166.7442,0.223434,0.610926,0.525188,-0.000000,0.528755,0.556639,-0.026126,0.454393,0.503176,-0.037207,0.404299,0.418697,-0.040584,0.367289,0.353191,-0.040411,0.489212,0.333111,-0.039983,0.421743,0.237206,-0.038368,0.390670,0.197847,-0.029885,0.372141,0.166370,-0.022973,0.534968,0.268135,-0.025301,0.481287,0.124509,-0.027315,0.450513,0.142214,-0.014551,0.439206,0.178634,-0.000174,0.573964,0.246214,-0.009562,0.530125,0.122868,-0.010756,0.503927,0.159537,0.002716,0.499291,0.204728,0.016956,0.606354,0.250274,0.004980,0.573272,0.156915,0.008331,0.544783,0.174925,0.019448,0.535003,0.208646,0.031169
592,1694940882.233315,1,-16.9287,-16.9287,-3.2590,-2.1843,13.6189,3869.3780,27.7827,10241.3856,2.1708,130.6674,241.3594,16.2355,60.6715,110.1665,161.3896,0.236255,0.606673,0.525535,-0.000000,0.524530,0.558658,-0.022915,0.450597,0.505596,-0.032846,0.401543,0.419799,-0.035784,0.365440,0.354269,-0.035356,0.485258,0.334154,-0.038001,0.418550,0.237679,-0.035680,0.387930,0.201306,-0.026571,0.370232,0.173390,-0.019244,0.530757,0.270103,-0.025481,0.476017,0.127729,-0.026189,0.442515,0.143253,-0.012873,0.428588,0.176455,0.001186,0.569329,0.248437,-0.011752,0.525092,0.124832,-0.012265,0.497765,0.161926,0.001660,0.492107,0.206458,0.015679,0.601468,0.252600,0.001016,0.568173,0.158612,0.004689,0.539973,0.177596,0.016385,0.529948,0.211082,0.028193
593,1694940882.241648,1,-21.4446,-21.4446,-8.7733,-5.5143,16.2469,3692.3132,32.0496,7452.9669,2.5047,125.0895,241.6070,22.2810,69.1984,119.0793,171.3793,0.241563,0.605055,0.528155,-0.000000,0.522336,0.560349,-0.023461,0.448160,0.508727,-0.033988,0.399653,0.422409,-0.037435,0.363360,0.359024,-0.037501,0.480179,0.342227,-0.038022,0.413009,0.242957,-0.038233,0.382490,0.197280,-0.031243,0.365746,0.162632,-0.024962,0.526111,0.277111,-0.025792,0.474005,0.132172,-0.025862,0.448560,0.149530,-0.011923,0.442420,0.183606,0.002800,0.565635,0.252265,-0.012849,0.524712,0.128000,-0.012559,0.499428,0.160918,0.001642,0.495239,0.202271,0.015533,0.598906,0.252912,-0.001114,0.567720,0.161550,0.002131,0.541687,0.176837,0.013319,0.532763,0.207092,0.025009
594,1694940882.249982,1,-9.2093,-9.2093,0.1861,8.9594,13.8962,438.8788,58.5801,7448.1461,2.1904,127.9236,235.1049,17.8793,69.4147,119.0150,169.1616,0.251044,0.600395,0.530136,0.000000,0.516346,0.566424,-0.018802,0.444323,0.513729,-0.026112,0.398051,0.429621,-0.026722,0.362147,0.366204,-0.024180,0.474488,0.347283,-0.033169,0.409140,0.248808,-0.030671,0.378774,0.201793,-0.022214,0.362177,0.165972,-0.015049,0.519912,0.282162,-0.022898,0.469914,0.136911,-0.021829,0.445759,0.150577,-0.007390,0.440823,0.181628,0.007980,0.559603,0.254705,-0.011539,0.519881,0.125606,-0.009405,0.494841,0.153471,0.006349,0.490265,0.190129,0.021316,0.592685,0.252626,-0.001080,0.559373,0.157122,0.004047,0.533315,0.172147,0.017378,0.524440,0.202513,0.030710
595,1694940882.258315,1,2.4753,2.4753,-3.9952,-4.1813,14.3942,733.0853,51.6331,8022.7779,2.5339,131.3287,225.4944,11.8890,63.9603,112.9628,161.6592,0.251052,0.602763,0.537729,0.000000,0.520201,0.571374,-0.021592,0.446221,0.521600,-0.030882,0.397249,0.435864,-0.032749,0.359725,0.375590,-0.031060,0.473622,0.359383,-0.037452,0.406955,0.255244,-0.037059,0.377168,0.206266,-0.028784,0.361924,0.170598,-0.021041,0.516773,0.291838,-0.023740,0.467270,0.148196,-0.020716,0.450763,0.163157,-0.003816,0.452209,0.194745,0.012927,0.555564,0.261421,-0.009063,0.514963,0.135367,-0.005252,0.495617,0.162021,0.011785,0.494766,0.200231,0.027196,0.588969,0.256659,0.004605,0.556335,0.167599,0.010529,0.532358,0.181721,0.023636,0.524860,0.211497,0.036831
596,1694940882.266648,1,,,0.0000,0.0000,0.0000,0.0000,,,,,,,,,,,0.000000,0.000000,0.000000,0.000000,0.000000,0.000000,0.000000,0.000000,0.000000,0.000000,0.000000,0.000000,0.000000,0.000000,0.000000,0.000000,0.000000,0.000000,0.000000,0.000000,0.000000,0.000000,0.000000,0.000000,0.000000,0.000000,0.000000,0.000000,0.000000,0.000000,0.000000,0.000000,0.000000,0.000000,0.000000,0.000000,0.000000,0.000000,0.000000,0.000000,0.000000,0.000000,0.000000,0.000000,0.000000,0.000000,0.000000,0.000000,0.000000,0.000000,0.000000,0.000000,0.000000,0.000000,0.000000,0.000000,0.000000,0.000000,0.000000,0.000000,0.000000,0.000000,0.000000
597,1694940882.274982,1,,,0.0000,0.0000,0.0000,0.0000,,,,,,,,,,,0.000000,0.000000,0.000000,0.000000,0.000000,0.000000,0.000000,0.000000,0.000000,0.000000,0.000000,0.000000,0.000000,0.000000,0.000000,0.000000,0.000000,0.000000,0.000000,0.000000,0.000000,0.000000,0.000000,0.000000,0.000000,0.000000,0.000000,0.000000,0.000000,0.000000,0.000000,0.000000,0.000000,0.000000,0.000000,0.000000,0.000000,0.000000,0.000000,0.000000,0.000000,0.000000,0.000000,0.000000,0.000000,0.000000,0.000000,0.000000,0.000000,0.000000,0.000000,0.000000,0.000000,0.000000,0.000000,0.000000,0.000000,0.000000,0.000000,0.000000,0.000000,0.000000,0.000000
598,1694940882.283315,1,,,0.0000,0.0000,0.0000,0.0000,,,,,,,,,,,0.000000,0.000000,0.000000,0.000000,0.000000,0.000000,0.000000,0.000000,0.000000,0.000000,0.000000,0.000000,0.000000,0.000000,0.000000,0.000000,0.000000,0.000000,0.000000,0.000000,0.000000,0.000000,0.000000,0.000000,0.000000,0.000000,0.000000,0.000000,0.000000,0.000000,0.000000,0.000000,0.000000,0.000000,0.000000,0.000000,0.000000,0.000000,0.000000,0.000000,0.000000,0.000000,0.000000,0.000000,0.000000,0.000000,0.000000,0.000000,0.000000,0.000000,0.000000,0.000000,0.000000,0.000000,0.000000,0.000000,0.000000,0.000000,0.000000,0.000000,0.000000,0.000000,0.000000
599,1694940882.291648,1,,,0.0000,0.0000,0.0000,0.0000,,,,,,,,,,,0.000000,0.000000,0.000000,0.000000,0.000000,0.000000,0.000000,0.000000,0.000000,0.000000,0.000000,0.000000,0.000000,0.000000,0.000000,0.000000,0.000000,0.000000,0.000000,0.000000,0.000000,0.000000,0.000000,0.000000,0.000000,0.000000,0.000000,0.000000,0.000000,0.000000,0.000000,0.000000,0.000000,0.000000,0.000000,0.000000,0.000000,0.000000,0.000000,0.000000,0.000000,0.000000,0.000000,0.000000,0.000000,0.000000,0.000000,0.000000,0.000000,0.000000,0.000000,0.000000,0.000000,0.000000,0.000000,0.000000,0.000000,0.000000,0.000000,0.000000,0.000000,0.000000,0.000000
600,1694940882.299982,1,,,0.0000,0.0000,0.0000,0.0000,,,,,,,,,,,0.000000,0.000000,0.000000,0.000000,0.000000,0.000000,0.000000,0.000000,0.000000,0.000000,0.000000,0.000000,0.000000,0.000000,0.000000,0.000000,0.000000,0.000000,0.000000,0.000000,0.000000,0.000000,0.000000,0.000000,0.000000,0.000000,0.000000,0.000000,0.000000,0.000000,0.000000,0.000000,0.000000,0.000000,0.000000,0.000000,0.000000,0.000000,0.000000,0.000000,0.000000,0.000000,0.000000,0.000000,0.000000,0.000000,0.000000,0.000000,0.000000,0.000000,0.000000,0.000000,0.000000,0.000000,0.000000,0.000000,0.000000,0.000000,0.000000,0.000000,0.000000,0.000000,0.000000
601,1694940882.308315,1,,,0.0000,0.0000,0.0000,0.0000,,,,,,,,,,,0.000000,0.000000,0.000000,0.000000,0.000000,0.000000,0.000000,0.000000,0.000000,0.000000,0.000000,0.000000,0.000000,0.000000,0.000000,0.000000,0.000000,0.000000,0.000000,0.000000,0.000000,0.000000,0.000000,0.000000,0.000000,0.000000,0.000000,0.000000,0.000000,0.000000,0.000000,0.000000,0.000000,0.000000,0.000000,0.000000,0.000000,0.000000,0.000000,0.000000,0.000000,0.000000,0.000000,0.000000,0.000000,0.000000,0.000000,0.000000,0.000000,0.000000,0.000000,0.000000,0.000000,0.000000,0.000000,0.000000,0.000000,0.000000,0.000000,0.000000,0.000000,0.000000,0.000000
602,1694940882.316648,1,-40.7692,-40.7692,-5.9601,0.0000,14.3148,1619.7096,,4253.5846,2.4654,145.0671,117.8226,97.4211,115.2345,135.0419,156.6872,0.188216,0.583935,0.545789,-0.000000,0.510167,0.615384,-0.018637,0.432679,0.590461,-0.028392,0.379002,0.525788,-0.032204,0.334869,0.472182,-0.033915,0.441697,0.433525,-0.042959,0.369241,0.359109,-0.053481,0.330765,0.313664,-0.052944,0.307967,0.271547,-0.050029,0.478875,0.353113,-0.037950,0.410288,0.237672,-0.051067,0.405503,0.283916,-0.038484,0.423750,0.326159,-0.021704,0.514766,0.308003,-0.032455,0.452875,0.210828,-0.044794,0.447810,0.264141,-0.029626,0.464149,0.299365,-0.012135,0.546980,0.284822,-0.027394,0.495362,0.205242,-0.031009,0.484906,0.246179,-0.017110,0.496851,0.284160,-0.002413
603,1694940882.324982,1,-37.9147,-37.9147,-4.1175,1.8426,16.5320,1830.5396,16.1750,4650.5885,2.1859,140.1713,106.1380,112.9818,125.9482,142.9425,162.8276,0.182398,0.580855,0.552878,-0.000000,0.507823,0.624768,-0.019082,0.430428,0.603480,-0.028742,0.374915,0.540189,-0.032310,0.329134,0.493747,-0.033442,0.437143,0.440441,-0.041225,0.362385,0.371614,-0.048899,0.324617,0.329758,-0.046779,0.301503,0.290603,-0.043114,0.473368,0.360064,-0.034584,0.403943,0.251468,-0.043208,0.394259,0.285374,-0.030335,0.405940,0.318334,-0.014958,0.508839,0.314699,-0.027341,0.448029,0.220410,-0.035589,0.437089,0.267321,-0.020248,0.447592,0.302237,-0.003758,0.540760,0.290244,-0.020740,0.489028,0.215044,-0.022669,0.472905,0.250213,-0.009361,0.478441,0.285008,0.004605
604,1694940882.333315,1,35.8283,35.8283,11.2594,15.3769,28.2221,2424.4770,8.5273,5273.4721,2.9594,136.0818,87.9015,126.8523,134.9481,145.2668,157.9930,0.164623,0.578944,0.558358,0.000000,0.506205,0.628681,-0.017671,0.429990,0.613454,-0.027703,0.373269,0.554974,-0.031795,0.326697,0.507814,-0.032828,0.432246,0.454370,-0.041046,0.358315,0.386388,-0.048158,0.320161,0.345459,-0.044704,0.297191,0.308397,-0.039748,0.467083,0.371849,-0.034623,0.397100,0.265837,-0.042208,0.384384,0.287597,-0.028237,0.392587,0.308850,-0.012118,0.501818,0.323066,-0.027385,0.441014,0.230578,-0.033385,0.426696,0.273171,-0.015490,0.433429,0.305920,0.002632,0.533977,0.296428,-0.020879,0.483281,0.223536,-0.020888,0.463574,0.253318,-0.005985,0.464486,0.286111,0.009424
605,1694940882.341648,1,38.9254,38.9254,9.1125,-2.1469,34.3634,2045.4846,17.0421,4926.0468,2.0023,135.8927,77.4139,136.7296,145.0531,154.0113,164.5547,0.148821,0.577837,0.559847,0.000000,0.506391,0.631812,-0.018808,0.429824,0.624260,-0.029890,0.371718,0.571236,-0.034760,0.324789,0.524546,-0.036592,0.430216,0.460962,-0.043011,0.353120,0.397167,-0.050700,0.314738,0.358077,-0.047815,0.291534,0.321296,-0.043190,0.464477,0.377749,-0.036529,0.390196,0.274311,-0.045457,0.378061,0.303512,-0.032037,0.387523,0.331223,-0.016040,0.498014,0.330500,-0.029321,0.432981,0.241048,-0.036531,0.417589,0.285244,-0.019761,0.423429,0.318667,-0.002325,0.528497,0.305804,-0.022784,0.473752,0.233556,-0.023285,0.453613,0.264549,-0.008861,0.453960,0.298413,0.005973
606,1694940882.349982,1,30.6869,30.6869,17.8640,8.7515,36.5978,3736.1015,38.5505,4553.0868,1.6277,137.6813,54.3759,153.2885,157.7665,160.1268,161.4511,0.104901,0.577815,0.562337,0.000000,0.506681,0.636934,-0.015028,0.429095,0.632172,-0.024090,0.369511,0.578000,-0.027612,0.321027,0.537555,-0.028061,0.424321,0.470562,-0.035924,0.347437,0.409230,-0.041303,0.309548,0.370007,-0.036939,0.286909,0.335406,-0.031088,0.456413,0.385699,-0.030253,0.386606,0.286013,-0.034555,0.371977,0.300946,-0.020815,0.376784,0.319546,-0.005470,0.489097,0.337043,-0.023830,0.430566,0.250424,-0.028257,0.411894,0.280487,-0.013479,0.411815,0.307223,0.001699,0.519491,0.311646,-0.017550,0.471103,0.250054,-0.017168,0.449257,0.272090,-0.004067,0.443755,0.299102,0.009631
607,1694940882.358315,1,,,0.0000,0.0000,0.0000,0.0000,,,,,,,,,,,0.000000,0.000000,0.000000,0.000000,0.000000,0.000000,0.000000,0.000000,0.000000,0.000000,0.000000,0.000000,0.000000,0.000000,0.000000,0.000000,0.000000,0.000000,0.000000,0.000000,0.000000,0.000000,0.000000,0.000000,0.000000,0.000000,0.000000,0.000000,0.000000,0.000000,0.000000,0.000000,0.000000,0.000000,0.000000,0.000000,0.000000,0.000000,0.000000,0.000000,0.000000,0.000000,0.000000,0.000000,0.000000,0.000000,0.000000,0.000000,0.000000,0.000000,0.000000,0.000000,0.000000,0.000000,0.000000,0.000000,0.000000,0.000000,0.000000,0.000000,0.000000,0.000000,0.000000
608,1694940882.366648,1,41.5373,41.5373,19.8630,0.0000,30.0814,3168.5360,,11897.0138,2.4667,146.6289,12.3232,190.0569,189.5956,185.4047,176.3576,0.063612,0.570676,0.560460,0.000000,0.504725,0.642227,-0.019020,0.427089,0.647943,-0.030809,0.367168,0.602761,-0.035826,0.317535,0.563411,-0.037534,0.422691,0.491948,-0.046090,0.339856,0.439645,-0.052722,0.298656,0.406169,-0.047706,0.274162,0.378148,-0.041235,0.452764,0.403469,-0.039424,0.375399,0.301342,-0.045552,0.358875,0.312410,-0.031624,0.360678,0.325790,-0.015887,0.484165,0.350840,-0.031626,0.420759,0.263797,-0.037168,0.403216,0.295391,-0.021004,0.402579,0.320899,-0.004698,0.513603,0.322346,-0.024236,0.462233,0.253865,-0.025456,0.440655,0.277442,-0.011600,0.435072,0.306121,0.002989
609,1694940882.374982,1,,,0.0000,0.0000,0.0000,0.0000,12.9653,9728.2139,2.1992,126.3140,9.9673,205.6641,204.5178,198.3020,185.7808,0.036192,0.570368,0.558360,0.000000,0.504972,0.644016,-0.016795,0.427136,0.653556,-0.028365,0.366366,0.611894,-0.033329,0.317303,0.574388,-0.035271,0.422569,0.505230,-0.048201,0.339768,0.454040,-0.057153,0.295540,0.424331,-0.052678,0.268834,0.396140,-0.046352,0.450503,0.414402,-0.043086,0.367960,0.307126,-0.054763,0.363227,0.345888,-0.039528,0.379121,0.381045,-0.020273,0.480195,0.358250,-0.036382,0.409804,0.270560,-0.046740,0.402719,0.318647,-0.029233,0.414465,0.350727,-0.009851,0.508272,0.327350,-0.029501,0.450063,0.258127,-0.031407,0.437143,0.292008,-0.015430,0.443736,0.323491,0.001186
610,1694940882.383315,0,,,0.0000,0.0000,0.0000,0.0000,21.3427,8592.9020,2.6821,126.6620,10.1536,212.9824,211.8732,204.8095,191.8860,0.056242,0.569641,0.563993,0.000000,0.503613,0.647932,-0.018701,0.427029,0.660118,-0.031814,0.365316,0.618530,-0.037475,0.314733,0.580861,-0.039686,0.421059,0.512250,-0.052997,0.335539,0.463359,-0.061785,0.292063,0.429601,-0.056359,0.266127,0.401159,-0.048764,0.449375,0.420322,-0.046378,0.365534,0.314087,-0.053114,0.342248,0.306763,-0.036599,0.336446,0.304186,-0.018937,0.479830,0.362657,-0.038268,0.410728,0.267091,-0.043459,0.383265,0.272474,-0.024048,0.371818,0.277467,-0.005452,0.508905,0.330708,-0.030569,0.452187,0.255617,-0.030454,0.424423,0.261775,-0.013591,0.411322,0.275631,0.003402
611,1694940882.391648,0,,,0.0000,0.0000,0.0000,0.0000,,,,,,,,,,,0.000000,0.000000,0.000000,0.000000,0.000000,0.000000,0.000000,0.000000,0.000000,0.000000,0.000000,0.000000,0.000000,0.000000,0.000000,0.000000,0.000000,0.000000,0.000000,0.000000,0.000000,0.000000,0.000000,0.000000,0.000000,0.000000,0.000000,0.000000,0.000000,0.000000,0.000000,0.000000,0.000000,0.000000,0.000000,0.000000,0.000000,0.000000,0.000000,0.000000,0.000000,0.000000,0.000000,0.000000,0.000000,0.000000,0.000000,0.000000,0.000000,0.000000,0.000000,0.000000,0.000000,0.000000,0.000000,0.000000,0.000000,0.000000,0.000000,0.000000,0.000000,0.000000,0.000000
612,1694940882.399982,0,,,0.0000,0.0000,0.0000,0.0000,,,,,,,,,,,0.000000,0.000000,0.000000,0.000000,0.000000,0.000000,0.000000,0.000000,0.000000,0.000000,0.000000,0.000000,0.000000,0.000000,0.000000,0.000000,0.000000,0.000000,0.000000,0.000000,0.000000,0.000000,0.000000,0.000000,0.000000,0.000000,0.000000,0.000000,0.000000,0.000000,0.000000,0.000000,0.000000,0.000000,0.000000,0.000000,0.000000,0.000000,0.000000,0.000000,0.000000,0.000000,0.000000,0.000000,0.000000,0.000000,0.000000,0.000000,0.000000,0.000000,0.000000,0.000000,0.000000,0.000000,0.000000,0.000000,0.000000,0.000000,0.000000,0.000000,0.000000,0.000000,0.000000
613,1694940882.408315,0,,,0.0000,0.0000,0.0000,0.0000,,,,,,,,,,,0.000000,0.000000,0.000000,0.000000,0.000000,0.000000,0.000000,0.000000,0.000000,0.000000,0.000000,0.000000,0.000000,0.000000,0.000000,0.000000,0.000000,0.000000,0.000000,0.000000,0.000000,0.000000,0.000000,0.000000,0.000000,0.000000,0.000000,0.000000,0.000000,0.000000,0.000000,0.000000,0.000000,0.000000,0.000000,0.000000,0.000000,0.000000,0.000000,0.000000,0.000000,0.000000,0.000000,0.000000,0.000000,0.000000,0.000000,0.000000,0.000000,0.000000,0.000000,0.000000,0.000000,0.000000,0.000000,0.000000,0.000000,0.000000,0.000000,0.000000,0.000000,0.000000,0.000000
614,1694940882.416648,0,,,0.0000,0.0000,0.0000,0.0000,,4013.8950,1.6086,106.1705,32.4841,243.1290,239.5802,228.7533,213.2359,0.008649,0.569700,0.582717,0.000000,0.503133,0.662689,-0.013000,0.426276,0.671225,-0.025024,0.363013,0.635156,-0.030490,0.311683,0.608292,-0.033214,0.419905,0.536934,-0.058410,0.331102,0.492565,-0.070161,0.285253,0.465830,-0.064365,0.257196,0.440132,-0.056282,0.448850,0.444136,-0.055193,0.356948,0.339725,-0.070146,0.352897,0.380626,-0.051138,0.368525,0.417049,-0.028562,0.480291,0.381419,-0.049294,0.406086,0.290374,-0.058214,0.397336,0.341826,-0.034556,0.408352,0.378075,-0.010868,0.511078,0.343828,-0.043115,0.447129,0.274535,-0.041732,0.429358,0.311432,-0.021733,0.432649,0.346684,-0.002112
615,1694940882.424982,0,,,0.0000,0.0000,0.0000,0.0000,61.7842,5058.2754,2.0038,103.8519,34.7166,247.4145,242.3848,230.0281,212.5518,0.007193,0.574159,0.585010,0.000000,0.504979,0.662052,-0.009884,0.427138,0.674397,-0.020499,0.362647,0.644144,-0.025083,0.311789,0.609131,-0.026395,0.419425,0.541061,-0.053528,0.329517,0.498486,-0.062757,0.285085,0.473800,-0.054541,0.259087,0.446841,-0.045088,0.448692,0.447355,-0.051302,0.355344,0.340976,-0.067756,0.351871,0.377569,-0.049751,0.369624,0.409843,-0.026838,0.480154,0.384842,-0.045981,0.403500,0.294419,-0.055467,0.394389,0.341712,-0.032049,0.405709,0.376219,-0.007680,0.512057,0.348879,-0.040014,0.448774,0.279154,-0.037634,0.430846,0.311112,-0.017365,0.435336,0.343618,0.002860
616,1694940882.433315,0,,,0.0000,0.0000,0.0000,0.0000,57.3025,4535.2085,1.2992,105.2978,45.0321,250.8597,246.7235,235.0102,218.0836,0.003626,0.570980,0.584517,0.000000,0.502586,0.663083,-0.010700,0.425410,0.676003,-0.022798,0.363135,0.647320,-0.028744,0.312915,0.614130,-0.031696,0.421189,0.543328,-0.058494,0.329313,0.503740,-0.069726,0.283417,0.477199,-0.062015,0.256805,0.450372,-0.052253,0.450012,0.450104,-0.056372,0.355574,0.343722,-0.073777,0.352944,0.387502,-0.053500,0.371236,0.426196,-0.028478,0.481044,0.387794,-0.051199,0.402916,0.296002,-0.061221,0.394694,0.348429,-0.035123,0.406490,0.385229,-0.008592,0.512115,0.352693,-0.045484,0.446086,0.275468,-0.043580,0.428264,0.308327,-0.021590,0.431950,0.340846,0.000100
617,1694940882.441648,0,,,0.0000,0.0000,0.0000,0.0000,75.8740,4684.8304,0.7167,103.7901,42.1137,252.1922,247.0335,234.9007,217.6879,0.003031,0.574221,0.591351,0.000000,0.504107,0.665641,-0.008572,0.426698,0.677518,-0.019755,0.363253,0.647389,-0.025442,0.312350,0.614816,-0.028139,0.420269,0.544311,-0.054619,0.329994,0.501964,-0.065437,0.284151,0.476153,-0.058458,0.256921,0.449858,-0.049567,0.449522,0.450029,-0.053813,0.355975,0.345061,-0.070189,0.350603,0.384311,-0.051179,0.367090,0.419842,-0.027771,0.481256,0.386999,-0.049934,0.403696,0.298195,-0.059009,0.392405,0.346755,-0.034143,0.401898,0.382300,-0.009114,0.513252,0.349378,-0.045436,0.448141,0.279010,-0.042826,0.427917,0.310117,-0.021523,0.429371,0.341206,-0.000759
618,1694940882.449982,0,,,0.0000,0.0000,0.0000,0.0000,48.4237,4642.3737,1.7668,103.9082,37.2633,246.9587,242.6100,231.8566,215.9793,0.002014,0.576223,0.591827,0.000000,0.505492,0.663515,-0.007994,0.427041,0.675115,-0.019491,0.362673,0.649704,-0.025980,0.311864,0.614705,-0.029471,0.421387,0.545022,-0.052842,0.330785,0.502761,-0.066430,0.285414,0.475255,-0.061477,0.258611,0.446045,-0.053648,0.451453,0.453187,-0.053187,0.357520,0.343837,-0.072911,0.355817,0.384569,-0.055020,0.374178,0.419264,-0.031507,0.484341,0.390576,-0.050728,0.406127,0.298988,-0.062545,0.398836,0.348905,-0.037779,0.411377,0.383584,-0.011836,0.517570,0.353248,-0.047563,0.451962,0.278268,-0.045357,0.435973,0.313065,-0.022985,0.442682,0.346667,-0.001070
619,1694940882.458315,0,,,0.0000,0.0000,0.0000,0.0000,4.6756,5067.5827,1.3693,100.0856,44.9179,252.8910,246.7590,233.6896,216.3498,0.001044,0.575723,0.591921,0.000000,0.505227,0.664708,-0.010074,0.427023,0.675414,-0.022347,0.363858,0.650205,-0.028785,0.313370,0.616378,-0.031896,0.423867,0.543687,-0.057094,0.332972,0.502037,-0.069505,0.285680,0.477018,-0.062447,0.257860,0.451630,-0.053222,0.454585,0.454350,-0.056098,0.359563,0.339208,-0.076904,0.358612,0.383834,-0.057307,0.377233,0.422663,-0.031919,0.487413,0.393095,-0.052136,0.409286,0.292416,-0.065021,0.403294,0.344778,-0.038761,0.416353,0.381695,-0.011260,0.520736,0.357108,-0.047496,0.454183,0.272590,-0.045728,0.439612,0.310546,-0.022326,0.446973,0.348932,0.000475
620,1694940882.466648,0,,,0.0000,0.0000,0.0000,0.0000,60.6483,5548.3980,1.5526,103.9691,41.9919,251.8189,245.9638,233.1308,216.1603,0.001565,0.576755,0.592761,0.000000,0.506008,0.663032,-0.010270,0.428157,0.673476,-0.023207,0.364737,0.647888,-0.030041,0.315413,0.611793,-0.033781,0.426579,0.545616,-0.061130,0.332503,0.502876,-0.074880,0.284407,0.474819,-0.069079,0.255951,0.448126,-0.060475,0.456072,0.453885,-0.059217,0.361286,0.342078,-0.078679,0.355390,0.380881,-0.058864,0.371044,0.419467,-0.034223,0.487680,0.390612,-0.054194,0.410042,0.290462,-0.064578,0.397207,0.338235,-0.037552,0.405214,0.377047,-0.010552,0.519876,0.353868,-0.048747,0.455010,0.269888,-0.046725,0.433757,0.300987,-0.024466,0.433472,0.336363,-0.002656
621,1694940882.474982,0,,,0.0000,0.0000,0.0000,0.0000,33.3349,4249.6828,1.5383,101.9745,36.2440,244.4396,238.9173,226.1707,207.2330,0.000967,0.579388,0.594121,0.000000,0.506763,0.664898,-0.009238,0.427718,0.675018,-0.021646,0.363359,0.647631,-0.028098,0.312500,0.611587,-0.031070,0.427831,0.545622,-0.057747,0.335140,0.498565,-0.070304,0.289531,0.470780,-0.063136,0.262638,0.442766,-0.053704,0.458298,0.452480,-0.056400,0.361689,0.337906,-0.075764,0.357581,0.379178,-0.056125,0.374668,0.414834,-0.031315,0.490234,0.388662,-0.051837,0.410735,0.292410,-0.062715,0.401753,0.343985,-0.036582,0.412788,0.380145,-0.009904,0.522616,0.350413,-0.046515,0.457589,0.274933,-0.043256,0.440618,0.313404,-0.020069,0.445786,0.351316,0.002273
622,1694940882.483315,0,,,0.0000,0.0000,0.0000,0.0000,22.5765,3554.8556,1.3822,104.6767,29.2035,238.9805,235.1677,224.5598,208.6413,0.003756,0.580644,0.594955,0.000000,0.508962,0.664870,-0.011393,0.430116,0.676675,-0.025546,0.364265,0.650913,-0.033558,0.313448,0.614884,-0.038032,0.429188,0.545799,-0.059866,0.334314,0.496560,-0.073085,0.288500,0.466002,-0.066117,0.262025,0.434281,-0.056730,0.460066,0.452219,-0.057388,0.364371,0.336052,-0.076680,0.360938,0.378717,-0.056903,0.378099,0.416417,-0.032004,0.492578,0.388483,-0.051956,0.414562,0.284737,-0.064345,0.404262,0.334197,-0.039987,0.414674,0.372499,-0.014106,0.524898,0.350510,-0.045722,0.461754,0.268604,-0.045106,0.442583,0.303421,-0.024394,0.445478,0.341284,-0.003323
623,1694940882.491648,0,,,0.0000,0.0000,0.0000,0.0000,60.7507,3099.8215,0.8034,102.8789,22.1451,240.0935,234.4859,224.0478,208.5917,0.003451,0.582730,0.596440,0.000000,0.510668,0.663879,-0.015422,0.431853,0.676171,-0.031429,0.365521,0.651416,-0.040203,0.313631,0.615103,-0.045269,0.430536,0.541728,-0.065085,0.334976,0.493558,-0.077370,0.288240,0.464009,-0.070307,0.260526,0.433651,-0.061267,0.461567,0.448557,-0.059754,0.364994,0.334085,-0.077975,0.355532,0.374377,-0.058595,0.369232,0.414005,-0.034731,0.493976,0.388122,-0.051315,0.415957,0.286371,-0.062305,0.401211,0.333633,-0.038523,0.409883,0.374189,-0.013805,0.525658,0.353270,-0.042420,0.462976,0.274425,-0.041418,0.441947,0.310519,-0.021390,0.443780,0.350078,-0.001281
624,1694940882.499982,0,,,0.0000,0.0000,0.0000,0.0000,38.0201,5004.8144,2.1112,101.3750,25.0671,236.7241,231.3628,219.5908,202.7045,0.002845,0.582730,0.593746,0.000000,0.511268,0.664731,-0.011858,0.432034,0.674802,-0.025007,0.367250,0.645521,-0.031885,0.316284,0.605514,-0.035283,0.431839,0.543355,-0.058183,0.339689,0.492287,-0.071644,0.293442,0.463672,-0.065771,0.265794,0.434603,-0.057290,0.462344,0.449769,-0.055888,0.367951,0.332107,-0.075869,0.365349,0.374923,-0.057062,0.383538,0.411820,-0.032606,0.494191,0.386361,-0.050847,0.416433,0.288832,-0.063138,0.408173,0.340745,-0.038755,0.419631,0.376841,-0.012889,0.525619,0.347301,-0.045226,0.461549,0.270334,-0.043747,0.445605,0.308354,-0.022136,0.451739,0.346349,-0.000635
625,1694940882.508315,0,,,0.0000,0.0000,0.0000,0.0000,63.7933,5242.1326,1.2315,98.2076,31.1961,235.6230,230.3872,218.7282,203.0343,0.000853,0.582766,0.592442,0.000000,0.511447,0.665203,-0.015790,0.431878,0.675246,-0.030011,0.367074,0.646265,-0.037183,0.313747,0.611672,-0.040587,0.433587,0.539895,-0.060577,0.341011,0.487918,-0.071554,0.293528,0.460255,-0.062938,0.265472,0.432845,-0.052889,0.465170,0.450013,-0.056471,0.369469,0.330908,-0.075991,0.367502,0.377092,-0.055802,0.386242,0.416150,-0.030226,0.497363,0.389565,-0.049885,0.418690,0.288590,-0.062312,0.412055,0.342750,-0.037387,0.424724,0.379128,-0.011150,0.528480,0.352656,-0.043048,0.462742,0.268974,-0.042442,0.448703,0.309500,-0.021159,0.456163,0.348921,-0.000048
626,1694940882.516648,0,,,0.0000,0.0000,0.0000,0.0000,40.6869,5440.9711,2.0388,100.9614,19.5535,233.1374,228.0880,215.9463,198.8751,0.004835,0.581327,0.593367,0.000000,0.510176,0.665011,-0.012504,0.430958,0.673580,-0.025349,0.367019,0.642441,-0.031729,0.315826,0.606261,-0.034456,0.432274,0.537312,-0.057235,0.340833,0.484073,-0.068229,0.294281,0.456912,-0.059870,0.266801,0.430168,-0.049964,0.464917,0.448038,-0.054689,0.370990,0.328048,-0.074731,0.367791,0.369623,-0.055492,0.384368,0.405480,-0.030397,0.497920,0.388012,-0.049440,0.420874,0.284172,-0.062325,0.410646,0.332625,-0.038179,0.419681,0.367397,-0.012226,0.529890,0.351851,-0.043607,0.465589,0.268802,-0.043327,0.449424,0.305250,-0.022325,0.454896,0.343124,-0.001086
627,1694940882.524982,0,,,0.0000,0.0000,0.0000,0.0000,0.3886,7268.9274,1.9812,105.6937,14.2270,228.2714,223.6374,212.2036,196.2689,0.005456,0.583497,0.594476,0.000000,0.511657,0.664993,-0.013077,0.432963,0.675506,-0.026779,0.368153,0.644651,-0.034095,0.316252,0.604848,-0.037633,0.432179,0.537065,-0.056215,0.340272,0.484099,-0.067164,0.294226,0.454378,-0.059042,0.267603,0.423953,-0.049191,0.464861,0.445622,-0.053400,0.372253,0.325664,-0.071114,0.367739,0.366043,-0.051597,0.383846,0.401520,-0.026888,0.497769,0.384285,-0.048174,0.422080,0.281938,-0.059289,0.410838,0.331288,-0.035878,0.419237,0.367238,-0.010984,0.529308,0.347350,-0.042493,0.466672,0.268018,-0.041636,0.447996,0.302434,-0.021830,0.450655,0.338084,-0.001632
628,1694940882.533315,0,,,0.0000,0.0000,0.0000,0.0000,56.2409,5902.1086,1.3822,102.0193,18.7858,228.3073,222.6799,211.2359,196.4493,0.003697,0.583505,0.591411,0.000000,0.512542,0.664582,-0.017097,0.433231,0.673933,-0.031306,0.368461,0.642045,-0.038309,0.317003,0.602360,-0.041465,0.433363,0.533555,-0.058218,0.342293,0.483587,-0.068866,0.296174,0.455055,-0.061071,0.269427,0.424559,-0.051788,0.465578,0.443093,-0.053669,0.372985,0.324516,-0.071651,0.370551,0.369390,-0.052517,0.388291,0.407156,-0.027981,0.498558,0.383446,-0.047058,0.423264,0.282650,-0.058928,0.415147,0.334511,-0.036453,0.426045,0.369897,-0.012134,0.529994,0.347872,-0.040342,0.468367,0.267733,-0.040624,0.453522,0.305082,-0.021695,0.459829,0.342047,-0.002147
629,1694940882.541648,0,,,0.0000,0.0000,0.0000,0.0000,19.8028,6199.8640,1.1834,102.1512,15.9559,226.0458,221.2357,210.8155,195.9170,0.001331,0.583697,0.592771,0.000000,0.511913,0.663771,-0.012926,0.432247,0.672722,-0.025926,0.367695,0.640990,-0.032258,0.317763,0.599993,-0.035030,0.434799,0.538297,-0.057420,0.344212,0.481488,-0.068882,0.298134,0.451406,-0.061544,0.270261,0.422389,-0.052426,0.466440,0.446641,-0.054431,0.374131,0.327377,-0.073979,0.371867,0.370450,-0.055336,0.389540,0.408627,-0.030906,0.498661,0.384782,-0.048689,0.422672,0.286861,-0.060326,0.414203,0.338428,-0.036218,0.424876,0.374537,-0.010680,0.529920,0.347217,-0.042499,0.465462,0.270105,-0.041198,0.449924,0.308765,-0.020198,0.456136,0.346112,0.000815
630,1694940882.549982,0,,,0.0000,0.0000,0.0000,0.0000,16.9817,6107.1432,0.8910,102.4653,18.6098,225.7045,220.2835,208.9387,193.2247,0.001253,0.585562,0.596529,0.000000,0.512525,0.666227,-0.013711,0.433503,0.672666,-0.026669,0.369635,0.639738,-0.032726,0.319001,0.598671,-0.035154,0.434429,0.535681,-0.059134,0.343917,0.481138,-0.070516,0.297452,0.451021,-0.062530,0.269722,0.420938,-0.052822,0.466706,0.445906,-0.055559,0.374917,0.324569,-0.074876,0.373601,0.369794,-0.054901,0.392682,0.409368,-0.029369,0.500049,0.385807,-0.049334,0.424204,0.285511,-0.061909,0.417841,0.338859,-0.037976,0.430656,0.376066,-0.012101,0.532719,0.349824,-0.042599,0.469358,0.270026,-0.041733,0.455337,0.310176,-0.020896,0.463657,0.349503,0.000151
631,1694940882.558315,0,,,0.0000,0.0000,0.0000,0.0000,47.7733,6181.0626,2.1043,104.2045,17.1152,222.4176,217.4659,206.7086,192.0001,0.002834,0.585171,0.599599,0.000000,0.511693,0.667123,-0.010612,0.433378,0.673816,-0.023619,0.368949,0.639440,-0.030230,0.318435,0.597034,-0.033090,0.436390,0.539471,-0.057976,0.344052,0.480023,-0.068818,0.299001,0.448121,-0.059454,0.272499,0.418802,-0.048513,0.468818,0.449239,-0.055378,0.374691,0.325296,-0.073440,0.370518,0.363878,-0.052451,0.386088,0.400023,-0.026415,0.501576,0.387892,-0.049729,0.424607,0.283853,-0.060307,0.413799,0.331120,-0.035065,0.421603,0.367370,-0.008864,0.533756,0.351682,-0.043294,0.471117,0.273201,-0.041026,0.452455,0.308485,-0.019586,0.454660,0.346642,0.001721
632,1694940882.566648,0,,,0.0000,0.0000,0.0000,0.0000,56.1340,6121.9036,1.0544,106.1258,18.5943,222.4367,217.1741,205.9624,191.5601,0.001415,0.585219,0.596465,0.000000,0.512367,0.664591,-0.011024,0.433315,0.673734,-0.023803,0.369588,0.640876,-0.030262,0.318542,0.599412,-0.032939,0.434489,0.534488,-0.056762,0.342658,0.478449,-0.066831,0.297846,0.447325,-0.057036,0.272338,0.417197,-0.045873,0.468348,0.445527,-0.054681,0.375799,0.321704,-0.072602,0.372118,0.359249,-0.051940,0.388418,0.393269,-0.026110,0.501819,0.385916,-0.049798,0.427376,0.280281,-0.060779,0.416425,0.324916,-0.036768,0.424410,0.358434,-0.011374,0.534009,0.350570,-0.044133,0.471624,0.269772,-0.042185,0.454360,0.303049,-0.020961,0.458906,0.339609,0.000195
633,1694940882.574982,0,,,0.0000,0.0000,0.0000,0.0000,32.8658,4932.5621,1.1922,105.1937,23.7600,221.2941,216.8861,206.1654,190.9878,0.000072,0.584311,0.594605,0.000000,0.512923,0.664132,-0.013364,0.433835,0.672459,-0.026284,0.369535,0.640088,-0.032839,0.318460,0.598479,-0.036010,0.434936,0.534684,-0.055146,0.345129,0.479833,-0.065490,0.300610,0.449224,-0.057423,0.273914,0.419959,-0.048046,0.467533,0.445354,-0.052304,0.377013,0.324438,-0.070666,0.375395,0.361005,-0.052432,0.391489,0.395664,-0.028627,0.500951,0.385571,-0.046994,0.427406,0.282127,-0.059078,0.418711,0.324489,-0.036930,0.426932,0.356551,-0.012960,0.532983,0.349328,-0.041144,0.471318,0.269666,-0.041896,0.456796,0.304075,-0.022715,0.462110,0.340861,-0.002917
634,1694940882.583315,0,,,0.0000,0.0000,0.0000,0.0000,60.6009,5141.9189,0.7780,106.6443,24.0994,220.4994,216.0544,205.4873,190.6537,0.000036,0.585929,0.596593,0.000000,0.512850,0.666357,-0.013870,0.433819,0.674539,-0.027471,0.369002,0.639266,-0.034289,0.318088,0.596575,-0.037239,0.436788,0.535749,-0.057966,0.345410,0.478041,-0.068973,0.299920,0.447728,-0.060415,0.273237,0.418826,-0.050293,0.469451,0.445712,-0.054591,0.376336,0.325870,-0.072835,0.373966,0.367811,-0.052688,0.391807,0.404128,-0.027408,0.502280,0.386147,-0.048797,0.425895,0.283783,-0.060715,0.416424,0.332931,-0.037503,0.426156,0.367734,-0.012668,0.533751,0.351094,-0.042496,0.471938,0.272706,-0.042190,0.455358,0.310068,-0.022675,0.460408,0.348075,-0.002777
635,1694940882.591648,0,,,0.0000,0.0000,0.0000,0.0000,60.8304,4717.9098,1.0990,106.9799,24.1020,221.4499,216.2707,204.9867,189.2573,0.000287,0.584832,0.597102,0.000000,0.512142,0.665785,-0.015202,0.432658,0.672494,-0.029215,0.369401,0.637885,-0.036683,0.318690,0.596904,-0.040517,0.435172,0.532811,-0.056971,0.346130,0.480040,-0.069221,0.300572,0.449350,-0.062207,0.274502,0.417686,-0.053184,0.468938,0.444321,-0.054299,0.376738,0.321849,-0.075383,0.375049,0.370561,-0.056827,0.394234,0.411801,-0.031664,0.502885,0.384982,-0.049532,0.427480,0.282093,-0.064278,0.421053,0.336202,-0.041323,0.434376,0.372954,-0.015593,0.535338,0.349385,-0.044457,0.471780,0.267128,-0.046130,0.458081,0.307226,-0.026347,0.466535,0.345646,-0.005624
636,1694940882.599982,0,,,0.0000,0.0000,0.0000,0.0000,60.8053,6404.7214,1.1793,107.6049,18.8787,218.3102,213.2958,202.4814,186.9160,0.000030,0.586367,0.596788,0.000000,0.514168,0.665383,-0.012076,0.434937,0.672487,-0.025144,0.370447,0.637303,-0.031618,0.320859,0.593291,-0.034375,0.437220,0.535970,-0.058081,0.346106,0.478515,-0.068707,0.301402,0.446922,-0.059586,0.275679,0.415883,-0.049024,0.469904,0.446165,-0.055255,0.378138,0.324061,-0.072376,0.374475,0.363788,-0.051679,0.390815,0.398210,-0.026308,0.502717,0.385466,-0.049650,0.427049,0.286316,-0.059654,0.417876,0.336157,-0.035276,0.427547,0.371162,-0.010119,0.534500,0.349107,-0.043479,0.472223,0.274772,-0.041282,0.455665,0.313219,-0.020517,0.460893,0.352089,0.000077
637,1694940882.608315,0,,,0.0000,0.0000,0.0000,0.0000,31.8904,4880.7389,0.7993,104.8225,26.3451,218.8386,214.0013,203.0843,188.4516,0.000000,0.585133,0.595286,0.000000,0.513581,0.664847,-0.014809,0.432735,0.672822,-0.028036,0.368259,0.638623,-0.034853,0.318102,0.596477,-0.038133,0.435548,0.532453,-0.055336,0.346106,0.477295,-0.066695,0.301465,0.447617,-0.059343,0.275818,0.417866,-0.050300,0.468891,0.444471,-0.052564,0.377045,0.322951,-0.071759,0.376692,0.369300,-0.053557,0.396391,0.407720,-0.029404,0.502315,0.385542,-0.047661,0.426620,0.284062,-0.060841,0.421278,0.337545,-0.038777,0.435350,0.373389,-0.014446,0.534132,0.350411,-0.042469,0.472584,0.271731,-0.043791,0.460290,0.311781,-0.024952,0.470170,0.349552,-0.005268
638,1694940882.616648,0,,,0.0000,0.0000,0.0000,0.0000,45.7162,5317.7760,1.1750,105.9028,26.0308,220.0401,214.9839,203.7283,189.0409,0.000000,0.582994,0.592920,0.000000,0.512074,0.663793,-0.014421,0.432954,0.673767,-0.027854,0.368699,0.638925,-0.034695,0.318420,0.595126,-0.038229,0.434821,0.533466,-0.056807,0.345437,0.475313,-0.066589,0.300482,0.445864,-0.057887,0.273789,0.417342,-0.048138,0.467505,0.444914,-0.053623,0.377296,0.322533,-0.070562,0.375517,0.360892,-0.051587,0.392728,0.395987,-0.027696,0.500795,0.386092,-0.047973,0.427289,0.286974,-0.059132,0.421780,0.335028,-0.036635,0.433365,0.368587,-0.012768,0.532558,0.350639,-0.041914,0.469984,0.272570,-0.042156,0.457461,0.309594,-0.022879,0.465382,0.345911,-0.003257
639,1694940882.624982,0,,,0.0000,0.0000,0.0000,0.0000,38.5014,6506.4301,1.6721,110.2585,18.6487,216.6205,212.3430,201.2820,186.5420,0.001292,0.583241,0.592662,0.000000,0.512783,0.664019,-0.015987,0.432917,0.673773,-0.030005,0.368230,0.639768,-0.037366,0.317661,0.595971,-0.041183,0.435201,0.532409,-0.055806,0.345279,0.476228,-0.066835,0.300623,0.444785,-0.060010,0.274936,0.413113,-0.051530,0.468592,0.443373,-0.052253,0.377288,0.319970,-0.071196,0.373597,0.359954,-0.054074,0.390095,0.396836,-0.030980,0.501838,0.384281,-0.046560,0.427955,0.278599,-0.059401,0.419986,0.327510,-0.038008,0.430980,0.363636,-0.014310,0.533459,0.349299,-0.040637,0.472495,0.268080,-0.042107,0.458877,0.305736,-0.023516,0.466544,0.344718,-0.003985
640,1694940882.633315,0,,,0.0000,0.0000,0.0000,0.0000,25.4070,6276.1794,1.4384,105.8843,20.5463,220.3576,215.4385,204.2999,189.3306,0.000000,0.584074,0.594582,0.000000,0.511629,0.664171,-0.014355,0.432259,0.671357,-0.027324,0.368887,0.635127,-0.033820,0.319109,0.592220,-0.036851,0.434842,0.529024,-0.054619,0.346506,0.473843,-0.065399,0.301047,0.445532,-0.058372,0.274037,0.417045,-0.049814,0.468092,0.441743,-0.051893,0.379705,0.321506,-0.069771,0.379188,0.364284,-0.051280,0.397714,0.400357,-0.027591,0.501655,0.383660,-0.047065,0.428694,0.284937,-0.058588,0.422980,0.336720,-0.035980,0.435123,0.370638,-0.012011,0.533652,0.348585,-0.042019,0.472201,0.272126,-0.041671,0.460020,0.312412,-0.021954,0.469226,0.349390,-0.002161
641,1694940882.641648,0,,,0.0000,0.0000,0.0000,0.0000,0.8866,8611.7735,1.8669,111.6281,12.6571,217.2645,212.8375,202.6945,188.0481,0.002357,0.584710,0.596683,0.000000,0.511170,0.663838,-0.012567,0.432431,0.672704,-0.026637,0.368280,0.636465,-0.034562,0.317380,0.592284,-0.038926,0.434253,0.531931,-0.056089,0.343640,0.471984,-0.067000,0.299272,0.441647,-0.059122,0.273403,0.412247,-0.049661,0.468258,0.443246,-0.054068,0.377043,0.320335,-0.071442,0.373122,0.358085,-0.051914,0.388381,0.391351,-0.027819,0.501885,0.384517,-0.049641,0.426889,0.278850,-0.060669,0.416452,0.324972,-0.037255,0.424517,0.359107,-0.013118,0.533649,0.349698,-0.044740,0.471960,0.269745,-0.043855,0.455997,0.306130,-0.023607,0.461022,0.344342,-0.003600
642,1694940882.649982,0,,,0.0000,0.0000,0.0000,0.0000,14.3539,7568.1734,1.5185,107.3858,17.8531,217.5381,212.7911,202.0668,186.7840,0.001712,0.582158,0.590464,0.000000,0.511364,0.663051,-0.016007,0.430963,0.671011,-0.029182,0.367251,0.633799,-0.035469,0.317337,0.590438,-0.038216,0.432695,0.526418,-0.055958,0.344607,0.474653,-0.066198,0.300060,0.445008,-0.058338,0.274211,0.414175,-0.049236,0.465851,0.438895,-0.052361,0.375337,0.319079,-0.071092,0.374393,0.364119,-0.052980,0.393533,0.402805,-0.029042,0.499133,0.381173,-0.046632,0.425220,0.281413,-0.059857,0.420730,0.332563,-0.038341,0.434959,0.366862,-0.014461,0.530990,0.346736,-0.040634,0.469542,0.268857,-0.042050,0.458706,0.308740,-0.023452,0.469241,0.346566,-0.004055
643,1694940882.658315,0,,,0.0000,0.0000,0.0000,0.0000,75.6020,5974.7606,0.7885,104.4900,23.8016,219.2608,213.8051,202.2998,186.1743,0.000841,0.581617,0.593092,0.000000,0.509224,0.661819,-0.016044,0.430987,0.669417,-0.029069,0.367934,0.634704,-0.035091,0.317755,0.592306,-0.037218,0.433726,0.525721,-0.055102,0.344960,0.471465,-0.063576,0.300202,0.442977,-0.054250,0.273935,0.415793,-0.044040,0.466271,0.438478,-0.050498,0.376321,0.321465,-0.065711,0.372255,0.359577,-0.045932,0.387626,0.393865,-0.021796,0.499217,0.380851,-0.043891,0.426621,0.283763,-0.053379,0.418119,0.330827,-0.030833,0.426631,0.363471,-0.007291,0.530838,0.346839,-0.037181,0.469683,0.267126,-0.035717,0.455567,0.304091,-0.016219,0.461396,0.341920,0.003238
644,1694940882.666648,0,,,0.0000,0.0000,0.0000,0.0000,32.2374,7170.9943,1.5654,108.0602,19.3116,217.1935,211.9162,200.1725,184.3566,0.003369,0.581173,0.588881,0.000000,0.510485,0.660235,-0.013761,0.430269,0.668877,-0.025861,0.367053,0.633646,-0.031866,0.317545,0.590935,-0.034433,0.430558,0.524889,-0.050558,0.343701,0.472345,-0.059293,0.300119,0.443258,-0.051336,0.275066,0.413678,-0.042379,0.464000,0.437426,-0.048214,0.376208,0.317424,-0.064273,0.373864,0.357142,-0.046559,0.390497,0.391797,-0.023697,0.497839,0.379435,-0.043847,0.426287,0.276278,-0.054372,0.419300,0.323746,-0.033082,0.429995,0.356628,-0.010313,0.530212,0.345035,-0.039228,0.469804,0.265144,-0.039299,0.457248,0.302601,-0.020672,0.465368,0.340465,-0.001591
645,1694940882.674982,0,,,0.0000,0.0000,0.0000,0.0000,68.1792,5607.7646,1.2700,104.4043,24.7875,219.8560,214.5729,202.1392,184.8775,0.001445,0.581276,0.588928,0.000000,0.509657,0.659740,-0.016602,0.431062,0.668710,-0.030006,0.367800,0.632800,-0.036434,0.317657,0.590412,-0.039356,0.433109,0.525817,-0.055802,0.344451,0.471175,-0.065772,0.299368,0.442716,-0.058243,0.272333,0.414677,-0.049342,0.465072,0.437230,-0.051373,0.376036,0.318642,-0.067703,0.375501,0.363177,-0.049098,0.394171,0.401806,-0.025600,0.498022,0.378914,-0.044933,0.424748,0.282202,-0.055636,0.419480,0.333552,-0.033802,0.431919,0.367640,-0.010567,0.529545,0.344182,-0.038399,0.467594,0.266905,-0.038437,0.455270,0.306540,-0.019700,0.463529,0.344185,-0.000617
646,1694940882.683315,0,,,0.0000,0.0000,0.0000,0.0000,79.5210,7435.3273,0.6531,107.1975,18.0322,218.8004,214.3525,203.8791,189.4087,0.002175,0.578891,0.587048,0.000000,0.508695,0.660389,-0.015995,0.429104,0.667949,-0.028796,0.366197,0.631264,-0.034770,0.315854,0.589091,-0.037230,0.431333,0.521747,-0.054517,0.342669,0.470557,-0.063696,0.298734,0.442456,-0.054945,0.273216,0.414837,-0.045167,0.464439,0.434404,-0.050913,0.372575,0.318394,-0.068255,0.370281,0.360003,-0.049465,0.387313,0.395626,-0.025236,0.497723,0.377127,-0.045390,0.422683,0.279470,-0.057453,0.415568,0.327975,-0.035362,0.425705,0.359670,-0.011341,0.529359,0.343245,-0.039698,0.466276,0.264359,-0.040914,0.452462,0.301531,-0.022203,0.458938,0.337918,-0.002760
647,1694940882.691648,0,,,0.0000,0.0000,0.0000,0.0000,8.0396,6124.4113,0.9106,106.9298,20.3043,219.8771,214.8506,204.1868,189.1871,0.002504,0.578861,0.588034,0.000000,0.507045,0.658966,-0.012918,0.427991,0.666165,-0.024470,0.365474,0.630966,-0.029645,0.316862,0.588624,-0.031509,0.430890,0.524881,-0.052442,0.343159,0.470812,-0.061478,0.298914,0.441242,-0.053991,0.272078,0.413645,-0.045359,0.462924,0.438132,-0.049399,0.375517,0.318128,-0.065106,0.371370,0.351675,-0.047523,0.385957,0.385310,-0.025172,0.496447,0.380744,-0.043951,0.425738,0.278189,-0.053383,0.415670,0.319592,-0.031912,0.422693,0.351368,-0.009377,0.529094,0.346977,-0.038120,0.468670,0.267351,-0.037352,0.452320,0.301022,-0.018603,0.455671,0.337884,0.000333
648,1694940882.699982,0,,,0.0000,0.0000,0.0000,0.0000,8.5302,6216.4273,0.9736,106.6404,17.6696,219.0377,214.4101,204.1553,189.4937,0.001686,0.578004,0.586067,0.000000,0.507821,0.658688,-0.014029,0.429615,0.667010,-0.026274,0.366676,0.631034,-0.032147,0.316886,0.588194,-0.034637,0.429322,0.522947,-0.052145,0.341291,0.468318,-0.061586,0.297113,0.439042,-0.054385,0.270683,0.411443,-0.045777,0.462096,0.435186,-0.048993,0.374215,0.317777,-0.064842,0.371063,0.355247,-0.046949,0.386159,0.389453,-0.024140,0.495842,0.378400,-0.043713,0.424027,0.278871,-0.053791,0.415050,0.324791,-0.031877,0.422923,0.356623,-0.008718,0.528361,0.345413,-0.038176,0.467264,0.268374,-0.037568,0.452138,0.304910,-0.018237,0.457146,0.341536,0.001316
649,1694940882.708315,0,,,0.0000,0.0000,0.0000,0.0000,74.4174,4712.0609,1.3255,108.1790,22.5314,216.5695,212.5868,202.0048,187.7672,0.000962,0.578843,0.585224,0.000000,0.508573,0.657194,-0.012818,0.429904,0.666347,-0.025570,0.366652,0.631346,-0.032030,0.317902,0.587508,-0.035251,0.429418,0.524498,-0.053544,0.342193,0.468924,-0.064692,0.298081,0.437613,-0.059990,0.271222,0.409388,-0.053145,0.460991,0.435566,-0.050851,0.374818,0.315876,-0.066263,0.367254,0.346868,-0.049444,0.379309,0.380730,-0.028325,0.494114,0.377370,-0.045803,0.423171,0.274896,-0.054058,0.409800,0.316408,-0.031727,0.414532,0.350141,-0.009291,0.527115,0.343162,-0.040591,0.466739,0.265723,-0.038813,0.447350,0.298098,-0.019330,0.447288,0.334513,-0.000198
650,1694940882.716648,0,,,0.0000,0.0000,0.0000,0.0000,74.5116,5091.0668,1.1780,106.5231,23.7452,215.7718,210.8748,199.5011,184.6497,0.002094,0.577128,0.586121,0.000000,0.506664,0.658205,-0.014817,0.428156,0.666224,-0.027356,0.365707,0.629954,-0.033356,0.315358,0.588210,-0.035901,0.426877,0.518657,-0.052575,0.340645,0.467765,-0.060545,0.297516,0.440313,-0.051356,0.273115,0.412014,-0.041555,0.460998,0.432591,-0.049533,0.372990,0.313760,-0.065351,0.372055,0.355072,-0.046759,0.390128,0.389674,-0.023171,0.495491,0.376221,-0.044361,0.423455,0.274395,-0.055039,0.417730,0.323252,-0.033229,0.429629,0.355232,-0.010028,0.528594,0.343566,-0.038957,0.468216,0.264737,-0.039026,0.456762,0.303705,-0.020060,0.466308,0.340626,-0.000736
651,1694940882.724982,0,,,0.0000,0.0000,0.0000,0.0000,81.3956,6191.3278,0.9337,108.7917,19.4796,216.7661,212.2662,201.4886,187.4074,0.004397,0.578921,0.585425,0.000000,0.508197,0.658016,-0.013948,0.428833,0.667782,-0.027281,0.365089,0.632305,-0.034077,0.318106,0.585041,-0.037688,0.429931,0.524569,-0.056065,0.341762,0.472259,-0.067047,0.297646,0.440965,-0.061226,0.271515,0.410702,-0.053463,0.461228,0.434397,-0.052600,0.372498,0.316747,-0.068223,0.368073,0.356095,-0.049975,0.383657,0.394582,-0.027458,0.493444,0.374665,-0.046695,0.418879,0.277147,-0.055403,0.410999,0.326806,-0.031816,0.421796,0.363191,-0.008039,0.525312,0.339856,-0.040678,0.461832,0.263496,-0.038805,0.446126,0.299548,-0.018626,0.451003,0.335625,0.001146
652,1694940882.733315,0,,,0.0000,0.0000,0.0000,0.0000,79.3014,6219.5442,1.4999,108.2577,18.8558,215.5681,211.1249,201.0247,187.0381,0.002684,0.578694,0.586700,0.000000,0.507565,0.657979,-0.013654,0.429426,0.666069,-0.025726,0.366627,0.630170,-0.031539,0.316870,0.587223,-0.033693,0.426655,0.519998,-0.049657,0.341193,0.466775,-0.056923,0.298455,0.438861,-0.047857,0.273641,0.411495,-0.038161,0.460326,0.432841,-0.046703,0.374072,0.314162,-0.060924,0.368506,0.350181,-0.042506,0.381677,0.382828,-0.019670,0.494518,0.375491,-0.041683,0.424557,0.272854,-0.050343,0.414039,0.316806,-0.028562,0.421379,0.348270,-0.005926,0.527399,0.342110,-0.036473,0.467183,0.262754,-0.034512,0.452620,0.297789,-0.015054,0.458707,0.333527,0.004295
653,1694940882.741648,0,,,0.0000,0.0000,0.0000,0.0000,37.5760,5011.0626,1.4808,107.9583,25.1707,217.2327,213.4248,203.4101,188.9420,0.000699,0.577958,0.584124,0.000000,0.507087,0.656633,-0.013751,0.429702,0.664646,-0.025789,0.367289,0.629423,-0.031133,0.316976,0.587900,-0.032745,0.429765,0.520540,-0.052632,0.342129,0.467339,-0.060002,0.297780,0.438635,-0.050512,0.271244,0.412194,-0.040321,0.461189,0.433535,-0.048476,0.373779,0.315197,-0.062330,0.370279,0.349546,-0.042366,0.385081,0.382631,-0.018359,0.493783,0.376321,-0.041983,0.422668,0.276303,-0.049901,0.413164,0.317746,-0.026829,0.420080,0.348265,-0.003369,0.525699,0.342539,-0.035221,0.465277,0.262413,-0.032628,0.450216,0.295345,-0.012426,0.454018,0.331014,0.007325
654,1694940882.749982,0,,,0.0000,0.0000,0.0000,0.0000,55.3411,5386.8973,0.9643,109.2153,23.0699,215.7779,211.8767,201.8640,187.9437,0.001802,0.577536,0.584402,0.000000,0.506687,0.656374,-0.011211,0.428123,0.664068,-0.022332,0.366163,0.628295,-0.027461,0.318174,0.584942,-0.029406,0.428723,0.525966,-0.050445,0.342919,0.468718,-0.059070,0.299157,0.438625,-0.051649,0.272559,0.410653,-0.043064,0.459662,0.437244,-0.048098,0.372988,0.316095,-0.062271,0.370184,0.352627,-0.043454,0.386073,0.388722,-0.020602,0.492337,0.377524,-0.043324,0.419930,0.276530,-0.051115,0.412574,0.322241,-0.027877,0.422311,0.355890,-0.004572,0.524704,0.341579,-0.038184,0.462536,0.261274,-0.035682,0.448545,0.296988,-0.015400,0.454152,0.334247,0.004220
655,1694940882.758315,0,,,0.0000,0.0000,0.0000,0.0000,7.2606,5481.7531,1.1528,110.4769,32.1940,215.4098,210.6931,199.4466,183.9910,0.002514,0.577640,0.583546,0.000000,0.508582,0.655874,-0.012506,0.430255,0.665545,-0.024197,0.367412,0.629662,-0.029642,0.318254,0.585843,-0.031743,0.427968,0.523503,-0.050490,0.342326,0.470266,-0.058813,0.299856,0.438441,-0.051765,0.274000,0.410420,-0.043257,0.458487,0.432864,-0.047344,0.374988,0.318651,-0.058663,0.365334,0.346307,-0.040003,0.374083,0.376914,-0.018384,0.490954,0.373704,-0.042071,0.422409,0.273222,-0.047964,0.406487,0.306621,-0.025799,0.407277,0.334036,-0.004235,0.523299,0.338441,-0.036608,0.464839,0.258185,-0.033705,0.445185,0.282906,-0.014351,0.443162,0.313124,0.004306
656,1694940882.766648,0,,,0.0000,0.0000,0.0000,0.0000,8.2288,4931.3184,1.4935,112.1551,26.7020,212.7140,207.4963,196.1810,180.9620,0.002116,0.579566,0.584524,0.000000,0.508255,0.655842,-0.014025,0.430084,0.665101,-0.026470,0.367043,0.626746,-0.032949,0.317976,0.581492,-0.036156,0.427323,0.518728,-0.048431,0.342986,0.463935,-0.056280,0.300792,0.435402,-0.049971,0.274997,0.407591,-0.042748,0.459046,0.428911,-0.045574,0.374782,0.316495,-0.057648,0.364758,0.349395,-0.041787,0.374189,0.380194,-0.022559,0.492138,0.371249,-0.040730,0.421342,0.276349,-0.046617,0.407637,0.320861,-0.025442,0.412864,0.353408,-0.004970,0.524651,0.337627,-0.036096,0.464837,0.264133,-0.033801,0.446276,0.297227,-0.015699,0.447808,0.331317,0.001890
657,1694940882.774982,0,,,0.0000,0.0000,0.0000,0.0000,58.4042,4849.5101,0.7760,116.8858,27.4121,211.8323,207.4389,196.6868,181.4989,0.005363,0.578454,0.585779,0.000000,0.507835,0.655422,-0.011412,0.429933,0.664130,-0.023713,0.367162,0.627439,-0.030010,0.318629,0.581819,-0.033025,0.427492,0.520819,-0.049831,0.343488,0.465913,-0.058749,0.300518,0.434077,-0.052469,0.274288,0.406644,-0.044643,0.458726,0.432575,-0.047068,0.375911,0.316907,-0.057312,0.362789,0.334235,-0.038549,0.367276,0.355963,-0.017800,0.492081,0.374531,-0.042123,0.422229,0.270028,-0.046760,0.400801,0.292701,-0.023294,0.396139,0.313199,-0.001697,0.525695,0.340553,-0.037033,0.466386,0.260249,-0.033210,0.443849,0.279927,-0.012691,0.438219,0.306518,0.006400
658,1694940882.783315,0,,,0.0000,0.0000,0.0000,0.0000,72.1240,5685.5729,1.6032,111.3287,25.8237,212.8654,207.6663,196.9781,181.5569,0.002198,0.579920,0.584152,0.000000,0.507962,0.656168,-0.014299,0.429994,0.663029,-0.025756,0.367895,0.625235,-0.030885,0.318724,0.582327,-0.032200,0.426223,0.511165,-0.047591,0.342240,0.461762,-0.053227,0.300918,0.435878,-0.044015,0.276557,0.409981,-0.034704,0.459985,0.425523,-0.044342,0.374261,0.313205,-0.056725,0.365617,0.351172,-0.038553,0.377074,0.385218,-0.016547,0.494515,0.371005,-0.039265,0.425094,0.271139,-0.046766,0.411638,0.315382,-0.025874,0.417525,0.346517,-0.004392,0.527892,0.340598,-0.034234,0.469668,0.264036,-0.032394,0.452591,0.299980,-0.014304,0.456808,0.335952,0.003793
659,1694940882.791648,0,,,0.0000,0.0000,0.0000,0.0000,48.2615,4922.9485,1.4082,116.6096,23.6731,212.3146,207.5546,197.4704,184.1350,0.000380,0.577876,0.581563,0.000000,0.507666,0.653187,-0.010393,0.430144,0.661035,-0.021161,0.368559,0.624037,-0.026748,0.319991,0.580340,-0.029403,0.428174,0.517887,-0.046492,0.344063,0.464536,-0.054464,0.301632,0.436277,-0.046294,0.276556,0.407898,-0.037175,0.459706,0.430716,-0.045665,0.374317,0.314383,-0.060610,0.376629,0.356990,-0.042143,0.396874,0.392938,-0.018756,0.492977,0.373089,-0.042644,0.421874,0.278080,-0.052393,0.420404,0.328103,-0.030254,0.434541,0.358921,-0.006983,0.525451,0.339350,-0.039068,0.464340,0.265104,-0.037533,0.455922,0.303692,-0.017314,0.467311,0.338494,0.002589
660,1694940882.799982,0,,,0.0000,0.0000,0.0000,0.0000,82.1305,5979.8896,1.0261,115.1250,26.8910,209.5820,205.9625,196.0994,181.7101,0.000295,0.580393,0.586362,0.000000,0.508388,0.654230,-0.011496,0.430622,0.661523,-0.022749,0.369211,0.624333,-0.028421,0.322393,0.578365,-0.030865,0.427544,0.512849,-0.046549,0.345222,0.463329,-0.054733,0.302861,0.435710,-0.049418,0.276522,0.408515,-0.042820,0.459258,0.426066,-0.044343,0.376209,0.315836,-0.055728,0.366819,0.346823,-0.039426,0.377657,0.377348,-0.020155,0.493185,0.370542,-0.040003,0.423079,0.275344,-0.045439,0.409880,0.318748,-0.023680,0.415851,0.352562,-0.002777,0.526752,0.338681,-0.035682,0.466907,0.263555,-0.032192,0.448553,0.296364,-0.012942,0.450595,0.332132,0.005282
661,1694940882.808315,0,,,0.0000,0.0000,0.0000,0.0000,17.5387,5905.8881,1.5249,117.8688,23.8738,210.0144,204.6546,193.9865,180.1939,0.001160,0.578131,0.583205,0.000000,0.508706,0.652915,-0.012368,0.431505,0.660994,-0.024120,0.370107,0.623645,-0.029975,0.321337,0.579134,-0.032574,0.430055,0.518260,-0.048963,0.346508,0.466245,-0.057680,0.303832,0.436211,-0.051186,0.277941,0.407935,-0.043300,0.460765,0.430581,-0.046588,0.375411,0.313590,-0.060633,0.369840,0.347418,-0.043184,0.384241,0.382162,-0.021458,0.493149,0.373050,-0.042054,0.422563,0.275017,-0.049632,0.413100,0.320134,-0.026998,0.421205,0.353564,-0.004195,0.525714,0.338711,-0.037458,0.465141,0.259686,-0.034930,0.449474,0.293891,-0.015038,0.453330,0.330128,0.004297
662,1694940882.816648,1,,,0.0000,0.0000,0.0000,0.0000,69.9939,6141.2230,1.2000,120.4591,23.8289,208.5705,203.3959,193.6383,180.3453,0.001150,0.578297,0.583712,0.000000,0.509288,0.653250,-0.012764,0.431601,0.661613,-0.024539,0.369346,0.622673,-0.029911,0.319995,0.578098,-0.031849,0.428968,0.517987,-0.049634,0.346057,0.464291,-0.057049,0.304008,0.434188,-0.049609,0.277976,0.408715,-0.041186,0.459854,0.430925,-0.046218,0.377019,0.314798,-0.057777,0.366546,0.338386,-0.040265,0.374436,0.366357,-0.019628,0.493070,0.374057,-0.040502,0.425101,0.275121,-0.046315,0.408209,0.306489,-0.024886,0.408330,0.333094,-0.003989,0.526522,0.340292,-0.034587,0.467473,0.263626,-0.031200,0.448084,0.291583,-0.011735,0.446885,0.325098,0.006804
663,1694940882.824982,1,,,0.0000,0.0000,0.0000,0.0000,71.3736,5549.5596,1.7898,120.0332,28.2004,209.2018,202.3320,191.9624,178.0970,0.002284,0.579660,0.583440,0.000000,0.509310,0.655228,-0.013804,0.431309,0.659432,-0.023662,0.370486,0.619115,-0.026960,0.322209,0.574527,-0.026586,0.430915,0.511680,-0.046865,0.348260,0.461441,-0.051443,0.306318,0.435777,-0.041201,0.281258,0.410994,-0.031023,0.463063,0.425955,-0.042947,0.378305,0.312694,-0.054331,0.373248,0.347872,-0.035602,0.388066,0.380922,-0.013057,0.496153,0.370262,-0.037005,0.426823,0.275991,-0.043887,0.419007,0.320550,-0.022680,0.427964,0.349790,-0.000792,0.528029,0.337841,-0.030954,0.468240,0.259042,-0.028339,0.455199,0.293243,-0.009461,0.462075,0.327019,0.009120
664,1694940882.833315,1,,,0.0000,0.0000,0.0000,0.0000,2.1217,6110.6131,1.7480,118.3951,27.3336,208.5863,202.2704,190.9065,175.4811,0.002619,0.579159,0.582450,-0.000000,0.508816,0.651147,-0.012388,0.431738,0.657285,-0.022475,0.370931,0.617979,-0.026724,0.322918,0.572826,-0.027353,0.429165,0.509873,-0.044071,0.349000,0.459052,-0.049398,0.308138,0.436412,-0.040365,0.283280,0.415383,-0.031210,0.461147,0.425992,-0.041831,0.378827,0.310956,-0.053660,0.374079,0.345821,-0.036360,0.387970,0.378359,-0.015133,0.495017,0.371730,-0.037645,0.428809,0.272057,-0.044626,0.420678,0.314959,-0.023977,0.428761,0.344388,-0.002912,0.528474,0.340517,-0.033349,0.471855,0.261617,-0.030649,0.459252,0.296441,-0.011717,0.466018,0.332030,0.006674
665,1694940882.841648,1,,,0.0000,0.0000,0.0000,0.0000,44.8862,6888.4755,1.9207,122.4128,24.1166,207.6877,201.2560,190.0673,175.2632,0.002251,0.580045,0.581801,0.000000,0.510645,0.652220,-0.014213,0.433290,0.658057,-0.024886,0.372370,0.617084,-0.029206,0.323254,0.572402,-0.029818,0.431994,0.509385,-0.045933,0.350624,0.460689,-0.051635,0.308559,0.435915,-0.042926,0.282954,0.412441,-0.033852,0.463069,0.423893,-0.042566,0.378637,0.310522,-0.055097,0.371951,0.344626,-0.038185,0.385934,0.378251,-0.016855,0.495816,0.368923,-0.037278,0.427930,0.273319,-0.044672,0.418796,0.317806,-0.023995,0.426831,0.348173,-0.002449,0.528133,0.336967,-0.032003,0.469684,0.258722,-0.029632,0.455598,0.292653,-0.010693,0.461144,0.326780,0.008020
666,1694940882.849982,1,,,0.0000,0.0000,0.0000,0.0000,50.9477,6741.8382,2.0028,126.1057,21.6884,203.2895,197.2149,186.7691,172.8728,0.001071,0.581133,0.583458,0.000000,0.510552,0.652168,-0.012788,0.432819,0.657229,-0.023702,0.372003,0.615668,-0.028431,0.324857,0.568536,-0.029614,0.432043,0.511147,-0.048157,0.351156,0.458355,-0.055469,0.308809,0.432185,-0.047519,0.282578,0.407931,-0.038868,0.463513,0.425420,-0.045823,0.379874,0.309861,-0.059115,0.374231,0.344817,-0.041581,0.388589,0.379122,-0.020023,0.496723,0.369329,-0.041343,0.428879,0.273990,-0.049080,0.420998,0.318980,-0.027152,0.430246,0.350367,-0.004888,0.529803,0.336433,-0.036772,0.470224,0.258629,-0.034048,0.456999,0.292899,-0.013994,0.463682,0.327788,0.005355
667,1694940882.858315,1,,,0.0000,0.0000,0.0000,0.0000,73.2093,5856.0156,1.3317,132.1667,24.5469,201.4636,196.0832,186.4496,173.7605,0.003887,0.580530,0.578620,0.000000,0.510942,0.649976,-0.013060,0.433935,0.653930,-0.023868,0.374314,0.608979,-0.028529,0.326539,0.565515,-0.030119,0.432918,0.506998,-0.047756,0.352022,0.455416,-0.055727,0.309766,0.430241,-0.050592,0.282661,0.406503,-0.044362,0.463772,0.420171,-0.045097,0.378647,0.312091,-0.056490,0.371046,0.346360,-0.040210,0.383255,0.378246,-0.021062,0.496308,0.364598,-0.040391,0.425740,0.269813,-0.046619,0.414468,0.315965,-0.024842,0.421432,0.348628,-0.003881,0.527958,0.332016,-0.035812,0.467453,0.254960,-0.033264,0.449546,0.287490,-0.014106,0.451030,0.320379,0.003953
668,1694940882.866648,1,,,0.0000,0.0000,0.0000,0.0000,50.0093,6981.4865,2.0337,130.6451,21.1109,198.6281,192.3132,182.0594,168.9897,0.004396,0.579650,0.578998,0.000000,0.510643,0.649255,-0.013813,0.434215,0.652991,-0.025162,0.374918,0.611243,-0.030863,0.327466,0.565697,-0.033173,0.433783,0.503771,-0.046032,0.353101,0.449525,-0.052647,0.310773,0.424844,-0.045543,0.285729,0.402144,-0.038260,0.466499,0.422406,-0.044613,0.384116,0.303673,-0.057534,0.379388,0.334585,-0.042019,0.394591,0.365439,-0.022756,0.500614,0.370626,-0.041396,0.432856,0.270288,-0.049375,0.427846,0.316810,-0.028493,0.439636,0.348671,-0.007781,0.533580,0.341520,-0.038378,0.476206,0.256038,-0.037978,0.464487,0.287593,-0.019834,0.472513,0.319612,-0.002163
669,1694940882.874982,1,28.8955,28.8955,-1.7332,0.0000,4.7864,242.8648,65.6895,6157.7024,2.4699,132.4167,23.9455,194.1568,189.9465,180.7452,166.5313,0.001467,0.581341,0.579189,0.000000,0.511366,0.650743,-0.014067,0.434177,0.651588,-0.023918,0.374454,0.605718,-0.027467,0.326239,0.559567,-0.027412,0.433065,0.496692,-0.043532,0.352859,0.446418,-0.048289,0.311912,0.422000,-0.039494,0.287112,0.399317,-0.030626,0.466384,0.414199,-0.040434,0.385649,0.299312,-0.052063,0.377990,0.330614,-0.035408,0.389891,0.362695,-0.014562,0.501020,0.363476,-0.035623,0.436122,0.266920,-0.042967,0.425743,0.307911,-0.023168,0.431795,0.336406,-0.002495,0.534584,0.335856,-0.030827,0.478822,0.258072,-0.028566,0.464747,0.290590,-0.009955,0.469837,0.324129,0.008302
670,1694940882.883315,1,34.0792,34.0792,-1.2116,0.5216,4.7897,194.6454,32.0451,7881.8679,2.6307,144.4352,23.3421,189.6883,183.3566,173.5825,160.7236,0.015843,0.581943,0.577198,0.000000,0.511605,0.651192,-0.014683,0.434396,0.649494,-0.024868,0.375764,0.601310,-0.028999,0.327975,0.557458,-0.029686,0.436743,0.495544,-0.044040,0.355078,0.443080,-0.049635,0.313160,0.416738,-0.042395,0.288314,0.392157,-0.034945,0.469847,0.414359,-0.041080,0.389050,0.295220,-0.052965,0.382662,0.323004,-0.037909,0.396601,0.351536,-0.018811,0.504031,0.364185,-0.036392,0.438014,0.263643,-0.043599,0.429981,0.307694,-0.023723,0.439130,0.338367,-0.003491,0.537146,0.336208,-0.031976,0.481958,0.250790,-0.030969,0.467862,0.280806,-0.013323,0.473076,0.312533,0.004168
671,1694940882.891648,1,-32.0851,-32.0851,-15.6930,-14.4814,26.7071,98.7161,20.6230,7359.9161,2.0591,143.9498,26.8814,182.7315,176.6585,166.8282,154.5065,0.009324,0.583935,0.577241,0.000000,0.513370,0.651668,-0.016869,0.437095,0.650155,-0.027555,0.378911,0.600825,-0.031033,0.331279,0.552902,-0.030810,0.438662,0.495945,-0.046732,0.357899,0.439251,-0.050160,0.316205,0.409749,-0.041011,0.291028,0.385382,-0.032123,0.471768,0.412106,-0.040761,0.393596,0.295689,-0.047810,0.380936,0.316213,-0.029708,0.387822,0.340958,-0.009680,0.505471,0.361107,-0.033220,0.441236,0.261970,-0.036740,0.425610,0.295123,-0.016115,0.426677,0.321086,0.003450,0.537138,0.332075,-0.026075,0.482584,0.250499,-0.023351,0.464961,0.275771,-0.005620,0.464612,0.305745,0.011482
672,1694940882.899982,1,32.9671,32.9671,-2.1425,13.5505,26.8938,38.6094,9.3704,6857.7346,2.4898,143.4375,31.2766,176.2434,170.0767,160.5386,149.6770,0.014732,0.585988,0.579860,0.000000,0.513404,0.649221,-0.015943,0.436186,0.645631,-0.026084,0.377516,0.594088,-0.029396,0.330119,0.544582,-0.029254,0.437797,0.491869,-0.045546,0.358926,0.435587,-0.049450,0.319086,0.404537,-0.041473,0.294156,0.377688,-0.033489,0.471182,0.407703,-0.040155,0.395691,0.292980,-0.046704,0.381762,0.309235,-0.029656,0.387126,0.330469,-0.011044,0.505509,0.356929,-0.033186,0.444557,0.257840,-0.035928,0.428762,0.287828,-0.016239,0.429450,0.312158,0.002146,0.538575,0.328708,-0.026658,0.486685,0.249160,-0.022614,0.469692,0.275887,-0.004917,0.470395,0.307713,0.011684
673,1694940882.908315,1,-34.5061,-34.5061,-15.8504,-13.7079,32.0344,1561.7980,13.0742,6682.3415,1.8185,141.3241,37.4129,171.5197,162.9997,151.6866,139.8026,0.020753,0.588133,0.578756,0.000000,0.516870,0.650649,-0.019081,0.439015,0.642523,-0.028798,0.381144,0.588308,-0.031456,0.335371,0.537168,-0.030437,0.441154,0.482877,-0.042642,0.363445,0.427350,-0.047870,0.322669,0.398596,-0.041620,0.298215,0.373766,-0.034851,0.475644,0.401720,-0.036467,0.399204,0.286828,-0.045887,0.387532,0.314676,-0.031253,0.396427,0.344516,-0.012935,0.510716,0.354574,-0.029445,0.449097,0.255707,-0.036004,0.435017,0.293882,-0.018692,0.438765,0.322090,-0.000282,0.544092,0.330530,-0.023151,0.493665,0.247788,-0.022759,0.476032,0.274748,-0.007549,0.477054,0.306472,0.008336
674,1694940882.916648,1,-33.1935,-33.1935,-16.8182,-0.9678,32.7286,1480.5085,15.2531,6032.3228,1.8358,140.2762,54.6875,162.8762,150.7708,136.7138,124.2864,0.025499,0.588881,0.578963,0.000000,0.516412,0.645642,-0.015774,0.439445,0.634859,-0.024839,0.382562,0.579798,-0.027982,0.339143,0.525935,-0.027969,0.440987,0.475178,-0.038824,0.366306,0.420415,-0.043324,0.328246,0.391439,-0.037607,0.305454,0.365730,-0.031591,0.477077,0.395581,-0.034623,0.403996,0.281723,-0.042388,0.390083,0.299063,-0.028780,0.395070,0.318376,-0.012529,0.513293,0.348669,-0.029337,0.454462,0.248913,-0.034334,0.438785,0.282011,-0.016706,0.440525,0.306841,0.000883,0.547211,0.325040,-0.024659,0.495965,0.242126,-0.022558,0.479195,0.270808,-0.005783,0.481855,0.303471,0.010594
675,1694940882.924982,1,35.2815,35.2815,16.8417,33.6598,33.0292,1518.4804,12.8188,5207.6974,1.5377,146.7739,60.9964,155.5854,145.2192,132.6183,123.3872,0.046381,0.591011,0.575113,0.000000,0.518848,0.644715,-0.018586,0.441925,0.631191,-0.027789,0.385089,0.574022,-0.030353,0.340882,0.520217,-0.029735,0.445645,0.471105,-0.040619,0.368949,0.411664,-0.045527,0.329177,0.380610,-0.040358,0.304814,0.353717,-0.034718,0.481493,0.390223,-0.033961,0.408374,0.274906,-0.042325,0.392000,0.288302,-0.029574,0.395818,0.308071,-0.013586,0.517819,0.343914,-0.026301,0.459565,0.245150,-0.031315,0.440634,0.277129,-0.013898,0.440520,0.303638,0.003933,0.552072,0.321005,-0.019531,0.502197,0.238891,-0.018008,0.481385,0.266198,-0.001986,0.480337,0.298964,0.014249
676,1694940882.933315,1,31.3636,31.3636,-0.4009,-17.2425,32.8758,1533.8914,5.9486,4775.9588,1.9935,133.0787,78.0942,144.6486,131.3558,118.1743,111.4072,0.080104,0.597199,0.577491,0.000000,0.520883,0.642516,-0.016858,0.445241,0.626920,-0.026193,0.388923,0.565052,-0.029215,0.345298,0.509047,-0.029257,0.449971,0.465546,-0.040569,0.375443,0.404382,-0.044561,0.337676,0.371500,-0.039328,0.314546,0.344653,-0.033718,0.485421,0.386163,-0.034182,0.413190,0.271975,-0.039349,0.393626,0.275794,-0.026207,0.394139,0.288055,-0.011661,0.521454,0.339964,-0.026444,0.463617,0.238898,-0.028841,0.445047,0.267439,-0.011301,0.445759,0.292912,0.005218,0.555602,0.315915,-0.019497,0.505623,0.236209,-0.015890,0.486326,0.265758,0.000887,0.487596,0.299842,0.016870
677,1694940882.941648,1,-31.0315,-31.0315,0.8687,1.2695,32.4900,1673.3253,5.2330,4325.7222,1.4665,132.6574,87.1712,135.3496,122.0268,109.3251,104.5081,0.097124,0.596093,0.571569,0.000000,0.521707,0.637267,-0.016774,0.446185,0.618001,-0.025069,0.392189,0.553048,-0.027588,0.349647,0.496750,-0.027326,0.452080,0.457715,-0.036570,0.380992,0.397072,-0.041237,0.343126,0.361035,-0.037484,0.319668,0.333624,-0.032823,0.488603,0.380261,-0.031420,0.421370,0.264592,-0.036623,0.397951,0.256508,-0.025348,0.392246,0.258035,-0.012441,0.525757,0.335867,-0.025390,0.472354,0.232634,-0.029006,0.451938,0.254856,-0.012405,0.448632,0.274836,0.003714,0.561322,0.313756,-0.020341,0.514626,0.227798,-0.017858,0.494423,0.252680,-0.000862,0.493585,0.284529,0.015482
678,1694940882.949982,1,37.5328,37.5328,17.6816,16.8129,32.8106,1716.2589,35.5845,5154.0790,1.9064,139.1921,92.5231,127.0399,114.9734,103.6066,101.4955,0.096436,0.598209,0.564614,0.000000,0.524223,0.633053,-0.019903,0.447991,0.607281,-0.029538,0.393261,0.540654,-0.032552,0.350677,0.487357,-0.033100,0.456336,0.445759,-0.042981,0.381437,0.383620,-0.048998,0.342576,0.348389,-0.046269,0.318728,0.318942,-0.042744,0.493953,0.365998,-0.035599,0.426813,0.253823,-0.042591,0.407452,0.259429,-0.032087,0.406536,0.271882,-0.019779,0.531559,0.322746,-0.027054,0.476548,0.227742,-0.032604,0.460620,0.264717,-0.016782,0.463247,0.295579,-0.001155,0.565633,0.302163,-0.019497,0.520691,0.221361,-0.019794,0.502829,0.253835,-0.004834,0.504624,0.289961,0.010031
679,1694940882.958315,1,-40.1219,-40.1219,-18.8509,-36.5324,34.6173,1536.9830,2.1474,4951.7292,1.6206,137.2708,105.2912,116.1514,102.6824,93.2349,96.3446,0.093966,0.600554,0.563590,0.000000,0.524300,0.628237,-0.022092,0.449104,0.597589,-0.032509,0.396181,0.527600,-0.036651,0.352848,0.473328,-0.038278,0.460078,0.437052,-0.040395,0.388517,0.372732,-0.046827,0.350634,0.337043,-0.045589,0.326715,0.307119,-0.043680,0.498748,0.361315,-0.033542,0.433703,0.245412,-0.041023,0.414249,0.253853,-0.032356,0.413911,0.271372,-0.021802,0.537625,0.321768,-0.026188,0.485416,0.219680,-0.032798,0.469952,0.258120,-0.018317,0.473537,0.291993,-0.003983,0.573097,0.304569,-0.020237,0.532485,0.219189,-0.022304,0.514767,0.253171,-0.009039,0.516509,0.293333,0.004281
680,1694940882.966648,1,29.7599,29.7599,-0.4009,18.4499,33.7623,1486.4864,44.9960,4950.1095,1.5766,142.2585,117.3754,104.2594,91.3935,86.6229,95.3579,0.091378,0.605884,0.562442,0.000000,0.529571,0.618917,-0.017085,0.453683,0.587080,-0.024795,0.400828,0.514015,-0.026548,0.361112,0.453030,-0.025889,0.466974,0.434753,-0.037558,0.394487,0.363913,-0.042057,0.356122,0.326460,-0.038083,0.331969,0.298130,-0.033674,0.504511,0.358831,-0.031279,0.439257,0.236022,-0.038492,0.422910,0.245188,-0.028452,0.425282,0.264943,-0.015595,0.541887,0.316510,-0.023667,0.490167,0.213641,-0.028758,0.476834,0.251842,-0.014180,0.481515,0.286093,0.000800,0.576568,0.296754,-0.016758,0.534838,0.215517,-0.015607,0.519034,0.249262,-0.001162,0.522739,0.286483,0.013097
681,1694940882.974982,1,35.2430,35.2430,16.5686,16.9696,34.3866,1806.1788,2.6134,4479.0879,1.7756,144.0417,135.2328,87.1021,75.7083,75.0051,89.1733,0.090325,0.609608,0.563969,0.000000,0.532479,0.615499,-0.018224,0.456793,0.577081,-0.025522,0.405670,0.500921,-0.026683,0.367248,0.441252,-0.025451,0.472536,0.420956,-0.036728,0.400822,0.348258,-0.040870,0.364166,0.309746,-0.037916,0.340262,0.281016,-0.034366,0.511398,0.347651,-0.029321,0.451187,0.228387,-0.034334,0.433685,0.231157,-0.025726,0.433216,0.247019,-0.015016,0.549204,0.308554,-0.020659,0.502221,0.204793,-0.024461,0.488808,0.238217,-0.011463,0.492680,0.271849,0.001778,0.583691,0.292355,-0.012836,0.546286,0.212619,-0.012066,0.529508,0.244379,0.000895,0.531420,0.281068,0.014108
682,1694940882.983315,1,-29.1056,-29.1056,-16.6596,-33.2282,33.9749,2039.1129,3.6053,4637.0087,1.6276,138.4105,150.9764,69.8776,57.4307,64.6473,87.3543,0.104739,0.610908,0.561021,0.000000,0.532463,0.608143,-0.017498,0.458745,0.563370,-0.024612,0.409159,0.484265,-0.025941,0.371423,0.425439,-0.024870,0.476968,0.409879,-0.035471,0.407514,0.336455,-0.039232,0.372296,0.296617,-0.036619,0.350419,0.264189,-0.033669,0.516458,0.339690,-0.028682,0.460879,0.219232,-0.032183,0.442794,0.209692,-0.024312,0.442561,0.216450,-0.015193,0.555289,0.303824,-0.020643,0.514416,0.195124,-0.023523,0.500344,0.226168,-0.011553,0.503945,0.262197,0.000270,0.590095,0.290462,-0.013450,0.556590,0.213974,-0.013462,0.538327,0.242073,-0.002155,0.538334,0.276412,0.009634
683,1694940882.991648,1,38.2279,38.2279,19.5875,36.2471,34.1021,2278.8358,11.6084,4671.2117,1.9195,134.1960,170.7022,60.5557,40.4306,51.1939,83.2962,0.090717,0.610818,0.556366,0.000000,0.533118,0.603238,-0.019201,0.460407,0.551601,-0.026170,0.412439,0.469907,-0.027297,0.373987,0.411066,-0.026125,0.481641,0.397967,-0.034805,0.414705,0.321147,-0.040558,0.381121,0.281957,-0.039486,0.361646,0.249124,-0.037541,0.522539,0.331818,-0.028285,0.468591,0.208649,-0.034830,0.451856,0.221875,-0.027374,0.455162,0.246464,-0.017360,0.562370,0.300945,-0.021195,0.524045,0.183584,-0.026729,0.508054,0.222192,-0.015287,0.511976,0.262068,-0.003103,0.598088,0.293347,-0.015151,0.567929,0.210173,-0.016973,0.547995,0.239530,-0.007086,0.547055,0.274485,0.003768
684,1694940882.999982,1,35.7900,35.7900,1.5075,-18.0799,25.6939,2494.9933,8.3663,5849.0838,2.2165,142.4352,189.3235,46.5633,20.6134,49.3195,90.8636,0.099050,0.614540,0.549355,0.000000,0.535347,0.594620,-0.016699,0.464500,0.542010,-0.023615,0.417265,0.460717,-0.024925,0.379884,0.399965,-0.024113,0.487162,0.390304,-0.034015,0.422121,0.307831,-0.038706,0.389485,0.262481,-0.036419,0.370140,0.225812,-0.033383,0.529309,0.324111,-0.027602,0.477475,0.197105,-0.031445,0.461435,0.205117,-0.021528,0.464668,0.225862,-0.009904,0.569833,0.293413,-0.020263,0.530937,0.174876,-0.022963,0.515642,0.212722,-0.009212,0.519874,0.252774,0.004242,0.605400,0.286732,-0.013815,0.575161,0.203113,-0.013332,0.555950,0.231191,-0.001531,0.555529,0.267075,0.010694
685,1694940883.008315,1,-37.2966,-37.2966,-18.1349,-19.6425,34.2204,1948.7292,17.4909,8406.1461,1.7005,144.9583,194.8539,48.3281,11.1875,44.4503,85.9907,0.091458,0.618751,0.550417,-0.000000,0.536927,0.592214,-0.018791,0.465111,0.533325,-0.026252,0.419032,0.448432,-0.028080,0.382057,0.388795,-0.027579,0.494140,0.374731,-0.032654,0.429265,0.289536,-0.036049,0.395816,0.251971,-0.033670,0.376425,0.222081,-0.031003,0.538202,0.313368,-0.025002,0.488480,0.185680,-0.028477,0.467415,0.194067,-0.020139,0.465681,0.214331,-0.010163,0.578740,0.289132,-0.016518,0.538552,0.171621,-0.019074,0.520406,0.207246,-0.006165,0.523231,0.247247,0.006553,0.613416,0.287606,-0.009172,0.581213,0.199109,-0.008616,0.558655,0.221516,0.002707,0.556680,0.254922,0.014421
686,1694940883.016648,1,-29.4599,-29.4599,-0.0886,18.0464,33.9203,1847.6111,13.4553,9286.2108,3.1252,147.4321,213.6674,52.9382,6.1171,49.5457,96.9690,0.122872,0.619897,0.545809,0.000000,0.537689,0.583514,-0.017493,0.468714,0.527221,-0.024642,0.425904,0.442063,-0.026538,0.390153,0.379320,-0.026012,0.499028,0.366903,-0.031177,0.437536,0.285216,-0.032839,0.406091,0.246341,-0.030200,0.387541,0.214048,-0.027958,0.542910,0.308794,-0.025450,0.496094,0.181488,-0.025978,0.474100,0.159590,-0.019135,0.469607,0.153770,-0.012655,0.583760,0.287290,-0.018741,0.549632,0.165202,-0.020809,0.533916,0.198908,-0.009114,0.536422,0.241075,0.001494,0.619192,0.288523,-0.013152,0.592283,0.203935,-0.013960,0.572787,0.227757,-0.003444,0.572010,0.263181,0.007168
687,1694940883.024982,1,-24.0384,-24.0384,-15.5666,-15.4780,33.2349,1427.3287,24.3785,8815.6949,2.8638,127.3580,227.9681,71.3823,24.1570,42.7838,89.2348,0.095697,0.622600,0.543099,-0.000000,0.541491,0.579907,-0.018356,0.471862,0.516487,-0.025839,0.428407,0.427872,-0.027578,0.392758,0.366527,-0.026187,0.505793,0.356953,-0.031837,0.443551,0.272578,-0.033214,0.414376,0.242559,-0.027037,0.402990,0.224696,-0.020595,0.550585,0.300605,-0.023718,0.505038,0.171255,-0.024765,0.482110,0.178527,-0.012071,0.478570,0.198979,0.001645,0.590689,0.280060,-0.015000,0.557525,0.157287,-0.016594,0.536988,0.188431,-0.001084,0.535955,0.226460,0.014085,0.624391,0.282383,-0.007272,0.596809,0.193955,-0.005777,0.574606,0.213480,0.006990,0.571535,0.246017,0.020392
688,1694940883.033315,1,20.4376,20.4376,-3.8381,11.7285,29.3135,1400.9229,8.1106,8752.3381,2.0823,131.0633,247.0251,71.8082,34.1383,58.7345,106.7801,0.103427,0.628987,0.548458,-0.000000,0.547362,0.577751,-0.017855,0.477051,0.511148,-0.025671,0.432578,0.416791,-0.027049,0.396177,0.358880,-0.025256,0.513001,0.357647,-0.034674,0.450932,0.260348,-0.036922,0.423605,0.225994,-0.030584,0.411262,0.204018,-0.023432,0.557576,0.296384,-0.023967,0.510190,0.163903,-0.023029,0.489450,0.185413,-0.007069,0.488701,0.220204,0.009566,0.597942,0.272599,-0.012317,0.564029,0.152828,-0.012382,0.543476,0.183328,0.003427,0.542426,0.222652,0.019110,0.631496,0.272464,-0.001169,0.603476,0.195168,0.002594,0.582509,0.212904,0.015341,0.579444,0.241106,0.028711
689,1694940883.041648,1,-17.6317,-17.6317,4.9162,8.7543,20.0845,1570.0204,3.6893,8487.3034,1.7354,124.3125,255.4616,74.1745,40.9890,65.3002,112.6947,0.098570,0.631480,0.548376,-0.000000,0.550419,0.572921,-0.018960,0.481306,0.502964,-0.027045,0.438442,0.409017,-0.028581,0.402553,0.351126,-0.026887,0.517809,0.352093,-0.034210,0.457155,0.255128,-0.036719,0.429676,0.220566,-0.030805,0.416731,0.197502,-0.024233,0.563058,0.294685,-0.023634,0.518635,0.159178,-0.024491,0.499018,0.188255,-0.008945,0.499596,0.226958,0.007797,0.603407,0.273764,-0.012420,0.570015,0.151621,-0.014944,0.550158,0.187095,-0.000159,0.550711,0.227335,0.015296,0.637062,0.274878,-0.001708,0.609177,0.192026,0.000399,0.588175,0.212381,0.012527,0.585842,0.241988,0.025454
690,1694940883.049982,0,-24.8173,-24.8173,1.1607,-3.7556,18.1651,1307.4820,50.6351,10351.8721,2.0738,117.4035,264.7123,81.1224,46.8828,64.3468,107.0676,0.070911,0.637295,0.545962,-0.000000,0.554836,0.567061,-0.021301,0.486158,0.499442,-0.030253,0.443384,0.406491,-0.032539,0.407075,0.343292,-0.031165,0.523127,0.345718,-0.033157,0.460930,0.245187,-0.033487,0.434092,0.215428,-0.025230,0.423055,0.197032,-0.016998,0.569208,0.290107,-0.021235,0.522905,0.149188,-0.023088,0.501623,0.176004,-0.008178,0.501401,0.214592,0.008854,0.608854,0.270178,-0.008827,0.571833,0.149726,-0.011210,0.550417,0.184325,0.003058,0.550176,0.223336,0.018677,0.641378,0.270900,0.002894,0.609656,0.182996,0.006048,0.587019,0.200812,0.018265,0.584277,0.229829,0.031373
691,1694940883.058315,0,30.4340,30.4340,13.6181,12.4574,23.6634,2118.9480,10.4973,10440.7101,2.2223,125.3696,280.2656,88.0764,58.1984,74.4543,115.4529,0.068221,0.637212,0.546502,-0.000000,0.555947,0.562684,-0.022181,0.489136,0.492064,-0.031936,0.446620,0.397567,-0.034567,0.410868,0.333028,-0.033633,0.527032,0.342519,-0.036047,0.465880,0.239482,-0.036694,0.439792,0.204945,-0.027927,0.428477,0.181161,-0.019061,0.572782,0.286368,-0.022383,0.527650,0.146814,-0.023011,0.507688,0.177089,-0.005895,0.508379,0.217755,0.012663,0.612324,0.266610,-0.008157,0.576038,0.142123,-0.010736,0.555147,0.178986,0.003932,0.555083,0.220912,0.020168,0.644649,0.267467,0.005637,0.612997,0.179583,0.008459,0.589665,0.197267,0.020322,0.585821,0.225461,0.033388
692,1694940883.066648,0,26.1810,26.1810,1.4358,-12.1823,23.3095,1150.2445,10.2556,9140.6454,1.6378,120.4637,286.2460,97.9324,67.9669,81.3560,119.2234,0.064073,0.640449,0.543615,-0.000000,0.560105,0.561088,-0.026356,0.489523,0.488943,-0.035484,0.447148,0.391050,-0.036123,0.413281,0.326053,-0.032466,0.531757,0.332434,-0.038391,0.467937,0.228617,-0.037077,0.443144,0.201582,-0.027293,0.435300,0.186271,-0.018203,0.577194,0.279924,-0.021750,0.533788,0.138165,-0.022032,0.511355,0.157655,-0.007557,0.509408,0.195957,0.008408,0.615204,0.262932,-0.004474,0.577378,0.143599,-0.005539,0.553709,0.178501,0.007246,0.550428,0.221706,0.021436,0.647039,0.266307,0.011839,0.615511,0.179129,0.014206,0.591081,0.193326,0.023863,0.584595,0.220141,0.035124
693,1694940883.074982,0,-24.0190,-24.0190,-1.5968,-3.0327,24.8835,1127.9733,12.5563,12035.5952,1.3009,124.0941,291.5699,96.9371,71.1836,89.7422,132.2524,0.069623,0.642574,0.539122,-0.000000,0.560186,0.556590,-0.024310,0.493023,0.483676,-0.034304,0.450974,0.385958,-0.035952,0.417723,0.317724,-0.033455,0.534680,0.337496,-0.041899,0.472809,0.227005,-0.042093,0.445868,0.191620,-0.031141,0.434525,0.170826,-0.020193,0.581306,0.283203,-0.025308,0.534667,0.140421,-0.025346,0.511452,0.167388,-0.005801,0.509462,0.205635,0.014752,0.620288,0.264122,-0.007886,0.581151,0.137055,-0.009211,0.556154,0.171052,0.008169,0.552778,0.211559,0.026604,0.651119,0.266399,0.008974,0.617984,0.174080,0.012608,0.591529,0.185311,0.025265,0.584892,0.209172,0.039376
694,1694940883.083315,0,23.0107,23.0107,11.9570,13.5538,25.0774,1751.1595,51.8031,12000.6584,1.7319,123.5556,299.2441,108.3681,82.9123,97.0192,133.6205,0.056738,0.642468,0.543305,-0.000000,0.560459,0.554340,-0.021780,0.495018,0.479854,-0.030403,0.454464,0.383795,-0.030585,0.422615,0.315029,-0.026055,0.537407,0.333403,-0.042049,0.477116,0.224938,-0.039849,0.451281,0.191057,-0.025348,0.441033,0.169238,-0.012027,0.583881,0.281757,-0.026115,0.539421,0.133596,-0.027608,0.515879,0.160531,-0.006498,0.514194,0.201520,0.016520,0.623160,0.264887,-0.008685,0.587500,0.135735,-0.009834,0.561404,0.166707,0.009831,0.556446,0.206462,0.030843,0.654122,0.271011,0.008429,0.624022,0.176212,0.013661,0.595850,0.183860,0.027953,0.586170,0.206852,0.043799
695,1694940883.091648,0,-47.5423,-47.5423,-19.4941,-31.4511,31.5130,1416.0534,84.5287,13233.2666,1.8601,114.5841,296.1070,105.5419,81.0374,95.9426,132.2725,0.056161,0.645351,0.533445,-0.000000,0.564137,0.552458,-0.025471,0.497318,0.477994,-0.036167,0.456203,0.379720,-0.038313,0.426667,0.308461,-0.036429,0.542733,0.332456,-0.045269,0.481278,0.223943,-0.048313,0.450988,0.189005,-0.039538,0.438829,0.167589,-0.030165,0.589226,0.279336,-0.029807,0.544088,0.129664,-0.035745,0.516694,0.160806,-0.019486,0.514008,0.206425,0.000027,0.626767,0.261991,-0.013456,0.588968,0.132388,-0.019114,0.561318,0.171237,-0.004164,0.558853,0.215393,0.013623,0.656402,0.266254,0.002344,0.623581,0.170033,0.003812,0.596476,0.186211,0.015581,0.590799,0.216482,0.029251
696,1694940883.099982,0,32.2387,32.2387,1.5144,21.0085,31.8495,733.6226,33.1932,11465.9511,2.9361,117.9776,302.3141,108.3180,84.5624,99.2953,137.6666,0.055956,0.646577,0.535118,-0.000000,0.563893,0.551093,-0.022288,0.498597,0.475907,-0.031868,0.457639,0.378460,-0.033283,0.427222,0.308867,-0.030746,0.542931,0.329453,-0.043712,0.480647,0.220900,-0.044642,0.450917,0.182183,-0.033441,0.439173,0.157737,-0.022356,0.588911,0.277442,-0.028912,0.545922,0.129751,-0.031006,0.522144,0.160325,-0.011209,0.520654,0.201214,0.010120,0.626945,0.259866,-0.012965,0.590997,0.128938,-0.016086,0.564948,0.167606,0.001309,0.562509,0.210403,0.020246,0.657193,0.263994,0.002708,0.625830,0.164928,0.005905,0.599265,0.180767,0.019315,0.593716,0.210403,0.033934
697,1694940883.108315,0,25.9542,25.9542,12.4933,10.9789,31.8152,1506.2605,63.2784,11967.8458,2.4325,120.7230,306.0756,112.6500,89.1538,103.2723,140.1702,0.052332,0.648263,0.539308,-0.000000,0.565834,0.548224,-0.020585,0.500026,0.474421,-0.029125,0.459904,0.378131,-0.028583,0.430722,0.307015,-0.023476,0.545370,0.332117,-0.048436,0.483982,0.220601,-0.046104,0.455373,0.181231,-0.029988,0.442667,0.156470,-0.015347,0.592119,0.279862,-0.032152,0.550020,0.125627,-0.034359,0.525454,0.153559,-0.010730,0.522098,0.197456,0.014536,0.630621,0.262767,-0.013645,0.594949,0.133008,-0.015357,0.568264,0.166816,0.004887,0.562927,0.207443,0.026496,0.660804,0.267973,0.005112,0.630080,0.168637,0.011357,0.602170,0.181161,0.027216,0.593936,0.209800,0.043812
698,1694940883.116648,0,-46.4860,-46.4860,-17.3742,-29.8675,36.4164,1942.9376,69.4560,7882.5600,1.9622,121.7338,309.0131,121.1011,95.1003,104.5603,138.3870,0.044907,0.650191,0.537541,-0.000000,0.568729,0.548472,-0.027102,0.501086,0.474185,-0.039502,0.460428,0.375270,-0.043137,0.429471,0.304450,-0.042727,0.547115,0.327137,-0.049406,0.486810,0.216572,-0.053367,0.459208,0.178876,-0.044719,0.447774,0.157506,-0.035348,0.594267,0.274833,-0.033269,0.551238,0.126449,-0.038557,0.523588,0.153926,-0.020898,0.517823,0.198310,-0.000829,0.632343,0.259161,-0.016310,0.594818,0.128739,-0.021252,0.565959,0.161224,-0.004425,0.559268,0.203690,0.014211,0.662187,0.265822,-0.000180,0.630388,0.167786,0.000631,0.602170,0.177073,0.012677,0.592824,0.202953,0.026728
699,1694940883.124982,0,20.9402,20.9402,17.1206,34.4948,36.1339,1673.6236,61.3530,9694.8943,1.3938,119.4444,304.5614,115.0000,90.2129,102.6884,139.6878,0.044748,0.649031,0.537605,-0.000000,0.567538,0.551735,-0.022867,0.502543,0.478570,-0.033127,0.461751,0.377432,-0.033939,0.431393,0.304832,-0.030184,0.548974,0.332038,-0.052121,0.486039,0.217970,-0.051017,0.456665,0.178349,-0.035345,0.443456,0.154577,-0.020796,0.596136,0.278678,-0.034823,0.553849,0.120388,-0.038717,0.529874,0.150624,-0.015950,0.526695,0.196156,0.009068,0.634609,0.262628,-0.015208,0.601264,0.129346,-0.018643,0.575748,0.164150,-0.000198,0.570733,0.207072,0.020552,0.663947,0.270039,0.004705,0.634343,0.174191,0.009801,0.607092,0.189052,0.024185,0.598584,0.219882,0.039883
700,1694940883.133315,0,-19.3169,-19.3169,-12.8889,-30.0095,30.4959,1791.0661,38.0106,9624.1085,1.8597,110.0694,301.8757,114.7948,87.5899,97.0734,132.3096,0.041188,0.650652,0.537156,-0.000000,0.568828,0.550339,-0.026907,0.502315,0.477410,-0.037662,0.460309,0.377660,-0.037540,0.429264,0.303636,-0.032095,0.550822,0.326776,-0.054970,0.487155,0.215469,-0.051249,0.456343,0.180718,-0.032998,0.442931,0.160662,-0.016792,0.597455,0.273887,-0.033814,0.553277,0.121487,-0.034350,0.527038,0.148426,-0.009063,0.522706,0.190547,0.017019,0.634251,0.258174,-0.010543,0.597467,0.128221,-0.011364,0.569495,0.159321,0.008965,0.562696,0.199763,0.030486,0.661545,0.264577,0.012634,0.629986,0.165236,0.018705,0.601789,0.177298,0.033606,0.593188,0.206402,0.049530
701,1694940883.141648,0,19.8055,19.8055,-1.5372,11.3517,28.4194,594.9744,12.0151,9050.4185,1.5880,107.2392,300.0593,114.8479,86.2222,93.2062,125.8729,0.036615,0.651636,0.535715,-0.000000,0.567393,0.548609,-0.026037,0.501074,0.475337,-0.036852,0.459159,0.375087,-0.038077,0.428226,0.299678,-0.034242,0.549486,0.320549,-0.048817,0.483255,0.212668,-0.046654,0.452922,0.181995,-0.030789,0.442750,0.165506,-0.016315,0.597255,0.269900,-0.030502,0.555949,0.114753,-0.033811,0.530958,0.146295,-0.012035,0.528338,0.188119,0.012102,0.635352,0.256308,-0.010549,0.603099,0.124718,-0.013046,0.575426,0.160011,0.006234,0.570130,0.201126,0.027397,0.664205,0.266127,0.009060,0.635574,0.165964,0.013674,0.606704,0.178088,0.028205,0.597922,0.206210,0.044340
702,1694940883.149982,0,37.5414,37.5414,21.0069,22.5440,30.7995,2781.2463,27.3325,15745.3807,1.8696,102.7238,288.2172,113.0728,79.6339,80.1752,107.0667,0.026404,0.654787,0.543643,-0.000000,0.570929,0.549727,-0.031613,0.505284,0.476279,-0.045517,0.463203,0.377087,-0.048450,0.432278,0.300587,-0.045328,0.551379,0.325121,-0.058712,0.484304,0.215190,-0.058763,0.452756,0.191906,-0.042776,0.439343,0.183317,-0.028107,0.598583,0.273540,-0.038060,0.554280,0.116666,-0.044448,0.529754,0.148105,-0.023537,0.525810,0.192985,-0.000250,0.635628,0.257520,-0.015808,0.598913,0.124789,-0.020485,0.571841,0.156309,-0.000868,0.564911,0.196528,0.020287,0.663499,0.264118,0.005665,0.633215,0.161608,0.007683,0.603948,0.168597,0.021006,0.592276,0.192694,0.036305
703,1694940883.158315,0,33.0661,33.0661,3.0315,-17.9754,20.0623,396.3269,5.9225,8860.5996,1.0648,112.9020,298.6409,112.6338,84.0937,91.8223,125.5389,0.035331,0.652026,0.537808,-0.000000,0.568062,0.548289,-0.027237,0.502254,0.475687,-0.039292,0.460013,0.374447,-0.041014,0.429581,0.298670,-0.037676,0.551298,0.323258,-0.055874,0.483290,0.212028,-0.056075,0.452949,0.178821,-0.041625,0.440556,0.159568,-0.027909,0.598432,0.269883,-0.036429,0.554526,0.116372,-0.040478,0.531009,0.149110,-0.018821,0.528289,0.193527,0.004601,0.635500,0.253680,-0.014994,0.599921,0.123672,-0.018900,0.573902,0.160516,-0.000549,0.568651,0.203726,0.019686,0.663280,0.259672,0.006344,0.632366,0.161073,0.010032,0.605031,0.176425,0.024197,0.596622,0.206900,0.039745
704,1694940883.166648,0,15.0485,15.0485,8.5913,5.5599,20.0519,2345.5026,73.5292,9901.5004,1.9082,111.8380,294.3703,112.3258,82.8763,87.8633,117.7241,0.030306,0.653663,0.539698,-0.000000,0.568278,0.550203,-0.026276,0.502586,0.478166,-0.038019,0.459257,0.376236,-0.038678,0.426516,0.299689,-0.033493,0.551311,0.323813,-0.059248,0.483206,0.212202,-0.053065,0.452260,0.181180,-0.029539,0.440203,0.166664,-0.009468,0.597979,0.270089,-0.038098,0.552994,0.116491,-0.037880,0.528819,0.151812,-0.008861,0.525098,0.194922,0.020051,0.635479,0.254002,-0.014187,0.599853,0.122407,-0.014231,0.573702,0.158316,0.009207,0.567489,0.201502,0.032770,0.662940,0.262261,0.009908,0.633192,0.162755,0.016894,0.604584,0.176486,0.033382,0.595183,0.206910,0.050494
705,1694940883.174982,0,-28.1810,-28.1810,-11.9966,-20.5880,23.3287,2569.0720,56.7632,11516.9419,1.9235,113.3835,294.2366,113.4283,83.8238,86.7124,112.6417,0.027570,0.652687,0.534754,-0.000000,0.567638,0.548122,-0.024522,0.500670,0.475751,-0.034902,0.457557,0.377422,-0.035568,0.427900,0.299589,-0.030947,0.548696,0.319172,-0.050289,0.479554,0.207776,-0.046927,0.449320,0.179823,-0.028877,0.440378,0.168238,-0.012668,0.596592,0.267561,-0.031670,0.552626,0.114154,-0.033423,0.529581,0.150480,-0.009420,0.528442,0.193634,0.015655,0.634807,0.252751,-0.011092,0.599297,0.118873,-0.013215,0.574124,0.158575,0.006643,0.570945,0.202349,0.027654,0.663670,0.260965,0.009593,0.632531,0.157352,0.015114,0.605632,0.175493,0.030627,0.600319,0.208970,0.046792
706,1694940883.183315,0,31.9622,31.9622,-1.3948,10.6019,24.2699,396.5865,77.7919,10402.1236,1.7148,112.2068,293.5558,108.2566,77.1122,82.7021,113.9957,0.035301,0.652798,0.537663,-0.000000,0.569035,0.550077,-0.027086,0.501680,0.479570,-0.039269,0.458468,0.379562,-0.041158,0.427085,0.303925,-0.037363,0.548353,0.324099,-0.053937,0.480368,0.209921,-0.053024,0.449902,0.181348,-0.036744,0.438049,0.168324,-0.021512,0.595802,0.270357,-0.034627,0.549806,0.112042,-0.038752,0.525653,0.145542,-0.016270,0.523497,0.191330,0.008374,0.633855,0.252797,-0.013462,0.597391,0.117072,-0.016623,0.570975,0.152225,0.002972,0.565874,0.194945,0.024341,0.662764,0.258131,0.007471,0.631352,0.158102,0.011940,0.603050,0.170463,0.026198,0.594004,0.197957,0.042054
707,1694940883.191648,0,-36.7720,-36.7720,-17.4595,-16.0647,29.8061,2640.6013,5.3295,14812.1616,1.6368,106.2106,283.7580,106.6795,73.3035,75.1789,102.0110,0.025721,0.653535,0.537064,-0.000000,0.569313,0.552228,-0.030084,0.502179,0.481388,-0.043177,0.457599,0.380852,-0.045129,0.426305,0.304603,-0.041223,0.548771,0.323694,-0.058245,0.478425,0.211751,-0.056602,0.445857,0.187415,-0.039092,0.433094,0.177858,-0.023294,0.596062,0.268829,-0.036864,0.547441,0.114205,-0.041348,0.522593,0.151740,-0.019086,0.520598,0.199114,0.005049,0.633305,0.251596,-0.013472,0.594098,0.116737,-0.017588,0.568209,0.155768,0.000585,0.564634,0.201302,0.020787,0.660730,0.257027,0.009694,0.627494,0.156777,0.012581,0.598901,0.172609,0.025175,0.590900,0.203361,0.039641
708,1694940883.199982,0,-15.7457,-15.7457,-7.6985,9.7610,26.1356,2750.4899,79.0317,12699.6577,1.2498,113.0193,288.4420,112.5306,78.2713,78.2625,105.3898,0.025417,0.651830,0.539468,-0.000000,0.567239,0.550141,-0.027380,0.498829,0.480866,-0.038369,0.454959,0.382294,-0.037586,0.423658,0.306438,-0.030225,0.547004,0.324197,-0.058941,0.479587,0.209703,-0.050784,0.450103,0.186431,-0.025675,0.438089,0.179795,-0.004712,0.594602,0.271515,-0.035852,0.546268,0.118272,-0.034456,0.519960,0.149841,-0.005258,0.514657,0.193417,0.023429,0.632554,0.255783,-0.009957,0.592144,0.122289,-0.007636,0.563971,0.153236,0.017504,0.555644,0.194357,0.041752,0.660420,0.264412,0.015784,0.628938,0.159373,0.023358,0.598905,0.166344,0.039749,0.587593,0.191262,0.056956
709,1694940883.208315,0,-42.5244,-42.5244,-3.5859,4.1127,26.6776,174.6620,77.8957,12035.8782,1.1061,117.8835,289.8741,109.9545,78.2563,81.6832,109.4387,0.027563,0.650996,0.536511,-0.000000,0.567701,0.550514,-0.036074,0.497597,0.479432,-0.051248,0.453135,0.379885,-0.054944,0.421150,0.305366,-0.052822,0.545755,0.317676,-0.061234,0.475090,0.204040,-0.060072,0.445877,0.179806,-0.044041,0.436671,0.171985,-0.030093,0.594757,0.266447,-0.038988,0.545449,0.116924,-0.042538,0.519340,0.147941,-0.022410,0.515433,0.191486,-0.001722,0.632242,0.252486,-0.015632,0.591458,0.118039,-0.019214,0.563127,0.150255,-0.001211,0.555962,0.193680,0.017093,0.659867,0.261192,0.006372,0.628763,0.158441,0.006471,0.599750,0.167184,0.016846,0.589058,0.193234,0.029114
710,1694940883.216648,0,-43.6133,-43.6133,-18.8939,-15.3080,28.4796,2733.1280,67.7813,12313.0291,1.7540,121.5679,288.5930,108.0399,75.0853,78.7762,109.5121,0.032640,0.650723,0.539166,-0.000000,0.567765,0.551937,-0.033984,0.497857,0.484620,-0.049444,0.452240,0.386017,-0.053504,0.420632,0.310436,-0.051746,0.544358,0.327010,-0.063820,0.475476,0.210506,-0.064727,0.445507,0.183607,-0.049294,0.434138,0.172146,-0.035235,0.590985,0.270867,-0.042126,0.539543,0.120402,-0.046603,0.513085,0.153712,-0.024675,0.509492,0.199892,-0.002136,0.628069,0.251784,-0.018996,0.585998,0.115670,-0.022384,0.557977,0.148812,-0.002180,0.551613,0.192891,0.018044,0.656434,0.255994,0.002967,0.623653,0.153452,0.004101,0.593530,0.162399,0.015891,0.582079,0.187457,0.029484
711,1694940883.224982,0,-27.6911,-27.6911,2.2702,21.1641,10.4223,138.5405,73.9233,10937.6634,1.8315,113.4853,283.8054,103.9703,71.3206,74.9577,104.2134,0.027400,0.650456,0.539227,-0.000000,0.565762,0.553871,-0.027811,0.495317,0.486322,-0.039663,0.449959,0.388983,-0.040762,0.419368,0.312960,-0.036024,0.541101,0.326291,-0.056617,0.471434,0.209834,-0.052653,0.441419,0.183934,-0.032997,0.430027,0.173141,-0.015863,0.588432,0.271051,-0.035424,0.536399,0.120891,-0.036213,0.510022,0.156179,-0.010430,0.506875,0.201946,0.015377,0.626707,0.253860,-0.012185,0.584295,0.117495,-0.012452,0.556447,0.153555,0.010070,0.550898,0.198090,0.032374,0.656022,0.261093,0.010648,0.623702,0.155185,0.016181,0.593485,0.166418,0.030954,0.583805,0.195049,0.046733
712,1694940883.233315,0,-28.3387,-28.3387,-3.1483,-5.4185,10.4013,565.5514,2.5575,12826.4400,1.3400,106.5725,271.2626,102.7210,65.1398,63.3553,90.8940,0.026831,0.647124,0.537992,-0.000000,0.563648,0.553304,-0.031521,0.493978,0.485981,-0.044566,0.448819,0.389019,-0.046915,0.415231,0.317209,-0.043311,0.539118,0.324127,-0.056906,0.469932,0.211742,-0.053172,0.437608,0.193703,-0.034485,0.425003,0.192636,-0.018591,0.587222,0.269129,-0.035646,0.535501,0.122882,-0.036296,0.504363,0.150226,-0.013370,0.496153,0.193637,0.009145,0.624949,0.253274,-0.012880,0.583210,0.119222,-0.013182,0.552137,0.145947,0.007660,0.542071,0.187518,0.027634,0.653154,0.262004,0.008750,0.622945,0.158882,0.011493,0.590996,0.163887,0.023623,0.576488,0.188623,0.037212
713,1694940883.241648,0,-37.2785,-37.2785,1.3115,4.4598,6.7799,721.2169,70.3674,12407.4313,1.0167,104.7353,267.6183,95.6627,57.5916,57.5568,88.3356,0.027991,0.648254,0.540988,-0.000000,0.564115,0.554939,-0.031716,0.494099,0.489754,-0.046943,0.447571,0.393081,-0.051206,0.413169,0.320208,-0.049612,0.538985,0.326625,-0.063346,0.465970,0.215042,-0.063971,0.433079,0.197589,-0.047819,0.419717,0.194471,-0.032901,0.586153,0.269473,-0.042453,0.531491,0.122154,-0.046804,0.502998,0.158027,-0.023965,0.498271,0.204392,-0.000710,0.623139,0.250928,-0.019769,0.578748,0.116884,-0.023361,0.550014,0.151194,-0.002631,0.543837,0.195341,0.018172,0.651481,0.255672,0.002115,0.617274,0.152298,0.003701,0.586102,0.162553,0.016696,0.574433,0.188934,0.031300
714,1694940883.249982,0,42.7101,42.7101,21.5808,20.2693,31.3390,2593.8603,36.4832,11751.9921,1.5519,109.2840,272.1468,88.8020,55.1756,64.4902,101.2994,0.040685,0.645742,0.536679,-0.000000,0.563168,0.554571,-0.038592,0.491358,0.488461,-0.055627,0.443667,0.392654,-0.060646,0.409752,0.319763,-0.059886,0.537833,0.327550,-0.068906,0.465399,0.214789,-0.070497,0.431814,0.188085,-0.055476,0.416937,0.178298,-0.041859,0.585015,0.271721,-0.045826,0.529180,0.126916,-0.050067,0.497944,0.153684,-0.028491,0.490170,0.196436,-0.007163,0.621478,0.254428,-0.021728,0.574077,0.118911,-0.025996,0.542791,0.149030,-0.005627,0.534341,0.192734,0.014276,0.648606,0.259741,0.000630,0.614037,0.152622,-0.001251,0.581497,0.159102,0.009466,0.567636,0.184825,0.022376
715,1694940883.258315,0,23.8961,23.8961,12.8968,-8.6840,32.2866,2145.6012,63.2011,9568.3194,1.2531,111.0602,275.7056,89.6126,59.0700,71.2474,107.7034,0.044752,0.645258,0.537979,-0.000000,0.561706,0.553049,-0.030988,0.489649,0.488289,-0.044107,0.443260,0.392874,-0.045774,0.407594,0.322514,-0.041752,0.534521,0.321309,-0.061308,0.462712,0.209349,-0.056957,0.432196,0.182303,-0.037578,0.418357,0.170177,-0.021077,0.581346,0.265253,-0.038688,0.530746,0.119614,-0.037789,0.505747,0.147576,-0.012439,0.500549,0.189376,0.011732,0.619262,0.248910,-0.013991,0.575996,0.120497,-0.013121,0.550340,0.154862,0.008369,0.543807,0.198651,0.028640,0.648540,0.255603,0.010053,0.615222,0.157060,0.015427,0.586835,0.172423,0.029738,0.577397,0.203095,0.044394
716,1694940883.266648,0,-37.4038,-37.4038,-2.2663,-15.1631,33.8283,317.5975,26.7715,10409.1307,0.9889,104.5069,264.2838,89.3314,51.7527,56.3301,91.1323,0.036610,0.642402,0.535836,-0.000000,0.559586,0.555412,-0.033299,0.486984,0.491680,-0.047716,0.440392,0.394878,-0.051399,0.406806,0.324209,-0.049622,0.532702,0.329364,-0.060129,0.461301,0.217439,-0.060132,0.429335,0.195092,-0.045619,0.414905,0.188550,-0.032643,0.579520,0.270795,-0.039123,0.526640,0.126900,-0.041014,0.497986,0.153785,-0.020574,0.490684,0.194961,-0.000623,0.616840,0.251854,-0.016835,0.572742,0.119253,-0.018581,0.544131,0.149914,0.000659,0.536067,0.193426,0.018976,0.645098,0.257413,0.004094,0.612563,0.156417,0.004590,0.581323,0.164083,0.015454,0.567663,0.188659,0.027901
717,1694940883.274982,0,38.4042,38.4042,18.9207,21.1869,35.9856,2314.6464,46.2116,9485.0984,1.4216,107.1474,265.1701,86.5421,52.1369,62.8835,100.8844,0.051917,0.642980,0.538553,-0.000000,0.560281,0.559336,-0.035349,0.488069,0.494034,-0.050823,0.440970,0.396850,-0.055125,0.403353,0.329619,-0.054033,0.533308,0.331134,-0.063159,0.461411,0.219629,-0.064092,0.429277,0.193119,-0.050534,0.414423,0.182131,-0.038394,0.580003,0.271824,-0.041901,0.525331,0.128111,-0.044830,0.498594,0.156153,-0.025084,0.492983,0.197566,-0.005652,0.616987,0.252162,-0.019374,0.570931,0.120365,-0.021921,0.544241,0.152706,-0.003165,0.538125,0.196970,0.014664,0.644800,0.256570,0.001608,0.610851,0.157004,0.001019,0.580831,0.168089,0.011539,0.568741,0.195940,0.023691
718,1694940883.283315,0,-25.7218,-25.7218,-17.1080,-36.0286,33.4061,2273.5989,59.4145,9620.9914,1.6879,103.7793,261.8917,88.2315,51.4717,56.9876,93.5654,0.043636,0.640098,0.536501,-0.000000,0.557491,0.556722,-0.032259,0.485459,0.492483,-0.046352,0.438380,0.398275,-0.050120,0.401552,0.331248,-0.048736,0.528853,0.326344,-0.057968,0.458498,0.221296,-0.056177,0.427624,0.198299,-0.040396,0.413677,0.190141,-0.026700,0.576185,0.268179,-0.037538,0.522423,0.129772,-0.038244,0.495366,0.157943,-0.016437,0.489537,0.199122,0.004641,0.614430,0.251093,-0.015754,0.570151,0.120100,-0.017107,0.542980,0.152531,0.003407,0.536594,0.196718,0.022880,0.642978,0.258831,0.004797,0.610391,0.156121,0.006063,0.580237,0.165947,0.018518,0.568945,0.193318,0.032220
719,1694940883.291648,0,-38.1520,-38.1520,-15.5120,1.5959,32.4293,1550.6164,10.8169,10206.1928,1.9040,114.7708,269.8954,82.6532,52.1152,69.2369,109.0241,0.062790,0.638932,0.536679,-0.000000,0.556952,0.559017,-0.029640,0.485291,0.497206,-0.043460,0.438758,0.401444,-0.047934,0.400900,0.336270,-0.047901,0.527515,0.328208,-0.052127,0.457166,0.218050,-0.051967,0.427356,0.189195,-0.039695,0.414587,0.173755,-0.028614,0.574062,0.270374,-0.033897,0.524873,0.125109,-0.035688,0.502066,0.153797,-0.017364,0.498460,0.193545,0.001196,0.612174,0.251669,-0.014364,0.569859,0.120140,-0.016385,0.546581,0.157255,0.001051,0.542670,0.202715,0.017994,0.642080,0.256149,0.004204,0.608425,0.159386,0.005391,0.581995,0.177340,0.017198,0.573535,0.208437,0.030032
720,1694940883.299982,0,42.6639,42.6639,20.0169,35.5290,36.6869,1781.5140,73.4562,10231.7940,1.8299,116.5324,264.4705,75.0781,45.2669,68.3081,114.1946,0.077242,0.637959,0.536663,-0.000000,0.555842,0.558208,-0.029687,0.483844,0.496514,-0.044405,0.437080,0.402941,-0.050099,0.400735,0.338436,-0.051709,0.527430,0.335321,-0.055269,0.456752,0.226615,-0.060509,0.424270,0.193295,-0.053044,0.407846,0.173575,-0.044709,0.573652,0.274746,-0.038073,0.519907,0.132923,-0.042369,0.493148,0.157075,-0.025035,0.488002,0.194991,-0.007071,0.611518,0.254296,-0.019912,0.566061,0.122278,-0.023597,0.539162,0.154137,-0.005044,0.534249,0.197705,0.013188,0.641181,0.258483,-0.003082,0.606983,0.160103,-0.003534,0.576964,0.171349,0.008248,0.565747,0.198346,0.021647
721,1694940883.308315,0,-39.7443,-39.7443,-19.5371,-39.5541,37.1219,1538.5164,8.1823,9635.2093,4.0817,117.0201,259.1251,77.1592,43.4979,66.2345,111.3537,0.081927,0.639021,0.536062,-0.000000,0.557150,0.560849,-0.031213,0.484480,0.501403,-0.046130,0.437167,0.408009,-0.051237,0.401150,0.338653,-0.051870,0.528307,0.342972,-0.058701,0.457090,0.232238,-0.063723,0.424582,0.199886,-0.055193,0.408574,0.180087,-0.045974,0.573432,0.280922,-0.040574,0.517864,0.133808,-0.046154,0.491358,0.157101,-0.028108,0.486825,0.193079,-0.008932,0.610527,0.258059,-0.021344,0.564330,0.125208,-0.025394,0.538823,0.158248,-0.005734,0.535326,0.200181,0.013854,0.639414,0.260574,-0.003502,0.604319,0.159807,-0.003047,0.576644,0.171876,0.010181,0.568539,0.199564,0.024791
722,1694940883.316648,0,-25.8772,-25.8772,-0.0389,19.4983,30.5899,731.9461,60.6015,8979.9443,2.4534,123.7006,254.7572,69.0056,39.4069,64.0120,108.1958,0.078633,0.635424,0.534583,-0.000000,0.552684,0.562346,-0.030651,0.480184,0.501526,-0.043470,0.432625,0.407637,-0.045639,0.396734,0.338219,-0.043080,0.524913,0.340114,-0.056474,0.455209,0.233017,-0.054802,0.422173,0.198067,-0.040601,0.404329,0.174056,-0.028010,0.569660,0.275713,-0.034983,0.516813,0.134730,-0.034743,0.489554,0.155927,-0.012184,0.483231,0.191587,0.009943,0.606774,0.252691,-0.011882,0.561680,0.123636,-0.010917,0.535094,0.156579,0.011021,0.529406,0.199420,0.031784,0.634887,0.256551,0.010106,0.599529,0.159774,0.014258,0.570896,0.172700,0.028899,0.562205,0.200146,0.044345
723,1694940883.324982,0,36.0619,36.0619,18.5535,18.5924,36.6060,900.5885,61.4593,9917.6905,2.2885,119.5355,248.6518,57.4120,31.0214,66.1328,114.2016,0.099482,0.635344,0.536843,-0.000000,0.553637,0.562493,-0.026357,0.479976,0.502348,-0.038529,0.432530,0.409075,-0.042124,0.396135,0.342303,-0.042085,0.522429,0.340376,-0.048061,0.453695,0.236667,-0.051159,0.418453,0.199281,-0.044770,0.397150,0.172361,-0.038109,0.567088,0.276987,-0.031713,0.513573,0.139653,-0.032368,0.488632,0.161376,-0.014128,0.483583,0.194847,0.003612,0.604795,0.253924,-0.014396,0.557268,0.125222,-0.014435,0.533144,0.159941,0.005951,0.530257,0.201892,0.024510,0.634590,0.255859,0.001627,0.598540,0.157905,0.004522,0.572273,0.172962,0.019060,0.566325,0.201468,0.033777
724,1694940883.333315,0,-33.7286,-33.7286,-19.0981,-37.6516,35.8398,631.4609,20.9099,9660.3168,2.1743,119.9082,247.5639,53.4315,30.8257,70.7634,121.1217,0.117772,0.633000,0.532408,0.000000,0.550458,0.561158,-0.027734,0.478330,0.504172,-0.040543,0.430744,0.412201,-0.043855,0.394888,0.339889,-0.043071,0.521707,0.345561,-0.053062,0.450533,0.241767,-0.054429,0.415439,0.201458,-0.044995,0.394911,0.169416,-0.036171,0.565759,0.283258,-0.036118,0.514194,0.135408,-0.038761,0.488297,0.140421,-0.021334,0.481372,0.163052,-0.003248,0.602316,0.257912,-0.017571,0.557634,0.127741,-0.017994,0.533347,0.158674,0.002471,0.530007,0.198545,0.022010,0.631656,0.256169,-0.000353,0.595091,0.155456,0.002430,0.568719,0.169277,0.017329,0.562714,0.196976,0.033010
725,1694940883.341648,0,-38.1170,-38.1170,0.4068,19.5050,28.5784,534.7343,25.9976,9486.2444,1.3735,123.4460,251.1650,59.1170,32.1423,70.0278,119.8672,0.114305,0.632115,0.539173,0.000000,0.549798,0.563391,-0.027575,0.477206,0.506507,-0.040053,0.429997,0.416150,-0.043370,0.394780,0.346365,-0.042693,0.520938,0.346964,-0.050607,0.452392,0.242323,-0.053490,0.417965,0.203874,-0.046472,0.397202,0.174280,-0.039348,0.565178,0.285478,-0.034267,0.514910,0.139196,-0.036878,0.490210,0.142909,-0.020785,0.484599,0.163458,-0.004251,0.602945,0.262517,-0.016734,0.561839,0.130888,-0.017810,0.539330,0.157575,0.000833,0.536717,0.194836,0.018703,0.633195,0.263641,-0.000563,0.599934,0.166560,0.002037,0.575198,0.179472,0.016010,0.569875,0.206684,0.030585
726,1694940883.349982,0,-34.6862,-34.6862,-2.2022,-2.6091,27.9542,536.9076,3.6727,8401.5785,1.4879,120.6173,251.6040,52.6682,33.4439,73.3158,122.0925,0.108517,0.631919,0.539701,-0.000000,0.549774,0.564103,-0.026252,0.476687,0.507833,-0.038499,0.429529,0.415645,-0.041158,0.394274,0.346873,-0.039807,0.518337,0.344256,-0.054059,0.446942,0.239571,-0.056735,0.413332,0.198280,-0.048026,0.393124,0.167489,-0.039076,0.562638,0.279551,-0.036115,0.510608,0.142867,-0.035842,0.486601,0.154796,-0.015414,0.480330,0.182248,0.004155,0.599674,0.255183,-0.016617,0.555139,0.132967,-0.016254,0.530795,0.160212,0.004626,0.525433,0.198064,0.024091,0.628819,0.255603,0.001969,0.593133,0.163072,0.005620,0.567078,0.175364,0.020740,0.559179,0.201757,0.036420
727,1694940883.358315,0,30.9025,30.9025,-1.2899,0.9124,33.8702,405.1774,73.4910,8142.4080,1.6418,120.5594,250.1662,51.8333,32.2499,72.8647,122.0542,0.113557,0.631067,0.538701,0.000000,0.548820,0.566073,-0.027381,0.474971,0.508714,-0.038934,0.427862,0.418370,-0.041554,0.391206,0.352027,-0.040308,0.515828,0.347962,-0.046839,0.447118,0.243288,-0.046817,0.412770,0.200140,-0.038294,0.391434,0.167638,-0.030467,0.559959,0.285556,-0.029703,0.508466,0.147617,-0.027472,0.482971,0.150900,-0.009785,0.475313,0.171721,0.006875,0.597443,0.262126,-0.011675,0.550492,0.137677,-0.009849,0.526014,0.162372,0.008895,0.521494,0.198795,0.026088,0.627360,0.262305,0.004881,0.592434,0.162066,0.008093,0.565972,0.168005,0.021193,0.558212,0.191799,0.034868
728,1694940883.366648,0,29.8911,29.8911,15.9049,17.1948,32.3224,148.2148,57.1106,8455.6675,1.8514,126.3943,241.4395,50.4809,29.6955,68.9897,115.9856,0.109321,0.629845,0.540265,-0.000000,0.548020,0.568682,-0.027336,0.474058,0.509402,-0.038818,0.426065,0.417973,-0.041550,0.389836,0.351548,-0.040513,0.512980,0.347452,-0.045958,0.445395,0.244200,-0.048181,0.411703,0.202159,-0.041836,0.391054,0.170305,-0.035162,0.557610,0.283478,-0.028708,0.506400,0.149593,-0.026870,0.480452,0.155274,-0.009307,0.472175,0.177456,0.007476,0.596009,0.259728,-0.010850,0.551609,0.137789,-0.009175,0.526446,0.162069,0.009869,0.520813,0.198983,0.027533,0.626598,0.261168,0.005433,0.593666,0.166251,0.008337,0.566834,0.171907,0.021183,0.557986,0.194788,0.035072
729,1694940883.374982,0,35.6089,35.6089,18.4315,2.5265,33.6484,72.1060,31.9535,9251.7135,1.6646,123.7809,243.2080,49.4137,27.0194,65.4164,111.6091,0.102231,0.628423,0.538526,-0.000000,0.545273,0.566421,-0.026077,0.472373,0.509737,-0.036680,0.424577,0.419180,-0.038323,0.390247,0.350623,-0.036287,0.513677,0.348280,-0.046286,0.444361,0.247807,-0.046893,0.409977,0.207197,-0.039430,0.388545,0.173633,-0.032570,0.556973,0.283419,-0.029587,0.505625,0.145731,-0.029231,0.482275,0.153222,-0.013301,0.476431,0.173522,0.002511,0.593375,0.256721,-0.011630,0.551602,0.133555,-0.010913,0.530332,0.163393,0.005806,0.527936,0.201357,0.021817,0.621650,0.253833,0.005155,0.587109,0.164614,0.008358,0.563552,0.181370,0.020863,0.558747,0.209281,0.034091
730,1694940883.383315,0,-31.0952,-31.0952,0.8977,-17.5337,31.9341,342.4375,54.5612,9958.2658,1.8014,124.6281,237.7934,47.4936,24.0851,64.7106,110.8376,0.110712,0.626801,0.537645,0.000000,0.543177,0.569696,-0.024217,0.470916,0.512401,-0.033055,0.424292,0.422547,-0.033538,0.389416,0.353637,-0.030670,0.510567,0.348420,-0.041148,0.442003,0.251387,-0.039994,0.407243,0.212022,-0.032431,0.385808,0.177568,-0.025933,0.553789,0.286019,-0.026437,0.503585,0.147721,-0.025551,0.477424,0.148368,-0.011594,0.468685,0.161976,0.002260,0.590241,0.260695,-0.010583,0.548814,0.134115,-0.010239,0.526549,0.164203,0.004754,0.523952,0.202076,0.019366,0.619210,0.257262,0.004161,0.584186,0.163934,0.007016,0.560255,0.182452,0.019014,0.556228,0.211797,0.031548
731,1694940883.391648,0,-34.4355,-34.4355,-16.3345,-17.2322,31.8702,562.2035,42.7471,11479.5308,1.9386,128.5725,234.5552,43.5819,20.1505,63.4445,113.4303,0.115740,0.621869,0.533249,0.000000,0.540386,0.565847,-0.022744,0.468788,0.511198,-0.032254,0.421492,0.424212,-0.032987,0.388786,0.352364,-0.030171,0.507519,0.352656,-0.046591,0.438926,0.255986,-0.046421,0.403741,0.216222,-0.037756,0.382209,0.180506,-0.030102,0.550355,0.289976,-0.031509,0.499573,0.147041,-0.032346,0.474689,0.151798,-0.015396,0.467973,0.170139,0.001915,0.586783,0.263678,-0.014600,0.542621,0.141001,-0.013190,0.520363,0.172471,0.006039,0.518853,0.208902,0.024351,0.616310,0.259990,0.001312,0.579602,0.161037,0.006686,0.555611,0.177768,0.021949,0.552823,0.205955,0.037260
732,1694940883.399982,1,-30.0414,-30.0414,-14.9831,1.3514,31.7358,497.2756,35.0940,11229.9520,1.9576,132.6103,226.9645,43.1365,17.9304,62.7576,109.5755,0.114079,0.623816,0.535303,0.000000,0.541727,0.572565,-0.024269,0.469199,0.517297,-0.033533,0.420934,0.429349,-0.033892,0.385104,0.360345,-0.030594,0.506750,0.353008,-0.044544,0.436873,0.257686,-0.043067,0.402044,0.219909,-0.033991,0.380934,0.186464,-0.026149,0.548854,0.289176,-0.028395,0.496514,0.150900,-0.027895,0.470345,0.158912,-0.011443,0.462871,0.179852,0.005128,0.584747,0.262857,-0.010684,0.541067,0.140942,-0.008958,0.517485,0.171649,0.009032,0.514812,0.208475,0.026218,0.613721,0.259341,0.005950,0.577222,0.162662,0.011111,0.551445,0.179608,0.025403,0.546501,0.208645,0.039865
733,1694940883.408315,1,36.7361,36.7361,0.2818,15.2649,33.3612,566.0882,52.4223,11827.2131,2.5048,135.0833,225.8944,41.9551,15.9909,63.2178,112.3714,0.123524,0.619685,0.536019,-0.000000,0.536123,0.571087,-0.024045,0.464877,0.514882,-0.033836,0.417346,0.428602,-0.035114,0.381152,0.359245,-0.032981,0.502720,0.354472,-0.044037,0.434543,0.261717,-0.045593,0.400292,0.225894,-0.039325,0.379987,0.191501,-0.033260,0.545645,0.290565,-0.029306,0.493194,0.153465,-0.031767,0.467382,0.168384,-0.017030,0.462118,0.193802,-0.001150,0.581969,0.264752,-0.013282,0.538918,0.142920,-0.014441,0.514753,0.176895,0.002806,0.512851,0.214012,0.020104,0.611732,0.261253,0.001734,0.575035,0.163961,0.005572,0.549493,0.182256,0.020211,0.545389,0.210800,0.035067
734,1694940883.416648,1,37.4406,37.4406,17.1339,16.8521,33.8083,757.1305,5.8563,11928.8014,1.7861,138.6512,219.0972,43.1560,12.1676,59.9800,106.4937,0.114013,0.620435,0.542931,-0.000000,0.539873,0.574406,-0.026625,0.465194,0.522237,-0.037570,0.416446,0.437024,-0.039997,0.381725,0.373224,-0.038684,0.501283,0.356558,-0.043386,0.430532,0.264985,-0.045006,0.397440,0.229234,-0.038808,0.378284,0.199668,-0.032600,0.543621,0.292212,-0.027557,0.489877,0.158765,-0.028589,0.462328,0.178115,-0.014095,0.455374,0.210090,0.001178,0.579935,0.267245,-0.011005,0.535669,0.148933,-0.012006,0.509837,0.182064,0.002497,0.505902,0.223176,0.017396,0.609862,0.265837,0.004267,0.575368,0.175869,0.006106,0.548105,0.188569,0.016681,0.539520,0.214733,0.028593
735,1694940883.424982,1,-38.9599,-38.9599,-1.1311,-18.2650,35.1746,763.6516,0.8872,9845.7713,2.2343,142.1968,210.0436,44.5330,6.2920,52.1318,97.8127,0.109621,0.616068,0.537366,-0.000000,0.534022,0.576505,-0.022162,0.460791,0.522911,-0.031140,0.412798,0.436847,-0.031848,0.377431,0.369884,-0.029330,0.495878,0.363091,-0.043513,0.427430,0.275047,-0.045125,0.394090,0.240523,-0.038700,0.374548,0.206349,-0.032687,0.538301,0.297268,-0.029953,0.484289,0.161383,-0.033604,0.461923,0.183068,-0.019555,0.460477,0.212598,-0.003836,0.574693,0.268594,-0.014710,0.529496,0.148163,-0.016803,0.507665,0.187367,-0.000053,0.508758,0.227701,0.017051,0.604922,0.261904,-0.000230,0.565929,0.165673,0.002621,0.541427,0.188762,0.016778,0.539363,0.220730,0.031496
736,1694940883.433315,1,-33.2554,-33.2554,-0.8035,0.3276,34.9855,649.2715,19.8343,8748.1504,2.0722,144.8573,205.5528,40.7164,11.1665,53.1695,97.6067,0.112516,0.612694,0.538296,0.000000,0.532334,0.581128,-0.023032,0.459623,0.528168,-0.031897,0.411683,0.446026,-0.032757,0.375579,0.381589,-0.030680,0.492198,0.364025,-0.041494,0.423496,0.280479,-0.042336,0.389570,0.241742,-0.036530,0.370202,0.207490,-0.031091,0.535061,0.299260,-0.027766,0.484090,0.166782,-0.029468,0.461519,0.168988,-0.016332,0.457700,0.183931,-0.002062,0.572505,0.272216,-0.012660,0.529510,0.151708,-0.012423,0.509483,0.181291,0.004808,0.510427,0.216861,0.021514,0.603589,0.269267,0.001198,0.566314,0.176194,0.004464,0.542371,0.193520,0.018579,0.539715,0.221723,0.033254
737,1694940883.441648,1,33.3937,33.3937,-0.8356,-0.0321,35.3278,622.8543,47.2858,8319.1746,2.7099,142.7299,205.2527,37.2808,16.2190,57.3041,101.3787,0.115829,0.612139,0.539369,0.000000,0.530601,0.585146,-0.021585,0.458889,0.534211,-0.029128,0.412272,0.452211,-0.029065,0.376702,0.388990,-0.026190,0.487874,0.372785,-0.037507,0.420522,0.285426,-0.038432,0.387813,0.244151,-0.033308,0.368743,0.205672,-0.028519,0.529239,0.307278,-0.025480,0.476600,0.175947,-0.027637,0.454574,0.182249,-0.015909,0.452747,0.199785,-0.002793,0.566209,0.277622,-0.012435,0.522597,0.159113,-0.013286,0.502311,0.189544,0.001824,0.503823,0.223169,0.016866,0.597595,0.270310,-0.000546,0.559989,0.179637,0.002387,0.536325,0.198901,0.015380,0.533601,0.226607,0.028757
738,1694940883.449982,1,-33.0961,-33.0961,-17.6342,-16.7986,34.6363,1179.9652,36.0237,5010.6699,2.3431,145.5332,190.2561,38.1064,26.9826,58.5565,97.5535,0.106793,0.611882,0.540455,0.000000,0.532195,0.588075,-0.024898,0.458863,0.540092,-0.033409,0.410916,0.461656,-0.033530,0.374805,0.398578,-0.030419,0.485895,0.378652,-0.041008,0.416045,0.291623,-0.043281,0.383470,0.249880,-0.038434,0.364298,0.210769,-0.033588,0.525945,0.311856,-0.027818,0.468871,0.183680,-0.032784,0.446375,0.198417,-0.021679,0.445156,0.221945,-0.008196,0.561251,0.280350,-0.013961,0.513294,0.166561,-0.017329,0.490459,0.197656,-0.003396,0.490919,0.228389,0.011521,0.591015,0.270162,-0.001469,0.551334,0.176954,-0.000322,0.526036,0.195938,0.011564,0.522670,0.222986,0.024399
739,1694940883.458315,1,27.6268,27.6268,16.6467,34.2808,32.2651,876.7574,22.4003,5084.7375,2.3775,141.0787,187.8872,41.3904,26.7699,57.6679,98.2528,0.112264,0.609292,0.545202,0.000000,0.530680,0.591028,-0.021424,0.458139,0.547287,-0.029225,0.407679,0.471543,-0.029278,0.371487,0.407232,-0.026473,0.481023,0.388361,-0.039896,0.411756,0.298198,-0.041244,0.380602,0.256102,-0.035763,0.362004,0.217337,-0.030632,0.518752,0.319604,-0.028076,0.460909,0.192549,-0.030582,0.444365,0.207534,-0.018564,0.447325,0.233512,-0.005357,0.553464,0.283876,-0.015076,0.504563,0.178485,-0.015623,0.487968,0.214630,-0.001306,0.492179,0.249270,0.012723,0.583580,0.267659,-0.003176,0.542488,0.179244,-0.000687,0.522309,0.204151,0.011284,0.523052,0.235004,0.023666
740,1694940883.466648,1,22.1017,22.1017,13.8393,-2.8074,30.0396,1286.4833,17.9528,4957.4944,2.3947,140.4660,171.8204,51.7088,40.4120,60.0371,94.2659,0.111094,0.607441,0.545923,0.000000,0.529115,0.595440,-0.022193,0.454561,0.555424,-0.029351,0.404775,0.479747,-0.028710,0.368126,0.416308,-0.025194,0.476581,0.391454,-0.037259,0.407430,0.309875,-0.036672,0.375111,0.268805,-0.030556,0.355259,0.232437,-0.025060,0.514250,0.322333,-0.024915,0.458914,0.198349,-0.025156,0.441054,0.196496,-0.013488,0.440906,0.206113,-0.001161,0.548880,0.286726,-0.011615,0.501207,0.183831,-0.011582,0.484276,0.214481,0.001915,0.486902,0.245022,0.015283,0.579098,0.270365,0.000523,0.536944,0.186093,0.003632,0.517587,0.210841,0.016266,0.518759,0.241277,0.029056
741,1694940883.474982,1,-37.9688,-37.9688,-17.8406,-31.6799,31.2243,1689.7817,53.6948,4930.3884,2.0000,141.4738,157.5113,60.9288,52.8207,65.7391,93.7832,0.119352,0.604463,0.543649,0.000000,0.528564,0.600732,-0.026576,0.452623,0.567674,-0.037220,0.400815,0.491211,-0.039056,0.361395,0.430236,-0.038189,0.472313,0.395163,-0.047287,0.401635,0.319087,-0.049624,0.368204,0.277390,-0.045873,0.347417,0.243304,-0.042186,0.510438,0.323023,-0.033824,0.452485,0.208115,-0.034581,0.427446,0.194944,-0.024785,0.418380,0.193115,-0.015829,0.545512,0.287428,-0.019243,0.497578,0.187138,-0.020253,0.478023,0.214000,-0.007172,0.476846,0.244586,0.004545,0.575452,0.272124,-0.006130,0.532514,0.194163,-0.005685,0.511737,0.217875,0.006046,0.509490,0.247375,0.017726
742,1694940883.483315,1,31.8931,31.8931,16.2473,34.0879,30.9308,1820.1731,17.1450,4902.4484,2.2400,147.0918,143.3434,74.9105,67.5925,74.7623,96.0305,0.114990,0.603482,0.550013,0.000000,0.526169,0.607150,-0.023109,0.450402,0.575976,-0.032161,0.398795,0.502273,-0.033966,0.359539,0.443705,-0.033360,0.466583,0.413185,-0.038608,0.395816,0.339153,-0.041870,0.360533,0.294383,-0.039257,0.338167,0.258797,-0.036017,0.503354,0.337852,-0.028180,0.443593,0.220045,-0.031367,0.420113,0.209191,-0.023532,0.413805,0.210741,-0.014424,0.538342,0.296979,-0.017003,0.487221,0.198283,-0.020221,0.470583,0.229224,-0.008507,0.472617,0.259966,0.003590,0.569116,0.276550,-0.007069,0.523398,0.197309,-0.006851,0.505374,0.224901,0.005471,0.506798,0.255866,0.018086
743,1694940883.491648,1,-28.4458,-28.4458,-14.0182,-30.2654,29.9113,2222.0791,5.4763,5111.2440,2.0224,146.0679,125.5639,91.8305,83.1702,83.1940,97.5700,0.113686,0.601204,0.548293,0.000000,0.525363,0.615268,-0.023187,0.448531,0.588373,-0.032243,0.396064,0.518175,-0.034620,0.354022,0.463249,-0.034535,0.459785,0.421328,-0.036150,0.388678,0.349251,-0.040032,0.351879,0.307178,-0.037235,0.329713,0.274485,-0.033691,0.497428,0.345064,-0.027650,0.432695,0.228694,-0.032301,0.408709,0.224793,-0.024524,0.403571,0.230224,-0.014663,0.533680,0.303516,-0.018988,0.479647,0.205093,-0.025452,0.462729,0.240969,-0.014350,0.465100,0.271539,-0.001699,0.565265,0.282678,-0.011473,0.517813,0.203589,-0.014034,0.501007,0.234018,-0.002125,0.504223,0.266894,0.010751
744,1694940883.499982,1,-28.3273,-28.3273,-12.6073,1.4109,29.0752,2244.7853,1.0322,4939.5632,2.1805,138.3951,109.9708,107.3727,95.2291,88.5638,95.1226,0.100823,0.601061,0.559988,0.000000,0.524452,0.624272,-0.021640,0.448471,0.601831,-0.030618,0.396102,0.536892,-0.032866,0.354482,0.483250,-0.032548,0.456917,0.433562,-0.038513,0.385708,0.367214,-0.042048,0.348576,0.327774,-0.038387,0.325311,0.295913,-0.034098,0.492536,0.355645,-0.029897,0.426129,0.245421,-0.034075,0.401053,0.237218,-0.024918,0.394863,0.238337,-0.014194,0.527787,0.312130,-0.020614,0.470714,0.220332,-0.025148,0.452047,0.248528,-0.012086,0.452262,0.273741,0.001607,0.559271,0.290149,-0.012458,0.509083,0.213959,-0.012862,0.490515,0.239994,0.000726,0.491545,0.268822,0.014807
745,1694940883.508315,1,35.6198,35.6198,18.3972,31.0044,32.2208,2267.8226,15.7192,4381.0137,1.7911,136.9005,99.5718,120.4456,108.7613,99.0564,97.3629,0.094238,0.600005,0.563324,0.000000,0.524223,0.628917,-0.022155,0.447765,0.614111,-0.032445,0.393179,0.551477,-0.035693,0.348801,0.500188,-0.036067,0.452959,0.448485,-0.041280,0.381330,0.381542,-0.046701,0.344910,0.341796,-0.043184,0.321922,0.310792,-0.038490,0.486711,0.366220,-0.032814,0.417230,0.254444,-0.039514,0.393125,0.244706,-0.030032,0.387936,0.245972,-0.018243,0.520405,0.317330,-0.023666,0.460205,0.229349,-0.029807,0.441366,0.253479,-0.015345,0.441054,0.275385,0.000001,0.551685,0.291067,-0.015607,0.496126,0.220108,-0.015901,0.477292,0.245780,-0.000639,0.478392,0.272324,0.015015
746,1694940883.516648,1,38.0877,38.0877,1.5487,-16.8485,31.2134,2844.2153,3.9480,4552.4253,2.3133,137.0139,76.4055,138.5536,126.9344,114.1597,105.1331,0.051917,0.596713,0.567210,0.000000,0.522304,0.634476,-0.021535,0.446172,0.625298,-0.032205,0.390235,0.569146,-0.036324,0.345448,0.518229,-0.037405,0.448592,0.454940,-0.039925,0.374564,0.397322,-0.044792,0.337842,0.364303,-0.041246,0.316056,0.335221,-0.036808,0.481715,0.375392,-0.031924,0.407996,0.267618,-0.039499,0.389897,0.280440,-0.029360,0.393043,0.297277,-0.016165,0.515495,0.329679,-0.023184,0.454476,0.238318,-0.029130,0.437897,0.276229,-0.014714,0.441460,0.305161,0.000941,0.547538,0.306056,-0.015424,0.492886,0.230008,-0.014701,0.473784,0.262525,0.000194,0.476709,0.295750,0.015498
747,1694940883.524982,1,-36.2465,-36.2465,-1.9502,-3.4988,33.3774,2703.0931,9.3547,5805.8519,2.3854,147.3017,58.4296,154.0956,145.4046,134.2636,123.5102,0.043865,0.592248,0.563458,0.000000,0.520635,0.636531,-0.019557,0.443425,0.632353,-0.028847,0.386851,0.581139,-0.030891,0.340348,0.532950,-0.029611,0.443576,0.471099,-0.041900,0.366145,0.414994,-0.046029,0.328576,0.380759,-0.040652,0.305715,0.351161,-0.034315,0.476099,0.386979,-0.034163,0.400856,0.281205,-0.038791,0.376294,0.270492,-0.026096,0.370838,0.265424,-0.011901,0.508883,0.338236,-0.025503,0.446084,0.246598,-0.027951,0.420998,0.257914,-0.011127,0.413222,0.265220,0.005032,0.538739,0.312841,-0.017755,0.482116,0.240998,-0.014651,0.459911,0.259557,0.002513,0.456666,0.281616,0.019163
748,1694940883.533315,1,37.9354,37.9354,16.5657,18.5158,34.1517,2707.2667,8.3950,6543.7021,1.8666,147.1921,39.5147,170.2810,162.8391,152.4043,141.0951,0.013716,0.586727,0.564286,0.000000,0.517773,0.639494,-0.018191,0.441269,0.641089,-0.028640,0.383525,0.595831,-0.032351,0.336611,0.550216,-0.032686,0.439014,0.481339,-0.044126,0.360176,0.429954,-0.050509,0.320778,0.400775,-0.044806,0.297752,0.371416,-0.037803,0.470713,0.396375,-0.038054,0.390463,0.287679,-0.049786,0.377064,0.317404,-0.035946,0.386494,0.345388,-0.017487,0.502452,0.346484,-0.030809,0.435773,0.258177,-0.038808,0.422613,0.301280,-0.021851,0.429105,0.329405,-0.002934,0.532444,0.320467,-0.023938,0.475386,0.249984,-0.022487,0.460032,0.283948,-0.005794,0.465526,0.317138,0.011244
749,1694940883.541648,1,-43.0615,-43.0615,-19.6703,-36.2360,37.7294,3030.5365,10.7087,6509.5087,2.1432,143.3935,26.7825,190.6695,182.8181,171.9355,159.0461,0.003752,0.585687,0.569107,0.000000,0.517693,0.640825,-0.018143,0.440896,0.646366,-0.029143,0.382388,0.605828,-0.033428,0.334633,0.567044,-0.034451,0.439089,0.494383,-0.046786,0.357801,0.445786,-0.054424,0.316335,0.419329,-0.049408,0.290907,0.394759,-0.043024,0.469172,0.408294,-0.041451,0.386723,0.300519,-0.054685,0.377799,0.329108,-0.041595,0.389772,0.357817,-0.023567,0.500791,0.356264,-0.034697,0.432910,0.273008,-0.043554,0.423298,0.314177,-0.026675,0.431034,0.341424,-0.007882,0.530929,0.327998,-0.028259,0.472733,0.258044,-0.028211,0.457874,0.289999,-0.011805,0.462603,0.322203,0.005186
750,1694940883.549982,1,,,0.0000,0.0000,0.0000,0.0000,7.9681,4911.8201,2.1620,127.7145,29.6953,201.9719,193.6106,181.4727,166.2605,0.001700,0.582231,0.565743,0.000000,0.515971,0.640120,-0.016479,0.438201,0.650541,-0.027718,0.377940,0.617254,-0.032649,0.328303,0.582494,-0.034555,0.434411,0.496197,-0.045963,0.352798,0.456170,-0.053720,0.311500,0.435138,-0.048202,0.287101,0.411200,-0.041386,0.464516,0.412773,-0.041765,0.380376,0.307561,-0.056269,0.375755,0.345092,-0.042044,0.391205,0.377706,-0.022373,0.496321,0.360223,-0.036026,0.426660,0.275205,-0.046443,0.420114,0.320294,-0.028975,0.430873,0.347782,-0.009109,0.526685,0.330429,-0.030236,0.466103,0.263106,-0.030345,0.454716,0.298135,-0.013103,0.463932,0.328254,0.004617
751,1694940883.558315,1,,,0.0000,0.0000,0.0000,0.0000,24.3145,4276.1175,1.6673,118.8117,37.3684,214.2575,205.5228,191.6636,174.2737,0.000166,0.582352,0.572000,0.000000,0.516056,0.644115,-0.014857,0.439709,0.657229,-0.025267,0.379162,0.628622,-0.029310,0.329660,0.592543,-0.029815,0.430450,0.505577,-0.042999,0.350166,0.468623,-0.049001,0.310219,0.447768,-0.042017,0.285667,0.428769,-0.033864,0.459205,0.420144,-0.038143,0.379743,0.320110,-0.048416,0.366475,0.340833,-0.032661,0.370316,0.361782,-0.013114,0.490640,0.367164,-0.031784,0.426536,0.276340,-0.038238,0.404244,0.295887,-0.019331,0.397430,0.308381,0.000323,0.521227,0.337620,-0.025367,0.463754,0.266921,-0.022790,0.443353,0.285426,-0.003858,0.440127,0.305734,0.014834
752,1694940883.566648,1,,,0.0000,0.0000,0.0000,0.0000,14.5361,5153.3425,1.4140,113.3218,37.1862,223.2162,213.6817,198.4955,179.8248,0.000000,0.579925,0.574518,0.000000,0.514343,0.645724,-0.012652,0.436968,0.656857,-0.021621,0.376141,0.629182,-0.024651,0.326112,0.599238,-0.024309,0.432012,0.512537,-0.043086,0.346786,0.480134,-0.048440,0.305730,0.460065,-0.040336,0.280879,0.439240,-0.031473,0.459960,0.426717,-0.039458,0.374628,0.326016,-0.050823,0.364491,0.348424,-0.035370,0.372807,0.370573,-0.015543,0.490289,0.372097,-0.033783,0.423182,0.284677,-0.040199,0.407108,0.316910,-0.020989,0.406637,0.338797,-0.000777,0.520022,0.341576,-0.027863,0.461813,0.269163,-0.025225,0.442742,0.293174,-0.006646,0.441534,0.319131,0.011994
753,1694940883.574982,0,,,0.0000,0.0000,0.0000,0.0000,0.6859,4577.0595,2.4019,112.0965,44.3477,228.0336,217.7780,201.6581,182.0639,0.000001,0.577802,0.571624,0.000000,0.514498,0.646316,-0.016136,0.438746,0.663438,-0.026803,0.377240,0.640659,-0.031314,0.327582,0.608532,-0.032446,0.427176,0.514615,-0.042475,0.345173,0.484393,-0.047654,0.305475,0.465799,-0.039779,0.281076,0.444868,-0.031355,0.454011,0.426794,-0.037591,0.369051,0.330455,-0.050121,0.361646,0.364907,-0.036039,0.372647,0.396701,-0.016401,0.483746,0.370535,-0.031112,0.416782,0.286808,-0.039594,0.403908,0.325419,-0.022408,0.407081,0.351966,-0.002740,0.513017,0.338523,-0.024658,0.456168,0.271971,-0.024588,0.438621,0.298533,-0.008676,0.438342,0.324545,0.008598
754,1694940883.583315,0,,,0.0000,0.0000,0.0000,0.0000,17.4384,4823.5118,2.2728,103.4290,48.3406,235.4158,223.9071,207.2001,187.3320,0.000112,0.580817,0.578998,0.000000,0.514112,0.650635,-0.010987,0.437585,0.664654,-0.020485,0.375857,0.639391,-0.023887,0.325127,0.606708,-0.023441,0.426726,0.521878,-0.043383,0.343637,0.492473,-0.048212,0.303737,0.473395,-0.038779,0.279452,0.454575,-0.028688,0.454120,0.434201,-0.039547,0.369621,0.336948,-0.048127,0.353945,0.356880,-0.029468,0.355989,0.378153,-0.008029,0.484773,0.377316,-0.033630,0.416909,0.286348,-0.037310,0.391456,0.306879,-0.015086,0.382803,0.323048,0.006502,0.515707,0.345299,-0.027423,0.456720,0.276638,-0.022167,0.431876,0.294485,-0.001701,0.424104,0.316521,0.018016
755,1694940883.591648,0,,,0.0000,0.0000,0.0000,0.0000,42.6858,4988.6227,2.3232,104.2778,39.4834,239.5167,229.4565,213.1167,193.4482,0.002432,0.576326,0.574009,0.000000,0.511447,0.648463,-0.011323,0.434907,0.664190,-0.021769,0.372661,0.639563,-0.026445,0.322013,0.609564,-0.027758,0.427576,0.522642,-0.046867,0.342023,0.491425,-0.053622,0.298894,0.473058,-0.045197,0.273009,0.455374,-0.035712,0.454350,0.434177,-0.044601,0.364417,0.336716,-0.057506,0.352841,0.368026,-0.040164,0.360813,0.397210,-0.018534,0.484042,0.375783,-0.039955,0.411165,0.290028,-0.046968,0.393293,0.329382,-0.024599,0.393171,0.357188,-0.001939,0.514060,0.341778,-0.034983,0.449921,0.274115,-0.031741,0.428408,0.303901,-0.011092,0.426021,0.333988,0.009046
756,1694940883.599982,0,,,0.0000,0.0000,0.0000,0.0000,63.3627,5086.2867,1.0861,97.4051,46.1805,239.7112,230.0852,214.6184,195.4685,0.000144,0.576793,0.573275,0.000000,0.511068,0.648779,-0.013019,0.434220,0.663607,-0.023142,0.371836,0.638131,-0.026870,0.320718,0.608748,-0.026892,0.427688,0.520399,-0.047634,0.341241,0.491522,-0.053825,0.299136,0.475075,-0.044513,0.273552,0.455228,-0.034405,0.455126,0.430593,-0.043667,0.363381,0.332509,-0.057837,0.354786,0.370163,-0.040945,0.366599,0.401635,-0.018782,0.484259,0.372504,-0.037201,0.410591,0.291875,-0.045019,0.398142,0.338793,-0.023246,0.404096,0.367983,-0.000048,0.513110,0.339589,-0.030434,0.448741,0.274788,-0.026673,0.430733,0.307863,-0.006051,0.433288,0.337042,0.014416
757,1694940883.608315,0,,,0.0000,0.0000,0.0000,0.0000,43.5997,4208.0344,1.7286,102.8773,42.3095,237.1601,229.3429,215.9111,199.0920,0.000285,0.576425,0.567468,0.000000,0.512522,0.645915,-0.014050,0.436170,0.663457,-0.026038,0.373217,0.639404,-0.031632,0.322084,0.608698,-0.033759,0.430894,0.523554,-0.052044,0.342013,0.486108,-0.061147,0.296935,0.466378,-0.053461,0.269731,0.446513,-0.044294,0.456814,0.433053,-0.048565,0.362789,0.333252,-0.065336,0.356378,0.369814,-0.048335,0.370780,0.402663,-0.025704,0.484816,0.372844,-0.042711,0.407138,0.288406,-0.053040,0.396634,0.332455,-0.030132,0.404614,0.362485,-0.005811,0.512759,0.336898,-0.036668,0.446489,0.268874,-0.036376,0.428569,0.300770,-0.016434,0.430460,0.331143,0.003996
758,1694940883.616648,0,,,0.0000,0.0000,0.0000,0.0000,41.7127,5906.1638,1.7939,101.9637,30.7753,235.9138,230.1639,217.2484,198.9676,0.002348,0.578374,0.567257,0.000000,0.512032,0.645278,-0.016079,0.434374,0.661156,-0.028737,0.371708,0.635441,-0.034787,0.321063,0.602033,-0.037568,0.429264,0.514391,-0.053306,0.339097,0.481225,-0.064112,0.293427,0.459930,-0.059175,0.265582,0.436618,-0.052001,0.456354,0.423637,-0.049108,0.362182,0.325049,-0.066178,0.355553,0.366422,-0.050534,0.370275,0.402606,-0.029192,0.486159,0.365071,-0.042869,0.407574,0.281690,-0.053585,0.395928,0.329600,-0.032464,0.403941,0.361548,-0.009590,0.515934,0.331285,-0.036653,0.449501,0.265045,-0.036748,0.430284,0.300729,-0.017968,0.432028,0.334009,0.001333
759,1694940883.624982,0,,,0.0000,0.0000,0.0000,0.0000,46.2815,4479.5544,1.6783,102.0486,28.4409,232.3559,226.5186,214.6035,198.7983,0.004880,0.578433,0.565866,0.000000,0.512429,0.643728,-0.018904,0.435426,0.657478,-0.032107,0.371130,0.627536,-0.037391,0.318885,0.593846,-0.038866,0.431206,0.506839,-0.057420,0.338882,0.470279,-0.064530,0.292766,0.450865,-0.055006,0.264923,0.430433,-0.044721,0.459008,0.414764,-0.049892,0.364566,0.315153,-0.064344,0.354739,0.354130,-0.045725,0.366497,0.389494,-0.022378,0.488719,0.357721,-0.040028,0.412845,0.275354,-0.049481,0.398084,0.320243,-0.028206,0.402586,0.350750,-0.005231,0.517030,0.325534,-0.030077,0.453640,0.259386,-0.029599,0.434196,0.294526,-0.011014,0.435185,0.327688,0.008259
760,1694940883.633315,0,,,0.0000,0.0000,0.0000,0.0000,47.0944,6181.1430,3.0931,105.2130,19.0039,224.8165,219.2761,207.8172,192.3079,0.016786,0.580632,0.562811,0.000000,0.513343,0.639848,-0.020072,0.434251,0.653048,-0.034249,0.369619,0.621657,-0.040975,0.319591,0.584062,-0.044445,0.431273,0.502626,-0.057311,0.339100,0.463322,-0.069368,0.292415,0.439260,-0.066135,0.263477,0.413870,-0.060459,0.458859,0.409175,-0.050590,0.366365,0.313585,-0.065830,0.358289,0.351581,-0.050118,0.371348,0.385375,-0.030168,0.488613,0.351026,-0.042241,0.410215,0.271511,-0.053005,0.397741,0.317333,-0.033170,0.405672,0.348874,-0.011921,0.517274,0.318338,-0.034237,0.452674,0.255398,-0.036764,0.432652,0.290163,-0.020583,0.433631,0.322090,-0.003279
761,1694940883.641648,0,,,0.0000,0.0000,0.0000,0.0000,37.1015,9191.8377,2.9225,109.4807,9.6216,216.5776,211.5449,201.1695,187.0483,0.022652,0.581421,0.563463,0.000000,0.512871,0.636299,-0.021610,0.435065,0.648487,-0.035700,0.370665,0.613720,-0.041792,0.318794,0.574729,-0.044661,0.430977,0.487360,-0.056922,0.340228,0.449350,-0.065098,0.295742,0.427996,-0.059621,0.267116,0.405469,-0.053068,0.459839,0.397220,-0.048464,0.369527,0.301945,-0.060281,0.357809,0.330865,-0.045538,0.365676,0.353867,-0.027748,0.490865,0.343751,-0.038046,0.417130,0.267050,-0.044900,0.403592,0.312547,-0.026554,0.408762,0.342374,-0.008015,0.519486,0.314164,-0.028146,0.457416,0.254919,-0.028013,0.439957,0.293763,-0.012289,0.442797,0.327190,0.003769
762,1694940883.649982,0,-48.4299,-48.4299,-21.6294,0.0000,39.6697,552.8819,12.8859,9553.9633,1.5070,119.2847,4.5551,206.1002,200.4470,190.4203,178.4213,0.041551,0.583593,0.565462,0.000000,0.512726,0.637015,-0.020961,0.434449,0.646446,-0.034621,0.369776,0.605988,-0.040001,0.320331,0.561853,-0.042064,0.431111,0.479859,-0.056157,0.341046,0.440812,-0.062323,0.297232,0.415035,-0.055788,0.268720,0.390693,-0.048923,0.460599,0.389314,-0.047285,0.372604,0.292742,-0.053987,0.351894,0.297525,-0.038764,0.348834,0.302490,-0.023009,0.492453,0.337315,-0.036369,0.420301,0.251130,-0.040220,0.398714,0.275428,-0.022097,0.394080,0.295051,-0.005449,0.522247,0.310932,-0.025983,0.463191,0.245959,-0.025728,0.440728,0.273398,-0.010852,0.435450,0.301904,0.004003
763,1694940883.658315,0,-51.5385,-51.5385,-3.8230,17.8064,33.5065,371.5980,21.2495,11904.3547,2.6761,121.0293,4.7968,204.2515,200.1863,192.2064,180.2173,0.059267,0.583969,0.561750,0.000000,0.512825,0.635834,-0.022148,0.432769,0.641414,-0.035221,0.368248,0.597182,-0.040148,0.320623,0.550556,-0.041755,0.431496,0.472759,-0.055196,0.339362,0.430400,-0.063070,0.292994,0.406585,-0.057953,0.263744,0.382868,-0.051731,0.461556,0.381831,-0.046074,0.373065,0.281359,-0.055398,0.363720,0.317661,-0.038916,0.373390,0.348712,-0.020202,0.493360,0.329882,-0.035530,0.419901,0.246254,-0.041953,0.406890,0.294636,-0.023869,0.412024,0.328535,-0.005607,0.522957,0.303621,-0.025576,0.464227,0.235370,-0.026181,0.444455,0.271406,-0.012076,0.443411,0.305959,0.002704
764,1694940883.666648,0,47.2483,47.2483,2.3282,6.1512,44.4032,200.1713,14.8668,14965.3174,2.8524,132.4514,17.7048,191.7019,191.8258,188.1320,180.2571,0.059442,0.585627,0.558946,0.000000,0.512765,0.633566,-0.021599,0.431768,0.633972,-0.034403,0.367428,0.584260,-0.039389,0.319336,0.535243,-0.040867,0.432415,0.464809,-0.050948,0.340435,0.416820,-0.058320,0.294465,0.391499,-0.053137,0.265556,0.365632,-0.046651,0.463290,0.374566,-0.041782,0.377089,0.273171,-0.049672,0.365998,0.305544,-0.032910,0.374064,0.333405,-0.014118,0.494519,0.322740,-0.031554,0.421411,0.233885,-0.037988,0.406019,0.277658,-0.019739,0.409190,0.309888,-0.001089,0.523061,0.295229,-0.021846,0.463743,0.224869,-0.022808,0.442026,0.255490,-0.008489,0.438439,0.287232,0.006736
765,1694940883.674982,0,53.4908,53.4908,24.1381,21.8098,48.1496,299.8840,20.2821,9032.8911,1.5899,122.0764,40.3555,182.3063,184.3676,182.4389,177.8876,0.098234,0.583394,0.557871,0.000000,0.507825,0.629746,-0.023137,0.428837,0.626352,-0.036607,0.364022,0.572963,-0.041182,0.314777,0.524076,-0.042388,0.431767,0.452924,-0.059394,0.340113,0.405014,-0.066329,0.295325,0.377869,-0.059573,0.266789,0.349694,-0.052137,0.463404,0.361037,-0.048070,0.373765,0.264240,-0.058443,0.361510,0.306834,-0.041262,0.372469,0.341168,-0.021614,0.495819,0.310423,-0.034708,0.421342,0.228411,-0.041150,0.405193,0.283879,-0.022359,0.412117,0.322910,-0.003159,0.525435,0.285246,-0.021788,0.465300,0.223696,-0.020276,0.445533,0.267488,-0.004587,0.448553,0.306835,0.011388
766,1694940883.683315,0,-48.6076,-48.6076,-0.0444,-24.1825,48.9905,1661.5105,28.8430,9343.0512,2.0045,115.3789,40.9490,175.0999,176.3710,173.9372,169.7248,0.118005,0.582493,0.548935,0.000000,0.508721,0.623526,-0.023475,0.427550,0.618697,-0.036580,0.363995,0.563211,-0.041696,0.317435,0.511751,-0.043615,0.433075,0.444883,-0.053223,0.341588,0.397735,-0.059767,0.296991,0.370594,-0.053972,0.269413,0.342130,-0.047609,0.465062,0.354023,-0.043363,0.376686,0.254661,-0.053003,0.366955,0.296960,-0.036765,0.378187,0.331533,-0.018084,0.496268,0.302752,-0.032255,0.418933,0.219033,-0.039932,0.407686,0.274406,-0.021423,0.417206,0.311572,-0.002430,0.523766,0.276584,-0.021906,0.460726,0.210756,-0.023861,0.441712,0.252523,-0.009916,0.443583,0.288714,0.004956
767,1694940883.691648,0,50.1550,50.1550,25.4234,25.4678,49.2200,2240.6892,11.1350,8404.8075,2.6250,121.7747,60.5143,158.7576,162.0104,164.2374,166.7826,0.156594,0.581543,0.548101,0.000000,0.504209,0.621403,-0.022282,0.423617,0.611784,-0.036596,0.360406,0.552857,-0.041635,0.311964,0.503814,-0.042886,0.435417,0.438760,-0.064963,0.343017,0.382389,-0.070466,0.297305,0.352566,-0.060416,0.268632,0.323027,-0.050611,0.469143,0.349431,-0.052867,0.383077,0.244323,-0.059560,0.369081,0.282935,-0.035626,0.375136,0.314893,-0.011787,0.502204,0.299772,-0.038433,0.430116,0.206509,-0.041405,0.411611,0.255574,-0.015826,0.415449,0.292068,0.007586,0.531246,0.276248,-0.024554,0.471377,0.204346,-0.022526,0.445911,0.242046,-0.004779,0.442860,0.278997,0.013027
768,1694940883.699982,0,,,0.0000,0.0000,0.0000,0.0000,,,,,,,,,,,0.000000,0.000000,0.000000,0.000000,0.000000,0.000000,0.000000,0.000000,0.000000,0.000000,0.000000,0.000000,0.000000,0.000000,0.000000,0.000000,0.000000,0.000000,0.000000,0.000000,0.000000,0.000000,0.000000,0.000000,0.000000,0.000000,0.000000,0.000000,0.000000,0.000000,0.000000,0.000000,0.000000,0.000000,0.000000,0.000000,0.000000,0.000000,0.000000,0.000000,0.000000,0.000000,0.000000,0.000000,0.000000,0.000000,0.000000,0.000000,0.000000,0.000000,0.000000,0.000000,0.000000,0.000000,0.000000,0.000000,0.000000,0.000000,0.000000,0.000000,0.000000,0.000000,0.000000
769,1694940883.708315,0,,,0.0000,0.0000,0.0000,0.0000,,,,,,,,,,,0.000000,0.000000,0.000000,0.000000,0.000000,0.000000,0.000000,0.000000,0.000000,0.000000,0.000000,0.000000,0.000000,0.000000,0.000000,0.000000,0.000000,0.000000,0.000000,0.000000,0.000000,0.000000,0.000000,0.000000,0.000000,0.000000,0.000000,0.000000,0.000000,0.000000,0.000000,0.000000,0.000000,0.000000,0.000000,0.000000,0.000000,0.000000,0.000000,0.000000,0.000000,0.000000,0.000000,0.000000,0.000000,0.000000,0.000000,0.000000,0.000000,0.000000,0.000000,0.000000,0.000000,0.000000,0.000000,0.000000,0.000000,0.000000,0.000000,0.000000,0.000000,0.000000,0.000000
770,1694940883.716648,0,,,0.0000,0.0000,0.0000,0.0000,,,,,,,,,,,0.000000,0.000000,0.000000,0.000000,0.000000,0.000000,0.000000,0.000000,0.000000,0.000000,0.000000,0.000000,0.000000,0.000000,0.000000,0.000000,0.000000,0.000000,0.000000,0.000000,0.000000,0.000000,0.000000,0.000000,0.000000,0.000000,0.000000,0.000000,0.000000,0.000000,0.000000,0.000000,0.000000,0.000000,0.000000,0.000000,0.000000,0.000000,0.000000,0.000000,0.000000,0.000000,0.000000,0.000000,0.000000,0.000000,0.000000,0.000000,0.000000,0.000000,0.000000,0.000000,0.000000,0.000000,0.000000,0.000000,0.000000,0.000000,0.000000,0.000000,0.000000,0.000000,0.000000
771,1694940883.724982,0,,,0.0000,0.0000,0.0000,0.0000,,,,,,,,,,,0.000000,0.000000,0.000000,0.000000,0.000000,0.000000,0.000000,0.000000,0.000000,0.000000,0.000000,0.000000,0.000000,0.000000,0.000000,0.000000,0.000000,0.000000,0.000000,0.000000,0.000000,0.000000,0.000000,0.000000,0.000000,0.000000,0.000000,0.000000,0.000000,0.000000,0.000000,0.000000,0.000000,0.000000,0.000000,0.000000,0.000000,0.000000,0.000000,0.000000,0.000000,0.000000,0.000000,0.000000,0.000000,0.000000,0.000000,0.000000,0.000000,0.000000,0.000000,0.000000,0.000000,0.000000,0.000000,0.000000,0.000000,0.000000,0.000000,0.000000,0.000000,0.000000,0.000000
772,1694940883.733315,0,,,0.0000,0.0000,0.0000,0.0000,,,,,,,,,,,0.000000,0.000000,0.000000,0.000000,0.000000,0.000000,0.000000,0.000000,0.000000,0.000000,0.000000,0.000000,0.000000,0.000000,0.000000,0.000000,0.000000,0.000000,0.000000,0.000000,0.000000,0.000000,0.000000,0.000000,0.000000,0.000000,0.000000,0.000000,0.000000,0.000000,0.000000,0.000000,0.000000,0.000000,0.000000,0.000000,0.000000,0.000000,0.000000,0.000000,0.000000,0.000000,0.000000,0.000000,0.000000,0.000000,0.000000,0.000000,0.000000,0.000000,0.000000,0.000000,0.000000,0.000000,0.000000,0.000000,0.000000,0.000000,0.000000,0.000000,0.000000,0.000000,0.000000
773,1694940883.741648,0,,,0.0000,0.0000,0.0000,0.0000,,,,,,,,,,,0.000000,0.000000,0.000000,0.000000,0.000000,0.000000,0.000000,0.000000,0.000000,0.000000,0.000000,0.000000,0.000000,0.000000,0.000000,0.000000,0.000000,0.000000,0.000000,0.000000,0.000000,0.000000,0.000000,0.000000,0.000000,0.000000,0.000000,0.000000,0.000000,0.000000,0.000000,0.000000,0.000000,0.000000,0.000000,0.000000,0.000000,0.000000,0.000000,0.000000,0.000000,0.000000,0.000000,0.000000,0.000000,0.000000,0.000000,0.000000,0.000000,0.000000,0.000000,0.000000,0.000000,0.000000,0.000000,0.000000,0.000000,0.000000,0.000000,0.000000,0.000000,0.000000,0.000000
774,1694940883.749982,0,,,0.0000,0.0000,0.0000,0.0000,,,,,,,,,,,0.000000,0.000000,0.000000,0.000000,0.000000,0.000000,0.000000,0.000000,0.000000,0.000000,0.000000,0.000000,0.000000,0.000000,0.000000,0.000000,0.000000,0.000000,0.000000,0.000000,0.000000,0.000000,0.000000,0.000000,0.000000,0.000000,0.000000,0.000000,0.000000,0.000000,0.000000,0.000000,0.000000,0.000000,0.000000,0.000000,0.000000,0.000000,0.000000,0.000000,0.000000,0.000000,0.000000,0.000000,0.000000,0.000000,0.000000,0.000000,0.000000,0.000000,0.000000,0.000000,0.000000,0.000000,0.000000,0.000000,0.000000,0.000000,0.000000,0.000000,0.000000,0.000000,0.000000
775,1694940883.758315,0,,,0.0000,0.0000,0.0000,0.0000,,,,,,,,,,,0.000000,0.000000,0.000000,0.000000,0.000000,0.000000,0.000000,0.000000,0.000000,0.000000,0.000000,0.000000,0.000000,0.000000,0.000000,0.000000,0.000000,0.000000,0.000000,0.000000,0.000000,0.000000,0.000000,0.000000,0.000000,0.000000,0.000000,0.000000,0.000000,0.000000,0.000000,0.000000,0.000000,0.000000,0.000000,0.000000,0.000000,0.000000,0.000000,0.000000,0.000000,0.000000,0.000000,0.000000,0.000000,0.000000,0.000000,0.000000,0.000000,0.000000,0.000000,0.000000,0.000000,0.000000,0.000000,0.000000,0.000000,0.000000,0.000000,0.000000,0.000000,0.000000,0.000000
776,1694940883.766648,0,,,0.0000,0.0000,0.0000,0.0000,,,,,,,,,,,0.000000,0.000000,0.000000,0.000000,0.000000,0.000000,0.000000,0.000000,0.000000,0.000000,0.000000,0.000000,0.000000,0.000000,0.000000,0.000000,0.000000,0.000000,0.000000,0.000000,0.000000,0.000000,0.000000,0.000000,0.000000,0.000000,0.000000,0.000000,0.000000,0.000000,0.000000,0.000000,0.000000,0.000000,0.000000,0.000000,0.000000,0.000000,0.000000,0.000000,0.000000,0.000000,0.000000,0.000000,0.000000,0.000000,0.000000,0.000000,0.000000,0.000000,0.000000,0.000000,0.000000,0.000000,0.000000,0.000000,0.000000,0.000000,0.000000,0.000000,0.000000,0.000000,0.000000
777,1694940883.774982,0,,,0.0000,0.0000,0.0000,0.0000,,,,,,,,,,,0.000000,0.000000,0.000000,0.000000,0.000000,0.000000,0.000000,0.000000,0.000000,0.000000,0.000000,0.000000,0.000000,0.000000,0.000000,0.000000,0.000000,0.000000,0.000000,0.000000,0.000000,0.000000,0.000000,0.000000,0.000000,0.000000,0.000000,0.000000,0.000000,0.000000,0.000000,0.000000,0.000000,0.000000,0.000000,0.000000,0.000000,0.000000,0.000000,0.000000,0.000000,0.000000,0.000000,0.000000,0.000000,0.000000,0.000000,0.000000,0.000000,0.000000,0.000000,0.000000,0.000000,0.000000,0.000000,0.000000,0.000000,0.000000,0.000000,0.000000,0.000000,0.000000,0.000000
778,1694940883.783315,0,,,0.0000,0.0000,0.0000,0.0000,,,,,,,,,,,0.000000,0.000000,0.000000,0.000000,0.000000,0.000000,0.000000,0.000000,0.000000,0.000000,0.000000,0.000000,0.000000,0.000000,0.000000,0.000000,0.000000,0.000000,0.000000,0.000000,0.000000,0.000000,0.000000,0.000000,0.000000,0.000000,0.000000,0.000000,0.000000,0.000000,0.000000,0.000000,0.000000,0.000000,0.000000,0.000000,0.000000,0.000000,0.000000,0.000000,0.000000,0.000000,0.000000,0.000000,0.000000,0.000000,0.000000,0.000000,0.000000,0.000000,0.000000,0.000000,0.000000,0.000000,0.000000,0.000000,0.000000,0.000000,0.000000,0.000000,0.000000,0.000000,0.000000
779,1694940883.791648,0,,,0.0000,0.0000,0.0000,0.0000,,,,,,,,,,,0.000000,0.000000,0.000000,0.000000,0.000000,0.000000,0.000000,0.000000,0.000000,0.000000,0.000000,0.000000,0.000000,0.000000,0.000000,0.000000,0.000000,0.000000,0.000000,0.000000,0.000000,0.000000,0.000000,0.000000,0.000000,0.000000,0.000000,0.000000,0.000000,0.000000,0.000000,0.000000,0.000000,0.000000,0.000000,0.000000,0.000000,0.000000,0.000000,0.000000,0.000000,0.000000,0.000000,0.000000,0.000000,0.000000,0.000000,0.000000,0.000000,0.000000,0.000000,0.000000,0.000000,0.000000,0.000000,0.000000,0.000000,0.000000,0.000000,0.000000,0.000000,0.000000,0.000000
780,1694940883.799982,0,,,0.0000,0.0000,0.0000,0.0000,,,,,,,,,,,0.000000,0.000000,0.000000,0.000000,0.000000,0.000000,0.000000,0.000000,0.000000,0.000000,0.000000,0.000000,0.000000,0.000000,0.000000,0.000000,0.000000,0.000000,0.000000,0.000000,0.000000,0.000000,0.000000,0.000000,0.000000,0.000000,0.000000,0.000000,0.000000,0.000000,0.000000,0.000000,0.000000,0.000000,0.000000,0.000000,0.000000,0.000000,0.000000,0.000000,0.000000,0.000000,0.000000,0.000000,0.000000,0.000000,0.000000,0.000000,0.000000,0.000000,0.000000,0.000000,0.000000,0.000000,0.000000,0.000000,0.000000,0.000000,0.000000,0.000000,0.000000,0.000000,0.000000
781,1694940883.808315,0,,,0.0000,0.0000,0.0000,0.0000,,,,,,,,,,,0.000000,0.000000,0.000000,0.000000,0.000000,0.000000,0.000000,0.000000,0.000000,0.000000,0.000000,0.000000,0.000000,0.000000,0.000000,0.000000,0.000000,0.000000,0.000000,0.000000,0.000000,0.000000,0.000000,0.000000,0.000000,0.000000,0.000000,0.000000,0.000000,0.000000,0.000000,0.000000,0.000000,0.000000,0.000000,0.000000,0.000000,0.000000,0.000000,0.000000,0.000000,0.000000,0.000000,0.000000,0.000000,0.000000,0.000000,0.000000,0.000000,0.000000,0.000000,0.000000,0.000000,0.000000,0.000000,0.000000,0.000000,0.000000,0.000000,0.000000,0.000000,0.000000,0.000000
782,1694940883.816648,0,,,0.0000,0.0000,0.0000,0.0000,,,,,,,,,,,0.000000,0.000000,0.000000,0.000000,0.000000,0.000000,0.000000,0.000000,0.000000,0.000000,0.000000,0.000000,0.000000,0.000000,0.000000,0.000000,0.000000,0.000000,0.000000,0.000000,0.000000,0.000000,0.000000,0.000000,0.000000,0.000000,0.000000,0.000000,0.000000,0.000000,0.000000,0.000000,0.000000,0.000000,0.000000,0.000000,0.000000,0.000000,0.000000,0.000000,0.000000,0.000000,0.000000,0.000000,0.000000,0.000000,0.000000,0.000000,0.000000,0.000000,0.000000,0.000000,0.000000,0.000000,0.000000,0.000000,0.000000,0.000000,0.000000,0.000000,0.000000,0.000000,0.000000
783,1694940883.824982,0,,,0.0000,0.0000,0.0000,0.0000,,,,,,,,,,,0.000000,0.000000,0.000000,0.000000,0.000000,0.000000,0.000000,0.000000,0.000000,0.000000,0.000000,0.000000,0.000000,0.000000,0.000000,0.000000,0.000000,0.000000,0.000000,0.000000,0.000000,0.000000,0.000000,0.000000,0.000000,0.000000,0.000000,0.000000,0.000000,0.000000,0.000000,0.000000,0.000000,0.000000,0.000000,0.000000,0.000000,0.000000,0.000000,0.000000,0.000000,0.000000,0.000000,0.000000,0.000000,0.000000,0.000000,0.000000,0.000000,0.000000,0.000000,0.000000,0.000000,0.000000,0.000000,0.000000,0.000000,0.000000,0.000000,0.000000,0.000000,0.000000,0.000000
784,1694940883.833315,0,,,0.0000,0.0000,0.0000,0.0000,,,,,,,,,,,0.000000,0.000000,0.000000,0.000000,0.000000,0.000000,0.000000,0.000000,0.000000,0.000000,0.000000,0.000000,0.000000,0.000000,0.000000,0.000000,0.000000,0.000000,0.000000,0.000000,0.000000,0.000000,0.000000,0.000000,0.000000,0.000000,0.000000,0.000000,0.000000,0.000000,0.000000,0.000000,0.000000,0.000000,0.000000,0.000000,0.000000,0.000000,0.000000,0.000000,0.000000,0.000000,0.000000,0.000000,0.000000,0.000000,0.000000,0.000000,0.000000,0.000000,0.000000,0.000000,0.000000,0.000000,0.000000,0.000000,0.000000,0.000000,0.000000,0.000000,0.000000,0.000000,0.000000
785,1694940883.841648,0,,,0.0000,0.0000,0.0000,0.0000,,,,,,,,,,,0.000000,0.000000,0.000000,0.000000,0.000000,0.000000,0.000000,0.000000,0.000000,0.000000,0.000000,0.000000,0.000000,0.000000,0.000000,0.000000,0.000000,0.000000,0.000000,0.000000,0.000000,0.000000,0.000000,0.000000,0.000000,0.000000,0.000000,0.000000,0.000000,0.000000,0.000000,0.000000,0.000000,0.000000,0.000000,0.000000,0.000000,0.000000,0.000000,0.000000,0.000000,0.000000,0.000000,0.000000,0.000000,0.000000,0.000000,0.000000,0.000000,0.000000,0.000000,0.000000,0.000000,0.000000,0.000000,0.000000,0.000000,0.000000,0.000000,0.000000,0.000000,0.000000,0.000000
786,1694940883.849982,0,,,0.0000,0.0000,0.0000,0.0000,,,,,,,,,,,0.000000,0.000000,0.000000,0.000000,0.000000,0.000000,0.000000,0.000000,0.000000,0.000000,0.000000,0.000000,0.000000,0.000000,0.000000,0.000000,0.000000,0.000000,0.000000,0.000000,0.000000,0.000000,0.000000,0.000000,0.000000,0.000000,0.000000,0.000000,0.000000,0.000000,0.000000,0.000000,0.000000,0.000000,0.000000,0.000000,0.000000,0.000000,0.000000,0.000000,0.000000,0.000000,0.000000,0.000000,0.000000,0.000000,0.000000,0.000000,0.000000,0.000000,0.000000,0.000000,0.000000,0.000000,0.000000,0.000000,0.000000,0.000000,0.000000,0.000000,0.000000,0.000000,0.000000
787,1694940883.858315,0,,,0.0000,0.0000,0.0000,0.0000,,,,,,,,,,,0.000000,0.000000,0.000000,0.000000,0.000000,0.000000,0.000000,0.000000,0.000000,0.000000,0.000000,0.000000,0.000000,0.000000,0.000000,0.000000,0.000000,0.000000,0.000000,0.000000,0.000000,0.000000,0.000000,0.000000,0.000000,0.000000,0.000000,0.000000,0.000000,0.000000,0.000000,0.000000,0.000000,0.000000,0.000000,0.000000,0.000000,0.000000,0.000000,0.000000,0.000000,0.000000,0.000000,0.000000,0.000000,0.000000,0.000000,0.000000,0.000000,0.000000,0.000000,0.000000,0.000000,0.000000,0.000000,0.000000,0.000000,0.000000,0.000000,0.000000,0.000000,0.000000,0.000000
788,1694940883.866648,0,,,0.0000,0.0000,0.0000,0.0000,,,,,,,,,,,0.000000,0.000000,0.000000,0.000000,0.000000,0.000000,0.000000,0.000000,0.000000,0.000000,0.000000,0.000000,0.000000,0.000000,0.000000,0.000000,0.000000,0.000000,0.000000,0.000000,0.000000,0.000000,0.000000,0.000000,0.000000,0.000000,0.000000,0.000000,0.000000,0.000000,0.000000,0.000000,0.000000,0.000000,0.000000,0.000000,0.000000,0.000000,0.000000,0.000000,0.000000,0.000000,0.000000,0.000000,0.000000,0.000000,0.000000,0.000000,0.000000,0.000000,0.000000,0.000000,0.000000,0.000000,0.000000,0.000000,0.000000,0.000000,0.000000,0.000000,0.000000,0.000000,0.000000
789,1694940883.874982,0,,,0.0000,0.0000,0.0000,0.0000,,,,,,,,,,,0.000000,0.000000,0.000000,0.000000,0.000000,0.000000,0.000000,0.000000,0.000000,0.000000,0.000000,0.000000,0.000000,0.000000,0.000000,0.000000,0.000000,0.000000,0.000000,0.000000,0.000000,0.000000,0.000000,0.000000,0.000000,0.000000,0.000000,0.000000,0.000000,0.000000,0.000000,0.000000,0.000000,0.000000,0.000000,0.000000,0.000000,0.000000,0.000000,0.000000,0.000000,0.000000,0.000000,0.000000,0.000000,0.000000,0.000000,0.000000,0.000000,0.000000,0.000000,0.000000,0.000000,0.000000,0.000000,0.000000,0.000000,0.000000,0.000000,0.000000,0.000000,0.000000,0.000000
790,1694940883.883315,0,,,0.0000,0.0000,0.0000,0.0000,,,,,,,,,,,0.000000,0.000000,0.000000,0.000000,0.000000,0.000000,0.000000,0.000000,0.000000,0.000000,0.000000,0.000000,0.000000,0.000000,0.000000,0.000000,0.000000,0.000000,0.000000,0.000000,0.000000,0.000000,0.000000,0.000000,0.000000,0.000000,0.000000,0.000000,0.000000,0.000000,0.000000,0.000000,0.000000,0.000000,0.000000,0.000000,0.000000,0.000000,0.000000,0.000000,0.000000,0.000000,0.000000,0.000000,0.000000,0.000000,0.000000,0.000000,0.000000,0.000000,0.000000,0.000000,0.000000,0.000000,0.000000,0.000000,0.000000,0.000000,0.000000,0.000000,0.000000,0.000000,0.000000
791,1694940883.891648,0,,,0.0000,0.0000,0.0000,0.0000,,,,,,,,,,,0.000000,0.000000,0.000000,0.000000,0.000000,0.000000,0.000000,0.000000,0.000000,0.000000,0.000000,0.000000,0.000000,0.000000,0.000000,0.000000,0.000000,0.000000,0.000000,0.000000,0.000000,0.000000,0.000000,0.000000,0.000000,0.000000,0.000000,0.000000,0.000000,0.000000,0.000000,0.000000,0.000000,0.000000,0.000000,0.000000,0.000000,0.000000,0.000000,0.000000,0.000000,0.000000,0.000000,0.000000,0.000000,0.000000,0.000000,0.000000,0.000000,0.000000,0.000000,0.000000,0.000000,0.000000,0.000000,0.000000,0.000000,0.000000,0.000000,0.000000,0.000000,0.000000,0.000000
792,1694940883.899982,0,,,0.0000,0.0000,0.0000,0.0000,,,,,,,,,,,0.000000,0.000000,0.000000,0.000000,0.000000,0.000000,0.000000,0.000000,0.000000,0.000000,0.000000,0.000000,0.000000,0.000000,0.000000,0.000000,0.000000,0.000000,0.000000,0.000000,0.000000,0.000000,0.000000,0.000000,0.000000,0.000000,0.000000,0.000000,0.000000,0.000000,0.000000,0.000000,0.000000,0.000000,0.000000,0.000000,0.000000,0.000000,0.000000,0.000000,0.000000,0.000000,0.000000,0.000000,0.000000,0.000000,0.000000,0.000000,0.000000,0.000000,0.000000,0.000000,0.000000,0.000000,0.000000,0.000000,0.000000,0.000000,0.000000,0.000000,0.000000,0.000000,0.000000
793,1694940883.908315,0,,,0.0000,0.0000,0.0000,0.0000,,,,,,,,,,,0.000000,0.000000,0.000000,0.000000,0.000000,0.000000,0.000000,0.000000,0.000000,0.000000,0.000000,0.000000,0.000000,0.000000,0.000000,0.000000,0.000000,0.000000,0.000000,0.000000,0.000000,0.000000,0.000000,0.000000,0.000000,0.000000,0.000000,0.000000,0.000000,0.000000,0.000000,0.000000,0.000000,0.000000,0.000000,0.000000,0.000000,0.000000,0.000000,0.000000,0.000000,0.000000,0.000000,0.000000,0.000000,0.000000,0.000000,0.000000,0.000000,0.000000,0.000000,0.000000,0.000000,0.000000,0.000000,0.000000,0.000000,0.000000,0.000000,0.000000,0.000000,0.000000,0.000000
794,1694940883.916648,1,,,0.0000,0.0000,0.0000,0.0000,,,,,,,,,,,0.000000,0.000000,0.000000,0.000000,0.000000,0.000000,0.000000,0.000000,0.000000,0.000000,0.000000,0.000000,0.000000,0.000000,0.000000,0.000000,0.000000,0.000000,0.000000,0.000000,0.000000,0.000000,0.000000,0.000000,0.000000,0.000000,0.000000,0.000000,0.000000,0.000000,0.000000,0.000000,0.000000,0.000000,0.000000,0.000000,0.000000,0.000000,0.000000,0.000000,0.000000,0.000000,0.000000,0.000000,0.000000,0.000000,0.000000,0.000000,0.000000,0.000000,0.000000,0.000000,0.000000,0.000000,0.000000,0.000000,0.000000,0.000000,0.000000,0.000000,0.000000,0.000000,0.000000
795,1694940883.924982,1,,,0.0000,0.0000,0.0000,0.0000,,,,,,,,,,,0.000000,0.000000,0.000000,0.000000,0.000000,0.000000,0.000000,0.000000,0.000000,0.000000,0.000000,0.000000,0.000000,0.000000,0.000000,0.000000,0.000000,0.000000,0.000000,0.000000,0.000000,0.000000,0.000000,0.000000,0.000000,0.000000,0.000000,0.000000,0.000000,0.000000,0.000000,0.000000,0.000000,0.000000,0.000000,0.000000,0.000000,0.000000,0.000000,0.000000,0.000000,0.000000,0.000000,0.000000,0.000000,0.000000,0.000000,0.000000,0.000000,0.000000,0.000000,0.000000,0.000000,0.000000,0.000000,0.000000,0.000000,0.000000,0.000000,0.000000,0.000000,0.000000,0.000000
796,1694940883.933315,1,,,0.0000,0.0000,0.0000,0.0000,,,,,,,,,,,0.000000,0.000000,0.000000,0.000000,0.000000,0.000000,0.000000,0.000000,0.000000,0.000000,0.000000,0.000000,0.000000,0.000000,0.000000,0.000000,0.000000,0.000000,0.000000,0.000000,0.000000,0.000000,0.000000,0.000000,0.000000,0.000000,0.000000,0.000000,0.000000,0.000000,0.000000,0.000000,0.000000,0.000000,0.000000,0.000000,0.000000,0.000000,0.000000,0.000000,0.000000,0.000000,0.000000,0.000000,0.000000,0.000000,0.000000,0.000000,0.000000,0.000000,0.000000,0.000000,0.000000,0.000000,0.000000,0.000000,0.000000,0.000000,0.000000,0.000000,0.000000,0.000000,0.000000
797,1694940883.941648,1,,,0.0000,0.0000,0.0000,0.0000,,,,,,,,,,,0.000000,0.000000,0.000000,0.000000,0.000000,0.000000,0.000000,0.000000,0.000000,0.000000,0.000000,0.000000,0.000000,0.000000,0.000000,0.000000,0.000000,0.000000,0.000000,0.000000,0.000000,0.000000,0.000000,0.000000,0.000000,0.000000,0.000000,0.000000,0.000000,0.000000,0.000000,0.000000,0.000000,0.000000,0.000000,0.000000,0.000000,0.000000,0.000000,0.000000,0.000000,0.000000,0.000000,0.000000,0.000000,0.000000,0.000000,0.000000,0.000000,0.000000,0.000000,0.000000,0.000000,0.000000,0.000000,0.000000,0.000000,0.000000,0.000000,0.000000,0.000000,0.000000,0.000000
798,1694940883.949982,1,,,0.0000,0.0000,0.0000,0.0000,,,,,,,,,,,0.000000,0.000000,0.000000,0.000000,0.000000,0.000000,0.000000,0.000000,0.000000,0.000000,0.000000,0.000000,0.000000,0.000000,0.000000,0.000000,0.000000,0.000000,0.000000,0.000000,0.000000,0.000000,0.000000,0.000000,0.000000,0.000000,0.000000,0.000000,0.000000,0.000000,0.000000,0.000000,0.000000,0.000000,0.000000,0.000000,0.000000,0.000000,0.000000,0.000000,0.000000,0.000000,0.000000,0.000000,0.000000,0.000000,0.000000,0.000000,0.000000,0.000000,0.000000,0.000000,0.000000,0.000000,0.000000,0.000000,0.000000,0.000000,0.000000,0.000000,0.000000,0.000000,0.000000
799,1694940883.958315,1,,,0.0000,0.0000,0.0000,0.0000,,,,,,,,,,,0.000000,0.000000,0.000000,0.000000,0.000000,0.000000,0.000000,0.000000,0.000000,0.000000,0.000000,0.000000,0.000000,0.000000,0.000000,0.000000,0.000000,0.000000,0.000000,0.000000,0.000000,0.000000,0.000000,0.000000,0.000000,0.000000,0.000000,0.000000,0.000000,0.000000,0.000000,0.000000,0.000000,0.000000,0.000000,0.000000,0.000000,0.000000,0.000000,0.000000,0.000000,0.000000,0.000000,0.000000,0.000000,0.000000,0.000000,0.000000,0.000000,0.000000,0.000000,0.000000,0.000000,0.000000,0.000000,0.000000,0.000000,0.000000,0.000000,0.000000,0.000000,0.000000,0.000000
800,1694940883.966648,1,,,0.0000,0.0000,0.0000,0.0000,,,,,,,,,,,0.000000,0.000000,0.000000,0.000000,0.000000,0.000000,0.000000,0.000000,0.000000,0.000000,0.000000,0.000000,0.000000,0.000000,0.000000,0.000000,0.000000,0.000000,0.000000,0.000000,0.000000,0.000000,0.000000,0.000000,0.000000,0.000000,0.000000,0.000000,0.000000,0.000000,0.000000,0.000000,0.000000,0.000000,0.000000,0.000000,0.000000,0.000000,0.000000,0.000000,0.000000,0.000000,0.000000,0.000000,0.000000,0.000000,0.000000,0.000000,0.000000,0.000000,0.000000,0.000000,0.000000,0.000000,0.000000,0.000000,0.000000,0.000000,0.000000,0.000000,0.000000,0.000000,0.000000
801,1694940883.974982,1,,,0.0000,0.0000,0.0000,0.0000,,,,,,,,,,,0.000000,0.000000,0.000000,0.000000,0.000000,0.000000,0.000000,0.000000,0.000000,0.000000,0.000000,0.000000,0.000000,0.000000,0.000000,0.000000,0.000000,0.000000,0.000000,0.000000,0.000000,0.000000,0.000000,0.000000,0.000000,0.000000,0.000000,0.000000,0.000000,0.000000,0.000000,0.000000,0.000000,0.000000,0.000000,0.000000,0.000000,0.000000,0.000000,0.000000,0.000000,0.000000,0.000000,0.000000,0.000000,0.000000,0.000000,0.000000,0.000000,0.000000,0.000000,0.000000,0.000000,0.000000,0.000000,0.000000,0.000000,0.000000,0.000000,0.000000,0.000000,0.000000,0.000000
802,1694940883.983315,1,,,0.0000,0.0000,0.0000,0.0000,,,,,,,,,,,0.000000,0.000000,0.000000,0.000000,0.000000,0.000000,0.000000,0.000000,0.000000,0.000000,0.000000,0.000000,0.000000,0.000000,0.000000,0.000000,0.000000,0.000000,0.000000,0.000000,0.000000,0.000000,0.000000,0.000000,0.000000,0.000000,0.000000,0.000000,0.000000,0.000000,0.000000,0.000000,0.000000,0.000000,0.000000,0.000000,0.000000,0.000000,0.000000,0.000000,0.000000,0.000000,0.000000,0.000000,0.000000,0.000000,0.000000,0.000000,0.000000,0.000000,0.000000,0.000000,0.000000,0.000000,0.000000,0.000000,0.000000,0.000000,0.000000,0.000000,0.000000,0.000000,0.000000
803,1694940883.991648,1,,,0.0000,0.0000,0.0000,0.0000,,,,,,,,,,,0.000000,0.000000,0.000000,0.000000,0.000000,0.000000,0.000000,0.000000,0.000000,0.000000,0.000000,0.000000,0.000000,0.000000,0.000000,0.000000,0.000000,0.000000,0.000000,0.000000,0.000000,0.000000,0.000000,0.000000,0.000000,0.000000,0.000000,0.000000,0.000000,0.000000,0.000000,0.000000,0.000000,0.000000,0.000000,0.000000,0.000000,0.000000,0.000000,0.000000,0.000000,0.000000,0.000000,0.000000,0.000000,0.000000,0.000000,0.000000,0.000000,0.000000,0.000000,0.000000,0.000000,0.000000,0.000000,0.000000,0.000000,0.000000,0.000000,0.000000,0.000000,0.000000,0.000000
804,1694940883.999982,1,,,0.0000,0.0000,0.0000,0.0000,,,,,,,,,,,0.000000,0.000000,0.000000,0.000000,0.000000,0.000000,0.000000,0.000000,0.000000,0.000000,0.000000,0.000000,0.000000,0.000000,0.000000,0.000000,0.000000,0.000000,0.000000,0.000000,0.000000,0.000000,0.000000,0.000000,0.000000,0.000000,0.000000,0.000000,0.000000,0.000000,0.000000,0.000000,0.000000,0.000000,0.000000,0.000000,0.000000,0.000000,0.000000,0.000000,0.000000,0.000000,0.000000,0.000000,0.000000,0.000000,0.000000,0.000000,0.000000,0.000000,0.000000,0.000000,0.000000,0.000000,0.000000,0.000000,0.000000,0.000000,0.000000,0.000000,0.000000,0.000000,0.000000
805,1694940884.008315,1,,,0.0000,0.0000,0.0000,0.0000,,,,,,,,,,,0.000000,0.000000,0.000000,0.000000,0.000000,0.000000,0.000000,0.000000,0.000000,0.000000,0.000000,0.000000,0.000000,0.000000,0.000000,0.000000,0.000000,0.000000,0.000000,0.000000,0.000000,0.000000,0.000000,0.000000,0.000000,0.000000,0.000000,0.000000,0.000000,0.000000,0.000000,0.000000,0.000000,0.000000,0.000000,0.000000,0.000000,0.000000,0.000000,0.000000,0.000000,0.000000,0.000000,0.000000,0.000000,0.000000,0.000000,0.000000,0.000000,0.000000,0.000000,0.000000,0.000000,0.000000,0.000000,0.000000,0.000000,0.000000,0.000000,0.000000,0.000000,0.000000,0.000000
806,1694940884.016648,1,,,0.0000,0.0000,0.0000,0.0000,,,,,,,,,,,0.000000,0.000000,0.000000,0.000000,0.000000,0.000000,0.000000,0.000000,0.000000,0.000000,0.000000,0.000000,0.000000,0.000000,0.000000,0.000000,0.000000,0.000000,0.000000,0.000000,0.000000,0.000000,0.000000,0.000000,0.000000,0.000000,0.000000,0.000000,0.000000,0.000000,0.000000,0.000000,0.000000,0.000000,0.000000,0.000000,0.000000,0.000000,0.000000,0.000000,0.000000,0.000000,0.000000,0.000000,0.000000,0.000000,0.000000,0.000000,0.000000,0.000000,0.000000,0.000000,0.000000,0.000000,0.000000,0.000000,0.000000,0.000000,0.000000,0.000000,0.000000,0.000000,0.000000
807,1694940884.024982,1,,,0.0000,0.0000,0.0000,0.0000,,,,,,,,,,,0.000000,0.000000,0.000000,0.000000,0.000000,0.000000,0.000000,0.000000,0.000000,0.000000,0.000000,0.000000,0.000000,0.000000,0.000000,0.000000,0.000000,0.000000,0.000000,0.000000,0.000000,0.000000,0.000000,0.000000,0.000000,0.000000,0.000000,0.000000,0.000000,0.000000,0.000000,0.000000,0.000000,0.000000,0.000000,0.000000,0.000000,0.000000,0.000000,0.000000,0.000000,0.000000,0.000000,0.000000,0.000000,0.000000,0.000000,0.000000,0.000000,0.000000,0.000000,0.000000,0.000000,0.000000,0.000000,0.000000,0.000000,0.000000,0.000000,0.000000,0.000000,0.000000,0.000000
808,1694940884.033315,1,,,0.0000,0.0000,0.0000,0.0000,,,,,,,,,,,0.000000,0.000000,0.000000,0.000000,0.000000,0.000000,0.000000,0.000000,0.000000,0.000000,0.000000,0.000000,0.000000,0.000000,0.000000,0.000000,0.000000,0.000000,0.000000,0.000000,0.000000,0.000000,0.000000,0.000000,0.000000,0.000000,0.000000,0.000000,0.000000,0.000000,0.000000,0.000000,0.000000,0.000000,0.000000,0.000000,0.000000,0.000000,0.000000,0.000000,0.000000,0.000000,0.000000,0.000000,0.000000,0.000000,0.000000,0.000000,0.000000,0.000000,0.000000,0.000000,0.000000,0.000000,0.000000,0.000000,0.000000,0.000000,0.000000,0.000000,0.000000,0.000000,0.000000
809,1694940884.041648,1,,,0.0000,0.0000,0.0000,0.0000,,,,,,,,,,,0.000000,0.000000,0.000000,0.000000,0.000000,0.000000,0.000000,0.000000,0.000000,0.000000,0.000000,0.000000,0.000000,0.000000,0.000000,0.000000,0.000000,0.000000,0.000000,0.000000,0.000000,0.000000,0.000000,0.000000,0.000000,0.000000,0.000000,0.000000,0.000000,0.000000,0.000000,0.000000,0.000000,0.000000,0.000000,0.000000,0.000000,0.000000,0.000000,0.000000,0.000000,0.000000,0.000000,0.000000,0.000000,0.000000,0.000000,0.000000,0.000000,0.000000,0.000000,0.000000,0.000000,0.000000,0.000000,0.000000,0.000000,0.000000,0.000000,0.000000,0.000000,0.000000,0.000000
810,1694940884.049982,1,,,0.0000,0.0000,0.0000,0.0000,,,,,,,,,,,0.000000,0.000000,0.000000,0.000000,0.000000,0.000000,0.000000,0.000000,0.000000,0.000000,0.000000,0.000000,0.000000,0.000000,0.000000,0.000000,0.000000,0.000000,0.000000,0.000000,0.000000,0.000000,0.000000,0.000000,0.000000,0.000000,0.000000,0.000000,0.000000,0.000000,0.000000,0.000000,0.000000,0.000000,0.000000,0.000000,0.000000,0.000000,0.000000,0.000000,0.000000,0.000000,0.000000,0.000000,0.000000,0.000000,0.000000,0.000000,0.000000,0.000000,0.000000,0.000000,0.000000,0.000000,0.000000,0.000000,0.000000,0.000000,0.000000,0.000000,0.000000,0.000000,0.000000
811,1694940884.058315,1,,,0.0000,0.0000,0.0000,0.0000,,,,,,,,,,,0.000000,0.000000,0.000000,0.000000,0.000000,0.000000,0.000000,0.000000,0.000000,0.000000,0.000000,0.000000,0.000000,0.000000,0.000000,0.000000,0.000000,0.000000,0.000000,0.000000,0.000000,0.000000,0.000000,0.000000,0.000000,0.000000,0.000000,0.000000,0.000000,0.000000,0.000000,0.000000,0.000000,0.000000,0.000000,0.000000,0.000000,0.000000,0.000000,0.000000,0.000000,0.000000,0.000000,0.000000,0.000000,0.000000,0.000000,0.000000,0.000000,0.000000,0.000000,0.000000,0.000000,0.000000,0.000000,0.000000,0.000000,0.000000,0.000000,0.000000,0.000000,0.000000,0.000000
812,1694940884.066648,1,,,0.0000,0.0000,0.0000,0.0000,,,,,,,,,,,0.000000,0.000000,0.000000,0.000000,0.000000,0.000000,0.000000,0.000000,0.000000,0.000000,0.000000,0.000000,0.000000,0.000000,0.000000,0.000000,0.000000,0.000000,0.000000,0.000000,0.000000,0.000000,0.000000,0.000000,0.000000,0.000000,0.000000,0.000000,0.000000,0.000000,0.000000,0.000000,0.000000,0.000000,0.000000,0.000000,0.000000,0.000000,0.000000,0.000000,0.000000,0.000000,0.000000,0.000000,0.000000,0.000000,0.000000,0.000000,0.000000,0.000000,0.000000,0.000000,0.000000,0.000000,0.000000,0.000000,0.000000,0.000000,0.000000,0.000000,0.000000,0.000000,0.000000
813,1694940884.074982,1,,,0.0000,0.0000,0.0000,0.0000,,,,,,,,,,,0.000000,0.000000,0.000000,0.000000,0.000000,0.000000,0.000000,0.000000,0.000000,0.000000,0.000000,0.000000,0.000000,0.000000,0.000000,0.000000,0.000000,0.000000,0.000000,0.000000,0.000000,0.000000,0.000000,0.000000,0.000000,0.000000,0.000000,0.000000,0.000000,0.000000,0.000000,0.000000,0.000000,0.000000,0.000000,0.000000,0.000000,0.000000,0.000000,0.000000,0.000000,0.000000,0.000000,0.000000,0.000000,0.000000,0.000000,0.000000,0.000000,0.000000,0.000000,0.000000,0.000000,0.000000,0.000000,0.000000,0.000000,0.000000,0.000000,0.000000,0.000000,0.000000,0.000000
814,1694940884.083315,1,,,0.0000,0.0000,0.0000,0.0000,,,,,,,,,,,0.000000,0.000000,0.000000,0.000000,0.000000,0.000000,0.000000,0.000000,0.000000,0.000000,0.000000,0.000000,0.000000,0.000000,0.000000,0.000000,0.000000,0.000000,0.000000,0.000000,0.000000,0.000000,0.000000,0.000000,0.000000,0.000000,0.000000,0.000000,0.000000,0.000000,0.000000,0.000000,0.000000,0.000000,0.000000,0.000000,0.000000,0.000000,0.000000,0.000000,0.000000,0.000000,0.000000,0.000000,0.000000,0.000000,0.000000,0.000000,0.000000,0.000000,0.000000,0.000000,0.000000,0.000000,0.000000,0.000000,0.000000,0.000000,0.000000,0.000000,0.000000,0.000000,0.000000
815,1694940884.091648,1,-23.5170,-23.5170,-17.6913,0.0000,43.0906,260.1487,,5118.5980,3.7410,131.6960,92.2137,124.8112,135.4853,146.6083,159.4629,0.154118,0.568085,0.561888,0.000000,0.494474,0.630890,-0.017577,0.417929,0.609220,-0.025461,0.362629,0.545842,-0.026466,0.321150,0.491319,-0.024203,0.424674,0.439398,-0.040487,0.350578,0.372441,-0.043663,0.314787,0.333390,-0.036646,0.294264,0.297923,-0.029101,0.462293,0.358787,-0.032131,0.390957,0.250854,-0.035885,0.377112,0.277105,-0.018574,0.384570,0.304255,0.000283,0.498742,0.314084,-0.022703,0.437933,0.220359,-0.026517,0.420433,0.260278,-0.007782,0.423958,0.292722,0.011385,0.531577,0.293182,-0.013778,0.480725,0.214718,-0.012772,0.457072,0.237308,0.002166,0.453375,0.265579,0.018076
816,1694940884.099982,1,31.1728,31.1728,-5.5795,12.1118,41.1781,92.7372,0.7587,6117.0956,2.6950,137.8596,70.5696,141.2360,145.9335,148.5413,150.1734,0.099686,0.574428,0.569762,0.000000,0.500597,0.638522,-0.018256,0.422298,0.620936,-0.026592,0.365455,0.560481,-0.028061,0.325550,0.503763,-0.026336,0.426464,0.452063,-0.038570,0.351751,0.384020,-0.041541,0.314488,0.344419,-0.035697,0.292703,0.309607,-0.029272,0.462717,0.370046,-0.029934,0.391691,0.261994,-0.032345,0.375663,0.283171,-0.016803,0.380964,0.306533,-0.000102,0.498488,0.323870,-0.020427,0.437902,0.232970,-0.022939,0.419153,0.271279,-0.006657,0.421425,0.302400,0.009766,0.530854,0.300736,-0.011510,0.481070,0.228856,-0.009683,0.458824,0.254976,0.004156,0.456046,0.285054,0.018493
817,1694940884.108315,1,-32.7566,-32.7566,3.9628,9.5423,38.3798,26.1135,7.4548,8281.0493,1.8644,143.6829,49.5820,152.1261,151.9527,150.7973,147.7898,0.071255,0.572778,0.570356,0.000000,0.501377,0.646159,-0.015641,0.423461,0.632146,-0.024171,0.366456,0.570261,-0.025904,0.324853,0.513182,-0.024805,0.427712,0.466568,-0.042789,0.352517,0.399277,-0.046019,0.315378,0.361069,-0.039262,0.294215,0.326369,-0.032321,0.462832,0.383850,-0.036090,0.391138,0.268199,-0.040733,0.378801,0.283906,-0.024895,0.387131,0.302742,-0.007787,0.498173,0.334981,-0.027604,0.435613,0.238781,-0.031663,0.423783,0.280490,-0.013876,0.431920,0.312648,0.003735,0.531486,0.308627,-0.019283,0.477514,0.230206,-0.017575,0.460787,0.261892,-0.001770,0.465136,0.295006,0.013871
818,1694940884.116648,1,22.9346,22.9346,-6.8051,-10.7679,32.1830,82.9218,34.9143,7397.9632,3.0569,148.5772,40.2638,158.5754,156.3821,151.2816,143.2517,0.031243,0.577526,0.579152,0.000000,0.504971,0.653883,-0.017177,0.426967,0.643065,-0.025104,0.370406,0.583907,-0.025709,0.327378,0.528845,-0.023088,0.430596,0.476020,-0.041134,0.353384,0.410247,-0.042010,0.317178,0.372184,-0.032690,0.296423,0.339527,-0.023589,0.465701,0.393219,-0.032689,0.393989,0.278900,-0.034780,0.379584,0.293456,-0.017261,0.383954,0.312135,0.001416,0.500504,0.345351,-0.022803,0.439424,0.248682,-0.025107,0.424100,0.282861,-0.007498,0.426708,0.310915,0.010202,0.532876,0.320572,-0.013130,0.479958,0.243433,-0.011045,0.461125,0.269743,0.004288,0.461204,0.300389,0.020104
819,1694940884.124982,1,-26.5859,-26.5859,-0.7672,6.0379,27.0749,2979.7466,14.3695,7247.7322,1.9970,148.2940,35.5382,166.5711,161.8198,153.0488,140.4443,0.003874,0.582886,0.588053,0.000000,0.510615,0.662655,-0.015480,0.432915,0.653789,-0.023445,0.375781,0.597675,-0.024509,0.333109,0.541701,-0.022214,0.432958,0.491667,-0.041364,0.356965,0.423749,-0.044177,0.319536,0.384537,-0.036132,0.297854,0.352490,-0.027873,0.468399,0.408312,-0.034924,0.395811,0.284351,-0.041301,0.380762,0.298302,-0.025527,0.385653,0.320545,-0.007028,0.503941,0.359901,-0.026804,0.444531,0.256234,-0.030184,0.427132,0.286782,-0.011395,0.427367,0.312537,0.007625,0.537965,0.336535,-0.018928,0.485725,0.248866,-0.014988,0.466580,0.270686,0.002909,0.466025,0.300744,0.020673
820,1694940884.133315,1,-23.2021,-23.2021,-13.5937,-12.8265,27.0338,1834.6564,10.7858,6849.3789,2.3167,144.1319,40.0334,174.7894,166.8417,154.5568,139.7691,0.006814,0.588888,0.597769,0.000000,0.514615,0.666512,-0.015264,0.437094,0.661824,-0.024070,0.379654,0.609278,-0.025946,0.333416,0.556775,-0.024282,0.436758,0.502426,-0.041257,0.360064,0.439808,-0.043178,0.322523,0.400215,-0.034709,0.299878,0.367734,-0.026393,0.471380,0.418605,-0.035136,0.398536,0.300731,-0.038112,0.376823,0.291292,-0.021654,0.373610,0.291151,-0.004489,0.506910,0.369958,-0.027543,0.447740,0.263502,-0.027709,0.421225,0.261593,-0.008751,0.410326,0.261934,0.008345,0.540585,0.345409,-0.020417,0.489420,0.258760,-0.015044,0.465803,0.268074,0.002983,0.457976,0.286411,0.019780
821,1694940884.141648,1,20.0727,20.0727,13.2073,26.8010,24.2256,1377.4476,8.0983,5633.7203,2.3273,132.5069,53.6493,188.8890,176.1374,159.6604,141.0265,0.000000,0.592806,0.598669,0.000000,0.519272,0.668836,-0.013730,0.440397,0.666828,-0.021957,0.382207,0.620027,-0.024154,0.339876,0.567577,-0.023322,0.439818,0.510420,-0.039922,0.362180,0.451015,-0.042524,0.325705,0.418770,-0.034104,0.304530,0.387407,-0.026126,0.473275,0.424962,-0.035416,0.397269,0.307931,-0.043238,0.388846,0.341045,-0.028251,0.400252,0.375372,-0.010044,0.507000,0.372422,-0.029116,0.442588,0.277703,-0.033870,0.433605,0.319792,-0.017064,0.442174,0.349868,0.000408,0.538521,0.343440,-0.022770,0.482322,0.268432,-0.020172,0.469674,0.301589,-0.004410,0.476132,0.334047,0.011348
822,1694940884.149982,1,22.1459,22.1459,-0.1972,-13.4045,22.8791,2304.9502,21.0511,5045.4505,2.3523,129.2978,71.8968,196.3721,179.2341,157.6170,133.3306,0.000000,0.600970,0.610048,0.000000,0.526301,0.672071,-0.014045,0.447326,0.677312,-0.024424,0.387666,0.633487,-0.029744,0.343975,0.582596,-0.032201,0.443321,0.519975,-0.039672,0.366526,0.459829,-0.044493,0.332401,0.425383,-0.039889,0.313352,0.397229,-0.034536,0.475219,0.438039,-0.035968,0.402743,0.325267,-0.041047,0.388270,0.334854,-0.029977,0.392520,0.353713,-0.017452,0.508767,0.386545,-0.030517,0.446250,0.293292,-0.032510,0.431707,0.327339,-0.017731,0.435578,0.358657,-0.003952,0.542163,0.356363,-0.025400,0.488799,0.284177,-0.022096,0.471219,0.312755,-0.007400,0.472981,0.345511,0.006709
823,1694940884.158315,1,-26.7682,-26.7682,-0.0456,0.1516,22.8876,2030.3097,21.3202,4738.0447,2.3418,131.8318,74.3944,205.9687,187.6563,163.8377,136.0506,0.000000,0.603770,0.619208,0.000000,0.528063,0.675252,-0.012382,0.449655,0.681591,-0.023717,0.389988,0.642090,-0.030313,0.345491,0.594352,-0.034041,0.446533,0.535891,-0.042784,0.369362,0.474226,-0.050183,0.333759,0.437336,-0.046282,0.312867,0.409223,-0.040890,0.479107,0.453106,-0.040916,0.405130,0.335854,-0.047582,0.385137,0.330910,-0.036670,0.381672,0.336801,-0.024635,0.512852,0.399437,-0.037060,0.451197,0.298863,-0.040071,0.433145,0.322482,-0.023072,0.431876,0.346821,-0.007760,0.547097,0.368876,-0.033526,0.493241,0.289977,-0.030072,0.473849,0.312563,-0.012886,0.472967,0.341892,0.003097
824,1694940884.166648,0,-22.3677,-22.3677,0.2086,0.2542,22.2131,1960.8711,25.1072,4836.1752,2.9642,130.7284,88.9230,215.4207,194.5235,167.3114,135.9049,0.000000,0.606653,0.629938,0.000000,0.530384,0.682982,-0.011409,0.453059,0.688458,-0.022523,0.394012,0.653094,-0.029307,0.351662,0.603601,-0.033027,0.448574,0.548255,-0.040894,0.371162,0.488264,-0.048275,0.336019,0.450677,-0.043542,0.317078,0.419935,-0.037627,0.481641,0.465314,-0.039884,0.406393,0.349233,-0.047583,0.391246,0.347138,-0.036093,0.391874,0.351882,-0.023015,0.516651,0.411096,-0.037087,0.455328,0.306866,-0.040823,0.440449,0.329031,-0.023424,0.440857,0.349927,-0.007611,0.551853,0.380854,-0.034583,0.500609,0.299007,-0.031775,0.483458,0.322313,-0.015094,0.483800,0.352230,0.000565
825,1694940884.174982,0,,,0.0000,0.0000,0.0000,0.0000,26.6828,5722.5797,2.3140,97.6875,109.5333,227.7348,203.1057,174.6745,140.9189,0.000000,0.610357,0.634612,0.000000,0.534297,0.689577,-0.009103,0.456773,0.696636,-0.019349,0.397413,0.661722,-0.026126,0.353579,0.616528,-0.030112,0.454641,0.560477,-0.036562,0.378353,0.502272,-0.041998,0.345087,0.469286,-0.036189,0.328479,0.442549,-0.029539,0.486188,0.477572,-0.036349,0.409125,0.359194,-0.042842,0.397047,0.364224,-0.032245,0.402240,0.377090,-0.019969,0.518869,0.421799,-0.033947,0.453429,0.319504,-0.037170,0.447013,0.357061,-0.020937,0.457104,0.390530,-0.005929,0.551955,0.389874,-0.031447,0.499310,0.309782,-0.028461,0.486637,0.339764,-0.012629,0.492144,0.373684,0.002268
826,1694940884.183315,0,,,0.0000,0.0000,0.0000,0.0000,10.5596,5554.1285,2.5715,84.1381,122.0004,237.5768,211.2270,181.1353,144.9887,0.000000,0.614284,0.640266,0.000000,0.539013,0.695828,-0.008800,0.462030,0.702177,-0.018666,0.403335,0.668245,-0.024949,0.359232,0.627193,-0.028813,0.460479,0.568957,-0.037857,0.383521,0.513464,-0.044835,0.349128,0.482495,-0.039942,0.331918,0.453769,-0.033896,0.491016,0.485653,-0.037688,0.411860,0.369585,-0.046481,0.404206,0.387791,-0.035658,0.415894,0.409247,-0.022403,0.522635,0.429382,-0.035291,0.454287,0.326088,-0.040902,0.451254,0.368699,-0.024971,0.465886,0.403564,-0.009507,0.554066,0.397403,-0.032580,0.500259,0.323427,-0.031081,0.490241,0.356191,-0.016021,0.498711,0.387545,-0.001514
827,1694940884.191648,0,,,0.0000,0.0000,0.0000,0.0000,11.7767,5565.3929,3.2378,88.3194,131.8458,251.3577,223.9846,192.4529,153.7932,0.000000,0.617143,0.653776,-0.000000,0.540540,0.705213,-0.006698,0.461901,0.709728,-0.016237,0.403971,0.678475,-0.023108,0.362300,0.634654,-0.027746,0.458738,0.577240,-0.037056,0.385270,0.522713,-0.046331,0.351662,0.494261,-0.043510,0.333423,0.467527,-0.039116,0.489749,0.495165,-0.039256,0.413799,0.379894,-0.051546,0.410038,0.399453,-0.042116,0.423492,0.421310,-0.029620,0.523109,0.439700,-0.039200,0.455958,0.334280,-0.048062,0.453719,0.375754,-0.031366,0.468309,0.410060,-0.014882,0.557217,0.408138,-0.038675,0.502286,0.328013,-0.038323,0.492125,0.361196,-0.021791,0.500321,0.394895,-0.006190
828,1694940884.199982,0,,,0.0000,0.0000,0.0000,0.0000,40.5450,5770.4038,2.8833,83.8951,138.8704,259.8376,230.0357,198.0404,160.1778,0.000000,0.618085,0.658324,-0.000000,0.543185,0.709594,-0.007879,0.465333,0.715343,-0.017746,0.407265,0.686018,-0.024573,0.364094,0.646121,-0.029086,0.462084,0.582990,-0.036997,0.386942,0.528138,-0.044426,0.352787,0.500993,-0.039789,0.335508,0.474993,-0.034410,0.492697,0.500810,-0.038281,0.414571,0.385847,-0.048412,0.410453,0.406737,-0.038383,0.425116,0.429446,-0.026033,0.524913,0.444162,-0.037352,0.455787,0.341558,-0.044147,0.455097,0.386748,-0.027526,0.471570,0.422182,-0.012018,0.557357,0.410886,-0.036131,0.502055,0.338716,-0.035546,0.493468,0.372640,-0.020205,0.502722,0.402923,-0.005829
829,1694940884.208315,0,,,0.0000,0.0000,0.0000,0.0000,9.2066,5822.7044,3.2706,84.0772,143.4296,264.3332,235.7107,202.7114,162.0797,0.000000,0.619526,0.663200,-0.000000,0.545825,0.715397,-0.010804,0.470277,0.720457,-0.021105,0.412477,0.690247,-0.027670,0.368237,0.653436,-0.031860,0.466077,0.587437,-0.037865,0.390457,0.535649,-0.045726,0.355183,0.507875,-0.041256,0.336350,0.479797,-0.035907,0.495498,0.505361,-0.037127,0.417126,0.397616,-0.047308,0.414896,0.428728,-0.036699,0.430843,0.457510,-0.023541,0.527491,0.450243,-0.034663,0.460215,0.349101,-0.042559,0.458026,0.394796,-0.027326,0.473098,0.430710,-0.012207,0.559095,0.419947,-0.032010,0.506076,0.348239,-0.032521,0.496800,0.380208,-0.018816,0.505850,0.409126,-0.005287
830,1694940884.216648,0,,,0.0000,0.0000,0.0000,0.0000,28.1604,5887.6535,2.2001,87.2955,149.6872,270.2438,240.9147,207.3186,165.7501,0.000000,0.621351,0.672550,-0.000000,0.547304,0.720479,-0.009509,0.471330,0.723304,-0.020319,0.413312,0.693304,-0.027768,0.368931,0.657035,-0.032941,0.466607,0.596794,-0.039618,0.391816,0.540256,-0.048342,0.356149,0.511943,-0.043831,0.336569,0.483514,-0.038548,0.496285,0.514318,-0.040369,0.419021,0.401188,-0.051767,0.417629,0.431199,-0.040797,0.434621,0.460866,-0.027440,0.528721,0.457649,-0.039185,0.463014,0.351908,-0.046918,0.460593,0.396926,-0.030193,0.475430,0.434120,-0.014514,0.561305,0.424719,-0.037893,0.508669,0.349418,-0.037959,0.498566,0.380749,-0.023418,0.506282,0.411056,-0.009626
831,1694940884.224982,0,,,0.0000,0.0000,0.0000,0.0000,46.8999,5859.2924,0.8793,92.1427,151.6442,272.8565,243.9250,209.5898,167.0415,0.000000,0.621993,0.675834,-0.000000,0.548648,0.722988,-0.011993,0.472295,0.724844,-0.023600,0.414503,0.694230,-0.031131,0.369002,0.659527,-0.036202,0.468666,0.595874,-0.043549,0.392062,0.540814,-0.052232,0.355417,0.512940,-0.046624,0.335742,0.484883,-0.040397,0.499297,0.517029,-0.043094,0.421376,0.402465,-0.055770,0.419176,0.438325,-0.043698,0.435877,0.471210,-0.028617,0.532850,0.464941,-0.040775,0.468247,0.355770,-0.049485,0.462886,0.402578,-0.032253,0.475266,0.440851,-0.015457,0.566145,0.436994,-0.038464,0.514907,0.357956,-0.038796,0.502305,0.388032,-0.024115,0.508145,0.418411,-0.009818
832,1694940884.233315,0,,,0.0000,0.0000,0.0000,0.0000,66.7295,5690.0630,2.0292,91.7662,153.1075,272.3589,243.2006,208.4855,165.1661,0.000000,0.624328,0.675988,-0.000000,0.550158,0.724540,-0.011327,0.472675,0.727455,-0.023708,0.414243,0.694240,-0.031972,0.369916,0.655368,-0.037749,0.471968,0.601032,-0.046350,0.393348,0.540380,-0.057451,0.356041,0.508072,-0.054600,0.336084,0.479967,-0.049869,0.502895,0.521068,-0.046186,0.424446,0.401724,-0.059594,0.418541,0.423223,-0.049632,0.431595,0.448967,-0.036748,0.535412,0.465817,-0.043818,0.466668,0.358763,-0.052527,0.461237,0.400417,-0.035748,0.474921,0.437385,-0.019606,0.568035,0.433010,-0.041400,0.512793,0.356549,-0.042249,0.498767,0.386360,-0.027476,0.503481,0.418375,-0.013097
833,1694940884.241648,0,,,0.0000,0.0000,0.0000,0.0000,38.0350,5516.0458,2.4377,91.9190,152.5229,271.6140,242.4514,207.8345,165.1084,0.000000,0.624645,0.675260,-0.000000,0.550103,0.723815,-0.011688,0.471859,0.724176,-0.024053,0.413683,0.691904,-0.032049,0.369541,0.654131,-0.037726,0.473061,0.600410,-0.049064,0.392609,0.539459,-0.060654,0.354681,0.506138,-0.057613,0.334374,0.475539,-0.052722,0.504593,0.520296,-0.048670,0.425183,0.398912,-0.063337,0.420912,0.427661,-0.052928,0.435643,0.458604,-0.039157,0.537189,0.464879,-0.045891,0.468014,0.358980,-0.055408,0.463674,0.404197,-0.038483,0.478660,0.442110,-0.021866,0.568911,0.432309,-0.042998,0.512940,0.358175,-0.044098,0.500775,0.390113,-0.029219,0.507786,0.422632,-0.014619
834,1694940884.249982,0,,,0.0000,0.0000,0.0000,0.0000,44.2195,5409.7015,3.3113,95.3935,151.5239,268.7510,239.1094,204.2458,160.9615,0.000000,0.626695,0.675744,-0.000000,0.551735,0.722864,-0.012718,0.473722,0.724690,-0.026020,0.415151,0.691516,-0.034514,0.370783,0.653431,-0.040660,0.474735,0.599018,-0.051811,0.394584,0.535970,-0.063552,0.356275,0.502224,-0.060703,0.334947,0.471529,-0.056154,0.506404,0.518014,-0.050691,0.428240,0.396290,-0.065023,0.423252,0.426417,-0.054204,0.437151,0.460199,-0.040548,0.538903,0.462487,-0.047142,0.471518,0.352985,-0.056013,0.464961,0.397586,-0.039083,0.478127,0.438184,-0.023009,0.570627,0.429565,-0.043571,0.516916,0.355171,-0.044563,0.503467,0.387466,-0.030217,0.508339,0.421724,-0.016295
835,1694940884.258315,0,,,0.0000,0.0000,0.0000,0.0000,46.2226,5649.7639,3.5179,100.4398,151.2393,267.5243,237.2916,203.0712,161.3795,0.000000,0.625574,0.675475,-0.000000,0.550615,0.721237,-0.013849,0.472621,0.722965,-0.028272,0.414138,0.690369,-0.037421,0.370167,0.649506,-0.044254,0.475068,0.595659,-0.056195,0.393554,0.532680,-0.068775,0.355347,0.497519,-0.065917,0.334120,0.465493,-0.061189,0.507607,0.515867,-0.054485,0.429349,0.392160,-0.069984,0.423459,0.422990,-0.058928,0.436866,0.459160,-0.044812,0.540275,0.461394,-0.050166,0.471777,0.351377,-0.059403,0.464729,0.395908,-0.041916,0.477893,0.437194,-0.025280,0.571650,0.429048,-0.045871,0.516399,0.353309,-0.047133,0.502408,0.384257,-0.032507,0.507451,0.417775,-0.018213
836,1694940884.266648,0,,,0.0000,0.0000,0.0000,0.0000,32.0232,5718.0949,2.7083,95.0347,149.1783,262.6974,231.3328,196.6325,155.2165,0.000000,0.625681,0.671329,-0.000000,0.551869,0.719043,-0.015532,0.473224,0.719131,-0.030404,0.414588,0.687826,-0.039930,0.369773,0.650512,-0.046997,0.477898,0.592630,-0.055396,0.395763,0.529015,-0.070482,0.356842,0.493087,-0.069303,0.335584,0.457623,-0.065468,0.510267,0.512916,-0.053765,0.429435,0.388000,-0.073064,0.427823,0.431010,-0.062483,0.444997,0.471487,-0.046976,0.543064,0.459230,-0.050025,0.473356,0.347021,-0.063041,0.468868,0.396994,-0.045044,0.484320,0.437795,-0.026412,0.574438,0.429227,-0.046409,0.518020,0.351351,-0.049414,0.506338,0.386626,-0.034023,0.514820,0.421163,-0.018398
837,1694940884.274982,0,,,0.0000,0.0000,0.0000,0.0000,55.9983,5458.5910,3.1900,105.3657,149.2456,264.5066,233.1981,197.9517,155.3762,0.000000,0.625384,0.671274,-0.000000,0.550778,0.717145,-0.014769,0.471828,0.717168,-0.030055,0.412967,0.682275,-0.039744,0.369921,0.638998,-0.046968,0.476074,0.591873,-0.059011,0.394510,0.523523,-0.074413,0.355060,0.486119,-0.074057,0.332595,0.454008,-0.070722,0.509799,0.511853,-0.056621,0.433153,0.385917,-0.073532,0.424111,0.416301,-0.062508,0.434845,0.453095,-0.048229,0.543590,0.458473,-0.051773,0.477075,0.347090,-0.062473,0.465070,0.389816,-0.044697,0.475492,0.431862,-0.027199,0.575804,0.427059,-0.046905,0.519944,0.347096,-0.049013,0.501463,0.375962,-0.033887,0.503741,0.410511,-0.018797
838,1694940884.283315,0,,,0.0000,0.0000,0.0000,0.0000,50.4711,5583.5862,3.2343,106.2716,146.0913,260.8163,230.6667,195.7995,153.0972,0.000000,0.628031,0.671083,-0.000000,0.550968,0.716097,-0.015660,0.471232,0.713721,-0.031542,0.411699,0.678753,-0.041256,0.367531,0.634545,-0.048598,0.477406,0.589852,-0.064180,0.394589,0.520482,-0.080446,0.354161,0.481760,-0.079900,0.330825,0.448552,-0.076277,0.511369,0.509790,-0.060950,0.432617,0.381434,-0.079161,0.422976,0.414178,-0.067408,0.434690,0.455096,-0.052310,0.545332,0.456279,-0.054974,0.476368,0.345330,-0.066196,0.464037,0.388841,-0.047736,0.475341,0.431623,-0.029595,0.577585,0.424552,-0.048958,0.519358,0.343422,-0.051210,0.500174,0.373051,-0.035843,0.502612,0.408463,-0.020525
839,1694940884.291648,0,,,0.0000,0.0000,0.0000,0.0000,38.6354,5476.7913,3.0263,105.4892,146.5127,258.6628,227.6713,192.9334,150.4264,0.000000,0.626468,0.665718,-0.000000,0.553409,0.714381,-0.016145,0.472278,0.711144,-0.030933,0.411681,0.677593,-0.039870,0.367778,0.636404,-0.046199,0.479449,0.585029,-0.057755,0.394796,0.518520,-0.074164,0.354887,0.479937,-0.073993,0.333211,0.442740,-0.070551,0.512488,0.505301,-0.054937,0.431276,0.374738,-0.075073,0.427676,0.418359,-0.063946,0.443526,0.462317,-0.047561,0.545568,0.451938,-0.049977,0.476072,0.338818,-0.063182,0.469378,0.389487,-0.044785,0.483679,0.432576,-0.025249,0.576958,0.422834,-0.045112,0.519679,0.339719,-0.047791,0.504674,0.372995,-0.032157,0.510869,0.408543,-0.016037
840,1694940884.299982,0,,,0.0000,0.0000,0.0000,0.0000,5.6514,5529.0594,2.9573,98.8681,140.0237,252.1976,221.3954,187.4500,146.1340,0.000000,0.626317,0.665242,-0.000000,0.551091,0.711873,-0.014315,0.470972,0.708913,-0.029157,0.411091,0.675620,-0.038473,0.367359,0.633576,-0.045324,0.475694,0.580176,-0.057147,0.391313,0.511091,-0.073398,0.351458,0.471254,-0.073613,0.330224,0.433225,-0.070497,0.509939,0.499820,-0.055216,0.430949,0.367436,-0.073806,0.426199,0.407855,-0.062430,0.440505,0.449707,-0.046791,0.543749,0.446800,-0.050943,0.475216,0.329903,-0.062488,0.468238,0.378642,-0.043491,0.482238,0.421357,-0.024592,0.575727,0.418121,-0.046658,0.518988,0.335863,-0.047980,0.506063,0.369935,-0.031250,0.513717,0.405713,-0.014883
841,1694940884.308315,0,,,0.0000,0.0000,0.0000,0.0000,50.4418,5374.3919,3.3143,108.4931,136.6327,252.2395,221.6983,188.0373,148.2101,0.000000,0.626588,0.663227,0.000000,0.550335,0.710345,-0.016144,0.468911,0.708160,-0.031282,0.408828,0.671701,-0.040445,0.366052,0.625461,-0.046996,0.476539,0.579636,-0.059091,0.392443,0.506685,-0.075144,0.351672,0.466715,-0.075657,0.328631,0.431625,-0.072776,0.511412,0.497988,-0.055628,0.433088,0.367362,-0.072989,0.422763,0.398362,-0.062469,0.433087,0.436232,-0.048158,0.545069,0.444406,-0.049878,0.476913,0.331317,-0.061056,0.464561,0.376189,-0.043947,0.475450,0.419625,-0.026434,0.575892,0.413943,-0.044160,0.518714,0.332486,-0.046516,0.500686,0.362497,-0.031765,0.504237,0.397376,-0.016667
842,1694940884.316648,0,,,0.0000,0.0000,0.0000,0.0000,19.3915,5483.3833,2.8903,104.3125,134.9152,247.9411,217.5234,183.7433,142.8471,0.000000,0.624471,0.658322,-0.000000,0.549811,0.708936,-0.017173,0.468914,0.706876,-0.033509,0.408164,0.669721,-0.043639,0.364124,0.623962,-0.051100,0.476318,0.577887,-0.060713,0.391511,0.503493,-0.077665,0.351192,0.462122,-0.077916,0.329432,0.424621,-0.074708,0.510764,0.496590,-0.057283,0.431057,0.360659,-0.076298,0.424827,0.400054,-0.064650,0.438619,0.443593,-0.048348,0.544485,0.442771,-0.051668,0.477278,0.325721,-0.063556,0.467923,0.374143,-0.044967,0.480314,0.418726,-0.025905,0.575718,0.413283,-0.046206,0.519744,0.331166,-0.048608,0.503668,0.363670,-0.033042,0.508546,0.399995,-0.017090
843,1694940884.324982,0,,,0.0000,0.0000,0.0000,0.0000,27.2946,5351.0543,2.9562,108.8773,128.4319,244.3885,215.5128,181.9676,140.4409,0.000000,0.622556,0.656072,-0.000000,0.547028,0.705834,-0.014950,0.467308,0.704136,-0.030746,0.406882,0.666180,-0.040659,0.364794,0.617925,-0.047961,0.474944,0.573577,-0.061138,0.389674,0.496910,-0.077220,0.348783,0.455732,-0.075352,0.326250,0.419325,-0.070458,0.509960,0.493343,-0.058349,0.429303,0.359473,-0.077174,0.426399,0.401070,-0.062855,0.441843,0.443893,-0.044366,0.544668,0.440215,-0.053130,0.475936,0.322255,-0.065931,0.468206,0.371206,-0.045937,0.481233,0.413820,-0.025430,0.576564,0.410585,-0.047618,0.519968,0.327261,-0.049922,0.504712,0.362561,-0.033359,0.510147,0.399794,-0.016649
844,1694940884.333315,0,,,0.0000,0.0000,0.0000,0.0000,21.1014,5064.8189,2.9318,105.6219,123.2878,235.1296,205.5288,173.5311,135.5713,0.000000,0.623102,0.658345,0.000000,0.546486,0.707509,-0.015657,0.465111,0.703676,-0.031039,0.404336,0.664852,-0.040521,0.362182,0.614862,-0.047308,0.471842,0.571841,-0.058784,0.388028,0.494617,-0.075326,0.348156,0.449898,-0.075924,0.326484,0.410724,-0.072996,0.507461,0.490846,-0.055553,0.430341,0.353817,-0.073349,0.421359,0.384354,-0.062276,0.432138,0.422259,-0.047148,0.542434,0.437678,-0.050034,0.476316,0.318913,-0.060617,0.464642,0.362826,-0.042194,0.474947,0.406488,-0.023716,0.574981,0.409156,-0.044626,0.519582,0.323064,-0.046057,0.500540,0.352124,-0.030459,0.502239,0.387708,-0.014700
845,1694940884.341648,0,,,0.0000,0.0000,0.0000,0.0000,30.6373,5511.3622,3.2966,113.1860,120.2788,234.3029,206.9872,174.5997,135.5569,0.000000,0.623200,0.655107,0.000000,0.545724,0.705020,-0.015770,0.464392,0.701949,-0.031088,0.403524,0.661856,-0.040727,0.361658,0.610719,-0.047885,0.470996,0.569664,-0.057286,0.386843,0.493121,-0.074846,0.346207,0.449058,-0.076638,0.323427,0.410338,-0.074336,0.506232,0.487773,-0.054469,0.428446,0.354016,-0.072619,0.423985,0.386232,-0.061448,0.437810,0.424012,-0.045903,0.541507,0.434601,-0.049677,0.474966,0.317915,-0.062094,0.465673,0.362186,-0.044097,0.477235,0.403091,-0.025246,0.573890,0.405400,-0.044846,0.518290,0.319104,-0.047441,0.502994,0.350496,-0.031380,0.508171,0.386062,-0.015028
846,1694940884.349982,0,,,0.0000,0.0000,0.0000,0.0000,25.6973,5519.3954,2.5076,111.6412,113.3823,230.1750,203.9132,171.7559,132.9781,0.000000,0.620728,0.650178,0.000000,0.543769,0.702469,-0.015223,0.462289,0.699769,-0.029873,0.401777,0.656982,-0.038613,0.360065,0.605944,-0.044823,0.470865,0.567061,-0.057839,0.385188,0.487854,-0.074051,0.344299,0.443452,-0.073805,0.321855,0.403796,-0.069994,0.505545,0.484863,-0.054673,0.425982,0.349185,-0.072611,0.422494,0.386961,-0.059606,0.438378,0.428462,-0.042059,0.539908,0.430568,-0.049403,0.472081,0.314885,-0.061211,0.463528,0.360794,-0.042683,0.476289,0.401079,-0.023241,0.571339,0.400127,-0.043957,0.514199,0.315292,-0.045541,0.500484,0.349460,-0.029125,0.508135,0.385923,-0.012563
847,1694940884.358315,0,,,0.0000,0.0000,0.0000,0.0000,48.2192,5341.8225,2.5601,114.1335,110.3810,225.6554,199.1973,168.1541,131.6715,0.000000,0.619998,0.653974,0.000000,0.541464,0.701340,-0.013441,0.460848,0.697831,-0.028261,0.400934,0.657364,-0.037779,0.362399,0.601159,-0.044874,0.467731,0.564854,-0.055858,0.384326,0.485706,-0.073422,0.343798,0.440460,-0.075372,0.321756,0.400638,-0.073058,0.502900,0.482654,-0.053671,0.426942,0.347349,-0.071231,0.421866,0.377309,-0.059558,0.435498,0.413540,-0.043746,0.538411,0.429009,-0.049274,0.472125,0.311585,-0.060442,0.463273,0.355091,-0.041467,0.475276,0.395172,-0.022195,0.571705,0.399898,-0.044681,0.515918,0.314048,-0.045517,0.501895,0.347337,-0.027891,0.508966,0.383775,-0.010570
848,1694940884.366648,0,50.1144,50.1144,7.5104,0.0000,29.1495,305.8375,52.8653,4758.5943,2.5097,121.3920,105.4635,224.1047,198.2553,166.8107,130.1999,0.000000,0.617231,0.650947,0.000000,0.539848,0.700131,-0.014365,0.459509,0.697133,-0.029291,0.398994,0.655076,-0.038931,0.358470,0.601015,-0.046116,0.465350,0.558407,-0.054989,0.381329,0.479233,-0.070308,0.341538,0.435520,-0.069997,0.319717,0.397558,-0.066292,0.501164,0.477688,-0.052473,0.424635,0.344449,-0.068883,0.421114,0.378730,-0.056238,0.435551,0.417134,-0.039620,0.537159,0.426374,-0.047830,0.471474,0.310128,-0.058987,0.463708,0.356250,-0.040142,0.475848,0.396981,-0.020898,0.570481,0.398960,-0.042975,0.515409,0.313016,-0.044300,0.502072,0.347586,-0.027169,0.509131,0.384664,-0.010170
849,1694940884.374982,0,-54.1012,-54.1012,-19.0618,-26.5722,37.2928,726.3487,53.9812,4949.6618,2.2189,123.3218,104.1946,218.1896,193.2423,163.3091,128.2516,0.000000,0.615741,0.652291,0.000000,0.536320,0.699928,-0.016943,0.456455,0.696306,-0.032848,0.397077,0.651945,-0.042844,0.355213,0.599128,-0.050178,0.465895,0.553903,-0.058032,0.381398,0.475411,-0.073964,0.342253,0.432621,-0.073930,0.320868,0.394882,-0.070247,0.501749,0.473737,-0.053995,0.423593,0.343255,-0.070762,0.415184,0.378651,-0.058445,0.425968,0.416059,-0.042384,0.536498,0.423282,-0.047978,0.467547,0.308059,-0.059623,0.457316,0.354680,-0.041097,0.468496,0.395362,-0.022082,0.568201,0.396544,-0.041992,0.510405,0.312298,-0.044064,0.494166,0.345509,-0.027800,0.498892,0.379541,-0.011384
850,1694940884.383315,0,-51.8535,-51.8535,-6.2713,12.7905,37.7890,116.2088,20.1674,4777.3836,2.2700,125.5208,101.0012,213.1596,189.8970,160.2539,125.5785,0.000000,0.615146,0.647432,0.000000,0.536390,0.699407,-0.016868,0.455887,0.694816,-0.032160,0.396635,0.648586,-0.041696,0.354452,0.596285,-0.048600,0.462681,0.551048,-0.056090,0.379949,0.471490,-0.071408,0.341268,0.428516,-0.071582,0.320580,0.390653,-0.068184,0.499118,0.471744,-0.052013,0.422951,0.341205,-0.067142,0.413625,0.371268,-0.055271,0.423909,0.404623,-0.040237,0.534546,0.421552,-0.046107,0.466547,0.306116,-0.056623,0.456848,0.352029,-0.038880,0.468367,0.393376,-0.021023,0.567149,0.394011,-0.040348,0.510537,0.310226,-0.042189,0.494365,0.342570,-0.026768,0.498772,0.376859,-0.011300
851,1694940884.391648,0,43.8122,43.8122,16.5450,22.8163,45.4101,771.8278,53.6214,4993.2144,1.8409,125.7523,95.1379,214.7258,191.9917,163.9601,131.3356,0.000000,0.613052,0.650060,0.000000,0.534785,0.698801,-0.012337,0.454213,0.692009,-0.025017,0.395267,0.645364,-0.032773,0.353246,0.590600,-0.038046,0.460159,0.553183,-0.050262,0.377353,0.475314,-0.063681,0.338164,0.432447,-0.062584,0.315985,0.394919,-0.058347,0.495965,0.472566,-0.048581,0.420325,0.345021,-0.063454,0.411936,0.366872,-0.051679,0.421897,0.392859,-0.036387,0.531776,0.421725,-0.044778,0.465162,0.311822,-0.054776,0.454266,0.352243,-0.036473,0.462943,0.387357,-0.017989,0.565152,0.393117,-0.040694,0.507796,0.305276,-0.040303,0.493165,0.339288,-0.021971,0.499455,0.377445,-0.004472
852,1694940884.399982,0,50.6282,50.6282,0.1285,-16.4165,49.6224,482.6090,79.0304,5296.4619,1.6962,126.1165,91.8854,211.8292,190.0556,162.2030,129.4034,0.000000,0.612948,0.646830,0.000000,0.534375,0.698526,-0.015096,0.453098,0.694273,-0.029072,0.393108,0.646877,-0.037110,0.352492,0.589282,-0.042430,0.459416,0.554997,-0.056337,0.376497,0.475323,-0.071579,0.337142,0.431363,-0.071181,0.314547,0.392300,-0.067275,0.494437,0.472497,-0.052663,0.417979,0.342873,-0.070404,0.411383,0.373146,-0.058189,0.423321,0.407022,-0.041601,0.529584,0.420923,-0.046745,0.463385,0.310148,-0.058937,0.453696,0.354516,-0.040246,0.463894,0.394081,-0.020484,0.562627,0.393363,-0.040588,0.505593,0.306060,-0.041132,0.490884,0.340750,-0.023039,0.496824,0.380230,-0.005261
853,1694940884.408315,0,51.9212,51.9212,26.5056,26.3771,49.9354,5530.7618,11.6593,5281.3149,1.9225,129.5556,85.9639,208.2802,188.1262,161.5512,130.4280,0.000000,0.611858,0.650139,-0.000000,0.533497,0.698639,-0.011606,0.452944,0.690581,-0.024781,0.392297,0.644500,-0.032774,0.350313,0.588421,-0.038480,0.458563,0.558357,-0.054541,0.374312,0.476124,-0.070309,0.334498,0.429919,-0.070727,0.311192,0.388600,-0.067375,0.491514,0.476015,-0.051865,0.415663,0.347866,-0.067672,0.413024,0.379395,-0.053808,0.427341,0.415623,-0.036863,0.525683,0.422356,-0.046805,0.458491,0.313822,-0.057299,0.451935,0.357036,-0.037836,0.464513,0.395465,-0.018377,0.558301,0.390995,-0.041184,0.498996,0.306044,-0.040726,0.487121,0.342199,-0.021978,0.496537,0.382126,-0.004211
854,1694940884.416648,0,-52.3157,-52.3157,-0.1155,-26.6211,49.4939,386.9718,3.3321,5651.8489,2.8889,125.4429,82.6242,210.6901,191.0595,165.5466,136.1496,0.000000,0.610157,0.648358,-0.000000,0.531692,0.697950,-0.013418,0.450895,0.690187,-0.026889,0.390929,0.643583,-0.034784,0.348632,0.588494,-0.040166,0.455882,0.554896,-0.056095,0.371991,0.475364,-0.071982,0.331691,0.431511,-0.071651,0.308235,0.392641,-0.067530,0.490398,0.473953,-0.052997,0.413318,0.345513,-0.070585,0.410734,0.380177,-0.056689,0.427385,0.418615,-0.038685,0.526187,0.422331,-0.047675,0.458899,0.310055,-0.060841,0.450862,0.353813,-0.041995,0.463522,0.392358,-0.021705,0.560138,0.392926,-0.041740,0.501281,0.304092,-0.042454,0.487634,0.338732,-0.023835,0.496031,0.378251,-0.005623
855,1694940884.424982,0,-47.7366,-47.7366,-22.8872,-22.7717,48.5084,5129.0865,60.7485,5169.3618,1.3189,129.0085,80.5842,206.4251,187.1918,162.3199,133.7812,0.000000,0.608020,0.651390,0.000000,0.528500,0.699201,-0.013443,0.449409,0.691972,-0.026953,0.389429,0.645101,-0.034787,0.347333,0.588749,-0.040083,0.453032,0.553815,-0.054633,0.370752,0.474074,-0.068725,0.331935,0.428403,-0.067622,0.309129,0.390653,-0.063064,0.487281,0.471654,-0.050708,0.413441,0.346827,-0.064486,0.405424,0.372140,-0.050308,0.414842,0.404262,-0.033483,0.522640,0.419582,-0.044551,0.459375,0.310294,-0.053610,0.446556,0.347051,-0.034499,0.452984,0.382812,-0.015500,0.555981,0.390223,-0.038043,0.499950,0.304629,-0.036678,0.483363,0.334397,-0.018087,0.486877,0.370848,-0.000413
856,1694940884.433315,0,-59.4361,-59.4361,-27.5161,-4.6289,51.3010,4821.2548,73.1470,5555.7302,1.6794,128.8858,73.9276,204.1187,186.2371,162.2272,135.1717,0.000000,0.606866,0.649017,-0.000000,0.526542,0.696492,-0.018866,0.445474,0.690906,-0.034417,0.385642,0.643041,-0.043436,0.345027,0.586509,-0.049771,0.451539,0.548841,-0.061430,0.367977,0.466781,-0.075871,0.329388,0.424434,-0.074482,0.306381,0.388409,-0.070255,0.487031,0.467265,-0.055874,0.412694,0.344075,-0.071432,0.405542,0.377649,-0.058158,0.416345,0.412723,-0.042581,0.522259,0.416315,-0.048255,0.456042,0.305386,-0.059770,0.445660,0.348581,-0.041407,0.455707,0.387640,-0.023291,0.554329,0.388055,-0.040776,0.496253,0.302651,-0.042716,0.480805,0.335034,-0.026329,0.486168,0.370493,-0.010395
857,1694940884.441648,0,-48.0560,-48.0560,-24.9943,2.5218,41.7369,4627.3912,72.4547,5655.0959,2.5557,124.3719,74.1636,205.5741,187.3455,163.1780,135.2858,0.000000,0.605211,0.647735,-0.000000,0.526485,0.696984,-0.015411,0.446204,0.691478,-0.028939,0.386616,0.644830,-0.036821,0.343764,0.589260,-0.041825,0.450742,0.551326,-0.052377,0.367461,0.473016,-0.066107,0.328639,0.429180,-0.064896,0.305863,0.391721,-0.060406,0.485395,0.471165,-0.048537,0.410230,0.346624,-0.063784,0.403786,0.376549,-0.050732,0.415611,0.411011,-0.033925,0.520937,0.421230,-0.042974,0.457581,0.311964,-0.053782,0.445918,0.351279,-0.036024,0.453299,0.387135,-0.017363,0.554379,0.393116,-0.037250,0.499214,0.307725,-0.037171,0.482754,0.338954,-0.019597,0.486174,0.376352,-0.002447
858,1694940884.449982,0,51.0247,51.0247,25.8351,50.8294,41.3801,4461.0424,43.0707,5523.0075,1.4288,123.2338,69.4370,203.4476,186.6533,163.7421,137.6261,0.000000,0.602816,0.648595,0.000000,0.524131,0.697850,-0.013703,0.445701,0.690914,-0.026975,0.386298,0.643190,-0.034491,0.343357,0.587733,-0.039263,0.447863,0.552900,-0.054191,0.365531,0.473433,-0.067564,0.326997,0.428418,-0.066138,0.304341,0.391612,-0.061460,0.482100,0.471263,-0.050049,0.407808,0.349474,-0.063514,0.401242,0.375525,-0.048966,0.413046,0.407934,-0.031773,0.517461,0.419900,-0.043731,0.454287,0.314341,-0.052407,0.441985,0.350826,-0.033280,0.449133,0.385063,-0.014259,0.550935,0.390392,-0.037092,0.495101,0.306366,-0.035382,0.478091,0.335663,-0.016772,0.481373,0.371923,0.000919
859,1694940884.458315,0,55.3607,55.3607,25.7743,-0.0608,51.5984,4312.2921,64.2954,5321.9568,0.9917,129.4159,66.6417,200.4570,183.5347,161.0078,136.0457,0.000000,0.600107,0.649715,-0.000000,0.521295,0.696878,-0.014580,0.443097,0.691984,-0.028894,0.384148,0.646904,-0.037978,0.343998,0.591240,-0.044560,0.444662,0.552673,-0.053047,0.364646,0.471370,-0.067917,0.326472,0.426447,-0.068399,0.304708,0.389647,-0.065335,0.479539,0.473080,-0.049526,0.409947,0.347326,-0.063861,0.406173,0.382930,-0.050411,0.419855,0.423843,-0.034089,0.516259,0.424003,-0.044189,0.456210,0.310203,-0.054245,0.446545,0.352909,-0.035648,0.456647,0.393736,-0.016994,0.551586,0.398260,-0.038719,0.499229,0.310240,-0.039405,0.482590,0.340303,-0.022453,0.485889,0.377383,-0.005753
860,1694940884.466648,1,50.2543,50.2543,27.4226,1.6483,52.0629,3885.1754,48.4071,5458.5287,2.0034,129.5324,59.4507,199.0220,183.7495,163.1003,140.0194,0.000000,0.600055,0.646280,-0.000000,0.522207,0.699241,-0.015847,0.443139,0.692524,-0.029471,0.384007,0.643033,-0.037158,0.341676,0.588902,-0.041991,0.444876,0.554334,-0.054649,0.362808,0.472324,-0.068280,0.324249,0.427438,-0.066294,0.302257,0.389648,-0.061243,0.479457,0.473676,-0.050139,0.406266,0.346317,-0.065692,0.403074,0.383220,-0.051192,0.418134,0.422739,-0.033026,0.514782,0.422768,-0.043806,0.452850,0.311133,-0.054930,0.443652,0.354394,-0.036424,0.454315,0.392619,-0.016943,0.548480,0.394120,-0.037286,0.494305,0.305850,-0.037343,0.479324,0.338177,-0.019777,0.484888,0.376678,-0.002445
861,1694940884.474982,1,-53.5248,-53.5248,-1.3672,-28.7898,50.5209,515.9582,12.0750,6056.3017,1.7707,124.7454,58.0548,200.4618,184.3926,163.5500,141.8307,0.000000,0.596042,0.645369,0.000000,0.518773,0.697772,-0.014010,0.440682,0.690419,-0.027859,0.381379,0.640660,-0.036104,0.340445,0.583991,-0.041715,0.443400,0.552514,-0.053756,0.362008,0.475086,-0.067009,0.323524,0.430711,-0.065221,0.301428,0.392267,-0.060788,0.479160,0.472378,-0.050728,0.406393,0.342579,-0.065508,0.402934,0.379414,-0.050790,0.416726,0.419928,-0.032688,0.515815,0.422728,-0.045622,0.455599,0.311177,-0.054724,0.445725,0.354805,-0.035178,0.455256,0.394409,-0.015695,0.550301,0.396432,-0.040397,0.498058,0.309717,-0.039946,0.483317,0.343151,-0.022393,0.488630,0.382995,-0.005217
862,1694940884.483315,1,-53.5926,-53.5926,-26.1543,-24.7871,51.8467,3486.0521,1.6187,5534.4789,1.4588,128.2577,55.4975,197.0828,181.4988,161.2522,139.9788,0.000000,0.595230,0.647413,-0.000000,0.517597,0.697478,-0.016432,0.439178,0.691709,-0.030944,0.380294,0.643087,-0.040090,0.339079,0.587742,-0.046480,0.442754,0.550431,-0.051463,0.362118,0.470673,-0.065409,0.324413,0.427712,-0.064754,0.303125,0.391368,-0.061024,0.477268,0.470749,-0.047916,0.404484,0.345865,-0.062975,0.402392,0.386342,-0.049834,0.418444,0.428682,-0.033013,0.513167,0.421087,-0.042961,0.450854,0.311133,-0.054166,0.442812,0.355999,-0.036722,0.455062,0.395850,-0.018350,0.547424,0.394060,-0.038051,0.494711,0.308004,-0.039570,0.479407,0.339699,-0.023720,0.484603,0.377522,-0.007670
863,1694940884.491648,1,49.7703,49.7703,-1.3976,24.7567,51.6498,512.5376,69.8638,5601.1647,0.7350,126.8981,51.2907,194.5274,180.6158,161.8600,141.9461,0.000000,0.595831,0.646172,-0.000000,0.518755,0.697986,-0.015499,0.440125,0.690640,-0.028548,0.381415,0.640495,-0.036032,0.340569,0.584557,-0.040723,0.440797,0.549224,-0.050027,0.361542,0.470769,-0.062286,0.324155,0.426744,-0.060444,0.302857,0.390149,-0.056071,0.475428,0.469904,-0.046231,0.403777,0.343789,-0.060165,0.399509,0.379269,-0.046374,0.412837,0.419248,-0.029091,0.511734,0.421094,-0.040889,0.451280,0.313925,-0.050450,0.440611,0.355961,-0.032518,0.449465,0.393354,-0.013975,0.546914,0.394545,-0.035569,0.493787,0.311168,-0.035549,0.476949,0.342203,-0.018963,0.480296,0.379457,-0.002495
864,1694940884.499982,1,53.3548,53.3548,0.7751,2.1727,51.2998,408.0980,47.1754,6226.1327,1.9067,123.9954,47.5478,196.6049,183.5186,165.8141,146.9296,0.000000,0.593356,0.646246,0.000000,0.516784,0.696806,-0.013994,0.440035,0.686515,-0.026397,0.381061,0.635750,-0.034111,0.335871,0.584116,-0.039496,0.439070,0.543590,-0.045359,0.361537,0.470403,-0.058598,0.323549,0.428257,-0.060658,0.300003,0.392448,-0.059634,0.475226,0.465407,-0.043425,0.403584,0.343017,-0.056742,0.394021,0.364073,-0.047120,0.402037,0.393693,-0.034178,0.513611,0.419338,-0.040039,0.453011,0.311549,-0.048364,0.438344,0.348301,-0.031951,0.443624,0.385796,-0.015517,0.549968,0.396072,-0.037050,0.499065,0.310561,-0.038665,0.479903,0.340214,-0.023837,0.480927,0.379092,-0.008695
865,1694940884.508315,1,49.2528,49.2528,25.6944,24.9193,51.1410,2781.7822,73.5183,6363.0558,1.3160,126.4622,42.3158,194.8464,182.5488,165.9858,148.5656,0.000000,0.590313,0.644283,0.000000,0.513673,0.697117,-0.014075,0.438145,0.685648,-0.025864,0.380563,0.633938,-0.032579,0.334964,0.582167,-0.036808,0.437299,0.540406,-0.045319,0.361605,0.467490,-0.057168,0.323436,0.427063,-0.057159,0.299910,0.391460,-0.054512,0.473393,0.462114,-0.042500,0.401768,0.339195,-0.055734,0.393490,0.369567,-0.044017,0.404441,0.405957,-0.028547,0.510977,0.416335,-0.038176,0.451324,0.311818,-0.046423,0.437992,0.354186,-0.029320,0.444742,0.393363,-0.011615,0.546774,0.393397,-0.034108,0.496835,0.311244,-0.034244,0.478967,0.343039,-0.018681,0.481393,0.382197,-0.002845
866,1694940884.516648,1,48.2558,48.2558,25.4621,-0.2323,41.5361,2627.7414,21.7902,5988.8613,2.4649,129.3711,42.1328,189.5493,177.9569,162.8616,146.4125,0.000000,0.589334,0.641813,0.000000,0.511013,0.695577,-0.013815,0.435051,0.686302,-0.026272,0.377990,0.632574,-0.033056,0.335591,0.576644,-0.037079,0.439374,0.544506,-0.050178,0.360996,0.467766,-0.060559,0.324004,0.424676,-0.057535,0.302157,0.387240,-0.052681,0.475583,0.464835,-0.046974,0.402044,0.335779,-0.059485,0.395187,0.365679,-0.045435,0.407433,0.401500,-0.028382,0.511905,0.416307,-0.041688,0.451143,0.309182,-0.048195,0.440400,0.352441,-0.029163,0.449065,0.391156,-0.010650,0.545799,0.390303,-0.036511,0.494115,0.306047,-0.034699,0.478702,0.339590,-0.017514,0.483312,0.379702,-0.000922
867,1694940884.524982,1,50.9585,50.9585,0.2971,-25.1650,1.7504,758.8476,26.3030,7023.8154,2.7866,136.5216,38.5747,184.8186,175.4015,162.2996,147.9439,0.000000,0.590572,0.641368,-0.000000,0.512293,0.696176,-0.012027,0.435384,0.683666,-0.023723,0.377767,0.626367,-0.030256,0.333824,0.573548,-0.034460,0.437887,0.540439,-0.048694,0.360142,0.463669,-0.060129,0.322074,0.420149,-0.058624,0.299643,0.381932,-0.054831,0.473852,0.460787,-0.046431,0.401604,0.334673,-0.058590,0.397718,0.372488,-0.043697,0.412758,0.414928,-0.026104,0.511043,0.413517,-0.042106,0.450654,0.310249,-0.049826,0.442922,0.357932,-0.030799,0.454559,0.399363,-0.012172,0.546411,0.389057,-0.037559,0.495308,0.308849,-0.036606,0.483384,0.347217,-0.018851,0.491603,0.390038,-0.001879
868,1694940884.533315,1,-46.6083,-46.6083,-24.9908,-25.2879,38.8640,1968.3309,39.4805,7413.4551,2.3676,138.2215,37.2905,178.6401,170.3207,158.7691,146.7768,0.000380,0.587468,0.637611,0.000000,0.510825,0.693407,-0.013033,0.434607,0.681393,-0.023668,0.378265,0.624573,-0.028750,0.334877,0.569190,-0.031360,0.437611,0.535382,-0.046767,0.360972,0.457328,-0.056039,0.323682,0.413176,-0.053451,0.301090,0.375189,-0.049080,0.473966,0.457026,-0.043451,0.404361,0.329601,-0.054184,0.396611,0.357781,-0.040411,0.407930,0.393941,-0.023977,0.510736,0.410810,-0.038258,0.454344,0.305386,-0.044075,0.442914,0.345645,-0.026606,0.450126,0.382470,-0.009446,0.544780,0.386044,-0.033059,0.495619,0.303369,-0.030679,0.480883,0.335222,-0.014192,0.485865,0.373954,0.001581
869,1694940884.541648,1,-42.4720,-42.4720,-22.9312,2.0596,46.0914,1582.3339,25.2396,9780.6965,2.8673,144.1420,36.5228,170.2781,165.3160,156.5459,146.8857,0.006525,0.585467,0.634997,0.000000,0.507814,0.692979,-0.011814,0.432296,0.676840,-0.021556,0.376181,0.617918,-0.025510,0.333529,0.561013,-0.026855,0.435435,0.529400,-0.045991,0.360162,0.449652,-0.053217,0.323584,0.402011,-0.049011,0.301837,0.364087,-0.043411,0.473061,0.452760,-0.042121,0.404937,0.323372,-0.050055,0.390498,0.334112,-0.035065,0.394570,0.358251,-0.018655,0.511238,0.408043,-0.036141,0.456632,0.295108,-0.039222,0.439919,0.324220,-0.020474,0.441644,0.356312,-0.003022,0.547139,0.386024,-0.030148,0.499105,0.299123,-0.025184,0.481067,0.326038,-0.007220,0.482498,0.364005,0.009265
870,1694940884.549982,1,-42.0381,-42.0381,-22.5735,0.3578,45.7498,1427.5812,0.5211,7664.8891,2.8318,143.8156,43.0521,159.7609,157.1874,150.4664,142.7490,0.020429,0.582926,0.632713,0.000000,0.506152,0.689601,-0.012934,0.430997,0.673628,-0.022850,0.374617,0.611185,-0.026775,0.329507,0.555157,-0.028162,0.435301,0.525326,-0.045323,0.360279,0.443218,-0.051975,0.323746,0.391042,-0.048153,0.300810,0.350906,-0.043146,0.472563,0.447258,-0.041054,0.405874,0.323083,-0.047450,0.388354,0.312138,-0.034428,0.387282,0.317434,-0.020738,0.510077,0.401442,-0.034759,0.457742,0.290649,-0.036551,0.437551,0.295212,-0.019522,0.433164,0.309401,-0.004582,0.545093,0.377510,-0.028692,0.498247,0.293317,-0.023934,0.478770,0.307689,-0.006873,0.476105,0.334718,0.008408
871,1694940884.558315,1,-44.1167,-44.1167,-23.7688,-1.1953,37.9408,1367.9031,3.0875,7328.7482,3.6355,142.3519,57.6264,152.5276,152.1336,147.5213,140.8201,0.025696,0.577835,0.627895,0.000000,0.502412,0.687187,-0.014862,0.429121,0.665276,-0.025327,0.375335,0.601833,-0.029543,0.330574,0.545278,-0.031256,0.432584,0.513581,-0.046616,0.359939,0.432457,-0.052957,0.323563,0.381088,-0.048630,0.301559,0.341522,-0.043262,0.471426,0.438681,-0.041675,0.405711,0.315168,-0.046464,0.391414,0.322371,-0.030290,0.394600,0.340056,-0.014070,0.510696,0.396409,-0.035141,0.456874,0.288939,-0.036381,0.440674,0.313869,-0.016756,0.441774,0.340117,0.000322,0.546579,0.376480,-0.029178,0.499811,0.290362,-0.025481,0.481747,0.313801,-0.008390,0.481895,0.347469,0.007337
872,1694940884.566648,1,-49.5166,-49.5166,-0.7271,23.0417,2.7899,1698.5195,30.4593,7261.6101,2.2426,141.0640,61.1103,146.9069,148.9920,147.0564,142.5025,0.042330,0.576503,0.619772,0.000000,0.502348,0.684613,-0.019685,0.427378,0.659008,-0.030345,0.374192,0.590299,-0.034028,0.329913,0.533770,-0.035151,0.433147,0.509196,-0.049040,0.359335,0.425268,-0.057347,0.321964,0.373114,-0.053653,0.299996,0.331282,-0.048376,0.472475,0.432084,-0.042387,0.405789,0.304248,-0.051997,0.396492,0.334748,-0.036836,0.406453,0.372894,-0.018963,0.511094,0.388350,-0.034784,0.455367,0.281972,-0.042346,0.443075,0.325250,-0.025679,0.449907,0.362802,-0.008090,0.545875,0.365846,-0.027832,0.499176,0.280250,-0.029718,0.481194,0.310444,-0.016425,0.482281,0.348286,-0.002080
873,1694940884.574982,1,-38.9005,-38.9005,0.8929,1.6200,3.4896,1954.0436,29.7954,4976.2773,2.1841,140.4174,73.2349,141.5936,146.2978,149.1317,150.9952,0.078379,0.572999,0.617467,0.000000,0.497528,0.680462,-0.016484,0.423880,0.649501,-0.025549,0.371803,0.579023,-0.028009,0.329405,0.521523,-0.028151,0.431007,0.500927,-0.046467,0.358552,0.412527,-0.052851,0.322188,0.360963,-0.047504,0.300881,0.318707,-0.041415,0.471731,0.425341,-0.040224,0.405514,0.297483,-0.047699,0.396762,0.325222,-0.031509,0.406387,0.358666,-0.013695,0.511579,0.382494,-0.032519,0.455108,0.274843,-0.038361,0.443618,0.317260,-0.020341,0.451188,0.354877,-0.002400,0.546975,0.361611,-0.025180,0.500419,0.275508,-0.025801,0.482984,0.305172,-0.011700,0.484743,0.341499,0.002876
874,1694940884.583315,1,-38.7684,-38.7684,0.8174,-0.0755,3.9699,1750.1390,2.7548,5485.2213,2.0312,136.3063,80.3073,133.1312,139.6911,145.5591,151.1560,0.114636,0.570229,0.611661,0.000000,0.493171,0.674491,-0.017793,0.421043,0.637294,-0.026669,0.370801,0.562086,-0.028777,0.326971,0.510179,-0.028548,0.430045,0.489704,-0.045213,0.359366,0.401447,-0.051402,0.322779,0.350741,-0.047096,0.300685,0.309604,-0.041825,0.471313,0.415132,-0.038126,0.408452,0.291292,-0.042831,0.399593,0.319054,-0.026433,0.408550,0.351053,-0.009510,0.511812,0.374744,-0.029903,0.459845,0.265148,-0.034567,0.446472,0.306462,-0.016904,0.452263,0.343800,0.000162,0.547418,0.355887,-0.022192,0.504410,0.267370,-0.022153,0.485567,0.293804,-0.007918,0.485555,0.329105,0.006380
875,1694940884.591648,1,-43.2851,-43.2851,0.2079,-0.6095,3.9616,1770.7774,7.0217,4130.4423,2.4960,137.1574,94.9960,126.8881,138.1017,148.2244,158.5277,0.127509,0.569545,0.606388,0.000000,0.491673,0.668415,-0.017032,0.419779,0.629145,-0.025680,0.369405,0.550724,-0.027466,0.325585,0.498923,-0.026907,0.429314,0.482110,-0.044638,0.359242,0.390099,-0.051630,0.322951,0.336084,-0.048484,0.300817,0.292793,-0.043802,0.470376,0.409645,-0.036806,0.411511,0.283573,-0.040961,0.399026,0.293940,-0.025372,0.403907,0.314106,-0.009304,0.510931,0.369873,-0.027741,0.464548,0.260873,-0.031016,0.448659,0.287569,-0.013672,0.451221,0.317114,0.002989,0.547241,0.350456,-0.019148,0.506111,0.267765,-0.017669,0.485763,0.289306,-0.002801,0.483755,0.321264,0.011967
876,1694940884.599982,1,-41.7877,-41.7877,1.9322,1.7243,3.9300,2208.8961,18.5241,4226.0499,1.9983,135.9830,107.8968,119.8068,135.4927,150.4920,165.9170,0.165451,0.567215,0.600241,0.000000,0.489045,0.657137,-0.017529,0.415927,0.617508,-0.026658,0.365239,0.540439,-0.028879,0.321521,0.489464,-0.028604,0.427996,0.469641,-0.046799,0.357779,0.378436,-0.055476,0.322158,0.324134,-0.053041,0.300950,0.281178,-0.048128,0.469583,0.397252,-0.038402,0.410708,0.273573,-0.042480,0.396180,0.287829,-0.025034,0.399556,0.311338,-0.007600,0.510304,0.358181,-0.028996,0.462795,0.247728,-0.032693,0.443741,0.277463,-0.013821,0.444422,0.309180,0.004293,0.546455,0.339680,-0.020075,0.504861,0.251664,-0.018435,0.481328,0.273475,-0.002507,0.476978,0.306107,0.013314
877,1694940884.608315,1,,,0.0000,0.0000,0.0000,0.0000,,,,,,,,,,,0.000000,0.000000,0.000000,0.000000,0.000000,0.000000,0.000000,0.000000,0.000000,0.000000,0.000000,0.000000,0.000000,0.000000,0.000000,0.000000,0.000000,0.000000,0.000000,0.000000,0.000000,0.000000,0.000000,0.000000,0.000000,0.000000,0.000000,0.000000,0.000000,0.000000,0.000000,0.000000,0.000000,0.000000,0.000000,0.000000,0.000000,0.000000,0.000000,0.000000,0.000000,0.000000,0.000000,0.000000,0.000000,0.000000,0.000000,0.000000,0.000000,0.000000,0.000000,0.000000,0.000000,0.000000,0.000000,0.000000,0.000000,0.000000,0.000000,0.000000,0.000000,0.000000,0.000000
878,1694940884.616648,1,,,0.0000,0.0000,0.0000,0.0000,,,,,,,,,,,0.000000,0.000000,0.000000,0.000000,0.000000,0.000000,0.000000,0.000000,0.000000,0.000000,0.000000,0.000000,0.000000,0.000000,0.000000,0.000000,0.000000,0.000000,0.000000,0.000000,0.000000,0.000000,0.000000,0.000000,0.000000,0.000000,0.000000,0.000000,0.000000,0.000000,0.000000,0.000000,0.000000,0.000000,0.000000,0.000000,0.000000,0.000000,0.000000,0.000000,0.000000,0.000000,0.000000,0.000000,0.000000,0.000000,0.000000,0.000000,0.000000,0.000000,0.000000,0.000000,0.000000,0.000000,0.000000,0.000000,0.000000,0.000000,0.000000,0.000000,0.000000,0.000000,0.000000
879,1694940884.624982,1,,,0.0000,0.0000,0.0000,0.0000,,,,,,,,,,,0.000000,0.000000,0.000000,0.000000,0.000000,0.000000,0.000000,0.000000,0.000000,0.000000,0.000000,0.000000,0.000000,0.000000,0.000000,0.000000,0.000000,0.000000,0.000000,0.000000,0.000000,0.000000,0.000000,0.000000,0.000000,0.000000,0.000000,0.000000,0.000000,0.000000,0.000000,0.000000,0.000000,0.000000,0.000000,0.000000,0.000000,0.000000,0.000000,0.000000,0.000000,0.000000,0.000000,0.000000,0.000000,0.000000,0.000000,0.000000,0.000000,0.000000,0.000000,0.000000,0.000000,0.000000,0.000000,0.000000,0.000000,0.000000,0.000000,0.000000,0.000000,0.000000,0.000000
880,1694940884.633315,1,,,0.0000,0.0000,0.0000,0.0000,,,,,,,,,,,0.000000,0.000000,0.000000,0.000000,0.000000,0.000000,0.000000,0.000000,0.000000,0.000000,0.000000,0.000000,0.000000,0.000000,0.000000,0.000000,0.000000,0.000000,0.000000,0.000000,0.000000,0.000000,0.000000,0.000000,0.000000,0.000000,0.000000,0.000000,0.000000,0.000000,0.000000,0.000000,0.000000,0.000000,0.000000,0.000000,0.000000,0.000000,0.000000,0.000000,0.000000,0.000000,0.000000,0.000000,0.000000,0.000000,0.000000,0.000000,0.000000,0.000000,0.000000,0.000000,0.000000,0.000000,0.000000,0.000000,0.000000,0.000000,0.000000,0.000000,0.000000,0.000000,0.000000
881,1694940884.641648,1,,,0.0000,0.0000,0.0000,0.0000,,,,,,,,,,,0.000000,0.000000,0.000000,0.000000,0.000000,0.000000,0.000000,0.000000,0.000000,0.000000,0.000000,0.000000,0.000000,0.000000,0.000000,0.000000,0.000000,0.000000,0.000000,0.000000,0.000000,0.000000,0.000000,0.000000,0.000000,0.000000,0.000000,0.000000,0.000000,0.000000,0.000000,0.000000,0.000000,0.000000,0.000000,0.000000,0.000000,0.000000,0.000000,0.000000,0.000000,0.000000,0.000000,0.000000,0.000000,0.000000,0.000000,0.000000,0.000000,0.000000,0.000000,0.000000,0.000000,0.000000,0.000000,0.000000,0.000000,0.000000,0.000000,0.000000,0.000000,0.000000,0.000000
882,1694940884.649982,0,,,0.0000,0.0000,0.0000,0.0000,,,,,,,,,,,0.000000,0.000000,0.000000,0.000000,0.000000,0.000000,0.000000,0.000000,0.000000,0.000000,0.000000,0.000000,0.000000,0.000000,0.000000,0.000000,0.000000,0.000000,0.000000,0.000000,0.000000,0.000000,0.000000,0.000000,0.000000,0.000000,0.000000,0.000000,0.000000,0.000000,0.000000,0.000000,0.000000,0.000000,0.000000,0.000000,0.000000,0.000000,0.000000,0.000000,0.000000,0.000000,0.000000,0.000000,0.000000,0.000000,0.000000,0.000000,0.000000,0.000000,0.000000,0.000000,0.000000,0.000000,0.000000,0.000000,0.000000,0.000000,0.000000,0.000000,0.000000,0.000000,0.000000
883,1694940884.658315,0,,,0.0000,0.0000,0.0000,0.0000,,,,,,,,,,,0.000000,0.000000,0.000000,0.000000,0.000000,0.000000,0.000000,0.000000,0.000000,0.000000,0.000000,0.000000,0.000000,0.000000,0.000000,0.000000,0.000000,0.000000,0.000000,0.000000,0.000000,0.000000,0.000000,0.000000,0.000000,0.000000,0.000000,0.000000,0.000000,0.000000,0.000000,0.000000,0.000000,0.000000,0.000000,0.000000,0.000000,0.000000,0.000000,0.000000,0.000000,0.000000,0.000000,0.000000,0.000000,0.000000,0.000000,0.000000,0.000000,0.000000,0.000000,0.000000,0.000000,0.000000,0.000000,0.000000,0.000000,0.000000,0.000000,0.000000,0.000000,0.000000,0.000000
884,1694940884.666648,0,,,0.0000,0.0000,0.0000,0.0000,,,,,,,,,,,0.000000,0.000000,0.000000,0.000000,0.000000,0.000000,0.000000,0.000000,0.000000,0.000000,0.000000,0.000000,0.000000,0.000000,0.000000,0.000000,0.000000,0.000000,0.000000,0.000000,0.000000,0.000000,0.000000,0.000000,0.000000,0.000000,0.000000,0.000000,0.000000,0.000000,0.000000,0.000000,0.000000,0.000000,0.000000,0.000000,0.000000,0.000000,0.000000,0.000000,0.000000,0.000000,0.000000,0.000000,0.000000,0.000000,0.000000,0.000000,0.000000,0.000000,0.000000,0.000000,0.000000,0.000000,0.000000,0.000000,0.000000,0.000000,0.000000,0.000000,0.000000,0.000000,0.000000
885,1694940884.674982,0,,,0.0000,0.0000,0.0000,0.0000,,,,,,,,,,,0.000000,0.000000,0.000000,0.000000,0.000000,0.000000,0.000000,0.000000,0.000000,0.000000,0.000000,0.000000,0.000000,0.000000,0.000000,0.000000,0.000000,0.000000,0.000000,0.000000,0.000000,0.000000,0.000000,0.000000,0.000000,0.000000,0.000000,0.000000,0.000000,0.000000,0.000000,0.000000,0.000000,0.000000,0.000000,0.000000,0.000000,0.000000,0.000000,0.000000,0.000000,0.000000,0.000000,0.000000,0.000000,0.000000,0.000000,0.000000,0.000000,0.000000,0.000000,0.000000,0.000000,0.000000,0.000000,0.000000,0.000000,0.000000,0.000000,0.000000,0.000000,0.000000,0.000000
886,1694940884.683315,0,,,0.0000,0.0000,0.0000,0.0000,,,,,,,,,,,0.000000,0.000000,0.000000,0.000000,0.000000,0.000000,0.000000,0.000000,0.000000,0.000000,0.000000,0.000000,0.000000,0.000000,0.000000,0.000000,0.000000,0.000000,0.000000,0.000000,0.000000,0.000000,0.000000,0.000000,0.000000,0.000000,0.000000,0.000000,0.000000,0.000000,0.000000,0.000000,0.000000,0.000000,0.000000,0.000000,0.000000,0.000000,0.000000,0.000000,0.000000,0.000000,0.000000,0.000000,0.000000,0.000000,0.000000,0.000000,0.000000,0.000000,0.000000,0.000000,0.000000,0.000000,0.000000,0.000000,0.000000,0.000000,0.000000,0.000000,0.000000,0.000000,0.000000
887,1694940884.691648,0,,,0.0000,0.0000,0.0000,0.0000,,,,,,,,,,,0.000000,0.000000,0.000000,0.000000,0.000000,0.000000,0.000000,0.000000,0.000000,0.000000,0.000000,0.000000,0.000000,0.000000,0.000000,0.000000,0.000000,0.000000,0.000000,0.000000,0.000000,0.000000,0.000000,0.000000,0.000000,0.000000,0.000000,0.000000,0.000000,0.000000,0.000000,0.000000,0.000000,0.000000,0.000000,0.000000,0.000000,0.000000,0.000000,0.000000,0.000000,0.000000,0.000000,0.000000,0.000000,0.000000,0.000000,0.000000,0.000000,0.000000,0.000000,0.000000,0.000000,0.000000,0.000000,0.000000,0.000000,0.000000,0.000000,0.000000,0.000000,0.000000,0.000000
888,1694940884.699982,0,,,0.0000,0.0000,0.0000,0.0000,,,,,,,,,,,0.000000,0.000000,0.000000,0.000000,0.000000,0.000000,0.000000,0.000000,0.000000,0.000000,0.000000,0.000000,0.000000,0.000000,0.000000,0.000000,0.000000,0.000000,0.000000,0.000000,0.000000,0.000000,0.000000,0.000000,0.000000,0.000000,0.000000,0.000000,0.000000,0.000000,0.000000,0.000000,0.000000,0.000000,0.000000,0.000000,0.000000,0.000000,0.000000,0.000000,0.000000,0.000000,0.000000,0.000000,0.000000,0.000000,0.000000,0.000000,0.000000,0.000000,0.000000,0.000000,0.000000,0.000000,0.000000,0.000000,0.000000,0.000000,0.000000,0.000000,0.000000,0.000000,0.000000
889,1694940884.708315,0,,,0.0000,0.0000,0.0000,0.0000,,,,,,,,,,,0.000000,0.000000,0.000000,0.000000,0.000000,0.000000,0.000000,0.000000,0.000000,0.000000,0.000000,0.000000,0.000000,0.000000,0.000000,0.000000,0.000000,0.000000,0.000000,0.000000,0.000000,0.000000,0.000000,0.000000,0.000000,0.000000,0.000000,0.000000,0.000000,0.000000,0.000000,0.000000,0.000000,0.000000,0.000000,0.000000,0.000000,0.000000,0.000000,0.000000,0.000000,0.000000,0.000000,0.000000,0.000000,0.000000,0.000000,0.000000,0.000000,0.000000,0.000000,0.000000,0.000000,0.000000,0.000000,0.000000,0.000000,0.000000,0.000000,0.000000,0.000000,0.000000,0.000000
890,1694940884.716648,0,,,0.0000,0.0000,0.0000,0.0000,,,,,,,,,,,0.000000,0.000000,0.000000,0.000000,0.000000,0.000000,0.000000,0.000000,0.000000,0.000000,0.000000,0.000000,0.000000,0.000000,0.000000,0.000000,0.000000,0.000000,0.000000,0.000000,0.000000,0.000000,0.000000,0.000000,0.000000,0.000000,0.000000,0.000000,0.000000,0.000000,0.000000,0.000000,0.000000,0.000000,0.000000,0.000000,0.000000,0.000000,0.000000,0.000000,0.000000,0.000000,0.000000,0.000000,0.000000,0.000000,0.000000,0.000000,0.000000,0.000000,0.000000,0.000000,0.000000,0.000000,0.000000,0.000000,0.000000,0.000000,0.000000,0.000000,0.000000,0.000000,0.000000
891,1694940884.724982,0,,,0.0000,0.0000,0.0000,0.0000,,,,,,,,,,,0.000000,0.000000,0.000000,0.000000,0.000000,0.000000,0.000000,0.000000,0.000000,0.000000,0.000000,0.000000,0.000000,0.000000,0.000000,0.000000,0.000000,0.000000,0.000000,0.000000,0.000000,0.000000,0.000000,0.000000,0.000000,0.000000,0.000000,0.000000,0.000000,0.000000,0.000000,0.000000,0.000000,0.000000,0.000000,0.000000,0.000000,0.000000,0.000000,0.000000,0.000000,0.000000,0.000000,0.000000,0.000000,0.000000,0.000000,0.000000,0.000000,0.000000,0.000000,0.000000,0.000000,0.000000,0.000000,0.000000,0.000000,0.000000,0.000000,0.000000,0.000000,0.000000,0.000000
892,1694940884.733315,0,,,0.0000,0.0000,0.0000,0.0000,,,,,,,,,,,0.000000,0.000000,0.000000,0.000000,0.000000,0.000000,0.000000,0.000000,0.000000,0.000000,0.000000,0.000000,0.000000,0.000000,0.000000,0.000000,0.000000,0.000000,0.000000,0.000000,0.000000,0.000000,0.000000,0.000000,0.000000,0.000000,0.000000,0.000000,0.000000,0.000000,0.000000,0.000000,0.000000,0.000000,0.000000,0.000000,0.000000,0.000000,0.000000,0.000000,0.000000,0.000000,0.000000,0.000000,0.000000,0.000000,0.000000,0.000000,0.000000,0.000000,0.000000,0.000000,0.000000,0.000000,0.000000,0.000000,0.000000,0.000000,0.000000,0.000000,0.000000,0.000000,0.000000
893,1694940884.741648,0,,,0.0000,0.0000,0.0000,0.0000,,,,,,,,,,,0.000000,0.000000,0.000000,0.000000,0.000000,0.000000,0.000000,0.000000,0.000000,0.000000,0.000000,0.000000,0.000000,0.000000,0.000000,0.000000,0.000000,0.000000,0.000000,0.000000,0.000000,0.000000,0.000000,0.000000,0.000000,0.000000,0.000000,0.000000,0.000000,0.000000,0.000000,0.000000,0.000000,0.000000,0.000000,0.000000,0.000000,0.000000,0.000000,0.000000,0.000000,0.000000,0.000000,0.000000,0.000000,0.000000,0.000000,0.000000,0.000000,0.000000,0.000000,0.000000,0.000000,0.000000,0.000000,0.000000,0.000000,0.000000,0.000000,0.000000,0.000000,0.000000,0.000000
894,1694940884.749982,0,,,0.0000,0.0000,0.0000,0.0000,,,,,,,,,,,0.000000,0.000000,0.000000,0.000000,0.000000,0.000000,0.000000,0.000000,0.000000,0.000000,0.000000,0.000000,0.000000,0.000000,0.000000,0.000000,0.000000,0.000000,0.000000,0.000000,0.000000,0.000000,0.000000,0.000000,0.000000,0.000000,0.000000,0.000000,0.000000,0.000000,0.000000,0.000000,0.000000,0.000000,0.000000,0.000000,0.000000,0.000000,0.000000,0.000000,0.000000,0.000000,0.000000,0.000000,0.000000,0.000000,0.000000,0.000000,0.000000,0.000000,0.000000,0.000000,0.000000,0.000000,0.000000,0.000000,0.000000,0.000000,0.000000,0.000000,0.000000,0.000000,0.000000
895,1694940884.758315,0,,,0.0000,0.0000,0.0000,0.0000,,,,,,,,,,,0.000000,0.000000,0.000000,0.000000,0.000000,0.000000,0.000000,0.000000,0.000000,0.000000,0.000000,0.000000,0.000000,0.000000,0.000000,0.000000,0.000000,0.000000,0.000000,0.000000,0.000000,0.000000,0.000000,0.000000,0.000000,0.000000,0.000000,0.000000,0.000000,0.000000,0.000000,0.000000,0.000000,0.000000,0.000000,0.000000,0.000000,0.000000,0.000000,0.000000,0.000000,0.000000,0.000000,0.000000,0.000000,0.000000,0.000000,0.000000,0.000000,0.000000,0.000000,0.000000,0.000000,0.000000,0.000000,0.000000,0.000000,0.000000,0.000000,0.000000,0.000000,0.000000,0.000000
896,1694940884.766648,0,,,0.0000,0.0000,0.0000,0.0000,,,,,,,,,,,0.000000,0.000000,0.000000,0.000000,0.000000,0.000000,0.000000,0.000000,0.000000,0.000000,0.000000,0.000000,0.000000,0.000000,0.000000,0.000000,0.000000,0.000000,0.000000,0.000000,0.000000,0.000000,0.000000,0.000000,0.000000,0.000000,0.000000,0.000000,0.000000,0.000000,0.000000,0.000000,0.000000,0.000000,0.000000,0.000000,0.000000,0.000000,0.000000,0.000000,0.000000,0.000000,0.000000,0.000000,0.000000,0.000000,0.000000,0.000000,0.000000,0.000000,0.000000,0.000000,0.000000,0.000000,0.000000,0.000000,0.000000,0.000000,0.000000,0.000000,0.000000,0.000000,0.000000
897,1694940884.774982,0,,,0.0000,0.0000,0.0000,0.0000,,,,,,,,,,,0.000000,0.000000,0.000000,0.000000,0.000000,0.000000,0.000000,0.000000,0.000000,0.000000,0.000000,0.000000,0.000000,0.000000,0.000000,0.000000,0.000000,0.000000,0.000000,0.000000,0.000000,0.000000,0.000000,0.000000,0.000000,0.000000,0.000000,0.000000,0.000000,0.000000,0.000000,0.000000,0.000000,0.000000,0.000000,0.000000,0.000000,0.000000,0.000000,0.000000,0.000000,0.000000,0.000000,0.000000,0.000000,0.000000,0.000000,0.000000,0.000000,0.000000,0.000000,0.000000,0.000000,0.000000,0.000000,0.000000,0.000000,0.000000,0.000000,0.000000,0.000000,0.000000,0.000000
898,1694940884.783315,0,,,0.0000,0.0000,0.0000,0.0000,,,,,,,,,,,0.000000,0.000000,0.000000,0.000000,0.000000,0.000000,0.000000,0.000000,0.000000,0.000000,0.000000,0.000000,0.000000,0.000000,0.000000,0.000000,0.000000,0.000000,0.000000,0.000000,0.000000,0.000000,0.000000,0.000000,0.000000,0.000000,0.000000,0.000000,0.000000,0.000000,0.000000,0.000000,0.000000,0.000000,0.000000,0.000000,0.000000,0.000000,0.000000,0.000000,0.000000,0.000000,0.000000,0.000000,0.000000,0.000000,0.000000,0.000000,0.000000,0.000000,0.000000,0.000000,0.000000,0.000000,0.000000,0.000000,0.000000,0.000000,0.000000,0.000000,0.000000,0.000000,0.000000
899,1694940884.791648,0,,,0.0000,0.0000,0.0000,0.0000,,,,,,,,,,,0.000000,0.000000,0.000000,0.000000,0.000000,0.000000,0.000000,0.000000,0.000000,0.000000,0.000000,0.000000,0.000000,0.000000,0.000000,0.000000,0.000000,0.000000,0.000000,0.000000,0.000000,0.000000,0.000000,0.000000,0.000000,0.000000,0.000000,0.000000,0.000000,0.000000,0.000000,0.000000,0.000000,0.000000,0.000000,0.000000,0.000000,0.000000,0.000000,0.000000,0.000000,0.000000,0.000000,0.000000,0.000000,0.000000,0.000000,0.000000,0.000000,0.000000,0.000000,0.000000,0.000000,0.000000,0.000000,0.000000,0.000000,0.000000,0.000000,0.000000,0.000000,0.000000,0.000000
900,1694940884.799982,0,,,0.0000,0.0000,0.0000,0.0000,,,,,,,,,,,0.000000,0.000000,0.000000,0.000000,0.000000,0.000000,0.000000,0.000000,0.000000,0.000000,0.000000,0.000000,0.000000,0.000000,0.000000,0.000000,0.000000,0.000000,0.000000,0.000000,0.000000,0.000000,0.000000,0.000000,0.000000,0.000000,0.000000,0.000000,0.000000,0.000000,0.000000,0.000000,0.000000,0.000000,0.000000,0.000000,0.000000,0.000000,0.000000,0.000000,0.000000,0.000000,0.000000,0.000000,0.000000,0.000000,0.000000,0.000000,0.000000,0.000000,0.000000,0.000000,0.000000,0.000000,0.000000,0.000000,0.000000,0.000000,0.000000,0.000000,0.000000,0.000000,0.000000
901,1694940884.808315,0,,,0.0000,0.0000,0.0000,0.0000,,,,,,,,,,,0.000000,0.000000,0.000000,0.000000,0.000000,0.000000,0.000000,0.000000,0.000000,0.000000,0.000000,0.000000,0.000000,0.000000,0.000000,0.000000,0.000000,0.000000,0.000000,0.000000,0.000000,0.000000,0.000000,0.000000,0.000000,0.000000,0.000000,0.000000,0.000000,0.000000,0.000000,0.000000,0.000000,0.000000,0.000000,0.000000,0.000000,0.000000,0.000000,0.000000,0.000000,0.000000,0.000000,0.000000,0.000000,0.000000,0.000000,0.000000,0.000000,0.000000,0.000000,0.000000,0.000000,0.000000,0.000000,0.000000,0.000000,0.000000,0.000000,0.000000,0.000000,0.000000,0.000000
902,1694940884.816648,0,,,0.0000,0.0000,0.0000,0.0000,,,,,,,,,,,0.000000,0.000000,0.000000,0.000000,0.000000,0.000000,0.000000,0.000000,0.000000,0.000000,0.000000,0.000000,0.000000,0.000000,0.000000,0.000000,0.000000,0.000000,0.000000,0.000000,0.000000,0.000000,0.000000,0.000000,0.000000,0.000000,0.000000,0.000000,0.000000,0.000000,0.000000,0.000000,0.000000,0.000000,0.000000,0.000000,0.000000,0.000000,0.000000,0.000000,0.000000,0.000000,0.000000,0.000000,0.000000,0.000000,0.000000,0.000000,0.000000,0.000000,0.000000,0.000000,0.000000,0.000000,0.000000,0.000000,0.000000,0.000000,0.000000,0.000000,0.000000,0.000000,0.000000
903,1694940884.824982,0,,,0.0000,0.0000,0.0000,0.0000,,,,,,,,,,,0.000000,0.000000,0.000000,0.000000,0.000000,0.000000,0.000000,0.000000,0.000000,0.000000,0.000000,0.000000,0.000000,0.000000,0.000000,0.000000,0.000000,0.000000,0.000000,0.000000,0.000000,0.000000,0.000000,0.000000,0.000000,0.000000,0.000000,0.000000,0.000000,0.000000,0.000000,0.000000,0.000000,0.000000,0.000000,0.000000,0.000000,0.000000,0.000000,0.000000,0.000000,0.000000,0.000000,0.000000,0.000000,0.000000,0.000000,0.000000,0.000000,0.000000,0.000000,0.000000,0.000000,0.000000,0.000000,0.000000,0.000000,0.000000,0.000000,0.000000,0.000000,0.000000,0.000000
904,1694940884.833315,0,,,0.0000,0.0000,0.0000,0.0000,,,,,,,,,,,0.000000,0.000000,0.000000,0.000000,0.000000,0.000000,0.000000,0.000000,0.000000,0.000000,0.000000,0.000000,0.000000,0.000000,0.000000,0.000000,0.000000,0.000000,0.000000,0.000000,0.000000,0.000000,0.000000,0.000000,0.000000,0.000000,0.000000,0.000000,0.000000,0.000000,0.000000,0.000000,0.000000,0.000000,0.000000,0.000000,0.000000,0.000000,0.000000,0.000000,0.000000,0.000000,0.000000,0.000000,0.000000,0.000000,0.000000,0.000000,0.000000,0.000000,0.000000,0.000000,0.000000,0.000000,0.000000,0.000000,0.000000,0.000000,0.000000,0.000000,0.000000,0.000000,0.000000
905,1694940884.841648,0,,,0.0000,0.0000,0.0000,0.0000,,,,,,,,,,,0.000000,0.000000,0.000000,0.000000,0.000000,0.000000,0.000000,0.000000,0.000000,0.000000,0.000000,0.000000,0.000000,0.000000,0.000000,0.000000,0.000000,0.000000,0.000000,0.000000,0.000000,0.000000,0.000000,0.000000,0.000000,0.000000,0.000000,0.000000,0.000000,0.000000,0.000000,0.000000,0.000000,0.000000,0.000000,0.000000,0.000000,0.000000,0.000000,0.000000,0.000000,0.000000,0.000000,0.000000,0.000000,0.000000,0.000000,0.000000,0.000000,0.000000,0.000000,0.000000,0.000000,0.000000,0.000000,0.000000,0.000000,0.000000,0.000000,0.000000,0.000000,0.000000,0.000000
906,1694940884.849982,0,,,0.0000,0.0000,0.0000,0.0000,,,,,,,,,,,0.000000,0.000000,0.000000,0.000000,0.000000,0.000000,0.000000,0.000000,0.000000,0.000000,0.000000,0.000000,0.000000,0.000000,0.000000,0.000000,0.000000,0.000000,0.000000,0.000000,0.000000,0.000000,0.000000,0.000000,0.000000,0.000000,0.000000,0.000000,0.000000,0.000000,0.000000,0.000000,0.000000,0.000000,0.000000,0.000000,0.000000,0.000000,0.000000,0.000000,0.000000,0.000000,0.000000,0.000000,0.000000,0.000000,0.000000,0.000000,0.000000,0.000000,0.000000,0.000000,0.000000,0.000000,0.000000,0.000000,0.000000,0.000000,0.000000,0.000000,0.000000,0.000000,0.000000
907,1694940884.858315,0,,,0.0000,0.0000,0.0000,0.0000,,,,,,,,,,,0.000000,0.000000,0.000000,0.000000,0.000000,0.000000,0.000000,0.000000,0.000000,0.000000,0.000000,0.000000,0.000000,0.000000,0.000000,0.000000,0.000000,0.000000,0.000000,0.000000,0.000000,0.000000,0.000000,0.000000,0.000000,0.000000,0.000000,0.000000,0.000000,0.000000,0.000000,0.000000,0.000000,0.000000,0.000000,0.000000,0.000000,0.000000,0.000000,0.000000,0.000000,0.000000,0.000000,0.000000,0.000000,0.000000,0.000000,0.000000,0.000000,0.000000,0.000000,0.000000,0.000000,0.000000,0.000000,0.000000,0.000000,0.000000,0.000000,0.000000,0.000000,0.000000,0.000000
908,1694940884.866648,0,,,0.0000,0.0000,0.0000,0.0000,,,,,,,,,,,0.000000,0.000000,0.000000,0.000000,0.000000,0.000000,0.000000,0.000000,0.000000,0.000000,0.000000,0.000000,0.000000,0.000000,0.000000,0.000000,0.000000,0.000000,0.000000,0.000000,0.000000,0.000000,0.000000,0.000000,0.000000,0.000000,0.000000,0.000000,0.000000,0.000000,0.000000,0.000000,0.000000,0.000000,0.000000,0.000000,0.000000,0.000000,0.000000,0.000000,0.000000,0.000000,0.000000,0.000000,0.000000,0.000000,0.000000,0.000000,0.000000,0.000000,0.000000,0.000000,0.000000,0.000000,0.000000,0.000000,0.000000,0.000000,0.000000,0.000000,0.000000,0.000000,0.000000
909,1694940884.874982,0,,,0.0000,0.0000,0.0000,0.0000,,,,,,,,,,,0.000000,0.000000,0.000000,0.000000,0.000000,0.000000,0.000000,0.000000,0.000000,0.000000,0.000000,0.000000,0.000000,0.000000,0.000000,0.000000,0.000000,0.000000,0.000000,0.000000,0.000000,0.000000,0.000000,0.000000,0.000000,0.000000,0.000000,0.000000,0.000000,0.000000,0.000000,0.000000,0.000000,0.000000,0.000000,0.000000,0.000000,0.000000,0.000000,0.000000,0.000000,0.000000,0.000000,0.000000,0.000000,0.000000,0.000000,0.000000,0.000000,0.000000,0.000000,0.000000,0.000000,0.000000,0.000000,0.000000,0.000000,0.000000,0.000000,0.000000,0.000000,0.000000,0.000000
910,1694940884.883315,0,,,0.0000,0.0000,0.0000,0.0000,,,,,,,,,,,0.000000,0.000000,0.000000,0.000000,0.000000,0.000000,0.000000,0.000000,0.000000,0.000000,0.000000,0.000000,0.000000,0.000000,0.000000,0.000000,0.000000,0.000000,0.000000,0.000000,0.000000,0.000000,0.000000,0.000000,0.000000,0.000000,0.000000,0.000000,0.000000,0.000000,0.000000,0.000000,0.000000,0.000000,0.000000,0.000000,0.000000,0.000000,0.000000,0.000000,0.000000,0.000000,0.000000,0.000000,0.000000,0.000000,0.000000,0.000000,0.000000,0.000000,0.000000,0.000000,0.000000,0.000000,0.000000,0.000000,0.000000,0.000000,0.000000,0.000000,0.000000,0.000000,0.000000
911,1694940884.891648,0,,,0.0000,0.0000,0.0000,0.0000,,,,,,,,,,,0.000000,0.000000,0.000000,0.000000,0.000000,0.000000,0.000000,0.000000,0.000000,0.000000,0.000000,0.000000,0.000000,0.000000,0.000000,0.000000,0.000000,0.000000,0.000000,0.000000,0.000000,0.000000,0.000000,0.000000,0.000000,0.000000,0.000000,0.000000,0.000000,0.000000,0.000000,0.000000,0.000000,0.000000,0.000000,0.000000,0.000000,0.000000,0.000000,0.000000,0.000000,0.000000,0.000000,0.000000,0.000000,0.000000,0.000000,0.000000,0.000000,0.000000,0.000000,0.000000,0.000000,0.000000,0.000000,0.000000,0.000000,0.000000,0.000000,0.000000,0.000000,0.000000,0.000000
912,1694940884.899982,0,,,0.0000,0.0000,0.0000,0.0000,,,,,,,,,,,0.000000,0.000000,0.000000,0.000000,0.000000,0.000000,0.000000,0.000000,0.000000,0.000000,0.000000,0.000000,0.000000,0.000000,0.000000,0.000000,0.000000,0.000000,0.000000,0.000000,0.000000,0.000000,0.000000,0.000000,0.000000,0.000000,0.000000,0.000000,0.000000,0.000000,0.000000,0.000000,0.000000,0.000000,0.000000,0.000000,0.000000,0.000000,0.000000,0.000000,0.000000,0.000000,0.000000,0.000000,0.000000,0.000000,0.000000,0.000000,0.000000,0.000000,0.000000,0.000000,0.000000,0.000000,0.000000,0.000000,0.000000,0.000000,0.000000,0.000000,0.000000,0.000000,0.000000
913,1694940884.908315,0,,,0.0000,0.0000,0.0000,0.0000,,,,,,,,,,,0.000000,0.000000,0.000000,0.000000,0.000000,0.000000,0.000000,0.000000,0.000000,0.000000,0.000000,0.000000,0.000000,0.000000,0.000000,0.000000,0.000000,0.000000,0.000000,0.000000,0.000000,0.000000,0.000000,0.000000,0.000000,0.000000,0.000000,0.000000,0.000000,0.000000,0.000000,0.000000,0.000000,0.000000,0.000000,0.000000,0.000000,0.000000,0.000000,0.000000,0.000000,0.000000,0.000000,0.000000,0.000000,0.000000,0.000000,0.000000,0.000000,0.000000,0.000000,0.000000,0.000000,0.000000,0.000000,0.000000,0.000000,0.000000,0.000000,0.000000,0.000000,0.000000,0.000000
914,1694940884.916648,0,,,0.0000,0.0000,0.0000,0.0000,,,,,,,,,,,0.000000,0.000000,0.000000,0.000000,0.000000,0.000000,0.000000,0.000000,0.000000,0.000000,0.000000,0.000000,0.000000,0.000000,0.000000,0.000000,0.000000,0.000000,0.000000,0.000000,0.000000,0.000000,0.000000,0.000000,0.000000,0.000000,0.000000,0.000000,0.000000,0.000000,0.000000,0.000000,0.000000,0.000000,0.000000,0.000000,0.000000,0.000000,0.000000,0.000000,0.000000,0.000000,0.000000,0.000000,0.000000,0.000000,0.000000,0.000000,0.000000,0.000000,0.000000,0.000000,0.000000,0.000000,0.000000,0.000000,0.000000,0.000000,0.000000,0.000000,0.000000,0.000000,0.000000
915,1694940884.924982,0,,,0.0000,0.0000,0.0000,0.0000,,,,,,,,,,,0.000000,0.000000,0.000000,0.000000,0.000000,0.000000,0.000000,0.000000,0.000000,0.000000,0.000000,0.000000,0.000000,0.000000,0.000000,0.000000,0.000000,0.000000,0.000000,0.000000,0.000000,0.000000,0.000000,0.000000,0.000000,0.000000,0.000000,0.000000,0.000000,0.000000,0.000000,0.000000,0.000000,0.000000,0.000000,0.000000,0.000000,0.000000,0.000000,0.000000,0.000000,0.000000,0.000000,0.000000,0.000000,0.000000,0.000000,0.000000,0.000000,0.000000,0.000000,0.000000,0.000000,0.000000,0.000000,0.000000,0.000000,0.000000,0.000000,0.000000,0.000000,0.000000,0.000000
916,1694940884.933315,0,,,0.0000,0.0000,0.0000,0.0000,,,,,,,,,,,0.000000,0.000000,0.000000,0.000000,0.000000,0.000000,0.000000,0.000000,0.000000,0.000000,0.000000,0.000000,0.000000,0.000000,0.000000,0.000000,0.000000,0.000000,0.000000,0.000000,0.000000,0.000000,0.000000,0.000000,0.000000,0.000000,0.000000,0.000000,0.000000,0.000000,0.000000,0.000000,0.000000,0.000000,0.000000,0.000000,0.000000,0.000000,0.000000,0.000000,0.000000,0.000000,0.000000,0.000000,0.000000,0.000000,0.000000,0.000000,0.000000,0.000000,0.000000,0.000000,0.000000,0.000000,0.000000,0.000000,0.000000,0.000000,0.000000,0.000000,0.000000,0.000000,0.000000
917,1694940884.941648,0,,,0.0000,0.0000,0.0000,0.0000,,,,,,,,,,,0.000000,0.000000,0.000000,0.000000,0.000000,0.000000,0.000000,0.000000,0.000000,0.000000,0.000000,0.000000,0.000000,0.000000,0.000000,0.000000,0.000000,0.000000,0.000000,0.000000,0.000000,0.000000,0.000000,0.000000,0.000000,0.000000,0.000000,0.000000,0.000000,0.000000,0.000000,0.000000,0.000000,0.000000,0.000000,0.000000,0.000000,0.000000,0.000000,0.000000,0.000000,0.000000,0.000000,0.000000,0.000000,0.000000,0.000000,0.000000,0.000000,0.000000,0.000000,0.000000,0.000000,0.000000,0.000000,0.000000,0.000000,0.000000,0.000000,0.000000,0.000000,0.000000,0.000000
918,1694940884.949982,0,,,0.0000,0.0000,0.0000,0.0000,,,,,,,,,,,0.000000,0.000000,0.000000,0.000000,0.000000,0.000000,0.000000,0.000000,0.000000,0.000000,0.000000,0.000000,0.000000,0.000000,0.000000,0.000000,0.000000,0.000000,0.000000,0.000000,0.000000,0.000000,0.000000,0.000000,0.000000,0.000000,0.000000,0.000000,0.000000,0.000000,0.000000,0.000000,0.000000,0.000000,0.000000,0.000000,0.000000,0.000000,0.000000,0.000000,0.000000,0.000000,0.000000,0.000000,0.000000,0.000000,0.000000,0.000000,0.000000,0.000000,0.000000,0.000000,0.000000,0.000000,0.000000,0.000000,0.000000,0.000000,0.000000,0.000000,0.000000,0.000000,0.000000
919,1694940884.958315,0,,,0.0000,0.0000,0.0000,0.0000,,,,,,,,,,,0.000000,0.000000,0.000000,0.000000,0.000000,0.000000,0.000000,0.000000,0.000000,0.000000,0.000000,0.000000,0.000000,0.000000,0.000000,0.000000,0.000000,0.000000,0.000000,0.000000,0.000000,0.000000,0.000000,0.000000,0.000000,0.000000,0.000000,0.000000,0.000000,0.000000,0.000000,0.000000,0.000000,0.000000,0.000000,0.000000,0.000000,0.000000,0.000000,0.000000,0.000000,0.000000,0.000000,0.000000,0.000000,0.000000,0.000000,0.000000,0.000000,0.000000,0.000000,0.000000,0.000000,0.000000,0.000000,0.000000,0.000000,0.000000,0.000000,0.000000,0.000000,0.000000,0.000000
920,1694940884.966648,0,,,0.0000,0.0000,0.0000,0.0000,,,,,,,,,,,0.000000,0.000000,0.000000,0.000000,0.000000,0.000000,0.000000,0.000000,0.000000,0.000000,0.000000,0.000000,0.000000,0.000000,0.000000,0.000000,0.000000,0.000000,0.000000,0.000000,0.000000,0.000000,0.000000,0.000000,0.000000,0.000000,0.000000,0.000000,0.000000,0.000000,0.000000,0.000000,0.000000,0.000000,0.000000,0.000000,0.000000,0.000000,0.000000,0.000000,0.000000,0.000000,0.000000,0.000000,0.000000,0.000000,0.000000,0.000000,0.000000,0.000000,0.000000,0.000000,0.000000,0.000000,0.000000,0.000000,0.000000,0.000000,0.000000,0.000000,0.000000,0.000000,0.000000
921,1694940884.974982,0,,,0.0000,0.0000,0.0000,0.0000,,,,,,,,,,,0.000000,0.000000,0.000000,0.000000,0.000000,0.000000,0.000000,0.000000,0.000000,0.000000,0.000000,0.000000,0.000000,0.000000,0.000000,0.000000,0.000000,0.000000,0.000000,0.000000,0.000000,0.000000,0.000000,0.000000,0.000000,0.000000,0.000000,0.000000,0.000000,0.000000,0.000000,0.000000,0.000000,0.000000,0.000000,0.000000,0.000000,0.000000,0.000000,0.000000,0.000000,0.000000,0.000000,0.000000,0.000000,0.000000,0.000000,0.000000,0.000000,0.000000,0.000000,0.000000,0.000000,0.000000,0.000000,0.000000,0.000000,0.000000,0.000000,0.000000,0.000000,0.000000,0.000000
922,1694940884.983315,0,,,0.0000,0.0000,0.0000,0.0000,,,,,,,,,,,0.000000,0.000000,0.000000,0.000000,0.000000,0.000000,0.000000,0.000000,0.000000,0.000000,0.000000,0.000000,0.000000,0.000000,0.000000,0.000000,0.000000,0.000000,0.000000,0.000000,0.000000,0.000000,0.000000,0.000000,0.000000,0.000000,0.000000,0.000000,0.000000,0.000000,0.000000,0.000000,0.000000,0.000000,0.000000,0.000000,0.000000,0.000000,0.000000,0.000000,0.000000,0.000000,0.000000,0.000000,0.000000,0.000000,0.000000,0.000000,0.000000,0.000000,0.000000,0.000000,0.000000,0.000000,0.000000,0.000000,0.000000,0.000000,0.000000,0.000000,0.000000,0.000000,0.000000
923,1694940884.991648,0,,,0.0000,0.0000,0.0000,0.0000,,,,,,,,,,,0.000000,0.000000,0.000000,0.000000,0.000000,0.000000,0.000000,0.000000,0.000000,0.000000,0.000000,0.000000,0.000000,0.000000,0.000000,0.000000,0.000000,0.000000,0.000000,0.000000,0.000000,0.000000,0.000000,0.000000,0.000000,0.000000,0.000000,0.000000,0.000000,0.000000,0.000000,0.000000,0.000000,0.000000,0.000000,0.000000,0.000000,0.000000,0.000000,0.000000,0.000000,0.000000,0.000000,0.000000,0.000000,0.000000,0.000000,0.000000,0.000000,0.000000,0.000000,0.000000,0.000000,0.000000,0.000000,0.000000,0.000000,0.000000,0.000000,0.000000,0.000000,0.000000,0.000000
924,1694940884.999982,0,,,0.0000,0.0000,0.0000,0.0000,,,,,,,,,,,0.000000,0.000000,0.000000,0.000000,0.000000,0.000000,0.000000,0.000000,0.000000,0.000000,0.000000,0.000000,0.000000,0.000000,0.000000,0.000000,0.000000,0.000000,0.000000,0.000000,0.000000,0.000000,0.000000,0.000000,0.000000,0.000000,0.000000,0.000000,0.000000,0.000000,0.000000,0.000000,0.000000,0.000000,0.000000,0.000000,0.000000,0.000000,0.000000,0.000000,0.000000,0.000000,0.000000,0.000000,0.000000,0.000000,0.000000,0.000000,0.000000,0.000000,0.000000,0.000000,0.000000,0.000000,0.000000,0.000000,0.000000,0.000000,0.000000,0.000000,0.000000,0.000000,0.000000
925,1694940885.008315,0,,,0.0000,0.0000,0.0000,0.0000,,,,,,,,,,,0.000000,0.000000,0.000000,0.000000,0.000000,0.000000,0.000000,0.000000,0.000000,0.000000,0.000000,0.000000,0.000000,0.000000,0.000000,0.000000,0.000000,0.000000,0.000000,0.000000,0.000000,0.000000,0.000000,0.000000,0.000000,0.000000,0.000000,0.000000,0.000000,0.000000,0.000000,0.000000,0.000000,0.000000,0.000000,0.000000,0.000000,0.000000,0.000000,0.000000,0.000000,0.000000,0.000000,0.000000,0.000000,0.000000,0.000000,0.000000,0.000000,0.000000,0.000000,0.000000,0.000000,0.000000,0.000000,0.000000,0.000000,0.000000,0.000000,0.000000,0.000000,0.000000,0.000000
926,1694940885.016648,0,,,0.0000,0.0000,0.0000,0.0000,,,,,,,,,,,0.000000,0.000000,0.000000,0.000000,0.000000,0.000000,0.000000,0.000000,0.000000,0.000000,0.000000,0.000000,0.000000,0.000000,0.000000,0.000000,0.000000,0.000000,0.000000,0.000000,0.000000,0.000000,0.000000,0.000000,0.000000,0.000000,0.000000,0.000000,0.000000,0.000000,0.000000,0.000000,0.000000,0.000000,0.000000,0.000000,0.000000,0.000000,0.000000,0.000000,0.000000,0.000000,0.000000,0.000000,0.000000,0.000000,0.000000,0.000000,0.000000,0.000000,0.000000,0.000000,0.000000,0.000000,0.000000,0.000000,0.000000,0.000000,0.000000,0.000000,0.000000,0.000000,0.000000
927,1694940885.024982,0,,,0.0000,0.0000,0.0000,0.0000,,,,,,,,,,,0.000000,0.000000,0.000000,0.000000,0.000000,0.000000,0.000000,0.000000,0.000000,0.000000,0.000000,0.000000,0.000000,0.000000,0.000000,0.000000,0.000000,0.000000,0.000000,0.000000,0.000000,0.000000,0.000000,0.000000,0.000000,0.000000,0.000000,0.000000,0.000000,0.000000,0.000000,0.000000,0.000000,0.000000,0.000000,0.000000,0.000000,0.000000,0.000000,0.000000,0.000000,0.000000,0.000000,0.000000,0.000000,0.000000,0.000000,0.000000,0.000000,0.000000,0.000000,0.000000,0.000000,0.000000,0.000000,0.000000,0.000000,0.000000,0.000000,0.000000,0.000000,0.000000,0.000000
928,1694940885.033315,0,,,0.0000,0.0000,0.0000,0.0000,,,,,,,,,,,0.000000,0.000000,0.000000,0.000000,0.000000,0.000000,0.000000,0.000000,0.000000,0.000000,0.000000,0.000000,0.000000,0.000000,0.000000,0.000000,0.000000,0.000000,0.000000,0.000000,0.000000,0.000000,0.000000,0.000000,0.000000,0.000000,0.000000,0.000000,0.000000,0.000000,0.000000,0.000000,0.000000,0.000000,0.000000,0.000000,0.000000,0.000000,0.000000,0.000000,0.000000,0.000000,0.000000,0.000000,0.000000,0.000000,0.000000,0.000000,0.000000,0.000000,0.000000,0.000000,0.000000,0.000000,0.000000,0.000000,0.000000,0.000000,0.000000,0.000000,0.000000,0.000000,0.000000
929,1694940885.041648,0,,,0.0000,0.0000,0.0000,0.0000,,,,,,,,,,,0.000000,0.000000,0.000000,0.000000,0.000000,0.000000,0.000000,0.000000,0.000000,0.000000,0.000000,0.000000,0.000000,0.000000,0.000000,0.000000,0.000000,0.000000,0.000000,0.000000,0.000000,0.000000,0.000000,0.000000,0.000000,0.000000,0.000000,0.000000,0.000000,0.000000,0.000000,0.000000,0.000000,0.000000,0.000000,0.000000,0.000000,0.000000,0.000000,0.000000,0.000000,0.000000,0.000000,0.000000,0.000000,0.000000,0.000000,0.000000,0.000000,0.000000,0.000000,0.000000,0.000000,0.000000,0.000000,0.000000,0.000000,0.000000,0.000000,0.000000,0.000000,0.000000,0.000000
930,1694940885.049982,0,,,0.0000,0.0000,0.0000,0.0000,,,,,,,,,,,0.000000,0.000000,0.000000,0.000000,0.000000,0.000000,0.000000,0.000000,0.000000,0.000000,0.000000,0.000000,0.000000,0.000000,0.000000,0.000000,0.000000,0.000000,0.000000,0.000000,0.000000,0.000000,0.000000,0.000000,0.000000,0.000000,0.000000,0.000000,0.000000,0.000000,0.000000,0.000000,0.000000,0.000000,0.000000,0.000000,0.000000,0.000000,0.000000,0.000000,0.000000,0.000000,0.000000,0.000000,0.000000,0.000000,0.000000,0.000000,0.000000,0.000000,0.000000,0.000000,0.000000,0.000000,0.000000,0.000000,0.000000,0.000000,0.000000,0.000000,0.000000,0.000000,0.000000
931,1694940885.058315,0,,,0.0000,0.0000,0.0000,0.0000,,,,,,,,,,,0.000000,0.000000,0.000000,0.000000,0.000000,0.000000,0.000000,0.000000,0.000000,0.000000,0.000000,0.000000,0.000000,0.000000,0.000000,0.000000,0.000000,0.000000,0.000000,0.000000,0.000000,0.000000,0.000000,0.000000,0.000000,0.000000,0.000000,0.000000,0.000000,0.000000,0.000000,0.000000,0.000000,0.000000,0.000000,0.000000,0.000000,0.000000,0.000000,0.000000,0.000000,0.000000,0.000000,0.000000,0.000000,0.000000,0.000000,0.000000,0.000000,0.000000,0.000000,0.000000,0.000000,0.000000,0.000000,0.000000,0.000000,0.000000,0.000000,0.000000,0.000000,0.000000,0.000000
932,1694940885.066648,0,,,0.0000,0.0000,0.0000,0.0000,,,,,,,,,,,0.000000,0.000000,0.000000,0.000000,0.000000,0.000000,0.000000,0.000000,0.000000,0.000000,0.000000,0.000000,0.000000,0.000000,0.000000,0.000000,0.000000,0.000000,0.000000,0.000000,0.000000,0.000000,0.000000,0.000000,0.000000,0.000000,0.000000,0.000000,0.000000,0.000000,0.000000,0.000000,0.000000,0.000000,0.000000,0.000000,0.000000,0.000000,0.000000,0.000000,0.000000,0.000000,0.000000,0.000000,0.000000,0.000000,0.000000,0.000000,0.000000,0.000000,0.000000,0.000000,0.000000,0.000000,0.000000,0.000000,0.000000,0.000000,0.000000,0.000000,0.000000,0.000000,0.000000
933,1694940885.074982,0,,,0.0000,0.0000,0.0000,0.0000,,,,,,,,,,,0.000000,0.000000,0.000000,0.000000,0.000000,0.000000,0.000000,0.000000,0.000000,0.000000,0.000000,0.000000,0.000000,0.000000,0.000000,0.000000,0.000000,0.000000,0.000000,0.000000,0.000000,0.000000,0.000000,0.000000,0.000000,0.000000,0.000000,0.000000,0.000000,0.000000,0.000000,0.000000,0.000000,0.000000,0.000000,0.000000,0.000000,0.000000,0.000000,0.000000,0.000000,0.000000,0.000000,0.000000,0.000000,0.000000,0.000000,0.000000,0.000000,0.000000,0.000000,0.000000,0.000000,0.000000,0.000000,0.000000,0.000000,0.000000,0.000000,0.000000,0.000000,0.000000,0.000000
934,1694940885.083315,0,,,0.0000,0.0000,0.0000,0.0000,,,,,,,,,,,0.000000,0.000000,0.000000,0.000000,0.000000,0.000000,0.000000,0.000000,0.000000,0.000000,0.000000,0.000000,0.000000,0.000000,0.000000,0.000000,0.000000,0.000000,0.000000,0.000000,0.000000,0.000000,0.000000,0.000000,0.000000,0.000000,0.000000,0.000000,0.000000,0.000000,0.000000,0.000000,0.000000,0.000000,0.000000,0.000000,0.000000,0.000000,0.000000,0.000000,0.000000,0.000000,0.000000,0.000000,0.000000,0.000000,0.000000,0.000000,0.000000,0.000000,0.000000,0.000000,0.000000,0.000000,0.000000,0.000000,0.000000,0.000000,0.000000,0.000000,0.000000,0.000000,0.000000
935,1694940885.091648,0,,,0.0000,0.0000,0.0000,0.0000,,,,,,,,,,,0.000000,0.000000,0.000000,0.000000,0.000000,0.000000,0.000000,0.000000,0.000000,0.000000,0.000000,0.000000,0.000000,0.000000,0.000000,0.000000,0.000000,0.000000,0.000000,0.000000,0.000000,0.000000,0.000000,0.000000,0.000000,0.000000,0.000000,0.000000,0.000000,0.000000,0.000000,0.000000,0.000000,0.000000,0.000000,0.000000,0.000000,0.000000,0.000000,0.000000,0.000000,0.000000,0.000000,0.000000,0.000000,0.000000,0.000000,0.000000,0.000000,0.000000,0.000000,0.000000,0.000000,0.000000,0.000000,0.000000,0.000000,0.000000,0.000000,0.000000,0.000000,0.000000,0.000000
936,1694940885.099982,0,,,0.0000,0.0000,0.0000,0.0000,,,,,,,,,,,0.000000,0.000000,0.000000,0.000000,0.000000,0.000000,0.000000,0.000000,0.000000,0.000000,0.000000,0.000000,0.000000,0.000000,0.000000,0.000000,0.000000,0.000000,0.000000,0.000000,0.000000,0.000000,0.000000,0.000000,0.000000,0.000000,0.000000,0.000000,0.000000,0.000000,0.000000,0.000000,0.000000,0.000000,0.000000,0.000000,0.000000,0.000000,0.000000,0.000000,0.000000,0.000000,0.000000,0.000000,0.000000,0.000000,0.000000,0.000000,0.000000,0.000000,0.000000,0.000000,0.000000,0.000000,0.000000,0.000000,0.000000,0.000000,0.000000,0.000000,0.000000,0.000000,0.000000
937,1694940885.108315,1,,,0.0000,0.0000,0.0000,0.0000,,,,,,,,,,,0.000000,0.000000,0.000000,0.000000,0.000000,0.000000,0.000000,0.000000,0.000000,0.000000,0.000000,0.000000,0.000000,0.000000,0.000000,0.000000,0.000000,0.000000,0.000000,0.000000,0.000000,0.000000,0.000000,0.000000,0.000000,0.000000,0.000000,0.000000,0.000000,0.000000,0.000000,0.000000,0.000000,0.000000,0.000000,0.000000,0.000000,0.000000,0.000000,0.000000,0.000000,0.000000,0.000000,0.000000,0.000000,0.000000,0.000000,0.000000,0.000000,0.000000,0.000000,0.000000,0.000000,0.000000,0.000000,0.000000,0.000000,0.000000,0.000000,0.000000,0.000000,0.000000,0.000000
938,1694940885.116648,1,,,0.0000,0.0000,0.0000,0.0000,,,,,,,,,,,0.000000,0.000000,0.000000,0.000000,0.000000,0.000000,0.000000,0.000000,0.000000,0.000000,0.000000,0.000000,0.000000,0.000000,0.000000,0.000000,0.000000,0.000000,0.000000,0.000000,0.000000,0.000000,0.000000,0.000000,0.000000,0.000000,0.000000,0.000000,0.000000,0.000000,0.000000,0.000000,0.000000,0.000000,0.000000,0.000000,0.000000,0.000000,0.000000,0.000000,0.000000,0.000000,0.000000,0.000000,0.000000,0.000000,0.000000,0.000000,0.000000,0.000000,0.000000,0.000000,0.000000,0.000000,0.000000,0.000000,0.000000,0.000000,0.000000,0.000000,0.000000,0.000000,0.000000
939,1694940885.124982,1,,,0.0000,0.0000,0.0000,0.0000,,,,,,,,,,,0.000000,0.000000,0.000000,0.000000,0.000000,0.000000,0.000000,0.000000,0.000000,0.000000,0.000000,0.000000,0.000000,0.000000,0.000000,0.000000,0.000000,0.000000,0.000000,0.000000,0.000000,0.000000,0.000000,0.000000,0.000000,0.000000,0.000000,0.000000,0.000000,0.000000,0.000000,0.000000,0.000000,0.000000,0.000000,0.000000,0.000000,0.000000,0.000000,0.000000,0.000000,0.000000,0.000000,0.000000,0.000000,0.000000,0.000000,0.000000,0.000000,0.000000,0.000000,0.000000,0.000000,0.000000,0.000000,0.000000,0.000000,0.000000,0.000000,0.000000,0.000000,0.000000,0.000000
940,1694940885.133315,1,,,0.0000,0.0000,0.0000,0.0000,,,,,,,,,,,0.000000,0.000000,0.000000,0.000000,0.000000,0.000000,0.000000,0.000000,0.000000,0.000000,0.000000,0.000000,0.000000,0.000000,0.000000,0.000000,0.000000,0.000000,0.000000,0.000000,0.000000,0.000000,0.000000,0.000000,0.000000,0.000000,0.000000,0.000000,0.000000,0.000000,0.000000,0.000000,0.000000,0.000000,0.000000,0.000000,0.000000,0.000000,0.000000,0.000000,0.000000,0.000000,0.000000,0.000000,0.000000,0.000000,0.000000,0.000000,0.000000,0.000000,0.000000,0.000000,0.000000,0.000000,0.000000,0.000000,0.000000,0.000000,0.000000,0.000000,0.000000,0.000000,0.000000
941,1694940885.141648,1,,,0.0000,0.0000,0.0000,0.0000,,,,,,,,,,,0.000000,0.000000,0.000000,0.000000,0.000000,0.000000,0.000000,0.000000,0.000000,0.000000,0.000000,0.000000,0.000000,0.000000,0.000000,0.000000,0.000000,0.000000,0.000000,0.000000,0.000000,0.000000,0.000000,0.000000,0.000000,0.000000,0.000000,0.000000,0.000000,0.000000,0.000000,0.000000,0.000000,0.000000,0.000000,0.000000,0.000000,0.000000,0.000000,0.000000,0.000000,0.000000,0.000000,0.000000,0.000000,0.000000,0.000000,0.000000,0.000000,0.000000,0.000000,0.000000,0.000000,0.000000,0.000000,0.000000,0.000000,0.000000,0.000000,0.000000,0.000000,0.000000,0.000000
942,1694940885.149982,1,,,0.0000,0.0000,0.0000,0.0000,,,,,,,,,,,0.000000,0.000000,0.000000,0.000000,0.000000,0.000000,0.000000,0.000000,0.000000,0.000000,0.000000,0.000000,0.000000,0.000000,0.000000,0.000000,0.000000,0.000000,0.000000,0.000000,0.000000,0.000000,0.000000,0.000000,0.000000,0.000000,0.000000,0.000000,0.000000,0.000000,0.000000,0.000000,0.000000,0.000000,0.000000,0.000000,0.000000,0.000000,0.000000,0.000000,0.000000,0.000000,0.000000,0.000000,0.000000,0.000000,0.000000,0.000000,0.000000,0.000000,0.000000,0.000000,0.000000,0.000000,0.000000,0.000000,0.000000,0.000000,0.000000,0.000000,0.000000,0.000000,0.000000
943,1694940885.158315,1,,,0.0000,0.0000,0.0000,0.0000,,,,,,,,,,,0.000000,0.000000,0.000000,0.000000,0.000000,0.000000,0.000000,0.000000,0.000000,0.000000,0.000000,0.000000,0.000000,0.000000,0.000000,0.000000,0.000000,0.000000,0.000000,0.000000,0.000000,0.000000,0.000000,0.000000,0.000000,0.000000,0.000000,0.000000,0.000000,0.000000,0.000000,0.000000,0.000000,0.000000,0.000000,0.000000,0.000000,0.000000,0.000000,0.000000,0.000000,0.000000,0.000000,0.000000,0.000000,0.000000,0.000000,0.000000,0.000000,0.000000,0.000000,0.000000,0.000000,0.000000,0.000000,0.000000,0.000000,0.000000,0.000000,0.000000,0.000000,0.000000,0.000000
944,1694940885.166648,1,,,0.0000,0.0000,0.0000,0.0000,,,,,,,,,,,0.000000,0.000000,0.000000,0.000000,0.000000,0.000000,0.000000,0.000000,0.000000,0.000000,0.000000,0.000000,0.000000,0.000000,0.000000,0.000000,0.000000,0.000000,0.000000,0.000000,0.000000,0.000000,0.000000,0.000000,0.000000,0.000000,0.000000,0.000000,0.000000,0.000000,0.000000,0.000000,0.000000,0.000000,0.000000,0.000000,0.000000,0.000000,0.000000,0.000000,0.000000,0.000000,0.000000,0.000000,0.000000,0.000000,0.000000,0.000000,0.000000,0.000000,0.000000,0.000000,0.000000,0.000000,0.000000,0.000000,0.000000,0.000000,0.000000,0.000000,0.000000,0.000000,0.000000
945,1694940885.174982,1,,,0.0000,0.0000,0.0000,0.0000,,,,,,,,,,,0.000000,0.000000,0.000000,0.000000,0.000000,0.000000,0.000000,0.000000,0.000000,0.000000,0.000000,0.000000,0.000000,0.000000,0.000000,0.000000,0.000000,0.000000,0.000000,0.000000,0.000000,0.000000,0.000000,0.000000,0.000000,0.000000,0.000000,0.000000,0.000000,0.000000,0.000000,0.000000,0.000000,0.000000,0.000000,0.000000,0.000000,0.000000,0.000000,0.000000,0.000000,0.000000,0.000000,0.000000,0.000000,0.000000,0.000000,0.000000,0.000000,0.000000,0.000000,0.000000,0.000000,0.000000,0.000000,0.000000,0.000000,0.000000,0.000000,0.000000,0.000000,0.000000,0.000000
946,1694940885.183315,1,,,0.0000,0.0000,0.0000,0.0000,,,,,,,,,,,0.000000,0.000000,0.000000,0.000000,0.000000,0.000000,0.000000,0.000000,0.000000,0.000000,0.000000,0.000000,0.000000,0.000000,0.000000,0.000000,0.000000,0.000000,0.000000,0.000000,0.000000,0.000000,0.000000,0.000000,0.000000,0.000000,0.000000,0.000000,0.000000,0.000000,0.000000,0.000000,0.000000,0.000000,0.000000,0.000000,0.000000,0.000000,0.000000,0.000000,0.000000,0.000000,0.000000,0.000000,0.000000,0.000000,0.000000,0.000000,0.000000,0.000000,0.000000,0.000000,0.000000,0.000000,0.000000,0.000000,0.000000,0.000000,0.000000,0.000000,0.000000,0.000000,0.000000
947,1694940885.191648,1,,,0.0000,0.0000,0.0000,0.0000,,,,,,,,,,,0.000000,0.000000,0.000000,0.000000,0.000000,0.000000,0.000000,0.000000,0.000000,0.000000,0.000000,0.000000,0.000000,0.000000,0.000000,0.000000,0.000000,0.000000,0.000000,0.000000,0.000000,0.000000,0.000000,0.000000,0.000000,0.000000,0.000000,0.000000,0.000000,0.000000,0.000000,0.000000,0.000000,0.000000,0.000000,0.000000,0.000000,0.000000,0.000000,0.000000,0.000000,0.000000,0.000000,0.000000,0.000000,0.000000,0.000000,0.000000,0.000000,0.000000,0.000000,0.000000,0.000000,0.000000,0.000000,0.000000,0.000000,0.000000,0.000000,0.000000,0.000000,0.000000,0.000000
948,1694940885.199982,1,,,0.0000,0.0000,0.0000,0.0000,,,,,,,,,,,0.000000,0.000000,0.000000,0.000000,0.000000,0.000000,0.000000,0.000000,0.000000,0.000000,0.000000,0.000000,0.000000,0.000000,0.000000,0.000000,0.000000,0.000000,0.000000,0.000000,0.000000,0.000000,0.000000,0.000000,0.000000,0.000000,0.000000,0.000000,0.000000,0.000000,0.000000,0.000000,0.000000,0.000000,0.000000,0.000000,0.000000,0.000000,0.000000,0.000000,0.000000,0.000000,0.000000,0.000000,0.000000,0.000000,0.000000,0.000000,0.000000,0.000000,0.000000,0.000000,0.000000,0.000000,0.000000,0.000000,0.000000,0.000000,0.000000,0.000000,0.000000,0.000000,0.000000
949,1694940885.208315,1,,,0.0000,0.0000,0.0000,0.0000,,,,,,,,,,,0.000000,0.000000,0.000000,0.000000,0.000000,0.000000,0.000000,0.000000,0.000000,0.000000,0.000000,0.000000,0.000000,0.000000,0.000000,0.000000,0.000000,0.000000,0.000000,0.000000,0.000000,0.000000,0.000000,0.000000,0.000000,0.000000,0.000000,0.000000,0.000000,0.000000,0.000000,0.000000,0.000000,0.000000,0.000000,0.000000,0.000000,0.000000,0.000000,0.000000,0.000000,0.000000,0.000000,0.000000,0.000000,0.000000,0.000000,0.000000,0.000000,0.000000,0.000000,0.000000,0.000000,0.000000,0.000000,0.000000,0.000000,0.000000,0.000000,0.000000,0.000000,0.000000,0.000000
950,1694940885.216648,1,,,0.0000,0.0000,0.0000,0.0000,,,,,,,,,,,0.000000,0.000000,0.000000,0.000000,0.000000,0.000000,0.000000,0.000000,0.000000,0.000000,0.000000,0.000000,0.000000,0.000000,0.000000,0.000000,0.000000,0.000000,0.000000,0.000000,0.000000,0.000000,0.000000,0.000000,0.000000,0.000000,0.000000,0.000000,0.000000,0.000000,0.000000,0.000000,0.000000,0.000000,0.000000,0.000000,0.000000,0.000000,0.000000,0.000000,0.000000,0.000000,0.000000,0.000000,0.000000,0.000000,0.000000,0.000000,0.000000,0.000000,0.000000,0.000000,0.000000,0.000000,0.000000,0.000000,0.000000,0.000000,0.000000,0.000000,0.000000,0.000000,0.000000
951,1694940885.224982,1,,,0.0000,0.0000,0.0000,0.0000,,,,,,,,,,,0.000000,0.000000,0.000000,0.000000,0.000000,0.000000,0.000000,0.000000,0.000000,0.000000,0.000000,0.000000,0.000000,0.000000,0.000000,0.000000,0.000000,0.000000,0.000000,0.000000,0.000000,0.000000,0.000000,0.000000,0.000000,0.000000,0.000000,0.000000,0.000000,0.000000,0.000000,0.000000,0.000000,0.000000,0.000000,0.000000,0.000000,0.000000,0.000000,0.000000,0.000000,0.000000,0.000000,0.000000,0.000000,0.000000,0.000000,0.000000,0.000000,0.000000,0.000000,0.000000,0.000000,0.000000,0.000000,0.000000,0.000000,0.000000,0.000000,0.000000,0.000000,0.000000,0.000000
952,1694940885.233315,1,,,0.0000,0.0000,0.0000,0.0000,,,,,,,,,,,0.000000,0.000000,0.000000,0.000000,0.000000,0.000000,0.000000,0.000000,0.000000,0.000000,0.000000,0.000000,0.000000,0.000000,0.000000,0.000000,0.000000,0.000000,0.000000,0.000000,0.000000,0.000000,0.000000,0.000000,0.000000,0.000000,0.000000,0.000000,0.000000,0.000000,0.000000,0.000000,0.000000,0.000000,0.000000,0.000000,0.000000,0.000000,0.000000,0.000000,0.000000,0.000000,0.000000,0.000000,0.000000,0.000000,0.000000,0.000000,0.000000,0.000000,0.000000,0.000000,0.000000,0.000000,0.000000,0.000000,0.000000,0.000000,0.000000,0.000000,0.000000,0.000000,0.000000
953,1694940885.241648,1,8.4585,8.4585,11.8397,0.0000,19.7329,308.8151,,6038.9166,1.4841,119.0679,217.5479,23.3948,72.2012,117.5383,163.0857,0.249170,0.580671,0.558901,-0.000000,0.497060,0.593470,-0.012862,0.427804,0.528762,-0.017012,0.385499,0.434119,-0.016040,0.351521,0.365406,-0.012857,0.451986,0.372862,-0.027433,0.390569,0.279375,-0.028519,0.361622,0.232223,-0.023236,0.346250,0.192504,-0.018227,0.497378,0.310208,-0.022219,0.447934,0.180713,-0.023271,0.431689,0.202034,-0.010249,0.436904,0.236173,0.004028,0.539543,0.282558,-0.016176,0.504089,0.168723,-0.017033,0.486387,0.202866,-0.003429,0.489783,0.237671,0.009727,0.576129,0.276069,-0.010551,0.544387,0.202739,-0.007111,0.525899,0.231760,0.005374,0.526487,0.266004,0.017616
954,1694940885.249982,1,,,0.0000,0.0000,0.0000,0.0000,,,,,,,,,,,0.000000,0.000000,0.000000,0.000000,0.000000,0.000000,0.000000,0.000000,0.000000,0.000000,0.000000,0.000000,0.000000,0.000000,0.000000,0.000000,0.000000,0.000000,0.000000,0.000000,0.000000,0.000000,0.000000,0.000000,0.000000,0.000000,0.000000,0.000000,0.000000,0.000000,0.000000,0.000000,0.000000,0.000000,0.000000,0.000000,0.000000,0.000000,0.000000,0.000000,0.000000,0.000000,0.000000,0.000000,0.000000,0.000000,0.000000,0.000000,0.000000,0.000000,0.000000,0.000000,0.000000,0.000000,0.000000,0.000000,0.000000,0.000000,0.000000,0.000000,0.000000,0.000000,0.000000
955,1694940885.258315,1,-12.1182,-12.1182,6.6626,0.0000,20.4446,271.6351,,7171.9805,1.6326,127.7832,235.3509,19.5573,66.3269,114.3296,163.9950,0.234859,0.590469,0.557499,-0.000000,0.505044,0.580852,-0.014148,0.438291,0.512313,-0.018908,0.400854,0.415310,-0.018718,0.369554,0.342656,-0.016116,0.466727,0.358593,-0.026374,0.408643,0.257470,-0.027860,0.381542,0.210391,-0.023556,0.366705,0.176302,-0.019439,0.513005,0.300538,-0.021519,0.470342,0.159442,-0.023203,0.452919,0.183218,-0.011971,0.453907,0.223750,0.001020,0.555143,0.277278,-0.016128,0.522240,0.151151,-0.017525,0.501147,0.179770,-0.005170,0.499743,0.215769,0.006856,0.591877,0.277997,-0.011386,0.564075,0.196292,-0.009289,0.542962,0.216213,0.001759,0.538491,0.249922,0.012979
956,1694940885.266648,1,9.7872,9.7872,13.2681,6.6055,23.1841,239.3880,49.6761,8163.3051,1.4112,136.3627,239.1516,27.3120,56.4446,104.0645,156.0755,0.203876,0.592535,0.557070,-0.000000,0.506845,0.577628,-0.013833,0.443413,0.502454,-0.017899,0.406961,0.404774,-0.017864,0.374983,0.333742,-0.015172,0.472557,0.345789,-0.017048,0.418723,0.249424,-0.016099,0.394225,0.208457,-0.010468,0.384026,0.181855,-0.004522,0.521514,0.293798,-0.010534,0.486860,0.158358,-0.005994,0.473077,0.166060,0.006498,0.475641,0.189433,0.019538,0.564902,0.276038,-0.004129,0.539046,0.157444,-0.001891,0.519891,0.180287,0.010939,0.518765,0.210697,0.023422,0.601021,0.280398,0.001511,0.578739,0.195563,0.007065,0.559061,0.208054,0.019494,0.555407,0.235478,0.031808
957,1694940885.274982,1,10.4321,10.4321,13.0549,-0.2131,20.2086,268.6834,39.8425,9512.5397,1.9760,127.5602,250.4116,36.5450,50.8689,96.5010,149.4011,0.170449,0.597641,0.551227,-0.000000,0.512385,0.571205,-0.017275,0.448915,0.498273,-0.023686,0.414036,0.401229,-0.025610,0.385230,0.326275,-0.024844,0.484174,0.338935,-0.023327,0.432009,0.247170,-0.026599,0.405942,0.212189,-0.023625,0.394603,0.189497,-0.019409,0.532369,0.288214,-0.017306,0.497990,0.151127,-0.019577,0.481104,0.176660,-0.009734,0.483215,0.215075,0.002839,0.574349,0.272644,-0.011524,0.548247,0.153685,-0.015184,0.528890,0.188455,-0.004314,0.530557,0.225973,0.008059,0.609052,0.279993,-0.006592,0.585308,0.196520,-0.005458,0.566054,0.215463,0.005086,0.565264,0.246252,0.016685
958,1694940885.283315,1,-18.0216,-18.0216,-6.6200,-19.6750,12.2259,2490.5979,2.4354,11713.0619,2.2833,114.9090,266.8923,50.0325,60.8706,104.0846,156.6143,0.156765,0.600152,0.543219,-0.000000,0.516507,0.565096,-0.015304,0.454390,0.488693,-0.020675,0.421819,0.391006,-0.021634,0.396106,0.317130,-0.020225,0.491511,0.330658,-0.025955,0.436368,0.231260,-0.029576,0.412956,0.200473,-0.025840,0.406456,0.184142,-0.020913,0.540578,0.282858,-0.021335,0.505358,0.144734,-0.024691,0.486752,0.180387,-0.014710,0.488878,0.227167,-0.002000,0.582683,0.270710,-0.016537,0.557972,0.150622,-0.021985,0.537559,0.191759,-0.012121,0.539488,0.234789,-0.000393,0.617070,0.280051,-0.012109,0.594399,0.198856,-0.013036,0.575200,0.222691,-0.003483,0.574399,0.255984,0.007340
959,1694940885.291648,0,18.4397,18.4397,7.6395,14.2595,14.1545,2510.0085,4.3209,7962.6234,1.6356,97.6073,271.8421,58.7765,61.9309,103.2151,156.4659,0.130067,0.607012,0.542230,-0.000000,0.523167,0.560752,-0.019953,0.461404,0.482459,-0.026654,0.430383,0.383546,-0.028207,0.403370,0.308470,-0.027016,0.500165,0.323285,-0.025737,0.448707,0.223956,-0.029763,0.423521,0.197655,-0.026454,0.414971,0.188595,-0.021277,0.549745,0.278025,-0.018368,0.512402,0.139729,-0.021691,0.490502,0.176324,-0.011362,0.490691,0.223560,0.002148,0.591304,0.268280,-0.011649,0.563338,0.148409,-0.018656,0.540688,0.190679,-0.009445,0.541334,0.231954,0.002870,0.624311,0.277071,-0.005569,0.598768,0.190934,-0.007835,0.577479,0.212177,0.001144,0.575823,0.242124,0.012094
960,1694940885.299982,0,-17.4333,-17.4333,-6.8051,-14.4446,15.3055,1377.1389,24.3486,9099.6282,1.7384,92.0802,275.0781,66.7899,60.9308,97.6116,150.4539,0.110356,0.612500,0.537575,-0.000000,0.527531,0.557196,-0.019222,0.465804,0.475794,-0.025389,0.435056,0.373843,-0.026004,0.408753,0.299836,-0.023686,0.509943,0.320148,-0.027673,0.455356,0.220363,-0.029938,0.430040,0.198139,-0.024313,0.423554,0.195371,-0.017522,0.559440,0.276725,-0.019317,0.520068,0.139073,-0.021168,0.493275,0.171989,-0.009314,0.489615,0.218017,0.004901,0.599857,0.267028,-0.011153,0.569401,0.146426,-0.016113,0.542577,0.185042,-0.005463,0.540342,0.226743,0.007486,0.631414,0.277141,-0.003554,0.603506,0.188682,-0.004180,0.579693,0.205573,0.005538,0.576050,0.234648,0.016895
961,1694940885.308315,0,34.0542,34.0542,5.9055,12.7107,20.4270,1053.0942,17.2371,7918.8278,1.4753,98.6065,291.6260,76.0571,74.3892,110.4573,160.9375,0.113007,0.619067,0.542307,-0.000000,0.533014,0.555994,-0.024079,0.471350,0.473947,-0.033746,0.438529,0.371838,-0.036845,0.410179,0.295268,-0.036691,0.518248,0.322594,-0.034019,0.463786,0.217525,-0.035925,0.438947,0.186801,-0.029880,0.431170,0.175907,-0.023107,0.567586,0.278817,-0.022714,0.528902,0.137031,-0.024582,0.501355,0.162879,-0.012964,0.495491,0.206268,0.000857,0.607174,0.269340,-0.011450,0.577872,0.145478,-0.015102,0.550499,0.180359,-0.004205,0.546161,0.222760,0.008403,0.637674,0.280632,-0.001183,0.610414,0.192828,-0.001563,0.584793,0.206619,0.007188,0.577965,0.234215,0.017714
962,1694940885.316648,0,14.0417,14.0417,8.0158,2.1103,20.6513,1366.4675,14.3610,7510.2078,1.7937,110.4784,302.4274,90.3982,85.6125,116.6270,165.0217,0.107047,0.621588,0.542999,-0.000000,0.537020,0.552932,-0.020536,0.476401,0.467861,-0.028451,0.445354,0.362655,-0.030118,0.418104,0.286549,-0.028824,0.523250,0.318998,-0.032202,0.470867,0.213567,-0.033619,0.447763,0.180231,-0.026988,0.440737,0.164392,-0.019784,0.572914,0.276960,-0.021984,0.536645,0.133264,-0.023319,0.511852,0.165250,-0.009718,0.508392,0.211156,0.005923,0.613186,0.268391,-0.011485,0.584996,0.143941,-0.014719,0.559108,0.182161,-0.002710,0.556323,0.224771,0.010992,0.644714,0.279131,-0.001606,0.618394,0.189619,-0.000599,0.593970,0.204987,0.009394,0.588740,0.232696,0.020807
963,1694940885.324982,0,12.7305,12.7305,-1.4273,-9.4431,16.7225,1185.8807,0.0074,9653.9479,1.5842,114.6983,312.1152,99.8428,96.0918,126.2871,174.1569,0.105578,0.626162,0.542770,-0.000000,0.541888,0.549076,-0.022290,0.482446,0.466924,-0.030997,0.451345,0.362917,-0.032995,0.427624,0.282625,-0.031987,0.529907,0.314611,-0.034787,0.476105,0.209773,-0.034865,0.453495,0.172882,-0.027257,0.446249,0.152933,-0.019829,0.578933,0.273032,-0.023396,0.544888,0.128961,-0.024537,0.522251,0.153093,-0.011770,0.518664,0.196403,0.003002,0.618529,0.266008,-0.011469,0.593697,0.141298,-0.014410,0.568997,0.175594,-0.003052,0.565007,0.218292,0.009996,0.649093,0.278769,-0.000239,0.624725,0.191390,0.000071,0.601528,0.207110,0.009250,0.596104,0.236160,0.020199
964,1694940885.333315,0,2.0595,2.0595,4.8732,6.3005,16.8161,1705.0793,22.9983,10694.0530,2.1893,116.6690,322.1717,109.6737,106.2943,134.9145,181.4930,0.091734,0.630123,0.543282,-0.000000,0.545323,0.547771,-0.021553,0.485052,0.461834,-0.029142,0.455698,0.355004,-0.030818,0.434835,0.271666,-0.029541,0.532985,0.308289,-0.027512,0.481564,0.203100,-0.027230,0.459212,0.164039,-0.021125,0.451164,0.142165,-0.014909,0.581428,0.268458,-0.016678,0.545726,0.129952,-0.016103,0.522391,0.152688,-0.003955,0.518512,0.194112,0.009896,0.621045,0.262112,-0.006047,0.592906,0.135885,-0.007975,0.567028,0.167937,0.003227,0.563061,0.209558,0.015780,0.652038,0.275521,0.003560,0.626133,0.184224,0.004324,0.601469,0.196658,0.013324,0.596053,0.224306,0.023827
965,1694940885.341648,0,11.9127,11.9127,-5.5354,-10.4086,10.4510,1149.3481,33.1141,10664.4752,2.7442,120.2600,325.8554,113.4415,110.0036,137.4179,182.0932,0.089954,0.632809,0.540863,-0.000000,0.549308,0.545929,-0.024179,0.488806,0.460920,-0.032137,0.459822,0.354235,-0.032539,0.440959,0.273532,-0.029702,0.542000,0.310801,-0.036401,0.489513,0.204280,-0.034695,0.464274,0.162899,-0.026630,0.452762,0.134332,-0.019797,0.590456,0.271264,-0.023227,0.555679,0.128094,-0.024711,0.529004,0.149261,-0.012193,0.522334,0.192242,0.002175,0.628169,0.266479,-0.009485,0.602506,0.138981,-0.013002,0.574786,0.172416,-0.002287,0.569366,0.216151,0.010383,0.656928,0.280425,0.003390,0.633355,0.186683,0.002604,0.605502,0.200759,0.010397,0.597086,0.230532,0.020096
966,1694940885.349982,0,6.4020,6.4020,-1.9099,3.6255,4.5126,826.3174,69.9775,10987.5221,2.4161,115.3927,328.8761,117.5811,111.8473,138.0041,182.3572,0.086002,0.635161,0.540369,-0.000000,0.551740,0.546401,-0.021883,0.491185,0.457089,-0.027486,0.463930,0.351380,-0.026079,0.444086,0.274700,-0.021684,0.546616,0.305590,-0.031926,0.494043,0.200168,-0.029822,0.467201,0.161294,-0.022605,0.454584,0.134491,-0.016459,0.595402,0.267878,-0.019694,0.562884,0.127464,-0.018809,0.534664,0.149111,-0.005871,0.527048,0.192332,0.008282,0.632823,0.264669,-0.007129,0.608899,0.141078,-0.008089,0.580215,0.171001,0.002656,0.574082,0.212423,0.014540,0.660846,0.280524,0.004492,0.638845,0.192632,0.005123,0.610750,0.201696,0.012647,0.600921,0.227735,0.021774
967,1694940885.358315,0,-1.2650,-1.2650,-3.4989,-1.5890,5.4416,594.2365,23.8162,10661.9938,2.4542,97.1867,323.8305,115.6713,107.4908,132.1989,175.7702,0.083337,0.636769,0.541947,-0.000000,0.553432,0.543104,-0.021837,0.494607,0.454586,-0.027930,0.467154,0.346962,-0.026442,0.446200,0.268156,-0.021591,0.548900,0.304479,-0.033702,0.493557,0.199359,-0.030051,0.465880,0.164584,-0.021014,0.453190,0.141235,-0.013600,0.597472,0.265721,-0.020348,0.564658,0.121143,-0.018982,0.537982,0.143130,-0.005232,0.531057,0.186668,0.009510,0.634843,0.261956,-0.006160,0.609058,0.136115,-0.006494,0.581422,0.166829,0.005004,0.575469,0.208559,0.017444,0.663285,0.276189,0.007366,0.640264,0.181138,0.009076,0.612609,0.192956,0.017841,0.603352,0.221620,0.027833
968,1694940885.366648,0,3.2395,3.2395,0.2950,3.7939,4.4574,496.1854,7.9544,7510.8678,2.5326,115.1358,339.1145,136.4956,125.9845,147.8117,189.2594,0.070886,0.639669,0.542905,-0.000000,0.555620,0.543201,-0.024021,0.497416,0.453021,-0.031747,0.468598,0.343565,-0.032102,0.443686,0.260503,-0.028706,0.550444,0.303613,-0.031654,0.498659,0.194369,-0.030281,0.474930,0.155813,-0.021114,0.466816,0.131322,-0.012736,0.599900,0.266057,-0.018302,0.572044,0.115082,-0.020989,0.549055,0.141003,-0.007415,0.545144,0.184078,0.009252,0.638254,0.262119,-0.004794,0.614735,0.134244,-0.008554,0.589426,0.167161,0.003906,0.584702,0.206924,0.018910,0.667189,0.276707,0.007908,0.644066,0.180359,0.009363,0.619627,0.193095,0.019662,0.613412,0.221210,0.031750
969,1694940885.374982,0,2.5682,2.5682,-2.3361,-2.6311,4.4067,326.0845,43.4897,8324.9257,2.2758,105.5702,333.4406,131.4187,120.6100,142.1571,184.0493,0.060550,0.641807,0.539291,-0.000000,0.558648,0.540415,-0.023854,0.499425,0.448718,-0.030420,0.471063,0.339197,-0.029278,0.448873,0.260726,-0.024618,0.554256,0.300977,-0.032340,0.499720,0.193460,-0.030212,0.473844,0.157023,-0.022753,0.462981,0.133693,-0.016204,0.602837,0.261903,-0.018225,0.570205,0.120260,-0.015653,0.544771,0.143811,-0.002238,0.538675,0.185377,0.011614,0.639696,0.256573,-0.003952,0.612461,0.129263,-0.003731,0.584330,0.158590,0.007487,0.577699,0.198332,0.019161,0.667385,0.268975,0.009286,0.644161,0.172273,0.010523,0.617220,0.180748,0.018536,0.608208,0.206965,0.027792
970,1694940885.383315,0,7.2521,7.2521,0.2125,2.5487,3.0346,24.4222,50.3280,9138.4959,1.7306,110.2948,340.1197,142.1979,128.3809,146.1353,184.8639,0.048978,0.644582,0.540345,-0.000000,0.559920,0.537908,-0.023713,0.501096,0.447529,-0.031175,0.471310,0.338887,-0.030698,0.447624,0.257730,-0.026292,0.556723,0.298198,-0.033687,0.504749,0.187669,-0.029284,0.479787,0.154311,-0.018300,0.470832,0.135583,-0.009228,0.605852,0.260865,-0.018922,0.573691,0.117772,-0.016975,0.547356,0.144867,-0.001631,0.541807,0.186840,0.014382,0.642917,0.257514,-0.003550,0.616685,0.130434,-0.002859,0.588120,0.161026,0.010331,0.581853,0.200261,0.023839,0.670181,0.272746,0.010960,0.647200,0.175631,0.014130,0.619675,0.183674,0.023819,0.611413,0.209170,0.034413
971,1694940885.391648,0,-0.4633,-0.4633,0.2004,-0.0121,3.0271,747.6954,32.1585,7801.3601,1.8782,114.3310,347.0394,145.5383,133.3805,151.5369,189.9134,0.045231,0.645648,0.540889,-0.000000,0.560547,0.536264,-0.025868,0.502162,0.445069,-0.034765,0.471837,0.335432,-0.035170,0.447529,0.251961,-0.031725,0.558945,0.296535,-0.037541,0.507193,0.185143,-0.034557,0.482196,0.147987,-0.024449,0.472293,0.124030,-0.015919,0.608410,0.260401,-0.021891,0.576582,0.112352,-0.022824,0.548946,0.139094,-0.008301,0.542711,0.183562,0.008000,0.645665,0.258810,-0.005558,0.619714,0.129144,-0.006891,0.591060,0.159848,0.005923,0.585087,0.199551,0.020025,0.673140,0.275763,0.009915,0.650101,0.174397,0.013090,0.623083,0.183648,0.023426,0.615463,0.210842,0.034750
972,1694940885.399982,0,-4.9091,-4.9091,-2.0371,-2.2375,4.0541,346.8322,53.0961,8108.0354,2.7025,119.5872,349.8460,147.2388,135.5891,153.6610,191.7084,0.042412,0.648646,0.542688,-0.000000,0.563096,0.536176,-0.027718,0.503813,0.443733,-0.035991,0.473046,0.334041,-0.035327,0.449404,0.251456,-0.030296,0.560774,0.296127,-0.034702,0.509937,0.184133,-0.029081,0.483674,0.145018,-0.017442,0.471805,0.119322,-0.008188,0.609457,0.259797,-0.017275,0.578919,0.109240,-0.016445,0.552727,0.131190,-0.001572,0.546317,0.171926,0.015015,0.646006,0.257150,0.000528,0.620397,0.126742,0.000674,0.592007,0.153752,0.013511,0.584594,0.191751,0.027662,0.672806,0.272233,0.017165,0.650547,0.170153,0.020485,0.622749,0.172997,0.029919,0.612863,0.195665,0.040691
973,1694940885.408315,0,-13.2459,-13.2459,-3.9535,-1.9164,6.9782,729.6695,54.8997,9753.5731,2.1245,124.2901,354.6727,152.7262,141.1385,158.8755,196.3188,0.030312,0.650050,0.538612,-0.000000,0.564861,0.536095,-0.025957,0.504747,0.445236,-0.034454,0.473693,0.333494,-0.033942,0.452329,0.248316,-0.029136,0.562542,0.304131,-0.039675,0.509908,0.185015,-0.037677,0.485062,0.141984,-0.026810,0.474805,0.113857,-0.017177,0.611609,0.262901,-0.022882,0.579502,0.107211,-0.024937,0.553169,0.134225,-0.008434,0.547794,0.179391,0.010227,0.648824,0.255497,-0.005380,0.621889,0.121830,-0.007900,0.594166,0.154684,0.006079,0.588767,0.196375,0.022096,0.676117,0.267423,0.011399,0.652216,0.165311,0.014642,0.625912,0.175088,0.025322,0.619181,0.202512,0.037378
974,1694940885.416648,0,-4.4615,-4.4615,-2.9284,1.0251,6.6658,923.5637,58.1188,9607.7457,2.4776,122.0463,358.4817,154.1308,142.7300,160.6299,198.4581,0.031071,0.651425,0.536320,-0.000000,0.566092,0.534822,-0.026561,0.506508,0.445409,-0.035272,0.475562,0.333139,-0.034636,0.453533,0.246883,-0.029464,0.563030,0.295166,-0.038536,0.510150,0.175638,-0.032315,0.485989,0.134640,-0.018302,0.476298,0.108505,-0.006953,0.612899,0.256367,-0.020152,0.581349,0.103181,-0.018210,0.555757,0.130377,-0.000460,0.550288,0.174317,0.018342,0.650515,0.251582,-0.000774,0.623948,0.119014,0.000384,0.596155,0.150717,0.014693,0.589878,0.191673,0.029940,0.677595,0.265597,0.017908,0.653983,0.163868,0.023160,0.627442,0.171290,0.033817,0.619934,0.197091,0.045435
975,1694940885.424982,0,-13.8750,-13.8750,-3.3529,-0.4245,5.2737,510.2115,67.0988,10689.5582,1.9944,122.3573,361.2583,157.9230,146.5431,164.0783,201.3473,0.027410,0.652850,0.537503,-0.000000,0.567319,0.533859,-0.028287,0.507163,0.442124,-0.037401,0.474831,0.331134,-0.036693,0.452869,0.245931,-0.031599,0.565654,0.301351,-0.043138,0.514880,0.181754,-0.040031,0.490156,0.136357,-0.029025,0.478280,0.103433,-0.020051,0.614461,0.259869,-0.024811,0.581226,0.106174,-0.025527,0.554712,0.130320,-0.009085,0.548087,0.174179,0.008627,0.651043,0.252017,-0.005630,0.622256,0.118322,-0.006026,0.593778,0.147322,0.008613,0.586761,0.187494,0.023984,0.677717,0.263439,0.012428,0.654525,0.160961,0.015703,0.626931,0.165558,0.025655,0.617436,0.189929,0.036733
976,1694940885.433315,0,-20.5186,-20.5186,-3.9024,-0.5495,6.0491,798.5038,60.0449,10299.4563,1.7705,119.7369,360.9600,158.4506,146.5646,163.7041,199.9582,0.028949,0.653783,0.534649,-0.000000,0.568937,0.531550,-0.030300,0.508544,0.439933,-0.040523,0.475055,0.329496,-0.040524,0.454522,0.245118,-0.036046,0.568112,0.299331,-0.045916,0.515504,0.179065,-0.043726,0.489737,0.133466,-0.033650,0.477037,0.099757,-0.025465,0.616494,0.257348,-0.026836,0.581519,0.103628,-0.028192,0.554489,0.127182,-0.012530,0.547811,0.170678,0.004364,0.652163,0.248814,-0.006993,0.621683,0.114820,-0.007355,0.592324,0.143335,0.006818,0.585254,0.183797,0.021519,0.677839,0.259469,0.011431,0.654073,0.157810,0.014391,0.625554,0.161477,0.023475,0.615554,0.185163,0.033741
977,1694940885.441648,0,17.9916,17.9916,7.8094,11.7118,13.4156,974.6554,29.5628,10169.1195,1.7377,123.0710,361.0960,157.7549,146.0196,162.7907,198.8728,0.027668,0.654321,0.533377,-0.000000,0.568663,0.530305,-0.029056,0.508544,0.438180,-0.038409,0.476074,0.328821,-0.038060,0.455709,0.244645,-0.033347,0.567859,0.298969,-0.042748,0.514963,0.177370,-0.041454,0.489327,0.131990,-0.032630,0.477572,0.100560,-0.025082,0.616675,0.257164,-0.024624,0.580481,0.103630,-0.025687,0.553053,0.128995,-0.010659,0.547087,0.173129,0.005458,0.652643,0.248339,-0.006084,0.621067,0.109558,-0.007083,0.591480,0.138814,0.006470,0.585365,0.179882,0.020623,0.678319,0.259096,0.011131,0.654976,0.151266,0.013608,0.626865,0.154112,0.022483,0.617872,0.177990,0.032390
978,1694940885.449982,0,-18.1841,-18.1841,-3.4307,-11.2400,14.0203,923.2130,47.6055,11070.9406,1.9489,125.4352,359.5813,155.6452,143.4533,160.3467,197.0184,0.023350,0.655578,0.532863,-0.000000,0.570108,0.529020,-0.033072,0.509729,0.440448,-0.044838,0.475162,0.329321,-0.044972,0.455616,0.241817,-0.039711,0.568876,0.298002,-0.052179,0.512969,0.174150,-0.048213,0.487527,0.131318,-0.033854,0.475983,0.102561,-0.022110,0.617971,0.255112,-0.029353,0.580774,0.099263,-0.029670,0.553974,0.125349,-0.010248,0.548141,0.169308,0.009795,0.653999,0.245942,-0.005437,0.622429,0.109011,-0.005566,0.593082,0.139371,0.010628,0.585868,0.181256,0.027434,0.679012,0.255566,0.017350,0.655374,0.150170,0.021052,0.627359,0.153399,0.030943,0.618012,0.176707,0.042193
979,1694940885.458315,0,-22.2577,-22.2577,-2.0957,1.3350,14.9469,131.5967,22.7028,10784.6773,1.3369,123.0062,363.0799,156.3230,146.0096,164.5030,201.8602,0.026997,0.654798,0.531805,-0.000000,0.570162,0.528330,-0.030899,0.509742,0.436985,-0.040479,0.476103,0.328708,-0.039897,0.455710,0.243137,-0.034909,0.569153,0.295732,-0.043221,0.514714,0.174984,-0.041547,0.487970,0.127795,-0.032630,0.474565,0.092556,-0.025188,0.617174,0.252297,-0.023614,0.580743,0.099670,-0.024491,0.554615,0.124345,-0.008897,0.548666,0.168630,0.007930,0.652722,0.242309,-0.003780,0.620816,0.106690,-0.004606,0.592382,0.136994,0.009518,0.586070,0.178570,0.024417,0.678608,0.251147,0.014513,0.654969,0.145793,0.016144,0.627443,0.150036,0.024555,0.618487,0.174453,0.034586
980,1694940885.466648,0,1.4415,1.4415,5.4900,7.5857,15.6713,877.9313,85.6013,9085.5695,1.3318,121.2608,362.5021,157.3534,145.9038,163.5546,201.0001,0.028222,0.655470,0.532197,-0.000000,0.569711,0.528759,-0.030363,0.508359,0.438427,-0.039655,0.474243,0.328118,-0.037790,0.454377,0.240939,-0.030876,0.568620,0.292270,-0.046247,0.514311,0.172952,-0.038181,0.487985,0.127674,-0.022281,0.475680,0.093612,-0.010371,0.617346,0.251969,-0.024478,0.582386,0.097247,-0.021771,0.556351,0.121911,-0.001844,0.550051,0.164885,0.018213,0.653233,0.245586,-0.001418,0.623722,0.111914,0.001813,0.595399,0.141355,0.018142,0.587983,0.182114,0.034265,0.678713,0.257790,0.020476,0.655836,0.154948,0.025756,0.627028,0.157972,0.035543,0.616530,0.181494,0.046367
981,1694940885.474982,0,-9.5152,-9.5152,-6.8767,-12.3667,14.5330,1059.8553,75.9981,8473.8425,1.3893,120.0046,367.2023,157.9572,146.3792,163.8751,201.2585,0.025227,0.653939,0.530902,-0.000000,0.569993,0.526271,-0.022565,0.507127,0.435428,-0.029661,0.474077,0.324535,-0.028324,0.455098,0.240938,-0.022806,0.568119,0.290131,-0.037177,0.511931,0.169455,-0.030152,0.486804,0.126222,-0.016592,0.477000,0.094715,-0.006238,0.617343,0.250407,-0.021922,0.585402,0.092026,-0.020108,0.558554,0.115887,-0.002767,0.550345,0.157568,0.015740,0.654030,0.245158,-0.005249,0.628305,0.107353,-0.002675,0.600360,0.136906,0.012494,0.592995,0.178285,0.027881,0.680183,0.260428,0.010743,0.657383,0.159226,0.015485,0.628858,0.161206,0.025857,0.618556,0.182773,0.037342
982,1694940885.483315,0,28.2818,28.2818,11.6165,18.4932,18.0923,1173.8075,76.2148,10212.0293,1.9163,123.6142,363.4749,155.6354,143.2935,160.6527,197.0947,0.030461,0.653565,0.531730,-0.000000,0.567979,0.524943,-0.033293,0.506775,0.436629,-0.045410,0.471377,0.327609,-0.046795,0.449423,0.243328,-0.043650,0.567810,0.291204,-0.049804,0.512439,0.173328,-0.047939,0.486080,0.130342,-0.037357,0.473934,0.098163,-0.028771,0.616792,0.248236,-0.029344,0.580075,0.093494,-0.032275,0.551796,0.123516,-0.016178,0.545335,0.169768,0.001449,0.652611,0.241770,-0.008210,0.622945,0.104312,-0.011165,0.593164,0.137357,0.002692,0.586728,0.181217,0.017948,0.677608,0.254650,0.011595,0.654975,0.148770,0.011976,0.625770,0.153279,0.020156,0.615971,0.177090,0.030231
983,1694940885.491648,0,-29.9869,-29.9869,-1.9323,-13.5488,20.4050,82.3862,1.4429,9852.2695,2.2294,123.1435,362.3678,152.7795,141.9156,159.8337,196.5879,0.031344,0.653548,0.531314,-0.000000,0.567572,0.527285,-0.033264,0.505669,0.437203,-0.044489,0.471723,0.326539,-0.044988,0.451090,0.245045,-0.041031,0.566564,0.290642,-0.048225,0.509461,0.170101,-0.045962,0.482986,0.126345,-0.036007,0.469970,0.094686,-0.028012,0.615927,0.247763,-0.027813,0.578918,0.091485,-0.029351,0.550956,0.116772,-0.014918,0.544181,0.161718,0.000860,0.651882,0.240643,-0.006755,0.620118,0.102448,-0.008795,0.590700,0.133451,0.003290,0.584335,0.176523,0.016764,0.676782,0.252569,0.012945,0.652019,0.147440,0.013295,0.623977,0.150902,0.020402,0.614647,0.173282,0.029448
984,1694940885.499982,0,-26.4885,-26.4885,-6.9825,-5.0502,21.1200,948.9099,50.9668,8693.8115,2.0944,119.4105,368.4336,157.1700,145.4928,163.2224,199.8133,0.031174,0.651977,0.529500,-0.000000,0.567813,0.529000,-0.030347,0.503771,0.440678,-0.040829,0.468809,0.330542,-0.041543,0.449908,0.244144,-0.037837,0.564750,0.296874,-0.043635,0.507632,0.171859,-0.040328,0.482756,0.124993,-0.029778,0.472983,0.090580,-0.021341,0.613476,0.255499,-0.025082,0.579989,0.093563,-0.025612,0.554132,0.114995,-0.010320,0.546841,0.155860,0.006256,0.648779,0.247007,-0.006001,0.619824,0.104366,-0.006692,0.591963,0.133562,0.006540,0.584787,0.175824,0.020753,0.674040,0.256680,0.011719,0.651180,0.146004,0.012282,0.622616,0.145305,0.019818,0.611007,0.165986,0.029322
985,1694940885.508315,0,31.7511,31.7511,10.3166,17.2991,26.4283,949.2532,38.9989,7792.9715,1.7625,121.8627,356.3973,147.0866,135.2464,154.0554,191.8162,0.036047,0.652082,0.529326,-0.000000,0.564364,0.527949,-0.034626,0.502813,0.441926,-0.046999,0.467453,0.332957,-0.047258,0.446249,0.248292,-0.042544,0.563277,0.295436,-0.057477,0.505492,0.178143,-0.054186,0.477885,0.133002,-0.040426,0.465441,0.098023,-0.029706,0.612935,0.249793,-0.034736,0.574731,0.093017,-0.037346,0.545353,0.121571,-0.018137,0.538437,0.166946,0.001979,0.649226,0.241210,-0.010669,0.618161,0.102042,-0.013285,0.587897,0.135553,0.002714,0.581421,0.179494,0.019784,0.674115,0.253568,0.012273,0.648897,0.147321,0.013367,0.618895,0.155343,0.022660,0.609340,0.182564,0.033724
986,1694940885.516648,0,27.7529,27.7529,-0.1322,-10.4488,28.2241,294.1068,58.8046,8213.7061,2.1542,122.4082,356.7823,144.5470,133.6896,153.7731,192.5481,0.038535,0.650894,0.531187,-0.000000,0.565043,0.532161,-0.033334,0.501599,0.443966,-0.043705,0.464936,0.335328,-0.042829,0.443309,0.250206,-0.036992,0.561715,0.293970,-0.048266,0.503038,0.172906,-0.043766,0.476063,0.128164,-0.031445,0.463785,0.095213,-0.021993,0.610766,0.249156,-0.026518,0.570582,0.094686,-0.026255,0.542925,0.120806,-0.008808,0.536358,0.165768,0.009140,0.646315,0.239014,-0.004147,0.611587,0.103138,-0.003653,0.581735,0.132746,0.011307,0.574619,0.173572,0.026411,0.671140,0.247866,0.016673,0.645637,0.139948,0.018899,0.616681,0.143442,0.027442,0.606963,0.167351,0.037363
987,1694940885.524982,0,27.9910,27.9910,14.4945,14.6267,28.1789,894.8998,48.9126,7445.0365,2.5280,120.5671,353.9796,144.1537,132.2254,152.1328,192.0441,0.040391,0.647977,0.531011,-0.000000,0.563022,0.530548,-0.034393,0.500625,0.444654,-0.046291,0.463944,0.336473,-0.046891,0.441918,0.249680,-0.042458,0.559846,0.293326,-0.051247,0.502378,0.173878,-0.048723,0.475278,0.129700,-0.036726,0.463412,0.098811,-0.027046,0.609091,0.249121,-0.029921,0.570629,0.091763,-0.033270,0.543033,0.117535,-0.017241,0.536768,0.163462,0.000658,0.644968,0.240702,-0.007859,0.613532,0.104679,-0.010704,0.584257,0.135426,0.003137,0.577368,0.177255,0.018550,0.669790,0.252390,0.012817,0.645417,0.146603,0.013470,0.616949,0.151805,0.021674,0.607219,0.176469,0.031863
988,1694940885.533315,0,-26.4189,-26.4189,0.0174,-14.4771,27.2844,637.1739,11.2783,9117.3636,1.8956,120.6991,347.1584,137.7963,126.3885,146.4798,186.6204,0.043535,0.649028,0.531172,-0.000000,0.562284,0.533689,-0.033721,0.498327,0.447047,-0.045405,0.460631,0.336600,-0.045866,0.437468,0.252585,-0.041391,0.557431,0.296300,-0.052960,0.498208,0.173553,-0.050491,0.471095,0.131332,-0.038067,0.459591,0.103108,-0.028068,0.606542,0.249553,-0.031497,0.565002,0.095615,-0.033568,0.536069,0.126993,-0.016261,0.529707,0.175839,0.001766,0.642264,0.239376,-0.009161,0.608630,0.102654,-0.011024,0.578429,0.135491,0.003360,0.572149,0.179583,0.018296,0.667232,0.248921,0.011853,0.642037,0.143346,0.012653,0.612256,0.149703,0.020584,0.602541,0.175326,0.030073
989,1694940885.541648,0,-25.6018,-25.6018,-14.3382,-14.3556,27.0687,434.0488,0.5840,8601.0198,2.1991,125.7508,343.7740,128.2253,119.7994,143.1039,184.6781,0.062428,0.646418,0.529804,-0.000000,0.561041,0.531777,-0.033341,0.496299,0.448639,-0.045455,0.459190,0.342454,-0.046848,0.437527,0.256927,-0.043550,0.555114,0.297525,-0.050085,0.493337,0.177217,-0.047069,0.464386,0.131986,-0.035531,0.451886,0.097595,-0.026431,0.603988,0.252162,-0.029757,0.566044,0.093445,-0.030717,0.538856,0.120782,-0.014109,0.532333,0.164366,0.003449,0.639522,0.242351,-0.008784,0.608169,0.103039,-0.009779,0.579720,0.136165,0.003960,0.573668,0.179350,0.018408,0.664681,0.251686,0.010742,0.640599,0.145792,0.011491,0.612226,0.152173,0.019482,0.602655,0.176801,0.029157
990,1694940885.549982,0,23.2408,23.2408,-1.1280,13.2102,25.6977,578.8937,14.9094,7343.9480,2.2204,121.7824,336.6562,123.5869,112.2856,133.8506,174.9693,0.059537,0.644415,0.532118,0.000000,0.560356,0.535193,-0.034998,0.496090,0.452199,-0.047510,0.457857,0.345747,-0.048569,0.436055,0.260040,-0.044354,0.554118,0.302529,-0.054652,0.491300,0.182458,-0.049937,0.462263,0.139456,-0.035177,0.449132,0.109104,-0.023941,0.602142,0.255577,-0.033065,0.562341,0.095993,-0.034706,0.534498,0.117475,-0.017538,0.525942,0.158285,0.000438,0.636783,0.244218,-0.010369,0.604902,0.104290,-0.011513,0.575363,0.133684,0.003329,0.566886,0.176326,0.018649,0.660904,0.253541,0.010774,0.637698,0.146646,0.011054,0.607543,0.149881,0.018792,0.594992,0.173182,0.028490
991,1694940885.558315,0,-25.1206,-25.1206,-13.2779,-12.1499,25.1946,1210.2571,5.7364,9995.7455,2.0257,128.0841,325.5458,118.2232,101.6006,119.8878,159.7192,0.056118,0.642660,0.530740,-0.000000,0.556915,0.535145,-0.032420,0.492763,0.454093,-0.045596,0.454883,0.346834,-0.047641,0.434943,0.264575,-0.044348,0.552008,0.296346,-0.058517,0.487980,0.177418,-0.056668,0.458818,0.144860,-0.040789,0.447710,0.128694,-0.027452,0.601985,0.249887,-0.038056,0.557816,0.091270,-0.044578,0.528905,0.124378,-0.026264,0.522853,0.173467,-0.005504,0.639107,0.240580,-0.015799,0.605317,0.103805,-0.021306,0.575758,0.140565,-0.005438,0.569073,0.186765,0.012666,0.665012,0.254714,0.005724,0.636839,0.152169,0.006488,0.607423,0.163437,0.016789,0.597571,0.192207,0.029290
992,1694940885.566648,0,-19.2941,-19.2941,1.7812,15.0591,19.1069,1022.7122,44.7302,11012.5308,1.5010,124.8264,318.8241,114.7045,96.4072,112.8210,150.5082,0.054066,0.641239,0.533595,-0.000000,0.554302,0.537161,-0.033708,0.491358,0.455760,-0.047115,0.453271,0.348057,-0.049241,0.428366,0.264674,-0.045810,0.549886,0.296802,-0.056499,0.486265,0.180614,-0.051174,0.457417,0.151598,-0.032736,0.446134,0.139221,-0.018133,0.599406,0.250194,-0.035063,0.554556,0.094052,-0.038984,0.526246,0.123293,-0.020710,0.519394,0.168885,-0.000877,0.636247,0.240418,-0.011802,0.601922,0.102775,-0.014755,0.572571,0.134416,0.001406,0.564340,0.178833,0.018615,0.661350,0.254649,0.010502,0.632580,0.151992,0.012274,0.603313,0.159218,0.022331,0.592136,0.185678,0.034179
993,1694940885.574982,0,27.9593,27.9593,13.3903,11.6091,24.1239,1187.5768,59.2723,12583.4955,1.6483,128.4537,311.8015,106.3536,89.2436,108.2876,148.0315,0.061449,0.640681,0.532348,-0.000000,0.554875,0.539379,-0.033076,0.491086,0.461319,-0.047046,0.452548,0.355419,-0.050559,0.426909,0.273162,-0.048970,0.546551,0.303855,-0.055425,0.482126,0.188065,-0.054423,0.452274,0.153650,-0.039996,0.439621,0.134501,-0.027873,0.594387,0.254382,-0.036308,0.550654,0.092559,-0.044126,0.523717,0.122470,-0.028142,0.517908,0.170669,-0.008850,0.631196,0.242047,-0.015734,0.598254,0.102692,-0.021566,0.569894,0.136952,-0.006373,0.563238,0.181836,0.011130,0.657670,0.253841,0.003744,0.630124,0.151716,0.003701,0.601310,0.160904,0.013417,0.590967,0.187963,0.025635
994,1694940885.583315,0,28.3362,28.3362,1.2739,-12.1164,24.0058,1475.1143,12.5337,11195.1074,2.0251,122.7554,300.0462,97.1049,77.3012,95.4192,135.3931,0.067222,0.638881,0.530686,-0.000000,0.552942,0.542055,-0.034619,0.488671,0.463987,-0.049646,0.449960,0.357619,-0.053756,0.424143,0.275554,-0.052554,0.543959,0.309271,-0.060621,0.480357,0.192006,-0.060327,0.447878,0.164113,-0.045786,0.433772,0.155061,-0.033570,0.592070,0.258201,-0.041290,0.543761,0.101332,-0.049074,0.511397,0.130890,-0.033919,0.502362,0.179064,-0.016561,0.628176,0.244503,-0.020435,0.590556,0.103048,-0.027459,0.558680,0.136820,-0.013471,0.550941,0.183906,0.002297,0.653844,0.255671,-0.000664,0.624209,0.149138,-0.003149,0.592604,0.157073,0.004941,0.580526,0.184884,0.015385
995,1694940885.591648,0,-6.4935,-6.4935,4.6568,3.3829,22.9100,639.5856,70.5033,11533.7906,1.7921,123.5656,305.7098,97.9800,80.2834,100.5049,142.1427,0.071703,0.638036,0.536501,-0.000000,0.551999,0.544242,-0.032540,0.486275,0.465991,-0.045076,0.445871,0.357294,-0.044881,0.423431,0.276568,-0.038046,0.539260,0.309072,-0.065040,0.474317,0.189609,-0.055332,0.446337,0.158838,-0.028864,0.435081,0.148561,-0.008319,0.588195,0.257411,-0.040463,0.539937,0.103521,-0.040752,0.513376,0.132028,-0.015601,0.507300,0.179239,0.009163,0.626370,0.243885,-0.012778,0.588880,0.106359,-0.011951,0.560558,0.138417,0.008877,0.552475,0.185713,0.029086,0.653106,0.257174,0.014388,0.624386,0.155492,0.019977,0.594516,0.166349,0.032440,0.583200,0.197219,0.045824
996,1694940885.599982,0,40.3133,40.3133,14.9019,10.2451,22.8960,1007.8240,81.6836,11640.5171,1.7334,126.1644,299.1718,91.3221,74.8528,97.2103,139.8828,0.071075,0.636715,0.537613,-0.000000,0.551478,0.545488,-0.032993,0.483929,0.468574,-0.046939,0.443526,0.359560,-0.049735,0.424231,0.281782,-0.047068,0.539115,0.311153,-0.061068,0.473160,0.191545,-0.059622,0.443605,0.160694,-0.043811,0.430064,0.148110,-0.030667,0.587626,0.257523,-0.040079,0.538434,0.105695,-0.044714,0.509407,0.132280,-0.026694,0.500907,0.179769,-0.007708,0.624649,0.242151,-0.017136,0.585691,0.106806,-0.020258,0.555001,0.137325,-0.003390,0.545383,0.184493,0.013804,0.650761,0.252855,0.004680,0.620542,0.154517,0.005657,0.589753,0.162346,0.015336,0.576588,0.189319,0.026827
997,1694940885.608315,0,39.4698,39.4698,2.8776,-12.0242,17.0376,424.1781,47.9546,10619.3355,1.7928,129.3434,300.4422,92.6717,77.4839,99.2178,140.8645,0.074067,0.633309,0.532622,-0.000000,0.548351,0.544008,-0.030816,0.481719,0.470908,-0.044254,0.442848,0.363317,-0.047037,0.417985,0.284567,-0.044757,0.534977,0.315737,-0.059435,0.470534,0.193228,-0.058524,0.442176,0.161343,-0.042818,0.431010,0.149499,-0.029323,0.583698,0.263059,-0.039970,0.535298,0.108528,-0.044164,0.508085,0.136637,-0.024977,0.502447,0.182329,-0.005151,0.621364,0.247724,-0.018625,0.582624,0.108249,-0.022110,0.553653,0.140575,-0.004115,0.547066,0.187511,0.013975,0.648785,0.258164,0.001795,0.618675,0.154234,0.002720,0.590158,0.162969,0.013623,0.581024,0.191174,0.026089
998,1694940885.616648,0,4.6728,4.6728,-5.9158,-8.7935,18.9214,466.9239,51.3705,9938.8684,2.4941,120.4398,284.3874,83.8504,64.6368,86.4886,130.2188,0.076943,0.631178,0.535186,-0.000000,0.546298,0.547283,-0.028691,0.478669,0.470707,-0.039572,0.438770,0.364524,-0.039970,0.413840,0.285860,-0.034885,0.529533,0.309062,-0.052707,0.464707,0.191038,-0.045867,0.436378,0.167488,-0.025746,0.425655,0.165092,-0.009399,0.578686,0.258894,-0.032262,0.529676,0.112215,-0.029244,0.501006,0.139000,-0.006252,0.493088,0.182098,0.015204,0.617211,0.247170,-0.009981,0.578461,0.108578,-0.007788,0.548989,0.137743,0.012567,0.540781,0.182550,0.031156,0.645231,0.260671,0.011387,0.616843,0.154303,0.015565,0.587327,0.159914,0.027655,0.576420,0.186123,0.040438
999,1694940885.624982,0,19.4950,19.4950,6.4971,12.4130,18.5876,929.3129,75.0387,10696.9682,2.7182,120.8789,284.0893,80.8873,62.8878,87.2114,132.6182,0.082334,0.628934,0.534348,-0.000000,0.545290,0.548356,-0.030025,0.476196,0.473624,-0.041659,0.436010,0.368838,-0.043258,0.409768,0.291343,-0.039788,0.527745,0.315456,-0.052309,0.464911,0.196775,-0.048810,0.434826,0.169714,-0.032266,0.422117,0.164529,-0.018187,0.576811,0.263818,-0.032835,0.528869,0.114220,-0.032546,0.500003,0.141334,-0.011702,0.493160,0.185975,0.008807,0.614761,0.249902,-0.012084,0.574613,0.110218,-0.012553,0.545019,0.140540,0.006706,0.538052,0.185396,0.025198,0.642310,0.260878,0.007520,0.612567,0.152851,0.009387,0.582608,0.160481,0.020893,0.572052,0.188579,0.033703
1000,1694940885.633315,0,15.3603,15.3603,-6.2382,-12.7354,13.9558,1043.8760,10.8974,10194.9003,1.4008,112.7554,273.1678,79.4317,55.3063,75.6391,120.7621,0.077227,0.626710,0.537506,-0.000000,0.543972,0.551520,-0.028852,0.475175,0.477141,-0.040328,0.434519,0.371806,-0.041640,0.410414,0.295928,-0.037411,0.526211,0.316250,-0.053153,0.461719,0.200255,-0.048731,0.432717,0.179933,-0.031166,0.421021,0.182879,-0.016372,0.574973,0.262854,-0.033655,0.526698,0.116003,-0.033131,0.496378,0.141741,-0.012742,0.487098,0.186671,0.007066,0.612540,0.248255,-0.012385,0.574103,0.112688,-0.011934,0.543696,0.140701,0.006356,0.534467,0.185833,0.023691,0.639781,0.260306,0.007920,0.611741,0.158045,0.011147,0.581747,0.163630,0.022415,0.569707,0.189982,0.034640
1001,1694940885.641648,0,-38.3347,-38.3347,-19.4511,-13.2129,25.8246,1352.9360,80.7801,10523.4327,2.0938,113.4267,270.0826,71.5529,51.3313,77.1633,125.1411,0.103514,0.626764,0.537127,-0.000000,0.542537,0.551726,-0.028475,0.475152,0.481611,-0.042471,0.435222,0.378721,-0.046577,0.411332,0.300380,-0.045837,0.523862,0.325620,-0.059053,0.459540,0.207513,-0.063177,0.428250,0.181992,-0.052412,0.413398,0.178061,-0.041187,0.572158,0.268541,-0.041791,0.524892,0.115458,-0.047209,0.495924,0.140382,-0.028524,0.487862,0.184824,-0.008744,0.610203,0.250005,-0.022912,0.571069,0.114800,-0.026438,0.541774,0.145195,-0.006826,0.534560,0.188728,0.012634,0.638484,0.258158,-0.005000,0.606481,0.155375,-0.003152,0.577474,0.164593,0.010522,0.567886,0.192321,0.025307
1002,1694940885.649982,0,-33.6123,-33.6123,-9.5713,9.8799,24.6047,586.2028,28.2636,11480.4306,1.7189,119.4961,274.4987,71.1957,57.4499,87.4031,135.9774,0.106976,0.624959,0.535295,-0.000000,0.542196,0.553999,-0.031046,0.471740,0.485135,-0.044638,0.430581,0.382539,-0.048845,0.402489,0.305236,-0.048584,0.520139,0.321887,-0.052232,0.455774,0.206268,-0.054430,0.426113,0.177728,-0.044490,0.412826,0.168083,-0.034495,0.568688,0.266377,-0.033876,0.519961,0.117785,-0.036967,0.488359,0.139751,-0.020286,0.477958,0.181377,-0.002555,0.605942,0.249079,-0.014834,0.563524,0.115746,-0.017732,0.532818,0.146460,-0.001376,0.524051,0.190587,0.015447,0.634016,0.255856,0.002852,0.600792,0.155703,0.003426,0.571460,0.163298,0.013965,0.559904,0.188573,0.026273
1003,1694940885.658315,0,-33.7942,-33.7942,-13.3223,-3.7510,25.8937,164.2820,16.4568,8386.2527,1.5925,101.3789,265.9600,55.7631,58.2329,98.8404,151.4099,0.120257,0.622251,0.537955,-0.000000,0.539006,0.558787,-0.029865,0.468637,0.485974,-0.042062,0.426822,0.382717,-0.045008,0.398291,0.307974,-0.044081,0.517426,0.326206,-0.049049,0.451905,0.211885,-0.051972,0.418482,0.175109,-0.044794,0.399322,0.153985,-0.037161,0.565094,0.268696,-0.030858,0.514979,0.122718,-0.033365,0.482923,0.149067,-0.016895,0.472428,0.193803,0.000710,0.602589,0.250959,-0.012149,0.559411,0.116247,-0.014301,0.527725,0.149556,0.002338,0.519289,0.194912,0.019363,0.630662,0.257953,0.005153,0.598032,0.155017,0.006291,0.568105,0.163457,0.017198,0.557681,0.189648,0.029690
1004,1694940885.666648,0,-36.2902,-36.2902,-12.9126,0.4097,20.4215,149.0994,9.1139,9837.0990,1.7884,92.7886,257.0551,44.8259,50.1267,96.3906,151.1235,0.136122,0.620056,0.536507,-0.000000,0.536379,0.558684,-0.031378,0.465038,0.486800,-0.044798,0.422228,0.385968,-0.049010,0.392075,0.310967,-0.049291,0.513526,0.323493,-0.050711,0.446672,0.213511,-0.053600,0.412252,0.181621,-0.046368,0.393701,0.164544,-0.039040,0.561332,0.267706,-0.033143,0.508418,0.129389,-0.034317,0.476925,0.157828,-0.017589,0.468520,0.202008,-0.000989,0.598738,0.252645,-0.015349,0.553349,0.117825,-0.017572,0.521436,0.149099,-0.000621,0.513938,0.193952,0.015734,0.627192,0.261411,0.000740,0.594604,0.156427,0.000018,0.564548,0.161782,0.010142,0.554189,0.187328,0.021767
1005,1694940885.674982,0,-24.4748,-24.4748,3.4650,16.3776,4.7437,1018.0859,73.6246,8254.8386,1.7877,101.5563,254.1853,47.8043,51.8857,98.4758,154.8696,0.140370,0.616229,0.534220,-0.000000,0.533797,0.558836,-0.028724,0.463643,0.491585,-0.040803,0.421471,0.391539,-0.043753,0.394239,0.315865,-0.042607,0.509066,0.329166,-0.049949,0.442404,0.218777,-0.052166,0.410058,0.185027,-0.042983,0.393654,0.166085,-0.033821,0.556173,0.270232,-0.032492,0.505399,0.128310,-0.035002,0.474845,0.157057,-0.016752,0.467319,0.200004,0.002315,0.593983,0.251939,-0.014300,0.552504,0.121192,-0.017127,0.522176,0.156744,0.000604,0.515997,0.201980,0.018815,0.622976,0.259336,0.002678,0.591442,0.158601,0.003783,0.561637,0.170199,0.015655,0.552587,0.199169,0.029139
1006,1694940885.683315,0,-17.4696,-17.4696,4.0357,0.5707,7.0816,901.9102,11.9828,8596.4201,2.0149,111.3241,253.6420,45.7667,56.3464,104.3856,161.4665,0.144020,0.613137,0.535953,-0.000000,0.531618,0.561602,-0.025807,0.460550,0.497414,-0.037207,0.418295,0.398494,-0.040321,0.390581,0.323455,-0.039563,0.503534,0.335096,-0.045440,0.438477,0.225331,-0.048492,0.406517,0.187189,-0.041365,0.388838,0.162031,-0.033867,0.550243,0.276619,-0.030369,0.502717,0.128958,-0.032435,0.476514,0.158380,-0.015449,0.471173,0.199469,0.002627,0.588546,0.257028,-0.014630,0.550110,0.124515,-0.017226,0.522093,0.159128,-0.001204,0.516475,0.201408,0.015539,0.618837,0.261593,0.000073,0.589193,0.161665,0.001481,0.561069,0.172514,0.012709,0.551715,0.199060,0.025499
1007,1694940885.691648,1,11.5543,11.5543,11.3371,7.3015,17.1913,1316.4576,28.8448,8429.1761,2.5206,115.2847,248.2454,41.6606,53.5578,102.0654,159.0461,0.144438,0.610153,0.533034,-0.000000,0.528145,0.561935,-0.024889,0.457215,0.498682,-0.035330,0.415723,0.400516,-0.038072,0.387574,0.326371,-0.037389,0.498776,0.336288,-0.041597,0.435510,0.230138,-0.043666,0.403945,0.193532,-0.036847,0.386719,0.168152,-0.029957,0.546223,0.276467,-0.027611,0.499296,0.129799,-0.029888,0.474787,0.159097,-0.014946,0.470971,0.197912,0.001557,0.585149,0.254721,-0.012936,0.544520,0.125252,-0.015901,0.519180,0.166515,-0.001246,0.516558,0.210807,0.014433,0.616252,0.256563,0.000779,0.584404,0.158918,0.002207,0.559013,0.176739,0.013575,0.553229,0.207039,0.026220
1008,1694940885.699982,1,-20.3997,-20.3997,3.9726,-7.3645,15.8382,505.5254,5.3071,8947.8188,2.5055,120.1914,242.4460,28.5374,47.4904,96.9649,151.3468,0.172747,0.609217,0.536313,-0.000000,0.525666,0.564311,-0.025489,0.455755,0.502786,-0.036631,0.411851,0.405854,-0.039569,0.380856,0.328925,-0.038528,0.493892,0.344677,-0.043490,0.426682,0.240623,-0.045564,0.396100,0.201386,-0.037716,0.381709,0.171668,-0.029813,0.540191,0.282198,-0.028878,0.495606,0.129665,-0.032400,0.476031,0.149921,-0.017589,0.475503,0.184340,-0.000409,0.578857,0.256538,-0.013354,0.541490,0.126798,-0.015699,0.518813,0.161206,-0.000057,0.517233,0.201401,0.016704,0.610043,0.255240,0.001173,0.578318,0.158445,0.004332,0.553705,0.174418,0.017190,0.548472,0.204264,0.031154
1009,1694940885.708315,1,-2.5851,-2.5851,5.4724,1.4998,13.3474,703.6475,58.3296,8689.2082,2.4250,131.0532,235.8787,23.8824,45.0722,94.9786,148.9635,0.179953,0.604783,0.538406,-0.000000,0.520483,0.567557,-0.020367,0.451904,0.506853,-0.028496,0.409299,0.411868,-0.029919,0.379436,0.334378,-0.027733,0.486803,0.343806,-0.032010,0.422465,0.244772,-0.031627,0.392096,0.205116,-0.023964,0.377553,0.175393,-0.016511,0.532532,0.283188,-0.020446,0.488409,0.141513,-0.019030,0.472716,0.151699,-0.003995,0.474842,0.176384,0.011809,0.571991,0.258169,-0.008452,0.535856,0.132107,-0.008258,0.517064,0.160678,0.007079,0.518117,0.195236,0.022583,0.604268,0.256258,0.002673,0.571826,0.158500,0.006897,0.549924,0.174664,0.020283,0.547699,0.205189,0.034096
1010,1694940885.716648,1,-3.5739,-3.5739,3.4739,-1.9985,11.5185,1968.9743,65.1523,11922.4004,2.8757,137.0008,231.6305,18.0213,43.1376,92.4871,144.2435,0.204130,0.601411,0.539487,-0.000000,0.516700,0.570644,-0.021815,0.447094,0.511364,-0.030378,0.403166,0.416152,-0.031735,0.370262,0.343305,-0.029189,0.479064,0.344998,-0.032046,0.416819,0.241954,-0.028413,0.389387,0.205361,-0.017860,0.376738,0.178295,-0.008883,0.525950,0.282661,-0.018017,0.481374,0.144541,-0.013903,0.465520,0.165296,0.003039,0.468157,0.196475,0.019862,0.566201,0.258240,-0.003283,0.529641,0.137034,0.000729,0.509879,0.167475,0.017470,0.509409,0.203307,0.032907,0.599150,0.257432,0.010428,0.569581,0.163502,0.017624,0.546488,0.179318,0.031396,0.542050,0.209656,0.044895
1011,1694940885.724982,1,-3.6112,-3.6112,-3.7914,-7.2653,10.1276,880.2721,22.8322,11366.8983,3.0193,137.6219,227.2668,9.0120,48.9334,98.2678,148.4823,0.222963,0.594839,0.539938,-0.000000,0.510257,0.570087,-0.019287,0.441902,0.509809,-0.026327,0.399270,0.418679,-0.027271,0.365133,0.348675,-0.024916,0.472684,0.346231,-0.026267,0.413314,0.250613,-0.024333,0.385900,0.210874,-0.016733,0.372744,0.179237,-0.009823,0.518322,0.285743,-0.016133,0.472204,0.152830,-0.014854,0.452424,0.174387,-0.000767,0.452448,0.207691,0.014553,0.557587,0.260498,-0.005856,0.521524,0.138016,-0.005582,0.498792,0.163307,0.008573,0.497106,0.194148,0.022967,0.590425,0.257718,0.003565,0.557335,0.164459,0.007985,0.533083,0.178655,0.020857,0.527968,0.206854,0.033948
1012,1694940885.733315,1,-8.8962,-8.8962,2.8759,6.6672,6.6717,861.7386,49.8135,9208.8810,3.0630,134.3302,224.1970,3.2924,54.7928,102.0143,149.4548,0.237653,0.592795,0.545565,-0.000000,0.506875,0.572658,-0.018958,0.437715,0.515339,-0.026896,0.395110,0.423104,-0.027984,0.360197,0.355065,-0.025661,0.469114,0.351805,-0.033676,0.408486,0.253764,-0.032240,0.381242,0.210649,-0.023398,0.367033,0.178886,-0.015591,0.514440,0.290181,-0.022588,0.467699,0.154286,-0.021293,0.452386,0.178963,-0.005268,0.454887,0.213270,0.011167,0.553479,0.263628,-0.010533,0.516534,0.139568,-0.009068,0.496780,0.166485,0.007358,0.495790,0.200722,0.022668,0.585516,0.260945,0.000821,0.552979,0.172561,0.005193,0.529551,0.186452,0.018233,0.523104,0.214106,0.031490
1013,1694940885.741648,1,,,0.0000,0.0000,0.0000,0.0000,,,,,,,,,,,0.000000,0.000000,0.000000,0.000000,0.000000,0.000000,0.000000,0.000000,0.000000,0.000000,0.000000,0.000000,0.000000,0.000000,0.000000,0.000000,0.000000,0.000000,0.000000,0.000000,0.000000,0.000000,0.000000,0.000000,0.000000,0.000000,0.000000,0.000000,0.000000,0.000000,0.000000,0.000000,0.000000,0.000000,0.000000,0.000000,0.000000,0.000000,0.000000,0.000000,0.000000,0.000000,0.000000,0.000000,0.000000,0.000000,0.000000,0.000000,0.000000,0.000000,0.000000,0.000000,0.000000,0.000000,0.000000,0.000000,0.000000,0.000000,0.000000,0.000000,0.000000,0.000000,0.000000
1014,1694940885.749982,1,,,0.0000,0.0000,0.0000,0.0000,,,,,,,,,,,0.000000,0.000000,0.000000,0.000000,0.000000,0.000000,0.000000,0.000000,0.000000,0.000000,0.000000,0.000000,0.000000,0.000000,0.000000,0.000000,0.000000,0.000000,0.000000,0.000000,0.000000,0.000000,0.000000,0.000000,0.000000,0.000000,0.000000,0.000000,0.000000,0.000000,0.000000,0.000000,0.000000,0.000000,0.000000,0.000000,0.000000,0.000000,0.000000,0.000000,0.000000,0.000000,0.000000,0.000000,0.000000,0.000000,0.000000,0.000000,0.000000,0.000000,0.000000,0.000000,0.000000,0.000000,0.000000,0.000000,0.000000,0.000000,0.000000,0.000000,0.000000,0.000000,0.000000
1015,1694940885.758315,1,,,0.0000,0.0000,0.0000,0.0000,,,,,,,,,,,0.000000,0.000000,0.000000,0.000000,0.000000,0.000000,0.000000,0.000000,0.000000,0.000000,0.000000,0.000000,0.000000,0.000000,0.000000,0.000000,0.000000,0.000000,0.000000,0.000000,0.000000,0.000000,0.000000,0.000000,0.000000,0.000000,0.000000,0.000000,0.000000,0.000000,0.000000,0.000000,0.000000,0.000000,0.000000,0.000000,0.000000,0.000000,0.000000,0.000000,0.000000,0.000000,0.000000,0.000000,0.000000,0.000000,0.000000,0.000000,0.000000,0.000000,0.000000,0.000000,0.000000,0.000000,0.000000,0.000000,0.000000,0.000000,0.000000,0.000000,0.000000,0.000000,0.000000
1016,1694940885.766648,1,,,0.0000,0.0000,0.0000,0.0000,,,,,,,,,,,0.000000,0.000000,0.000000,0.000000,0.000000,0.000000,0.000000,0.000000,0.000000,0.000000,0.000000,0.000000,0.000000,0.000000,0.000000,0.000000,0.000000,0.000000,0.000000,0.000000,0.000000,0.000000,0.000000,0.000000,0.000000,0.000000,0.000000,0.000000,0.000000,0.000000,0.000000,0.000000,0.000000,0.000000,0.000000,0.000000,0.000000,0.000000,0.000000,0.000000,0.000000,0.000000,0.000000,0.000000,0.000000,0.000000,0.000000,0.000000,0.000000,0.000000,0.000000,0.000000,0.000000,0.000000,0.000000,0.000000,0.000000,0.000000,0.000000,0.000000,0.000000,0.000000,0.000000
1017,1694940885.774982,1,,,0.0000,0.0000,0.0000,0.0000,,,,,,,,,,,0.000000,0.000000,0.000000,0.000000,0.000000,0.000000,0.000000,0.000000,0.000000,0.000000,0.000000,0.000000,0.000000,0.000000,0.000000,0.000000,0.000000,0.000000,0.000000,0.000000,0.000000,0.000000,0.000000,0.000000,0.000000,0.000000,0.000000,0.000000,0.000000,0.000000,0.000000,0.000000,0.000000,0.000000,0.000000,0.000000,0.000000,0.000000,0.000000,0.000000,0.000000,0.000000,0.000000,0.000000,0.000000,0.000000,0.000000,0.000000,0.000000,0.000000,0.000000,0.000000,0.000000,0.000000,0.000000,0.000000,0.000000,0.000000,0.000000,0.000000,0.000000,0.000000,0.000000
1018,1694940885.783315,1,,,0.0000,0.0000,0.0000,0.0000,,,,,,,,,,,0.000000,0.000000,0.000000,0.000000,0.000000,0.000000,0.000000,0.000000,0.000000,0.000000,0.000000,0.000000,0.000000,0.000000,0.000000,0.000000,0.000000,0.000000,0.000000,0.000000,0.000000,0.000000,0.000000,0.000000,0.000000,0.000000,0.000000,0.000000,0.000000,0.000000,0.000000,0.000000,0.000000,0.000000,0.000000,0.000000,0.000000,0.000000,0.000000,0.000000,0.000000,0.000000,0.000000,0.000000,0.000000,0.000000,0.000000,0.000000,0.000000,0.000000,0.000000,0.000000,0.000000,0.000000,0.000000,0.000000,0.000000,0.000000,0.000000,0.000000,0.000000,0.000000,0.000000
1019,1694940885.791648,1,,,0.0000,0.0000,0.0000,0.0000,,,,,,,,,,,0.000000,0.000000,0.000000,0.000000,0.000000,0.000000,0.000000,0.000000,0.000000,0.000000,0.000000,0.000000,0.000000,0.000000,0.000000,0.000000,0.000000,0.000000,0.000000,0.000000,0.000000,0.000000,0.000000,0.000000,0.000000,0.000000,0.000000,0.000000,0.000000,0.000000,0.000000,0.000000,0.000000,0.000000,0.000000,0.000000,0.000000,0.000000,0.000000,0.000000,0.000000,0.000000,0.000000,0.000000,0.000000,0.000000,0.000000,0.000000,0.000000,0.000000,0.000000,0.000000,0.000000,0.000000,0.000000,0.000000,0.000000,0.000000,0.000000,0.000000,0.000000,0.000000,0.000000
1020,1694940885.799982,1,,,0.0000,0.0000,0.0000,0.0000,,,,,,,,,,,0.000000,0.000000,0.000000,0.000000,0.000000,0.000000,0.000000,0.000000,0.000000,0.000000,0.000000,0.000000,0.000000,0.000000,0.000000,0.000000,0.000000,0.000000,0.000000,0.000000,0.000000,0.000000,0.000000,0.000000,0.000000,0.000000,0.000000,0.000000,0.000000,0.000000,0.000000,0.000000,0.000000,0.000000,0.000000,0.000000,0.000000,0.000000,0.000000,0.000000,0.000000,0.000000,0.000000,0.000000,0.000000,0.000000,0.000000,0.000000,0.000000,0.000000,0.000000,0.000000,0.000000,0.000000,0.000000,0.000000,0.000000,0.000000,0.000000,0.000000,0.000000,0.000000,0.000000
1021,1694940885.808315,1,,,0.0000,0.0000,0.0000,0.0000,,,,,,,,,,,0.000000,0.000000,0.000000,0.000000,0.000000,0.000000,0.000000,0.000000,0.000000,0.000000,0.000000,0.000000,0.000000,0.000000,0.000000,0.000000,0.000000,0.000000,0.000000,0.000000,0.000000,0.000000,0.000000,0.000000,0.000000,0.000000,0.000000,0.000000,0.000000,0.000000,0.000000,0.000000,0.000000,0.000000,0.000000,0.000000,0.000000,0.000000,0.000000,0.000000,0.000000,0.000000,0.000000,0.000000,0.000000,0.000000,0.000000,0.000000,0.000000,0.000000,0.000000,0.000000,0.000000,0.000000,0.000000,0.000000,0.000000,0.000000,0.000000,0.000000,0.000000,0.000000,0.000000
1022,1694940885.816648,1,,,0.0000,0.0000,0.0000,0.0000,,,,,,,,,,,0.000000,0.000000,0.000000,0.000000,0.000000,0.000000,0.000000,0.000000,0.000000,0.000000,0.000000,0.000000,0.000000,0.000000,0.000000,0.000000,0.000000,0.000000,0.000000,0.000000,0.000000,0.000000,0.000000,0.000000,0.000000,0.000000,0.000000,0.000000,0.000000,0.000000,0.000000,0.000000,0.000000,0.000000,0.000000,0.000000,0.000000,0.000000,0.000000,0.000000,0.000000,0.000000,0.000000,0.000000,0.000000,0.000000,0.000000,0.000000,0.000000,0.000000,0.000000,0.000000,0.000000,0.000000,0.000000,0.000000,0.000000,0.000000,0.000000,0.000000,0.000000,0.000000,0.000000
1023,1694940885.824982,1,,,0.0000,0.0000,0.0000,0.0000,,,,,,,,,,,0.000000,0.000000,0.000000,0.000000,0.000000,0.000000,0.000000,0.000000,0.000000,0.000000,0.000000,0.000000,0.000000,0.000000,0.000000,0.000000,0.000000,0.000000,0.000000,0.000000,0.000000,0.000000,0.000000,0.000000,0.000000,0.000000,0.000000,0.000000,0.000000,0.000000,0.000000,0.000000,0.000000,0.000000,0.000000,0.000000,0.000000,0.000000,0.000000,0.000000,0.000000,0.000000,0.000000,0.000000,0.000000,0.000000,0.000000,0.000000,0.000000,0.000000,0.000000,0.000000,0.000000,0.000000,0.000000,0.000000,0.000000,0.000000,0.000000,0.000000,0.000000,0.000000,0.000000
1024,1694940885.833315,1,,,0.0000,0.0000,0.0000,0.0000,,,,,,,,,,,0.000000,0.000000,0.000000,0.000000,0.000000,0.000000,0.000000,0.000000,0.000000,0.000000,0.000000,0.000000,0.000000,0.000000,0.000000,0.000000,0.000000,0.000000,0.000000,0.000000,0.000000,0.000000,0.000000,0.000000,0.000000,0.000000,0.000000,0.000000,0.000000,0.000000,0.000000,0.000000,0.000000,0.000000,0.000000,0.000000,0.000000,0.000000,0.000000,0.000000,0.000000,0.000000,0.000000,0.000000,0.000000,0.000000,0.000000,0.000000,0.000000,0.000000,0.000000,0.000000,0.000000,0.000000,0.000000,0.000000,0.000000,0.000000,0.000000,0.000000,0.000000,0.000000,0.000000
1025,1694940885.841648,0,,,0.0000,0.0000,0.0000,0.0000,,,,,,,,,,,0.000000,0.000000,0.000000,0.000000,0.000000,0.000000,0.000000,0.000000,0.000000,0.000000,0.000000,0.000000,0.000000,0.000000,0.000000,0.000000,0.000000,0.000000,0.000000,0.000000,0.000000,0.000000,0.000000,0.000000,0.000000,0.000000,0.000000,0.000000,0.000000,0.000000,0.000000,0.000000,0.000000,0.000000,0.000000,0.000000,0.000000,0.000000,0.000000,0.000000,0.000000,0.000000,0.000000,0.000000,0.000000,0.000000,0.000000,0.000000,0.000000,0.000000,0.000000,0.000000,0.000000,0.000000,0.000000,0.000000,0.000000,0.000000,0.000000,0.000000,0.000000,0.000000,0.000000
1026,1694940885.849982,0,,,0.0000,0.0000,0.0000,0.0000,,,,,,,,,,,0.000000,0.000000,0.000000,0.000000,0.000000,0.000000,0.000000,0.000000,0.000000,0.000000,0.000000,0.000000,0.000000,0.000000,0.000000,0.000000,0.000000,0.000000,0.000000,0.000000,0.000000,0.000000,0.000000,0.000000,0.000000,0.000000,0.000000,0.000000,0.000000,0.000000,0.000000,0.000000,0.000000,0.000000,0.000000,0.000000,0.000000,0.000000,0.000000,0.000000,0.000000,0.000000,0.000000,0.000000,0.000000,0.000000,0.000000,0.000000,0.000000,0.000000,0.000000,0.000000,0.000000,0.000000,0.000000,0.000000,0.000000,0.000000,0.000000,0.000000,0.000000,0.000000,0.000000
1027,1694940885.858315,0,,,0.0000,0.0000,0.0000,0.0000,,,,,,,,,,,0.000000,0.000000,0.000000,0.000000,0.000000,0.000000,0.000000,0.000000,0.000000,0.000000,0.000000,0.000000,0.000000,0.000000,0.000000,0.000000,0.000000,0.000000,0.000000,0.000000,0.000000,0.000000,0.000000,0.000000,0.000000,0.000000,0.000000,0.000000,0.000000,0.000000,0.000000,0.000000,0.000000,0.000000,0.000000,0.000000,0.000000,0.000000,0.000000,0.000000,0.000000,0.000000,0.000000,0.000000,0.000000,0.000000,0.000000,0.000000,0.000000,0.000000,0.000000,0.000000,0.000000,0.000000,0.000000,0.000000,0.000000,0.000000,0.000000,0.000000,0.000000,0.000000,0.000000
1028,1694940885.866648,0,,,0.0000,0.0000,0.0000,0.0000,,,,,,,,,,,0.000000,0.000000,0.000000,0.000000,0.000000,0.000000,0.000000,0.000000,0.000000,0.000000,0.000000,0.000000,0.000000,0.000000,0.000000,0.000000,0.000000,0.000000,0.000000,0.000000,0.000000,0.000000,0.000000,0.000000,0.000000,0.000000,0.000000,0.000000,0.000000,0.000000,0.000000,0.000000,0.000000,0.000000,0.000000,0.000000,0.000000,0.000000,0.000000,0.000000,0.000000,0.000000,0.000000,0.000000,0.000000,0.000000,0.000000,0.000000,0.000000,0.000000,0.000000,0.000000,0.000000,0.000000,0.000000,0.000000,0.000000,0.000000,0.000000,0.000000,0.000000,0.000000,0.000000
1029,1694940885.874982,0,,,0.0000,0.0000,0.0000,0.0000,,,,,,,,,,,0.000000,0.000000,0.000000,0.000000,0.000000,0.000000,0.000000,0.000000,0.000000,0.000000,0.000000,0.000000,0.000000,0.000000,0.000000,0.000000,0.000000,0.000000,0.000000,0.000000,0.000000,0.000000,0.000000,0.000000,0.000000,0.000000,0.000000,0.000000,0.000000,0.000000,0.000000,0.000000,0.000000,0.000000,0.000000,0.000000,0.000000,0.000000,0.000000,0.000000,0.000000,0.000000,0.000000,0.000000,0.000000,0.000000,0.000000,0.000000,0.000000,0.000000,0.000000,0.000000,0.000000,0.000000,0.000000,0.000000,0.000000,0.000000,0.000000,0.000000,0.000000,0.000000,0.000000
1030,1694940885.883315,0,,,0.0000,0.0000,0.0000,0.0000,,,,,,,,,,,0.000000,0.000000,0.000000,0.000000,0.000000,0.000000,0.000000,0.000000,0.000000,0.000000,0.000000,0.000000,0.000000,0.000000,0.000000,0.000000,0.000000,0.000000,0.000000,0.000000,0.000000,0.000000,0.000000,0.000000,0.000000,0.000000,0.000000,0.000000,0.000000,0.000000,0.000000,0.000000,0.000000,0.000000,0.000000,0.000000,0.000000,0.000000,0.000000,0.000000,0.000000,0.000000,0.000000,0.000000,0.000000,0.000000,0.000000,0.000000,0.000000,0.000000,0.000000,0.000000,0.000000,0.000000,0.000000,0.000000,0.000000,0.000000,0.000000,0.000000,0.000000,0.000000,0.000000
1031,1694940885.891648,0,,,0.0000,0.0000,0.0000,0.0000,,,,,,,,,,,0.000000,0.000000,0.000000,0.000000,0.000000,0.000000,0.000000,0.000000,0.000000,0.000000,0.000000,0.000000,0.000000,0.000000,0.000000,0.000000,0.000000,0.000000,0.000000,0.000000,0.000000,0.000000,0.000000,0.000000,0.000000,0.000000,0.000000,0.000000,0.000000,0.000000,0.000000,0.000000,0.000000,0.000000,0.000000,0.000000,0.000000,0.000000,0.000000,0.000000,0.000000,0.000000,0.000000,0.000000,0.000000,0.000000,0.000000,0.000000,0.000000,0.000000,0.000000,0.000000,0.000000,0.000000,0.000000,0.000000,0.000000,0.000000,0.000000,0.000000,0.000000,0.000000,0.000000
1032,1694940885.899982,0,,,0.0000,0.0000,0.0000,0.0000,,,,,,,,,,,0.000000,0.000000,0.000000,0.000000,0.000000,0.000000,0.000000,0.000000,0.000000,0.000000,0.000000,0.000000,0.000000,0.000000,0.000000,0.000000,0.000000,0.000000,0.000000,0.000000,0.000000,0.000000,0.000000,0.000000,0.000000,0.000000,0.000000,0.000000,0.000000,0.000000,0.000000,0.000000,0.000000,0.000000,0.000000,0.000000,0.000000,0.000000,0.000000,0.000000,0.000000,0.000000,0.000000,0.000000,0.000000,0.000000,0.000000,0.000000,0.000000,0.000000,0.000000,0.000000,0.000000,0.000000,0.000000,0.000000,0.000000,0.000000,0.000000,0.000000,0.000000,0.000000,0.000000
1033,1694940885.908315,0,,,0.0000,0.0000,0.0000,0.0000,,,,,,,,,,,0.000000,0.000000,0.000000,0.000000,0.000000,0.000000,0.000000,0.000000,0.000000,0.000000,0.000000,0.000000,0.000000,0.000000,0.000000,0.000000,0.000000,0.000000,0.000000,0.000000,0.000000,0.000000,0.000000,0.000000,0.000000,0.000000,0.000000,0.000000,0.000000,0.000000,0.000000,0.000000,0.000000,0.000000,0.000000,0.000000,0.000000,0.000000,0.000000,0.000000,0.000000,0.000000,0.000000,0.000000,0.000000,0.000000,0.000000,0.000000,0.000000,0.000000,0.000000,0.000000,0.000000,0.000000,0.000000,0.000000,0.000000,0.000000,0.000000,0.000000,0.000000,0.000000,0.000000
1034,1694940885.916648,0,,,0.0000,0.0000,0.0000,0.0000,,,,,,,,,,,0.000000,0.000000,0.000000,0.000000,0.000000,0.000000,0.000000,0.000000,0.000000,0.000000,0.000000,0.000000,0.000000,0.000000,0.000000,0.000000,0.000000,0.000000,0.000000,0.000000,0.000000,0.000000,0.000000,0.000000,0.000000,0.000000,0.000000,0.000000,0.000000,0.000000,0.000000,0.000000,0.000000,0.000000,0.000000,0.000000,0.000000,0.000000,0.000000,0.000000,0.000000,0.000000,0.000000,0.000000,0.000000,0.000000,0.000000,0.000000,0.000000,0.000000,0.000000,0.000000,0.000000,0.000000,0.000000,0.000000,0.000000,0.000000,0.000000,0.000000,0.000000,0.000000,0.000000
1035,1694940885.924982,0,,,0.0000,0.0000,0.0000,0.0000,,,,,,,,,,,0.000000,0.000000,0.000000,0.000000,0.000000,0.000000,0.000000,0.000000,0.000000,0.000000,0.000000,0.000000,0.000000,0.000000,0.000000,0.000000,0.000000,0.000000,0.000000,0.000000,0.000000,0.000000,0.000000,0.000000,0.000000,0.000000,0.000000,0.000000,0.000000,0.000000,0.000000,0.000000,0.000000,0.000000,0.000000,0.000000,0.000000,0.000000,0.000000,0.000000,0.000000,0.000000,0.000000,0.000000,0.000000,0.000000,0.000000,0.000000,0.000000,0.000000,0.000000,0.000000,0.000000,0.000000,0.000000,0.000000,0.000000,0.000000,0.000000,0.000000,0.000000,0.000000,0.000000
1036,1694940885.933315,0,,,0.0000,0.0000,0.0000,0.0000,,,,,,,,,,,0.000000,0.000000,0.000000,0.000000,0.000000,0.000000,0.000000,0.000000,0.000000,0.000000,0.000000,0.000000,0.000000,0.000000,0.000000,0.000000,0.000000,0.000000,0.000000,0.000000,0.000000,0.000000,0.000000,0.000000,0.000000,0.000000,0.000000,0.000000,0.000000,0.000000,0.000000,0.000000,0.000000,0.000000,0.000000,0.000000,0.000000,0.000000,0.000000,0.000000,0.000000,0.000000,0.000000,0.000000,0.000000,0.000000,0.000000,0.000000,0.000000,0.000000,0.000000,0.000000,0.000000,0.000000,0.000000,0.000000,0.000000,0.000000,0.000000,0.000000,0.000000,0.000000,0.000000
1037,1694940885.941648,0,,,0.0000,0.0000,0.0000,0.0000,,,,,,,,,,,0.000000,0.000000,0.000000,0.000000,0.000000,0.000000,0.000000,0.000000,0.000000,0.000000,0.000000,0.000000,0.000000,0.000000,0.000000,0.000000,0.000000,0.000000,0.000000,0.000000,0.000000,0.000000,0.000000,0.000000,0.000000,0.000000,0.000000,0.000000,0.000000,0.000000,0.000000,0.000000,0.000000,0.000000,0.000000,0.000000,0.000000,0.000000,0.000000,0.000000,0.000000,0.000000,0.000000,0.000000,0.000000,0.000000,0.000000,0.000000,0.000000,0.000000,0.000000,0.000000,0.000000,0.000000,0.000000,0.000000,0.000000,0.000000,0.000000,0.000000,0.000000,0.000000,0.000000
1038,1694940885.949982,0,,,0.0000,0.0000,0.0000,0.0000,,,,,,,,,,,0.000000,0.000000,0.000000,0.000000,0.000000,0.000000,0.000000,0.000000,0.000000,0.000000,0.000000,0.000000,0.000000,0.000000,0.000000,0.000000,0.000000,0.000000,0.000000,0.000000,0.000000,0.000000,0.000000,0.000000,0.000000,0.000000,0.000000,0.000000,0.000000,0.000000,0.000000,0.000000,0.000000,0.000000,0.000000,0.000000,0.000000,0.000000,0.000000,0.000000,0.000000,0.000000,0.000000,0.000000,0.000000,0.000000,0.000000,0.000000,0.000000,0.000000,0.000000,0.000000,0.000000,0.000000,0.000000,0.000000,0.000000,0.000000,0.000000,0.000000,0.000000,0.000000,0.000000
1039,1694940885.958315,0,,,0.0000,0.0000,0.0000,0.0000,,,,,,,,,,,0.000000,0.000000,0.000000,0.000000,0.000000,0.000000,0.000000,0.000000,0.000000,0.000000,0.000000,0.000000,0.000000,0.000000,0.000000,0.000000,0.000000,0.000000,0.000000,0.000000,0.000000,0.000000,0.000000,0.000000,0.000000,0.000000,0.000000,0.000000,0.000000,0.000000,0.000000,0.000000,0.000000,0.000000,0.000000,0.000000,0.000000,0.000000,0.000000,0.000000,0.000000,0.000000,0.000000,0.000000,0.000000,0.000000,0.000000,0.000000,0.000000,0.000000,0.000000,0.000000,0.000000,0.000000,0.000000,0.000000,0.000000,0.000000,0.000000,0.000000,0.000000,0.000000,0.000000
1040,1694940885.966648,0,,,0.0000,0.0000,0.0000,0.0000,,,,,,,,,,,0.000000,0.000000,0.000000,0.000000,0.000000,0.000000,0.000000,0.000000,0.000000,0.000000,0.000000,0.000000,0.000000,0.000000,0.000000,0.000000,0.000000,0.000000,0.000000,0.000000,0.000000,0.000000,0.000000,0.000000,0.000000,0.000000,0.000000,0.000000,0.000000,0.000000,0.000000,0.000000,0.000000,0.000000,0.000000,0.000000,0.000000,0.000000,0.000000,0.000000,0.000000,0.000000,0.000000,0.000000,0.000000,0.000000,0.000000,0.000000,0.000000,0.000000,0.000000,0.000000,0.000000,0.000000,0.000000,0.000000,0.000000,0.000000,0.000000,0.000000,0.000000,0.000000,0.000000
1041,1694940885.974982,0,,,0.0000,0.0000,0.0000,0.0000,,,,,,,,,,,0.000000,0.000000,0.000000,0.000000,0.000000,0.000000,0.000000,0.000000,0.000000,0.000000,0.000000,0.000000,0.000000,0.000000,0.000000,0.000000,0.000000,0.000000,0.000000,0.000000,0.000000,0.000000,0.000000,0.000000,0.000000,0.000000,0.000000,0.000000,0.000000,0.000000,0.000000,0.000000,0.000000,0.000000,0.000000,0.000000,0.000000,0.000000,0.000000,0.000000,0.000000,0.000000,0.000000,0.000000,0.000000,0.000000,0.000000,0.000000,0.000000,0.000000,0.000000,0.000000,0.000000,0.000000,0.000000,0.000000,0.000000,0.000000,0.000000,0.000000,0.000000,0.000000,0.000000
1042,1694940885.983315,0,,,0.0000,0.0000,0.0000,0.0000,,,,,,,,,,,0.000000,0.000000,0.000000,0.000000,0.000000,0.000000,0.000000,0.000000,0.000000,0.000000,0.000000,0.000000,0.000000,0.000000,0.000000,0.000000,0.000000,0.000000,0.000000,0.000000,0.000000,0.000000,0.000000,0.000000,0.000000,0.000000,0.000000,0.000000,0.000000,0.000000,0.000000,0.000000,0.000000,0.000000,0.000000,0.000000,0.000000,0.000000,0.000000,0.000000,0.000000,0.000000,0.000000,0.000000,0.000000,0.000000,0.000000,0.000000,0.000000,0.000000,0.000000,0.000000,0.000000,0.000000,0.000000,0.000000,0.000000,0.000000,0.000000,0.000000,0.000000,0.000000,0.000000
1043,1694940885.991648,0,,,0.0000,0.0000,0.0000,0.0000,,,,,,,,,,,0.000000,0.000000,0.000000,0.000000,0.000000,0.000000,0.000000,0.000000,0.000000,0.000000,0.000000,0.000000,0.000000,0.000000,0.000000,0.000000,0.000000,0.000000,0.000000,0.000000,0.000000,0.000000,0.000000,0.000000,0.000000,0.000000,0.000000,0.000000,0.000000,0.000000,0.000000,0.000000,0.000000,0.000000,0.000000,0.000000,0.000000,0.000000,0.000000,0.000000,0.000000,0.000000,0.000000,0.000000,0.000000,0.000000,0.000000,0.000000,0.000000,0.000000,0.000000,0.000000,0.000000,0.000000,0.000000,0.000000,0.000000,0.000000,0.000000,0.000000,0.000000,0.000000,0.000000
1044,1694940885.999982,0,,,0.0000,0.0000,0.0000,0.0000,,,,,,,,,,,0.000000,0.000000,0.000000,0.000000,0.000000,0.000000,0.000000,0.000000,0.000000,0.000000,0.000000,0.000000,0.000000,0.000000,0.000000,0.000000,0.000000,0.000000,0.000000,0.000000,0.000000,0.000000,0.000000,0.000000,0.000000,0.000000,0.000000,0.000000,0.000000,0.000000,0.000000,0.000000,0.000000,0.000000,0.000000,0.000000,0.000000,0.000000,0.000000,0.000000,0.000000,0.000000,0.000000,0.000000,0.000000,0.000000,0.000000,0.000000,0.000000,0.000000,0.000000,0.000000,0.000000,0.000000,0.000000,0.000000,0.000000,0.000000,0.000000,0.000000,0.000000,0.000000,0.000000
1045,1694940886.008315,0,,,0.0000,0.0000,0.0000,0.0000,,,,,,,,,,,0.000000,0.000000,0.000000,0.000000,0.000000,0.000000,0.000000,0.000000,0.000000,0.000000,0.000000,0.000000,0.000000,0.000000,0.000000,0.000000,0.000000,0.000000,0.000000,0.000000,0.000000,0.000000,0.000000,0.000000,0.000000,0.000000,0.000000,0.000000,0.000000,0.000000,0.000000,0.000000,0.000000,0.000000,0.000000,0.000000,0.000000,0.000000,0.000000,0.000000,0.000000,0.000000,0.000000,0.000000,0.000000,0.000000,0.000000,0.000000,0.000000,0.000000,0.000000,0.000000,0.000000,0.000000,0.000000,0.000000,0.000000,0.000000,0.000000,0.000000,0.000000,0.000000,0.000000
1046,1694940886.016648,0,,,0.0000,0.0000,0.0000,0.0000,,,,,,,,,,,0.000000,0.000000,0.000000,0.000000,0.000000,0.000000,0.000000,0.000000,0.000000,0.000000,0.000000,0.000000,0.000000,0.000000,0.000000,0.000000,0.000000,0.000000,0.000000,0.000000,0.000000,0.000000,0.000000,0.000000,0.000000,0.000000,0.000000,0.000000,0.000000,0.000000,0.000000,0.000000,0.000000,0.000000,0.000000,0.000000,0.000000,0.000000,0.000000,0.000000,0.000000,0.000000,0.000000,0.000000,0.000000,0.000000,0.000000,0.000000,0.000000,0.000000,0.000000,0.000000,0.000000,0.000000,0.000000,0.000000,0.000000,0.000000,0.000000,0.000000,0.000000,0.000000,0.000000
1047,1694940886.024982,0,,,0.0000,0.0000,0.0000,0.0000,,,,,,,,,,,0.000000,0.000000,0.000000,0.000000,0.000000,0.000000,0.000000,0.000000,0.000000,0.000000,0.000000,0.000000,0.000000,0.000000,0.000000,0.000000,0.000000,0.000000,0.000000,0.000000,0.000000,0.000000,0.000000,0.000000,0.000000,0.000000,0.000000,0.000000,0.000000,0.000000,0.000000,0.000000,0.000000,0.000000,0.000000,0.000000,0.000000,0.000000,0.000000,0.000000,0.000000,0.000000,0.000000,0.000000,0.000000,0.000000,0.000000,0.000000,0.000000,0.000000,0.000000,0.000000,0.000000,0.000000,0.000000,0.000000,0.000000,0.000000,0.000000,0.000000,0.000000,0.000000,0.000000
1048,1694940886.033315,0,,,0.0000,0.0000,0.0000,0.0000,,,,,,,,,,,0.000000,0.000000,0.000000,0.000000,0.000000,0.000000,0.000000,0.000000,0.000000,0.000000,0.000000,0.000000,0.000000,0.000000,0.000000,0.000000,0.000000,0.000000,0.000000,0.000000,0.000000,0.000000,0.000000,0.000000,0.000000,0.000000,0.000000,0.000000,0.000000,0.000000,0.000000,0.000000,0.000000,0.000000,0.000000,0.000000,0.000000,0.000000,0.000000,0.000000,0.000000,0.000000,0.000000,0.000000,0.000000,0.000000,0.000000,0.000000,0.000000,0.000000,0.000000,0.000000,0.000000,0.000000,0.000000,0.000000,0.000000,0.000000,0.000000,0.000000,0.000000,0.000000,0.000000
1049,1694940886.041648,0,,,0.0000,0.0000,0.0000,0.0000,,6195.0475,1.3990,105.3310,32.6524,225.2171,226.6938,221.3715,211.7226,0.043039,0.553478,0.594686,0.000000,0.480826,0.673981,-0.017434,0.401336,0.678157,-0.029955,0.339025,0.628169,-0.035855,0.293896,0.572954,-0.038784,0.397766,0.520210,-0.050526,0.312477,0.463077,-0.060485,0.268821,0.430323,-0.056079,0.243184,0.398431,-0.049742,0.431647,0.427152,-0.045598,0.346938,0.313115,-0.058116,0.342007,0.355261,-0.041822,0.358760,0.394046,-0.021385,0.466805,0.370557,-0.039141,0.396071,0.278635,-0.048830,0.389292,0.332064,-0.029958,0.402132,0.369143,-0.009472,0.500034,0.340684,-0.032753,0.442316,0.272153,-0.033649,0.428451,0.311628,-0.017128,0.435584,0.348577,0.000189
1050,1694940886.049982,0,,,0.0000,0.0000,0.0000,0.0000,73.5689,6520.8526,1.7321,107.2384,30.4931,223.8867,224.9807,219.7028,209.2818,0.041030,0.554932,0.599531,0.000000,0.482371,0.676503,-0.014741,0.402904,0.676956,-0.025661,0.340719,0.626189,-0.029982,0.295908,0.572163,-0.031290,0.401489,0.523775,-0.051182,0.315472,0.465160,-0.058934,0.271619,0.430865,-0.051595,0.245713,0.398492,-0.043330,0.434983,0.431817,-0.047085,0.348756,0.311690,-0.059818,0.345048,0.350754,-0.042460,0.362796,0.389008,-0.020845,0.469628,0.374524,-0.040707,0.398068,0.276983,-0.049244,0.392282,0.327579,-0.028711,0.405209,0.364023,-0.007129,0.502908,0.344604,-0.034179,0.444451,0.268167,-0.033671,0.430353,0.305054,-0.016016,0.436908,0.342034,0.002029
1051,1694940886.058315,0,,,0.0000,0.0000,0.0000,0.0000,9.5086,6134.2051,0.9120,104.7523,27.8105,224.4421,224.0338,217.8017,206.7599,0.040026,0.555631,0.599292,0.000000,0.482505,0.675466,-0.014196,0.402714,0.676965,-0.025601,0.340574,0.627097,-0.031046,0.295467,0.572407,-0.033743,0.399891,0.522243,-0.048460,0.313830,0.462709,-0.056783,0.271448,0.430034,-0.050552,0.246740,0.397441,-0.042958,0.434676,0.429734,-0.045111,0.347793,0.310248,-0.057575,0.342952,0.345883,-0.041851,0.359640,0.379977,-0.021706,0.470071,0.372295,-0.039632,0.396512,0.275469,-0.048362,0.389291,0.326235,-0.029190,0.401474,0.362923,-0.008654,0.503103,0.341812,-0.033916,0.443261,0.272540,-0.033895,0.428835,0.310589,-0.016895,0.435514,0.347912,0.000747
1052,1694940886.066648,0,,,0.0000,0.0000,0.0000,0.0000,82.8933,8125.1594,1.8768,108.3904,25.9365,222.6171,223.6559,218.3307,208.4321,0.032654,0.554359,0.598220,0.000000,0.483362,0.675218,-0.017033,0.404801,0.677247,-0.029749,0.343707,0.626303,-0.036028,0.300113,0.569989,-0.039510,0.402870,0.523150,-0.052587,0.316537,0.462161,-0.063519,0.272282,0.427132,-0.059309,0.245945,0.394260,-0.053108,0.435945,0.430817,-0.048570,0.350010,0.311743,-0.062729,0.347667,0.350879,-0.046932,0.365408,0.388408,-0.026611,0.470685,0.373165,-0.042788,0.399088,0.274355,-0.053522,0.393575,0.326299,-0.033876,0.406414,0.363657,-0.012728,0.503347,0.342505,-0.037058,0.444781,0.268910,-0.039098,0.431263,0.308686,-0.022155,0.438051,0.347662,-0.004354
1053,1694940886.074982,0,,,0.0000,0.0000,0.0000,0.0000,42.8076,5601.8588,2.3247,110.3225,30.1444,219.7611,220.7321,214.8257,205.0665,0.038529,0.557324,0.600376,0.000000,0.483110,0.677623,-0.018520,0.403742,0.678306,-0.031458,0.341990,0.624390,-0.037528,0.296731,0.571026,-0.040406,0.401931,0.520020,-0.051836,0.316215,0.458583,-0.061017,0.273189,0.423947,-0.056044,0.247674,0.391023,-0.049444,0.436402,0.427610,-0.046172,0.353147,0.311234,-0.056757,0.347385,0.349903,-0.040034,0.361180,0.386327,-0.020325,0.471589,0.371274,-0.039054,0.402056,0.272461,-0.047217,0.392510,0.321498,-0.028325,0.402424,0.358664,-0.008735,0.503974,0.341282,-0.032202,0.447454,0.269542,-0.033830,0.430123,0.305050,-0.018659,0.432626,0.342002,-0.002529
1054,1694940886.083315,0,,,0.0000,0.0000,0.0000,0.0000,,,,,,,,,,,0.000000,0.000000,0.000000,0.000000,0.000000,0.000000,0.000000,0.000000,0.000000,0.000000,0.000000,0.000000,0.000000,0.000000,0.000000,0.000000,0.000000,0.000000,0.000000,0.000000,0.000000,0.000000,0.000000,0.000000,0.000000,0.000000,0.000000,0.000000,0.000000,0.000000,0.000000,0.000000,0.000000,0.000000,0.000000,0.000000,0.000000,0.000000,0.000000,0.000000,0.000000,0.000000,0.000000,0.000000,0.000000,0.000000,0.000000,0.000000,0.000000,0.000000,0.000000,0.000000,0.000000,0.000000,0.000000,0.000000,0.000000,0.000000,0.000000,0.000000,0.000000,0.000000,0.000000
1055,1694940886.091648,0,,,0.0000,0.0000,0.0000,0.0000,,,,,,,,,,,0.000000,0.000000,0.000000,0.000000,0.000000,0.000000,0.000000,0.000000,0.000000,0.000000,0.000000,0.000000,0.000000,0.000000,0.000000,0.000000,0.000000,0.000000,0.000000,0.000000,0.000000,0.000000,0.000000,0.000000,0.000000,0.000000,0.000000,0.000000,0.000000,0.000000,0.000000,0.000000,0.000000,0.000000,0.000000,0.000000,0.000000,0.000000,0.000000,0.000000,0.000000,0.000000,0.000000,0.000000,0.000000,0.000000,0.000000,0.000000,0.000000,0.000000,0.000000,0.000000,0.000000,0.000000,0.000000,0.000000,0.000000,0.000000,0.000000,0.000000,0.000000,0.000000,0.000000
1056,1694940886.099982,0,,,0.0000,0.0000,0.0000,0.0000,,5491.5020,0.9763,109.0355,29.4661,220.2188,221.3894,216.1981,206.4717,0.028599,0.557655,0.603072,0.000000,0.481801,0.678093,-0.015661,0.402149,0.674866,-0.026607,0.340118,0.618768,-0.031189,0.296865,0.566853,-0.032841,0.401820,0.521832,-0.048746,0.316707,0.457452,-0.057754,0.274075,0.423188,-0.053329,0.248541,0.389014,-0.047414,0.435335,0.429499,-0.043629,0.352525,0.313929,-0.054155,0.346719,0.354572,-0.038133,0.361380,0.392376,-0.019001,0.470564,0.372432,-0.036771,0.402682,0.273154,-0.044175,0.393695,0.324730,-0.025900,0.405185,0.364437,-0.006795,0.503765,0.342508,-0.029935,0.449796,0.272785,-0.030027,0.433063,0.310713,-0.014902,0.437647,0.349552,0.000931
1057,1694940886.108315,0,,,0.0000,0.0000,0.0000,0.0000,80.5093,7645.5698,0.7891,111.7091,23.6916,218.7147,219.4444,213.5596,202.9095,0.034073,0.558295,0.601501,0.000000,0.483673,0.674526,-0.014369,0.404310,0.676700,-0.025622,0.341937,0.625600,-0.030690,0.299123,0.568657,-0.032763,0.401223,0.521107,-0.048136,0.315439,0.456788,-0.054978,0.273220,0.421236,-0.048991,0.247941,0.389657,-0.042030,0.435612,0.430404,-0.043474,0.353473,0.311404,-0.051616,0.342702,0.333598,-0.036093,0.351930,0.359889,-0.018199,0.471207,0.374587,-0.036609,0.402139,0.273816,-0.041144,0.389477,0.314260,-0.022107,0.396223,0.349420,-0.003461,0.504923,0.345011,-0.029765,0.449958,0.269031,-0.028267,0.430111,0.297084,-0.012298,0.429903,0.330399,0.003935
1058,1694940886.116648,0,,,0.0000,0.0000,0.0000,0.0000,36.6147,5620.7878,1.9916,111.2400,25.8197,214.0580,215.8523,211.2661,202.6338,0.032423,0.558100,0.601428,0.000000,0.483469,0.677182,-0.015266,0.404201,0.677576,-0.026487,0.342344,0.622924,-0.031280,0.300203,0.566411,-0.032793,0.403435,0.519479,-0.047092,0.318445,0.456212,-0.053355,0.276208,0.420732,-0.046594,0.251563,0.387986,-0.039111,0.436635,0.428420,-0.041697,0.355301,0.311275,-0.049012,0.348929,0.338216,-0.032349,0.361964,0.366727,-0.013488,0.471028,0.371049,-0.034375,0.404604,0.270366,-0.038552,0.393833,0.312496,-0.019515,0.401559,0.347498,-0.000918,0.503338,0.339554,-0.027149,0.450175,0.267978,-0.025590,0.431736,0.299868,-0.010026,0.432132,0.335833,0.005796
1059,1694940886.124982,0,,,0.0000,0.0000,0.0000,0.0000,58.9787,5968.1014,1.5932,110.2222,28.2476,218.4821,220.0008,215.6450,207.0241,0.032513,0.555472,0.600028,0.000000,0.481782,0.673660,-0.013328,0.403089,0.674498,-0.024480,0.342025,0.623073,-0.029691,0.299118,0.567628,-0.032113,0.400835,0.518378,-0.048417,0.316478,0.456203,-0.056807,0.273630,0.421136,-0.051387,0.248117,0.388969,-0.044586,0.435022,0.427665,-0.044879,0.353223,0.309622,-0.055369,0.349462,0.347711,-0.038213,0.365565,0.385678,-0.018010,0.470839,0.371708,-0.039267,0.402307,0.270792,-0.046573,0.394297,0.319952,-0.026392,0.405247,0.357944,-0.005894,0.504746,0.342071,-0.033376,0.447509,0.267001,-0.032543,0.431066,0.303374,-0.015031,0.434816,0.341630,0.002516
1060,1694940886.133315,0,,,0.0000,0.0000,0.0000,0.0000,47.7135,5446.1233,2.0786,110.6335,26.7323,215.8212,217.3726,212.4981,203.4170,0.026948,0.555002,0.600872,0.000000,0.480928,0.674226,-0.012408,0.403190,0.674873,-0.023385,0.342301,0.622019,-0.028786,0.299426,0.566358,-0.031241,0.399907,0.519118,-0.045496,0.316555,0.455319,-0.052930,0.274365,0.418175,-0.047549,0.249846,0.386046,-0.040729,0.434048,0.428328,-0.042054,0.353825,0.308656,-0.050180,0.346280,0.335325,-0.033427,0.358838,0.366245,-0.014154,0.470180,0.372270,-0.036529,0.403206,0.269901,-0.040968,0.390742,0.312695,-0.020408,0.397847,0.350057,-0.000403,0.504570,0.343037,-0.030933,0.450423,0.266656,-0.028744,0.429755,0.297810,-0.011348,0.428864,0.335281,0.006011
1061,1694940886.141648,0,,,0.0000,0.0000,0.0000,0.0000,79.8678,8875.3194,0.7895,112.6520,24.3016,215.7529,216.5210,211.0954,201.3375,0.025596,0.556768,0.597927,0.000000,0.483026,0.675547,-0.015400,0.404900,0.673436,-0.026832,0.344224,0.618731,-0.031499,0.300616,0.563971,-0.033207,0.403260,0.518050,-0.051213,0.318529,0.455067,-0.059494,0.275384,0.419378,-0.053445,0.249901,0.386431,-0.046082,0.437077,0.426638,-0.046194,0.353716,0.308471,-0.056092,0.349685,0.349972,-0.037477,0.365611,0.389880,-0.016094,0.472521,0.370388,-0.039242,0.403378,0.270546,-0.046344,0.395924,0.321081,-0.025681,0.407363,0.359172,-0.004756,0.506035,0.340856,-0.032198,0.450239,0.266921,-0.031508,0.435256,0.302837,-0.014191,0.440033,0.340397,0.003260
1062,1694940886.149982,0,,,0.0000,0.0000,0.0000,0.0000,72.8814,6030.3362,1.5248,109.7284,28.6689,218.3949,219.7432,214.3182,203.4732,0.020726,0.554805,0.599157,0.000000,0.480701,0.673599,-0.012369,0.402861,0.672478,-0.022950,0.342281,0.618131,-0.027863,0.298531,0.563712,-0.029797,0.399915,0.514628,-0.045142,0.316058,0.453654,-0.052267,0.274544,0.416930,-0.046286,0.250326,0.384675,-0.038934,0.434555,0.424863,-0.041673,0.354109,0.305596,-0.050361,0.346727,0.332732,-0.033755,0.358753,0.363652,-0.014212,0.470748,0.369609,-0.036116,0.404980,0.266602,-0.041239,0.392836,0.308783,-0.021110,0.399117,0.345022,-0.001028,0.504878,0.340602,-0.030376,0.451233,0.264854,-0.028276,0.431442,0.295763,-0.010918,0.430570,0.332370,0.006561
1063,1694940886.158315,0,,,0.0000,0.0000,0.0000,0.0000,16.6593,9013.3184,1.8928,117.2423,23.5806,215.0782,215.4889,209.6635,199.2160,0.032745,0.555415,0.599767,0.000000,0.480530,0.673497,-0.012979,0.402724,0.670993,-0.023501,0.342918,0.615471,-0.028356,0.298197,0.562242,-0.030319,0.399836,0.514944,-0.045038,0.316841,0.451071,-0.052141,0.275501,0.414347,-0.046621,0.251182,0.381548,-0.039761,0.434178,0.425362,-0.041555,0.353629,0.303923,-0.049953,0.346377,0.332768,-0.033578,0.358830,0.364620,-0.014546,0.470193,0.370201,-0.036137,0.402996,0.266585,-0.041012,0.391446,0.309277,-0.021099,0.398868,0.344967,-0.001465,0.504560,0.341396,-0.030712,0.449939,0.262173,-0.028711,0.430137,0.291582,-0.011758,0.429705,0.326855,0.005212
1064,1694940886.166648,0,,,0.0000,0.0000,0.0000,0.0000,3.8102,7963.2740,1.5289,116.7469,22.2903,213.4561,214.5774,209.8722,200.4208,0.027322,0.556079,0.599900,0.000000,0.480946,0.673515,-0.015548,0.403052,0.669940,-0.026481,0.342860,0.614680,-0.030985,0.298554,0.560608,-0.032381,0.401283,0.512400,-0.046578,0.317878,0.449442,-0.052843,0.276713,0.412386,-0.046766,0.252164,0.379898,-0.039576,0.435767,0.423213,-0.041048,0.355821,0.305257,-0.048024,0.345088,0.331368,-0.031494,0.353969,0.362207,-0.012756,0.471763,0.369121,-0.033712,0.405734,0.268622,-0.037616,0.392380,0.310315,-0.018091,0.398117,0.346771,0.001117,0.505579,0.341167,-0.026598,0.452313,0.263886,-0.024741,0.431779,0.291800,-0.008556,0.430024,0.325974,0.007948
1065,1694940886.174982,0,,,0.0000,0.0000,0.0000,0.0000,,,,,,,,,,,0.000000,0.000000,0.000000,0.000000,0.000000,0.000000,0.000000,0.000000,0.000000,0.000000,0.000000,0.000000,0.000000,0.000000,0.000000,0.000000,0.000000,0.000000,0.000000,0.000000,0.000000,0.000000,0.000000,0.000000,0.000000,0.000000,0.000000,0.000000,0.000000,0.000000,0.000000,0.000000,0.000000,0.000000,0.000000,0.000000,0.000000,0.000000,0.000000,0.000000,0.000000,0.000000,0.000000,0.000000,0.000000,0.000000,0.000000,0.000000,0.000000,0.000000,0.000000,0.000000,0.000000,0.000000,0.000000,0.000000,0.000000,0.000000,0.000000,0.000000,0.000000,0.000000,0.000000
1066,1694940886.183315,0,-44.2118,-44.2118,-10.4067,0.0000,15.9724,569.8951,,9945.4429,2.5663,121.4120,20.1367,207.7966,209.0776,203.5421,193.8754,0.038667,0.557402,0.595550,0.000000,0.483185,0.670366,-0.015709,0.405194,0.667305,-0.027223,0.345608,0.611627,-0.032451,0.300447,0.557646,-0.034557,0.402577,0.509461,-0.046660,0.320172,0.445984,-0.054401,0.278586,0.409487,-0.049287,0.253758,0.377181,-0.042588,0.436773,0.420814,-0.042043,0.357100,0.301430,-0.050622,0.347694,0.330252,-0.033744,0.357762,0.361553,-0.014180,0.472350,0.367003,-0.035975,0.406898,0.264505,-0.041186,0.392839,0.304532,-0.020983,0.396995,0.337536,-0.001053,0.505841,0.338299,-0.030221,0.452404,0.259040,-0.028863,0.431440,0.286384,-0.012044,0.428311,0.320086,0.004920
1067,1694940886.191648,0,,,0.0000,0.0000,0.0000,0.0000,,,,,,,,,,,0.000000,0.000000,0.000000,0.000000,0.000000,0.000000,0.000000,0.000000,0.000000,0.000000,0.000000,0.000000,0.000000,0.000000,0.000000,0.000000,0.000000,0.000000,0.000000,0.000000,0.000000,0.000000,0.000000,0.000000,0.000000,0.000000,0.000000,0.000000,0.000000,0.000000,0.000000,0.000000,0.000000,0.000000,0.000000,0.000000,0.000000,0.000000,0.000000,0.000000,0.000000,0.000000,0.000000,0.000000,0.000000,0.000000,0.000000,0.000000,0.000000,0.000000,0.000000,0.000000,0.000000,0.000000,0.000000,0.000000,0.000000,0.000000,0.000000,0.000000,0.000000,0.000000,0.000000
1068,1694940886.199982,0,,,0.0000,0.0000,0.0000,0.0000,,10922.5505,2.0630,122.3202,13.1828,206.8540,206.9735,200.7231,189.4167,0.024635,0.557566,0.596722,0.000000,0.482431,0.669949,-0.014606,0.404451,0.665017,-0.025309,0.344805,0.605508,-0.029378,0.300365,0.552192,-0.030227,0.404128,0.508599,-0.046450,0.321967,0.441832,-0.050784,0.282296,0.405214,-0.042852,0.258623,0.374813,-0.034595,0.437389,0.421111,-0.041136,0.359530,0.306424,-0.044922,0.346862,0.320697,-0.027332,0.351428,0.337950,-0.009443,0.472415,0.366183,-0.033909,0.409677,0.264263,-0.035634,0.392137,0.292635,-0.016275,0.391168,0.317145,0.001119,0.505442,0.335025,-0.026797,0.453918,0.256387,-0.024189,0.432077,0.276692,-0.008142,0.426221,0.303100,0.007310
1069,1694940886.208315,0,36.7467,36.7467,10.0802,0.0000,25.6869,546.7600,21.7880,9993.5643,1.8874,122.6944,15.1850,204.3594,205.4384,200.0620,190.0566,0.030808,0.557372,0.593744,0.000000,0.483055,0.668362,-0.014602,0.405127,0.663953,-0.024550,0.346331,0.606270,-0.027815,0.301899,0.552621,-0.028074,0.404811,0.505930,-0.045658,0.322450,0.439619,-0.050434,0.282207,0.403386,-0.043204,0.257537,0.372202,-0.035416,0.438426,0.419128,-0.040292,0.358776,0.301826,-0.045833,0.346905,0.324702,-0.028817,0.354412,0.350773,-0.010211,0.473608,0.366419,-0.033040,0.408204,0.266738,-0.035864,0.391162,0.299148,-0.016624,0.393110,0.326723,0.001692,0.506659,0.338256,-0.025879,0.453038,0.259039,-0.023549,0.431250,0.279132,-0.007404,0.427034,0.305785,0.008628
1070,1694940886.216648,1,,,0.0000,0.0000,0.0000,0.0000,8.2696,10824.4250,1.9178,126.8981,11.3788,202.1599,202.7962,196.8957,185.9950,0.025745,0.557633,0.598167,0.000000,0.483214,0.671493,-0.014846,0.405997,0.664571,-0.025417,0.346894,0.602549,-0.029411,0.302769,0.548063,-0.030176,0.404326,0.504634,-0.046174,0.323844,0.437418,-0.051253,0.284278,0.400532,-0.044071,0.260781,0.369297,-0.036308,0.439199,0.418416,-0.040923,0.362092,0.301331,-0.046238,0.348456,0.314031,-0.029255,0.354169,0.331279,-0.011160,0.475891,0.366362,-0.033809,0.414227,0.258989,-0.036693,0.396259,0.289027,-0.016887,0.396583,0.316255,0.001624,0.510427,0.338971,-0.026902,0.459647,0.259930,-0.024882,0.436310,0.283672,-0.008634,0.430799,0.313228,0.007526
1071,1694940886.224982,1,,,0.0000,0.0000,0.0000,0.0000,,,,,,,,,,,0.000000,0.000000,0.000000,0.000000,0.000000,0.000000,0.000000,0.000000,0.000000,0.000000,0.000000,0.000000,0.000000,0.000000,0.000000,0.000000,0.000000,0.000000,0.000000,0.000000,0.000000,0.000000,0.000000,0.000000,0.000000,0.000000,0.000000,0.000000,0.000000,0.000000,0.000000,0.000000,0.000000,0.000000,0.000000,0.000000,0.000000,0.000000,0.000000,0.000000,0.000000,0.000000,0.000000,0.000000,0.000000,0.000000,0.000000,0.000000,0.000000,0.000000,0.000000,0.000000,0.000000,0.000000,0.000000,0.000000,0.000000,0.000000,0.000000,0.000000,0.000000,0.000000,0.000000
1072,1694940886.233315,1,,,0.0000,0.0000,0.0000,0.0000,,,,,,,,,,,0.000000,0.000000,0.000000,0.000000,0.000000,0.000000,0.000000,0.000000,0.000000,0.000000,0.000000,0.000000,0.000000,0.000000,0.000000,0.000000,0.000000,0.000000,0.000000,0.000000,0.000000,0.000000,0.000000,0.000000,0.000000,0.000000,0.000000,0.000000,0.000000,0.000000,0.000000,0.000000,0.000000,0.000000,0.000000,0.000000,0.000000,0.000000,0.000000,0.000000,0.000000,0.000000,0.000000,0.000000,0.000000,0.000000,0.000000,0.000000,0.000000,0.000000,0.000000,0.000000,0.000000,0.000000,0.000000,0.000000,0.000000,0.000000,0.000000,0.000000,0.000000,0.000000,0.000000
1073,1694940886.241648,1,-29.5684,-29.5684,-6.4893,0.0000,27.4977,482.6225,,12944.9372,2.4271,139.5301,17.9036,194.8688,195.3803,190.9444,181.8512,0.046066,0.557249,0.591206,0.000000,0.484336,0.665402,-0.013896,0.407114,0.658778,-0.022165,0.349213,0.599747,-0.023211,0.309163,0.542018,-0.021345,0.407303,0.498817,-0.044787,0.327619,0.432887,-0.046557,0.288633,0.395683,-0.037344,0.264149,0.365775,-0.028621,0.441462,0.413574,-0.038131,0.365876,0.297486,-0.040184,0.349263,0.304492,-0.023200,0.349873,0.318237,-0.005957,0.477591,0.362740,-0.029149,0.417435,0.262255,-0.029840,0.399462,0.282693,-0.011898,0.398243,0.302576,0.004737,0.511947,0.337290,-0.020071,0.461623,0.259553,-0.016495,0.440419,0.276497,-0.000747,0.436075,0.299646,0.014597
1074,1694940886.249982,1,36.1164,36.1164,11.2532,17.7425,33.2974,515.0251,59.5301,10665.1668,2.6237,133.8488,5.2321,191.2805,193.0756,190.6160,183.6598,0.037807,0.561243,0.593699,0.000000,0.486364,0.666956,-0.017189,0.408644,0.657103,-0.026362,0.350603,0.592562,-0.028930,0.307003,0.537079,-0.028518,0.407358,0.495079,-0.040874,0.329026,0.431114,-0.045691,0.290229,0.395196,-0.041135,0.266088,0.362353,-0.035901,0.442527,0.408374,-0.034389,0.369936,0.300629,-0.038127,0.356509,0.315319,-0.024196,0.362271,0.333081,-0.009269,0.479304,0.358116,-0.026836,0.420853,0.259251,-0.030660,0.406560,0.292008,-0.015274,0.410398,0.320618,-0.000017,0.513858,0.332047,-0.019688,0.466549,0.259598,-0.019598,0.446043,0.284069,-0.006720,0.443539,0.311947,0.006725
1075,1694940886.258315,1,-34.7820,-34.7820,2.3574,-8.8957,35.8848,193.3020,35.8188,11016.4618,1.1580,134.0741,3.0631,193.0388,193.3547,189.2445,180.5253,0.035575,0.557251,0.586675,0.000000,0.484483,0.665587,-0.015024,0.407812,0.653269,-0.023940,0.350120,0.590713,-0.026023,0.307710,0.533717,-0.025610,0.410191,0.496680,-0.045282,0.330111,0.432326,-0.049594,0.291107,0.395885,-0.042280,0.267852,0.363619,-0.034696,0.445002,0.411664,-0.039509,0.367969,0.292527,-0.047052,0.363040,0.316576,-0.031355,0.376514,0.343235,-0.012950,0.481142,0.360414,-0.031628,0.419101,0.255817,-0.037950,0.412892,0.296148,-0.020748,0.423673,0.327933,-0.002664,0.514885,0.333975,-0.023563,0.462144,0.253190,-0.023854,0.448413,0.283269,-0.009033,0.453998,0.313702,0.006485
1076,1694940886.266648,1,-31.3220,-31.3220,-17.0172,-19.3746,33.5136,401.7425,42.2695,14098.0617,2.2100,145.4699,13.6747,186.1750,187.2802,184.2484,177.9493,0.044692,0.560628,0.591730,0.000000,0.487208,0.663864,-0.015261,0.409354,0.651818,-0.023125,0.351986,0.590826,-0.024354,0.309985,0.533921,-0.022632,0.410011,0.493363,-0.040612,0.331595,0.430363,-0.044449,0.293348,0.392816,-0.037873,0.270042,0.359833,-0.030774,0.445534,0.409959,-0.034344,0.373402,0.292164,-0.039884,0.364288,0.309887,-0.025447,0.372698,0.331766,-0.008503,0.482045,0.360177,-0.026463,0.424413,0.260239,-0.030764,0.413231,0.293442,-0.014779,0.418962,0.321502,0.002093,0.516365,0.334868,-0.018706,0.466988,0.254553,-0.017886,0.448346,0.275716,-0.003893,0.448071,0.301968,0.011048
1077,1694940886.274982,1,27.8495,27.8495,14.3545,31.3716,31.4454,610.0336,63.9929,13154.0729,2.7003,145.8951,18.7187,184.8169,185.3208,182.1946,175.6397,0.044293,0.561609,0.592526,0.000000,0.486980,0.664814,-0.013195,0.409577,0.649375,-0.020160,0.353650,0.586455,-0.020559,0.311528,0.530087,-0.018234,0.410075,0.489015,-0.040727,0.333181,0.428837,-0.042873,0.295605,0.391386,-0.035014,0.272123,0.360019,-0.027300,0.446215,0.405136,-0.035098,0.375174,0.290592,-0.038169,0.364713,0.300933,-0.022689,0.370912,0.318567,-0.005828,0.483489,0.356471,-0.027447,0.426353,0.258660,-0.029512,0.413800,0.284294,-0.012838,0.416543,0.307484,0.003541,0.518470,0.333262,-0.019763,0.470916,0.254903,-0.017394,0.453051,0.274759,-0.002550,0.451747,0.302053,0.012538
1078,1694940886.283315,1,29.0083,29.0083,-1.7770,-16.1315,31.5212,799.9838,18.6443,11533.4775,2.6551,142.8665,24.8820,181.3331,181.4662,178.2365,171.8160,0.048630,0.563298,0.588130,-0.000000,0.489790,0.662568,-0.013133,0.411716,0.645856,-0.019262,0.356111,0.579576,-0.018934,0.317037,0.520821,-0.016160,0.414793,0.488702,-0.040323,0.337005,0.425776,-0.043297,0.298441,0.391229,-0.035802,0.274889,0.359105,-0.028424,0.449912,0.405628,-0.035549,0.373865,0.288742,-0.042218,0.370023,0.320698,-0.026786,0.385122,0.353064,-0.008502,0.486165,0.355797,-0.028837,0.423994,0.257758,-0.035557,0.418506,0.304061,-0.019517,0.430534,0.337856,-0.001996,0.519594,0.330275,-0.021779,0.466253,0.253137,-0.022515,0.453080,0.287342,-0.008250,0.459968,0.320885,0.006900
1079,1694940886.291648,1,27.1308,27.1308,15.4782,17.2552,29.9334,842.1041,8.7707,10509.8669,2.5283,142.8927,24.1259,175.5064,174.6734,171.9400,166.7502,0.052737,0.565340,0.590193,0.000000,0.490653,0.662263,-0.014439,0.412597,0.643479,-0.020966,0.357208,0.578242,-0.020775,0.317906,0.518883,-0.017903,0.416267,0.486066,-0.040268,0.339249,0.421307,-0.042887,0.300554,0.385255,-0.035293,0.277120,0.354196,-0.027716,0.452815,0.403459,-0.034339,0.380133,0.285748,-0.038869,0.372582,0.306239,-0.023317,0.383352,0.331064,-0.005709,0.489401,0.353889,-0.026723,0.429229,0.254876,-0.031210,0.420884,0.290576,-0.015445,0.429866,0.320366,0.001215,0.522965,0.327728,-0.019048,0.470931,0.251382,-0.018947,0.455580,0.278650,-0.005264,0.459019,0.308867,0.009370
1080,1694940886.299982,1,-22.4085,-22.4085,2.2284,-13.2498,27.0306,600.1278,46.2352,9512.2505,3.0427,140.1721,29.5217,170.0846,168.6707,163.9583,156.6001,0.054355,0.563948,0.586279,-0.000000,0.490267,0.659570,-0.009993,0.413839,0.637854,-0.014879,0.359451,0.569137,-0.014160,0.319936,0.511016,-0.011094,0.418344,0.481231,-0.036685,0.342531,0.417429,-0.038139,0.304442,0.382794,-0.030208,0.281554,0.351403,-0.022978,0.454639,0.398913,-0.033099,0.380398,0.279970,-0.037561,0.375710,0.303810,-0.021935,0.389400,0.330164,-0.004572,0.491989,0.350438,-0.027229,0.432545,0.248908,-0.030973,0.426509,0.291923,-0.013709,0.437285,0.325033,0.003490,0.526678,0.326255,-0.020963,0.476414,0.243574,-0.018844,0.462238,0.276089,-0.003174,0.467528,0.311430,0.012170
1081,1694940886.308315,1,29.3030,29.3030,0.3634,-1.8650,20.3077,829.3000,47.8010,8345.8968,2.4024,140.3997,40.9572,162.6227,160.5831,157.0013,151.2747,0.067766,0.564996,0.587531,0.000000,0.490989,0.656895,-0.014169,0.414614,0.634483,-0.021003,0.360695,0.565712,-0.021551,0.323927,0.504049,-0.019512,0.420541,0.477736,-0.040397,0.345339,0.415210,-0.043963,0.307496,0.378043,-0.037402,0.284727,0.345879,-0.030753,0.457271,0.395506,-0.034828,0.386203,0.276105,-0.041327,0.378239,0.298727,-0.026622,0.388780,0.327540,-0.009153,0.494625,0.347235,-0.027397,0.436309,0.246426,-0.032927,0.426306,0.287993,-0.016132,0.434370,0.322983,0.001769,0.529079,0.323807,-0.019995,0.480002,0.239966,-0.019472,0.461954,0.269974,-0.004601,0.463971,0.305443,0.011023
1082,1694940886.316648,1,-25.7517,-25.7517,-13.6900,-14.0534,25.7819,962.7888,36.6423,7148.0349,2.5295,139.3295,49.3937,159.1823,154.0130,149.8241,145.0962,0.079634,0.567825,0.584760,-0.000000,0.491423,0.655845,-0.012900,0.414599,0.630694,-0.018411,0.362014,0.559736,-0.017780,0.324612,0.497923,-0.014853,0.422367,0.472384,-0.037849,0.349165,0.410807,-0.041180,0.311722,0.376431,-0.034988,0.288496,0.346481,-0.028685,0.459515,0.389669,-0.033008,0.389882,0.270854,-0.039171,0.378900,0.293214,-0.024933,0.386901,0.320000,-0.008117,0.496522,0.341581,-0.026357,0.437113,0.241114,-0.031075,0.424793,0.280355,-0.014638,0.432044,0.312023,0.002387,0.531334,0.318494,-0.019751,0.481410,0.238548,-0.018095,0.463716,0.269512,-0.002763,0.466829,0.304951,0.012752
1083,1694940886.324982,1,19.2815,19.2815,-1.9623,11.7277,24.4129,1363.2326,27.8086,7066.0893,2.5798,143.3966,62.0539,148.3452,145.1304,143.4718,142.9860,0.083832,0.571919,0.583436,-0.000000,0.495775,0.652826,-0.013866,0.420324,0.623988,-0.019460,0.367893,0.552929,-0.019287,0.328741,0.491959,-0.016284,0.426913,0.465413,-0.034672,0.354604,0.400306,-0.037474,0.316845,0.365239,-0.029894,0.294308,0.334642,-0.022468,0.464849,0.384758,-0.029988,0.394436,0.264829,-0.037036,0.385565,0.297316,-0.021785,0.396206,0.330086,-0.003219,0.502249,0.337949,-0.024087,0.442274,0.238347,-0.029625,0.432151,0.282696,-0.012238,0.440406,0.314376,0.006168,0.536604,0.315407,-0.018480,0.488823,0.233283,-0.016760,0.472677,0.264490,-0.001336,0.475489,0.299026,0.014483
1084,1694940886.333315,1,20.5281,20.5281,10.7341,12.6965,23.3638,1545.8090,11.8222,7783.2168,2.4586,145.2338,68.5889,140.1179,135.9865,132.6207,131.7310,0.091625,0.574378,0.580630,-0.000000,0.497616,0.647697,-0.014300,0.422624,0.615138,-0.020289,0.371967,0.540983,-0.020424,0.334785,0.477334,-0.017807,0.431436,0.459633,-0.036402,0.359660,0.392544,-0.039573,0.320549,0.355990,-0.032300,0.297494,0.324848,-0.025151,0.469508,0.379953,-0.031477,0.399588,0.260223,-0.038670,0.391083,0.296177,-0.022962,0.403498,0.332160,-0.004070,0.507468,0.334071,-0.025291,0.447681,0.236926,-0.031213,0.438169,0.285279,-0.013618,0.448694,0.318387,0.005065,0.542056,0.312049,-0.019362,0.493177,0.225578,-0.017560,0.477133,0.260416,-0.001598,0.482128,0.297111,0.014529
1085,1694940886.341648,1,19.3358,19.3358,-2.4918,-13.2259,19.5074,1276.2043,7.0786,7096.4196,1.2095,144.2963,78.3712,131.2013,125.7106,123.0231,123.8255,0.075727,0.577114,0.577695,-0.000000,0.501013,0.642368,-0.013824,0.426050,0.606320,-0.018948,0.375948,0.532132,-0.018780,0.341727,0.467968,-0.015988,0.435453,0.452704,-0.032565,0.365089,0.386693,-0.036226,0.326439,0.348778,-0.030358,0.304315,0.316126,-0.024381,0.474043,0.374860,-0.028439,0.405351,0.253306,-0.036712,0.393005,0.282035,-0.023310,0.403391,0.314723,-0.006130,0.513130,0.330004,-0.023314,0.457144,0.228698,-0.030656,0.445291,0.275710,-0.014357,0.454354,0.310456,0.003728,0.549137,0.308466,-0.018518,0.503332,0.220909,-0.017533,0.486359,0.255823,-0.002105,0.490472,0.293651,0.013628
1086,1694940886.349982,1,-15.2929,-15.2929,2.6147,5.1065,19.9927,1606.9962,18.9733,6840.1414,2.2097,140.1698,97.3554,119.1645,111.1618,105.6702,106.3632,0.090567,0.582005,0.579968,-0.000000,0.503840,0.639899,-0.011739,0.429459,0.599264,-0.015914,0.379336,0.521084,-0.015100,0.343744,0.457145,-0.011727,0.440160,0.441614,-0.030033,0.372140,0.375694,-0.033092,0.334929,0.340872,-0.027020,0.313116,0.309382,-0.021227,0.480021,0.365223,-0.026587,0.412096,0.246549,-0.034436,0.402295,0.281692,-0.020314,0.414777,0.317454,-0.002887,0.520110,0.323302,-0.022047,0.467054,0.218777,-0.029001,0.454396,0.263609,-0.012093,0.462018,0.296780,0.005885,0.556337,0.306527,-0.017707,0.515132,0.218547,-0.015858,0.498951,0.252546,-0.000046,0.502996,0.289330,0.015468
1087,1694940886.358315,1,-25.0822,-25.0822,-11.0909,-13.7056,19.7968,1905.6276,29.5862,5384.3193,2.7895,157.7894,104.5754,108.3820,105.8963,107.0514,115.4758,0.103515,0.583145,0.568019,-0.000000,0.505256,0.630414,-0.016362,0.430791,0.590130,-0.023091,0.382466,0.507846,-0.023722,0.348670,0.439032,-0.021627,0.449939,0.432537,-0.037826,0.375804,0.361445,-0.042548,0.335982,0.325257,-0.037038,0.313182,0.293688,-0.031467,0.490756,0.357107,-0.032409,0.420390,0.231405,-0.042141,0.409194,0.267152,-0.028657,0.420543,0.304182,-0.011424,0.529963,0.317590,-0.025818,0.475634,0.207790,-0.034947,0.464199,0.257288,-0.018107,0.473991,0.293013,0.000407,0.564371,0.301913,-0.019581,0.522489,0.205612,-0.020542,0.506386,0.242706,-0.005041,0.511533,0.282277,0.010823
1088,1694940886.366648,1,25.9683,25.9683,1.3601,12.4510,20.9905,1862.3985,10.3376,5762.9302,2.7712,152.2631,122.5249,98.1377,92.7705,95.1722,107.8796,0.101427,0.588820,0.564786,-0.000000,0.508822,0.623085,-0.015803,0.435149,0.579538,-0.022045,0.388245,0.497499,-0.022583,0.356581,0.427911,-0.020801,0.453161,0.421216,-0.033963,0.382196,0.351360,-0.037119,0.344256,0.314784,-0.033001,0.321148,0.282578,-0.029311,0.494372,0.346094,-0.028225,0.429286,0.225406,-0.035310,0.418199,0.256210,-0.024521,0.428517,0.293829,-0.010724,0.533871,0.307258,-0.021190,0.483036,0.204433,-0.026937,0.471220,0.250311,-0.012162,0.479985,0.287126,0.003187,0.568629,0.291759,-0.014739,0.530053,0.203152,-0.014496,0.513956,0.237657,-0.000753,0.518108,0.276224,0.012961
1089,1694940886.374982,1,15.4236,15.4236,-0.9780,-2.3381,20.3286,2104.3555,25.7054,5550.6268,1.2217,151.6944,138.7610,80.3220,75.6993,83.3793,103.5070,0.105705,0.594224,0.565831,-0.000000,0.513358,0.620737,-0.013172,0.440194,0.571724,-0.017423,0.394123,0.485871,-0.016645,0.362467,0.416306,-0.013687,0.458348,0.413381,-0.028153,0.388065,0.337056,-0.029165,0.351256,0.299184,-0.024903,0.329298,0.266445,-0.021428,0.500252,0.340244,-0.022423,0.439572,0.222599,-0.024369,0.427693,0.248790,-0.013356,0.435755,0.282352,-0.001292,0.541352,0.303606,-0.015422,0.492849,0.194567,-0.016776,0.480567,0.237581,-0.002198,0.488358,0.276017,0.011190,0.577726,0.290923,-0.008993,0.543141,0.202772,-0.006605,0.525874,0.236321,0.006380,0.528608,0.275488,0.018700
1090,1694940886.383315,1,20.4956,20.4956,8.9471,9.9252,20.5073,2089.1059,6.9508,5177.8761,1.4607,143.7978,154.5992,70.9024,61.7781,68.2768,90.2913,0.097121,0.601081,0.568920,-0.000000,0.518772,0.614365,-0.011886,0.445329,0.561260,-0.015291,0.399799,0.474292,-0.013609,0.368850,0.404833,-0.009484,0.464194,0.409130,-0.028390,0.396514,0.333310,-0.030380,0.360841,0.293914,-0.026631,0.339524,0.260344,-0.023146,0.506321,0.339009,-0.022868,0.449623,0.212161,-0.026578,0.436997,0.225476,-0.016204,0.444060,0.250519,-0.003821,0.547917,0.303758,-0.015852,0.505000,0.190374,-0.016982,0.490975,0.224252,-0.002148,0.496330,0.258438,0.012012,0.586130,0.294049,-0.009444,0.554891,0.198579,-0.005124,0.535325,0.225689,0.009012,0.535200,0.263099,0.022408
1091,1694940886.391648,1,9.6201,9.6201,8.6756,-0.2715,18.0162,2426.9581,17.2099,4218.1883,1.5948,140.8364,173.5235,52.3512,40.1612,60.2050,95.2244,0.110279,0.601866,0.561886,0.000000,0.519441,0.607024,-0.010210,0.448990,0.550958,-0.013398,0.406288,0.460816,-0.012631,0.375453,0.390443,-0.009130,0.468513,0.395322,-0.024156,0.402192,0.317108,-0.025240,0.369408,0.272968,-0.020431,0.352294,0.237768,-0.016046,0.511536,0.329046,-0.021112,0.459082,0.203244,-0.025360,0.444431,0.191992,-0.017016,0.450403,0.197452,-0.006472,0.554920,0.297070,-0.016658,0.516666,0.181380,-0.019510,0.502639,0.215448,-0.005020,0.508020,0.253489,0.009305,0.594844,0.289042,-0.012749,0.567221,0.196588,-0.010538,0.546865,0.222816,0.003308,0.545608,0.260449,0.017137
1092,1694940886.399982,1,-19.8867,-19.8867,-11.4638,-20.1393,16.0462,2512.3427,15.8385,4363.3614,1.5723,148.1343,194.8115,43.0287,24.1158,58.0170,99.6047,0.110058,0.606174,0.558521,0.000000,0.523603,0.601266,-0.013926,0.452885,0.544159,-0.018126,0.410766,0.452777,-0.017611,0.380703,0.382236,-0.014505,0.475450,0.379587,-0.026321,0.412055,0.299307,-0.028225,0.380403,0.255796,-0.025190,0.363221,0.219860,-0.022376,0.519461,0.315423,-0.021750,0.468848,0.192961,-0.024008,0.451468,0.184271,-0.016160,0.454796,0.189907,-0.007316,0.562726,0.287129,-0.016330,0.527013,0.171766,-0.018742,0.511156,0.207295,-0.006437,0.515208,0.246360,0.005365,0.601756,0.282513,-0.011791,0.576219,0.195077,-0.011348,0.556110,0.222974,-0.000198,0.554332,0.259520,0.011155
1093,1694940886.408315,1,-27.2428,-27.2428,-10.6666,0.7971,19.4301,2386.1838,14.5816,8348.9419,2.0856,154.1042,210.2032,43.2823,10.6790,49.8996,91.6530,0.091358,0.615599,0.560580,-0.000000,0.529695,0.600145,-0.013900,0.459168,0.538729,-0.018109,0.416971,0.448807,-0.017371,0.385815,0.379856,-0.014363,0.484676,0.377369,-0.026904,0.421184,0.290354,-0.030635,0.389777,0.246532,-0.028665,0.371417,0.208912,-0.026067,0.529747,0.309935,-0.020911,0.477946,0.185866,-0.022915,0.461683,0.205146,-0.012138,0.464976,0.231872,0.000053,0.572386,0.280099,-0.014304,0.533102,0.162164,-0.015600,0.516479,0.195886,-0.001165,0.519867,0.231266,0.012491,0.609335,0.276290,-0.008618,0.583064,0.190422,-0.006608,0.562822,0.214942,0.005489,0.560525,0.248255,0.017779
1094,1694940886.416648,1,-9.5418,-9.5418,-7.5094,3.1573,17.8901,2018.8091,45.8094,8170.6183,2.5774,154.7554,220.3163,49.1343,8.5296,54.3711,102.6388,0.110049,0.616587,0.555700,0.000000,0.531398,0.594096,-0.012742,0.463096,0.533055,-0.016996,0.422460,0.442596,-0.016570,0.394165,0.369615,-0.013346,0.491827,0.371501,-0.024451,0.430499,0.282404,-0.023436,0.399559,0.238076,-0.018377,0.382565,0.202204,-0.014403,0.537607,0.310718,-0.018999,0.490274,0.180872,-0.017159,0.468205,0.160119,-0.007917,0.463958,0.154985,0.000554,0.581202,0.286605,-0.012415,0.546357,0.158744,-0.011835,0.531644,0.192103,0.001877,0.534517,0.233200,0.014003,0.619562,0.286202,-0.006635,0.594647,0.191827,-0.004260,0.574134,0.214333,0.007494,0.571529,0.249385,0.018924
1095,1694940886.424982,1,9.5579,9.5579,-0.0156,7.4938,15.0429,1539.3022,1.7834,7894.7279,2.1295,128.6782,231.3260,75.6841,27.7542,41.6450,90.4147,0.085602,0.620679,0.553302,-0.000000,0.535684,0.589725,-0.015952,0.466518,0.525373,-0.022132,0.426362,0.433047,-0.023763,0.397474,0.359227,-0.022352,0.498820,0.358484,-0.025619,0.438690,0.268885,-0.027133,0.411111,0.239382,-0.022773,0.400716,0.224348,-0.018105,0.546347,0.299888,-0.020178,0.498156,0.170912,-0.020129,0.472625,0.170423,-0.010730,0.466138,0.185170,-0.001395,0.590061,0.278415,-0.014431,0.555370,0.151459,-0.016966,0.537850,0.189134,-0.003796,0.538960,0.233038,0.008669,0.627321,0.281471,-0.009639,0.602235,0.187263,-0.009697,0.580708,0.211024,0.001656,0.577543,0.248094,0.013165
1096,1694940886.433315,1,10.1355,10.1355,7.5056,7.5211,15.1612,867.1140,14.2030,6754.3711,1.5475,115.6960,244.8364,84.4292,39.3804,45.3309,90.8144,0.075774,0.627063,0.553915,-0.000000,0.542403,0.587053,-0.019149,0.474107,0.520638,-0.027128,0.432836,0.425039,-0.029464,0.403342,0.354189,-0.028541,0.508980,0.351137,-0.031355,0.446961,0.259638,-0.033168,0.420250,0.234771,-0.027702,0.410567,0.222719,-0.021964,0.556284,0.291266,-0.022379,0.504308,0.169765,-0.020717,0.482591,0.196466,-0.007514,0.481629,0.229880,0.005145,0.599306,0.270434,-0.013058,0.564441,0.148922,-0.014140,0.544909,0.186191,0.000064,0.545387,0.228055,0.013215,0.635055,0.274803,-0.004740,0.611821,0.187486,-0.004120,0.589279,0.207416,0.006229,0.584629,0.239930,0.017227
1097,1694940886.441648,1,-17.6059,-17.6059,2.4092,-5.0963,14.8087,1208.8951,5.4836,8661.8446,2.0796,116.8843,259.8803,81.8462,40.8455,53.1970,97.4662,0.069323,0.632195,0.553808,-0.000000,0.547001,0.583254,-0.016367,0.479164,0.513671,-0.023978,0.438147,0.417438,-0.025818,0.410302,0.343101,-0.024403,0.516619,0.355648,-0.035017,0.453378,0.256841,-0.037485,0.425264,0.225602,-0.030188,0.413572,0.204775,-0.022759,0.564297,0.298020,-0.027125,0.516787,0.160774,-0.028758,0.501402,0.196674,-0.013401,0.506676,0.239110,0.002927,0.607332,0.276965,-0.018241,0.574024,0.144193,-0.021098,0.556269,0.184768,-0.005509,0.558754,0.229371,0.009906,0.642926,0.278875,-0.009748,0.619882,0.186486,-0.008515,0.598554,0.208635,0.003022,0.595226,0.242926,0.015253
1098,1694940886.449982,0,-11.1914,-11.1914,-0.4124,-2.8216,11.4089,1383.7566,12.8920,8649.6178,2.2427,125.1258,273.9609,89.3712,54.6938,67.3580,108.7392,0.053308,0.638543,0.559128,-0.000000,0.554512,0.578794,-0.020294,0.485551,0.510641,-0.029542,0.442487,0.414876,-0.032616,0.416215,0.335189,-0.031638,0.521177,0.347319,-0.032949,0.457091,0.243419,-0.035111,0.430559,0.210793,-0.027371,0.421507,0.191657,-0.019338,0.569223,0.290959,-0.022983,0.521420,0.149268,-0.026426,0.501078,0.183622,-0.011500,0.502642,0.227784,0.005840,0.612322,0.270532,-0.012698,0.576689,0.142488,-0.017090,0.555955,0.181095,-0.001577,0.556600,0.224613,0.015284,0.648054,0.273673,-0.003194,0.621229,0.181046,-0.001847,0.599096,0.200560,0.010349,0.595809,0.232697,0.023962
1099,1694940886.458315,0,18.2140,18.2140,2.1640,2.5764,13.7437,1753.2980,13.6942,7870.5517,2.0703,125.1219,290.0166,103.8279,71.3342,80.7256,119.0162,0.038820,0.643286,0.557419,-0.000000,0.560329,0.576454,-0.022433,0.489251,0.508041,-0.032093,0.447146,0.409554,-0.034635,0.424793,0.329767,-0.032994,0.527667,0.345618,-0.038806,0.464189,0.237036,-0.040747,0.439736,0.206059,-0.032041,0.432417,0.187950,-0.023410,0.575212,0.289304,-0.026422,0.527932,0.148644,-0.027969,0.510955,0.191096,-0.011391,0.516206,0.240467,0.006238,0.617315,0.268093,-0.013525,0.579161,0.141633,-0.016802,0.561074,0.187037,-0.001891,0.564485,0.235021,0.013731,0.652002,0.268980,-0.001397,0.624198,0.176674,-0.000637,0.603478,0.197462,0.009771,0.601622,0.229510,0.021623
1100,1694940886.466648,0,14.9804,14.9804,1.2112,-0.9528,14.5043,1730.6451,21.5272,7681.6690,1.8796,125.5131,297.5315,107.0051,77.5779,88.8936,125.6508,0.038411,0.644913,0.559137,-0.000000,0.561640,0.571983,-0.021175,0.492282,0.504236,-0.030048,0.451460,0.404388,-0.032018,0.429751,0.322902,-0.029865,0.532178,0.340161,-0.036051,0.469194,0.233056,-0.036713,0.443978,0.200711,-0.027638,0.435308,0.178398,-0.018878,0.579553,0.285470,-0.023392,0.535993,0.139084,-0.026497,0.517007,0.174253,-0.011091,0.519201,0.222874,0.006821,0.621923,0.267171,-0.009853,0.588204,0.140139,-0.013313,0.567694,0.182236,0.001396,0.567584,0.230366,0.017987,0.657144,0.272214,0.003152,0.632177,0.179471,0.005607,0.610234,0.197382,0.017079,0.606055,0.228741,0.030273
1101,1694940886.474982,0,13.0018,13.0018,7.6519,6.4407,14.8316,2429.2247,16.6678,8587.7026,1.6611,124.5887,302.8677,120.2404,88.8546,94.3820,127.1313,0.028122,0.646487,0.555476,-0.000000,0.563722,0.570604,-0.022729,0.495265,0.502647,-0.032637,0.454367,0.403075,-0.035322,0.433274,0.322519,-0.033730,0.537267,0.342190,-0.040175,0.474044,0.233741,-0.040160,0.450559,0.201113,-0.028622,0.443928,0.184295,-0.017533,0.585691,0.287333,-0.026348,0.539816,0.142016,-0.027146,0.518587,0.169509,-0.009975,0.518090,0.209795,0.008433,0.627598,0.268636,-0.011570,0.591673,0.140531,-0.013634,0.568150,0.178350,0.001739,0.565095,0.223844,0.018267,0.661426,0.273780,0.002601,0.634370,0.178584,0.005115,0.609759,0.190978,0.016179,0.602876,0.218068,0.028924
1102,1694940886.483315,0,17.1894,17.1894,7.0952,-0.5567,10.9644,2244.7022,7.1811,6930.7738,1.7173,122.4136,308.9884,120.3977,90.0428,97.0447,130.2110,0.031267,0.650549,0.561309,-0.000000,0.565524,0.570041,-0.023980,0.498458,0.498029,-0.034665,0.456717,0.399379,-0.037563,0.432866,0.315952,-0.035881,0.542692,0.346106,-0.041107,0.477688,0.237059,-0.040701,0.451923,0.200517,-0.027620,0.443656,0.176191,-0.015657,0.590468,0.292085,-0.027483,0.544350,0.137141,-0.032518,0.526644,0.169834,-0.014630,0.530207,0.213498,0.006391,0.631642,0.272586,-0.012971,0.595777,0.137989,-0.017635,0.575196,0.176006,-0.000632,0.575320,0.218487,0.018471,0.664097,0.276790,0.000918,0.634368,0.178900,0.002854,0.611544,0.194632,0.015471,0.607951,0.224166,0.030016
1103,1694940886.491648,0,-40.2085,-40.2085,-14.6056,-21.7008,22.4943,2596.3502,75.8933,8935.2829,1.7119,122.2353,310.8963,122.4217,93.3418,98.2284,126.3933,0.026396,0.651086,0.553939,-0.000000,0.565899,0.567168,-0.022795,0.500357,0.496622,-0.033271,0.459434,0.399764,-0.034960,0.435541,0.317844,-0.032138,0.546227,0.345320,-0.050980,0.478495,0.234433,-0.052100,0.451304,0.199115,-0.038510,0.444212,0.177101,-0.025556,0.594463,0.291382,-0.036406,0.548490,0.135458,-0.042860,0.525721,0.168496,-0.023278,0.526728,0.213096,-0.000953,0.634699,0.273502,-0.019900,0.599166,0.140120,-0.025771,0.574133,0.181739,-0.007601,0.572493,0.226331,0.012815,0.666130,0.278960,-0.003391,0.636628,0.177626,-0.000980,0.610118,0.195172,0.013276,0.604415,0.227247,0.029096
1104,1694940886.499982,0,22.1295,22.1295,1.7873,16.3929,23.0155,490.2088,88.5827,9849.2194,1.9158,124.2454,309.1710,125.0036,94.1464,98.7154,128.9752,0.018243,0.650514,0.550737,-0.000000,0.565455,0.567758,-0.021270,0.499726,0.495055,-0.030030,0.459471,0.397191,-0.030229,0.436856,0.319566,-0.026163,0.546191,0.341467,-0.047319,0.482043,0.231516,-0.046910,0.453485,0.198481,-0.032825,0.444693,0.177727,-0.020018,0.594964,0.289135,-0.033481,0.550001,0.132417,-0.039773,0.525991,0.169483,-0.020196,0.526673,0.214148,0.002336,0.635784,0.272800,-0.017697,0.601548,0.140460,-0.023281,0.575171,0.186046,-0.005379,0.573555,0.230977,0.014923,0.667413,0.280046,-0.001835,0.638368,0.176636,0.001154,0.610788,0.195692,0.015455,0.605265,0.227849,0.031125
1105,1694940886.508315,0,-20.0404,-20.0404,-8.2605,-10.0478,24.3311,2738.2273,29.0296,7343.1764,1.6531,122.5579,310.4856,121.0897,94.0072,100.0403,128.7783,0.020791,0.653249,0.553458,-0.000000,0.569529,0.570148,-0.022892,0.499734,0.499733,-0.032243,0.459838,0.397498,-0.032968,0.437089,0.318003,-0.029044,0.547155,0.345200,-0.044964,0.478725,0.230633,-0.042058,0.450235,0.192911,-0.026576,0.440842,0.169278,-0.012855,0.595912,0.291469,-0.028652,0.551416,0.137354,-0.028214,0.529696,0.163700,-0.005653,0.529719,0.205174,0.017606,0.636547,0.273863,-0.010837,0.599140,0.142583,-0.010215,0.573467,0.179135,0.010360,0.569324,0.222842,0.030952,0.668258,0.279322,0.006500,0.638783,0.177931,0.012093,0.612389,0.189318,0.026884,0.605343,0.217652,0.042564
1106,1694940886.516648,0,40.6286,40.6286,5.8598,14.1203,29.5858,386.3053,70.7690,10648.5878,1.3892,130.9020,317.1626,127.4710,98.3553,104.3841,135.0349,0.015171,0.655578,0.552361,-0.000000,0.570898,0.570006,-0.028242,0.501954,0.499135,-0.040884,0.459772,0.397838,-0.043214,0.438338,0.316539,-0.040977,0.550841,0.349426,-0.059653,0.481732,0.232471,-0.062977,0.454103,0.192495,-0.050762,0.445994,0.168100,-0.038810,0.599820,0.291468,-0.041812,0.552088,0.135145,-0.048189,0.527621,0.168116,-0.028308,0.526838,0.211822,-0.006453,0.639024,0.268660,-0.022206,0.597699,0.138219,-0.027943,0.571062,0.179604,-0.009979,0.568405,0.224530,0.009661,0.668696,0.269220,-0.003044,0.634364,0.170541,-0.002172,0.608677,0.187100,0.010651,0.603431,0.216375,0.025344
1107,1694940886.524982,0,33.3214,33.3214,18.3825,12.5227,31.6616,2922.8005,11.6718,7845.5920,1.7949,126.7701,311.6694,124.7099,95.6858,101.5104,133.2267,0.016963,0.654112,0.553267,-0.000000,0.570693,0.570679,-0.025582,0.502544,0.498717,-0.037145,0.460979,0.398871,-0.039478,0.438649,0.318882,-0.037517,0.550397,0.349892,-0.053073,0.483485,0.235105,-0.057188,0.453117,0.192708,-0.047151,0.441661,0.165518,-0.036730,0.599478,0.293829,-0.037476,0.552855,0.134259,-0.044489,0.526948,0.167220,-0.026141,0.525288,0.212183,-0.004857,0.639373,0.272771,-0.020366,0.599113,0.138529,-0.026475,0.571627,0.180807,-0.009160,0.569536,0.226386,0.010492,0.670108,0.275703,-0.003668,0.637322,0.171633,-0.002373,0.610805,0.187484,0.010792,0.605789,0.217868,0.025899
1108,1694940886.533315,0,41.9253,41.9253,4.9490,-13.4335,22.9213,390.9569,3.2245,12994.1913,1.4999,125.8248,308.7145,127.6591,96.2788,97.2334,123.6943,0.013134,0.654384,0.555094,-0.000000,0.571227,0.570957,-0.030671,0.503061,0.499879,-0.044284,0.460569,0.399958,-0.047083,0.437795,0.318980,-0.044742,0.552058,0.346786,-0.062713,0.482396,0.231973,-0.066086,0.451917,0.197371,-0.052520,0.441720,0.178606,-0.039312,0.601105,0.290851,-0.043979,0.553079,0.132181,-0.053031,0.525821,0.164571,-0.032835,0.523205,0.209161,-0.009519,0.640059,0.271247,-0.023482,0.600478,0.138485,-0.031397,0.571827,0.178751,-0.012516,0.567541,0.223785,0.009064,0.669497,0.275663,-0.003604,0.637677,0.172752,-0.003779,0.609627,0.187141,0.009512,0.602194,0.217151,0.025383
1109,1694940886.541648,0,-35.0959,-35.0959,-3.7639,-8.7129,32.9066,411.8814,0.0785,13873.0637,1.8525,120.0802,301.6851,117.5483,85.7814,89.4819,120.0340,0.017040,0.656739,0.561340,-0.000000,0.572432,0.574140,-0.029831,0.503480,0.500172,-0.042848,0.460287,0.396250,-0.044824,0.434787,0.316995,-0.041605,0.551626,0.348728,-0.061619,0.481643,0.233251,-0.063512,0.448566,0.195807,-0.049944,0.432920,0.172612,-0.037081,0.600507,0.291234,-0.040811,0.552478,0.139053,-0.043409,0.525433,0.166424,-0.019682,0.519826,0.208478,0.004279,0.639267,0.271931,-0.018345,0.599213,0.138588,-0.020373,0.569441,0.167345,0.001317,0.560737,0.209367,0.023060,0.668023,0.276107,0.003292,0.637655,0.175467,0.005826,0.608532,0.180894,0.019086,0.597344,0.204953,0.034239
1110,1694940886.549982,0,-35.9438,-35.9438,-19.1431,-15.3792,36.4427,3274.5792,15.3758,12420.1604,2.1616,128.5849,309.9454,124.9558,93.3512,96.1629,126.0269,0.014792,0.654729,0.557312,-0.000000,0.571334,0.574398,-0.028200,0.501026,0.502237,-0.041126,0.458534,0.399110,-0.044374,0.434878,0.318478,-0.042841,0.549171,0.348723,-0.055508,0.480182,0.232022,-0.058770,0.450068,0.192900,-0.047151,0.439060,0.169449,-0.035690,0.598939,0.292923,-0.038474,0.551829,0.132511,-0.045198,0.524490,0.162266,-0.025586,0.520708,0.206938,-0.003339,0.639012,0.274272,-0.020118,0.600098,0.136570,-0.025543,0.569693,0.171884,-0.006547,0.562923,0.216534,0.014271,0.670181,0.280043,-0.002564,0.640045,0.174495,-0.001312,0.610983,0.182797,0.011735,0.601321,0.209631,0.026935
1111,1694940886.558315,0,-33.9926,-33.9926,-16.8285,2.3146,35.6925,3151.9990,22.9487,13827.1572,1.8884,128.9969,304.7447,121.2012,88.8404,91.0519,120.3437,0.014946,0.654258,0.553616,-0.000000,0.568885,0.570652,-0.028843,0.499574,0.502308,-0.042789,0.456951,0.401273,-0.046241,0.432970,0.319399,-0.044642,0.549905,0.343925,-0.061430,0.478254,0.226161,-0.063027,0.446492,0.190263,-0.047950,0.435792,0.170519,-0.033779,0.599868,0.289108,-0.042585,0.551370,0.128530,-0.048246,0.524154,0.165112,-0.025109,0.521556,0.211505,-0.000411,0.639629,0.271463,-0.021858,0.599135,0.133893,-0.026678,0.569584,0.174209,-0.006133,0.564410,0.220287,0.015660,0.670002,0.277321,-0.001554,0.637896,0.170038,0.001102,0.609218,0.183753,0.015654,0.601220,0.213970,0.031638
1112,1694940886.566648,0,33.3840,33.3840,-2.1353,14.6932,35.7063,595.8780,23.5497,14154.8254,1.1609,111.2739,288.1207,107.8091,74.2422,76.0910,105.6127,0.020209,0.653978,0.555871,-0.000000,0.570262,0.571349,-0.029463,0.498374,0.502163,-0.043069,0.455053,0.396595,-0.046348,0.429989,0.311847,-0.044307,0.546335,0.337902,-0.058756,0.473635,0.222827,-0.058300,0.439341,0.192528,-0.041914,0.424792,0.179496,-0.027286,0.597151,0.282623,-0.039602,0.549397,0.127204,-0.043108,0.523840,0.160747,-0.019422,0.520213,0.207616,0.004791,0.637637,0.266511,-0.018744,0.597754,0.132888,-0.022309,0.569869,0.172152,-0.000666,0.563780,0.219114,0.021145,0.669004,0.273464,0.001481,0.637384,0.166707,0.003705,0.608661,0.180180,0.018546,0.600081,0.210521,0.034592
1113,1694940886.574982,0,37.4315,37.4315,18.1319,20.2672,34.5272,3338.0790,45.9404,12531.0332,2.3206,118.1767,295.7116,117.1705,82.2876,80.9207,108.2861,0.013328,0.655513,0.556784,-0.000000,0.570158,0.572217,-0.028821,0.500735,0.502776,-0.042333,0.456295,0.402522,-0.045068,0.431151,0.320500,-0.042149,0.549089,0.344365,-0.061425,0.476842,0.226152,-0.064870,0.444227,0.195731,-0.050741,0.430670,0.181382,-0.036414,0.598764,0.287504,-0.042311,0.549838,0.123254,-0.050394,0.524693,0.153648,-0.028228,0.521771,0.197694,-0.003050,0.638378,0.267477,-0.021271,0.597054,0.131801,-0.027516,0.569627,0.167152,-0.006119,0.564563,0.210305,0.017481,0.668737,0.271298,-0.000698,0.635259,0.165758,0.001114,0.607678,0.177683,0.016535,0.600169,0.206671,0.034257
1114,1694940886.583315,0,-35.1697,-35.1697,0.1935,-17.9383,34.5393,691.2873,72.2408,12276.9642,1.3093,117.6898,291.6817,117.2534,80.7909,78.6074,105.5831,0.013799,0.656879,0.558970,-0.000000,0.572233,0.571542,-0.033740,0.500850,0.503241,-0.048687,0.455040,0.402765,-0.052600,0.428984,0.319445,-0.050491,0.548448,0.340621,-0.061387,0.475759,0.225890,-0.062908,0.443279,0.195451,-0.047908,0.430209,0.181815,-0.033884,0.597917,0.284024,-0.040583,0.545767,0.129085,-0.046180,0.518628,0.158845,-0.024971,0.514156,0.202650,-0.002030,0.637228,0.265478,-0.018587,0.595377,0.130321,-0.023551,0.565728,0.162839,-0.004104,0.557686,0.206290,0.016717,0.666999,0.271572,0.002245,0.636343,0.167424,0.002189,0.606681,0.174633,0.013857,0.595237,0.200995,0.028301
1115,1694940886.591648,0,38.8213,38.8213,18.2035,18.0099,34.8926,3539.4961,30.1194,12994.3883,2.3690,111.3873,288.1540,113.7763,76.5666,72.9100,100.8883,0.012289,0.653960,0.556386,-0.000000,0.569484,0.568660,-0.031889,0.498894,0.502563,-0.047534,0.453606,0.402760,-0.052143,0.429077,0.319585,-0.050755,0.546528,0.341326,-0.066966,0.472729,0.225535,-0.070028,0.439186,0.198251,-0.054220,0.425616,0.188854,-0.039226,0.596120,0.284659,-0.047519,0.543547,0.126173,-0.054983,0.516719,0.159882,-0.032304,0.513201,0.205731,-0.008146,0.635655,0.265713,-0.026292,0.592396,0.129231,-0.032549,0.562904,0.164515,-0.011510,0.556085,0.207872,0.010457,0.666013,0.271460,-0.005871,0.634611,0.163635,-0.005803,0.604870,0.174053,0.007624,0.594312,0.202616,0.023153
1116,1694940886.599982,0,-32.0886,-32.0886,-16.3682,-34.5716,34.4386,3179.9164,45.0768,12851.9742,1.8699,111.6404,279.7010,108.7670,70.9558,66.8477,93.9104,0.015682,0.654446,0.552828,-0.000000,0.569620,0.571623,-0.031115,0.496640,0.503942,-0.045330,0.450943,0.401394,-0.048266,0.426214,0.318648,-0.045247,0.546038,0.343154,-0.065725,0.472057,0.226825,-0.066880,0.436842,0.198622,-0.049330,0.420976,0.189558,-0.033078,0.595447,0.283574,-0.045740,0.541948,0.125520,-0.052210,0.512362,0.154892,-0.028266,0.505572,0.199643,-0.002629,0.634876,0.262476,-0.023739,0.589740,0.128566,-0.028789,0.558618,0.163155,-0.005917,0.549650,0.207214,0.017842,0.665139,0.267053,-0.002521,0.631011,0.161154,-0.001446,0.600062,0.171694,0.013448,0.588558,0.200659,0.030513
1117,1694940886.608315,0,-26.2239,-26.2239,-15.9139,0.4543,34.0679,3606.0714,35.8554,12288.4712,1.3517,115.7994,284.8360,115.0379,78.5017,72.9030,96.6829,0.014365,0.652951,0.549394,-0.000000,0.567361,0.570331,-0.032719,0.495441,0.504717,-0.047308,0.449913,0.405722,-0.050490,0.423368,0.323179,-0.047926,0.544203,0.339644,-0.064253,0.471287,0.225904,-0.063971,0.438002,0.199220,-0.046418,0.425533,0.189555,-0.030658,0.593091,0.280546,-0.043415,0.539245,0.126955,-0.047045,0.511058,0.161421,-0.022867,0.507781,0.207879,0.001715,0.632205,0.260136,-0.020981,0.586252,0.126103,-0.024541,0.556142,0.164066,-0.003197,0.550082,0.208735,0.018286,0.662331,0.264299,0.000533,0.628477,0.157778,0.002134,0.598502,0.171850,0.015861,0.589287,0.203036,0.031071
1118,1694940886.616648,0,-24.0663,-24.0663,2.7759,18.6897,27.5716,350.1745,28.9484,12652.2945,2.1827,114.2269,279.6207,110.0452,70.7790,65.1140,92.3054,0.014604,0.653548,0.553498,-0.000000,0.567435,0.570610,-0.031754,0.495170,0.504378,-0.045883,0.448638,0.401031,-0.049009,0.420614,0.320451,-0.046246,0.540810,0.337772,-0.062125,0.467152,0.225050,-0.060850,0.434509,0.199336,-0.042724,0.420420,0.190320,-0.026843,0.590284,0.277757,-0.041363,0.536183,0.127811,-0.043746,0.508939,0.160379,-0.020084,0.503818,0.205307,0.003466,0.630144,0.258293,-0.018830,0.587704,0.124857,-0.021306,0.558419,0.159247,-0.000698,0.550250,0.204772,0.019747,0.660469,0.264394,0.002792,0.630226,0.162713,0.004448,0.599867,0.172265,0.016587,0.587741,0.199897,0.030539
1119,1694940886.624982,0,-11.5025,-11.5025,-12.5810,-15.3568,25.8056,3569.3233,38.9555,11876.8461,1.7314,105.0640,270.6645,108.0622,66.4055,57.0777,83.9691,0.015963,0.651811,0.550655,-0.000000,0.566693,0.570256,-0.029924,0.492919,0.505892,-0.043845,0.445801,0.404913,-0.046766,0.418089,0.322340,-0.043368,0.539812,0.338537,-0.064369,0.463715,0.223615,-0.061056,0.429411,0.200670,-0.038150,0.415819,0.200305,-0.018310,0.589250,0.278877,-0.044333,0.533006,0.123890,-0.047837,0.505635,0.158399,-0.021247,0.501447,0.206110,0.005476,0.629137,0.258067,-0.021915,0.582314,0.122423,-0.025510,0.554454,0.162629,-0.002088,0.548796,0.211219,0.021168,0.659759,0.263624,0.000040,0.624941,0.155016,0.002155,0.595121,0.171112,0.017473,0.585981,0.204935,0.034054
1120,1694940886.633315,0,-34.1241,-34.1241,-0.5089,12.0721,7.9529,97.1246,58.0416,12863.3109,1.1680,119.5486,280.9839,108.2288,69.6095,66.6967,96.2790,0.017912,0.649469,0.550090,-0.000000,0.565331,0.571393,-0.031028,0.492621,0.507096,-0.045271,0.446334,0.407044,-0.049161,0.420608,0.324815,-0.047655,0.538570,0.344582,-0.061466,0.464886,0.230239,-0.065453,0.432303,0.199808,-0.052629,0.419053,0.185578,-0.040042,0.587888,0.282036,-0.043489,0.533808,0.123759,-0.052758,0.505495,0.153520,-0.033569,0.500672,0.199126,-0.011377,0.628027,0.260103,-0.023971,0.585619,0.126053,-0.031439,0.555586,0.163721,-0.012151,0.548422,0.209130,0.009164,0.659619,0.264826,-0.005380,0.627855,0.161046,-0.005880,0.597598,0.173778,0.007277,0.586970,0.203580,0.022879
1121,1694940886.641648,0,-17.9910,-17.9910,2.0582,2.5671,7.6462,278.9628,71.7128,13486.6470,1.1731,115.5278,276.1025,105.3065,65.8934,62.1078,91.5763,0.020645,0.648543,0.555095,-0.000000,0.564451,0.572391,-0.030824,0.490796,0.505039,-0.043807,0.444532,0.402021,-0.046185,0.415426,0.323437,-0.042863,0.536964,0.335983,-0.057699,0.461141,0.225711,-0.054477,0.428124,0.198763,-0.035495,0.415466,0.188437,-0.019450,0.585113,0.277545,-0.037645,0.531732,0.123109,-0.041255,0.509108,0.160058,-0.019089,0.508694,0.206723,0.003834,0.624815,0.257605,-0.015704,0.581088,0.121498,-0.019938,0.557016,0.165888,-0.000680,0.554090,0.216283,0.019198,0.655774,0.262346,0.005587,0.622234,0.155972,0.006549,0.595512,0.176669,0.018982,0.589459,0.212053,0.032955
1122,1694940886.649982,0,-36.8739,-36.8739,-3.2019,-5.2601,9.5538,101.4909,80.2039,13264.8310,1.4648,115.9907,275.0045,103.0290,65.0833,61.8427,89.5049,0.019325,0.648827,0.554840,-0.000000,0.563473,0.574493,-0.030064,0.490153,0.509333,-0.043985,0.443604,0.408433,-0.047497,0.415585,0.327383,-0.045292,0.536153,0.345637,-0.061920,0.460633,0.228404,-0.063401,0.427360,0.199372,-0.047675,0.413696,0.188949,-0.032947,0.585195,0.283069,-0.043432,0.529382,0.125550,-0.049366,0.502293,0.156205,-0.027732,0.498549,0.203098,-0.004621,0.625028,0.260934,-0.023101,0.579130,0.125588,-0.028172,0.551360,0.163131,-0.007988,0.546096,0.210326,0.012977,0.656067,0.265053,-0.003524,0.621987,0.160471,-0.002704,0.592383,0.176862,0.010893,0.582830,0.210920,0.026229
1123,1694940886.658315,0,-30.4206,-30.4206,-4.7295,-1.5276,9.7769,325.1342,53.8511,12082.0655,2.1013,122.5671,279.5265,113.3416,75.0044,68.7882,91.3664,0.016373,0.648049,0.554106,-0.000000,0.563606,0.572792,-0.029908,0.490238,0.509435,-0.044001,0.443606,0.409004,-0.047728,0.414916,0.328923,-0.045449,0.533395,0.342133,-0.062603,0.458704,0.224590,-0.061577,0.429700,0.197558,-0.042127,0.421237,0.190393,-0.025028,0.582462,0.282279,-0.044243,0.527899,0.123111,-0.050860,0.503942,0.154956,-0.029043,0.502455,0.202049,-0.005498,0.622802,0.261009,-0.023622,0.578661,0.125065,-0.029036,0.553209,0.164008,-0.008891,0.549075,0.212252,0.012136,0.654764,0.266429,-0.003621,0.621691,0.161651,-0.002817,0.593775,0.179110,0.010567,0.585302,0.213477,0.025747
1124,1694940886.666648,0,-20.7097,-20.7097,3.3536,8.0831,7.4221,448.0034,11.7904,12441.5566,1.0124,116.0154,266.4052,98.8727,58.5810,55.2029,86.2463,0.023226,0.644196,0.549409,-0.000000,0.560325,0.573348,-0.030938,0.486977,0.511324,-0.044955,0.439997,0.414232,-0.048417,0.410306,0.333737,-0.046028,0.532052,0.343516,-0.060199,0.455751,0.231100,-0.059674,0.421520,0.202181,-0.042081,0.409538,0.193672,-0.026086,0.580937,0.282887,-0.040571,0.524727,0.128639,-0.044700,0.495794,0.155181,-0.021388,0.491824,0.200893,0.003044,0.621339,0.262470,-0.019319,0.573615,0.128612,-0.022360,0.544241,0.165327,-0.000022,0.538558,0.212604,0.022429,0.653366,0.268393,0.000911,0.619583,0.161558,0.002950,0.588742,0.174526,0.017543,0.578489,0.206706,0.033756
1125,1694940886.674982,0,-25.4014,-25.4014,-1.8526,-5.2062,6.7806,144.6447,27.4534,11389.7858,1.3761,119.9383,273.8931,100.1376,62.6631,62.0236,92.6106,0.022816,0.644520,0.552098,-0.000000,0.559056,0.575680,-0.030949,0.485772,0.512620,-0.044818,0.439712,0.414168,-0.048441,0.411392,0.335400,-0.046607,0.531506,0.344385,-0.058058,0.457080,0.228987,-0.058467,0.424582,0.198381,-0.043568,0.411856,0.185560,-0.029871,0.580596,0.283517,-0.038994,0.524016,0.130796,-0.042487,0.497551,0.162489,-0.021719,0.495367,0.206719,-0.000128,0.620620,0.262107,-0.018532,0.574490,0.127421,-0.021970,0.546886,0.166057,-0.003210,0.542359,0.212872,0.016008,0.651953,0.265754,0.000949,0.618755,0.162067,0.002001,0.590036,0.176039,0.013978,0.580953,0.206556,0.027737
1126,1694940886.683315,0,-33.9930,-33.9930,0.7202,2.5728,5.8219,201.3715,69.0743,10972.6076,1.7432,119.5363,270.0565,98.0056,59.3896,59.0012,89.6052,0.025712,0.643405,0.553182,-0.000000,0.559225,0.575310,-0.029047,0.485295,0.513850,-0.043340,0.438696,0.416038,-0.047639,0.411160,0.336866,-0.046596,0.531254,0.348850,-0.060111,0.457565,0.231875,-0.062183,0.424144,0.199777,-0.048082,0.410017,0.186487,-0.034676,0.579381,0.286972,-0.042283,0.524331,0.130418,-0.047151,0.498464,0.160540,-0.025975,0.495686,0.204581,-0.003788,0.618962,0.263794,-0.022708,0.573071,0.128694,-0.026563,0.546533,0.167459,-0.006437,0.542343,0.214788,0.013858,0.650482,0.266684,-0.003961,0.617126,0.162725,-0.002579,0.588650,0.178011,0.010805,0.579500,0.209833,0.025645
1127,1694940886.691648,0,-23.8071,-23.8071,1.6534,0.9332,4.7504,225.6816,30.5383,10916.4120,1.1756,121.2878,271.8393,104.5323,64.2448,59.1766,87.8748,0.022414,0.643079,0.553046,-0.000000,0.559429,0.575368,-0.028204,0.486143,0.514609,-0.041818,0.439868,0.415985,-0.045827,0.412432,0.336402,-0.044499,0.529187,0.345599,-0.059613,0.456303,0.228733,-0.061088,0.425627,0.202383,-0.045354,0.414060,0.195385,-0.030763,0.577493,0.283510,-0.042919,0.522810,0.129984,-0.048984,0.498096,0.159551,-0.028747,0.495531,0.203957,-0.007215,0.617494,0.260372,-0.024291,0.572177,0.125967,-0.029785,0.547752,0.164886,-0.010387,0.544692,0.212534,0.009483,0.649299,0.264200,-0.006295,0.614394,0.162302,-0.006113,0.587883,0.182446,0.007231,0.580949,0.217924,0.022121
1128,1694940886.699982,0,-30.2378,-30.2378,-2.3820,-4.0354,4.7235,84.2690,9.6823,11105.6560,1.1754,117.9954,263.7543,98.8153,57.3229,52.1299,80.9751,0.025428,0.643192,0.555502,-0.000000,0.558673,0.577507,-0.030077,0.485274,0.515599,-0.043461,0.438991,0.417367,-0.046550,0.410549,0.339465,-0.044028,0.529324,0.347864,-0.059943,0.455035,0.231375,-0.059863,0.422696,0.205341,-0.043826,0.409212,0.197530,-0.029454,0.577154,0.285921,-0.041578,0.519091,0.134341,-0.045416,0.492556,0.165108,-0.024402,0.489241,0.209410,-0.003020,0.616053,0.262594,-0.021512,0.568001,0.128302,-0.024775,0.541704,0.165863,-0.004962,0.537777,0.212586,0.014500,0.646368,0.265046,-0.002439,0.611080,0.161285,-0.001327,0.582379,0.176879,0.011289,0.573568,0.209387,0.025198
1129,1694940886.708315,0,-19.5248,-19.5248,1.4692,3.8512,5.0435,324.6626,68.3868,10694.2483,1.0425,120.1127,265.1951,98.9849,58.9179,54.5938,85.0963,0.024396,0.642161,0.556846,-0.000000,0.557729,0.578512,-0.027481,0.484175,0.517593,-0.041175,0.438318,0.418701,-0.045157,0.409591,0.339501,-0.043557,0.527345,0.348255,-0.061021,0.453739,0.230000,-0.060803,0.421969,0.204672,-0.043357,0.409766,0.198188,-0.028098,0.575966,0.288470,-0.044885,0.520058,0.131597,-0.050463,0.496182,0.163250,-0.029087,0.495206,0.208027,-0.007114,0.616452,0.267419,-0.026434,0.569831,0.128854,-0.030760,0.546586,0.170236,-0.009597,0.545441,0.219168,0.010922,0.648933,0.274212,-0.008684,0.615607,0.165958,-0.007305,0.589143,0.185374,0.007186,0.583223,0.221739,0.022379
1130,1694940886.716648,0,-25.0759,-25.0759,2.2293,0.7601,5.0605,304.0376,55.5044,9455.5243,0.9504,116.9352,260.3140,93.1289,54.9370,54.2396,87.5205,0.031597,0.641300,0.557399,-0.000000,0.556083,0.580003,-0.031249,0.483382,0.518396,-0.045478,0.437501,0.420825,-0.049813,0.407450,0.344683,-0.048878,0.527633,0.349576,-0.058227,0.455405,0.235260,-0.059844,0.421889,0.205387,-0.046968,0.405939,0.192586,-0.034983,0.576050,0.286993,-0.039988,0.517979,0.138051,-0.044131,0.489315,0.165910,-0.024854,0.483508,0.207217,-0.004901,0.615832,0.265677,-0.020434,0.569843,0.130610,-0.023925,0.542365,0.167101,-0.004737,0.536774,0.214316,0.014277,0.646675,0.271654,-0.002217,0.615012,0.168696,-0.002312,0.584579,0.180292,0.009267,0.572458,0.209676,0.022621
1131,1694940886.724982,0,10.3446,10.3446,8.5379,6.3087,14.4133,2825.1300,83.2994,8133.2046,2.5091,111.5077,260.9907,95.0392,55.6758,53.9121,86.6394,0.029835,0.641510,0.558961,-0.000000,0.556168,0.582740,-0.028879,0.484010,0.520975,-0.040860,0.436916,0.424585,-0.041887,0.407366,0.346380,-0.036678,0.526926,0.356109,-0.060408,0.454355,0.240618,-0.056661,0.422305,0.209805,-0.036051,0.407640,0.195902,-0.018327,0.573402,0.291835,-0.039694,0.516304,0.141557,-0.039948,0.490106,0.166169,-0.013627,0.486360,0.206534,0.012125,0.612910,0.266656,-0.016782,0.567421,0.131280,-0.015603,0.540999,0.163881,0.009369,0.535789,0.208334,0.032821,0.643456,0.269965,0.005137,0.611998,0.165648,0.010611,0.581590,0.176948,0.026106,0.570776,0.206512,0.042559
1132,1694940886.733315,0,-26.2507,-26.2507,0.9968,-7.5412,14.6529,283.0875,74.1585,8003.0513,1.5784,118.9475,262.1475,91.6683,53.8758,55.9402,90.7128,0.036027,0.639174,0.555971,-0.000000,0.554387,0.581218,-0.030008,0.482271,0.520322,-0.043999,0.436105,0.423967,-0.048140,0.406771,0.346792,-0.047113,0.525040,0.354057,-0.058557,0.453676,0.239818,-0.061137,0.421594,0.206376,-0.048156,0.406427,0.189567,-0.035631,0.571871,0.290814,-0.040471,0.514382,0.142359,-0.044513,0.488216,0.168976,-0.023493,0.485229,0.209630,-0.001902,0.611603,0.266688,-0.021093,0.565409,0.128533,-0.024342,0.539167,0.163684,-0.003172,0.535434,0.209723,0.017679,0.642856,0.269133,-0.002979,0.609487,0.164160,-0.001889,0.580350,0.177238,0.011288,0.571031,0.207092,0.026049
1133,1694940886.741648,0,34.9135,34.9135,13.6096,12.6128,24.0586,2672.7785,22.2175,9044.6696,1.2431,121.6057,263.2483,89.5473,50.7208,53.2678,87.7950,0.035313,0.639887,0.557781,-0.000000,0.555273,0.583406,-0.026016,0.482783,0.522764,-0.038697,0.436513,0.427140,-0.042350,0.409400,0.349541,-0.041257,0.526269,0.357751,-0.055093,0.453564,0.243767,-0.059061,0.421083,0.209300,-0.048042,0.406396,0.191198,-0.036512,0.572917,0.293688,-0.039471,0.515324,0.141206,-0.045487,0.490534,0.169930,-0.026080,0.489356,0.212308,-0.004684,0.612350,0.268362,-0.022297,0.568084,0.130551,-0.027320,0.543325,0.168583,-0.008076,0.541430,0.215068,0.012288,0.643178,0.269372,-0.005811,0.608365,0.167687,-0.004453,0.581252,0.184496,0.009255,0.574859,0.216046,0.024578
1134,1694940886.749982,0,33.2979,33.2979,14.5934,0.9839,26.8489,2324.2883,35.5906,7668.5109,1.4068,118.0494,254.8622,82.6092,46.6719,54.9600,92.4616,0.042215,0.639046,0.556036,-0.000000,0.553148,0.582921,-0.028176,0.480708,0.522662,-0.041816,0.435363,0.426060,-0.045901,0.407338,0.348258,-0.045209,0.525373,0.362650,-0.059625,0.452409,0.244746,-0.063718,0.418100,0.206520,-0.052061,0.400550,0.185813,-0.040272,0.571808,0.297516,-0.043032,0.514325,0.143864,-0.048945,0.489166,0.168577,-0.028758,0.486561,0.208836,-0.007275,0.611401,0.271047,-0.024834,0.566024,0.131674,-0.029553,0.542050,0.169980,-0.009049,0.540113,0.216701,0.011732,0.642497,0.271162,-0.007584,0.608365,0.166752,-0.006527,0.581439,0.184614,0.007652,0.575175,0.217731,0.023119
1135,1694940886.758315,0,-31.4555,-31.4555,-10.4500,-25.0435,28.3772,2237.5576,54.4535,7710.4703,1.0282,121.8426,256.5861,80.7252,45.7862,55.8136,94.3668,0.045010,0.638380,0.559007,-0.000000,0.554266,0.584167,-0.027678,0.481709,0.522810,-0.040882,0.434953,0.426978,-0.044772,0.406849,0.350786,-0.044045,0.525368,0.362983,-0.057050,0.452519,0.247187,-0.061716,0.418675,0.208355,-0.052036,0.400705,0.184531,-0.041927,0.571628,0.297191,-0.040476,0.512817,0.148904,-0.045175,0.487301,0.177477,-0.025182,0.484518,0.219436,-0.004417,0.610954,0.271567,-0.022584,0.565220,0.132444,-0.026709,0.540249,0.170413,-0.006344,0.537860,0.217723,0.014007,0.641497,0.273041,-0.005724,0.608283,0.169085,-0.005174,0.580033,0.184182,0.008084,0.572018,0.215531,0.022829
1136,1694940886.766648,0,-33.7605,-33.7605,-1.8774,8.5726,31.7423,268.6485,31.6027,8593.3348,1.5108,113.0633,252.8790,82.4669,41.7264,47.5012,86.0025,0.040416,0.637120,0.552863,-0.000000,0.551105,0.583506,-0.027984,0.478596,0.523501,-0.040719,0.433371,0.429309,-0.044130,0.406310,0.351341,-0.042811,0.522663,0.359628,-0.056315,0.449880,0.247526,-0.058981,0.416406,0.213344,-0.047568,0.400621,0.195591,-0.036496,0.569063,0.295916,-0.040490,0.511756,0.147500,-0.044484,0.487836,0.169143,-0.025509,0.486482,0.205707,-0.006011,0.608529,0.271544,-0.023237,0.565500,0.132218,-0.027097,0.542165,0.167702,-0.007127,0.540675,0.212398,0.012390,0.639502,0.274239,-0.007094,0.607857,0.167636,-0.006602,0.581735,0.184644,0.007332,0.575739,0.218987,0.022184
1137,1694940886.774982,0,-40.6038,-40.6038,-18.8793,-17.0019,34.1254,2010.6034,47.4470,8230.8539,1.5481,120.3187,250.1716,71.9051,35.7854,51.2702,92.4030,0.051062,0.636061,0.558936,-0.000000,0.551146,0.584731,-0.026666,0.478524,0.523991,-0.039431,0.433701,0.428448,-0.043372,0.405750,0.351868,-0.043187,0.522429,0.360811,-0.054228,0.449388,0.249892,-0.060181,0.413574,0.211203,-0.053239,0.394280,0.186155,-0.045185,0.568757,0.296145,-0.039249,0.510791,0.148845,-0.045248,0.485852,0.176023,-0.027694,0.484207,0.217117,-0.008734,0.608010,0.272512,-0.023104,0.563369,0.135156,-0.028769,0.539227,0.171865,-0.010244,0.537948,0.217239,0.008839,0.638900,0.275196,-0.007868,0.604907,0.171086,-0.007748,0.578172,0.188408,0.005937,0.572285,0.221917,0.020726
1138,1694940886.783315,0,-36.0784,-36.0784,-17.3441,1.5352,27.6748,1911.8590,20.0198,8800.9529,1.9948,112.9583,246.6446,75.2115,35.7965,47.0275,87.9833,0.051638,0.636448,0.559420,-0.000000,0.551441,0.584717,-0.026106,0.477568,0.524328,-0.038927,0.431534,0.429267,-0.042843,0.404501,0.352181,-0.042211,0.521549,0.359681,-0.055156,0.446452,0.251361,-0.061190,0.412905,0.215975,-0.052827,0.396382,0.194562,-0.043218,0.567502,0.295029,-0.039990,0.509584,0.148803,-0.045605,0.484682,0.175529,-0.026318,0.482744,0.214920,-0.005672,0.606448,0.269785,-0.023601,0.561396,0.135552,-0.028717,0.536559,0.172306,-0.008575,0.534820,0.217162,0.012133,0.637274,0.271061,-0.008133,0.603743,0.170193,-0.007438,0.576655,0.185562,0.006771,0.570124,0.216654,0.022506
1139,1694940886.791648,0,-33.4212,-33.4212,-0.4914,16.8527,3.1349,477.7435,60.3053,9273.8897,1.8905,112.1474,243.2201,71.7265,30.5778,46.3467,87.9274,0.052988,0.633530,0.552924,-0.000000,0.549140,0.581675,-0.021100,0.475887,0.522044,-0.031640,0.429912,0.427603,-0.034109,0.405126,0.350830,-0.032421,0.517989,0.358179,-0.050412,0.445792,0.250081,-0.054760,0.411225,0.216713,-0.045749,0.393563,0.196377,-0.036103,0.564174,0.294155,-0.037009,0.508746,0.150139,-0.040322,0.487562,0.178957,-0.020708,0.487909,0.217607,-0.000664,0.603843,0.267553,-0.021864,0.558528,0.134369,-0.024820,0.537172,0.174709,-0.004126,0.537628,0.218984,0.015954,0.635180,0.266305,-0.007148,0.600586,0.164437,-0.004249,0.575938,0.185917,0.011449,0.572207,0.219570,0.027438
1140,1694940886.799982,0,31.9489,31.9489,16.4274,16.9188,27.2867,1737.0766,33.2563,8179.5559,1.6700,120.6613,244.3968,71.8127,32.8356,49.3453,90.7789,0.055345,0.632389,0.557937,-0.000000,0.548383,0.585530,-0.025558,0.476153,0.522263,-0.036594,0.429855,0.428278,-0.038822,0.402620,0.354699,-0.036683,0.517865,0.361299,-0.050947,0.446201,0.253747,-0.055034,0.412969,0.216327,-0.047308,0.395685,0.192509,-0.039105,0.563648,0.295808,-0.035576,0.508390,0.153273,-0.038908,0.483948,0.172131,-0.021938,0.480109,0.206800,-0.004237,0.603358,0.270791,-0.018897,0.563342,0.135594,-0.021817,0.540449,0.169604,-0.003156,0.537906,0.215642,0.015307,0.634174,0.273749,-0.003275,0.605721,0.174524,-0.002361,0.580477,0.190877,0.010532,0.573950,0.224533,0.024742
1141,1694940886.808315,0,-30.1340,-30.1340,2.6174,-13.8099,27.0215,472.2724,31.7368,9528.0555,2.0761,114.2562,237.7500,68.0475,25.5328,47.2270,91.2605,0.060896,0.630271,0.551035,-0.000000,0.545633,0.583913,-0.026342,0.472715,0.522501,-0.037820,0.428056,0.426633,-0.040040,0.399461,0.348086,-0.037883,0.514386,0.358403,-0.053765,0.443594,0.251357,-0.055597,0.409120,0.217870,-0.044561,0.391262,0.199223,-0.033963,0.561774,0.295146,-0.038217,0.505823,0.153805,-0.040087,0.479595,0.168173,-0.021223,0.474231,0.196293,-0.002520,0.601842,0.269100,-0.021151,0.554772,0.139625,-0.023280,0.532302,0.176491,-0.002472,0.531266,0.219380,0.017236,0.633548,0.267806,-0.005159,0.596428,0.165845,-0.004048,0.571233,0.184748,0.010892,0.566876,0.216853,0.026609
1142,1694940886.816648,0,17.6551,17.6551,13.4334,10.8159,28.8393,1275.2949,41.6691,8232.7353,2.6811,124.9745,240.3842,64.8118,26.2202,52.6922,97.9480,0.072581,0.629648,0.555795,-0.000000,0.546190,0.584967,-0.025285,0.473356,0.524883,-0.035777,0.427924,0.428948,-0.037272,0.400366,0.352703,-0.034164,0.514452,0.361074,-0.049020,0.445161,0.254940,-0.049485,0.411309,0.217326,-0.038301,0.392598,0.193001,-0.027993,0.560665,0.296290,-0.033056,0.505681,0.155762,-0.034318,0.479328,0.171373,-0.015332,0.472939,0.201034,0.003915,0.600071,0.269693,-0.015665,0.555259,0.142114,-0.016465,0.530087,0.174953,0.004220,0.525629,0.216871,0.024125,0.631141,0.270037,0.000587,0.598032,0.169340,0.003199,0.570620,0.181967,0.017528,0.562716,0.211462,0.032954
1143,1694940886.824982,0,24.1235,24.1235,14.3862,0.9528,27.9954,1166.3887,33.1566,9513.5292,1.8746,120.6204,240.8925,66.7178,24.9664,51.4770,98.3705,0.081552,0.629929,0.553089,-0.000000,0.544709,0.583166,-0.023840,0.471925,0.523181,-0.034643,0.426020,0.428205,-0.036959,0.399122,0.350468,-0.035101,0.512763,0.359922,-0.049894,0.442277,0.256223,-0.052190,0.409571,0.220557,-0.041996,0.392749,0.198132,-0.031869,0.558463,0.295315,-0.035464,0.503408,0.154783,-0.036620,0.479355,0.170496,-0.017279,0.475036,0.198213,0.001951,0.598026,0.267790,-0.019620,0.552816,0.139049,-0.020653,0.530963,0.174236,0.000361,0.529972,0.215718,0.020276,0.629245,0.266320,-0.004809,0.594851,0.166194,-0.002285,0.570605,0.184211,0.012693,0.566899,0.216014,0.028457
1144,1694940886.833315,0,-19.5637,-19.5637,-12.8782,-27.2643,24.8584,1139.0249,78.1976,9546.3652,1.3451,118.9012,238.5987,65.9109,24.0871,49.5923,95.6647,0.079191,0.627316,0.554063,-0.000000,0.542928,0.583407,-0.019206,0.471256,0.521561,-0.027816,0.426338,0.426787,-0.029102,0.399830,0.349910,-0.026482,0.510938,0.361272,-0.042119,0.442424,0.258881,-0.043771,0.409581,0.223494,-0.034223,0.392182,0.198972,-0.024674,0.556470,0.296853,-0.029974,0.503327,0.153772,-0.030971,0.480087,0.174780,-0.012046,0.477066,0.207063,0.007479,0.596574,0.270105,-0.016361,0.555551,0.139251,-0.017067,0.533062,0.174998,0.003493,0.531239,0.215862,0.023449,0.628784,0.269855,-0.003377,0.597209,0.170223,0.001045,0.572290,0.187905,0.016820,0.567332,0.219433,0.033029
1145,1694940886.841648,0,-20.1815,-20.1815,2.4881,15.3663,22.0627,80.2290,1.7730,8931.9836,1.4923,116.0586,240.3162,68.2681,23.4141,47.0164,94.7582,0.087961,0.627425,0.557657,-0.000000,0.541542,0.581724,-0.022878,0.471273,0.520990,-0.033784,0.425301,0.426947,-0.037452,0.396439,0.348027,-0.037217,0.509249,0.354098,-0.041358,0.440301,0.257282,-0.042489,0.408476,0.225680,-0.033335,0.392954,0.204346,-0.024868,0.555260,0.290661,-0.029201,0.502689,0.153668,-0.031466,0.480503,0.177334,-0.015871,0.477759,0.210689,0.000534,0.595459,0.266393,-0.016009,0.555866,0.136954,-0.018791,0.534224,0.170083,-0.001452,0.532824,0.209801,0.015642,0.627490,0.268253,-0.003701,0.597026,0.172058,-0.002414,0.573617,0.189240,0.010560,0.569187,0.220519,0.024499
1146,1694940886.849982,0,22.9121,22.9121,1.3143,-1.1739,20.4166,68.7739,11.7069,10299.1078,1.5304,127.1543,241.0214,60.8339,18.4186,50.4530,99.4412,0.087210,0.624260,0.551969,-0.000000,0.538902,0.580300,-0.019938,0.467156,0.518299,-0.028439,0.423188,0.423311,-0.029553,0.397107,0.345144,-0.026875,0.506857,0.358563,-0.041346,0.439025,0.256368,-0.042910,0.406582,0.222501,-0.034157,0.389656,0.198152,-0.025526,0.552972,0.294782,-0.029043,0.499100,0.153551,-0.030887,0.476129,0.175708,-0.013506,0.473992,0.208345,0.004847,0.593404,0.268382,-0.015315,0.549133,0.138766,-0.016527,0.527513,0.175484,0.003363,0.527507,0.215570,0.022786,0.626167,0.267814,-0.002306,0.591383,0.167796,0.001537,0.566287,0.186839,0.017085,0.562658,0.217981,0.033060
1147,1694940886.858315,0,-17.4231,-17.4231,-10.3867,-11.7009,20.8805,675.1972,76.4886,10383.2329,2.0724,125.4684,234.5535,60.1930,18.5563,52.3225,99.0583,0.096295,0.621947,0.550111,-0.000000,0.537100,0.579993,-0.017103,0.467312,0.518415,-0.024501,0.422249,0.425064,-0.025173,0.393645,0.346104,-0.022412,0.504988,0.356553,-0.036373,0.437033,0.259476,-0.035582,0.404506,0.226361,-0.025935,0.388170,0.198903,-0.017163,0.550732,0.292573,-0.025591,0.498134,0.155762,-0.025668,0.476252,0.179174,-0.009046,0.474933,0.211469,0.008241,0.590352,0.265693,-0.013201,0.549916,0.140198,-0.013216,0.528321,0.178581,0.004934,0.527681,0.218574,0.022516,0.622166,0.262513,-0.001161,0.588047,0.167735,0.003413,0.563904,0.189365,0.018231,0.560641,0.220639,0.033206
1148,1694940886.866648,0,-19.9392,-19.9392,-0.0939,10.2928,16.9039,181.9129,14.6541,10867.5711,1.6103,122.2909,234.1129,63.5226,18.5980,47.9963,98.0738,0.092279,0.622498,0.550050,-0.000000,0.535163,0.581134,-0.019971,0.465044,0.518452,-0.028221,0.422075,0.424491,-0.029732,0.391959,0.346630,-0.027673,0.503145,0.350440,-0.035676,0.435914,0.258872,-0.035085,0.403799,0.228663,-0.026990,0.389363,0.205966,-0.019633,0.549554,0.289330,-0.025018,0.499413,0.154592,-0.025476,0.474872,0.164143,-0.011316,0.471462,0.183012,0.003178,0.589227,0.265695,-0.013300,0.548819,0.138917,-0.014204,0.526985,0.175939,0.002906,0.527351,0.216616,0.019257,0.621249,0.265922,-0.002526,0.587078,0.168846,0.000048,0.561849,0.188998,0.013851,0.558182,0.220732,0.027955
1149,1694940886.874982,1,-20.9855,-20.9855,-0.2010,-0.1071,17.0595,434.8289,18.6121,11014.9163,1.9071,132.0926,235.5015,55.4385,16.6944,56.8067,106.4295,0.100198,0.619131,0.551962,-0.000000,0.533990,0.582686,-0.019258,0.462612,0.520632,-0.027306,0.419217,0.425159,-0.028586,0.392677,0.348216,-0.026264,0.498433,0.361268,-0.037053,0.432211,0.261809,-0.038058,0.401841,0.223643,-0.030179,0.386341,0.195864,-0.022425,0.544966,0.297263,-0.026090,0.493954,0.156788,-0.026455,0.470236,0.166384,-0.011661,0.464710,0.189653,0.004206,0.586114,0.269752,-0.013950,0.545897,0.145199,-0.013847,0.524862,0.176359,0.003305,0.523526,0.215283,0.020235,0.619458,0.268447,-0.002723,0.587294,0.176858,0.000924,0.563255,0.191392,0.014251,0.558144,0.219706,0.028515
1150,1694940886.883315,1,12.3174,12.3174,-2.6487,-2.4477,18.5004,355.7852,78.0784,11228.7231,1.7011,137.5640,235.1917,53.2267,16.2218,58.4076,108.1109,0.107727,0.614791,0.545830,0.000000,0.528474,0.579479,-0.013893,0.459150,0.516191,-0.017534,0.417002,0.426220,-0.014860,0.388829,0.350775,-0.008847,0.493775,0.351185,-0.029061,0.429911,0.262625,-0.024346,0.399617,0.226887,-0.014202,0.384913,0.194156,-0.006170,0.540235,0.293109,-0.019797,0.491548,0.163323,-0.016908,0.467727,0.158988,-0.002080,0.464608,0.166956,0.012216,0.581808,0.272374,-0.008895,0.549041,0.148772,-0.006403,0.527375,0.175418,0.010469,0.526157,0.210100,0.026153,0.615267,0.274518,0.001537,0.587291,0.179607,0.007842,0.562203,0.196400,0.022428,0.557746,0.226165,0.036530
1151,1694940886.891648,1,-27.9713,-27.9713,-2.6370,0.0117,14.0028,242.2162,28.5213,11847.9082,2.0098,140.1188,224.2118,54.9458,4.5900,50.3476,98.9521,0.112727,0.614163,0.547971,-0.000000,0.527878,0.582794,-0.015857,0.457312,0.522120,-0.021430,0.413653,0.430961,-0.020490,0.386163,0.353918,-0.016151,0.490855,0.358832,-0.032676,0.425671,0.271475,-0.030230,0.395458,0.237700,-0.022151,0.380603,0.208435,-0.015351,0.536800,0.296047,-0.022792,0.488916,0.162498,-0.020124,0.464699,0.157954,-0.006627,0.459814,0.166418,0.006181,0.577739,0.270489,-0.011241,0.542123,0.144605,-0.008739,0.522481,0.177510,0.007455,0.523003,0.218290,0.022248,0.611524,0.268957,-0.000338,0.581532,0.174462,0.005376,0.557382,0.194536,0.019424,0.553402,0.227584,0.033062
1152,1694940886.899982,1,-13.3387,-13.3387,1.6501,4.2872,13.9449,484.8238,17.2027,10202.0792,2.5011,143.5147,219.7415,49.2385,4.8453,53.6530,102.0316,0.118641,0.610775,0.551175,-0.000000,0.525292,0.584630,-0.016432,0.455828,0.525881,-0.022608,0.412587,0.436212,-0.022778,0.382140,0.362910,-0.019782,0.487981,0.359992,-0.030456,0.422055,0.273357,-0.028274,0.391725,0.238098,-0.020376,0.376158,0.207963,-0.013635,0.532718,0.297138,-0.021201,0.482659,0.164778,-0.018704,0.460008,0.168272,-0.005425,0.456841,0.183968,0.007751,0.572700,0.270446,-0.010634,0.534978,0.147372,-0.008156,0.514812,0.179391,0.007182,0.514983,0.218273,0.021232,0.606337,0.268069,-0.000911,0.576337,0.180003,0.004030,0.552792,0.198683,0.016777,0.548173,0.229507,0.029503
1153,1694940886.908315,1,-19.1807,-19.1807,0.4512,-1.1989,13.8833,517.7750,33.6912,8773.9294,1.9189,145.6427,216.0759,44.6348,10.4963,55.9105,102.8673,0.120525,0.608886,0.553083,-0.000000,0.523479,0.588711,-0.015279,0.451488,0.530574,-0.019855,0.407748,0.441215,-0.018817,0.376311,0.372259,-0.014805,0.482081,0.365559,-0.025865,0.416180,0.280750,-0.023763,0.386565,0.242288,-0.016514,0.370934,0.208366,-0.010257,0.526437,0.301939,-0.017514,0.474853,0.168896,-0.015661,0.456837,0.177722,-0.002900,0.458086,0.195032,0.010515,0.566156,0.273066,-0.008230,0.526643,0.152019,-0.007392,0.508537,0.187066,0.006736,0.511091,0.224647,0.020704,0.599527,0.268079,0.000369,0.566677,0.178400,0.004453,0.544519,0.199729,0.016982,0.541761,0.231751,0.029777
1154,1694940886.916648,1,14.2820,14.2820,0.4912,0.0400,17.0539,907.8052,74.8952,8191.4026,2.3656,143.2708,204.7534,41.3956,11.0389,55.7099,100.7010,0.111541,0.603146,0.552189,-0.000000,0.519924,0.594540,-0.015793,0.448722,0.535753,-0.020204,0.406008,0.448563,-0.018985,0.375408,0.381981,-0.015261,0.475960,0.373176,-0.026377,0.413523,0.289152,-0.026345,0.384603,0.247582,-0.021418,0.369273,0.209502,-0.017068,0.520785,0.307803,-0.018177,0.470729,0.177827,-0.018397,0.456838,0.198538,-0.006751,0.462625,0.225481,0.006389,0.561743,0.278622,-0.009216,0.522577,0.157788,-0.009522,0.506774,0.194528,0.004279,0.511801,0.231178,0.018034,0.596081,0.274718,-0.001058,0.565190,0.182749,0.002108,0.544427,0.206131,0.014189,0.543481,0.238913,0.026527
1155,1694940886.924982,1,-5.9019,-5.9019,5.5174,5.0262,14.3103,832.6940,60.4360,7055.2949,3.1228,139.0208,196.2660,39.3884,16.4112,54.2634,95.4751,0.106879,0.599751,0.553936,-0.000000,0.516015,0.600474,-0.014554,0.444990,0.543421,-0.017117,0.400848,0.459804,-0.013867,0.369708,0.393965,-0.007839,0.468459,0.379714,-0.024635,0.408225,0.292729,-0.022832,0.380502,0.249404,-0.016251,0.366889,0.212178,-0.010506,0.512840,0.314284,-0.016071,0.464230,0.186425,-0.015674,0.450092,0.203274,-0.003597,0.456205,0.229507,0.009988,0.554023,0.284485,-0.006637,0.518702,0.163712,-0.006363,0.501750,0.197055,0.006955,0.504926,0.232105,0.020517,0.588829,0.280081,0.002235,0.560645,0.190500,0.006117,0.539211,0.212841,0.017863,0.536737,0.244982,0.030057
1156,1694940886.933315,1,8.4122,8.4122,5.4377,-0.0796,12.6959,1343.6954,13.9951,4547.6296,2.4465,144.1196,179.9948,39.0997,34.2070,60.8585,94.3983,0.106638,0.591310,0.550239,0.000000,0.511108,0.599144,-0.012336,0.440034,0.550861,-0.016974,0.395157,0.466735,-0.016564,0.362247,0.398381,-0.013479,0.462770,0.383358,-0.027865,0.400007,0.298902,-0.026521,0.369591,0.256216,-0.019627,0.354116,0.220072,-0.013887,0.505447,0.319395,-0.022705,0.454217,0.191825,-0.024849,0.440479,0.187264,-0.014305,0.446990,0.195959,-0.002438,0.545430,0.289522,-0.015906,0.506547,0.176124,-0.017207,0.493203,0.210141,-0.002318,0.498596,0.245041,0.012020,0.580639,0.281772,-0.009515,0.547592,0.192132,-0.006403,0.529474,0.217769,0.007827,0.530271,0.250754,0.021645
1157,1694940886.941648,1,23.2655,23.2655,10.6115,5.1738,15.0438,1960.8766,20.3268,6315.9372,1.8002,121.8989,163.5958,64.8690,44.7013,50.0567,77.2623,0.095374,0.587713,0.550699,0.000000,0.508881,0.606131,-0.016772,0.435572,0.564107,-0.024123,0.389926,0.482830,-0.026076,0.355236,0.415541,-0.025411,0.457132,0.395976,-0.033550,0.392060,0.311633,-0.036985,0.363472,0.278773,-0.032909,0.353043,0.259995,-0.028093,0.499704,0.328478,-0.028248,0.442347,0.204745,-0.033277,0.426030,0.215469,-0.023891,0.430974,0.237481,-0.012524,0.539090,0.295037,-0.022119,0.493111,0.185413,-0.026175,0.479208,0.221112,-0.012335,0.485617,0.253453,0.001306,0.573908,0.283929,-0.016839,0.536912,0.193595,-0.016652,0.518856,0.220950,-0.003485,0.520707,0.254744,0.009733
1158,1694940886.949982,1,-31.1920,-31.1920,-11.3685,-21.9800,19.0162,2056.5351,20.8307,5973.8450,2.1644,154.9823,143.1328,68.8408,68.3754,79.0185,99.9747,0.115995,0.583313,0.544919,0.000000,0.506458,0.611838,-0.022024,0.431223,0.577248,-0.031161,0.383134,0.495188,-0.032986,0.347877,0.428422,-0.032266,0.449752,0.411051,-0.042327,0.381404,0.326492,-0.046620,0.347620,0.280614,-0.042127,0.328247,0.248997,-0.036937,0.490479,0.334617,-0.033566,0.428882,0.213421,-0.036821,0.405420,0.206217,-0.026573,0.399724,0.211678,-0.015311,0.527989,0.292331,-0.023962,0.478254,0.192357,-0.027914,0.464114,0.223973,-0.014971,0.468246,0.253461,-0.001905,0.560415,0.272487,-0.015455,0.519034,0.194851,-0.016329,0.503500,0.222957,-0.003863,0.506436,0.255624,0.009205
1159,1694940886.958315,1,21.9287,21.9287,6.9577,18.3262,20.2295,2407.4463,21.5989,6824.3716,2.0527,149.4591,124.6824,89.7526,84.7626,86.2979,98.3339,0.085651,0.584664,0.564221,0.000000,0.506234,0.622521,-0.016785,0.431274,0.586723,-0.022874,0.381856,0.511048,-0.023637,0.346183,0.447726,-0.022104,0.444700,0.424497,-0.030692,0.378894,0.349608,-0.033741,0.343900,0.307730,-0.029982,0.322441,0.273887,-0.025951,0.483715,0.348477,-0.025028,0.419067,0.231089,-0.031091,0.404063,0.250722,-0.021381,0.410887,0.278409,-0.008624,0.521341,0.306438,-0.018678,0.468178,0.209720,-0.024568,0.454837,0.251978,-0.011993,0.462315,0.286509,0.002044,0.554913,0.287656,-0.013043,0.511428,0.207762,-0.012865,0.496848,0.241993,0.000051,0.503128,0.278793,0.013351
1160,1694940886.966648,1,24.2507,24.2507,3.9596,-2.9980,21.0638,2647.5683,11.8661,6246.0672,1.6670,150.8642,99.5990,111.0054,106.3091,105.8383,111.9569,0.097727,0.580703,0.563132,-0.000000,0.504809,0.629776,-0.017880,0.429238,0.599015,-0.024720,0.377809,0.527489,-0.025655,0.339777,0.466774,-0.024094,0.438583,0.433007,-0.034908,0.369138,0.364460,-0.039286,0.332015,0.326108,-0.034650,0.309807,0.292129,-0.029565,0.476583,0.354740,-0.028525,0.408552,0.239506,-0.038596,0.396276,0.273012,-0.027298,0.406527,0.307521,-0.011464,0.512828,0.311810,-0.021385,0.455957,0.219635,-0.030509,0.443025,0.264843,-0.016556,0.451474,0.296696,0.000129,0.544635,0.292440,-0.014767,0.496289,0.214192,-0.015204,0.481530,0.249409,-0.001045,0.488456,0.284548,0.013902
1161,1694940886.974982,1,-25.1409,-25.1409,-12.1016,-16.0612,25.2225,2080.2807,4.1092,6586.6859,3.5955,146.0046,93.2757,124.4115,122.4945,123.5905,129.8943,0.098800,0.576563,0.567287,0.000000,0.501390,0.638243,-0.019441,0.424794,0.611320,-0.025968,0.372101,0.542872,-0.026215,0.332467,0.484143,-0.023627,0.429987,0.445248,-0.032797,0.360415,0.379015,-0.036740,0.323483,0.340978,-0.032654,0.301245,0.306484,-0.027818,0.467342,0.364146,-0.025065,0.399801,0.251394,-0.032929,0.385275,0.277496,-0.022012,0.392507,0.304639,-0.006805,0.503216,0.318140,-0.017007,0.445807,0.228879,-0.024160,0.430518,0.270551,-0.010945,0.436369,0.299249,0.005030,0.535011,0.295368,-0.009720,0.484167,0.222900,-0.009224,0.467107,0.255873,0.004510,0.471846,0.288314,0.019341
1162,1694940886.983315,1,33.4350,33.4350,16.1568,28.2583,27.1421,3040.2694,21.0458,6092.5453,1.1028,144.2029,66.9996,144.9623,145.9893,147.1677,148.8043,0.086596,0.571548,0.564992,0.000000,0.499512,0.641442,-0.019097,0.422728,0.622176,-0.026941,0.368418,0.558537,-0.027719,0.327463,0.504380,-0.025630,0.425337,0.456754,-0.041086,0.350060,0.389676,-0.046336,0.310413,0.351880,-0.041252,0.287044,0.320282,-0.034916,0.461726,0.374333,-0.032686,0.392638,0.261756,-0.039814,0.379027,0.293690,-0.025291,0.386286,0.325345,-0.007535,0.496296,0.328023,-0.023459,0.435833,0.237892,-0.029689,0.421198,0.281042,-0.014390,0.427363,0.310908,0.002733,0.526983,0.304952,-0.014713,0.475785,0.232685,-0.013885,0.458318,0.263513,0.000484,0.461687,0.294928,0.015774
1163,1694940886.991648,1,26.2123,26.2123,1.0709,-15.0859,20.9951,2787.0501,27.6744,8082.4714,1.8387,141.8194,44.6027,157.3885,157.4389,155.8952,151.7483,0.064266,0.567896,0.569513,0.000000,0.497202,0.646818,-0.017145,0.420275,0.630941,-0.024276,0.364895,0.571096,-0.024571,0.321486,0.518857,-0.021995,0.419925,0.465233,-0.038951,0.342515,0.404660,-0.041340,0.304993,0.367939,-0.034248,0.283277,0.335764,-0.026578,0.455812,0.382097,-0.031058,0.385156,0.271338,-0.035776,0.369109,0.287921,-0.021111,0.372230,0.307179,-0.003993,0.490734,0.336407,-0.021936,0.428455,0.245805,-0.027296,0.412445,0.282095,-0.011798,0.415180,0.308838,0.005238,0.521835,0.315169,-0.012924,0.468319,0.238130,-0.012195,0.450018,0.265213,0.002861,0.451476,0.295605,0.018688
1164,1694940886.999982,1,20.6376,20.6376,-0.9033,-1.9742,20.9301,2439.8754,17.0739,8107.5892,2.2534,139.2639,29.8957,168.7545,169.1064,165.9488,159.6797,0.050058,0.567087,0.572095,0.000000,0.496039,0.651538,-0.017021,0.419955,0.638569,-0.023447,0.363830,0.579077,-0.022699,0.318741,0.532107,-0.018760,0.418150,0.470161,-0.037548,0.339892,0.414011,-0.037685,0.301768,0.382479,-0.029083,0.278790,0.353319,-0.020848,0.452370,0.387515,-0.028790,0.377353,0.282953,-0.031680,0.366862,0.312813,-0.015518,0.375752,0.342425,0.002609,0.486842,0.342545,-0.018744,0.423481,0.253937,-0.023363,0.411296,0.295194,-0.008199,0.418486,0.326472,0.008636,0.517448,0.322516,-0.008605,0.463272,0.251739,-0.008041,0.445171,0.281261,0.005677,0.447871,0.313287,0.020472
1165,1694940887.008315,1,29.0905,29.0905,13.5578,14.4611,21.4015,3398.0453,20.8227,8989.8512,1.4343,140.4568,4.1434,191.9001,190.3725,185.4451,175.9083,0.027105,0.564101,0.570462,0.000000,0.494166,0.654301,-0.019199,0.418010,0.646745,-0.027401,0.360997,0.591297,-0.027527,0.316161,0.543207,-0.024449,0.415884,0.484618,-0.046356,0.333979,0.430012,-0.047829,0.293823,0.399532,-0.038304,0.269400,0.372712,-0.029380,0.448609,0.396192,-0.036838,0.370506,0.289833,-0.042836,0.358288,0.310505,-0.027314,0.365813,0.335577,-0.009162,0.481693,0.346783,-0.025421,0.417233,0.259422,-0.031134,0.404014,0.294606,-0.015113,0.409014,0.322866,0.002361,0.511306,0.324193,-0.014044,0.457128,0.253829,-0.014611,0.438782,0.281610,-0.000514,0.440083,0.312017,0.014864
1166,1694940887.016648,1,-36.7218,-36.7218,-17.5392,-31.0971,25.9613,2503.3719,31.4135,10238.8488,1.5902,135.0417,6.5464,202.8103,201.1590,193.8322,182.6508,0.032280,0.562427,0.576748,0.000000,0.493800,0.658031,-0.018567,0.417340,0.653765,-0.027648,0.358862,0.599012,-0.029080,0.313853,0.551115,-0.027453,0.412370,0.489550,-0.046054,0.330034,0.437697,-0.049684,0.289658,0.408344,-0.043116,0.264170,0.381611,-0.036125,0.444239,0.401728,-0.037290,0.365264,0.299329,-0.042219,0.346028,0.312926,-0.027769,0.345958,0.329684,-0.011743,0.477971,0.352723,-0.026772,0.412912,0.261553,-0.031827,0.393885,0.292123,-0.015814,0.393951,0.318174,0.000942,0.509693,0.329660,-0.016403,0.456319,0.257067,-0.016629,0.433816,0.279700,-0.002383,0.429901,0.307075,0.012775
1167,1694940887.024982,1,,,0.0000,0.0000,0.0000,0.0000,36.5347,9372.5614,2.5078,124.0154,7.6776,209.1877,207.0243,199.1387,187.2425,0.035450,0.563748,0.580258,0.000000,0.493348,0.662026,-0.016772,0.416367,0.658674,-0.024359,0.358416,0.607969,-0.024796,0.313735,0.563438,-0.022115,0.408757,0.488597,-0.041872,0.326174,0.446292,-0.044027,0.286546,0.419186,-0.036446,0.261995,0.392471,-0.028805,0.440305,0.402409,-0.033956,0.359775,0.304888,-0.037315,0.335870,0.308744,-0.023517,0.331622,0.315030,-0.008271,0.474714,0.354534,-0.024312,0.410326,0.266453,-0.026847,0.385756,0.285140,-0.011472,0.379851,0.301555,0.004076,0.507706,0.333325,-0.014992,0.457912,0.263847,-0.013451,0.432409,0.280442,0.000524,0.424026,0.303292,0.015245
1168,1694940887.033315,0,,,0.0000,0.0000,0.0000,0.0000,26.9796,9207.6923,2.2142,118.1906,13.5770,216.9787,214.8070,206.6457,194.8694,0.027604,0.563561,0.579508,0.000000,0.493992,0.663584,-0.016284,0.416792,0.663005,-0.025199,0.356439,0.611870,-0.027576,0.309089,0.568785,-0.027048,0.407956,0.498495,-0.042600,0.324545,0.452481,-0.046853,0.282225,0.425292,-0.040865,0.255741,0.400391,-0.034161,0.438384,0.408120,-0.035818,0.356481,0.308859,-0.040441,0.340554,0.333388,-0.025209,0.345093,0.359525,-0.008130,0.471999,0.356123,-0.027420,0.405565,0.269938,-0.030916,0.389066,0.309676,-0.013893,0.392449,0.341815,0.003320,0.504195,0.330008,-0.019289,0.452559,0.265683,-0.018139,0.430555,0.294755,-0.003587,0.427322,0.327067,0.011649
1169,1694940887.041648,0,,,0.0000,0.0000,0.0000,0.0000,,,,,,,,,,,0.000000,0.000000,0.000000,0.000000,0.000000,0.000000,0.000000,0.000000,0.000000,0.000000,0.000000,0.000000,0.000000,0.000000,0.000000,0.000000,0.000000,0.000000,0.000000,0.000000,0.000000,0.000000,0.000000,0.000000,0.000000,0.000000,0.000000,0.000000,0.000000,0.000000,0.000000,0.000000,0.000000,0.000000,0.000000,0.000000,0.000000,0.000000,0.000000,0.000000,0.000000,0.000000,0.000000,0.000000,0.000000,0.000000,0.000000,0.000000,0.000000,0.000000,0.000000,0.000000,0.000000,0.000000,0.000000,0.000000,0.000000,0.000000,0.000000,0.000000,0.000000,0.000000,0.000000
1170,1694940887.049982,0,,,0.0000,0.0000,0.0000,0.0000,,7359.0427,2.0411,112.4120,25.9112,228.1667,226.7910,218.4545,206.0445,0.029455,0.562861,0.576478,0.000000,0.494177,0.663018,-0.019384,0.416705,0.665436,-0.031631,0.355144,0.615550,-0.035941,0.308015,0.572605,-0.036753,0.411707,0.508951,-0.055760,0.322908,0.462753,-0.063759,0.276931,0.435369,-0.057350,0.248741,0.407894,-0.049773,0.441728,0.417443,-0.047930,0.351361,0.310696,-0.059316,0.342609,0.349727,-0.040104,0.354561,0.384360,-0.017801,0.473464,0.361211,-0.038290,0.399441,0.271836,-0.045277,0.386004,0.321391,-0.022922,0.392915,0.355914,-0.000347,0.502852,0.331378,-0.029125,0.441442,0.259392,-0.027773,0.420693,0.295919,-0.009883,0.421359,0.331080,0.008225
1171,1694940887.058315,0,,,0.0000,0.0000,0.0000,0.0000,,,,,,,,,,,0.000000,0.000000,0.000000,0.000000,0.000000,0.000000,0.000000,0.000000,0.000000,0.000000,0.000000,0.000000,0.000000,0.000000,0.000000,0.000000,0.000000,0.000000,0.000000,0.000000,0.000000,0.000000,0.000000,0.000000,0.000000,0.000000,0.000000,0.000000,0.000000,0.000000,0.000000,0.000000,0.000000,0.000000,0.000000,0.000000,0.000000,0.000000,0.000000,0.000000,0.000000,0.000000,0.000000,0.000000,0.000000,0.000000,0.000000,0.000000,0.000000,0.000000,0.000000,0.000000,0.000000,0.000000,0.000000,0.000000,0.000000,0.000000,0.000000,0.000000,0.000000,0.000000,0.000000
1172,1694940887.066648,0,,,0.0000,0.0000,0.0000,0.0000,,,,,,,,,,,0.000000,0.000000,0.000000,0.000000,0.000000,0.000000,0.000000,0.000000,0.000000,0.000000,0.000000,0.000000,0.000000,0.000000,0.000000,0.000000,0.000000,0.000000,0.000000,0.000000,0.000000,0.000000,0.000000,0.000000,0.000000,0.000000,0.000000,0.000000,0.000000,0.000000,0.000000,0.000000,0.000000,0.000000,0.000000,0.000000,0.000000,0.000000,0.000000,0.000000,0.000000,0.000000,0.000000,0.000000,0.000000,0.000000,0.000000,0.000000,0.000000,0.000000,0.000000,0.000000,0.000000,0.000000,0.000000,0.000000,0.000000,0.000000,0.000000,0.000000,0.000000,0.000000,0.000000
1173,1694940887.074982,0,,,0.0000,0.0000,0.0000,0.0000,,,,,,,,,,,0.000000,0.000000,0.000000,0.000000,0.000000,0.000000,0.000000,0.000000,0.000000,0.000000,0.000000,0.000000,0.000000,0.000000,0.000000,0.000000,0.000000,0.000000,0.000000,0.000000,0.000000,0.000000,0.000000,0.000000,0.000000,0.000000,0.000000,0.000000,0.000000,0.000000,0.000000,0.000000,0.000000,0.000000,0.000000,0.000000,0.000000,0.000000,0.000000,0.000000,0.000000,0.000000,0.000000,0.000000,0.000000,0.000000,0.000000,0.000000,0.000000,0.000000,0.000000,0.000000,0.000000,0.000000,0.000000,0.000000,0.000000,0.000000,0.000000,0.000000,0.000000,0.000000,0.000000
1174,1694940887.083315,0,,,0.0000,0.0000,0.0000,0.0000,,,,,,,,,,,0.000000,0.000000,0.000000,0.000000,0.000000,0.000000,0.000000,0.000000,0.000000,0.000000,0.000000,0.000000,0.000000,0.000000,0.000000,0.000000,0.000000,0.000000,0.000000,0.000000,0.000000,0.000000,0.000000,0.000000,0.000000,0.000000,0.000000,0.000000,0.000000,0.000000,0.000000,0.000000,0.000000,0.000000,0.000000,0.000000,0.000000,0.000000,0.000000,0.000000,0.000000,0.000000,0.000000,0.000000,0.000000,0.000000,0.000000,0.000000,0.000000,0.000000,0.000000,0.000000,0.000000,0.000000,0.000000,0.000000,0.000000,0.000000,0.000000,0.000000,0.000000,0.000000,0.000000
1175,1694940887.091648,0,,,0.0000,0.0000,0.0000,0.0000,,,,,,,,,,,0.000000,0.000000,0.000000,0.000000,0.000000,0.000000,0.000000,0.000000,0.000000,0.000000,0.000000,0.000000,0.000000,0.000000,0.000000,0.000000,0.000000,0.000000,0.000000,0.000000,0.000000,0.000000,0.000000,0.000000,0.000000,0.000000,0.000000,0.000000,0.000000,0.000000,0.000000,0.000000,0.000000,0.000000,0.000000,0.000000,0.000000,0.000000,0.000000,0.000000,0.000000,0.000000,0.000000,0.000000,0.000000,0.000000,0.000000,0.000000,0.000000,0.000000,0.000000,0.000000,0.000000,0.000000,0.000000,0.000000,0.000000,0.000000,0.000000,0.000000,0.000000,0.000000,0.000000
1176,1694940887.099982,0,,,0.0000,0.0000,0.0000,0.0000,,,,,,,,,,,0.000000,0.000000,0.000000,0.000000,0.000000,0.000000,0.000000,0.000000,0.000000,0.000000,0.000000,0.000000,0.000000,0.000000,0.000000,0.000000,0.000000,0.000000,0.000000,0.000000,0.000000,0.000000,0.000000,0.000000,0.000000,0.000000,0.000000,0.000000,0.000000,0.000000,0.000000,0.000000,0.000000,0.000000,0.000000,0.000000,0.000000,0.000000,0.000000,0.000000,0.000000,0.000000,0.000000,0.000000,0.000000,0.000000,0.000000,0.000000,0.000000,0.000000,0.000000,0.000000,0.000000,0.000000,0.000000,0.000000,0.000000,0.000000,0.000000,0.000000,0.000000,0.000000,0.000000
1177,1694940887.108315,0,,,0.0000,0.0000,0.0000,0.0000,,,,,,,,,,,0.000000,0.000000,0.000000,0.000000,0.000000,0.000000,0.000000,0.000000,0.000000,0.000000,0.000000,0.000000,0.000000,0.000000,0.000000,0.000000,0.000000,0.000000,0.000000,0.000000,0.000000,0.000000,0.000000,0.000000,0.000000,0.000000,0.000000,0.000000,0.000000,0.000000,0.000000,0.000000,0.000000,0.000000,0.000000,0.000000,0.000000,0.000000,0.000000,0.000000,0.000000,0.000000,0.000000,0.000000,0.000000,0.000000,0.000000,0.000000,0.000000,0.000000,0.000000,0.000000,0.000000,0.000000,0.000000,0.000000,0.000000,0.000000,0.000000,0.000000,0.000000,0.000000,0.000000
1178,1694940887.116648,0,,,0.0000,0.0000,0.0000,0.0000,,9557.5685,2.6352,114.5432,9.3317,218.6368,215.8060,207.8180,195.9196,0.029359,0.573653,0.574912,0.000000,0.505706,0.659799,-0.022608,0.426751,0.662825,-0.035546,0.364025,0.612717,-0.039774,0.319822,0.559231,-0.040587,0.426766,0.500038,-0.058879,0.333252,0.446149,-0.064889,0.286157,0.421246,-0.056157,0.257673,0.396960,-0.047641,0.457304,0.406846,-0.048951,0.363024,0.301068,-0.061475,0.352456,0.338387,-0.044391,0.365039,0.372320,-0.023666,0.488878,0.351601,-0.036816,0.409022,0.268505,-0.044928,0.397220,0.318997,-0.024820,0.406218,0.353304,-0.003963,0.517838,0.323515,-0.025194,0.455069,0.254187,-0.026878,0.435332,0.292314,-0.011804,0.437768,0.326567,0.004478
1179,1694940887.124982,0,,,0.0000,0.0000,0.0000,0.0000,,,,,,,,,,,0.000000,0.000000,0.000000,0.000000,0.000000,0.000000,0.000000,0.000000,0.000000,0.000000,0.000000,0.000000,0.000000,0.000000,0.000000,0.000000,0.000000,0.000000,0.000000,0.000000,0.000000,0.000000,0.000000,0.000000,0.000000,0.000000,0.000000,0.000000,0.000000,0.000000,0.000000,0.000000,0.000000,0.000000,0.000000,0.000000,0.000000,0.000000,0.000000,0.000000,0.000000,0.000000,0.000000,0.000000,0.000000,0.000000,0.000000,0.000000,0.000000,0.000000,0.000000,0.000000,0.000000,0.000000,0.000000,0.000000,0.000000,0.000000,0.000000,0.000000,0.000000,0.000000,0.000000
1180,1694940887.133315,0,36.3132,36.3132,2.5252,0.0000,26.4022,348.0876,,11262.5159,2.0964,125.0779,6.1368,208.5692,204.3146,196.0467,185.4977,0.044828,0.581793,0.585569,0.000000,0.506234,0.659535,-0.018341,0.427580,0.657124,-0.028799,0.365294,0.602034,-0.031287,0.320882,0.547039,-0.030108,0.428085,0.489381,-0.051051,0.337689,0.441251,-0.054854,0.292430,0.416863,-0.045284,0.264103,0.390252,-0.036098,0.460883,0.399005,-0.042285,0.372139,0.294895,-0.051757,0.365400,0.336739,-0.032620,0.379720,0.370716,-0.010672,0.494529,0.346677,-0.031503,0.421221,0.257852,-0.037649,0.410179,0.306020,-0.017528,0.418762,0.337546,0.003274,0.525311,0.321303,-0.020824,0.465294,0.245091,-0.017900,0.448699,0.282431,-0.000774,0.454083,0.317162,0.016361
1181,1694940887.141648,0,-37.4243,-37.4243,-14.5155,-17.0407,32.5932,254.1690,12.9608,9461.9345,2.5724,121.2577,3.0255,205.3057,201.4601,192.9163,181.3153,0.036888,0.581510,0.581236,-0.000000,0.508328,0.657644,-0.018519,0.429151,0.655319,-0.028766,0.367377,0.600927,-0.031464,0.322367,0.546043,-0.030801,0.428632,0.488498,-0.049357,0.340582,0.435758,-0.054591,0.295392,0.410701,-0.046035,0.267363,0.384327,-0.037522,0.461368,0.398974,-0.042150,0.373145,0.293170,-0.053405,0.367991,0.338482,-0.035605,0.384340,0.374611,-0.014080,0.495012,0.346410,-0.033310,0.422278,0.261591,-0.041300,0.414460,0.313308,-0.022053,0.425861,0.344693,-0.001511,0.526112,0.319957,-0.024691,0.466224,0.250528,-0.023993,0.452095,0.291264,-0.007632,0.459683,0.326807,0.009302
1182,1694940887.149982,0,36.9844,36.9844,1.9735,16.4889,34.9923,8.4229,8.1245,10427.4389,1.8224,122.0741,4.7903,203.9327,198.8109,189.0074,176.1365,0.036481,0.582353,0.580546,-0.000000,0.509826,0.658118,-0.019630,0.430082,0.653816,-0.029667,0.368392,0.596911,-0.032322,0.323973,0.540687,-0.031520,0.430976,0.486681,-0.046873,0.343895,0.434559,-0.052952,0.297988,0.410425,-0.045327,0.269809,0.385070,-0.037342,0.463540,0.397830,-0.039771,0.375986,0.288817,-0.052235,0.371862,0.338668,-0.034931,0.389087,0.378434,-0.013119,0.497020,0.344737,-0.031577,0.424390,0.255179,-0.041924,0.418285,0.309853,-0.023388,0.431221,0.342084,-0.002411,0.528330,0.317546,-0.023671,0.467085,0.244390,-0.024578,0.454161,0.286634,-0.008604,0.463363,0.322209,0.008485
1183,1694940887.158315,0,-38.9717,-38.9717,-0.5625,-2.5359,36.4341,80.1131,26.1763,12176.1075,3.3164,126.8835,11.7825,196.7012,193.7585,186.8773,175.8136,0.035203,0.582929,0.580445,0.000000,0.509435,0.660090,-0.023773,0.430816,0.655288,-0.035599,0.368830,0.595636,-0.038577,0.322611,0.541584,-0.037524,0.434684,0.484667,-0.054639,0.344888,0.433934,-0.059517,0.299071,0.408014,-0.049347,0.271940,0.380719,-0.039735,0.468305,0.394481,-0.044375,0.376761,0.286023,-0.057309,0.369407,0.333977,-0.038756,0.384251,0.371642,-0.015974,0.501319,0.343048,-0.032682,0.426415,0.253713,-0.042734,0.416888,0.308400,-0.023132,0.427896,0.342862,-0.001400,0.531775,0.318683,-0.021569,0.471600,0.242397,-0.022969,0.455012,0.282133,-0.007626,0.460674,0.318262,0.009104
1184,1694940887.166648,0,-36.3004,-36.3004,-18.1534,-17.5909,36.3679,208.8834,47.3703,13103.5465,3.1044,130.9167,15.3423,196.5449,192.1702,183.9013,172.9867,0.041573,0.585538,0.584226,0.000000,0.510163,0.659440,-0.022507,0.430850,0.653012,-0.034165,0.369384,0.593002,-0.037439,0.324432,0.536421,-0.036781,0.435440,0.482738,-0.051265,0.347105,0.431892,-0.055063,0.302173,0.406230,-0.045238,0.274923,0.379177,-0.036019,0.470064,0.394612,-0.041831,0.381864,0.281962,-0.052174,0.371764,0.324628,-0.033955,0.383096,0.360140,-0.012333,0.503460,0.343819,-0.031044,0.429893,0.249176,-0.038677,0.417750,0.301156,-0.019280,0.426134,0.336052,0.001428,0.534196,0.318972,-0.020868,0.472989,0.242433,-0.020423,0.454793,0.281626,-0.004638,0.458961,0.318859,0.011945
1185,1694940887.174982,0,-41.5747,-41.5747,-1.0376,17.1158,30.2726,581.3465,60.6095,11594.8799,3.3136,125.8248,25.3493,190.4550,183.8728,174.3806,162.6766,0.055731,0.589121,0.586547,-0.000000,0.511708,0.659575,-0.023889,0.432684,0.652086,-0.036270,0.371024,0.591525,-0.040106,0.328302,0.533172,-0.040076,0.438323,0.479706,-0.053620,0.349122,0.429488,-0.058297,0.304733,0.405477,-0.049465,0.277669,0.379318,-0.041234,0.472457,0.392192,-0.043573,0.382803,0.283012,-0.053625,0.374688,0.329708,-0.035699,0.387586,0.367125,-0.015031,0.506278,0.342729,-0.032211,0.431362,0.246491,-0.039833,0.420825,0.300827,-0.020681,0.430706,0.338226,-0.000771,0.537287,0.319811,-0.021655,0.478392,0.242110,-0.022274,0.461118,0.281868,-0.007783,0.465692,0.319142,0.007600
1186,1694940887.183315,0,43.6644,43.6644,1.6700,2.7076,38.9290,557.4081,51.9431,11332.9878,2.5161,126.6003,22.5728,191.3379,183.4005,171.2693,157.2214,0.051952,0.589809,0.584816,0.000000,0.513664,0.658153,-0.024153,0.434371,0.651693,-0.037325,0.371802,0.589630,-0.041503,0.327597,0.530236,-0.041763,0.440588,0.481108,-0.056973,0.351118,0.426353,-0.062239,0.305587,0.401346,-0.053313,0.277653,0.376498,-0.044651,0.474245,0.392157,-0.046276,0.385178,0.281389,-0.055740,0.375096,0.325507,-0.036367,0.387399,0.361975,-0.014768,0.507030,0.341985,-0.034124,0.432483,0.250939,-0.040685,0.420002,0.304386,-0.020742,0.428959,0.340195,-0.000531,0.536948,0.317004,-0.022708,0.476493,0.244498,-0.021780,0.458399,0.285015,-0.006236,0.462837,0.322153,0.009661
1187,1694940887.191648,0,36.9569,36.9569,18.9821,17.3121,38.9228,740.4313,60.9087,9737.8635,2.3114,120.8727,26.1348,188.5507,182.3679,172.5354,159.9716,0.037678,0.592243,0.588560,-0.000000,0.514261,0.659987,-0.020607,0.434437,0.652330,-0.031594,0.372305,0.591766,-0.034537,0.331955,0.531657,-0.033985,0.440578,0.479760,-0.051182,0.352245,0.425514,-0.054668,0.308865,0.400460,-0.045635,0.281973,0.376435,-0.037312,0.474361,0.391632,-0.041551,0.387019,0.282936,-0.048974,0.376264,0.319967,-0.031558,0.385143,0.351455,-0.012323,0.507805,0.341185,-0.030041,0.435017,0.245263,-0.035257,0.421872,0.295081,-0.016601,0.428954,0.331956,0.002165,0.538764,0.318585,-0.018994,0.480155,0.242087,-0.017938,0.460663,0.279840,-0.003126,0.463462,0.317098,0.012249
1188,1694940887.199982,0,40.1928,40.1928,19.1233,0.1412,38.8980,604.2349,24.8446,10122.2634,3.0338,123.5494,34.0695,179.8922,174.8584,166.3753,155.0245,0.037447,0.592509,0.588961,-0.000000,0.513337,0.656734,-0.022029,0.434187,0.648933,-0.034050,0.372309,0.586994,-0.037484,0.330618,0.526632,-0.037022,0.442532,0.475024,-0.054513,0.353317,0.422324,-0.058610,0.310792,0.396375,-0.049304,0.284423,0.369654,-0.040583,0.476525,0.386985,-0.044052,0.388445,0.280324,-0.052707,0.377365,0.323880,-0.034334,0.388147,0.360195,-0.013922,0.509483,0.337740,-0.031829,0.435965,0.246664,-0.037442,0.421011,0.300012,-0.018270,0.427806,0.337989,0.001042,0.539052,0.314788,-0.020154,0.480791,0.243745,-0.018493,0.461136,0.286864,-0.003466,0.463588,0.327176,0.011878
1189,1694940887.208315,0,-42.5750,-42.5750,-0.2501,-19.3734,40.3983,80.5970,67.3742,10952.1431,2.2949,125.3256,27.8456,180.6209,175.5269,167.0201,156.6606,0.040306,0.590528,0.584923,0.000000,0.515028,0.658572,-0.023996,0.435336,0.650198,-0.035904,0.374156,0.587096,-0.038926,0.331372,0.527978,-0.038355,0.444090,0.475939,-0.054663,0.355032,0.421949,-0.059399,0.311644,0.395334,-0.051181,0.284576,0.370626,-0.043014,0.479272,0.387460,-0.043881,0.391754,0.276657,-0.054527,0.374602,0.306110,-0.039251,0.378308,0.332761,-0.020612,0.511961,0.338711,-0.031426,0.440487,0.245885,-0.038806,0.421803,0.292255,-0.021050,0.423758,0.324915,-0.002024,0.540614,0.315873,-0.019666,0.480220,0.239533,-0.019491,0.458670,0.276536,-0.004241,0.458984,0.313085,0.011847
1190,1694940887.216648,0,-46.7253,-46.7253,-22.5974,-22.3473,41.6776,590.3783,41.0574,12171.9721,2.3755,128.3819,32.8893,178.8849,173.2131,164.4185,153.3506,0.039292,0.592193,0.583968,0.000000,0.515104,0.657883,-0.024214,0.436316,0.650404,-0.037211,0.373858,0.585183,-0.041492,0.331784,0.523753,-0.042350,0.445024,0.476924,-0.056131,0.354956,0.420489,-0.061322,0.311865,0.392505,-0.054242,0.284951,0.365593,-0.047156,0.479319,0.386869,-0.044993,0.392114,0.279966,-0.053533,0.375260,0.311755,-0.038141,0.379497,0.339498,-0.020698,0.511870,0.337572,-0.032158,0.439206,0.246745,-0.037401,0.420704,0.296476,-0.019884,0.423928,0.332790,-0.002260,0.540611,0.313911,-0.020169,0.482570,0.240593,-0.019824,0.459952,0.277981,-0.006163,0.459358,0.314571,0.008266
1191,1694940887.224982,0,-51.6752,-51.6752,-22.1580,0.4394,42.0303,736.6243,80.9398,13430.6344,1.6878,127.1080,31.2489,178.6727,173.9562,166.2747,156.4669,0.028568,0.591882,0.583354,0.000000,0.515815,0.655489,-0.025148,0.437358,0.645987,-0.038845,0.375655,0.585495,-0.043705,0.333752,0.523743,-0.045000,0.445809,0.474804,-0.056902,0.356667,0.420825,-0.063662,0.312695,0.392608,-0.057630,0.285172,0.364835,-0.051172,0.479915,0.386047,-0.045753,0.392545,0.275770,-0.058061,0.376513,0.312784,-0.043617,0.383031,0.346600,-0.025531,0.512646,0.336907,-0.032964,0.438357,0.244922,-0.040277,0.420518,0.296669,-0.021803,0.425295,0.333843,-0.002502,0.541736,0.313670,-0.021172,0.482189,0.238204,-0.020986,0.459165,0.277061,-0.006306,0.458650,0.314019,0.009227
1192,1694940887.233315,0,-52.4944,-52.4944,-23.1718,-1.0138,35.6050,702.0077,12.9582,11651.6547,1.9759,123.7446,38.0547,174.0247,169.4806,161.7813,151.4744,0.035936,0.595198,0.584781,0.000000,0.517850,0.654867,-0.025306,0.438909,0.645992,-0.039430,0.376221,0.583009,-0.044438,0.333539,0.521197,-0.045884,0.448326,0.476336,-0.060148,0.357457,0.418853,-0.066404,0.315240,0.390170,-0.059345,0.288885,0.362431,-0.052240,0.481839,0.384566,-0.048548,0.392737,0.277166,-0.058302,0.376846,0.315813,-0.042036,0.382968,0.350094,-0.023737,0.513866,0.333455,-0.035158,0.439073,0.242959,-0.040522,0.420938,0.295547,-0.021689,0.425166,0.334386,-0.003337,0.542218,0.308576,-0.022740,0.483011,0.238152,-0.022048,0.460578,0.280908,-0.007748,0.460449,0.322012,0.006919
1193,1694940887.241648,0,-52.4963,-52.4963,-2.4803,20.6915,3.9461,333.8529,0.8702,11209.4433,2.2609,116.4144,40.2743,177.3052,168.6504,157.4129,144.6932,0.048475,0.592499,0.583650,0.000000,0.515301,0.652353,-0.023897,0.436281,0.641089,-0.037215,0.374704,0.578633,-0.041516,0.334294,0.515287,-0.042388,0.447271,0.471916,-0.059592,0.357732,0.418044,-0.066431,0.314522,0.391499,-0.059547,0.287466,0.365718,-0.052293,0.481466,0.382715,-0.048689,0.393314,0.271646,-0.060261,0.376740,0.310050,-0.044873,0.382572,0.345138,-0.026325,0.514026,0.332575,-0.035721,0.440555,0.241667,-0.042318,0.421355,0.295097,-0.023645,0.424832,0.333940,-0.004483,0.542708,0.308496,-0.023489,0.482484,0.235502,-0.022392,0.459190,0.276846,-0.007164,0.458493,0.315702,0.008533
1194,1694940887.249982,0,-46.8467,-46.8467,-0.0304,2.4499,2.6801,117.9083,43.9908,11054.2808,2.3450,120.0201,37.6960,173.5952,166.4341,156.5144,145.1770,0.046060,0.590954,0.580432,0.000000,0.515441,0.653815,-0.025066,0.436138,0.644507,-0.038468,0.375227,0.580446,-0.042806,0.335591,0.515107,-0.043355,0.447348,0.471675,-0.056367,0.360310,0.412681,-0.062654,0.316190,0.385459,-0.055075,0.289461,0.361009,-0.047178,0.481973,0.383708,-0.044968,0.396119,0.268559,-0.058634,0.380108,0.302871,-0.043768,0.386568,0.333947,-0.024293,0.514356,0.334510,-0.031802,0.442917,0.240941,-0.040866,0.424874,0.291725,-0.021760,0.428736,0.327310,-0.000819,0.542967,0.310674,-0.019417,0.482160,0.232951,-0.019796,0.459420,0.269865,-0.003815,0.458929,0.304251,0.013377
1195,1694940887.258315,0,-51.4457,-51.4457,0.0574,0.0877,2.1155,345.9412,75.0040,11726.5388,2.2093,117.7245,42.8611,173.2757,165.2914,155.1141,143.2010,0.045538,0.594084,0.580153,0.000000,0.516862,0.649676,-0.023357,0.436414,0.640837,-0.037081,0.374363,0.578234,-0.042129,0.335522,0.511795,-0.043874,0.450643,0.470805,-0.057964,0.360848,0.415274,-0.064794,0.317329,0.387155,-0.058186,0.290259,0.360792,-0.051084,0.484156,0.381536,-0.047977,0.396160,0.270113,-0.058030,0.377507,0.295492,-0.042341,0.379945,0.319742,-0.024567,0.515649,0.330237,-0.036170,0.440145,0.238073,-0.042892,0.420707,0.284678,-0.023444,0.422706,0.319198,-0.004126,0.543452,0.304195,-0.025076,0.479866,0.228870,-0.025027,0.456882,0.263319,-0.008927,0.455026,0.296416,0.007317
1196,1694940887.266648,0,-57.8806,-57.8806,-1.3465,-1.4039,3.5118,351.4307,50.8448,12803.4486,1.8931,119.4252,50.0537,167.0921,160.8892,151.0126,138.6571,0.022336,0.593145,0.577371,0.000000,0.516133,0.649108,-0.027072,0.436079,0.640974,-0.041744,0.375422,0.578143,-0.047030,0.335979,0.513041,-0.048720,0.450713,0.465425,-0.058937,0.362372,0.411551,-0.066832,0.318343,0.383890,-0.061400,0.290932,0.357152,-0.054933,0.484730,0.377388,-0.046722,0.398802,0.266791,-0.059026,0.381555,0.297285,-0.044378,0.386119,0.325247,-0.026205,0.516216,0.328216,-0.033113,0.442177,0.234680,-0.042010,0.422572,0.280394,-0.023529,0.424990,0.313919,-0.003709,0.543594,0.304564,-0.020495,0.480639,0.226446,-0.022084,0.456999,0.259624,-0.006955,0.455030,0.291670,0.009339
1197,1694940887.274982,0,-50.7249,-50.7249,0.4428,1.7894,3.5565,286.8379,64.3491,12223.7339,1.4609,120.2863,46.3597,167.2007,159.3066,149.0636,137.7034,0.033804,0.594054,0.578994,0.000000,0.516423,0.650767,-0.024345,0.436895,0.641937,-0.037933,0.375036,0.575804,-0.042318,0.336739,0.507660,-0.043108,0.450487,0.468529,-0.059059,0.362259,0.409438,-0.064364,0.319760,0.380798,-0.056248,0.293760,0.356642,-0.048241,0.485487,0.380184,-0.047727,0.399297,0.265323,-0.058835,0.378046,0.283782,-0.044530,0.378255,0.303020,-0.027238,0.518013,0.330855,-0.034105,0.447288,0.237453,-0.040392,0.425795,0.282025,-0.021427,0.425766,0.315158,-0.002157,0.546506,0.307544,-0.021227,0.486093,0.234886,-0.019794,0.462012,0.271475,-0.003392,0.460103,0.306487,0.013319
1198,1694940887.283315,0,-53.0850,-53.0850,-1.5596,-2.0024,3.5846,363.1016,65.9794,11973.7078,1.6852,119.2863,46.8998,165.1826,159.4714,151.0236,139.4010,0.031372,0.595489,0.576169,0.000000,0.517928,0.650579,-0.029232,0.437671,0.640803,-0.043589,0.377057,0.576465,-0.048243,0.339577,0.509642,-0.048981,0.452516,0.467182,-0.058856,0.364479,0.409031,-0.066195,0.319535,0.381709,-0.059676,0.292764,0.354314,-0.052757,0.486912,0.378811,-0.045867,0.399749,0.265848,-0.059338,0.388498,0.313600,-0.043435,0.401125,0.352418,-0.023277,0.518645,0.329447,-0.031952,0.444153,0.235156,-0.041737,0.429752,0.292202,-0.023597,0.438133,0.329062,-0.003471,0.545890,0.306167,-0.019228,0.484780,0.229579,-0.021031,0.464085,0.270386,-0.007258,0.465923,0.306005,0.008048
1199,1694940887.291648,0,-54.7501,-54.7501,-0.8261,0.7335,2.5619,98.8699,41.9386,11225.2097,1.5841,114.1211,45.5919,169.7917,160.5194,148.1054,132.9914,0.043455,0.595712,0.581823,0.000000,0.517712,0.645392,-0.023606,0.438602,0.637939,-0.039012,0.376096,0.576783,-0.046817,0.337545,0.507662,-0.051818,0.451269,0.462897,-0.054029,0.361820,0.411697,-0.062758,0.318244,0.384330,-0.059637,0.291339,0.356588,-0.055262,0.484762,0.374855,-0.045241,0.400192,0.265600,-0.054940,0.384266,0.295595,-0.041799,0.389302,0.323550,-0.026619,0.517090,0.325183,-0.035135,0.441899,0.233193,-0.042835,0.426388,0.286924,-0.025747,0.433236,0.326722,-0.008433,0.545613,0.299989,-0.025809,0.482643,0.228537,-0.027915,0.461786,0.268260,-0.013951,0.463160,0.303971,0.000662
1200,1694940887.299982,0,-49.7226,-49.7226,2.0395,2.8656,2.9168,234.7859,52.1138,11413.6907,1.2287,110.9313,46.2659,169.9847,157.7914,142.8109,127.9602,0.048434,0.597659,0.582589,0.000000,0.517973,0.646722,-0.023141,0.436658,0.635189,-0.035643,0.375065,0.571699,-0.039542,0.338462,0.503767,-0.040068,0.453237,0.463547,-0.056233,0.363656,0.411645,-0.062593,0.320716,0.386024,-0.056037,0.293690,0.360662,-0.049298,0.487179,0.376505,-0.046146,0.399865,0.262606,-0.057084,0.381962,0.296321,-0.042619,0.386200,0.327933,-0.025209,0.519275,0.327825,-0.034163,0.444667,0.233216,-0.040674,0.425757,0.285523,-0.022227,0.429968,0.323751,-0.003379,0.547975,0.305805,-0.022988,0.486689,0.230430,-0.021853,0.463477,0.270645,-0.006536,0.463380,0.308268,0.009035
1201,1694940887.308315,0,44.5809,44.5809,23.8264,21.7869,38.7008,581.4360,39.8906,9725.5721,1.6426,115.4637,50.5972,165.3392,153.1756,137.3133,120.3746,0.042775,0.596957,0.580246,0.000000,0.518611,0.648623,-0.023941,0.438673,0.637417,-0.036865,0.376756,0.571006,-0.040816,0.336209,0.506443,-0.041148,0.452987,0.464393,-0.056933,0.364977,0.406986,-0.061803,0.323143,0.379932,-0.053451,0.297257,0.357128,-0.045179,0.487505,0.376319,-0.045731,0.400199,0.263109,-0.056257,0.378770,0.280260,-0.042094,0.378925,0.297535,-0.024972,0.519908,0.327126,-0.032328,0.447911,0.233858,-0.038608,0.426768,0.278355,-0.019932,0.427722,0.312104,-0.000749,0.548748,0.304254,-0.019670,0.487517,0.231183,-0.018515,0.463604,0.267685,-0.002291,0.462692,0.303114,0.014340
1202,1694940887.316648,0,51.2521,51.2521,26.0843,2.2578,49.2751,797.0047,75.9205,9078.2424,1.3118,111.0517,50.6185,167.5455,157.9288,146.5422,133.9455,0.041385,0.597376,0.582664,0.000000,0.518535,0.648156,-0.026153,0.438396,0.637195,-0.040305,0.376647,0.572705,-0.045309,0.337152,0.505581,-0.046611,0.453039,0.463558,-0.058125,0.364272,0.408666,-0.064657,0.321983,0.382397,-0.058123,0.295845,0.357759,-0.051260,0.487374,0.376342,-0.046618,0.400863,0.262459,-0.058068,0.380729,0.285374,-0.044475,0.382859,0.307679,-0.027708,0.519812,0.327868,-0.033379,0.447004,0.233879,-0.040399,0.425472,0.281627,-0.021868,0.426733,0.317101,-0.002744,0.548888,0.305457,-0.021209,0.487500,0.230434,-0.020763,0.461703,0.267392,-0.005179,0.458854,0.303531,0.010948
1203,1694940887.324982,0,-51.6088,-51.6088,0.7853,-25.2990,49.0339,396.9935,10.0449,10140.7317,2.1749,116.8557,54.1273,162.0423,152.8441,142.0942,131.2208,0.069932,0.596793,0.578921,0.000000,0.518539,0.645846,-0.023275,0.438968,0.635976,-0.037079,0.377785,0.571142,-0.042607,0.337519,0.505358,-0.044823,0.453185,0.468657,-0.055936,0.364517,0.409074,-0.063506,0.322076,0.379301,-0.058295,0.296526,0.352187,-0.052179,0.487778,0.381056,-0.046345,0.400889,0.263008,-0.057241,0.377057,0.277021,-0.044313,0.375148,0.292182,-0.028737,0.520453,0.331461,-0.034980,0.446578,0.231419,-0.041654,0.424198,0.276390,-0.023083,0.424617,0.311703,-0.004424,0.549484,0.307695,-0.024569,0.488342,0.229674,-0.024607,0.461838,0.264396,-0.009208,0.458088,0.299769,0.006635
1204,1694940887.333315,0,53.1310,53.1310,25.7134,24.9281,49.2324,686.9635,10.7236,11027.6636,2.2383,116.7539,52.9564,164.3092,154.9170,143.6496,131.2319,0.050440,0.596864,0.573812,0.000000,0.519447,0.647607,-0.027912,0.438204,0.638049,-0.042187,0.376478,0.572941,-0.047047,0.338843,0.504222,-0.048344,0.453565,0.462556,-0.058110,0.365145,0.405875,-0.065125,0.321427,0.378157,-0.058986,0.294695,0.350276,-0.052528,0.487571,0.373556,-0.045473,0.402060,0.259621,-0.057607,0.388687,0.300390,-0.043074,0.397839,0.336071,-0.024980,0.519111,0.324161,-0.031545,0.445392,0.228135,-0.040628,0.430259,0.283929,-0.023426,0.438093,0.322990,-0.004637,0.546342,0.300711,-0.018604,0.485348,0.226504,-0.020734,0.463971,0.266436,-0.007622,0.464958,0.301589,0.006918
1205,1694940887.341648,0,-58.7611,-58.7611,-25.8355,-51.5489,51.4890,761.3484,85.3513,10917.3328,1.3650,118.3920,51.6219,163.5247,152.2372,138.0814,123.2884,0.062812,0.596793,0.578105,0.000000,0.518661,0.646122,-0.026539,0.436837,0.635428,-0.041389,0.374826,0.571447,-0.047249,0.337604,0.502302,-0.049974,0.453745,0.461263,-0.059800,0.364990,0.408357,-0.069129,0.321142,0.379288,-0.065340,0.294143,0.350668,-0.060319,0.488147,0.374111,-0.048588,0.402528,0.259638,-0.061635,0.383755,0.290052,-0.048758,0.387916,0.319693,-0.032429,0.520471,0.325556,-0.035844,0.446552,0.227283,-0.045018,0.427498,0.278494,-0.027466,0.432454,0.317517,-0.008764,0.548798,0.303105,-0.024104,0.486793,0.226285,-0.025716,0.463800,0.266038,-0.011230,0.464296,0.303471,0.004161
1206,1694940887.349982,0,55.6459,55.6459,1.0984,26.9339,53.2340,201.1341,20.1043,8910.1685,1.8748,117.2963,52.8857,165.6017,151.8121,132.9759,112.8367,0.061490,0.597832,0.578683,0.000000,0.520042,0.646545,-0.027899,0.438244,0.636658,-0.042874,0.375741,0.570344,-0.048455,0.336723,0.500833,-0.050691,0.455006,0.461341,-0.060100,0.366220,0.406376,-0.068589,0.322595,0.379493,-0.064553,0.295294,0.353691,-0.059532,0.487950,0.372273,-0.047960,0.400092,0.262051,-0.058961,0.376811,0.283329,-0.046499,0.377308,0.304002,-0.031528,0.519342,0.322245,-0.034356,0.443469,0.231508,-0.041475,0.421818,0.281038,-0.023795,0.424772,0.318132,-0.005929,0.547195,0.297754,-0.022081,0.483858,0.226848,-0.023081,0.459284,0.265937,-0.008617,0.458531,0.302484,0.006376
1207,1694940887.358315,0,-46.3240,-46.3240,1.3212,0.2228,52.3878,472.2724,64.5220,8555.2840,1.8207,120.1474,54.2997,161.3894,149.6023,133.8483,115.9183,0.045432,0.595696,0.575608,0.000000,0.517888,0.646532,-0.024733,0.437849,0.636442,-0.038728,0.376011,0.569868,-0.043615,0.337092,0.501809,-0.045125,0.454249,0.463789,-0.058841,0.366598,0.405499,-0.064714,0.324190,0.376285,-0.057289,0.298066,0.349903,-0.049678,0.487754,0.375049,-0.047299,0.402004,0.261033,-0.057267,0.378408,0.279848,-0.042890,0.377548,0.299299,-0.026195,0.518975,0.324445,-0.033658,0.445422,0.229563,-0.039874,0.424315,0.276845,-0.021020,0.426819,0.312836,-0.002039,0.546543,0.299434,-0.020811,0.483677,0.225551,-0.019835,0.459721,0.261762,-0.003708,0.459124,0.295509,0.012547
1208,1694940887.366648,0,-52.4510,-52.4510,-26.3955,-27.7167,52.5238,837.3302,29.1509,9426.1184,1.4477,109.6481,52.9204,169.2744,154.3032,134.2628,114.9847,0.080697,0.599571,0.575693,0.000000,0.520909,0.646452,-0.027012,0.438270,0.636405,-0.041220,0.374811,0.569491,-0.046224,0.337565,0.499004,-0.048208,0.456130,0.458607,-0.059191,0.364146,0.409522,-0.065844,0.320912,0.384754,-0.060135,0.294119,0.357039,-0.054325,0.489377,0.369656,-0.047393,0.398902,0.264050,-0.058231,0.381485,0.295481,-0.045255,0.387622,0.322485,-0.029679,0.520440,0.320538,-0.033901,0.440698,0.231080,-0.043225,0.424583,0.286957,-0.027104,0.432908,0.326845,-0.009696,0.547235,0.296129,-0.021183,0.481244,0.224046,-0.024630,0.460430,0.266516,-0.011673,0.463969,0.303804,0.002446
1209,1694940887.374982,0,56.9773,56.9773,28.9346,55.3301,53.4590,442.2192,21.1151,11459.8705,1.8560,117.9606,54.1497,161.7308,152.3201,139.7068,126.6995,0.056946,0.595203,0.571636,0.000000,0.519731,0.645674,-0.027964,0.438832,0.638146,-0.042979,0.377497,0.571954,-0.048205,0.339626,0.501725,-0.049999,0.456121,0.461054,-0.062168,0.365743,0.405385,-0.069753,0.321612,0.377713,-0.063836,0.294560,0.349743,-0.057239,0.489671,0.372114,-0.049371,0.402678,0.257871,-0.061885,0.385568,0.287016,-0.047433,0.391116,0.315042,-0.029580,0.520239,0.323123,-0.034853,0.445101,0.228948,-0.044324,0.428355,0.278048,-0.026196,0.434411,0.314389,-0.006553,0.546757,0.299583,-0.021234,0.483215,0.219708,-0.023397,0.461303,0.253853,-0.008496,0.462654,0.287451,0.007545
1210,1694940887.383315,0,-54.1705,-54.1705,-27.4541,-56.3887,52.6292,1191.4741,5.1002,9117.9960,2.2141,119.1096,54.5416,160.7421,149.1277,132.8345,114.1420,0.051336,0.597237,0.572886,0.000000,0.519663,0.645040,-0.027656,0.438468,0.635794,-0.042630,0.376546,0.570213,-0.048155,0.338967,0.499933,-0.050477,0.455677,0.458708,-0.060524,0.365984,0.404698,-0.068112,0.322453,0.375249,-0.062807,0.295699,0.346271,-0.056793,0.488976,0.370038,-0.047970,0.401759,0.261745,-0.059280,0.382588,0.290479,-0.045252,0.386559,0.317327,-0.028364,0.519881,0.320609,-0.033906,0.443639,0.230192,-0.042690,0.425767,0.281170,-0.025381,0.431863,0.318347,-0.006812,0.546570,0.296798,-0.020790,0.482326,0.223952,-0.023042,0.460721,0.262267,-0.008911,0.462977,0.297531,0.006311
1211,1694940887.391648,0,59.9514,59.9514,26.5688,54.0229,53.6891,941.2592,62.2383,9859.4567,1.4784,114.9807,56.2553,160.8264,148.5230,133.4407,119.6527,0.064406,0.597149,0.575172,0.000000,0.519663,0.644334,-0.028022,0.438870,0.636530,-0.044488,0.375257,0.570757,-0.051539,0.338149,0.498239,-0.055502,0.456945,0.460351,-0.062821,0.367028,0.406773,-0.071384,0.323605,0.376770,-0.066342,0.296451,0.347753,-0.060460,0.490243,0.370671,-0.050612,0.403796,0.260474,-0.061015,0.380013,0.275527,-0.047264,0.377570,0.290591,-0.031808,0.521226,0.320018,-0.036770,0.445355,0.225861,-0.045552,0.425868,0.275423,-0.027266,0.429753,0.313979,-0.008526,0.547964,0.295323,-0.023929,0.482983,0.222495,-0.027084,0.460229,0.259954,-0.012650,0.460656,0.293628,0.002838
1212,1694940887.399982,0,-55.8062,-55.8062,-0.8388,-27.4076,55.1841,387.2108,68.7320,9245.6754,2.0934,111.9159,61.3887,160.2787,146.9791,129.8641,113.9491,0.067745,0.596976,0.576564,0.000000,0.519647,0.644896,-0.026752,0.438664,0.634103,-0.041464,0.376566,0.567198,-0.046660,0.338501,0.498295,-0.048479,0.456493,0.460301,-0.061312,0.367629,0.402792,-0.068356,0.324979,0.375186,-0.061935,0.298534,0.349129,-0.055182,0.490069,0.371768,-0.048983,0.403026,0.259145,-0.059919,0.380843,0.281929,-0.046012,0.381655,0.303861,-0.029641,0.521281,0.321928,-0.034714,0.446387,0.228545,-0.041606,0.425082,0.277710,-0.023022,0.427870,0.315321,-0.004300,0.548737,0.297563,-0.021480,0.485990,0.225805,-0.021760,0.461478,0.263758,-0.006722,0.460446,0.299063,0.008787
1213,1694940887.408315,0,-55.6297,-55.6297,-28.1518,-27.3130,55.6958,433.8994,29.6368,9046.3165,1.1903,113.3333,58.3865,160.2204,145.6363,127.1816,111.2713,0.070472,0.597078,0.572932,0.000000,0.519067,0.644209,-0.028152,0.438466,0.633954,-0.043028,0.377206,0.568677,-0.048079,0.339998,0.498733,-0.049525,0.456960,0.460216,-0.061850,0.367895,0.402524,-0.070138,0.323252,0.374530,-0.063915,0.296072,0.346082,-0.056979,0.491262,0.372119,-0.048936,0.404002,0.255827,-0.063299,0.387730,0.294297,-0.048452,0.395522,0.327309,-0.029405,0.522418,0.323140,-0.034463,0.446778,0.226745,-0.044964,0.429382,0.281200,-0.026403,0.436251,0.318661,-0.005821,0.549380,0.299932,-0.020890,0.485499,0.221915,-0.022521,0.462700,0.260024,-0.007360,0.463834,0.294046,0.008986
1214,1694940887.416648,0,55.0083,55.0083,27.2947,55.4465,55.2277,702.6567,64.4800,9182.4588,2.2097,111.1782,58.9484,159.7589,147.6092,132.5351,119.9325,0.073622,0.596640,0.576140,0.000000,0.517877,0.647000,-0.028199,0.437819,0.634902,-0.042593,0.377264,0.566961,-0.047118,0.339099,0.498035,-0.047881,0.457067,0.460337,-0.061668,0.368324,0.400177,-0.069095,0.323985,0.373125,-0.061885,0.297270,0.346636,-0.054216,0.491030,0.372283,-0.048558,0.403481,0.255849,-0.063256,0.389216,0.295594,-0.048202,0.399176,0.329207,-0.028597,0.521868,0.323399,-0.033769,0.446903,0.227432,-0.044122,0.431072,0.282505,-0.025367,0.438683,0.319405,-0.004508,0.548623,0.300425,-0.019868,0.484928,0.222764,-0.020757,0.463545,0.262130,-0.005099,0.465918,0.296881,0.011601
1215,1694940887.424982,0,-50.9563,-50.9563,-27.7269,-55.0216,54.7278,714.4588,12.4410,6982.4444,1.5625,113.8040,63.6461,156.5226,142.6290,124.7776,108.8204,0.074846,0.599235,0.576296,0.000000,0.521266,0.645884,-0.026145,0.441872,0.634245,-0.040430,0.380253,0.567551,-0.045525,0.339379,0.501196,-0.046938,0.456576,0.460779,-0.059222,0.368549,0.400574,-0.067221,0.324774,0.372289,-0.060848,0.297879,0.345060,-0.053830,0.491154,0.374417,-0.047992,0.402362,0.256994,-0.062650,0.385943,0.290907,-0.048543,0.393926,0.320444,-0.030112,0.523508,0.326755,-0.035095,0.449135,0.226247,-0.044998,0.430554,0.279153,-0.026016,0.436252,0.316654,-0.005395,0.552206,0.305064,-0.023143,0.489546,0.225531,-0.023973,0.464735,0.263721,-0.008408,0.464148,0.299207,0.008121
1216,1694940887.433315,0,53.9161,53.9161,27.4306,55.1575,53.2290,625.8537,2.6540,8880.7721,1.7803,110.7793,62.3144,156.6827,143.1245,125.4729,109.4197,0.064681,0.598032,0.578517,0.000000,0.520979,0.645723,-0.025110,0.441233,0.634072,-0.039439,0.379562,0.567326,-0.044876,0.340187,0.500869,-0.047004,0.456430,0.460453,-0.058729,0.368702,0.401738,-0.065874,0.326556,0.372949,-0.060016,0.300777,0.347023,-0.053732,0.490564,0.374236,-0.047792,0.405069,0.258989,-0.058048,0.383330,0.279896,-0.044494,0.383847,0.300802,-0.028813,0.522857,0.326645,-0.034994,0.450098,0.226475,-0.041550,0.428480,0.274867,-0.023201,0.430972,0.312968,-0.005015,0.551624,0.305166,-0.023217,0.490872,0.228159,-0.023786,0.465170,0.265685,-0.009218,0.463051,0.301994,0.005819
1217,1694940887.441648,0,54.6597,54.6597,27.5723,0.1417,52.8432,683.6130,45.8793,7854.3044,1.3252,109.7330,63.8913,154.2554,141.1097,122.6907,106.6138,0.076945,0.597757,0.576594,0.000000,0.520311,0.645172,-0.029335,0.439101,0.633501,-0.044055,0.378395,0.569086,-0.048792,0.343018,0.498582,-0.049864,0.459254,0.460272,-0.062609,0.369360,0.400732,-0.070936,0.323740,0.373116,-0.064749,0.295613,0.344857,-0.058098,0.492581,0.372284,-0.049200,0.404748,0.258806,-0.064129,0.394397,0.306962,-0.048519,0.408142,0.347960,-0.028558,0.523410,0.323769,-0.034446,0.447395,0.231244,-0.045609,0.435220,0.288292,-0.027231,0.445869,0.326450,-0.006643,0.549876,0.301093,-0.020664,0.486420,0.224030,-0.023109,0.467122,0.263740,-0.008680,0.471220,0.298276,0.007109
1218,1694940887.449982,0,49.9196,49.9196,-1.2722,-28.8445,41.7725,427.5434,46.6364,8933.3011,1.7876,114.9190,68.1030,155.7110,141.1484,123.7471,108.3193,0.065479,0.598908,0.578874,0.000000,0.520932,0.646703,-0.025663,0.441071,0.634361,-0.039111,0.379683,0.566546,-0.042999,0.341144,0.498551,-0.042953,0.459370,0.465607,-0.060322,0.371280,0.400321,-0.066911,0.328915,0.374332,-0.057971,0.303888,0.349704,-0.049046,0.493210,0.376860,-0.048651,0.403549,0.255284,-0.063111,0.389767,0.295649,-0.047502,0.401057,0.331394,-0.027354,0.523860,0.325353,-0.034980,0.449140,0.228518,-0.044096,0.433338,0.283109,-0.024940,0.441343,0.320358,-0.004133,0.551093,0.300321,-0.022066,0.488835,0.226763,-0.021702,0.467687,0.267063,-0.005858,0.470525,0.302670,0.010815
1219,1694940887.458315,0,45.1115,45.1115,24.0170,25.2891,40.8846,624.6204,65.6015,6494.3944,1.4087,106.4830,69.9630,152.6759,139.5584,124.9451,114.4686,0.085245,0.601232,0.581003,-0.000000,0.522107,0.648610,-0.024339,0.440676,0.635116,-0.036525,0.379699,0.566898,-0.039709,0.341750,0.498387,-0.039032,0.458434,0.462273,-0.056005,0.370669,0.401090,-0.061937,0.327988,0.374768,-0.053556,0.302426,0.349459,-0.045283,0.493279,0.376081,-0.045179,0.404524,0.254736,-0.058781,0.390239,0.294012,-0.043218,0.400274,0.328427,-0.023204,0.525514,0.327935,-0.032605,0.451847,0.225428,-0.041778,0.434065,0.277545,-0.022607,0.440070,0.313281,-0.001690,0.554169,0.306630,-0.020755,0.492557,0.224935,-0.020654,0.470330,0.264099,-0.004480,0.472966,0.300778,0.012549
1220,1694940887.466648,0,43.5072,43.5072,-2.6022,-26.6192,4.5043,322.8724,7.5991,6328.1199,1.6243,104.9537,70.7579,153.2903,136.9490,113.8958,94.0172,0.080172,0.598955,0.574420,-0.000000,0.521064,0.649064,-0.025054,0.440430,0.636662,-0.037175,0.379342,0.568109,-0.039927,0.340832,0.500940,-0.039047,0.458836,0.461143,-0.057355,0.369272,0.401164,-0.063066,0.325858,0.376303,-0.054158,0.300698,0.350560,-0.045445,0.492451,0.373784,-0.045722,0.403078,0.254734,-0.059591,0.392742,0.297755,-0.043731,0.406966,0.333437,-0.023136,0.523198,0.323716,-0.032218,0.449401,0.227724,-0.041555,0.436628,0.283375,-0.022822,0.447391,0.319102,-0.002030,0.550546,0.299994,-0.019362,0.487846,0.224880,-0.019278,0.469452,0.265979,-0.003342,0.476024,0.301435,0.013540
1221,1694940887.474982,0,-53.9474,-53.9474,-27.1518,-24.5495,41.0847,299.7436,61.9176,8158.8681,1.6778,107.6273,64.7705,156.5384,143.6274,126.4831,112.7180,0.079436,0.598522,0.575778,0.000000,0.521395,0.649149,-0.025797,0.441470,0.638102,-0.039768,0.380270,0.570162,-0.044293,0.340678,0.503969,-0.044872,0.459042,0.462547,-0.060738,0.369754,0.399368,-0.068041,0.324796,0.374239,-0.059934,0.297939,0.350604,-0.051441,0.493529,0.375706,-0.049167,0.406123,0.252321,-0.063639,0.390496,0.294066,-0.047007,0.399691,0.331584,-0.025904,0.525108,0.328238,-0.035785,0.452715,0.227029,-0.045804,0.434575,0.280311,-0.025982,0.440708,0.317141,-0.004240,0.552780,0.306814,-0.023103,0.491622,0.226107,-0.023252,0.469386,0.263426,-0.006558,0.472039,0.298109,0.011011
1222,1694940887.483315,0,49.6076,49.6076,-0.0780,27.0738,40.4704,503.3294,32.9335,7551.9404,1.4228,106.5247,67.3356,153.8550,141.6230,128.3957,118.4209,0.083384,0.602118,0.582130,-0.000000,0.522814,0.650227,-0.024014,0.441030,0.636644,-0.037739,0.379304,0.568254,-0.042534,0.341931,0.499969,-0.043767,0.460495,0.462275,-0.059459,0.371257,0.399104,-0.065961,0.327597,0.372193,-0.057471,0.300966,0.348613,-0.049029,0.494194,0.375683,-0.048532,0.404421,0.257023,-0.060308,0.392084,0.291896,-0.043569,0.402451,0.321694,-0.023619,0.525440,0.325446,-0.035476,0.450298,0.226068,-0.043143,0.434809,0.276765,-0.022967,0.442328,0.312563,-0.002333,0.553431,0.302194,-0.023035,0.491869,0.226748,-0.022758,0.471725,0.267193,-0.006221,0.475844,0.304830,0.010845
1223,1694940887.491648,0,48.3922,48.3922,0.8202,0.8982,40.3005,325.4769,53.3274,9251.5170,2.0239,110.0710,69.5677,151.5907,142.2941,132.1082,125.6895,0.086850,0.598741,0.580527,0.000000,0.520654,0.647646,-0.025170,0.440519,0.632907,-0.037450,0.379712,0.565173,-0.040542,0.340550,0.498126,-0.039818,0.457169,0.462999,-0.055950,0.370897,0.399686,-0.062250,0.327369,0.372579,-0.054542,0.300922,0.346841,-0.046602,0.490942,0.377217,-0.044368,0.406025,0.256588,-0.057509,0.391805,0.297653,-0.042701,0.402087,0.334374,-0.023427,0.522680,0.328572,-0.031124,0.451833,0.229065,-0.039577,0.435803,0.284465,-0.021364,0.443683,0.322410,-0.001208,0.551132,0.305430,-0.018694,0.490615,0.226037,-0.017737,0.468692,0.264656,-0.002224,0.471339,0.299455,0.014145
1224,1694940887.499982,0,-54.9388,-54.9388,-24.6115,-25.4317,49.8224,580.0851,80.7338,7175.2155,1.1619,110.1860,69.9397,150.7661,137.8980,121.3887,108.2216,0.086351,0.599459,0.579732,0.000000,0.522050,0.647856,-0.025412,0.441058,0.634893,-0.039034,0.379578,0.567379,-0.043597,0.343893,0.497019,-0.044800,0.458175,0.461961,-0.059060,0.370348,0.401993,-0.067777,0.327670,0.373677,-0.062510,0.301942,0.346685,-0.056274,0.492110,0.375252,-0.048009,0.403526,0.258974,-0.062548,0.386860,0.291154,-0.049410,0.394747,0.319692,-0.031793,0.523834,0.326776,-0.035123,0.449200,0.227782,-0.045181,0.430347,0.280258,-0.027389,0.436516,0.317709,-0.007565,0.552330,0.305003,-0.023038,0.489581,0.227877,-0.024192,0.465162,0.267036,-0.009104,0.465961,0.302886,0.007176
1225,1694940887.508315,0,-54.7542,-54.7542,-0.2017,24.4098,50.7299,386.0874,67.5608,6396.7999,0.8274,110.6088,70.2817,151.0254,136.3952,117.9677,102.7507,0.080565,0.598393,0.580106,0.000000,0.520121,0.646641,-0.025614,0.440724,0.633925,-0.040105,0.380165,0.567035,-0.045953,0.341371,0.500739,-0.048649,0.458081,0.462263,-0.058179,0.370156,0.401861,-0.067335,0.327230,0.373898,-0.062850,0.301465,0.346445,-0.057247,0.492253,0.376301,-0.047667,0.406494,0.258065,-0.061590,0.390473,0.294610,-0.048972,0.398563,0.326668,-0.032299,0.523930,0.328491,-0.035558,0.450509,0.228385,-0.044876,0.432671,0.283141,-0.027567,0.439556,0.322393,-0.008943,0.551732,0.306184,-0.024395,0.490752,0.231756,-0.026047,0.467129,0.272020,-0.012067,0.467368,0.308200,0.003009
1226,1694940887.516648,0,-48.3442,-48.3442,-24.4879,-24.2863,49.8704,283.8612,65.6767,7358.0096,1.7353,105.3472,68.6826,154.6710,142.9255,130.0945,120.0762,0.080135,0.597636,0.579000,-0.000000,0.520228,0.649561,-0.025088,0.439815,0.636394,-0.037592,0.379110,0.566955,-0.040967,0.341753,0.497903,-0.040787,0.457800,0.462649,-0.056237,0.371543,0.401541,-0.063211,0.328559,0.376018,-0.055894,0.303021,0.350553,-0.048109,0.491584,0.376291,-0.044825,0.404423,0.257877,-0.059279,0.391165,0.298847,-0.044692,0.402561,0.332787,-0.025026,0.522521,0.327088,-0.031683,0.450163,0.230502,-0.041586,0.435079,0.285982,-0.023399,0.443967,0.322013,-0.002703,0.550131,0.303393,-0.019227,0.487639,0.226991,-0.019123,0.467488,0.266525,-0.003108,0.472108,0.300260,0.013964
1227,1694940887.524982,0,-48.9871,-48.9871,-24.3448,0.1431,40.1551,413.5822,44.1449,6580.9397,1.7586,102.2847,66.0497,158.1308,142.7203,121.1807,102.0660,0.086529,0.596366,0.577255,0.000000,0.519710,0.648883,-0.026717,0.439299,0.637742,-0.040298,0.378911,0.569255,-0.044389,0.340976,0.501950,-0.044746,0.458508,0.461932,-0.059881,0.369933,0.401155,-0.067574,0.325877,0.376187,-0.060232,0.299409,0.353752,-0.052320,0.492282,0.374409,-0.048167,0.406080,0.255400,-0.063104,0.391202,0.295406,-0.047641,0.399421,0.330355,-0.027313,0.523089,0.325478,-0.034786,0.451573,0.229485,-0.045576,0.435200,0.282794,-0.025975,0.441299,0.317542,-0.004183,0.550070,0.302574,-0.022215,0.487924,0.224204,-0.023386,0.467724,0.263917,-0.006294,0.471423,0.298809,0.011911
1228,1694940887.533315,0,-46.0103,-46.0103,2.2321,26.5769,3.6010,158.0644,16.0845,6323.1078,2.0372,113.1790,68.5022,150.4212,136.3066,118.2276,103.8346,0.083323,0.598239,0.584162,0.000000,0.520066,0.649674,-0.023304,0.440475,0.634254,-0.035930,0.379516,0.566109,-0.040277,0.342737,0.498438,-0.041288,0.456401,0.465578,-0.054343,0.369882,0.401721,-0.061539,0.328145,0.371903,-0.055674,0.302741,0.344144,-0.049343,0.490977,0.380436,-0.044609,0.403585,0.264274,-0.056726,0.384729,0.298323,-0.042948,0.390563,0.330373,-0.025740,0.523848,0.333312,-0.033253,0.450871,0.229091,-0.041253,0.429257,0.280283,-0.023175,0.433044,0.318816,-0.004161,0.553573,0.312526,-0.022773,0.493440,0.231818,-0.023307,0.466367,0.270581,-0.008901,0.464047,0.308080,0.006354
1229,1694940887.541648,0,56.7186,56.7186,27.8682,25.6361,42.5943,789.5809,63.6575,8973.3383,2.0533,113.5409,64.5767,154.4771,141.4810,126.6987,112.8403,0.058819,0.599517,0.580943,0.000000,0.521277,0.648040,-0.027446,0.441031,0.635166,-0.042191,0.379857,0.569202,-0.047657,0.341980,0.500475,-0.049723,0.458138,0.462779,-0.060122,0.371103,0.403672,-0.068665,0.328459,0.375238,-0.063249,0.302844,0.347390,-0.056944,0.492279,0.376455,-0.048174,0.405999,0.259007,-0.062022,0.388926,0.292506,-0.048407,0.396348,0.322616,-0.030826,0.523892,0.327970,-0.034709,0.449155,0.230096,-0.044466,0.431663,0.284062,-0.026603,0.439145,0.322007,-0.007067,0.551586,0.304870,-0.022275,0.488661,0.229310,-0.023733,0.465962,0.269316,-0.009136,0.467689,0.304517,0.006558
1230,1694940887.549982,0,-56.1633,-56.1633,-1.9548,-29.8230,42.7729,377.9852,12.3950,9779.7926,1.6154,110.5795,57.7007,156.8613,144.9050,130.3685,117.3845,0.064078,0.598406,0.580883,0.000000,0.520176,0.649854,-0.027280,0.438380,0.635924,-0.041021,0.378259,0.569252,-0.045231,0.344090,0.498172,-0.046133,0.459476,0.465636,-0.060532,0.371750,0.405352,-0.068496,0.327589,0.377453,-0.062545,0.300037,0.348725,-0.056220,0.493475,0.378816,-0.048140,0.407789,0.262908,-0.062542,0.396553,0.303734,-0.048221,0.408291,0.339690,-0.029692,0.524917,0.329654,-0.034097,0.450635,0.233831,-0.044993,0.438992,0.289561,-0.027326,0.450276,0.328251,-0.007397,0.552186,0.305662,-0.020891,0.488846,0.226849,-0.023774,0.469699,0.266598,-0.009907,0.474423,0.301036,0.005546
1231,1694940887.558315,0,57.6479,57.6479,26.6588,28.6135,52.8025,587.4543,32.6234,7805.1004,1.3177,109.5856,62.5783,156.0831,143.4494,126.8027,113.4808,0.086399,0.598813,0.578977,0.000000,0.521459,0.649139,-0.026672,0.441291,0.636386,-0.040871,0.380673,0.568665,-0.045585,0.342598,0.499726,-0.046891,0.459457,0.462784,-0.061292,0.371045,0.402970,-0.069730,0.326708,0.375235,-0.063848,0.299707,0.347061,-0.057205,0.492722,0.375545,-0.049265,0.405472,0.259720,-0.063768,0.390012,0.299168,-0.049062,0.400137,0.333603,-0.030245,0.523335,0.326876,-0.035552,0.446657,0.229274,-0.045959,0.430290,0.284947,-0.027422,0.439261,0.322884,-0.007153,0.550107,0.303259,-0.022659,0.485593,0.226010,-0.024163,0.464042,0.267408,-0.008986,0.467615,0.303048,0.007134
1232,1694940887.566648,0,-50.8205,-50.8205,-1.2025,-27.8613,53.0959,195.7448,66.7657,7493.3107,1.3405,112.0995,69.1218,151.4231,137.9625,122.2781,110.1499,0.079591,0.599413,0.579682,0.000000,0.522448,0.648730,-0.024982,0.441937,0.636211,-0.038222,0.380208,0.568014,-0.042187,0.342480,0.500159,-0.042555,0.458381,0.464048,-0.058884,0.370246,0.401582,-0.065653,0.328022,0.373025,-0.058252,0.302517,0.346328,-0.050629,0.492369,0.376810,-0.047240,0.404011,0.261397,-0.059800,0.386937,0.296006,-0.045006,0.393867,0.326900,-0.026525,0.523674,0.327976,-0.033592,0.449924,0.230809,-0.041552,0.430004,0.282774,-0.022830,0.434677,0.320706,-0.003006,0.551570,0.305708,-0.020717,0.489925,0.231177,-0.020471,0.464981,0.270094,-0.005114,0.464478,0.306071,0.011002
1233,1694940887.574982,0,-53.0123,-53.0123,-27.4327,-26.2302,54.1687,768.8794,86.9002,7173.2096,1.0825,114.2261,64.2242,152.0016,138.7432,122.4655,108.1902,0.082790,0.597383,0.577840,0.000000,0.520601,0.648419,-0.026431,0.440650,0.636777,-0.040792,0.379744,0.568598,-0.045653,0.341930,0.499104,-0.047054,0.458349,0.463637,-0.061063,0.370983,0.401364,-0.069221,0.328084,0.373177,-0.063180,0.302194,0.346126,-0.056362,0.492621,0.377349,-0.049201,0.405956,0.259198,-0.062530,0.388144,0.290184,-0.048337,0.394777,0.318478,-0.030463,0.523634,0.328713,-0.035525,0.450104,0.231305,-0.044376,0.432262,0.283771,-0.025893,0.438922,0.320771,-0.006178,0.551061,0.304711,-0.022753,0.488455,0.228158,-0.023391,0.466137,0.266400,-0.008040,0.467958,0.300889,0.008121
1234,1694940887.583315,0,54.1818,54.1818,27.5863,55.0190,53.5580,386.4816,30.1291,9261.8018,1.2779,114.7168,61.7393,154.0340,142.5614,129.1687,118.0797,0.075389,0.599904,0.584664,0.000000,0.521485,0.647712,-0.026525,0.441484,0.634262,-0.041043,0.379028,0.567211,-0.046368,0.342086,0.497140,-0.048070,0.457779,0.464272,-0.059316,0.370030,0.402622,-0.067265,0.327306,0.373139,-0.061650,0.300990,0.345587,-0.055536,0.491896,0.377036,-0.047619,0.404180,0.261935,-0.060423,0.384286,0.292197,-0.046867,0.388431,0.320531,-0.030050,0.524296,0.328752,-0.034248,0.450545,0.227351,-0.042809,0.428867,0.277759,-0.024468,0.432262,0.316279,-0.005252,0.553223,0.307360,-0.021925,0.492267,0.229822,-0.022604,0.465564,0.267829,-0.008009,0.462998,0.303675,0.007350
1235,1694940887.591648,0,52.9654,52.9654,-1.1706,-28.7569,52.3718,122.5316,32.9082,7460.7835,1.3817,110.2222,62.7727,154.9943,142.7952,127.8180,114.9969,0.080864,0.599685,0.581935,0.000000,0.520874,0.643192,-0.025072,0.440046,0.632575,-0.039681,0.377667,0.566182,-0.046023,0.340919,0.495676,-0.049509,0.458902,0.461513,-0.057635,0.369674,0.403994,-0.064686,0.327522,0.375088,-0.059824,0.301340,0.346861,-0.054744,0.492237,0.375893,-0.047554,0.407395,0.260882,-0.056104,0.385696,0.273550,-0.044054,0.384702,0.287271,-0.030772,0.523806,0.327593,-0.035698,0.447929,0.229506,-0.042893,0.430110,0.279104,-0.026335,0.435505,0.319136,-0.009878,0.551587,0.303978,-0.024767,0.488767,0.229345,-0.028244,0.464915,0.267879,-0.015629,0.464334,0.305441,-0.001967
1236,1694940887.599982,0,-52.4592,-52.4592,-0.4097,0.7610,51.7744,215.7064,61.6121,8204.9640,1.3659,107.1057,64.2602,154.6303,142.3196,127.8540,115.8003,0.066116,0.599984,0.582035,0.000000,0.521270,0.645386,-0.024993,0.440879,0.631818,-0.038301,0.378714,0.565156,-0.042428,0.341657,0.496742,-0.042919,0.459643,0.465199,-0.059771,0.370580,0.402045,-0.066760,0.328245,0.373879,-0.059148,0.302425,0.348374,-0.051398,0.492846,0.376724,-0.048758,0.402927,0.260768,-0.062548,0.386682,0.296411,-0.048396,0.395116,0.329563,-0.030281,0.523570,0.325948,-0.035627,0.448016,0.231044,-0.044198,0.430214,0.283567,-0.025528,0.436835,0.321506,-0.005778,0.550877,0.302127,-0.023269,0.487591,0.229439,-0.022902,0.465450,0.270687,-0.006940,0.468155,0.308103,0.009485
1237,1694940887.608315,0,46.8300,46.8300,24.9606,25.3703,51.0407,843.8145,62.0870,8255.3533,1.0875,114.9769,67.0671,155.0966,140.2958,121.7093,105.4823,0.074289,0.598577,0.582462,0.000000,0.520735,0.649555,-0.026422,0.440645,0.634385,-0.039619,0.379482,0.566435,-0.043678,0.340840,0.497999,-0.043876,0.458384,0.460823,-0.056983,0.370615,0.400292,-0.063928,0.327965,0.373939,-0.056109,0.302851,0.346916,-0.048153,0.492993,0.375758,-0.045630,0.403827,0.258178,-0.060832,0.390820,0.303258,-0.045923,0.403074,0.340052,-0.026005,0.525173,0.328972,-0.032830,0.451464,0.228848,-0.043715,0.435740,0.286700,-0.025085,0.444435,0.324576,-0.003981,0.553607,0.308377,-0.020925,0.492169,0.227334,-0.021956,0.470003,0.267955,-0.006691,0.472812,0.303844,0.009859
1238,1694940887.616648,0,-56.1440,-56.1440,-27.5815,-52.5421,51.8197,108.4099,76.4473,9067.0309,1.8310,110.3472,63.7915,154.7047,144.1237,132.6299,123.8509,0.085334,0.599342,0.577265,0.000000,0.520781,0.647444,-0.027865,0.441024,0.635755,-0.042684,0.380213,0.568588,-0.047672,0.344455,0.497755,-0.049276,0.459558,0.460653,-0.062745,0.370881,0.403191,-0.069997,0.327437,0.375328,-0.063507,0.300745,0.347798,-0.056787,0.493107,0.372771,-0.049535,0.406386,0.258080,-0.061944,0.390492,0.295607,-0.047296,0.398955,0.330042,-0.029411,0.524326,0.324838,-0.034486,0.449312,0.228301,-0.042980,0.432844,0.284039,-0.025198,0.440998,0.324260,-0.006254,0.551440,0.303200,-0.020348,0.489222,0.228927,-0.021469,0.467233,0.270400,-0.007625,0.469003,0.307538,0.007204
1239,1694940887.624982,0,53.9232,53.9232,0.2394,27.8209,51.7748,188.0397,66.0116,6993.0135,1.8130,105.3966,68.4842,153.6980,141.1748,127.1432,116.6278,0.084484,0.597788,0.575854,0.000000,0.520184,0.646733,-0.026972,0.439690,0.633980,-0.040973,0.378749,0.566101,-0.045675,0.339736,0.497868,-0.046914,0.457480,0.459439,-0.058269,0.370751,0.400113,-0.065803,0.327917,0.373312,-0.059708,0.302479,0.347891,-0.052911,0.491988,0.374346,-0.046517,0.405815,0.255050,-0.059616,0.388693,0.286640,-0.046135,0.395592,0.315300,-0.028616,0.523657,0.326966,-0.033235,0.449749,0.227256,-0.042354,0.432849,0.280278,-0.024763,0.439865,0.317539,-0.005540,0.551700,0.304418,-0.020949,0.489272,0.226986,-0.022134,0.466817,0.265795,-0.007589,0.468185,0.300703,0.008019
1240,1694940887.633315,0,54.9715,54.9715,26.8577,26.6182,52.1204,199.0967,31.5561,9152.9592,1.6781,107.8650,63.2469,156.1277,145.3994,133.1209,123.4694,0.075377,0.597649,0.575360,0.000000,0.520421,0.646092,-0.029241,0.440822,0.634933,-0.044052,0.380060,0.568866,-0.048871,0.342055,0.499767,-0.049730,0.458353,0.461534,-0.062074,0.370399,0.400440,-0.069719,0.326492,0.373923,-0.062406,0.299755,0.348587,-0.054661,0.492291,0.374062,-0.048785,0.404925,0.256121,-0.064283,0.389422,0.295281,-0.049752,0.397991,0.328921,-0.030276,0.523496,0.325597,-0.033907,0.449971,0.230241,-0.044493,0.433004,0.284461,-0.025871,0.439814,0.320547,-0.004921,0.550635,0.303132,-0.020103,0.488729,0.223450,-0.021015,0.466916,0.262360,-0.005363,0.469303,0.297446,0.011490
1241,1694940887.641648,0,-52.0963,-52.0963,-24.7316,-51.5893,52.0343,778.4068,12.5382,7257.8971,2.0774,112.2778,64.3898,152.4252,139.7616,124.3689,110.3211,0.077673,0.599613,0.579899,0.000000,0.519694,0.645423,-0.026378,0.440240,0.631975,-0.040644,0.379267,0.564356,-0.045432,0.341397,0.495427,-0.046728,0.458647,0.461932,-0.061222,0.371006,0.401391,-0.068958,0.328359,0.372351,-0.062591,0.301994,0.345661,-0.055664,0.492310,0.374134,-0.049217,0.404244,0.258256,-0.062311,0.387738,0.292190,-0.048009,0.395066,0.323458,-0.030138,0.523926,0.325010,-0.035301,0.449391,0.228509,-0.043848,0.431391,0.281295,-0.025484,0.437587,0.320149,-0.006015,0.551708,0.302497,-0.022250,0.489303,0.228118,-0.022459,0.466267,0.268709,-0.007222,0.467202,0.306079,0.008664
1242,1694940887.649982,0,-47.4498,-47.4498,2.1735,26.9051,52.1714,297.8754,70.5439,6460.0524,1.1007,113.3974,69.3705,150.3554,135.7352,117.3624,102.0384,0.081468,0.599307,0.581243,0.000000,0.519749,0.646591,-0.027700,0.439960,0.632798,-0.041779,0.378679,0.566281,-0.046213,0.339892,0.497243,-0.046769,0.457418,0.459769,-0.059337,0.370860,0.399976,-0.066490,0.328520,0.371621,-0.059101,0.302866,0.344319,-0.051350,0.491117,0.371857,-0.046646,0.402612,0.255548,-0.061133,0.388164,0.298942,-0.046073,0.398656,0.335952,-0.026257,0.522497,0.322727,-0.032398,0.448102,0.226378,-0.041699,0.430085,0.281001,-0.022788,0.436202,0.317773,-0.002015,0.549995,0.300416,-0.019160,0.487017,0.224313,-0.018557,0.464241,0.265464,-0.002532,0.465920,0.301887,0.014279
1243,1694940887.658315,0,46.5092,46.5092,-1.8535,-4.0271,49.8682,386.7890,25.6494,8014.3087,1.9331,117.9977,65.0069,156.1388,140.4354,120.1411,101.4860,0.071224,0.598723,0.580416,0.000000,0.519519,0.645146,-0.024873,0.438780,0.630415,-0.037676,0.376937,0.561716,-0.041712,0.340937,0.492620,-0.042387,0.456545,0.462842,-0.056542,0.368420,0.399734,-0.063952,0.326383,0.370848,-0.058284,0.300239,0.343877,-0.052053,0.490105,0.375284,-0.045654,0.403063,0.260276,-0.058099,0.386849,0.293752,-0.044804,0.394298,0.325799,-0.027973,0.521734,0.325647,-0.033074,0.446437,0.230030,-0.041387,0.428324,0.282243,-0.023777,0.434481,0.320842,-0.005061,0.549926,0.301713,-0.021395,0.487128,0.225499,-0.021968,0.463453,0.266085,-0.007383,0.464199,0.303819,0.007913
1244,1694940887.666648,0,55.7958,55.7958,0.2061,2.0596,50.1938,179.8356,84.2252,7587.8240,1.0302,110.7431,62.9694,153.9146,141.3127,125.7671,112.7208,0.080420,0.596988,0.574194,0.000000,0.519681,0.643523,-0.027443,0.438751,0.631198,-0.041569,0.378350,0.564978,-0.046394,0.342302,0.495196,-0.048049,0.458812,0.456741,-0.059073,0.370243,0.401354,-0.067675,0.326653,0.373058,-0.063217,0.299472,0.344251,-0.057846,0.491744,0.368359,-0.046715,0.405559,0.259036,-0.060023,0.390362,0.300757,-0.046457,0.398933,0.337936,-0.029012,0.522348,0.319509,-0.033013,0.446907,0.227124,-0.043197,0.430688,0.282516,-0.026415,0.438874,0.321640,-0.007684,0.548858,0.296749,-0.020226,0.486381,0.223825,-0.023043,0.465164,0.264222,-0.009618,0.467856,0.300513,0.005223
1245,1694940887.674982,0,41.2551,41.2551,23.3379,23.1318,48.0756,641.0115,78.9528,6323.0428,1.2694,113.1196,70.2482,148.7558,133.5172,113.8926,97.9165,0.079488,0.598769,0.575917,-0.000000,0.519839,0.647151,-0.024936,0.438891,0.632948,-0.037210,0.377389,0.563050,-0.040061,0.339848,0.494607,-0.039083,0.458371,0.460625,-0.058107,0.370692,0.398773,-0.063626,0.328175,0.371099,-0.053962,0.303029,0.343199,-0.044769,0.492504,0.374346,-0.046441,0.401670,0.257420,-0.061231,0.387876,0.301613,-0.045121,0.399200,0.336710,-0.024230,0.523993,0.325376,-0.032804,0.449304,0.224577,-0.042693,0.432196,0.280973,-0.023023,0.439826,0.318519,-0.001280,0.552065,0.303184,-0.019837,0.488573,0.223098,-0.019529,0.466206,0.264512,-0.003204,0.469369,0.301259,0.014035
1246,1694940887.683315,0,-51.4201,-51.4201,-0.9926,-24.3304,47.9048,361.5412,68.6418,9085.7445,2.2251,110.7052,62.4705,154.4099,142.9853,128.6756,117.1142,0.083313,0.599543,0.579422,0.000000,0.520408,0.644217,-0.025520,0.439219,0.630391,-0.039540,0.376888,0.561431,-0.044617,0.339569,0.490815,-0.046242,0.456809,0.459523,-0.057398,0.369568,0.398881,-0.064635,0.327116,0.371194,-0.059087,0.300867,0.345847,-0.053010,0.490961,0.372483,-0.046152,0.404445,0.258101,-0.056566,0.385110,0.287932,-0.042304,0.389140,0.315781,-0.025703,0.522997,0.324180,-0.033335,0.447839,0.225358,-0.040465,0.427987,0.276767,-0.022091,0.432500,0.315319,-0.003509,0.551218,0.301514,-0.021509,0.488607,0.224678,-0.021927,0.463619,0.263634,-0.007349,0.462277,0.299999,0.007647
1247,1694940887.691648,0,56.1781,56.1781,2.4172,3.4098,40.9356,506.0696,49.0446,9246.3751,1.5220,112.2176,61.6202,154.2339,143.3087,130.5085,119.5361,0.075103,0.596785,0.574838,0.000000,0.518716,0.642948,-0.027755,0.437996,0.630955,-0.042592,0.376767,0.563843,-0.048035,0.339875,0.492717,-0.050457,0.457068,0.456692,-0.060468,0.369605,0.399858,-0.068485,0.326278,0.369747,-0.063461,0.298958,0.342311,-0.057575,0.490453,0.369109,-0.048327,0.404559,0.256978,-0.059097,0.382755,0.280866,-0.045649,0.383069,0.303605,-0.029714,0.521468,0.320215,-0.034671,0.446135,0.227359,-0.043942,0.427671,0.278193,-0.026758,0.432835,0.315395,-0.008332,0.548283,0.296936,-0.021946,0.483181,0.221631,-0.024540,0.461725,0.259817,-0.009975,0.463928,0.294209,0.005529
1248,1694940887.699982,0,-55.5886,-55.5886,-27.8461,-30.2633,51.5325,488.0403,21.8496,9190.8118,1.5987,103.3912,63.1203,159.5667,146.8166,131.6743,118.7475,0.075476,0.597469,0.576166,0.000000,0.519175,0.645674,-0.026375,0.440048,0.633034,-0.040234,0.379970,0.564761,-0.044488,0.340794,0.498813,-0.044757,0.458204,0.459658,-0.060948,0.371258,0.398668,-0.069286,0.326802,0.373549,-0.062299,0.299787,0.351000,-0.054480,0.492390,0.372002,-0.048871,0.406148,0.252194,-0.064141,0.390025,0.295709,-0.047992,0.398856,0.335490,-0.027097,0.524157,0.324310,-0.035048,0.452428,0.224726,-0.045788,0.434123,0.277666,-0.025659,0.440052,0.315110,-0.003397,0.552284,0.303466,-0.021984,0.490861,0.221831,-0.022393,0.468499,0.260950,-0.005211,0.470774,0.297550,0.012944
1249,1694940887.708315,0,52.3744,52.3744,2.7798,30.6259,50.9290,279.3963,5.4098,7640.0611,1.4751,113.8472,64.3201,152.5148,139.8915,124.4023,110.7343,0.069915,0.598495,0.576126,-0.000000,0.520046,0.647065,-0.027297,0.439546,0.632040,-0.040947,0.378182,0.562315,-0.044970,0.339398,0.494754,-0.045189,0.460139,0.459931,-0.060444,0.371190,0.397480,-0.068568,0.328164,0.369391,-0.061260,0.302569,0.342254,-0.053516,0.494217,0.372430,-0.048721,0.401592,0.255995,-0.065389,0.386065,0.302481,-0.050683,0.396833,0.341110,-0.030657,0.525161,0.323648,-0.035431,0.448354,0.224891,-0.046732,0.429860,0.281372,-0.027711,0.436931,0.318835,-0.006356,0.552523,0.302082,-0.023112,0.488123,0.224326,-0.024258,0.464636,0.265661,-0.008608,0.466797,0.302188,0.008209
1250,1694940887.716648,0,48.0114,48.0114,24.8579,22.0781,51.8597,165.3774,45.4567,7749.9669,2.0603,105.5054,67.2671,156.5377,144.7739,130.9633,119.8438,0.079199,0.599879,0.580100,0.000000,0.519848,0.646761,-0.022575,0.439567,0.633984,-0.035202,0.379244,0.565207,-0.039485,0.340245,0.498256,-0.040429,0.457369,0.458454,-0.054393,0.370571,0.397214,-0.060537,0.328061,0.372214,-0.053723,0.301978,0.349132,-0.046737,0.491981,0.372406,-0.044764,0.405023,0.252779,-0.056669,0.389313,0.284758,-0.042168,0.397017,0.314225,-0.024127,0.524198,0.324297,-0.033168,0.452031,0.221315,-0.040883,0.433991,0.270580,-0.021808,0.438702,0.305514,-0.002126,0.553209,0.302316,-0.022199,0.493104,0.223117,-0.021418,0.471433,0.261984,-0.004643,0.473433,0.297808,0.012260
1251,1694940887.724982,0,47.5961,47.5961,-2.1455,-27.0034,42.7667,400.1705,39.7157,7502.0087,1.7770,111.7431,66.7183,155.9343,141.2682,125.0302,111.3918,0.070839,0.597439,0.577340,0.000000,0.520140,0.644838,-0.026111,0.440462,0.631392,-0.039317,0.378884,0.563537,-0.042984,0.340324,0.495612,-0.042719,0.459052,0.459420,-0.059303,0.371617,0.397890,-0.066036,0.329491,0.372493,-0.057701,0.304486,0.347949,-0.049276,0.492637,0.372717,-0.047146,0.403563,0.254592,-0.062032,0.390438,0.297830,-0.046922,0.402398,0.334811,-0.027016,0.523607,0.324072,-0.033113,0.449712,0.227102,-0.042467,0.433712,0.283133,-0.023384,0.442114,0.321019,-0.002415,0.551124,0.302181,-0.019939,0.489582,0.226307,-0.019560,0.467366,0.266926,-0.003934,0.469573,0.302703,0.012652
1252,1694940887.733315,0,-54.9330,-54.9330,0.1639,2.3094,51.2653,334.8416,41.6912,8280.6018,1.6209,108.9043,69.4203,153.0409,140.8995,126.3402,114.3595,0.069126,0.598430,0.580128,0.000000,0.520474,0.646031,-0.026431,0.441311,0.631454,-0.040382,0.379938,0.563820,-0.044767,0.342152,0.495379,-0.045458,0.459249,0.464146,-0.062062,0.370072,0.398816,-0.069032,0.327922,0.369977,-0.061181,0.302323,0.343824,-0.053331,0.492254,0.375102,-0.050148,0.401217,0.259214,-0.064002,0.382456,0.295376,-0.049252,0.389046,0.329466,-0.030679,0.522994,0.324358,-0.036231,0.447578,0.226811,-0.044242,0.426969,0.278219,-0.024961,0.431021,0.316044,-0.005000,0.550183,0.300665,-0.023337,0.487908,0.225672,-0.022887,0.463848,0.266726,-0.007278,0.464125,0.304865,0.008794
1253,1694940887.741648,0,-53.0818,-53.0818,-26.3640,-26.5279,50.6545,522.4344,3.2002,7269.0586,1.4152,106.2662,68.6593,154.6785,142.0276,126.6970,115.3023,0.088750,0.598417,0.573061,0.000000,0.520274,0.645446,-0.026654,0.440258,0.633678,-0.040311,0.379321,0.564553,-0.044384,0.340650,0.495972,-0.044757,0.459186,0.460049,-0.060528,0.371711,0.398978,-0.068252,0.327940,0.371578,-0.061169,0.301267,0.346033,-0.053467,0.493213,0.371616,-0.048697,0.406183,0.253482,-0.063387,0.388262,0.286660,-0.048848,0.394527,0.316179,-0.029630,0.523763,0.321436,-0.035087,0.450967,0.226695,-0.045300,0.432993,0.277851,-0.026602,0.438764,0.311852,-0.005712,0.550552,0.297131,-0.022308,0.487198,0.221850,-0.022710,0.466423,0.260319,-0.006051,0.470236,0.294697,0.011562
1254,1694940887.749982,0,51.2046,51.2046,0.7983,27.1623,50.4513,342.8267,41.4282,8727.8069,1.5241,113.6929,65.3443,155.4371,141.7836,126.2069,111.7571,0.060404,0.597947,0.581082,0.000000,0.519616,0.645710,-0.025516,0.439782,0.629823,-0.038545,0.379141,0.563254,-0.042584,0.341495,0.495498,-0.042938,0.457998,0.460865,-0.056737,0.371946,0.399285,-0.064996,0.328882,0.372035,-0.059041,0.302522,0.345373,-0.052323,0.491464,0.374072,-0.045654,0.402225,0.258263,-0.061907,0.385359,0.299604,-0.048538,0.395045,0.335750,-0.029730,0.523131,0.325126,-0.032968,0.449072,0.225951,-0.043508,0.429307,0.280424,-0.024875,0.435601,0.318493,-0.003868,0.551488,0.302794,-0.021226,0.489193,0.224542,-0.021398,0.463930,0.264439,-0.005623,0.464362,0.300615,0.011228
1255,1694940887.758315,0,-49.5312,-49.5312,-24.2818,-25.0801,49.9715,608.6594,25.5230,8248.5000,2.0976,104.9128,62.8582,157.5870,144.6785,129.6660,117.7560,0.081308,0.597869,0.574121,0.000000,0.520361,0.645597,-0.025897,0.439592,0.633576,-0.039379,0.377963,0.563916,-0.043393,0.339377,0.496521,-0.043833,0.458954,0.457670,-0.059470,0.370389,0.397544,-0.066056,0.326518,0.373417,-0.058030,0.300467,0.350051,-0.049876,0.493382,0.369682,-0.047566,0.405897,0.253488,-0.061157,0.390595,0.294092,-0.045637,0.399513,0.328262,-0.025907,0.524498,0.320867,-0.033769,0.451517,0.225975,-0.043200,0.434869,0.279585,-0.024315,0.442018,0.315208,-0.003788,0.551395,0.297990,-0.020633,0.488546,0.225176,-0.021022,0.468548,0.265057,-0.004758,0.473073,0.298900,0.012331
1256,1694940887.766648,0,-44.2290,-44.2290,2.6760,26.9578,40.8228,316.4844,33.6495,6539.7263,1.8273,111.8349,68.4720,153.3015,139.0129,119.2913,101.3850,0.080983,0.597786,0.575784,-0.000000,0.519254,0.645743,-0.025571,0.439834,0.632828,-0.038790,0.378330,0.563733,-0.042541,0.338272,0.498188,-0.042346,0.459054,0.458981,-0.058819,0.370784,0.398919,-0.064803,0.328368,0.372509,-0.055566,0.303568,0.345855,-0.046543,0.493314,0.371087,-0.046862,0.403555,0.255401,-0.060224,0.390329,0.300194,-0.043017,0.402019,0.337292,-0.021781,0.524411,0.322318,-0.033146,0.450484,0.224991,-0.042400,0.433348,0.279089,-0.022643,0.440100,0.315201,-0.001357,0.551848,0.300369,-0.020126,0.490116,0.225128,-0.020199,0.467848,0.265729,-0.004240,0.469435,0.302207,0.012594
1257,1694940887.774982,0,-47.9179,-47.9179,1.2910,-1.3850,40.0591,256.7041,19.2286,9454.8058,1.8493,110.7361,70.5841,154.1913,142.8808,129.2398,118.9302,0.086308,0.598390,0.574044,0.000000,0.520357,0.645706,-0.024512,0.440212,0.633258,-0.037194,0.379416,0.564095,-0.040932,0.340873,0.496012,-0.041048,0.457253,0.458639,-0.055858,0.370549,0.397321,-0.062502,0.327083,0.371818,-0.055296,0.300989,0.347579,-0.047654,0.491793,0.371917,-0.044955,0.406271,0.253187,-0.058315,0.391081,0.291381,-0.043485,0.399694,0.324170,-0.024208,0.523227,0.323430,-0.032324,0.451323,0.227138,-0.041205,0.435289,0.280501,-0.022405,0.442331,0.315093,-0.001860,0.550685,0.300244,-0.020395,0.488227,0.221992,-0.019729,0.468110,0.260658,-0.002935,0.472049,0.294059,0.014480
1258,1694940887.783315,0,-47.2067,-47.2067,-24.6028,-25.8938,39.4079,952.1454,41.6731,6416.0933,1.7458,108.0455,73.2960,151.8550,135.5389,114.8185,97.7460,0.084680,0.599447,0.578243,0.000000,0.522394,0.644716,-0.026608,0.442404,0.631980,-0.040087,0.380831,0.565015,-0.044198,0.342737,0.497766,-0.044673,0.458292,0.458134,-0.058611,0.370619,0.399338,-0.065213,0.328332,0.371429,-0.057956,0.302433,0.344734,-0.050584,0.491179,0.369070,-0.046675,0.401381,0.257557,-0.060515,0.385274,0.299296,-0.046457,0.394085,0.336011,-0.027966,0.522037,0.319776,-0.032972,0.447397,0.226101,-0.041783,0.428498,0.279433,-0.023753,0.434214,0.316753,-0.004125,0.549156,0.298444,-0.020224,0.487113,0.225642,-0.020038,0.463811,0.265577,-0.004866,0.465148,0.301558,0.011099
1259,1694940887.791648,0,-48.4699,-48.4699,0.2653,24.8682,1.7901,463.3506,69.0093,9348.1584,1.3730,113.8071,70.7330,151.5408,141.3634,130.0207,122.8079,0.078501,0.597493,0.576491,0.000000,0.519147,0.643622,-0.026268,0.439588,0.629470,-0.039393,0.378678,0.562272,-0.042888,0.340683,0.493680,-0.042436,0.459147,0.458707,-0.059346,0.372415,0.397483,-0.065208,0.329425,0.371235,-0.056032,0.303296,0.345289,-0.047280,0.492734,0.371520,-0.047201,0.404076,0.254578,-0.061837,0.389441,0.297831,-0.046206,0.399420,0.334226,-0.025998,0.523912,0.322932,-0.033147,0.450219,0.226602,-0.043045,0.434726,0.282375,-0.023787,0.442908,0.319962,-0.002572,0.551243,0.301546,-0.019865,0.489243,0.225538,-0.019962,0.469151,0.267017,-0.003892,0.473525,0.303539,0.013086
1260,1694940887.799982,0,53.2520,53.2520,24.3703,24.1049,40.1099,649.0757,72.7034,7110.1760,1.7614,106.4815,71.2170,153.7155,138.8307,120.5102,107.1589,0.081947,0.599340,0.576910,0.000000,0.520759,0.644618,-0.027101,0.439104,0.631678,-0.041422,0.377458,0.563582,-0.046410,0.340430,0.493140,-0.047951,0.457526,0.458981,-0.059198,0.369900,0.399766,-0.066649,0.326929,0.371409,-0.060789,0.300579,0.344560,-0.054306,0.491099,0.371267,-0.046903,0.404926,0.257359,-0.058949,0.384886,0.290761,-0.044918,0.388970,0.321813,-0.027590,0.522151,0.322430,-0.033058,0.447731,0.227436,-0.041355,0.427464,0.279810,-0.023552,0.431759,0.317942,-0.004629,0.549103,0.299147,-0.020227,0.486563,0.224760,-0.020914,0.462429,0.263700,-0.006372,0.462035,0.298949,0.008963
1261,1694940887.808315,0,50.1077,50.1077,24.5064,0.1361,48.7785,364.4366,4.0682,6397.9326,1.3741,114.9560,70.1669,151.7387,136.9043,115.8004,98.0775,0.078845,0.598590,0.579351,0.000000,0.521371,0.644247,-0.027407,0.441349,0.630865,-0.041291,0.378900,0.562976,-0.045572,0.342489,0.493664,-0.046087,0.458527,0.460387,-0.060419,0.370373,0.398837,-0.067523,0.327995,0.370313,-0.060994,0.301365,0.342703,-0.054473,0.491519,0.371953,-0.047912,0.402025,0.259327,-0.061306,0.385475,0.299416,-0.047261,0.394168,0.336746,-0.029513,0.522912,0.323094,-0.033656,0.448362,0.227090,-0.041786,0.428652,0.280747,-0.023726,0.434266,0.320638,-0.004736,0.551160,0.301624,-0.020555,0.491164,0.228242,-0.020798,0.466128,0.270605,-0.006785,0.465698,0.310354,0.008036
1262,1694940887.816648,0,44.6066,44.6066,22.9533,-1.5531,47.6807,793.4342,59.9247,6248.0250,1.0358,104.2894,68.9320,154.7134,140.2750,121.5518,106.4827,0.087804,0.598161,0.576627,0.000000,0.520897,0.645593,-0.024817,0.440360,0.632093,-0.037385,0.379704,0.564026,-0.040831,0.341937,0.494350,-0.040623,0.457361,0.457065,-0.055603,0.371535,0.397540,-0.061895,0.328606,0.372068,-0.054204,0.303131,0.347702,-0.046169,0.491732,0.369658,-0.044451,0.404979,0.252068,-0.057643,0.388253,0.290940,-0.042390,0.396772,0.325980,-0.022461,0.523392,0.321197,-0.031647,0.451173,0.225508,-0.040831,0.433359,0.276250,-0.022247,0.439715,0.310111,-0.001502,0.551193,0.299036,-0.019534,0.488884,0.223914,-0.019170,0.467809,0.261023,-0.002649,0.471410,0.294365,0.014793
1263,1694940887.824982,0,-47.5365,-47.5365,0.2334,-22.7200,47.7606,384.9366,58.4864,6096.0789,1.4082,105.2616,72.9808,151.7597,136.5677,117.3278,102.1564,0.085060,0.599882,0.580717,-0.000000,0.520560,0.645178,-0.024970,0.441747,0.629768,-0.038440,0.380136,0.561939,-0.042481,0.342253,0.494487,-0.042652,0.458681,0.457043,-0.060519,0.371131,0.395699,-0.066379,0.328627,0.369453,-0.057745,0.302167,0.345712,-0.049465,0.492163,0.369292,-0.048289,0.402327,0.255702,-0.061310,0.386737,0.295541,-0.044932,0.395374,0.331384,-0.025013,0.524082,0.321057,-0.033846,0.450066,0.222062,-0.041455,0.429494,0.272179,-0.021203,0.432912,0.309462,-0.000376,0.552191,0.300822,-0.020166,0.491416,0.224004,-0.018782,0.466573,0.265108,-0.002363,0.466063,0.303965,0.014363
1264,1694940887.833315,0,45.8224,45.8224,-1.8574,-2.0908,38.5169,193.5298,5.8188,5947.4819,0.8434,105.9491,71.0570,152.7673,137.0375,113.4340,93.2368,0.078628,0.597518,0.577283,0.000000,0.519988,0.644257,-0.026255,0.440305,0.630279,-0.039876,0.379643,0.562522,-0.043799,0.340608,0.494051,-0.043708,0.458343,0.459223,-0.059884,0.371620,0.395382,-0.066532,0.328547,0.369888,-0.058164,0.302424,0.346186,-0.049569,0.492431,0.372084,-0.047685,0.405343,0.253792,-0.061589,0.387701,0.293364,-0.045861,0.394869,0.327998,-0.025719,0.523698,0.323307,-0.033657,0.451378,0.225985,-0.042627,0.432053,0.278544,-0.022893,0.436507,0.314279,-0.001485,0.550816,0.300321,-0.020449,0.488765,0.222686,-0.019875,0.464920,0.259486,-0.003337,0.464996,0.292384,0.014021
1265,1694940887.841648,0,49.5983,49.5983,-0.1274,1.7300,38.0869,162.8799,13.2762,6609.2098,1.5039,106.8758,73.5334,151.9716,137.1623,118.5798,104.6064,0.086744,0.597659,0.577429,0.000000,0.520282,0.643380,-0.026281,0.439473,0.629617,-0.040027,0.377130,0.561653,-0.044300,0.341515,0.490802,-0.044946,0.457732,0.458773,-0.060585,0.369425,0.395573,-0.067074,0.327122,0.368089,-0.058594,0.301654,0.342116,-0.050387,0.490896,0.370871,-0.048767,0.399724,0.256398,-0.063145,0.383079,0.295938,-0.048113,0.391633,0.330014,-0.028868,0.521964,0.320941,-0.034980,0.446118,0.223906,-0.043964,0.427132,0.275976,-0.024918,0.433124,0.312166,-0.004602,0.549532,0.298018,-0.022103,0.486419,0.223414,-0.021990,0.463605,0.264039,-0.006410,0.466085,0.300185,0.009848
1266,1694940887.849982,0,41.6524,41.6524,-0.7385,-0.6112,37.2698,209.7768,54.1240,6289.1253,0.8174,111.3410,73.4182,150.7935,134.0537,111.1278,92.7480,0.082288,0.597434,0.576028,-0.000000,0.519084,0.644785,-0.024548,0.438421,0.629242,-0.036590,0.377782,0.559678,-0.039064,0.340903,0.491900,-0.037772,0.459038,0.459111,-0.059532,0.371018,0.396853,-0.065833,0.328450,0.370679,-0.056638,0.302795,0.344408,-0.047517,0.492544,0.371431,-0.047698,0.402386,0.253374,-0.061605,0.389472,0.298462,-0.044713,0.401396,0.335712,-0.023418,0.523113,0.321087,-0.033794,0.448333,0.223862,-0.042832,0.432302,0.278665,-0.023010,0.440355,0.315084,-0.001448,0.550119,0.297241,-0.020489,0.487393,0.221889,-0.019740,0.466017,0.261730,-0.003281,0.469223,0.296846,0.013984
1267,1694940887.858315,0,52.5137,52.5137,25.0126,25.7511,38.1480,483.9674,76.9516,6991.6044,1.3101,105.7801,70.6451,152.9545,139.7513,124.4348,113.0136,0.075934,0.597040,0.576024,0.000000,0.519559,0.643479,-0.027193,0.439190,0.630079,-0.041435,0.377914,0.561334,-0.046358,0.339298,0.492812,-0.047862,0.457430,0.457314,-0.059020,0.369789,0.396170,-0.066074,0.327310,0.369464,-0.059928,0.301233,0.344738,-0.053259,0.491118,0.370300,-0.046740,0.405627,0.256102,-0.058044,0.384696,0.283480,-0.044585,0.387162,0.308872,-0.028172,0.522247,0.321942,-0.032847,0.448389,0.225456,-0.041001,0.428112,0.276133,-0.023578,0.432066,0.313653,-0.005157,0.549332,0.298492,-0.019964,0.487365,0.221641,-0.021396,0.463431,0.258605,-0.007207,0.463391,0.293288,0.007933
1268,1694940887.866648,0,42.4383,42.4383,-0.8460,-25.8586,4.1515,109.8607,84.7907,6466.3948,0.5487,106.8873,68.4512,153.1246,138.2330,119.5331,104.6653,0.083610,0.597434,0.575225,0.000000,0.519338,0.644021,-0.024542,0.438727,0.631546,-0.037041,0.378009,0.563262,-0.040318,0.340068,0.494422,-0.039809,0.457183,0.456828,-0.057154,0.369675,0.396980,-0.062801,0.326852,0.370930,-0.054365,0.301280,0.344568,-0.046119,0.491745,0.370325,-0.045766,0.404487,0.249039,-0.058574,0.390603,0.289443,-0.042070,0.401282,0.325832,-0.021483,0.523922,0.322839,-0.032540,0.451925,0.223278,-0.040590,0.435149,0.275539,-0.020820,0.441799,0.310685,0.000226,0.552724,0.302255,-0.020044,0.492262,0.222996,-0.018753,0.470697,0.261877,-0.001991,0.473225,0.297647,0.015212
1269,1694940887.874982,0,-50.0513,-50.0513,-24.9124,-24.0664,38.8621,375.2985,53.0534,7120.7914,1.7896,112.5363,73.1125,149.1928,134.9595,118.7120,107.8780,0.087842,0.597909,0.577842,0.000000,0.520122,0.643013,-0.026973,0.440725,0.628401,-0.041011,0.379062,0.561731,-0.045581,0.341300,0.492953,-0.046362,0.457866,0.457966,-0.059632,0.371059,0.397816,-0.066967,0.328315,0.368730,-0.059733,0.302383,0.340183,-0.052365,0.491201,0.370232,-0.047590,0.401188,0.256062,-0.062702,0.386267,0.298939,-0.048079,0.397056,0.336182,-0.028765,0.522791,0.321445,-0.033831,0.448232,0.224060,-0.043748,0.430627,0.278754,-0.024924,0.437959,0.317049,-0.004273,0.551012,0.300146,-0.021040,0.489598,0.224660,-0.021271,0.466753,0.266052,-0.005788,0.468680,0.303233,0.010592
1270,1694940887.883315,0,-47.2996,-47.2996,-22.2380,2.6744,46.3203,476.1617,66.6233,8084.0389,1.2449,112.0556,69.7240,152.6195,139.7934,124.4038,112.9805,0.075373,0.596576,0.572619,0.000000,0.518314,0.643060,-0.027345,0.438031,0.630408,-0.040915,0.377097,0.561249,-0.044626,0.340204,0.490286,-0.044489,0.457391,0.455834,-0.060485,0.369927,0.394690,-0.065849,0.327245,0.367357,-0.056631,0.301778,0.341986,-0.047663,0.491351,0.369624,-0.047526,0.404214,0.252987,-0.060361,0.384204,0.282057,-0.045192,0.388123,0.307669,-0.026140,0.522341,0.321274,-0.032676,0.449229,0.226232,-0.041505,0.429571,0.276536,-0.022695,0.433610,0.310996,-0.002154,0.549128,0.298581,-0.018690,0.485917,0.220100,-0.018517,0.463529,0.257422,-0.002240,0.465693,0.291256,0.014857
1271,1694940887.891648,0,-49.5531,-49.5531,-25.5167,-3.2787,47.3641,637.3072,54.1515,5830.5162,1.2605,105.7400,72.3328,153.4219,136.1538,113.8401,95.9842,0.076890,0.596393,0.573712,0.000000,0.518949,0.644439,-0.026922,0.438157,0.630847,-0.040544,0.377396,0.560953,-0.044328,0.339547,0.491954,-0.044384,0.456001,0.457956,-0.060588,0.369867,0.395526,-0.067670,0.327458,0.369031,-0.060697,0.301618,0.345650,-0.053104,0.489541,0.369981,-0.047420,0.404918,0.253472,-0.059369,0.384292,0.279874,-0.044565,0.387030,0.304108,-0.026345,0.520404,0.320272,-0.032393,0.449202,0.226002,-0.039870,0.428586,0.275091,-0.020761,0.431788,0.309869,-0.000619,0.547533,0.296083,-0.018344,0.486368,0.221582,-0.017710,0.462026,0.257643,-0.001617,0.461404,0.290245,0.015189
1272,1694940887.899982,0,-49.8475,-49.8475,-23.0715,2.4453,36.6638,525.1003,28.1270,6678.1431,1.5071,108.4668,72.2024,149.9386,135.2467,117.6817,104.5483,0.070760,0.597809,0.578262,0.000000,0.519867,0.644195,-0.025949,0.439099,0.629250,-0.039319,0.377338,0.561051,-0.043197,0.340697,0.491810,-0.043416,0.457385,0.457636,-0.059193,0.369573,0.395693,-0.065403,0.327567,0.367595,-0.057853,0.302067,0.340656,-0.050355,0.491186,0.370720,-0.046938,0.403076,0.254391,-0.059265,0.385078,0.289940,-0.044506,0.391643,0.322567,-0.026196,0.522509,0.322249,-0.032763,0.449135,0.222639,-0.040322,0.428547,0.274468,-0.021826,0.432556,0.313072,-0.002378,0.550273,0.300204,-0.019492,0.489723,0.225840,-0.019152,0.464206,0.264630,-0.004424,0.462372,0.300554,0.011055
1273,1694940887.908315,0,-41.4730,-41.4730,2.1446,25.2160,3.2402,251.4813,54.4912,6180.5500,1.5481,104.6026,70.6349,151.8730,136.3923,117.1853,102.6663,0.085497,0.598848,0.579299,0.000000,0.519385,0.642498,-0.024177,0.438654,0.626894,-0.036667,0.376831,0.557945,-0.040034,0.340329,0.488500,-0.039814,0.456210,0.453524,-0.057199,0.367917,0.392964,-0.061714,0.326214,0.367596,-0.052964,0.299915,0.343431,-0.044892,0.489666,0.367850,-0.045629,0.400738,0.257607,-0.056656,0.382627,0.286932,-0.041656,0.387480,0.313332,-0.023648,0.521660,0.319916,-0.031843,0.447924,0.224349,-0.038337,0.427176,0.271598,-0.018835,0.429731,0.307147,0.000924,0.550257,0.298214,-0.018862,0.489238,0.223620,-0.017827,0.465053,0.262570,-0.001769,0.465065,0.299366,0.014672
1274,1694940887.916648,0,41.4730,41.4730,22.1932,20.0486,35.5341,340.9956,,6180.5500,0.0140,104.6026,70.6349,151.8730,136.3923,117.1853,102.6663,0.085497,0.598848,0.579299,0.000000,0.519385,0.642498,-0.024177,0.438654,0.626894,-0.036667,0.376831,0.557945,-0.040034,0.340329,0.488500,-0.039814,0.456210,0.453524,-0.057199,0.367917,0.392964,-0.061714,0.326214,0.367596,-0.052964,0.299915,0.343431,-0.044892,0.489666,0.367850,-0.045629,0.400738,0.257607,-0.056656,0.382627,0.286932,-0.041656,0.387480,0.313332,-0.023648,0.521660,0.319916,-0.031843,0.447924,0.224349,-0.038337,0.427176,0.271598,-0.018835,0.429731,0.307147,0.000924,0.550257,0.298214,-0.018862,0.489238,0.223620,-0.017827,0.465053,0.262570,-0.001769,0.465065,0.299366,0.014672
1275,1694940887.924982,0,-51.7216,-51.7216,-0.5421,-22.7353,36.0218,304.9069,74.5346,8125.8755,1.2381,108.3673,64.6851,156.1073,143.5543,128.1136,114.7761,0.062016,0.596036,0.572027,0.000000,0.519074,0.641514,-0.029640,0.439346,0.629249,-0.044355,0.378499,0.562219,-0.048726,0.340584,0.492259,-0.049171,0.457197,0.454132,-0.062348,0.369739,0.395473,-0.068901,0.326784,0.370128,-0.061232,0.300669,0.345744,-0.053380,0.490648,0.366590,-0.047999,0.404752,0.253977,-0.060081,0.384777,0.285371,-0.045115,0.388501,0.313227,-0.026814,0.521222,0.318415,-0.032058,0.448681,0.225515,-0.040263,0.428089,0.274820,-0.021910,0.431253,0.309394,-0.002273,0.547497,0.296034,-0.017245,0.485534,0.221048,-0.017711,0.461210,0.256321,-0.002798,0.460349,0.288245,0.013099
1276,1694940887.933315,0,56.8235,56.8235,26.6678,27.2099,47.8088,163.4766,35.5221,8016.6797,1.7760,117.2716,68.5851,154.0207,140.5097,123.8543,111.2502,0.080976,0.596327,0.573317,0.000000,0.518830,0.642058,-0.028000,0.437615,0.628979,-0.042233,0.377105,0.563300,-0.046902,0.341995,0.492347,-0.048005,0.457057,0.452799,-0.059357,0.369050,0.397075,-0.067916,0.325313,0.370068,-0.062964,0.298581,0.341691,-0.057026,0.491092,0.366069,-0.046774,0.404619,0.253360,-0.061185,0.389072,0.298027,-0.046821,0.398408,0.336490,-0.028066,0.522092,0.318884,-0.032961,0.446792,0.223405,-0.043637,0.429100,0.277966,-0.025918,0.436068,0.315022,-0.005936,0.548824,0.297626,-0.020135,0.485346,0.218581,-0.021898,0.462696,0.256408,-0.007316,0.464219,0.290067,0.008521
1277,1779366521.836335,0,48.7143,48.7143,22.5468,-4.1209,47.1972,0.0000,42.9944,6324.4670,1.5443,102.9552,69.2781,154.1137,137.8854,116.0962,98.3953,0.083316,0.597834,0.575640,0.000000,0.520182,0.641073,-0.026239,0.438954,0.626334,-0.040027,0.377187,0.559195,-0.044665,0.339675,0.489575,-0.045910,0.455526,0.453480,-0.057925,0.368214,0.397150,-0.065062,0.326012,0.371086,-0.059131,0.299948,0.346616,-0.052755,0.489453,0.367226,-0.046302,0.402653,0.253532,-0.058312,0.385154,0.284566,-0.044803,0.390779,0.312872,-0.027918,0.521408,0.319571,-0.032993,0.446808,0.222910,-0.041448,0.428163,0.275166,-0.023538,0.433271,0.313284,-0.004522,0.549360,0.297726,-0.020628,0.486578,0.222734,-0.021618,0.463169,0.262676,-0.006847,0.463561,0.299015,0.008756
1278,1779366521.923146,0,45.8852,45.8852,1.1030,-21.4438,40.2903,0.0000,22.1932,7132.2988,1.5121,114.2940,68.1720,153.6534,138.1559,113.8097,91.5161,0.064424,0.597010,0.570973,0.000000,0.518396,0.640121,-0.026397,0.436412,0.627795,-0.039802,0.375131,0.560920,-0.043737,0.340400,0.489050,-0.044418,0.457038,0.457254,-0.059528,0.369138,0.398113,-0.066469,0.326103,0.368913,-0.060591,0.298591,0.340879,-0.054292,0.489578,0.368244,-0.047250,0.404176,0.257318,-0.057851,0.382494,0.285751,-0.043802,0.383863,0.313104,-0.027190,0.519919,0.318051,-0.033296,0.445704,0.225895,-0.040906,0.425241,0.274334,-0.023734,0.428873,0.310224,-0.005581,0.546159,0.294039,-0.020231,0.483218,0.218931,-0.020873,0.460527,0.254682,-0.006396,0.461650,0.288581,0.008766
1279,1779366522.000227,0,-46.7992,-46.7992,1.2306,0.1275,49.0163,0.0000,51.2879,5745.7806,1.1440,106.8519,71.8735,153.4956,137.8432,118.2922,102.0311,0.079967,0.596375,0.571244,-0.000000,0.518442,0.641464,-0.026859,0.438707,0.627412,-0.039742,0.377846,0.559402,-0.042934,0.339140,0.491478,-0.042394,0.456845,0.454220,-0.058912,0.370594,0.393446,-0.065954,0.327829,0.368686,-0.058003,0.302080,0.343323,-0.049798,0.489911,0.366957,-0.046690,0.400440,0.251669,-0.062015,0.388355,0.298519,-0.046885,0.401367,0.336012,-0.026642,0.520602,0.317485,-0.032794,0.445830,0.223471,-0.043801,0.431943,0.281042,-0.025272,0.441625,0.316901,-0.004102,0.547689,0.294271,-0.019620,0.483283,0.219038,-0.019896,0.464417,0.261288,-0.003587,0.470281,0.295627,0.013663
