frame_id,timestamp,contact_label,dist_raw,dist_local,v_n,a_n,sigma_d,v_t,approach_theta,shadow_score,flow_mag,brightness_contact,dist2d_palm_0,dist2d_palm_5,dist2d_palm_9,dist2d_palm_13,dist2d_palm_17,hull_overlap_ratio,lm_0_x,lm_0_y,lm_0_z,lm_1_x,lm_1_y,lm_1_z,lm_2_x,lm_2_y,lm_2_z,lm_3_x,lm_3_y,lm_3_z,lm_4_x,lm_4_y,lm_4_z,lm_5_x,lm_5_y,lm_5_z,lm_6_x,lm_6_y,lm_6_z,lm_7_x,lm_7_y,lm_7_z,lm_8_x,lm_8_y,lm_8_z,lm_9_x,lm_9_y,lm_9_z,lm_10_x,lm_10_y,lm_10_z,lm_11_x,lm_11_y,lm_11_z,lm_12_x,lm_12_y,lm_12_z,lm_13_x,lm_13_y,lm_13_z,lm_14_x,lm_14_y,lm_14_z,lm_15_x,lm_15_y,lm_15_z,lm_16_x,lm_16_y,lm_16_z,lm_17_x,lm_17_y,lm_17_z,lm_18_x,lm_18_y,lm_18_z,lm_19_x,lm_19_y,lm_19_z,lm_20_x,lm_20_y,lm_20_z
0,1694850129.336732,1,12.1297,12.1297,0.0000,0.0000,0.0000,0.0000,,7068.3282,0.0000,134.4429,226.7343,41.5045,28.4045,58.4967,98.2741,0.035378,0.616295,0.743819,-0.000000,0.553710,0.755698,-0.017180,0.492146,0.694571,-0.013213,0.456727,0.620009,-0.001392,0.455988,0.577860,0.011187,0.507353,0.557336,-0.025857,0.450484,0.479953,-0.017960,0.421640,0.440011,-0.012254,0.400698,0.403802,-0.010106,0.540853,0.519784,-0.008561,0.492652,0.542112,0.005383,0.491319,0.593082,0.017962,0.502573,0.622468,0.024206,0.568000,0.520501,0.009445,0.522932,0.549542,0.018388,0.520889,0.591237,0.021630,0.529998,0.617715,0.021562,0.588561,0.534105,0.026975,0.552936,0.555605,0.032771,0.547667,0.588214,0.034963,0.555533,0.619297,0.036297
1,1694850129.345065,1,-11.0899,-11.0899,-23.2195,-23.2195,11.6098,1119.3235,3.3181,6762.9008,1.6524,134.6698,223.8541,40.7154,25.5685,55.7808,95.4473,0.033403,0.615959,0.747687,-0.000000,0.551973,0.757101,-0.013938,0.492390,0.695005,-0.010620,0.458576,0.620147,-0.000658,0.456516,0.579407,0.009753,0.505608,0.558095,-0.023094,0.450526,0.480196,-0.016065,0.421962,0.442042,-0.011455,0.400810,0.409533,-0.010033,0.540101,0.519849,-0.007827,0.492557,0.540052,0.005567,0.489554,0.590603,0.017592,0.499259,0.623193,0.023405,0.568775,0.520491,0.008394,0.523123,0.548377,0.017292,0.519877,0.588730,0.021042,0.528437,0.617784,0.021313,0.590253,0.534963,0.024422,0.553699,0.553546,0.030933,0.546867,0.585417,0.034135,0.554056,0.616595,0.036115
2,1694850129.353398,1,-11.9309,-11.9309,-12.0303,11.1893,11.1493,575.9248,10.0191,6745.1248,1.2863,134.0031,228.6041,42.0985,28.6077,59.2043,98.2536,0.035327,0.616415,0.746025,-0.000000,0.554161,0.756169,-0.015003,0.494455,0.694588,-0.011011,0.459636,0.621457,0.000176,0.453444,0.578747,0.011895,0.507009,0.557152,-0.023983,0.451548,0.478986,-0.016118,0.422442,0.438220,-0.010550,0.401433,0.402307,-0.008439,0.541067,0.519561,-0.008146,0.494621,0.538637,0.006651,0.491257,0.585610,0.019470,0.500884,0.612813,0.025692,0.570216,0.521690,0.008543,0.526253,0.548635,0.018876,0.522292,0.586981,0.022994,0.530117,0.611295,0.023159,0.592593,0.537676,0.024838,0.557608,0.556971,0.031506,0.551321,0.587629,0.034674,0.558928,0.616216,0.036651
3,1694850129.361732,1,-8.4523,-8.4523,-6.8606,5.1696,9.8788,332.5036,60.8036,6958.8383,1.2342,133.9066,228.0054,42.0111,29.1817,58.0619,97.2779,0.033550,0.617135,0.745285,-0.000000,0.553727,0.756184,-0.015545,0.493467,0.694904,-0.011369,0.458835,0.621498,-0.000023,0.455184,0.576083,0.011932,0.504964,0.556439,-0.022700,0.451111,0.477248,-0.014196,0.422750,0.436673,-0.008316,0.401966,0.401099,-0.006014,0.539327,0.518066,-0.006677,0.491856,0.538861,0.007735,0.487407,0.588658,0.019607,0.496255,0.620201,0.025426,0.567809,0.518527,0.010081,0.522270,0.546879,0.019410,0.519542,0.587937,0.022095,0.528182,0.616496,0.021815,0.589337,0.532898,0.026444,0.552719,0.553135,0.032764,0.546877,0.584923,0.035175,0.554697,0.616566,0.036853
4,1694850129.370065,1,-11.9882,-11.9882,-6.0295,0.8312,9.2875,282.8996,48.9532,6578.9173,1.5565,132.2361,225.5778,39.7450,27.3148,58.0586,97.3471,0.034847,0.618530,0.746942,-0.000000,0.555564,0.757171,-0.015625,0.493457,0.695841,-0.012265,0.457144,0.620695,-0.001594,0.456847,0.577561,0.009697,0.508329,0.557964,-0.024903,0.449983,0.480458,-0.016958,0.421316,0.440052,-0.011137,0.400224,0.403216,-0.008975,0.541538,0.519985,-0.008075,0.492421,0.537066,0.006309,0.490842,0.584391,0.019505,0.500967,0.612095,0.026142,0.569360,0.520683,0.009684,0.523473,0.547523,0.019538,0.520965,0.586141,0.023725,0.529651,0.611568,0.024172,0.590179,0.535029,0.027101,0.553373,0.553305,0.033786,0.547222,0.584369,0.036724,0.554762,0.614562,0.038475
5,1694850129.378398,1,7.2120,7.2120,4.5755,10.6049,7.3444,221.1774,21.9879,7378.8580,1.7017,134.3272,227.1259,45.7897,30.3109,57.8293,96.2402,0.033388,0.616596,0.746994,-0.000000,0.554457,0.756962,-0.015030,0.493848,0.695644,-0.012539,0.457754,0.619346,-0.002816,0.458383,0.572126,0.007258,0.508120,0.558383,-0.025088,0.451622,0.480253,-0.016228,0.423832,0.439190,-0.010350,0.403028,0.402608,-0.008264,0.541837,0.519519,-0.008178,0.495700,0.531228,0.009334,0.492763,0.575688,0.023448,0.501907,0.604340,0.029865,0.571318,0.521664,0.009887,0.528208,0.543153,0.022635,0.524609,0.580812,0.026794,0.532564,0.607919,0.026323,0.593917,0.537517,0.027725,0.560516,0.551993,0.036673,0.554865,0.581717,0.040111,0.562426,0.612250,0.041612
6,1694850129.386732,1,11.9372,11.9372,5.9670,1.3916,10.1691,308.2348,20.7095,6610.1417,1.3757,135.7932,231.0945,43.6531,31.9529,61.4051,101.0685,0.036659,0.616506,0.746280,-0.000000,0.553747,0.756908,-0.014757,0.492464,0.693892,-0.010776,0.457339,0.617727,0.000124,0.458126,0.572551,0.011477,0.506902,0.558077,-0.022573,0.452140,0.478386,-0.015101,0.423657,0.436217,-0.010442,0.402742,0.399599,-0.009168,0.541410,0.519344,-0.006942,0.495674,0.535223,0.007898,0.492983,0.583673,0.020490,0.502836,0.613254,0.026516,0.570990,0.520366,0.009463,0.527643,0.543677,0.020059,0.524282,0.582735,0.024211,0.532658,0.608809,0.024308,0.594215,0.536158,0.025421,0.560014,0.553825,0.032578,0.553979,0.584016,0.035820,0.561800,0.613611,0.037681
7,1694850129.395065,1,-9.8443,-9.8443,-0.3480,-6.3150,9.8161,75.9903,18.1084,6594.6253,1.5888,134.6682,226.3445,42.2360,27.7563,57.5511,97.0356,0.034151,0.617200,0.743628,-0.000000,0.554843,0.755583,-0.015245,0.493142,0.694210,-0.011906,0.457868,0.617998,-0.001481,0.456994,0.570599,0.009414,0.507976,0.559590,-0.023554,0.452507,0.482408,-0.015760,0.423785,0.440708,-0.010125,0.402752,0.404154,-0.007927,0.540563,0.519029,-0.007496,0.493146,0.535511,0.007595,0.491172,0.584086,0.021033,0.501425,0.613041,0.027856,0.568146,0.517701,0.009316,0.523617,0.544039,0.019400,0.521368,0.583722,0.023416,0.530445,0.609296,0.023697,0.589324,0.530288,0.025837,0.553507,0.551581,0.033150,0.548558,0.582571,0.036635,0.557110,0.611569,0.038682
8,1694850129.403398,1,11.4680,11.4680,5.8640,6.2120,10.4997,254.5552,2.4697,6788.0609,1.0413,134.4753,228.0008,43.4861,28.7636,57.4413,96.6282,0.033627,0.616719,0.745517,-0.000000,0.553574,0.755446,-0.013975,0.493338,0.693215,-0.010671,0.458397,0.617899,-0.000974,0.457084,0.575091,0.009161,0.508013,0.556978,-0.021848,0.452304,0.478593,-0.014538,0.423646,0.437668,-0.009497,0.403009,0.401763,-0.007933,0.541670,0.518556,-0.007305,0.494618,0.535785,0.005306,0.492021,0.583819,0.016651,0.501600,0.613184,0.022225,0.570204,0.519129,0.008133,0.525683,0.545790,0.017154,0.523456,0.585228,0.021027,0.532465,0.610993,0.021263,0.592059,0.534419,0.023181,0.556410,0.553369,0.029807,0.551216,0.584509,0.033108,0.559387,0.614015,0.035135
9,1694850129.411732,1,10.7244,10.7244,0.8781,-4.9859,8.2405,76.2035,7.1732,7149.3292,0.7681,134.1404,228.1452,43.1618,28.7522,58.9587,98.5511,0.035197,0.617325,0.747017,-0.000000,0.554513,0.755954,-0.015339,0.493362,0.694570,-0.012162,0.458896,0.618199,-0.001419,0.460070,0.571193,0.009917,0.508757,0.557210,-0.025088,0.450860,0.479146,-0.016192,0.422670,0.437960,-0.010045,0.401884,0.401137,-0.007561,0.542231,0.519032,-0.007554,0.495298,0.531014,0.010326,0.492197,0.575567,0.024806,0.501187,0.603649,0.031556,0.570802,0.520257,0.011000,0.526963,0.543020,0.023887,0.523104,0.580431,0.027800,0.530571,0.606522,0.027290,0.592468,0.534512,0.029327,0.557672,0.549085,0.038628,0.551042,0.578469,0.041958,0.557922,0.608953,0.043349
10,1694850129.420065,1,14.1962,14.1962,0.5648,-0.3133,8.8465,71.0999,48.0191,6584.9620,0.9503,133.1543,227.6386,42.1428,29.8351,59.5363,97.8162,0.036501,0.619069,0.745099,-0.000000,0.554588,0.756260,-0.015071,0.493475,0.694518,-0.012322,0.458464,0.617799,-0.002508,0.457252,0.575724,0.007747,0.508170,0.555332,-0.025611,0.450343,0.476965,-0.018207,0.421887,0.435748,-0.012629,0.400925,0.398240,-0.010517,0.541929,0.517369,-0.009471,0.492583,0.532679,0.003763,0.490952,0.578919,0.016117,0.501573,0.607164,0.022300,0.569977,0.519598,0.007842,0.524440,0.545541,0.016358,0.522378,0.583148,0.019825,0.532038,0.609454,0.020027,0.590738,0.535020,0.025015,0.554424,0.553339,0.030955,0.549962,0.583622,0.033876,0.558749,0.612592,0.035752
11,1694850129.428398,1,12.4639,12.4639,5.5771,5.0123,8.8993,267.2346,42.6252,6943.4889,0.9295,133.6829,229.5797,43.7229,31.1280,59.6182,99.0002,0.034811,0.618019,0.744018,-0.000000,0.555513,0.755580,-0.015567,0.493565,0.693434,-0.013339,0.459125,0.613893,-0.004190,0.457553,0.566972,0.005575,0.508712,0.554783,-0.024741,0.452073,0.476736,-0.018270,0.423166,0.435163,-0.013644,0.402482,0.398381,-0.012418,0.542667,0.516011,-0.009702,0.494579,0.530667,0.002464,0.492716,0.578475,0.014264,0.503655,0.607176,0.020032,0.570860,0.516983,0.006095,0.526259,0.541534,0.013801,0.524384,0.580323,0.017756,0.534196,0.605823,0.018141,0.592392,0.532022,0.021490,0.556563,0.550031,0.026711,0.552164,0.580535,0.029864,0.560793,0.608833,0.031875
12,1694850129.436732,1,14.6621,14.6621,0.7985,-4.7785,1.5208,132.0029,5.3446,7000.4449,1.0562,135.7392,230.8589,44.8373,32.2145,60.0797,98.1804,0.035087,0.616821,0.743670,-0.000000,0.554887,0.754000,-0.014351,0.494871,0.693872,-0.010439,0.459605,0.620983,0.001313,0.456783,0.575702,0.013735,0.508283,0.556978,-0.026871,0.451293,0.476883,-0.019832,0.422845,0.433958,-0.014700,0.401809,0.396684,-0.012412,0.540761,0.516976,-0.009073,0.493714,0.529962,0.009200,0.490626,0.574607,0.024677,0.498909,0.601985,0.032005,0.568600,0.516319,0.009761,0.524817,0.541353,0.023351,0.521253,0.577827,0.027920,0.528667,0.602990,0.027712,0.589506,0.529623,0.028454,0.554514,0.547055,0.037949,0.548465,0.576101,0.041418,0.555766,0.606678,0.043037
13,1694850129.445065,1,18.7775,18.7775,2.0133,1.2148,2.6928,79.1717,39.3054,7022.8935,1.3022,138.6497,229.1376,44.5515,29.3734,57.3024,96.5066,0.033807,0.618342,0.744454,-0.000000,0.554853,0.755255,-0.014589,0.492782,0.691124,-0.012324,0.458776,0.613047,-0.003719,0.457956,0.569874,0.005331,0.509169,0.555080,-0.024456,0.452912,0.476003,-0.019791,0.424111,0.435176,-0.016346,0.403440,0.399523,-0.015766,0.543481,0.516528,-0.010759,0.494610,0.534249,-0.001685,0.491801,0.583269,0.008598,0.501521,0.612561,0.013932,0.571447,0.517533,0.003732,0.525145,0.545405,0.009187,0.522420,0.584741,0.013197,0.531414,0.610568,0.014223,0.592642,0.533434,0.017837,0.554581,0.553754,0.021788,0.549209,0.585461,0.025327,0.557168,0.614780,0.028015
14,1694850129.453398,1,-21.7778,-21.7778,-8.9935,-11.0068,14.8662,210.8728,63.8890,7220.5006,1.5913,138.3349,228.2407,44.8074,31.1234,58.3371,96.6970,0.035379,0.618485,0.740494,-0.000000,0.556304,0.755185,-0.016103,0.493521,0.693716,-0.015577,0.458000,0.613625,-0.008809,0.460310,0.567906,-0.001604,0.509940,0.555150,-0.025173,0.453252,0.478271,-0.022744,0.423038,0.434722,-0.020900,0.402063,0.396397,-0.021448,0.542946,0.515585,-0.011924,0.494538,0.535354,-0.005338,0.493619,0.584472,0.004070,0.505251,0.611618,0.009273,0.570034,0.514568,0.001820,0.525088,0.544324,0.004969,0.523801,0.583858,0.009371,0.534451,0.608142,0.011208,0.591382,0.529017,0.014939,0.554185,0.552561,0.017455,0.550084,0.584444,0.021143,0.558934,0.611496,0.024305
15,1694850129.461732,1,-8.8629,-8.8629,-5.3317,3.6618,15.6790,231.5452,76.0310,7308.2765,1.4597,133.4398,225.7913,44.2073,27.3116,55.9511,94.8991,0.033895,0.618930,0.743848,-0.000000,0.556163,0.754724,-0.015961,0.494633,0.691950,-0.013732,0.458804,0.614371,-0.004921,0.458965,0.571353,0.004474,0.508277,0.553378,-0.022759,0.451553,0.474697,-0.015229,0.422563,0.435176,-0.009389,0.402111,0.400023,-0.007269,0.541748,0.515322,-0.007520,0.492996,0.532644,0.003842,0.491505,0.580678,0.014872,0.502431,0.610553,0.020791,0.569629,0.515489,0.008500,0.524431,0.543344,0.015580,0.523264,0.582440,0.018630,0.533004,0.608451,0.019000,0.590435,0.529352,0.024096,0.553942,0.549931,0.029162,0.549850,0.581324,0.031667,0.558598,0.609709,0.033517
16,1694850129.470065,1,17.6883,17.6883,0.7566,6.0883,16.4276,108.4391,75.9343,7127.0926,1.0876,133.6628,227.3808,43.0000,28.8240,57.4618,96.1686,0.035225,0.618803,0.741788,-0.000000,0.555275,0.752362,-0.014400,0.493743,0.691822,-0.012884,0.457953,0.617284,-0.005399,0.457882,0.575693,0.002350,0.506662,0.552708,-0.023921,0.450431,0.473548,-0.018891,0.421657,0.433160,-0.015512,0.400614,0.397610,-0.015124,0.540453,0.514747,-0.009944,0.492971,0.536613,-0.000687,0.491439,0.585935,0.009401,0.502241,0.616178,0.014536,0.569110,0.516190,0.005042,0.525158,0.545883,0.010843,0.523580,0.584607,0.014754,0.533677,0.611721,0.015711,0.590825,0.531661,0.019697,0.555558,0.551843,0.023863,0.550872,0.583424,0.027096,0.559563,0.612215,0.029621
17,1694850129.478398,1,-13.2979,-13.2979,-8.0188,-8.7754,16.6371,104.5916,55.4225,7484.4303,1.8206,134.4660,229.8408,46.2044,30.3051,57.6760,96.3895,0.033540,0.618031,0.742673,-0.000000,0.554875,0.752768,-0.015429,0.494943,0.691203,-0.013125,0.459568,0.615451,-0.004079,0.456943,0.571438,0.005522,0.508650,0.553945,-0.024336,0.453180,0.475242,-0.017577,0.424760,0.434575,-0.012888,0.403572,0.398560,-0.011608,0.542134,0.515481,-0.009067,0.493949,0.531310,0.003465,0.491163,0.578269,0.014742,0.500554,0.607686,0.020074,0.570093,0.516645,0.007125,0.525159,0.542513,0.015924,0.522345,0.580477,0.020004,0.530680,0.606457,0.020302,0.590999,0.532829,0.022842,0.555103,0.551371,0.028998,0.549765,0.581368,0.032307,0.557308,0.610651,0.034372
18,1694850129.486732,1,17.5992,17.5992,9.8443,17.8631,16.3542,106.4909,69.1199,7278.2996,0.9321,135.0147,229.4839,44.4510,30.9149,58.8547,97.3345,0.035076,0.617977,0.741095,-0.000000,0.554990,0.754075,-0.015378,0.492589,0.690580,-0.012890,0.457606,0.610464,-0.003572,0.458029,0.564341,0.006300,0.508598,0.553641,-0.025109,0.452479,0.475842,-0.020070,0.423147,0.433887,-0.016452,0.402483,0.396790,-0.015790,0.542275,0.513754,-0.010570,0.494148,0.531219,-0.000150,0.493238,0.579944,0.011112,0.504899,0.608934,0.016960,0.570232,0.513700,0.004643,0.525274,0.541438,0.010627,0.524126,0.580884,0.014404,0.534715,0.607432,0.015188,0.592098,0.528661,0.019443,0.555769,0.550694,0.023410,0.551556,0.582024,0.026274,0.560158,0.611508,0.028419
19,1694850129.495065,1,-20.4796,-20.4796,-2.9042,-12.7484,16.0412,128.3447,65.5734,7413.2857,0.2446,137.0718,229.5792,44.5727,29.7859,58.2742,97.5967,0.033980,0.617359,0.739786,-0.000000,0.554000,0.753791,-0.016458,0.493821,0.691823,-0.013485,0.460637,0.615296,-0.002960,0.458828,0.573675,0.008265,0.508850,0.551951,-0.027142,0.452459,0.474775,-0.022143,0.423270,0.433778,-0.018339,0.402930,0.396948,-0.017320,0.543140,0.513804,-0.011618,0.494393,0.531958,-0.000530,0.492259,0.580516,0.011250,0.503288,0.608699,0.017249,0.570497,0.515263,0.004472,0.524933,0.542712,0.010792,0.523362,0.582677,0.014263,0.533345,0.608158,0.014758,0.591380,0.531161,0.020076,0.554536,0.552803,0.023990,0.550525,0.584073,0.026424,0.559207,0.613370,0.028213
20,1694850129.503398,1,-19.0221,-19.0221,-9.1776,-6.2734,17.4319,172.0324,71.9850,7152.8363,0.4821,136.2809,229.8977,44.7487,30.2381,58.0637,96.1312,0.034490,0.619232,0.744553,-0.000000,0.556325,0.754821,-0.017558,0.494351,0.692032,-0.014783,0.458606,0.613447,-0.003788,0.458690,0.566542,0.007945,0.510654,0.555172,-0.029078,0.452649,0.476050,-0.021826,0.424245,0.434317,-0.016752,0.402683,0.396573,-0.015187,0.544223,0.515627,-0.011233,0.494070,0.529375,0.004082,0.491239,0.576469,0.017797,0.500546,0.605247,0.024207,0.571883,0.516736,0.007456,0.525422,0.541550,0.017825,0.522125,0.580578,0.021886,0.530389,0.606968,0.021836,0.592646,0.531762,0.025697,0.555750,0.549633,0.032361,0.549622,0.580226,0.035086,0.557137,0.610875,0.036419
21,1694850129.511732,1,16.9467,16.9467,7.5611,16.7387,17.2532,141.0753,4.3307,7342.1600,1.1662,134.8943,228.1635,44.3781,27.7465,56.3198,95.3466,0.033816,0.617140,0.741265,-0.000000,0.555019,0.752606,-0.015046,0.494144,0.691393,-0.013590,0.458996,0.614124,-0.005766,0.457314,0.567712,0.002533,0.508843,0.552135,-0.024570,0.452636,0.475821,-0.019719,0.423384,0.434880,-0.016208,0.403092,0.399039,-0.015523,0.542478,0.513312,-0.010669,0.495037,0.532227,-0.000521,0.492965,0.579808,0.010073,0.503684,0.607208,0.015437,0.570875,0.514248,0.004014,0.526494,0.541638,0.010204,0.524021,0.580352,0.014252,0.533255,0.605096,0.015155,0.592822,0.530379,0.018277,0.556956,0.550515,0.022666,0.551670,0.581305,0.026159,0.559426,0.609549,0.028777
22,1694850129.520065,1,-8.8919,-8.8919,-6.6228,-14.1839,16.8457,132.2618,76.2009,7412.5493,0.6704,133.3881,228.2134,45.3701,29.2772,56.5661,95.3188,0.033588,0.618737,0.743875,-0.000000,0.554647,0.753851,-0.014920,0.494426,0.692577,-0.012466,0.460106,0.616053,-0.003371,0.457647,0.570826,0.006228,0.507482,0.554040,-0.023659,0.452096,0.475012,-0.016828,0.423810,0.434507,-0.012191,0.402722,0.398949,-0.010882,0.541092,0.515271,-0.008592,0.492609,0.533167,0.004209,0.489270,0.580153,0.015477,0.498139,0.609451,0.020779,0.569303,0.516311,0.007378,0.523772,0.545408,0.016494,0.521140,0.584126,0.020135,0.529472,0.610054,0.020101,0.590173,0.531808,0.022925,0.553492,0.553260,0.029318,0.548407,0.583563,0.032380,0.556264,0.611923,0.034216
23,1694850129.528398,1,-17.3245,-17.3245,0.7888,7.4115,13.9422,76.8966,57.5464,7455.0868,1.6373,135.7878,228.2307,42.7311,28.2522,57.2579,96.8385,0.033376,0.618695,0.742905,-0.000000,0.555550,0.754716,-0.016154,0.493848,0.691756,-0.013729,0.459335,0.614578,-0.004307,0.457894,0.571029,0.005691,0.509236,0.553754,-0.026016,0.453215,0.476333,-0.020533,0.423929,0.436134,-0.016199,0.403154,0.400945,-0.014867,0.543097,0.515728,-0.011209,0.496135,0.533484,-0.000099,0.493678,0.580340,0.011390,0.504377,0.607810,0.017232,0.571530,0.517522,0.004254,0.527681,0.544043,0.010926,0.524952,0.581940,0.014816,0.534104,0.606243,0.015486,0.593445,0.533685,0.019226,0.558137,0.554029,0.023522,0.553294,0.583445,0.026568,0.561653,0.610916,0.028812
24,1694850129.536732,1,7.9156,7.9156,6.7344,5.9457,14.1976,200.8920,70.6090,6902.9286,1.1414,134.2639,227.6744,43.9724,29.4321,57.8622,96.4495,0.034735,0.618584,0.745070,-0.000000,0.556140,0.754405,-0.013217,0.494536,0.692540,-0.009297,0.458365,0.617544,0.001447,0.458324,0.573264,0.012808,0.509066,0.554921,-0.022310,0.451696,0.477426,-0.014004,0.423047,0.435768,-0.007864,0.402208,0.398924,-0.005313,0.541756,0.516446,-0.006384,0.494467,0.527078,0.008882,0.492447,0.571550,0.022336,0.502136,0.599566,0.029085,0.569839,0.516217,0.010629,0.525595,0.537881,0.021033,0.522381,0.574856,0.024841,0.530677,0.600469,0.024958,0.590824,0.529396,0.027614,0.554949,0.544765,0.035091,0.548761,0.574956,0.038113,0.556300,0.604853,0.039735
25,1694850129.545065,1,19.5672,19.5672,0.6551,-6.0793,14.4609,74.4869,81.7613,6886.0468,0.5666,136.6898,226.9287,42.1195,29.5018,58.7872,98.6842,0.035020,0.618881,0.741987,-0.000000,0.555140,0.754009,-0.015888,0.493022,0.690578,-0.014205,0.458552,0.613447,-0.005925,0.459729,0.568056,0.002859,0.509467,0.554145,-0.025340,0.452567,0.476451,-0.021301,0.422914,0.434873,-0.018292,0.401994,0.398566,-0.018025,0.543834,0.515254,-0.011346,0.495796,0.535125,-0.002922,0.493929,0.585268,0.007112,0.504844,0.614853,0.012357,0.572043,0.516027,0.003274,0.526963,0.544689,0.007907,0.525348,0.584426,0.011863,0.535515,0.610468,0.013039,0.593923,0.531904,0.017411,0.557505,0.552942,0.021199,0.553148,0.583731,0.024805,0.561815,0.611803,0.027585
26,1694850129.553398,1,-8.7438,-8.7438,0.0370,-0.6181,13.3417,68.9110,82.7724,6855.4537,0.9696,135.1312,229.6061,45.5877,29.4926,57.1551,95.4739,0.034554,0.617526,0.742592,-0.000000,0.554536,0.751881,-0.014002,0.493980,0.689968,-0.010461,0.458931,0.615815,-0.000402,0.454225,0.571031,0.010166,0.507762,0.550481,-0.021379,0.452058,0.473361,-0.012389,0.423904,0.433497,-0.006262,0.403769,0.397517,-0.004111,0.541799,0.513237,-0.006555,0.495509,0.530677,0.007468,0.491608,0.575383,0.018801,0.500385,0.602701,0.024072,0.571287,0.515944,0.009262,0.527413,0.541747,0.019203,0.523521,0.579577,0.022381,0.531021,0.604629,0.021930,0.593580,0.532853,0.024738,0.558473,0.551294,0.031248,0.551798,0.581315,0.033710,0.558513,0.610281,0.035098
27,1694850129.561732,1,17.5173,17.5173,8.7104,8.6734,14.5417,161.9516,85.6840,7081.4570,0.8872,133.1188,228.9130,44.7568,31.1872,59.2167,97.5059,0.033948,0.619181,0.744817,-0.000000,0.555922,0.756036,-0.014554,0.494643,0.692539,-0.012665,0.460419,0.615117,-0.004459,0.456113,0.572567,0.004267,0.510210,0.556361,-0.024975,0.452750,0.476570,-0.021081,0.423164,0.434408,-0.018040,0.402060,0.397984,-0.017577,0.543990,0.516876,-0.011341,0.495871,0.532856,-0.002617,0.493090,0.580403,0.007841,0.503240,0.608720,0.013284,0.571949,0.517085,0.003013,0.526565,0.544025,0.007985,0.523876,0.582351,0.012168,0.533261,0.607179,0.013417,0.593134,0.532308,0.016999,0.556247,0.550438,0.020970,0.550452,0.581691,0.024639,0.558209,0.610632,0.027388
28,1694850129.570065,1,-9.8521,-9.8521,-4.4419,-13.1524,12.5417,137.2111,65.6363,7731.4378,1.4708,133.7199,226.0795,47.2559,28.8220,54.9316,92.9710,0.031209,0.618744,0.744211,-0.000000,0.557154,0.754699,-0.017874,0.496153,0.694114,-0.014811,0.460419,0.616410,-0.003498,0.457843,0.570374,0.008760,0.510202,0.554302,-0.026568,0.452821,0.476151,-0.018258,0.424279,0.436849,-0.012114,0.403582,0.402200,-0.009494,0.543017,0.516348,-0.007915,0.493971,0.529011,0.008376,0.491378,0.575321,0.022224,0.501114,0.604725,0.028937,0.570147,0.516955,0.011385,0.524519,0.540424,0.022079,0.521800,0.579963,0.024899,0.529840,0.606465,0.024181,0.590453,0.530087,0.030324,0.553778,0.547305,0.037286,0.547569,0.578674,0.038983,0.554384,0.609945,0.039597
29,1694850129.578398,1,14.0561,14.0561,-1.3778,3.0642,13.0307,18.6568,65.1552,7398.7714,1.0142,133.7191,226.9651,45.3006,29.5084,57.1482,95.3937,0.032860,0.617105,0.742575,-0.000000,0.554740,0.752597,-0.015753,0.494765,0.691166,-0.013178,0.460011,0.616416,-0.003491,0.455244,0.574102,0.006820,0.509085,0.552992,-0.025432,0.453062,0.476533,-0.019118,0.424309,0.436325,-0.014533,0.403661,0.400452,-0.013066,0.542999,0.514653,-0.009840,0.494970,0.530109,0.002914,0.492849,0.578976,0.015075,0.503152,0.608543,0.021093,0.571284,0.515596,0.006539,0.526325,0.539677,0.014939,0.524170,0.580636,0.018924,0.533237,0.607336,0.019260,0.593074,0.530934,0.022501,0.557474,0.549169,0.027951,0.552373,0.581782,0.030822,0.560168,0.612509,0.032639
30,1694850129.586732,1,-5.5867,-5.5867,0.7893,2.1671,11.8172,162.0042,73.5785,6802.4552,0.8674,134.4128,226.5785,42.2193,27.9583,57.3795,96.2320,0.034004,0.617858,0.744442,-0.000000,0.555426,0.752868,-0.015890,0.494563,0.691115,-0.012015,0.459882,0.615764,-0.000476,0.456127,0.572455,0.011733,0.509176,0.551875,-0.023460,0.451935,0.474878,-0.013223,0.422992,0.435584,-0.005906,0.402085,0.400137,-0.002782,0.542554,0.514504,-0.005855,0.493715,0.532575,0.011378,0.491635,0.581985,0.025329,0.502104,0.611844,0.032116,0.570323,0.516116,0.012631,0.524912,0.542164,0.024832,0.522628,0.583376,0.028133,0.531276,0.610479,0.027415,0.591271,0.530552,0.030802,0.555425,0.549520,0.039012,0.549714,0.581492,0.041248,0.557203,0.612854,0.042114
31,1694850129.595065,1,-23.7547,-23.7547,-10.3180,-11.1073,15.3972,267.9512,75.2547,7570.1002,0.7970,138.8349,224.2734,42.2545,25.6012,53.8244,92.7256,0.032079,0.617275,0.739753,-0.000000,0.554552,0.752485,-0.015936,0.494674,0.691808,-0.014132,0.461577,0.616313,-0.005371,0.456626,0.572287,0.003773,0.510037,0.555675,-0.027595,0.453563,0.478961,-0.023861,0.423965,0.438119,-0.020569,0.403182,0.402683,-0.019555,0.542703,0.515987,-0.012894,0.495372,0.533315,-0.002630,0.493543,0.583781,0.008968,0.504914,0.613048,0.015115,0.570231,0.515706,0.002529,0.526162,0.542940,0.008859,0.524143,0.583670,0.013279,0.534371,0.609761,0.014437,0.591713,0.529543,0.017520,0.556092,0.551724,0.021860,0.551749,0.583205,0.025579,0.560959,0.610674,0.028420
32,1694850129.603398,1,3.7234,3.7234,3.3939,13.7119,12.7459,87.9341,74.2273,7308.4693,1.1787,135.2014,228.4957,46.3295,29.8439,56.2653,94.4429,0.032356,0.618273,0.741514,-0.000000,0.555833,0.753365,-0.015819,0.494505,0.690936,-0.010567,0.460298,0.616217,0.002482,0.455985,0.573761,0.016223,0.508027,0.552006,-0.022416,0.452130,0.475795,-0.012960,0.423364,0.435644,-0.006577,0.403532,0.399736,-0.003964,0.542076,0.515038,-0.005358,0.494281,0.533183,0.011372,0.491544,0.582477,0.024903,0.502063,0.610472,0.031522,0.570356,0.517039,0.012290,0.525164,0.542827,0.023794,0.522190,0.583863,0.026858,0.530950,0.608279,0.026128,0.592164,0.531817,0.029524,0.555475,0.551879,0.036724,0.549584,0.583972,0.038799,0.557698,0.613549,0.039711
33,1694850129.611732,1,-12.7792,-12.7792,-6.7088,-10.1027,13.0518,130.0245,79.6460,7261.6584,0.7664,134.0023,227.9527,44.2420,26.7486,54.0765,92.4975,0.032879,0.617988,0.745595,-0.000000,0.554895,0.755055,-0.013068,0.495084,0.693934,-0.011396,0.460484,0.618606,-0.004151,0.456125,0.574249,0.003414,0.507299,0.553961,-0.021365,0.452509,0.477114,-0.015994,0.423432,0.435900,-0.012379,0.402665,0.400763,-0.011551,0.541177,0.515255,-0.008664,0.495636,0.532839,0.001530,0.493443,0.580411,0.011413,0.503540,0.609989,0.016395,0.570477,0.516035,0.004983,0.527265,0.542375,0.011597,0.525393,0.581348,0.015498,0.534707,0.607829,0.016300,0.593060,0.531764,0.018337,0.558194,0.551219,0.023664,0.553480,0.581858,0.027625,0.561623,0.610331,0.030531
34,1694850129.620065,1,13.6299,13.6299,4.8041,11.5130,12.9287,269.6928,54.5067,7411.5504,0.9272,132.6034,229.3820,45.6148,30.5710,58.4755,97.2118,0.036176,0.618078,0.744115,-0.000000,0.556562,0.755337,-0.016076,0.495641,0.694353,-0.012166,0.459184,0.620817,0.000061,0.456492,0.577207,0.013134,0.509032,0.555337,-0.029013,0.450834,0.477426,-0.022811,0.422217,0.435126,-0.017821,0.401687,0.397636,-0.015513,0.542174,0.515699,-0.011260,0.493675,0.529314,0.005031,0.491583,0.574529,0.020080,0.501665,0.600927,0.027430,0.570286,0.516330,0.007310,0.525334,0.540447,0.017773,0.522491,0.578233,0.021634,0.531026,0.602385,0.021578,0.591754,0.530441,0.025740,0.555900,0.547736,0.032838,0.550584,0.577731,0.035837,0.558836,0.607467,0.037419
35,1694850129.628398,1,-6.3141,-6.3141,4.3601,-0.4440,12.9391,132.5323,38.2420,7577.8815,0.9863,137.9421,224.7852,49.6812,27.0481,50.4270,88.3886,0.029289,0.616544,0.741976,-0.000000,0.554139,0.754812,-0.013550,0.493339,0.693147,-0.009041,0.458427,0.618704,0.002579,0.459506,0.574696,0.014812,0.508214,0.556848,-0.022619,0.453693,0.481892,-0.015485,0.425354,0.442027,-0.010427,0.405692,0.407738,-0.008280,0.541649,0.518484,-0.007285,0.494408,0.529234,0.008317,0.491052,0.573845,0.021901,0.501032,0.602410,0.028695,0.569945,0.518551,0.008798,0.525340,0.539678,0.019003,0.522339,0.577096,0.022408,0.531552,0.602712,0.022325,0.592308,0.532431,0.024771,0.556852,0.550755,0.032116,0.551574,0.579601,0.035154,0.559959,0.608732,0.036837
36,1694850129.636732,1,-8.1094,-8.1094,-2.9582,-7.3183,9.4781,125.4005,25.1103,7431.9271,1.2694,134.8503,225.6695,44.6331,26.4239,53.6421,91.9326,0.032283,0.619825,0.747602,-0.000000,0.556625,0.758014,-0.014460,0.494825,0.696357,-0.012083,0.458265,0.619408,-0.003588,0.456345,0.574057,0.005535,0.507804,0.556360,-0.020528,0.452231,0.478752,-0.013076,0.423319,0.439334,-0.007681,0.402619,0.405361,-0.005762,0.541125,0.517146,-0.006276,0.493420,0.533721,0.006076,0.490612,0.579092,0.017122,0.500114,0.606908,0.022696,0.569883,0.516878,0.008696,0.524984,0.544065,0.016763,0.522339,0.581962,0.020447,0.530489,0.606778,0.020944,0.591931,0.531020,0.023264,0.555347,0.549727,0.029428,0.549391,0.579720,0.032820,0.556561,0.608402,0.035102
37,1694850129.645065,1,15.5686,15.5686,7.0869,10.0451,11.8008,167.6645,55.7238,6951.5301,1.5460,136.6952,227.3378,42.0774,28.3139,58.4439,97.6599,0.036062,0.615781,0.742027,-0.000000,0.552615,0.755336,-0.015825,0.491674,0.693560,-0.011877,0.458182,0.618593,-0.000270,0.457120,0.571099,0.011802,0.505697,0.556073,-0.025166,0.450374,0.479585,-0.018161,0.421767,0.437890,-0.013590,0.401567,0.400525,-0.012066,0.539343,0.516192,-0.008802,0.493105,0.534993,0.007155,0.491360,0.583320,0.020629,0.502248,0.609604,0.026978,0.568097,0.516462,0.008237,0.524254,0.542773,0.019222,0.521971,0.582790,0.023033,0.531574,0.607109,0.022753,0.590642,0.530757,0.024843,0.555480,0.551661,0.032099,0.551110,0.582448,0.035321,0.560704,0.610501,0.037156
38,1694850129.653398,1,-16.8464,-16.8464,-7.6191,-14.7060,12.7807,388.4185,6.4593,6665.9931,1.1689,137.3704,221.4387,36.5985,22.7300,55.4148,94.7744,0.034826,0.617428,0.745565,-0.000000,0.554639,0.757647,-0.015534,0.493355,0.697439,-0.012917,0.458484,0.620124,-0.002445,0.454429,0.570581,0.008754,0.509061,0.557688,-0.027449,0.449467,0.480006,-0.020273,0.419730,0.440966,-0.014988,0.397729,0.406646,-0.012750,0.542238,0.518475,-0.010032,0.493685,0.527312,0.007036,0.490018,0.571040,0.021856,0.498584,0.596806,0.028740,0.570415,0.520129,0.008382,0.525864,0.539304,0.020196,0.520971,0.576220,0.025011,0.528339,0.602343,0.025162,0.591831,0.534052,0.026634,0.555791,0.547642,0.034907,0.549460,0.576939,0.039114,0.556864,0.607053,0.041355
39,1694850129.661732,1,8.0940,8.0940,3.6020,11.2211,11.7111,127.7190,70.9635,7353.4019,1.6048,134.0448,224.0670,42.6101,25.7178,54.4939,92.6036,0.034562,0.618509,0.744167,-0.000000,0.555381,0.756544,-0.017325,0.493812,0.697516,-0.014155,0.458806,0.621236,-0.002967,0.458914,0.572606,0.009036,0.508241,0.557152,-0.025317,0.450549,0.480990,-0.015799,0.421429,0.441653,-0.009169,0.400146,0.405503,-0.006537,0.541630,0.518640,-0.007309,0.493945,0.534381,0.010176,0.491827,0.582917,0.024214,0.501919,0.611929,0.030744,0.569125,0.519213,0.011469,0.524622,0.543404,0.023383,0.522162,0.583835,0.026678,0.530603,0.609993,0.025897,0.589690,0.532679,0.029862,0.553856,0.551081,0.038211,0.548667,0.581878,0.040978,0.556649,0.611853,0.042080
40,1694850129.670065,1,-8.4698,-8.4698,-0.0901,-3.6921,11.9175,156.0309,29.6624,7041.3471,1.2916,136.0486,220.7008,40.5474,22.9880,53.4542,92.3787,0.034702,0.620690,0.747282,-0.000000,0.556468,0.759855,-0.016299,0.492810,0.698912,-0.013520,0.456531,0.622292,-0.003694,0.459437,0.575201,0.006803,0.507367,0.556188,-0.022584,0.448852,0.480665,-0.013304,0.419309,0.443211,-0.006675,0.398184,0.408639,-0.004329,0.541359,0.518126,-0.006255,0.491745,0.535140,0.007521,0.490093,0.582631,0.019353,0.501041,0.610821,0.025124,0.569542,0.519216,0.010917,0.523808,0.545371,0.020207,0.521657,0.584653,0.023254,0.530808,0.609546,0.022873,0.590279,0.533827,0.027693,0.553572,0.551960,0.034414,0.548606,0.583096,0.036944,0.556957,0.611773,0.038194
41,1694850129.678398,1,13.9218,13.9218,-0.4117,-0.3216,12.8620,192.5737,58.1768,7532.6807,1.6429,134.6566,222.6368,42.2555,23.7348,53.1153,91.7607,0.033620,0.619126,0.744784,-0.000000,0.556399,0.756478,-0.016451,0.493894,0.694735,-0.012726,0.458035,0.619704,-0.001292,0.456979,0.575829,0.010725,0.508394,0.556247,-0.024872,0.451458,0.482481,-0.017010,0.421663,0.443180,-0.011375,0.400424,0.407253,-0.009361,0.541905,0.517855,-0.008247,0.492501,0.536137,0.005981,0.491632,0.588601,0.019004,0.504025,0.618560,0.025598,0.569461,0.518990,0.009095,0.523370,0.542798,0.018033,0.521903,0.585287,0.021596,0.532556,0.611502,0.021703,0.590722,0.533586,0.026114,0.553688,0.552958,0.032080,0.549547,0.585837,0.034957,0.559435,0.614925,0.036674
42,1694850129.686732,1,-11.6306,-11.6306,1.3040,1.7157,11.8790,92.8879,14.7716,7708.0225,0.9130,135.8573,222.0250,41.1061,24.0071,53.8825,93.2241,0.033096,0.616466,0.742733,-0.000000,0.554556,0.758248,-0.013013,0.493668,0.700003,-0.008166,0.458562,0.626024,0.004215,0.459235,0.579026,0.017591,0.507242,0.558378,-0.023507,0.449499,0.483690,-0.016217,0.420626,0.443999,-0.011117,0.400061,0.409173,-0.008902,0.539720,0.519855,-0.007125,0.491725,0.531260,0.010328,0.488892,0.573934,0.024897,0.498379,0.598570,0.031757,0.567580,0.519151,0.010206,0.523659,0.539856,0.022747,0.519950,0.575454,0.027222,0.528096,0.599171,0.027203,0.589334,0.531982,0.027415,0.554673,0.546482,0.036242,0.548825,0.574028,0.039756,0.556460,0.602534,0.041546
43,1694850129.695065,1,-14.1847,-14.1847,-5.5697,-6.8737,11.2910,257.4597,12.0454,7846.8510,0.7389,137.2261,221.1068,39.1516,22.2457,53.2738,92.7975,0.033421,0.618863,0.745646,-0.000000,0.554888,0.758261,-0.018020,0.492066,0.695503,-0.015883,0.456841,0.617976,-0.006379,0.457885,0.573821,0.003731,0.508849,0.555257,-0.025047,0.450073,0.482020,-0.016989,0.420380,0.443880,-0.010995,0.399826,0.408703,-0.008959,0.542868,0.517878,-0.008745,0.493923,0.539314,0.003583,0.492317,0.590621,0.015008,0.504091,0.620148,0.020787,0.570839,0.519699,0.008240,0.525368,0.546658,0.015881,0.522985,0.588998,0.018988,0.532453,0.614326,0.019012,0.592340,0.535156,0.024672,0.556062,0.555613,0.030220,0.551067,0.588713,0.033027,0.559653,0.617760,0.034815
44,1694850129.703398,1,-18.6094,-18.6094,-2.5349,3.0348,11.3540,68.4935,80.2972,7941.8702,0.6318,138.8241,220.6199,40.6894,23.4176,53.9609,93.6211,0.034110,0.618887,0.742196,-0.000000,0.556806,0.756133,-0.016383,0.494116,0.696631,-0.014297,0.458443,0.620798,-0.005289,0.456793,0.575054,0.004290,0.507748,0.557918,-0.025332,0.451063,0.483793,-0.020875,0.421082,0.443230,-0.017732,0.399915,0.407590,-0.017412,0.541384,0.517822,-0.010802,0.492803,0.538613,-0.000827,0.492043,0.589406,0.010095,0.504072,0.618464,0.015711,0.569175,0.517104,0.004199,0.523701,0.545562,0.009941,0.521992,0.586169,0.013960,0.532206,0.611809,0.014871,0.591007,0.531550,0.018637,0.553925,0.554453,0.022127,0.549280,0.586528,0.025100,0.558055,0.615073,0.027407
45,1694850129.711732,1,18.9254,18.9254,1.2509,3.7858,15.5433,15.6844,68.2968,8976.6080,1.4401,139.0787,222.0536,38.7775,20.7560,51.7668,90.9268,0.032120,0.618895,0.743193,-0.000000,0.556631,0.756484,-0.015801,0.496834,0.699172,-0.014142,0.461538,0.626351,-0.005249,0.454107,0.580895,0.004170,0.509081,0.557447,-0.026684,0.449538,0.483976,-0.019594,0.419551,0.444161,-0.014422,0.398409,0.408073,-0.012359,0.541629,0.518442,-0.010215,0.495124,0.534041,0.004460,0.492286,0.578470,0.017272,0.502243,0.605183,0.023338,0.570040,0.520024,0.007339,0.526973,0.543712,0.017123,0.523193,0.581790,0.020968,0.531491,0.607838,0.020988,0.591637,0.534682,0.024679,0.557439,0.552403,0.031422,0.551627,0.583054,0.034841,0.559251,0.612193,0.036937
46,1694850129.720065,1,-10.2583,-10.2583,0.3431,-0.9078,13.3452,67.3053,74.5577,7566.1527,1.5773,137.0748,222.9236,43.1237,23.3135,53.0734,92.1332,0.032815,0.620748,0.746708,-0.000000,0.557331,0.757844,-0.016022,0.495517,0.696117,-0.011680,0.459542,0.623083,0.000084,0.455264,0.580592,0.012633,0.508328,0.555594,-0.023202,0.451241,0.481176,-0.014097,0.422206,0.442839,-0.007631,0.401132,0.407513,-0.005055,0.542156,0.516691,-0.006728,0.494312,0.535508,0.008197,0.490995,0.583321,0.020362,0.500463,0.613643,0.026202,0.570822,0.517762,0.010527,0.526297,0.545703,0.020577,0.523109,0.585053,0.023175,0.530775,0.611687,0.022418,0.592894,0.533137,0.027367,0.557935,0.554100,0.034242,0.552017,0.584635,0.036315,0.558916,0.615556,0.037335
47,1694850129.728398,1,-15.0083,-15.0083,-0.2059,-0.5490,13.6371,120.8119,76.0134,7128.0200,1.1510,136.7593,224.4591,40.5748,25.9668,55.7239,94.2630,0.032919,0.624000,0.745045,-0.000000,0.559774,0.757816,-0.015640,0.496261,0.696955,-0.013021,0.460809,0.620230,-0.003571,0.458066,0.572960,0.006532,0.510155,0.558284,-0.025119,0.451047,0.481266,-0.019179,0.420834,0.441180,-0.014514,0.399024,0.405362,-0.013186,0.544053,0.518272,-0.010164,0.493523,0.538100,0.000344,0.491712,0.588743,0.011835,0.502674,0.618876,0.017755,0.571810,0.517783,0.005516,0.525163,0.546715,0.011781,0.523427,0.586920,0.015823,0.533066,0.612991,0.016637,0.592636,0.531861,0.020805,0.554999,0.553369,0.025289,0.550253,0.585610,0.028481,0.558712,0.614870,0.030681
48,1694850129.736732,1,-16.0653,-16.0653,0.6360,0.8419,13.8318,203.3194,41.2328,7497.1590,1.1354,137.7639,225.9369,45.0123,27.5313,55.0336,93.3068,0.034446,0.619868,0.737473,-0.000000,0.558261,0.752108,-0.014719,0.496201,0.694183,-0.011282,0.460212,0.621449,-0.000777,0.460236,0.578504,0.010380,0.508461,0.553807,-0.024124,0.451913,0.480872,-0.019502,0.421838,0.440611,-0.015999,0.400605,0.405061,-0.014960,0.541497,0.514606,-0.009406,0.493746,0.531078,0.002503,0.492117,0.578504,0.014890,0.503674,0.605373,0.021416,0.569517,0.514086,0.005819,0.525056,0.539690,0.012871,0.523049,0.578323,0.016644,0.533148,0.601077,0.017398,0.591767,0.527904,0.020751,0.555122,0.548271,0.025701,0.550848,0.578936,0.028871,0.560251,0.605847,0.031123
49,1694850129.745065,1,20.9811,20.9811,0.5139,-0.1221,16.6526,162.7850,76.1516,7549.7949,1.2127,138.8133,226.9548,43.4523,27.2916,56.4462,95.6295,0.035454,0.622693,0.736779,-0.000000,0.560473,0.751453,-0.016519,0.496113,0.690869,-0.013566,0.460341,0.615910,-0.003130,0.462699,0.574963,0.008068,0.513149,0.552141,-0.026447,0.453887,0.480542,-0.022588,0.422800,0.440754,-0.019599,0.400709,0.404082,-0.019104,0.545718,0.513048,-0.011189,0.495558,0.531525,-0.001403,0.495313,0.580058,0.010261,0.507542,0.606249,0.016691,0.572156,0.512623,0.004480,0.526031,0.540389,0.009772,0.524563,0.579815,0.013275,0.534991,0.602661,0.014249,0.593120,0.526371,0.019687,0.554733,0.548702,0.023354,0.550637,0.580240,0.026114,0.559978,0.607506,0.028266
50,1694850129.753398,1,-20.0788,-20.0788,-2.4551,-2.9690,14.8663,275.9111,4.3982,6744.6197,2.0351,135.6273,228.9491,42.8239,31.8406,61.4686,100.1449,0.035911,0.625103,0.735198,-0.000000,0.561524,0.748651,-0.016971,0.499174,0.688221,-0.014205,0.465179,0.613960,-0.004008,0.461830,0.570483,0.006898,0.513913,0.549535,-0.027348,0.453943,0.476502,-0.022902,0.422480,0.435593,-0.019625,0.400157,0.397918,-0.019219,0.547524,0.510638,-0.012240,0.498203,0.532722,-0.002652,0.497136,0.582516,0.008326,0.508969,0.609372,0.013933,0.574636,0.511537,0.003369,0.529283,0.542131,0.008771,0.527404,0.582141,0.012559,0.537368,0.605592,0.013302,0.595305,0.526875,0.018381,0.558076,0.549921,0.021516,0.553802,0.581153,0.024167,0.562650,0.608418,0.026166
51,1694850129.761732,1,-8.2049,-8.2049,1.7009,4.1560,14.8289,241.3857,82.8112,6665.0622,2.2123,133.7029,230.7181,43.9729,28.0475,56.9414,95.4848,0.034970,0.628434,0.734165,-0.000000,0.565411,0.746850,-0.015580,0.502966,0.687514,-0.011995,0.466503,0.615576,-0.001332,0.465507,0.571593,0.010011,0.515168,0.546737,-0.022760,0.455903,0.474090,-0.014156,0.425285,0.435770,-0.008157,0.402888,0.399679,-0.006112,0.547852,0.508683,-0.006723,0.499663,0.529234,0.006477,0.498206,0.576911,0.017905,0.509246,0.604223,0.023545,0.575782,0.509736,0.010265,0.531209,0.537933,0.019187,0.528922,0.577021,0.022306,0.538071,0.600703,0.022221,0.596640,0.524886,0.026895,0.560513,0.543812,0.033356,0.555294,0.574678,0.036195,0.564061,0.602747,0.037949
52,1694850129.770065,1,-14.9187,-14.9187,0.2867,-1.4142,14.8201,305.7796,59.6578,7380.2121,2.1706,134.9529,234.7920,46.3433,31.7675,60.6700,100.4471,0.035348,0.630638,0.732485,-0.000000,0.566734,0.744527,-0.014965,0.504231,0.684657,-0.012603,0.469250,0.610362,-0.003412,0.467379,0.565684,0.006506,0.518346,0.544474,-0.025791,0.458201,0.471444,-0.020062,0.427702,0.432392,-0.015691,0.405553,0.396541,-0.014700,0.552529,0.506098,-0.011283,0.503569,0.524263,-0.001058,0.501923,0.570755,0.009924,0.512604,0.597637,0.015316,0.581080,0.508041,0.004217,0.535892,0.535364,0.010792,0.533256,0.573347,0.014938,0.542278,0.597668,0.015589,0.602648,0.524546,0.019332,0.566218,0.544656,0.023734,0.561239,0.575231,0.026797,0.569317,0.602540,0.028795
53,1694850129.778398,1,20.1388,20.1388,-0.2106,-0.4972,17.5383,279.2823,62.3365,7060.3981,2.3900,135.0131,235.3361,49.2339,34.1184,61.1675,100.8605,0.035950,0.630898,0.723995,-0.000000,0.568803,0.739462,-0.015111,0.506018,0.681415,-0.012389,0.470289,0.608744,-0.002469,0.471582,0.565005,0.008224,0.522239,0.542841,-0.026410,0.462506,0.470063,-0.022373,0.430383,0.430760,-0.019520,0.406938,0.395060,-0.019288,0.555342,0.503231,-0.011431,0.506540,0.522503,-0.000488,0.505465,0.571620,0.011744,0.516835,0.597081,0.018011,0.582515,0.502878,0.004266,0.537642,0.529803,0.011540,0.535278,0.569125,0.016270,0.545393,0.592413,0.017363,0.603748,0.517547,0.019534,0.567428,0.536791,0.024712,0.562562,0.567771,0.028251,0.571617,0.595460,0.030632
54,1694850129.786732,1,-5.2157,-5.2157,3.7158,3.9263,13.8988,336.9692,75.4046,7458.2255,2.1583,136.2739,241.1762,53.5502,34.7491,58.8196,98.6605,0.031037,0.631211,0.721104,-0.000000,0.570519,0.734033,-0.012263,0.509043,0.676474,-0.006736,0.474155,0.605921,0.006211,0.475792,0.560490,0.019956,0.521854,0.537268,-0.020958,0.465955,0.465131,-0.012323,0.435453,0.427988,-0.007019,0.412798,0.394956,-0.005138,0.555000,0.499361,-0.004562,0.509323,0.514582,0.014712,0.507206,0.560089,0.029817,0.516597,0.585257,0.036697,0.583432,0.499458,0.012766,0.540450,0.521692,0.027030,0.536998,0.559449,0.031222,0.544970,0.582638,0.030479,0.605406,0.512980,0.030035,0.571205,0.531748,0.039933,0.565691,0.561530,0.043226,0.573751,0.588962,0.044444
55,1694850129.795065,1,-7.7393,-7.7393,0.1164,-3.5994,12.0975,373.9084,48.1540,7109.0716,3.6690,136.0779,243.5262,54.5198,36.1103,60.2100,99.7518,0.030643,0.635643,0.720991,-0.000000,0.574445,0.731807,-0.015234,0.511743,0.671416,-0.011366,0.476296,0.598872,-0.000042,0.478748,0.555807,0.011993,0.528596,0.533299,-0.023598,0.470711,0.461159,-0.016235,0.438668,0.425115,-0.011071,0.415052,0.393028,-0.009243,0.561279,0.496264,-0.007001,0.514040,0.514172,0.007919,0.512533,0.562971,0.021537,0.523511,0.589506,0.028328,0.588522,0.497585,0.010340,0.544760,0.521667,0.020509,0.541786,0.561307,0.024224,0.550822,0.584907,0.024125,0.609395,0.511782,0.027456,0.573702,0.530055,0.035061,0.568503,0.561462,0.038405,0.577481,0.588875,0.040095
56,1694850129.803398,1,-1.0924,-1.0924,3.4566,3.3402,11.8393,422.5873,36.1098,6913.3653,2.1862,137.2253,249.3626,63.3080,42.9445,63.0625,101.8658,0.028695,0.638099,0.717412,-0.000000,0.577395,0.728126,-0.014412,0.515072,0.668610,-0.010489,0.479369,0.594698,0.000781,0.478505,0.549160,0.013140,0.531911,0.527026,-0.022066,0.474394,0.453721,-0.013661,0.443760,0.418661,-0.007582,0.421871,0.388779,-0.004770,0.564128,0.491500,-0.004965,0.518279,0.502596,0.011525,0.514134,0.546215,0.025065,0.522992,0.572178,0.031690,0.591438,0.493120,0.013030,0.549219,0.509605,0.024004,0.543089,0.545555,0.027115,0.549334,0.570665,0.026756,0.612280,0.506577,0.031033,0.578042,0.518905,0.039229,0.569852,0.547046,0.042280,0.575371,0.575429,0.043924
57,1694850129.811732,1,18.2126,18.2126,-0.4815,-3.9381,11.8948,1190.1448,28.5349,9180.4664,2.7406,142.6836,272.8882,81.4937,67.5228,86.5070,124.3972,0.029743,0.645324,0.723546,-0.000000,0.580748,0.728431,-0.017497,0.517746,0.663390,-0.017474,0.482596,0.586238,-0.010670,0.484158,0.539531,-0.003147,0.535619,0.521384,-0.028404,0.475909,0.440451,-0.024533,0.449045,0.399102,-0.021652,0.430869,0.359897,-0.021465,0.569103,0.484424,-0.011862,0.516819,0.505826,-0.003151,0.514755,0.556261,0.007052,0.526245,0.585794,0.012060,0.596228,0.487956,0.005646,0.548795,0.516837,0.010525,0.545759,0.557838,0.014105,0.555597,0.587099,0.015014,0.615731,0.504840,0.022753,0.577668,0.523958,0.026398,0.570946,0.557348,0.029143,0.578226,0.588416,0.031397
58,1694850129.820065,1,8.5895,8.5895,3.4513,3.9329,9.6046,1168.1181,51.7031,9647.5714,2.0482,139.3758,277.1222,89.1824,73.3542,90.4985,128.1013,0.023933,0.646038,0.720177,-0.000000,0.581714,0.722981,-0.016320,0.521016,0.657114,-0.015437,0.487443,0.582259,-0.007691,0.486849,0.540031,0.000756,0.540128,0.516341,-0.027412,0.480560,0.436176,-0.021648,0.454398,0.398646,-0.017094,0.436923,0.363053,-0.015572,0.573618,0.480587,-0.010579,0.521650,0.497468,0.000639,0.517519,0.547776,0.011770,0.526730,0.578047,0.017195,0.600790,0.484879,0.007468,0.553683,0.512058,0.014828,0.549278,0.552659,0.018159,0.557011,0.581209,0.018434,0.619870,0.501772,0.025306,0.582689,0.520949,0.030694,0.575478,0.552926,0.033324,0.581409,0.582993,0.035146
59,1694850129.828398,1,6.2640,6.2640,3.5008,0.0495,8.8130,1421.0599,3.2192,8999.7239,2.3714,145.0332,288.0682,101.0997,86.8909,104.4013,141.9810,0.019267,0.649185,0.720346,-0.000000,0.583975,0.720301,-0.016367,0.522606,0.649690,-0.013125,0.490488,0.570911,-0.001703,0.494223,0.529142,0.010953,0.542834,0.510135,-0.029246,0.484857,0.425854,-0.023271,0.459996,0.387318,-0.018711,0.443971,0.350116,-0.017145,0.578158,0.476284,-0.010825,0.524106,0.490540,0.003184,0.520352,0.540125,0.016439,0.530116,0.568948,0.022549,0.604617,0.482557,0.008585,0.554334,0.508447,0.017514,0.551133,0.548860,0.020188,0.560194,0.576957,0.019540,0.622575,0.501457,0.027840,0.582792,0.518819,0.033710,0.576122,0.550522,0.035072,0.582379,0.582767,0.035601
60,1694850129.836732,1,-1.0218,-1.0218,0.0176,-3.4832,7.1463,1262.6555,46.1620,8655.4601,2.3405,145.3457,291.3806,106.9264,93.9594,112.1247,149.6262,0.021021,0.650614,0.718258,-0.000000,0.585398,0.716066,-0.013875,0.525943,0.645760,-0.009069,0.495850,0.570652,0.003374,0.493729,0.535570,0.016822,0.546566,0.505061,-0.025330,0.490118,0.421305,-0.018080,0.465278,0.381823,-0.013078,0.449028,0.345305,-0.010997,0.582651,0.471437,-0.007811,0.530772,0.487842,0.008794,0.524814,0.539297,0.022802,0.532735,0.568859,0.029283,0.610291,0.477872,0.010810,0.562719,0.505263,0.022534,0.557266,0.546218,0.025573,0.563788,0.572960,0.024717,0.629442,0.496098,0.029401,0.591740,0.513718,0.037692,0.584247,0.545164,0.040220,0.589664,0.576541,0.041304
61,1694850129.845065,1,-4.8467,-4.8467,-5.7648,-5.7825,8.0163,359.8010,36.4777,9994.9304,1.6278,131.8958,289.5717,103.3949,90.7874,109.5531,146.8915,0.021469,0.649578,0.708839,-0.000000,0.587075,0.710543,-0.013432,0.530119,0.641036,-0.008004,0.499282,0.567038,0.005317,0.499768,0.529317,0.019606,0.549088,0.502647,-0.024600,0.496026,0.420977,-0.016565,0.467496,0.381758,-0.011004,0.447150,0.346712,-0.008720,0.585129,0.470163,-0.007443,0.537821,0.483421,0.010618,0.533745,0.532409,0.025195,0.542463,0.560487,0.031748,0.612440,0.475773,0.010847,0.568116,0.493854,0.023238,0.563568,0.533412,0.026781,0.570263,0.559632,0.026079,0.631449,0.493756,0.029154,0.595908,0.502516,0.037948,0.588374,0.531793,0.040976,0.593412,0.562333,0.042222
62,1694850129.853398,1,8.7825,8.7825,0.0482,5.8131,5.5054,930.2677,43.7502,9760.7554,3.4096,129.7539,293.3776,109.6098,95.3620,112.4208,148.5927,0.017892,0.654054,0.709957,-0.000000,0.591078,0.708714,-0.011868,0.533177,0.637333,-0.005863,0.503285,0.561175,0.008110,0.502368,0.521354,0.023057,0.554016,0.502245,-0.023601,0.500585,0.419191,-0.014068,0.471677,0.379467,-0.008037,0.450528,0.344481,-0.005677,0.589910,0.470187,-0.005912,0.541936,0.480946,0.014937,0.536030,0.529571,0.030888,0.542683,0.557825,0.037641,0.616695,0.476365,0.013114,0.571176,0.492397,0.028638,0.565078,0.531318,0.032809,0.570299,0.557388,0.031496,0.635138,0.493420,0.032318,0.599034,0.500638,0.043486,0.590025,0.529209,0.046869,0.593864,0.560145,0.047588
63,1694850129.861732,1,3.9178,3.9178,-0.5865,-0.6348,4.9387,1156.8197,19.7405,9346.2083,2.0451,138.2184,301.7637,121.3291,106.3847,120.7236,154.8061,0.013948,0.657392,0.712826,-0.000000,0.592437,0.710794,-0.011360,0.534315,0.636703,-0.007892,0.505519,0.557131,0.001802,0.506154,0.519685,0.011959,0.555830,0.503463,-0.022782,0.501876,0.416173,-0.016518,0.476280,0.375702,-0.012276,0.459477,0.340500,-0.011104,0.591624,0.470444,-0.008381,0.542729,0.483041,0.005002,0.537117,0.537006,0.016778,0.545097,0.569758,0.022014,0.619149,0.475604,0.007407,0.573131,0.496543,0.017754,0.568167,0.538198,0.022011,0.575436,0.567904,0.021797,0.638564,0.493303,0.023147,0.602333,0.504832,0.031076,0.595621,0.536159,0.034764,0.601734,0.568029,0.036588
64,1694850129.870065,1,-2.7302,-2.7302,-0.4271,0.1595,4.9215,996.5052,49.2687,9837.2690,1.7123,128.1721,298.9215,115.2268,101.1883,117.1504,152.5113,0.014321,0.657042,0.710213,-0.000000,0.594872,0.706987,-0.011614,0.538089,0.636636,-0.005698,0.508437,0.561629,0.008008,0.506325,0.523261,0.022656,0.558367,0.501339,-0.023305,0.504979,0.416183,-0.013899,0.476574,0.376569,-0.007569,0.455483,0.341478,-0.004726,0.593473,0.469250,-0.005460,0.546980,0.478788,0.015150,0.542038,0.529183,0.030743,0.549398,0.559105,0.037520,0.620236,0.475004,0.013881,0.576760,0.492016,0.029553,0.571617,0.532645,0.033284,0.577534,0.560494,0.031828,0.638889,0.491564,0.033467,0.604527,0.499968,0.044934,0.597117,0.529248,0.048210,0.602006,0.560844,0.049024
65,1694850129.878398,1,-9.5038,-9.5038,-1.1643,-0.7372,6.4793,286.1745,65.1971,9562.3463,1.3963,127.8873,299.3679,114.2982,100.4780,116.3694,151.4964,0.011443,0.658980,0.709452,-0.000000,0.595841,0.709212,-0.009521,0.539379,0.638374,-0.001733,0.510604,0.563566,0.013860,0.508045,0.525795,0.030532,0.558351,0.500388,-0.019664,0.505180,0.416240,-0.009506,0.476446,0.376771,-0.003697,0.455782,0.343344,-0.001100,0.595272,0.470072,-0.001777,0.550243,0.478202,0.021812,0.544317,0.528684,0.038679,0.551381,0.559534,0.045797,0.623117,0.477587,0.017468,0.580301,0.489464,0.035415,0.573920,0.530678,0.039444,0.579528,0.559046,0.037722,0.642585,0.495708,0.037146,0.609122,0.501765,0.050588,0.600607,0.531441,0.054447,0.605202,0.563250,0.055249
66,1694850129.886732,1,6.4750,6.4750,-0.5769,0.5874,6.6715,216.0634,65.8503,9746.1497,2.1263,132.5903,300.5065,120.0889,104.9971,119.3760,153.4657,0.012138,0.659124,0.705758,-0.000000,0.597142,0.707271,-0.012015,0.540442,0.639338,-0.008053,0.510271,0.566185,0.003166,0.512077,0.526184,0.015163,0.559951,0.503797,-0.024879,0.505701,0.420792,-0.018114,0.476963,0.378932,-0.013632,0.458183,0.342122,-0.012078,0.595572,0.471934,-0.008932,0.548835,0.488258,0.007930,0.544323,0.539820,0.021846,0.554340,0.569115,0.027799,0.622832,0.477309,0.008344,0.578290,0.494006,0.020509,0.572879,0.536010,0.024533,0.580875,0.563822,0.023858,0.642174,0.494462,0.025759,0.606950,0.501451,0.035326,0.599038,0.531787,0.039142,0.605049,0.562913,0.040723
67,1694850129.895065,1,-0.1586,-0.1586,-1.0191,-0.4422,5.5547,241.6821,23.1990,9166.9569,2.4609,129.7323,295.6599,117.2682,100.4567,114.0139,147.5324,0.010471,0.661542,0.704956,-0.000000,0.598811,0.710735,-0.015728,0.541107,0.641381,-0.012256,0.511090,0.564213,-0.000556,0.513574,0.522456,0.012201,0.562887,0.507745,-0.028120,0.507118,0.424146,-0.021434,0.476673,0.384325,-0.016674,0.456403,0.348997,-0.015136,0.598639,0.475779,-0.010452,0.550092,0.488425,0.005815,0.544773,0.539576,0.020072,0.554252,0.568709,0.026318,0.624726,0.480297,0.008231,0.579034,0.495552,0.019547,0.572633,0.536303,0.024094,0.579519,0.563023,0.023848,0.643307,0.496636,0.026687,0.606327,0.503736,0.034977,0.597382,0.533378,0.038645,0.602399,0.564136,0.040145
68,1694850129.903398,1,-9.8899,-9.8899,-1.7899,-0.7708,6.1247,518.5791,54.1687,8452.3842,1.8443,124.6906,292.1298,116.1143,97.7526,109.9361,142.9593,0.009564,0.661406,0.706230,-0.000000,0.600347,0.712243,-0.014353,0.543088,0.645432,-0.007121,0.512137,0.573917,0.008832,0.513334,0.534266,0.026361,0.560693,0.507246,-0.021246,0.508605,0.429559,-0.011675,0.479354,0.391612,-0.006016,0.458722,0.358227,-0.003586,0.596156,0.476443,-0.002502,0.550317,0.491225,0.018082,0.545814,0.541739,0.032927,0.555197,0.570228,0.039710,0.623581,0.480672,0.017030,0.579832,0.494699,0.031862,0.574257,0.534885,0.035176,0.580733,0.559288,0.034198,0.643477,0.496189,0.036428,0.608334,0.504950,0.046934,0.599965,0.534016,0.049838,0.605397,0.562869,0.050953
69,1694850129.911732,1,4.0669,4.0669,3.3927,5.1826,6.7880,1382.3206,44.4449,9719.0118,1.5137,124.6134,286.3900,110.9611,91.9790,104.3109,137.3634,0.011280,0.662284,0.714945,-0.000000,0.599627,0.716716,-0.011166,0.542600,0.648229,-0.005459,0.512672,0.573591,0.007897,0.510426,0.533979,0.022211,0.562380,0.513887,-0.023780,0.506800,0.433373,-0.015741,0.476382,0.394988,-0.010607,0.454409,0.362296,-0.008481,0.598032,0.480727,-0.006722,0.551766,0.491846,0.012813,0.545335,0.539705,0.028161,0.552278,0.569485,0.034715,0.625590,0.485266,0.011696,0.581411,0.500445,0.026242,0.574105,0.539457,0.030369,0.579090,0.566885,0.029316,0.645180,0.502020,0.030381,0.610133,0.509246,0.041470,0.600168,0.538556,0.045353,0.603898,0.570526,0.046594
70,1694850129.920065,1,-4.5018,-4.5018,-2.7442,-6.1369,5.8882,1447.5479,9.2493,9928.0258,2.5460,128.2292,282.8712,107.9638,88.6300,101.6561,135.1669,0.011899,0.665655,0.721467,-0.000000,0.602753,0.721912,-0.014400,0.543781,0.653399,-0.009740,0.511310,0.579857,0.003397,0.509900,0.537611,0.017766,0.563321,0.516984,-0.026080,0.504202,0.436577,-0.016474,0.473559,0.399562,-0.010103,0.451696,0.364848,-0.007512,0.597783,0.483610,-0.006691,0.548167,0.497594,0.013509,0.542835,0.547125,0.028809,0.550422,0.575599,0.035172,0.624205,0.488226,0.014070,0.577362,0.507865,0.029980,0.571295,0.548437,0.033978,0.576763,0.573972,0.032426,0.642012,0.503936,0.034809,0.606065,0.512784,0.046916,0.596462,0.543355,0.050313,0.600159,0.574484,0.050897
71,1694850129.928398,1,4.2612,4.2612,1.1050,3.8491,5.3862,1569.7151,55.1257,9916.8116,2.4245,128.7562,278.2569,102.8512,83.3192,96.7725,131.6906,0.012681,0.664718,0.713810,-0.000000,0.603804,0.723917,-0.013718,0.544716,0.659420,-0.006988,0.511524,0.587839,0.008664,0.512142,0.546000,0.025918,0.559347,0.523073,-0.025490,0.502798,0.444145,-0.019242,0.472128,0.404672,-0.015855,0.449625,0.369593,-0.014853,0.594254,0.487463,-0.006403,0.546691,0.496142,0.013026,0.543204,0.546329,0.029579,0.552147,0.575148,0.037173,0.621617,0.488388,0.013440,0.576595,0.500056,0.027238,0.571591,0.540105,0.032085,0.578252,0.565667,0.031911,0.641449,0.501913,0.033302,0.606025,0.509953,0.043208,0.597932,0.540459,0.046774,0.603688,0.570494,0.048037
72,1694850129.936732,1,1.2803,1.2803,2.7926,1.6876,5.4743,1725.8322,27.4600,8320.1846,2.1448,126.4560,270.1534,98.2175,75.9259,86.7676,119.7143,0.011625,0.665537,0.717584,-0.000000,0.603742,0.727853,-0.015927,0.542999,0.663355,-0.012049,0.508370,0.591355,-0.000216,0.510984,0.549731,0.012785,0.560654,0.523129,-0.024392,0.502725,0.452996,-0.015704,0.471210,0.417846,-0.009782,0.448830,0.383630,-0.007919,0.595088,0.488362,-0.007195,0.546057,0.506666,0.008579,0.542865,0.558073,0.021787,0.553318,0.585692,0.027735,0.621736,0.490105,0.010968,0.576174,0.508984,0.021710,0.571139,0.549412,0.025908,0.578605,0.574588,0.025837,0.641121,0.505050,0.028775,0.604140,0.514863,0.036862,0.596503,0.545957,0.040428,0.602716,0.575742,0.042096
73,1694850129.945065,1,0.1270,0.1270,-0.9850,-3.7775,3.1982,1945.6984,6.5993,7748.8066,2.6832,131.6073,262.7350,96.6805,70.6242,77.2988,108.8821,0.008923,0.669583,0.725257,-0.000000,0.606926,0.735398,-0.018024,0.543550,0.671293,-0.015734,0.507508,0.596206,-0.005035,0.510003,0.551973,0.006822,0.562027,0.533241,-0.025868,0.499578,0.462609,-0.015868,0.467841,0.428899,-0.009027,0.446000,0.394947,-0.006757,0.594928,0.497183,-0.006731,0.543682,0.514101,0.009861,0.541904,0.566408,0.022846,0.553363,0.594755,0.028335,0.620155,0.498244,0.013464,0.573209,0.517402,0.025548,0.570030,0.560266,0.028981,0.579065,0.587112,0.027802,0.638281,0.510795,0.033277,0.601210,0.520720,0.042595,0.594953,0.552537,0.045458,0.602362,0.582740,0.046117
74,1694850129.953398,1,1.9289,1.9289,1.6077,2.5927,2.8942,1353.2274,9.9088,8980.3574,2.3823,136.8040,255.2723,96.6959,66.6969,68.1861,97.8780,0.006330,0.670445,0.725502,-0.000000,0.608023,0.738065,-0.016251,0.544241,0.677308,-0.013375,0.507985,0.605669,-0.002874,0.510218,0.562542,0.008810,0.561840,0.538604,-0.024878,0.499817,0.474172,-0.017044,0.468230,0.442118,-0.011530,0.446593,0.408549,-0.010035,0.593664,0.502392,-0.008522,0.543421,0.520906,0.004449,0.541812,0.573637,0.015839,0.553134,0.602690,0.020955,0.618321,0.501135,0.008795,0.571973,0.522139,0.017872,0.567946,0.565367,0.021550,0.576341,0.591952,0.021331,0.636506,0.512812,0.025647,0.598700,0.524478,0.032666,0.591617,0.557064,0.035617,0.598483,0.587622,0.036947
75,1694850129.961732,1,-15.2006,-15.2006,-4.8654,-6.4731,6.9718,2116.8107,62.1856,7764.7137,2.4882,135.5448,247.1826,87.3527,56.9653,61.0506,93.0724,0.008876,0.668403,0.720551,-0.000000,0.607706,0.740984,-0.018024,0.544529,0.684076,-0.015751,0.508038,0.612056,-0.004767,0.507084,0.567910,0.007759,0.559973,0.544271,-0.030639,0.495815,0.480814,-0.026780,0.462123,0.445105,-0.023025,0.438603,0.410223,-0.021571,0.591912,0.503415,-0.012823,0.540037,0.517325,-0.001022,0.539536,0.570667,0.013605,0.552927,0.598564,0.021831,0.616068,0.500993,0.005495,0.568750,0.518570,0.010120,0.564655,0.560555,0.014321,0.574341,0.585020,0.016126,0.633901,0.511971,0.023827,0.594590,0.525341,0.027774,0.588433,0.558040,0.031454,0.596887,0.587016,0.034088
76,1694850129.970065,1,-2.3005,-2.3005,-0.8952,3.9703,6.3498,1345.6048,49.2157,8133.6016,2.5460,137.8333,238.9307,89.0099,54.4996,51.1002,79.9066,0.006472,0.671303,0.727655,-0.000000,0.608842,0.745814,-0.018893,0.544584,0.687400,-0.014997,0.507213,0.618139,-0.002080,0.505612,0.579947,0.012321,0.560243,0.547648,-0.027923,0.494720,0.486237,-0.018093,0.461900,0.456503,-0.010133,0.438645,0.424110,-0.006798,0.591797,0.509187,-0.008711,0.539432,0.528995,0.006252,0.537861,0.581248,0.020125,0.549542,0.608685,0.027025,0.615586,0.508054,0.011331,0.568092,0.530405,0.020680,0.563385,0.572666,0.023958,0.570984,0.596747,0.023728,0.632598,0.519165,0.031009,0.593687,0.534091,0.037999,0.586769,0.565570,0.040305,0.593775,0.593876,0.041097
77,1694850129.978398,1,1.4181,1.4181,0.3228,1.2180,6.3678,1401.9390,11.9182,7649.9219,2.7044,137.8619,228.6806,86.4743,49.7176,42.3607,71.4521,0.006266,0.673079,0.728874,-0.000000,0.610200,0.750129,-0.021417,0.544001,0.693456,-0.020253,0.504545,0.622704,-0.010761,0.505337,0.580705,0.000292,0.561496,0.552248,-0.027125,0.493354,0.494057,-0.019294,0.458801,0.466524,-0.012149,0.435321,0.435944,-0.009466,0.591913,0.513735,-0.009423,0.535638,0.535418,-0.000535,0.537808,0.589377,0.010443,0.553436,0.616312,0.016711,0.614184,0.510323,0.008635,0.563577,0.535499,0.012523,0.562958,0.580352,0.015681,0.575043,0.604804,0.016778,0.630010,0.520332,0.025902,0.588737,0.538372,0.028767,0.584659,0.571982,0.030348,0.594640,0.598812,0.031628
78,1694850129.986732,1,-17.2707,-17.2707,-4.7999,-5.1227,8.2808,2525.9032,37.2345,7368.1969,2.8900,143.5216,224.0554,86.7241,48.5591,35.9131,60.6530,0.006118,0.673492,0.730087,-0.000000,0.612613,0.752176,-0.020668,0.546884,0.700481,-0.019107,0.505398,0.635670,-0.008778,0.503596,0.594497,0.003130,0.560170,0.560136,-0.028988,0.492518,0.504526,-0.022321,0.458529,0.475379,-0.016543,0.434229,0.442381,-0.014597,0.588489,0.517682,-0.010619,0.532649,0.543382,-0.000621,0.536364,0.598811,0.011078,0.552525,0.624921,0.017440,0.609279,0.511445,0.008252,0.558988,0.539365,0.013914,0.559735,0.584540,0.017505,0.572149,0.608816,0.018378,0.624000,0.519699,0.026424,0.583931,0.539086,0.031013,0.581396,0.572164,0.033096,0.592088,0.599494,0.034376
79,1694850129.995065,1,21.7659,21.7659,9.2416,14.0415,14.0252,2610.4207,40.2802,7090.5545,2.9326,141.1921,213.7771,85.4377,45.9297,27.0670,50.7706,0.005011,0.671409,0.729033,-0.000000,0.611218,0.754907,-0.021054,0.546350,0.705140,-0.019122,0.506919,0.640780,-0.008104,0.502255,0.599956,0.004419,0.562129,0.562061,-0.031911,0.492483,0.513980,-0.028858,0.456399,0.485924,-0.025656,0.430548,0.453876,-0.024968,0.590052,0.519650,-0.013802,0.531998,0.548033,-0.006622,0.535280,0.608030,0.005692,0.552030,0.634533,0.013209,0.609635,0.513524,0.004532,0.557913,0.543301,0.006833,0.557426,0.591558,0.011440,0.570717,0.615385,0.014061,0.623350,0.522172,0.022181,0.581645,0.543648,0.023386,0.577767,0.580544,0.025620,0.589391,0.607145,0.027785
80,1694850130.003398,1,23.4472,23.4472,6.4369,-2.8047,15.3796,2608.7417,12.4017,7531.5782,2.8816,145.0417,206.1987,84.1708,43.8005,21.6212,46.8889,0.005158,0.674456,0.734128,-0.000000,0.613253,0.759605,-0.023132,0.546940,0.709208,-0.022707,0.505554,0.645141,-0.013357,0.502686,0.608047,-0.002447,0.561185,0.564742,-0.031493,0.488759,0.520117,-0.028205,0.451935,0.493656,-0.024261,0.426462,0.460095,-0.023296,0.589545,0.523824,-0.013646,0.531624,0.555587,-0.009072,0.538175,0.612937,0.001560,0.557252,0.634686,0.008428,0.609725,0.518994,0.004224,0.557687,0.549541,0.004097,0.560982,0.596733,0.007825,0.576819,0.617078,0.010353,0.624057,0.529041,0.021190,0.583397,0.549837,0.020663,0.582862,0.584812,0.021972,0.596540,0.609329,0.023853
81,1694850130.011732,1,-18.1786,-18.1786,-4.8992,-11.3361,18.0514,2579.1630,11.8389,8108.7593,2.7622,143.5247,200.7576,84.6057,43.7975,17.1647,42.5266,0.004581,0.673849,0.736215,-0.000000,0.613011,0.762679,-0.023151,0.545818,0.713103,-0.021135,0.504537,0.647950,-0.009573,0.502492,0.611772,0.003625,0.560477,0.570981,-0.031672,0.487688,0.526536,-0.027438,0.450415,0.500646,-0.022880,0.423667,0.468859,-0.021444,0.587888,0.528414,-0.012625,0.529168,0.561960,-0.006698,0.535080,0.622651,0.004703,0.553969,0.647871,0.012053,0.606889,0.522044,0.006479,0.554594,0.555340,0.007268,0.557149,0.604119,0.010189,0.572836,0.627410,0.012145,0.620834,0.529850,0.024805,0.579057,0.553149,0.025073,0.577642,0.588788,0.025867,0.591255,0.614873,0.027192
82,1694850130.020065,1,-15.8592,-15.8592,0.3529,5.2520,19.4748,1248.6757,24.4992,7854.0368,2.7171,142.8256,196.2736,88.8766,48.6295,16.8650,34.7051,0.003171,0.674611,0.737828,-0.000000,0.613636,0.764819,-0.023490,0.546798,0.716085,-0.021537,0.504871,0.652845,-0.010007,0.499850,0.617884,0.003202,0.560936,0.570467,-0.030711,0.486474,0.531480,-0.025351,0.448921,0.508233,-0.020012,0.422816,0.477091,-0.018009,0.588754,0.529549,-0.011370,0.529733,0.563545,-0.005138,0.536041,0.622432,0.005951,0.555676,0.645969,0.013215,0.608257,0.525138,0.008056,0.555954,0.557092,0.008740,0.558846,0.604970,0.010999,0.574903,0.626762,0.012684,0.622230,0.534262,0.026791,0.581243,0.556349,0.027069,0.580344,0.591694,0.027638,0.594327,0.616825,0.028891
83,1694850130.028398,1,20.3742,20.3742,-0.3479,-0.7008,19.0868,964.6569,26.3439,7997.8090,2.2504,143.5934,193.4774,90.9790,50.5115,17.8513,34.4274,0.002822,0.672662,0.736805,-0.000000,0.611017,0.766019,-0.022271,0.545040,0.718418,-0.021615,0.504409,0.654195,-0.012453,0.501698,0.617966,-0.001868,0.560068,0.575781,-0.029623,0.486689,0.535216,-0.025712,0.448563,0.512033,-0.021598,0.422349,0.481784,-0.020617,0.588456,0.534540,-0.012418,0.532034,0.567280,-0.007830,0.537353,0.626195,0.002392,0.555900,0.650066,0.009129,0.609215,0.529055,0.004864,0.558525,0.561136,0.004649,0.559972,0.608765,0.007967,0.575466,0.630942,0.010439,0.624991,0.537448,0.021350,0.583484,0.560367,0.021070,0.580608,0.596981,0.022755,0.593669,0.623061,0.024980
84,1694850130.036732,1,-17.8007,-17.8007,-10.3120,-9.9641,19.2399,2749.1414,4.1676,7576.6101,1.9770,143.6188,189.9167,92.2898,51.5087,17.6611,33.9293,0.002673,0.673869,0.743061,-0.000000,0.612164,0.769960,-0.023713,0.545073,0.720674,-0.023101,0.503699,0.657067,-0.013255,0.500822,0.623101,-0.002050,0.560647,0.577894,-0.031607,0.486371,0.538619,-0.026607,0.448407,0.516021,-0.021771,0.421926,0.485293,-0.020487,0.589557,0.536732,-0.012918,0.531220,0.570167,-0.007236,0.537222,0.629832,0.003740,0.555959,0.653329,0.010726,0.610433,0.532695,0.005960,0.557194,0.564725,0.006483,0.559749,0.613548,0.009739,0.575565,0.635305,0.011853,0.625729,0.541373,0.024082,0.582827,0.565157,0.024041,0.581553,0.602078,0.025502,0.595464,0.626679,0.027282
85,1694850130.045065,1,11.3502,11.3502,7.3822,17.6942,16.5037,2775.0662,73.3637,7003.3372,1.1617,144.3526,191.1754,95.0074,54.3639,20.6868,31.7340,0.001871,0.675308,0.743842,-0.000000,0.613947,0.772201,-0.024134,0.546049,0.721488,-0.022376,0.504202,0.656330,-0.010987,0.502693,0.622608,0.002096,0.561673,0.578660,-0.031052,0.486192,0.539252,-0.025023,0.448953,0.517555,-0.018863,0.423352,0.486209,-0.016505,0.589659,0.537490,-0.011502,0.528669,0.569608,-0.005516,0.534993,0.629669,0.005700,0.554535,0.652569,0.013193,0.609410,0.532223,0.008183,0.554607,0.563632,0.008721,0.557570,0.612835,0.011209,0.574162,0.633642,0.013130,0.623455,0.539673,0.027073,0.580351,0.562285,0.026848,0.578889,0.599273,0.027193,0.593069,0.623926,0.028366
86,1694850130.053398,1,17.9037,17.9037,8.4407,1.0586,16.6245,2843.6988,85.1214,7040.9122,0.8340,144.3063,193.4610,93.5918,53.4139,19.7688,32.2646,0.002157,0.675658,0.746541,-0.000000,0.613948,0.771331,-0.024946,0.546349,0.721403,-0.024182,0.504994,0.657657,-0.013697,0.502186,0.621428,-0.001801,0.563275,0.579513,-0.034462,0.487868,0.540392,-0.030874,0.449742,0.516920,-0.026573,0.422497,0.485105,-0.025376,0.591993,0.538066,-0.015095,0.531344,0.574031,-0.010717,0.537712,0.635982,0.000475,0.557148,0.660213,0.007965,0.612331,0.534304,0.004348,0.557788,0.568481,0.003492,0.561149,0.618507,0.006674,0.577955,0.640098,0.009182,0.627290,0.543888,0.022958,0.583876,0.569137,0.021525,0.583060,0.606815,0.022457,0.598010,0.631629,0.024201
87,1694850130.061732,1,-11.6263,-11.6263,-8.0001,-16.4409,15.7156,2847.9156,82.7083,6892.4485,0.6967,144.2469,191.9541,93.7181,53.2462,19.2900,32.6163,0.002231,0.677190,0.748059,-0.000000,0.615653,0.774395,-0.022890,0.548540,0.724021,-0.020718,0.506716,0.660872,-0.008991,0.500410,0.627075,0.004367,0.562422,0.580531,-0.032288,0.485617,0.538990,-0.025843,0.448387,0.516294,-0.018915,0.422825,0.484882,-0.015755,0.590737,0.539684,-0.012442,0.530121,0.569330,-0.004582,0.534666,0.629250,0.008286,0.552631,0.654780,0.016424,0.611440,0.535977,0.007793,0.557316,0.565277,0.009771,0.558609,0.614446,0.012927,0.573380,0.637628,0.014845,0.626207,0.544347,0.027498,0.583436,0.565477,0.028681,0.580062,0.602721,0.029794,0.592282,0.629459,0.031136
88,1694850130.070065,1,-20.3930,-20.3930,-0.6481,7.3521,15.7015,114.4893,73.3020,6866.7634,1.5914,141.8519,193.0872,92.5405,51.9250,18.9505,34.4629,0.002529,0.675363,0.745144,-0.000000,0.613250,0.772451,-0.023123,0.546717,0.723652,-0.024016,0.504799,0.658572,-0.016373,0.504345,0.618181,-0.007297,0.562000,0.581546,-0.031471,0.487206,0.538610,-0.029000,0.449428,0.514220,-0.025509,0.423887,0.482781,-0.024814,0.591504,0.540673,-0.014066,0.532876,0.570745,-0.010695,0.538665,0.628873,-0.000066,0.557432,0.652581,0.007213,0.613129,0.536536,0.003338,0.559338,0.566341,0.001607,0.561499,0.614176,0.005498,0.577346,0.636007,0.008740,0.628833,0.546009,0.019995,0.585584,0.568465,0.018340,0.584063,0.605633,0.020116,0.597877,0.630477,0.022618
89,1694850130.078398,1,16.4193,16.4193,1.2673,1.9154,15.7017,36.1599,9.9792,6521.3229,1.1181,141.2677,192.4405,93.5232,53.2949,20.3991,34.0038,0.002147,0.675901,0.744561,-0.000000,0.615604,0.771069,-0.024917,0.548679,0.722955,-0.025054,0.506125,0.659874,-0.015683,0.504665,0.621352,-0.004822,0.563927,0.581590,-0.033591,0.490360,0.539043,-0.030011,0.452344,0.513839,-0.026031,0.424982,0.482259,-0.025163,0.592221,0.538809,-0.014349,0.533460,0.572627,-0.009154,0.540328,0.632399,0.001877,0.559795,0.656258,0.008995,0.612701,0.533173,0.004913,0.559777,0.565317,0.005247,0.563107,0.613819,0.008571,0.579757,0.636087,0.010902,0.628160,0.541702,0.023269,0.586194,0.564777,0.023262,0.585077,0.600854,0.024588,0.599527,0.625599,0.026395
90,1694850130.086732,1,-22.7866,-22.7866,-10.1726,-11.4399,17.7567,3007.7037,40.2096,6498.5880,1.0727,142.2948,193.6512,94.8333,54.5081,21.5086,30.6683,0.001678,0.677029,0.740995,-0.000000,0.614643,0.768171,-0.023370,0.547837,0.720818,-0.023416,0.507077,0.659354,-0.014774,0.503583,0.624191,-0.004855,0.564291,0.577739,-0.031405,0.490007,0.538647,-0.028426,0.451976,0.515702,-0.024454,0.425784,0.484692,-0.023323,0.593467,0.536985,-0.013916,0.534089,0.573108,-0.010878,0.540193,0.633442,-0.000437,0.559729,0.656240,0.006891,0.614604,0.533225,0.003550,0.560805,0.567779,0.001769,0.563817,0.616910,0.005366,0.580606,0.637476,0.008421,0.630330,0.542758,0.020196,0.587411,0.569511,0.018615,0.586747,0.607887,0.020384,0.601510,0.632058,0.022934
91,1694850130.095065,1,-19.3606,-19.3606,-1.9336,8.2390,14.4759,110.4046,4.6212,7143.0225,1.7311,145.0856,193.6075,90.8604,50.6351,18.1203,33.5710,0.002527,0.676051,0.739161,-0.000000,0.615414,0.768219,-0.024154,0.549141,0.720981,-0.024094,0.507636,0.657660,-0.014699,0.504800,0.617048,-0.003877,0.564053,0.578365,-0.033001,0.490510,0.534295,-0.028783,0.452206,0.509596,-0.024447,0.424464,0.478341,-0.023380,0.592290,0.535737,-0.013670,0.532622,0.568848,-0.007845,0.538606,0.630121,0.003648,0.557823,0.654626,0.011007,0.612506,0.530396,0.005827,0.558376,0.562411,0.006534,0.560820,0.612212,0.010234,0.577160,0.634995,0.012753,0.627206,0.538086,0.024551,0.584273,0.561538,0.024797,0.582322,0.598977,0.026461,0.596201,0.623967,0.028417
92,1694850130.103398,1,22.5645,22.5645,10.7394,12.6729,19.8882,2887.2753,25.3290,7020.0779,1.5042,145.5077,193.7947,91.1507,50.4248,18.4747,35.1089,0.002713,0.678076,0.737806,-0.000000,0.618060,0.767091,-0.025937,0.551118,0.720215,-0.025668,0.508603,0.657375,-0.015443,0.504284,0.618761,-0.003623,0.565843,0.575275,-0.035225,0.491577,0.531872,-0.030547,0.453137,0.507617,-0.025718,0.425115,0.476396,-0.024305,0.593392,0.532885,-0.014528,0.533365,0.566953,-0.007949,0.537995,0.628267,0.004093,0.556367,0.653705,0.011687,0.613012,0.528594,0.006269,0.559798,0.561618,0.007911,0.561099,0.611250,0.011569,0.576129,0.634656,0.013847,0.627068,0.537423,0.026082,0.586034,0.561757,0.027044,0.583162,0.598238,0.028333,0.595666,0.623451,0.029852
93,1694850130.111732,1,-16.1347,-16.1347,-8.1385,-18.8779,19.2804,3000.5308,13.6528,7341.6164,1.6734,139.7909,193.0100,94.4060,54.2405,21.1232,32.3808,0.002102,0.679708,0.736560,-0.000000,0.618105,0.764281,-0.025062,0.549658,0.714666,-0.025023,0.507783,0.650128,-0.015762,0.505969,0.613087,-0.005052,0.568637,0.573007,-0.032707,0.494281,0.531929,-0.029125,0.455503,0.509130,-0.024772,0.427541,0.479125,-0.023817,0.596259,0.531102,-0.014130,0.534426,0.568530,-0.011097,0.541706,0.630684,-0.000641,0.561791,0.653286,0.006560,0.614738,0.525525,0.004369,0.559219,0.562359,0.002582,0.563121,0.612440,0.006469,0.580370,0.632948,0.009616,0.627726,0.534278,0.021853,0.583734,0.560108,0.019847,0.583640,0.598069,0.021226,0.598966,0.621951,0.023483
94,1694850130.120065,1,22.3939,22.3939,11.2951,19.4336,20.6375,2905.6362,32.2558,8072.8764,1.8052,142.4429,194.3376,89.0272,48.8853,17.0436,35.9800,0.003336,0.680901,0.734844,-0.000000,0.620023,0.761423,-0.029763,0.552426,0.713018,-0.032213,0.509167,0.648370,-0.024475,0.506856,0.609356,-0.014962,0.570169,0.569460,-0.036587,0.493490,0.526198,-0.033265,0.454163,0.503554,-0.028637,0.425704,0.472636,-0.027457,0.596785,0.528359,-0.015299,0.530803,0.569436,-0.013973,0.539019,0.631935,-0.004220,0.561188,0.654348,0.003031,0.614051,0.523599,0.005751,0.555598,0.563373,0.002536,0.560448,0.614455,0.005476,0.579497,0.635071,0.008580,0.625725,0.531755,0.025490,0.580926,0.557237,0.021894,0.581267,0.596206,0.021793,0.597593,0.619632,0.023479
95,1694850130.128398,1,19.2021,19.2021,9.6407,-1.6545,19.2364,2822.8129,6.0763,7560.7163,2.6433,142.0895,197.8791,88.9386,48.4764,19.1597,39.0497,0.003559,0.679075,0.731443,-0.000000,0.617761,0.757877,-0.027030,0.551957,0.709604,-0.027989,0.510272,0.646422,-0.019245,0.507072,0.608256,-0.009013,0.568623,0.566335,-0.035604,0.494391,0.522151,-0.032436,0.455483,0.498204,-0.028111,0.427613,0.467927,-0.026963,0.596591,0.525281,-0.015788,0.534939,0.563402,-0.013061,0.541750,0.624595,-0.002669,0.561935,0.648450,0.004516,0.615642,0.520833,0.003917,0.560107,0.557738,0.001993,0.564151,0.607658,0.005495,0.581467,0.629851,0.008471,0.629148,0.530249,0.022489,0.585838,0.555619,0.020043,0.585255,0.593561,0.020673,0.599993,0.618752,0.022545
96,1694850130.136732,1,-19.0511,-19.0511,-10.4039,-20.0446,19.1558,2840.3628,34.8680,6712.4555,2.1836,139.6505,201.5777,90.5812,49.7148,21.8863,41.8952,0.003954,0.680382,0.730301,-0.000000,0.618931,0.755816,-0.025834,0.551577,0.705740,-0.026454,0.508939,0.641305,-0.017902,0.506596,0.603124,-0.007821,0.570643,0.564216,-0.032757,0.497462,0.519677,-0.029134,0.458731,0.495440,-0.025026,0.430515,0.464969,-0.024319,0.598205,0.523433,-0.013722,0.537404,0.556721,-0.010810,0.542859,0.617704,-0.001007,0.561862,0.642781,0.005753,0.616966,0.518366,0.005278,0.562590,0.551285,0.004245,0.564602,0.600346,0.008029,0.580809,0.623868,0.010992,0.630372,0.527292,0.023090,0.587662,0.550922,0.021862,0.585378,0.587922,0.023052,0.599108,0.613049,0.025060
97,1694850130.145065,1,17.2591,17.2591,8.3485,18.7523,18.3265,2910.6881,33.3214,6861.5171,2.8050,141.2986,205.1907,89.7512,48.9000,22.2617,43.0911,0.003838,0.677275,0.725041,-0.000000,0.617637,0.751244,-0.024165,0.551176,0.702529,-0.023446,0.510053,0.637762,-0.013313,0.507808,0.597280,-0.001631,0.569131,0.558697,-0.032299,0.497580,0.512708,-0.027219,0.459603,0.488691,-0.021949,0.431764,0.459195,-0.020251,0.596995,0.518276,-0.012449,0.537318,0.548463,-0.006786,0.541564,0.611186,0.004938,0.560104,0.638654,0.012771,0.616523,0.514156,0.007617,0.563357,0.543739,0.007993,0.563975,0.593853,0.011461,0.579532,0.618949,0.014098,0.630197,0.522438,0.026942,0.588175,0.544356,0.026331,0.584750,0.582639,0.027172,0.597884,0.608588,0.028812
98,1694850130.153398,1,-23.8262,-23.8262,-11.5550,-19.9035,20.2369,2752.4667,10.1179,6887.8522,2.9251,143.1983,212.0971,87.2665,47.0145,23.9577,45.2167,0.004714,0.679585,0.725537,-0.000000,0.619727,0.749759,-0.023838,0.553402,0.699009,-0.023249,0.511469,0.635170,-0.013226,0.507833,0.594962,-0.001617,0.571914,0.556549,-0.034124,0.498672,0.507900,-0.028850,0.460891,0.482978,-0.023201,0.432893,0.452595,-0.021249,0.599180,0.515441,-0.014182,0.537539,0.541573,-0.008021,0.540810,0.601962,0.003970,0.558064,0.628482,0.011691,0.618769,0.511375,0.006253,0.564268,0.536449,0.007876,0.563926,0.584268,0.011976,0.578295,0.608203,0.014563,0.631927,0.520592,0.025951,0.589871,0.538608,0.026739,0.585611,0.574258,0.028119,0.597790,0.598986,0.029749
99,1694850130.161732,1,24.7338,24.7338,1.3829,12.9380,20.6973,883.2432,22.6616,7161.1254,3.1048,142.9722,218.8548,87.6412,47.7856,27.4654,49.2360,0.005070,0.681124,0.726102,-0.000000,0.619410,0.746765,-0.023519,0.551944,0.694628,-0.024143,0.510045,0.629074,-0.016379,0.510018,0.587429,-0.007207,0.570291,0.552201,-0.030521,0.498537,0.500988,-0.025119,0.461963,0.475699,-0.019442,0.436233,0.445590,-0.017734,0.599007,0.513801,-0.012564,0.541069,0.542108,-0.008270,0.545248,0.600037,0.001359,0.562615,0.627303,0.007593,0.619593,0.510561,0.005704,0.568089,0.540147,0.006458,0.569721,0.587220,0.010127,0.584117,0.611695,0.012356,0.634022,0.520890,0.023008,0.592834,0.541476,0.023722,0.590269,0.576642,0.025336,0.602201,0.601763,0.027198
100,1694850130.170065,1,-29.2988,-29.2988,-2.5619,-3.9449,22.4343,920.9558,38.3145,6723.8068,3.4870,142.2361,222.0684,87.1086,48.0278,30.8949,53.5406,0.005591,0.679805,0.720502,-0.000000,0.618993,0.742592,-0.024986,0.551861,0.690442,-0.025001,0.510538,0.623199,-0.015685,0.513145,0.583207,-0.004880,0.571489,0.549949,-0.033569,0.501243,0.496701,-0.028663,0.464563,0.469828,-0.023659,0.437477,0.439399,-0.022447,0.599359,0.509166,-0.014305,0.540138,0.540875,-0.008824,0.544739,0.601829,0.002020,0.562431,0.629063,0.008822,0.618161,0.504585,0.005131,0.565420,0.537335,0.006928,0.567385,0.585968,0.010691,0.582199,0.610268,0.012721,0.631060,0.514526,0.023436,0.589906,0.536407,0.024605,0.587868,0.571647,0.025909,0.600444,0.597121,0.027328
101,1694850130.178398,1,19.2453,19.2453,0.4965,3.0585,23.2076,927.3064,31.5191,7106.0240,3.6871,142.3395,225.2183,86.3546,47.9571,35.7142,62.1841,0.006037,0.681501,0.719883,-0.000000,0.620240,0.740717,-0.024256,0.552650,0.687197,-0.024330,0.511029,0.619926,-0.015421,0.511939,0.580580,-0.004984,0.572266,0.545246,-0.032271,0.501312,0.491021,-0.026568,0.465147,0.464520,-0.020714,0.438813,0.434103,-0.018988,0.600779,0.505957,-0.013473,0.541193,0.534244,-0.007987,0.545329,0.592547,0.002580,0.562585,0.619473,0.009108,0.620568,0.502622,0.005602,0.567845,0.532622,0.007370,0.569475,0.579191,0.011177,0.583633,0.602752,0.013128,0.634059,0.512936,0.023621,0.592574,0.533162,0.024947,0.590158,0.567326,0.026386,0.601943,0.592038,0.027790
102,1694850130.186732,1,-12.4283,-12.4283,2.8495,2.3529,22.2244,768.1709,17.4225,7296.5145,2.8371,143.6813,229.5277,86.4290,49.5103,42.1447,70.9258,0.006767,0.680312,0.717841,-0.000000,0.619092,0.738640,-0.022859,0.552361,0.683768,-0.022401,0.511130,0.616522,-0.013412,0.512435,0.577112,-0.003052,0.571436,0.544394,-0.029610,0.502069,0.486187,-0.023385,0.466176,0.457289,-0.017618,0.439970,0.425501,-0.015961,0.600289,0.504608,-0.010992,0.543163,0.527865,-0.003730,0.545952,0.585482,0.007264,0.561773,0.613705,0.013828,0.621242,0.500873,0.007913,0.569850,0.527456,0.011213,0.570235,0.574347,0.015091,0.583319,0.598905,0.016847,0.636333,0.510033,0.025869,0.595223,0.528215,0.028669,0.591456,0.563415,0.030666,0.602247,0.590439,0.032238
103,1694850130.195065,1,17.4060,17.4060,-1.8320,-4.6814,21.0747,702.1904,3.7808,7190.8659,2.3807,143.8056,234.0026,86.9026,50.6502,44.9540,73.0756,0.006623,0.679641,0.715855,-0.000000,0.619433,0.735254,-0.021352,0.552998,0.677525,-0.019478,0.512860,0.608054,-0.009095,0.514330,0.568383,0.002761,0.570776,0.542214,-0.028880,0.503943,0.480910,-0.023345,0.468471,0.450972,-0.017865,0.442542,0.419695,-0.016301,0.599837,0.501990,-0.011151,0.544500,0.525367,-0.004154,0.547780,0.582820,0.007103,0.563165,0.609922,0.013902,0.620947,0.497578,0.006824,0.571262,0.524204,0.009996,0.572071,0.569741,0.014144,0.584719,0.592925,0.015989,0.636184,0.507223,0.023913,0.595904,0.526381,0.026220,0.592865,0.560641,0.028260,0.603940,0.586608,0.029949
104,1694850130.203398,1,14.8759,14.8759,11.0437,12.8756,19.4335,2451.9159,8.6244,7186.6871,1.9641,142.1327,243.2003,87.2291,52.8046,51.0539,80.6182,0.007804,0.678895,0.710949,-0.000000,0.618859,0.730833,-0.020394,0.553408,0.673750,-0.018586,0.513514,0.605821,-0.008368,0.514323,0.566493,0.003273,0.570992,0.537082,-0.029018,0.504472,0.474354,-0.023488,0.469417,0.443876,-0.018536,0.443778,0.412006,-0.017213,0.600050,0.496945,-0.011155,0.545716,0.514608,-0.002615,0.547150,0.570508,0.009058,0.561304,0.598197,0.015698,0.621404,0.492824,0.007129,0.572540,0.512831,0.011479,0.571022,0.556353,0.015753,0.582028,0.580694,0.017419,0.636878,0.502574,0.024700,0.597094,0.514941,0.028261,0.591829,0.547646,0.030936,0.601174,0.575797,0.032832
105,1694850130.211732,1,18.5248,18.5248,-0.1801,-11.2238,12.0679,1179.3045,27.9372,6504.2011,2.3982,136.3619,251.7061,86.4340,55.0445,58.4904,90.8597,0.009758,0.679402,0.711408,-0.000000,0.617561,0.726387,-0.021639,0.552697,0.668223,-0.021800,0.513739,0.596925,-0.013784,0.516131,0.555544,-0.004389,0.572546,0.531853,-0.030390,0.505325,0.466786,-0.027221,0.470218,0.433942,-0.023533,0.445142,0.400768,-0.022812,0.602067,0.494115,-0.012556,0.544184,0.516149,-0.006617,0.545508,0.573349,0.004313,0.560510,0.601021,0.010665,0.623358,0.491734,0.005517,0.570583,0.516915,0.007988,0.569898,0.563255,0.012733,0.582679,0.589259,0.014949,0.638804,0.503070,0.022691,0.597408,0.521059,0.024895,0.592653,0.556041,0.027260,0.602682,0.583993,0.029184
106,1694850130.220065,1,3.8492,3.8492,4.0694,4.2495,11.6625,2378.2730,77.6085,6288.0471,2.6046,133.2454,257.5254,89.8015,59.9870,65.2282,98.0878,0.009993,0.681579,0.714754,-0.000000,0.618806,0.725813,-0.021637,0.553530,0.663807,-0.021831,0.513481,0.590951,-0.014052,0.516348,0.548916,-0.005034,0.573128,0.525703,-0.027135,0.507538,0.459692,-0.018999,0.473918,0.430570,-0.012458,0.449204,0.399937,-0.010443,0.603572,0.489691,-0.007913,0.547617,0.511893,0.001998,0.546359,0.567374,0.012508,0.557822,0.597504,0.017935,0.626256,0.490116,0.012075,0.575446,0.517174,0.018683,0.572074,0.561527,0.022327,0.581134,0.589185,0.022980,0.641632,0.503211,0.031251,0.602294,0.521358,0.036747,0.595276,0.555684,0.038999,0.602331,0.584867,0.040329
107,1694850130.228398,1,7.1169,7.1169,-2.5723,-6.6416,5.8261,1274.9678,21.7121,7101.6311,2.5449,133.3958,267.4356,97.4435,70.9041,78.6181,110.5326,0.013392,0.679716,0.711225,-0.000000,0.617616,0.720958,-0.022054,0.552957,0.657182,-0.022022,0.514025,0.582602,-0.013484,0.520602,0.540387,-0.003722,0.573241,0.520399,-0.029285,0.510840,0.452507,-0.022394,0.478868,0.420800,-0.017296,0.455236,0.388715,-0.016025,0.603522,0.484376,-0.009039,0.549811,0.505430,0.002363,0.548090,0.560941,0.013833,0.558791,0.591529,0.019440,0.626246,0.484634,0.011844,0.577290,0.510608,0.018952,0.573837,0.554714,0.022083,0.582735,0.582475,0.022230,0.642077,0.496886,0.032070,0.603399,0.513527,0.038073,0.596349,0.548092,0.040249,0.603317,0.578808,0.041258
108,1694850130.236732,1,-0.3203,-0.3203,-3.7990,-1.2268,6.9572,2298.0293,29.2528,7647.1693,2.0555,132.4282,276.2908,103.8004,79.7124,89.4074,121.7846,0.013645,0.679068,0.709853,-0.000000,0.617187,0.716756,-0.020799,0.553862,0.651271,-0.018125,0.517127,0.577489,-0.006504,0.519868,0.534440,0.006602,0.573306,0.513140,-0.028248,0.511092,0.440038,-0.019357,0.480940,0.409225,-0.012549,0.459585,0.378337,-0.009825,0.604921,0.479844,-0.007608,0.551344,0.499719,0.006740,0.548763,0.553410,0.019389,0.558737,0.583481,0.025280,0.628441,0.482749,0.013666,0.579216,0.508843,0.022706,0.576182,0.552585,0.025012,0.584248,0.579153,0.024130,0.644571,0.496628,0.034444,0.605401,0.513369,0.040993,0.597984,0.547023,0.042333,0.603938,0.578524,0.042545
109,1694850130.245065,1,-8.3710,-8.3710,-6.7240,-2.9249,8.8576,1895.3289,35.2798,8227.2349,2.8868,138.4174,278.6498,98.6519,79.7526,94.6913,129.9141,0.015914,0.676985,0.703343,-0.000000,0.615784,0.711434,-0.019855,0.551841,0.644928,-0.016704,0.517636,0.566960,-0.003868,0.523566,0.520981,0.010669,0.574470,0.511163,-0.033221,0.511254,0.431832,-0.026204,0.478769,0.397576,-0.020053,0.455031,0.365845,-0.017545,0.606248,0.474855,-0.012166,0.552885,0.490087,0.002789,0.550312,0.541066,0.018118,0.560515,0.568562,0.025615,0.629230,0.476210,0.009668,0.580288,0.498053,0.019195,0.576206,0.537870,0.023021,0.583476,0.562204,0.022863,0.644779,0.488568,0.031203,0.605877,0.503131,0.037724,0.598170,0.533846,0.039711,0.603703,0.563233,0.040192
110,1694850130.253398,1,10.9131,10.9131,1.7660,8.4899,6.6326,1320.2182,40.5455,9015.8726,2.5479,136.0100,289.3860,108.7417,91.7050,105.6096,139.1395,0.016094,0.678384,0.701400,-0.000000,0.616384,0.706956,-0.018360,0.554385,0.639960,-0.015607,0.519707,0.563420,-0.004263,0.522861,0.521311,0.008485,0.574444,0.504951,-0.027296,0.513795,0.424365,-0.018729,0.483092,0.389608,-0.011594,0.460903,0.356956,-0.008437,0.606443,0.471373,-0.006978,0.553369,0.485449,0.008568,0.549643,0.535820,0.022982,0.558843,0.564468,0.029981,0.630706,0.474274,0.014161,0.581567,0.495833,0.025011,0.577534,0.535985,0.028586,0.584710,0.561195,0.028132,0.647206,0.488025,0.034999,0.608436,0.502431,0.042991,0.600511,0.534184,0.045026,0.606076,0.563698,0.045465
111,1694850130.261732,1,4.1669,4.1669,-0.7375,-2.5035,6.6454,2086.0726,7.0922,8595.7281,3.3717,142.3534,303.1773,120.8536,104.4932,118.0052,152.0924,0.014109,0.681174,0.704375,-0.000000,0.617276,0.705799,-0.016421,0.555180,0.634340,-0.012672,0.519831,0.559785,-0.001326,0.523269,0.524025,0.011127,0.575348,0.501483,-0.025534,0.516888,0.417950,-0.017611,0.490086,0.383043,-0.010782,0.470810,0.349618,-0.008017,0.607606,0.465494,-0.007709,0.551633,0.484314,0.004336,0.548838,0.540732,0.016471,0.558303,0.573366,0.022567,0.631787,0.466142,0.011153,0.579510,0.494086,0.019476,0.577369,0.537704,0.022783,0.586171,0.566225,0.022767,0.647711,0.480232,0.029632,0.607047,0.499445,0.035289,0.600650,0.532274,0.036458,0.607222,0.562688,0.036901
112,1694850130.270065,1,2.6942,2.6942,0.7536,1.4911,6.2832,2125.0999,33.5667,9211.4250,2.2739,143.2261,315.3891,131.0634,116.3612,129.8264,162.4730,0.012646,0.679455,0.698984,-0.000000,0.616824,0.699228,-0.016249,0.556403,0.630525,-0.012682,0.523265,0.557313,-0.001143,0.525688,0.522268,0.011712,0.576081,0.495468,-0.028257,0.519680,0.409471,-0.023455,0.493563,0.371821,-0.019241,0.475753,0.337431,-0.017424,0.607870,0.461265,-0.010013,0.554100,0.478784,0.003140,0.548901,0.532056,0.016076,0.557202,0.562751,0.022336,0.631696,0.462878,0.009126,0.581119,0.491318,0.018427,0.577118,0.533123,0.021930,0.584879,0.560054,0.021915,0.647509,0.477940,0.027928,0.607032,0.496648,0.034892,0.599261,0.528796,0.037182,0.604691,0.559779,0.038397
113,1694850130.278398,1,-5.3807,-5.3807,0.7476,-0.0060,6.9211,1504.9770,32.8878,9117.3807,2.3377,144.6543,322.2191,134.2583,122.7333,137.9119,171.5587,0.013151,0.678117,0.696132,-0.000000,0.614765,0.694755,-0.015942,0.556131,0.625278,-0.011043,0.525213,0.552533,0.002667,0.526297,0.518354,0.017667,0.577302,0.490223,-0.031676,0.521128,0.403672,-0.027649,0.495078,0.363557,-0.024875,0.476388,0.326625,-0.024168,0.611325,0.456931,-0.012957,0.556929,0.472893,0.002159,0.551314,0.526087,0.016241,0.559139,0.556395,0.022402,0.635624,0.460860,0.006715,0.584521,0.486448,0.017204,0.579824,0.527788,0.021051,0.587275,0.554359,0.020672,0.651600,0.477713,0.026140,0.610869,0.494220,0.032907,0.602559,0.525469,0.035135,0.607589,0.557558,0.036060
114,1694850130.286732,1,-0.1745,-0.1745,-2.7719,-3.5195,5.3449,1630.0527,83.2078,9176.6733,1.9771,140.1906,323.6015,135.9027,125.0142,139.8446,172.7408,0.010077,0.675660,0.687362,-0.000000,0.613498,0.688425,-0.014366,0.555768,0.620839,-0.009201,0.525813,0.547488,0.004314,0.527658,0.512450,0.019072,0.576958,0.488651,-0.027674,0.523480,0.401574,-0.021507,0.496971,0.362775,-0.017532,0.477794,0.327970,-0.016138,0.610125,0.455589,-0.009198,0.559229,0.468013,0.008815,0.552942,0.518434,0.023751,0.559679,0.548656,0.030148,0.634601,0.458929,0.010236,0.586466,0.483163,0.023882,0.581355,0.522030,0.027919,0.587951,0.547816,0.026970,0.651193,0.474369,0.029462,0.612576,0.488968,0.039057,0.604203,0.518502,0.041804,0.608496,0.549930,0.042504
115,1694850130.295065,1,-16.3113,-16.3113,-5.1196,-2.3477,7.4112,1104.9631,39.7805,9146.6804,2.0226,145.4522,331.5821,142.8122,133.1836,148.5563,181.8977,0.009173,0.680774,0.689465,-0.000000,0.617090,0.688030,-0.016377,0.558327,0.617073,-0.013573,0.527242,0.543953,-0.002612,0.526871,0.510585,0.009326,0.578509,0.484249,-0.031622,0.523538,0.397230,-0.028753,0.498537,0.355246,-0.026524,0.482008,0.317407,-0.026049,0.611982,0.450493,-0.013879,0.558406,0.471415,-0.000732,0.551804,0.522555,0.012146,0.559618,0.551890,0.017882,0.636360,0.454770,0.004786,0.585319,0.485132,0.013754,0.580157,0.524762,0.017616,0.587373,0.551019,0.017657,0.652158,0.472703,0.023073,0.611020,0.490951,0.029202,0.603327,0.521821,0.031944,0.608428,0.553159,0.033518
116,1694850130.303398,1,7.8237,7.8237,1.2824,6.4019,8.2189,723.8504,55.0846,8840.5724,0.9685,129.1535,327.8955,137.2381,128.7276,145.2405,178.6583,0.015686,0.681801,0.692817,-0.000000,0.617238,0.689122,-0.015858,0.557745,0.617770,-0.010189,0.526237,0.544854,0.004078,0.524542,0.510223,0.019547,0.579635,0.485209,-0.027508,0.522383,0.397039,-0.019968,0.495919,0.355219,-0.014935,0.475995,0.315763,-0.013154,0.612564,0.452146,-0.007873,0.558891,0.467610,0.008362,0.552573,0.520706,0.021720,0.558934,0.553604,0.027586,0.636540,0.455626,0.012896,0.586123,0.482224,0.025511,0.580615,0.522343,0.028459,0.586385,0.550299,0.027177,0.652117,0.471337,0.033349,0.611979,0.489211,0.041849,0.602454,0.519388,0.043316,0.605867,0.552104,0.043406
117,1694850130.311732,1,-4.1864,-4.1864,0.2986,-0.9838,7.8399,53.3250,34.7384,9906.6343,1.2749,132.0648,323.2469,135.4370,125.3728,141.0370,174.5437,0.011856,0.678353,0.686984,-0.000000,0.616830,0.686431,-0.013433,0.561327,0.620203,-0.006710,0.531414,0.551510,0.008950,0.525298,0.518263,0.026000,0.578741,0.486563,-0.028740,0.525120,0.400925,-0.024180,0.497970,0.360495,-0.021667,0.477104,0.324781,-0.020716,0.612270,0.453997,-0.009388,0.562169,0.463308,0.009249,0.555794,0.515887,0.025195,0.561371,0.547777,0.032212,0.636780,0.458013,0.010933,0.589255,0.475535,0.024649,0.583850,0.516658,0.028681,0.589696,0.543384,0.027859,0.652930,0.473543,0.031353,0.615059,0.484428,0.040570,0.606305,0.514495,0.043022,0.610578,0.546570,0.043593
118,1694850130.320065,1,-7.0236,-7.0236,-1.7123,-2.0109,7.9395,134.0211,70.1690,9816.4862,1.7160,134.3310,324.9776,136.9262,127.1017,142.8933,176.6637,0.012110,0.679188,0.687377,-0.000000,0.617594,0.688019,-0.015773,0.560358,0.619687,-0.009977,0.530322,0.547419,0.005031,0.526631,0.513333,0.021488,0.580097,0.487321,-0.029709,0.525214,0.401224,-0.023668,0.498444,0.361418,-0.019279,0.478297,0.323954,-0.017496,0.612518,0.454906,-0.009959,0.561059,0.467490,0.006860,0.556891,0.523016,0.021584,0.565148,0.555591,0.028221,0.635847,0.457914,0.010794,0.587964,0.478661,0.022843,0.584950,0.523012,0.026020,0.592906,0.551024,0.024915,0.651472,0.471946,0.031441,0.613766,0.486849,0.039406,0.607335,0.519576,0.040922,0.613267,0.551713,0.041029
119,1694850130.328398,1,-11.3130,-11.3130,1.2496,2.9619,8.1213,217.9111,50.9200,9656.6510,1.7726,138.1659,324.8230,136.0724,126.3018,141.8420,174.7123,0.011371,0.678202,0.684449,-0.000000,0.615829,0.686562,-0.014791,0.558833,0.618376,-0.007997,0.529674,0.544963,0.008655,0.528798,0.512295,0.026913,0.579528,0.487439,-0.031522,0.525213,0.401753,-0.026217,0.498267,0.362956,-0.023091,0.478261,0.327134,-0.022017,0.613930,0.455878,-0.011053,0.562155,0.464892,0.008860,0.557104,0.516977,0.025869,0.564880,0.546424,0.033082,0.638109,0.460351,0.010330,0.589619,0.476433,0.024193,0.584535,0.518207,0.027901,0.591806,0.544464,0.026578,0.654254,0.475299,0.031845,0.615959,0.486325,0.040956,0.607050,0.516905,0.042829,0.611534,0.548898,0.042658
120,1694850130.336732,1,5.1475,5.1475,-0.6691,-1.9186,7.2705,504.3750,39.9145,10069.0549,2.1488,133.1798,318.2611,130.0048,118.8403,134.3690,168.6089,0.012795,0.678234,0.684390,-0.000000,0.616450,0.688284,-0.017229,0.559622,0.620787,-0.011006,0.529899,0.548982,0.004916,0.528380,0.516125,0.022508,0.580435,0.486581,-0.029068,0.524499,0.405778,-0.021336,0.496239,0.369810,-0.016358,0.475919,0.335766,-0.014440,0.614813,0.456063,-0.008518,0.562930,0.469780,0.010365,0.556489,0.522582,0.025445,0.563514,0.552350,0.031876,0.638756,0.461577,0.012759,0.590204,0.481737,0.025491,0.583912,0.524214,0.028106,0.589809,0.550069,0.026514,0.654775,0.477499,0.033852,0.616130,0.491078,0.041714,0.606380,0.521629,0.042697,0.609502,0.553676,0.042285
121,1694850130.345065,1,7.4769,7.4769,2.9158,3.5849,7.1784,1228.3913,8.8296,10014.3009,1.7683,137.4236,317.9641,133.8896,120.4231,134.2389,167.0156,0.012632,0.681439,0.693054,-0.000000,0.618286,0.692767,-0.016266,0.560556,0.623078,-0.011645,0.530716,0.551055,0.001257,0.528320,0.520204,0.015240,0.581342,0.488370,-0.027588,0.525089,0.408391,-0.021269,0.497022,0.372568,-0.016948,0.477655,0.338885,-0.015478,0.615225,0.457193,-0.009535,0.564094,0.476449,0.004984,0.559115,0.531150,0.017385,0.567985,0.563035,0.022783,0.640096,0.461951,0.009492,0.591764,0.487455,0.019546,0.587292,0.529742,0.022547,0.595213,0.556570,0.021739,0.656634,0.478728,0.028187,0.617562,0.494426,0.034940,0.610012,0.526566,0.037146,0.616244,0.558051,0.038119
122,1694850130.353398,1,8.0392,8.0392,3.7657,0.8499,8.0407,1294.2472,7.0053,9514.7440,1.7352,139.3727,314.9775,132.9451,117.9311,130.8041,162.6524,0.012737,0.681805,0.694453,-0.000000,0.618629,0.697642,-0.015805,0.559146,0.626914,-0.010853,0.528751,0.551539,0.002794,0.528436,0.519424,0.017682,0.581001,0.494806,-0.029241,0.523626,0.411777,-0.022604,0.496888,0.377099,-0.017881,0.478235,0.343656,-0.016375,0.614406,0.461121,-0.010743,0.561240,0.473842,0.004905,0.556615,0.529101,0.018664,0.564648,0.560612,0.024546,0.638294,0.463684,0.008799,0.588941,0.486066,0.020329,0.584981,0.529431,0.024141,0.592635,0.556291,0.023212,0.654104,0.478240,0.028044,0.614810,0.492232,0.035596,0.607416,0.524494,0.037549,0.612781,0.555838,0.037768
123,1694850130.361732,1,10.7463,10.7463,5.5148,1.7491,7.8704,1463.4824,16.4586,9387.6569,2.6647,137.5255,313.5683,131.5018,115.7075,128.3550,160.8365,0.011106,0.681594,0.694955,-0.000000,0.618874,0.696286,-0.015265,0.560861,0.629591,-0.011665,0.530173,0.558090,-0.000497,0.527595,0.526227,0.011826,0.580147,0.494078,-0.027084,0.522666,0.413582,-0.023031,0.495894,0.379237,-0.019562,0.477748,0.348647,-0.018071,0.613062,0.461373,-0.010060,0.560621,0.478835,0.001251,0.554907,0.534127,0.012623,0.562458,0.566217,0.018149,0.637675,0.463666,0.007901,0.588369,0.490450,0.015628,0.583481,0.533616,0.018688,0.590583,0.560277,0.018718,0.654023,0.478416,0.025677,0.613673,0.496378,0.031634,0.605402,0.529104,0.034069,0.610486,0.559195,0.035596
124,1694850130.370065,1,2.8643,2.8643,-0.5708,-6.0856,2.6748,441.4579,49.3352,9629.2397,2.6522,133.5818,309.6826,126.6636,111.1638,124.6965,158.0678,0.012906,0.680802,0.698036,-0.000000,0.618644,0.702311,-0.017657,0.559908,0.632135,-0.013806,0.527787,0.558011,-0.001385,0.527947,0.524076,0.012254,0.580441,0.498297,-0.027813,0.521269,0.418236,-0.019925,0.492577,0.383887,-0.013672,0.473588,0.350590,-0.011102,0.613928,0.466415,-0.008811,0.561983,0.482439,0.005509,0.557593,0.536919,0.018457,0.566573,0.568634,0.024550,0.638387,0.470509,0.011073,0.590029,0.494623,0.020755,0.586064,0.538163,0.023393,0.593803,0.565536,0.022465,0.655062,0.485513,0.030633,0.616724,0.502857,0.037053,0.609901,0.535836,0.038285,0.615469,0.567068,0.038490
125,1694850130.378398,1,-10.0495,-10.0495,-4.3816,-3.8108,7.3814,1360.3491,36.8591,9396.7236,2.2044,130.4846,304.1961,121.8143,107.0103,120.5820,153.2448,0.013858,0.677656,0.697138,-0.000000,0.616819,0.701662,-0.013941,0.558727,0.634168,-0.008623,0.526358,0.562543,0.004707,0.526784,0.530354,0.019089,0.577217,0.503320,-0.025702,0.520791,0.422526,-0.019765,0.490929,0.385938,-0.015700,0.469429,0.353515,-0.014408,0.610731,0.469502,-0.008330,0.561790,0.483354,0.007299,0.558551,0.536496,0.021465,0.567462,0.567098,0.027941,0.636233,0.471852,0.009858,0.590027,0.492360,0.020775,0.586631,0.535218,0.024523,0.594770,0.562127,0.024020,0.654272,0.486378,0.027941,0.617263,0.500694,0.035437,0.610229,0.532924,0.037525,0.616452,0.564179,0.038048
126,1694850130.386732,1,5.5406,5.5406,-0.6247,3.7570,7.2283,494.7119,6.3770,8167.4120,2.0562,137.5833,303.4456,124.0366,106.2189,118.0542,150.5545,0.010330,0.680199,0.704022,-0.000000,0.617871,0.707095,-0.015884,0.558211,0.638057,-0.012175,0.525927,0.564557,-0.000622,0.525352,0.531751,0.011921,0.577904,0.504258,-0.026985,0.519828,0.425787,-0.020695,0.492178,0.391782,-0.015909,0.472848,0.359962,-0.014289,0.611199,0.470504,-0.009492,0.557685,0.488362,0.003592,0.553470,0.543829,0.016326,0.561814,0.575011,0.022372,0.636344,0.473704,0.008938,0.586476,0.499173,0.018316,0.582491,0.542345,0.022107,0.590394,0.569404,0.021932,0.653222,0.489448,0.027048,0.613366,0.508143,0.033234,0.605886,0.541633,0.035158,0.611788,0.571688,0.035883
127,1694850130.395065,1,-1.0688,-1.0688,-2.9538,-2.3291,6.9802,1701.2757,34.5852,7540.7208,3.4220,135.7500,298.1454,119.5391,101.4479,113.3106,145.7721,0.011025,0.679361,0.706112,-0.000000,0.616694,0.710253,-0.017062,0.556700,0.641999,-0.012189,0.524703,0.568834,0.001542,0.523183,0.537140,0.016596,0.576804,0.505655,-0.027800,0.516125,0.427863,-0.019220,0.488246,0.395809,-0.012711,0.469564,0.364546,-0.009953,0.610740,0.472970,-0.008229,0.556353,0.488782,0.007748,0.552223,0.543651,0.021611,0.560831,0.574803,0.027933,0.635699,0.476406,0.012256,0.585371,0.501005,0.023592,0.581547,0.544538,0.026444,0.589344,0.571261,0.025260,0.652098,0.490962,0.032453,0.612631,0.507767,0.039651,0.605277,0.541136,0.040617,0.611062,0.572436,0.040362
128,1694850130.403398,1,4.9945,4.9945,0.5325,3.4863,5.7436,773.2833,30.1895,9450.5413,2.4919,131.1906,286.8733,108.6272,89.7669,103.1906,137.5329,0.011141,0.678680,0.707341,-0.000000,0.617238,0.712790,-0.014294,0.557666,0.648673,-0.010525,0.524181,0.577840,0.001317,0.519599,0.537372,0.014270,0.575149,0.514086,-0.028154,0.515389,0.438027,-0.021485,0.484523,0.403419,-0.016721,0.461538,0.371214,-0.014925,0.608040,0.477607,-0.009904,0.557802,0.491253,0.006985,0.553798,0.543795,0.021892,0.561933,0.573893,0.028558,0.633272,0.479231,0.009613,0.586714,0.498959,0.022012,0.581570,0.540033,0.026814,0.587872,0.566514,0.026572,0.650946,0.492908,0.029156,0.614515,0.504448,0.038477,0.606367,0.535732,0.042261,0.611334,0.566809,0.043707
129,1694850130.411732,1,-14.5539,-14.5539,-1.1261,-1.6586,8.0470,1020.8612,13.3949,9257.8287,2.4078,127.0116,278.6940,103.8915,82.6074,93.5609,125.8872,0.011687,0.678448,0.708054,-0.000000,0.617097,0.716586,-0.017350,0.555918,0.652862,-0.014485,0.520907,0.581441,-0.003519,0.522107,0.542501,0.008604,0.574780,0.517664,-0.029494,0.513345,0.445316,-0.023921,0.481083,0.412483,-0.019152,0.457902,0.381036,-0.017538,0.606685,0.481533,-0.011699,0.555402,0.501531,0.000484,0.553111,0.555081,0.013315,0.562697,0.583737,0.019653,0.630860,0.482595,0.007009,0.583402,0.508117,0.014679,0.579616,0.550410,0.018813,0.587247,0.576380,0.019415,0.647704,0.496696,0.025365,0.609325,0.513226,0.030333,0.601873,0.546011,0.032727,0.607838,0.576595,0.034203
130,1694850130.420065,1,12.2742,12.2742,1.6834,2.8095,9.0435,1116.1882,19.0272,8759.2112,2.3452,128.1235,269.9547,99.3483,74.5801,83.5992,115.3575,0.011474,0.680142,0.710905,-0.000000,0.617179,0.721933,-0.019574,0.554821,0.658497,-0.017401,0.519256,0.587364,-0.006577,0.520546,0.549429,0.005592,0.574710,0.519628,-0.030185,0.508937,0.452214,-0.023056,0.475650,0.420566,-0.016922,0.453588,0.387817,-0.014559,0.607407,0.484708,-0.011567,0.554246,0.502674,0.001113,0.551217,0.553663,0.013862,0.562007,0.581519,0.020049,0.631594,0.487031,0.007789,0.583058,0.508855,0.015130,0.578700,0.550729,0.018399,0.586765,0.576673,0.018435,0.648825,0.500999,0.026680,0.610540,0.513166,0.031729,0.603356,0.544181,0.033639,0.609262,0.574019,0.034517
131,1694850130.428398,1,18.1751,18.1751,4.8110,3.1276,11.3165,2281.3916,15.2183,8584.3359,2.8689,134.9313,260.8079,96.8676,69.4994,75.0591,104.4997,0.011007,0.677781,0.711582,-0.000000,0.617066,0.724596,-0.018451,0.553612,0.664836,-0.016630,0.516888,0.593893,-0.006376,0.518458,0.552649,0.005329,0.571855,0.526959,-0.029138,0.507124,0.463013,-0.023857,0.474568,0.431707,-0.019727,0.451809,0.400391,-0.018621,0.603441,0.489343,-0.010859,0.551068,0.504250,0.001546,0.549154,0.555611,0.014449,0.559991,0.582858,0.020763,0.627639,0.487871,0.008053,0.579969,0.506173,0.015964,0.574453,0.546576,0.020368,0.581553,0.571701,0.021097,0.645543,0.499170,0.026527,0.606318,0.509865,0.032488,0.597333,0.541118,0.035508,0.602607,0.570743,0.037129
132,1694850130.436732,1,-14.8938,-14.8938,-4.9721,-9.7831,13.6557,2384.9335,6.5067,8596.9907,3.2552,138.4823,248.6636,91.6175,60.5347,62.2826,91.7757,0.007068,0.680985,0.712772,-0.000000,0.619025,0.728600,-0.022793,0.553427,0.670273,-0.022871,0.515101,0.599539,-0.014510,0.516722,0.559289,-0.004810,0.573342,0.528644,-0.029673,0.505606,0.472508,-0.024224,0.470796,0.445133,-0.018904,0.447423,0.414113,-0.017257,0.603702,0.492446,-0.011775,0.547887,0.516655,-0.004290,0.549057,0.573799,0.006165,0.563924,0.601502,0.012075,0.625495,0.491631,0.006349,0.575064,0.518588,0.008936,0.574203,0.565818,0.012119,0.585881,0.590642,0.013332,0.641338,0.503148,0.023635,0.600329,0.521830,0.025977,0.596682,0.557328,0.028262,0.606698,0.584986,0.030084
133,1694850130.445065,1,-18.4422,-18.4422,-0.9721,4.0000,15.4526,1500.4607,10.6702,8185.2982,2.3497,142.7307,242.7531,89.3978,56.2905,56.3690,86.8251,0.006356,0.681442,0.717548,-0.000000,0.618275,0.732000,-0.021487,0.553472,0.673317,-0.020710,0.514572,0.605684,-0.011845,0.513536,0.565362,-0.001846,0.571568,0.534867,-0.029898,0.502149,0.479861,-0.024966,0.467266,0.452792,-0.020011,0.444160,0.420259,-0.018622,0.601995,0.498230,-0.012408,0.545780,0.527984,-0.005520,0.547755,0.586704,0.005030,0.563131,0.613326,0.010913,0.624492,0.497518,0.005533,0.573573,0.526928,0.008604,0.572311,0.574890,0.012849,0.584378,0.600486,0.014501,0.641047,0.510647,0.022567,0.600846,0.530754,0.024595,0.595707,0.566840,0.026792,0.605277,0.595886,0.028651
134,1694850130.453398,1,8.9486,8.9486,-0.8314,0.1407,14.9376,1717.2585,13.7812,6940.1433,3.0153,142.8225,230.3276,88.3945,51.1744,41.8475,68.8977,0.005829,0.680921,0.713561,-0.000000,0.621032,0.736016,-0.022504,0.553347,0.681784,-0.020904,0.512584,0.614578,-0.010677,0.513425,0.574047,0.001106,0.570791,0.541589,-0.028474,0.502300,0.492592,-0.022403,0.466935,0.467955,-0.016534,0.441671,0.438423,-0.014640,0.598680,0.500617,-0.010574,0.542082,0.528525,-0.003920,0.545406,0.588344,0.006813,0.561458,0.615372,0.013595,0.618632,0.494495,0.007446,0.567741,0.522366,0.009559,0.567376,0.570603,0.013006,0.579696,0.594892,0.014878,0.633161,0.502570,0.024547,0.591791,0.523182,0.025917,0.587915,0.558936,0.027466,0.598635,0.586052,0.029112
135,1694850130.461732,1,18.2501,18.2501,0.0187,0.8501,15.9777,1648.6482,22.7021,7128.6505,2.4893,138.7716,218.4137,84.8168,45.6890,30.5779,57.2077,0.006664,0.682292,0.717041,-0.000000,0.621005,0.739934,-0.027652,0.553447,0.686548,-0.028032,0.511249,0.620648,-0.018598,0.508541,0.584676,-0.007265,0.572320,0.540678,-0.032596,0.497463,0.499958,-0.027253,0.460631,0.478618,-0.021457,0.435688,0.447909,-0.019264,0.598759,0.502607,-0.012003,0.537772,0.532545,-0.007903,0.542732,0.595507,0.001525,0.561551,0.622465,0.008235,0.616346,0.498005,0.008501,0.562355,0.527254,0.007651,0.563494,0.580514,0.009503,0.578384,0.606556,0.011436,0.628601,0.506254,0.027858,0.586088,0.527389,0.026947,0.583308,0.566263,0.026973,0.595617,0.594797,0.028300
136,1694850130.470065,1,-19.6229,-19.6229,-1.1823,-1.2010,15.6679,1301.7054,22.2746,6718.8606,2.9462,144.2863,216.3788,90.1794,50.1924,28.9027,50.1149,0.004942,0.683348,0.722754,-0.000000,0.620155,0.743043,-0.028418,0.550003,0.687901,-0.029744,0.508394,0.618096,-0.021894,0.510667,0.577410,-0.012463,0.572129,0.548397,-0.032199,0.496702,0.509925,-0.028620,0.460314,0.489034,-0.024238,0.436272,0.456721,-0.023311,0.597935,0.510550,-0.012879,0.534574,0.546476,-0.012845,0.541270,0.612425,-0.005471,0.562325,0.639592,0.000551,0.614661,0.504727,0.006152,0.558858,0.541086,0.003031,0.561042,0.595741,0.005579,0.577544,0.621326,0.008320,0.626888,0.512372,0.023649,0.582199,0.537948,0.020766,0.580172,0.579195,0.021037,0.594072,0.607374,0.022866
137,1694850130.478398,1,29.1450,29.1450,11.8968,13.0791,19.6006,3032.7766,10.1568,6551.0820,2.6275,137.6412,205.9352,91.5173,50.7575,24.3071,42.2719,0.003565,0.682074,0.722305,-0.000000,0.620929,0.746863,-0.029560,0.550892,0.694681,-0.031488,0.507415,0.625957,-0.023625,0.507994,0.589968,-0.013770,0.573749,0.552716,-0.034161,0.496176,0.519113,-0.031404,0.458651,0.500426,-0.027358,0.433109,0.471696,-0.026513,0.598431,0.512700,-0.013971,0.532849,0.550343,-0.014495,0.541018,0.614304,-0.006494,0.562426,0.637732,0.000082,0.613593,0.505510,0.005768,0.556272,0.542702,0.001187,0.559744,0.595869,0.003660,0.577305,0.619177,0.006885,0.623954,0.512298,0.024021,0.578983,0.538114,0.019513,0.578289,0.577731,0.019073,0.593172,0.603747,0.020837
138,1694850130.486732,1,19.9854,19.9854,2.7592,-9.1376,16.7567,1566.1296,26.8608,7416.7842,2.7518,140.7677,192.9191,90.4226,49.6493,17.8692,34.9424,0.003693,0.679582,0.721655,-0.000000,0.621014,0.750592,-0.026389,0.550663,0.701641,-0.025441,0.505856,0.635607,-0.014224,0.505110,0.595259,-0.000752,0.570722,0.557602,-0.034240,0.493471,0.524493,-0.028769,0.455240,0.506728,-0.023014,0.427072,0.480619,-0.020971,0.593675,0.514255,-0.013115,0.529302,0.543577,-0.007802,0.534361,0.602871,0.003160,0.552143,0.626458,0.010644,0.608323,0.506179,0.008181,0.551600,0.536591,0.008563,0.551521,0.584590,0.011385,0.565595,0.606718,0.013616,0.617779,0.511362,0.028492,0.573736,0.532365,0.028391,0.569709,0.568298,0.028882,0.581711,0.593898,0.030078
139,1694850130.495065,1,21.1511,21.1511,0.7253,-2.0339,17.1152,1246.2757,29.2899,7780.1045,2.5039,143.7446,191.2742,89.7999,49.1887,16.0854,34.3402,0.003680,0.680502,0.722848,-0.000000,0.620807,0.753696,-0.029579,0.552159,0.705474,-0.029470,0.508329,0.642224,-0.018775,0.502286,0.609650,-0.005806,0.569469,0.557825,-0.035032,0.490170,0.529277,-0.030781,0.451057,0.512237,-0.025324,0.424573,0.483600,-0.023074,0.593396,0.516555,-0.013328,0.529422,0.553852,-0.010870,0.535618,0.615707,-0.001091,0.556020,0.638412,0.006451,0.608480,0.509223,0.008013,0.551906,0.544537,0.004798,0.554049,0.595948,0.006362,0.570526,0.617556,0.008884,0.618765,0.513887,0.028138,0.574433,0.538434,0.024751,0.572420,0.577078,0.023972,0.586452,0.602993,0.025232
140,1694850130.503398,1,-21.0278,-21.0278,-0.3512,-1.0765,21.6695,1171.6065,79.0492,8468.7603,1.2874,141.9367,188.9300,90.6316,50.6514,16.7530,32.4983,0.003105,0.681136,0.726877,-0.000000,0.621200,0.753821,-0.030449,0.552500,0.707357,-0.033456,0.505847,0.644203,-0.026134,0.499575,0.606709,-0.016631,0.571062,0.560976,-0.036890,0.490576,0.531250,-0.033733,0.451836,0.513535,-0.029145,0.424661,0.484036,-0.027650,0.594286,0.519409,-0.015250,0.527727,0.558162,-0.014195,0.536151,0.621123,-0.005088,0.558014,0.642661,0.002015,0.609362,0.512915,0.006209,0.551248,0.550791,0.002777,0.555130,0.603566,0.005425,0.572985,0.624699,0.008631,0.619753,0.519820,0.026353,0.575719,0.545112,0.023694,0.575212,0.584337,0.024026,0.590298,0.609249,0.026013
141,1694850130.511732,1,12.2235,12.2235,-4.2304,-3.8791,17.5038,660.9874,82.1989,8228.7540,1.6044,137.1883,190.3862,94.9692,54.7651,21.0423,30.8251,0.002190,0.679897,0.728613,-0.000000,0.619791,0.756263,-0.026990,0.550893,0.708534,-0.025329,0.506370,0.646800,-0.013156,0.500141,0.613261,0.001205,0.568287,0.562143,-0.033325,0.491834,0.531182,-0.028173,0.453990,0.512524,-0.022278,0.426866,0.484772,-0.019727,0.593277,0.520053,-0.011725,0.529282,0.560800,-0.007062,0.535501,0.624223,0.004079,0.555611,0.648926,0.012201,0.609346,0.513459,0.009745,0.553238,0.554085,0.008861,0.555183,0.606329,0.010921,0.571139,0.629658,0.013305,0.620241,0.520000,0.030242,0.577239,0.550184,0.028720,0.575129,0.589086,0.028200,0.588568,0.615269,0.029291
142,1694850130.520065,1,-21.9625,-21.9625,-10.4870,-6.2566,19.4895,2805.8750,64.7682,8608.3403,1.4415,140.4522,189.8764,91.4205,51.2991,16.7726,30.3507,0.002814,0.679613,0.733174,-0.000000,0.619226,0.757453,-0.028205,0.549742,0.710069,-0.029104,0.504838,0.647820,-0.019893,0.502355,0.610154,-0.008974,0.566429,0.563022,-0.035980,0.490230,0.530600,-0.031651,0.451579,0.511500,-0.026846,0.423508,0.483450,-0.025613,0.592462,0.521978,-0.015227,0.530036,0.561588,-0.011835,0.537582,0.623586,-0.001802,0.557924,0.646854,0.005144,0.610389,0.517204,0.005502,0.555110,0.554767,0.004625,0.558362,0.605131,0.007563,0.575256,0.627285,0.009947,0.623300,0.526227,0.024989,0.580488,0.550978,0.023661,0.579165,0.588173,0.023990,0.593802,0.613084,0.025347
143,1694850130.528398,1,16.1093,16.1093,-1.2604,9.2265,18.8275,94.1566,41.8732,8198.5607,1.6050,142.4946,188.8309,89.6574,49.2860,15.4827,33.1572,0.003311,0.679408,0.728571,-0.000000,0.618196,0.757913,-0.027329,0.548072,0.709701,-0.026939,0.504663,0.645692,-0.016302,0.500664,0.608192,-0.003839,0.567104,0.562272,-0.034810,0.488949,0.528468,-0.029522,0.450356,0.509326,-0.023553,0.423214,0.479327,-0.021357,0.593447,0.520800,-0.013847,0.529804,0.556672,-0.009721,0.536786,0.619896,0.001127,0.557579,0.643189,0.008727,0.611203,0.515496,0.007156,0.554802,0.549553,0.006131,0.558066,0.601607,0.008881,0.575741,0.623215,0.011271,0.623733,0.523111,0.027127,0.580054,0.549729,0.025402,0.579310,0.589190,0.025519,0.594898,0.614017,0.026802
144,1694850130.536732,1,16.9816,16.9816,9.5023,10.7628,18.0041,2779.4974,2.4748,8804.1360,2.3635,146.1181,188.4488,88.7437,48.7587,14.6253,32.7841,0.003276,0.677053,0.727799,-0.000000,0.616153,0.756267,-0.025313,0.547553,0.709350,-0.024818,0.504684,0.644699,-0.014575,0.501476,0.603475,-0.002478,0.563754,0.566114,-0.032216,0.488481,0.527377,-0.027266,0.450347,0.505742,-0.022525,0.422756,0.475611,-0.021272,0.590886,0.522833,-0.012533,0.529835,0.554948,-0.006216,0.537018,0.615324,0.004886,0.557088,0.638274,0.011886,0.609884,0.516110,0.007087,0.555321,0.547062,0.008153,0.558482,0.597219,0.011196,0.575127,0.618773,0.013111,0.624319,0.522614,0.025757,0.581061,0.544003,0.026475,0.579401,0.580644,0.027815,0.593704,0.606090,0.029327
145,1694850130.545065,1,17.7435,17.7435,1.3800,-8.1223,15.2100,297.6048,26.2659,8434.4657,2.1349,144.5772,190.6411,88.2613,48.0082,14.5838,34.0952,0.003591,0.677723,0.734252,-0.000000,0.616607,0.758336,-0.024350,0.547607,0.708408,-0.023604,0.504393,0.643741,-0.013561,0.501965,0.605389,-0.001969,0.563133,0.563995,-0.031865,0.490509,0.524089,-0.027466,0.451799,0.501276,-0.023508,0.423076,0.471898,-0.022977,0.591305,0.521260,-0.013086,0.532717,0.552300,-0.006741,0.537331,0.613227,0.004304,0.554784,0.639035,0.011044,0.612085,0.516197,0.005720,0.559299,0.545297,0.007556,0.560086,0.594893,0.011526,0.574754,0.619268,0.013710,0.627774,0.525443,0.023470,0.585710,0.545487,0.024671,0.582278,0.581691,0.026509,0.594980,0.608245,0.028264
146,1694850130.553398,1,-19.9744,-19.9744,0.4970,-0.8830,18.5914,256.2794,10.2522,7874.6240,1.9204,142.2955,194.8677,87.4136,47.1354,14.7544,35.9343,0.003946,0.678114,0.728808,-0.000000,0.616915,0.756513,-0.024394,0.546899,0.706745,-0.022538,0.504131,0.641537,-0.010512,0.503307,0.599710,0.003529,0.565511,0.562727,-0.033719,0.491671,0.520214,-0.028958,0.452873,0.497435,-0.024560,0.424074,0.468064,-0.023618,0.592998,0.519416,-0.013482,0.530972,0.544950,-0.005199,0.535162,0.605183,0.007517,0.553015,0.629668,0.014894,0.612013,0.513236,0.006824,0.556459,0.537277,0.009664,0.556589,0.586072,0.013907,0.571292,0.608756,0.015914,0.625875,0.520478,0.026214,0.582075,0.537366,0.027829,0.578351,0.572866,0.029477,0.591303,0.599096,0.030723
147,1694850130.561732,1,-23.3151,-23.3151,-9.8561,-10.3531,18.9415,2734.3826,2.4709,8112.7371,2.3369,142.1651,194.6280,87.2979,46.7833,15.8977,36.3317,0.004217,0.679555,0.727583,-0.000000,0.617428,0.753778,-0.024484,0.547888,0.704659,-0.025803,0.502972,0.639350,-0.018527,0.500247,0.596701,-0.009650,0.566807,0.559276,-0.031132,0.491840,0.518333,-0.028012,0.453064,0.494053,-0.023984,0.425186,0.462979,-0.023192,0.593087,0.516885,-0.013227,0.530487,0.549903,-0.010818,0.536190,0.609089,-0.001158,0.555559,0.631694,0.005526,0.611643,0.510069,0.004683,0.555810,0.542497,0.003005,0.557383,0.590893,0.007183,0.573664,0.612400,0.010444,0.624980,0.518030,0.021554,0.581408,0.541091,0.020468,0.579261,0.578173,0.022270,0.593412,0.602224,0.024664
148,1694850130.570065,1,23.0860,23.0860,1.5261,11.3822,20.1820,519.9868,2.6653,8343.9717,2.3240,142.0008,199.0744,85.9061,45.0061,16.0562,39.6519,0.004833,0.677992,0.727023,-0.000000,0.615653,0.750091,-0.023228,0.547234,0.701184,-0.023809,0.503760,0.633850,-0.015643,0.504568,0.590255,-0.005944,0.566059,0.556695,-0.032153,0.493357,0.510954,-0.027866,0.455286,0.485912,-0.023850,0.426578,0.456463,-0.023353,0.593246,0.513705,-0.013741,0.533236,0.541040,-0.008365,0.537643,0.599459,0.002281,0.555319,0.625988,0.008837,0.612966,0.508030,0.005054,0.559840,0.535640,0.006680,0.559866,0.582559,0.011124,0.574363,0.607633,0.013673,0.627235,0.517346,0.022914,0.585807,0.534949,0.024420,0.581816,0.569486,0.026574,0.593954,0.595371,0.028499
149,1694850130.578398,1,18.8224,18.8224,0.2697,-1.2564,20.4505,502.7588,35.3420,8103.7451,2.7394,141.1667,201.5663,84.7250,44.0300,18.0143,44.2954,0.005970,0.678183,0.722295,-0.000000,0.617613,0.747287,-0.024068,0.549130,0.697860,-0.024090,0.505052,0.631618,-0.014974,0.504129,0.588377,-0.004072,0.566658,0.554450,-0.032540,0.492819,0.505801,-0.026931,0.455477,0.480618,-0.021233,0.427593,0.451372,-0.019456,0.593049,0.511510,-0.013031,0.530596,0.537926,-0.007029,0.534822,0.596422,0.004240,0.552280,0.623088,0.011440,0.612113,0.504800,0.006853,0.557030,0.533676,0.009168,0.557354,0.580373,0.013538,0.571589,0.604426,0.016024,0.625569,0.512665,0.025722,0.583422,0.530993,0.027260,0.579098,0.566125,0.028759,0.590603,0.592327,0.030314
150,1694850130.586732,1,19.3506,19.3506,9.8312,9.5615,20.6866,2574.5924,20.8705,7514.4398,2.4975,144.0370,210.1255,83.7468,43.1179,23.1731,49.0076,0.007094,0.678750,0.720702,-0.000000,0.617548,0.742202,-0.023826,0.548156,0.691662,-0.024043,0.503676,0.627898,-0.015602,0.504839,0.587481,-0.005883,0.565512,0.548542,-0.030297,0.494021,0.496144,-0.022729,0.457898,0.470027,-0.016142,0.430777,0.439355,-0.014312,0.592421,0.506922,-0.010933,0.532711,0.534784,-0.003011,0.537192,0.594252,0.007796,0.553846,0.622214,0.013948,0.612291,0.501642,0.008951,0.559654,0.532132,0.013433,0.561157,0.580313,0.017466,0.575050,0.605752,0.018883,0.626647,0.510564,0.027778,0.585474,0.530576,0.031252,0.582477,0.566773,0.033145,0.594086,0.594052,0.034438
151,1694850130.595065,1,9.2319,9.2319,8.1367,-1.6945,17.0024,2646.4127,16.9825,7079.2307,3.4221,144.8688,214.5476,83.6806,43.9839,27.6616,54.9565,0.007159,0.678125,0.713531,-0.000000,0.617065,0.738268,-0.025497,0.548196,0.685431,-0.023216,0.505403,0.619923,-0.010613,0.505380,0.580674,0.003874,0.566907,0.543202,-0.032807,0.495256,0.489227,-0.023780,0.459434,0.462804,-0.015464,0.432490,0.432405,-0.012067,0.593618,0.501238,-0.010939,0.531770,0.526790,-0.000397,0.534575,0.588011,0.012811,0.550671,0.617743,0.020555,0.611639,0.496061,0.011244,0.557336,0.523982,0.017092,0.557383,0.572228,0.020792,0.569349,0.596720,0.021887,0.623756,0.504748,0.032381,0.581683,0.524136,0.036677,0.578050,0.558086,0.037919,0.588490,0.585101,0.038488
152,1694850130.603398,1,-12.9033,-12.9033,-8.9973,-17.1341,13.0396,2443.9800,6.3429,7639.6690,3.2547,141.0131,220.3878,78.4870,40.4443,31.5259,61.3139,0.008983,0.677092,0.714367,-0.000000,0.615612,0.734850,-0.021740,0.547026,0.682126,-0.020788,0.504869,0.615355,-0.011296,0.505886,0.572783,-0.000257,0.564599,0.538245,-0.029923,0.493321,0.481006,-0.022399,0.458020,0.452859,-0.015421,0.431884,0.421262,-0.013035,0.592666,0.497035,-0.011046,0.535228,0.522820,-0.002393,0.538134,0.579160,0.009049,0.553286,0.606120,0.015411,0.613693,0.492795,0.008495,0.562766,0.521418,0.013381,0.562280,0.565603,0.017299,0.573853,0.589296,0.018440,0.628381,0.502479,0.027232,0.588334,0.520345,0.030936,0.583793,0.553635,0.032773,0.593116,0.580410,0.033958
153,1694850130.611732,1,-9.1494,-9.1494,-6.9929,2.0044,13.6793,2502.0979,1.4146,7130.8693,2.4186,133.7585,228.7406,78.3853,41.8870,38.1111,70.0154,0.009792,0.675594,0.710576,-0.000000,0.613714,0.731157,-0.021387,0.545213,0.675822,-0.019571,0.504151,0.606448,-0.009150,0.507747,0.565371,0.002836,0.562903,0.531956,-0.028935,0.494090,0.472422,-0.021349,0.459195,0.443919,-0.014989,0.433097,0.412656,-0.013130,0.592071,0.492301,-0.010011,0.536916,0.517143,0.000151,0.538224,0.572421,0.011768,0.551391,0.598934,0.017846,0.613999,0.489343,0.009482,0.564892,0.517336,0.015515,0.563001,0.560857,0.019265,0.573015,0.584091,0.020018,0.629815,0.499473,0.028138,0.590655,0.516968,0.032392,0.585105,0.549881,0.034180,0.593476,0.577466,0.035208
154,1694850130.620065,1,8.4817,8.4817,-2.7172,4.2757,12.1388,1498.3129,3.8247,6416.6986,2.8238,131.6497,239.5706,74.5181,41.9149,48.9784,84.3815,0.012278,0.676561,0.709838,-0.000000,0.612627,0.727939,-0.021541,0.544351,0.669202,-0.021675,0.503071,0.594732,-0.013847,0.506743,0.549073,-0.004893,0.562355,0.527161,-0.028030,0.494346,0.460141,-0.019492,0.459283,0.428590,-0.012784,0.432401,0.395820,-0.011083,0.592669,0.488169,-0.009081,0.536424,0.512506,0.000509,0.537776,0.570371,0.011259,0.551373,0.601274,0.016720,0.615520,0.487451,0.010769,0.565283,0.514991,0.016679,0.564480,0.561717,0.020633,0.576314,0.590711,0.021412,0.631535,0.499914,0.029847,0.592544,0.517706,0.034805,0.587458,0.553586,0.037221,0.596964,0.583649,0.038526
155,1694850130.628398,1,15.0901,15.0901,1.4646,4.1818,11.0632,1445.6048,39.9652,6561.0989,2.4909,133.2770,244.1599,78.4738,47.0850,53.5131,87.4777,0.011374,0.670826,0.706475,-0.000000,0.609012,0.719968,-0.018220,0.543700,0.661558,-0.016252,0.505001,0.589370,-0.005712,0.507695,0.546090,0.006042,0.561678,0.524279,-0.030471,0.496721,0.456450,-0.023397,0.463269,0.424013,-0.018200,0.437133,0.391845,-0.017021,0.592274,0.483032,-0.011477,0.539017,0.502202,0.002685,0.538522,0.555318,0.016873,0.548918,0.584378,0.023593,0.615854,0.481252,0.008490,0.567475,0.507598,0.018329,0.564110,0.548316,0.023197,0.572073,0.573478,0.023555,0.632370,0.493202,0.028070,0.593708,0.509645,0.034953,0.586495,0.541741,0.037838,0.592848,0.571295,0.038922
156,1694850130.636732,1,14.8378,14.8378,6.9353,5.4707,11.9709,2111.9709,4.7235,7192.3384,2.7842,135.1211,251.3757,78.1761,50.9936,61.9505,96.7093,0.013834,0.670487,0.703002,-0.000000,0.608303,0.717231,-0.018888,0.542759,0.658261,-0.018323,0.503585,0.584015,-0.009889,0.507076,0.539803,-0.000342,0.560083,0.518819,-0.028558,0.495836,0.448698,-0.021969,0.462224,0.414202,-0.016781,0.436976,0.381302,-0.015535,0.591562,0.479409,-0.010533,0.537972,0.497878,0.001287,0.536287,0.549069,0.014001,0.547036,0.578030,0.020283,0.616246,0.479046,0.008247,0.567412,0.503197,0.015590,0.563905,0.543144,0.019786,0.572808,0.569273,0.020386,0.633799,0.491620,0.026545,0.595386,0.506714,0.032123,0.588571,0.538887,0.034710,0.595748,0.568186,0.035950
157,1694850130.645065,1,-16.9800,-16.9800,-1.9577,-8.8929,13.1277,1007.7361,52.8305,7029.5594,3.0382,131.9946,250.1322,80.4284,52.8311,63.7964,98.5654,0.016205,0.667802,0.697309,-0.000000,0.606835,0.712527,-0.020383,0.542528,0.652875,-0.018310,0.504650,0.580490,-0.007152,0.505137,0.539462,0.005281,0.559646,0.512745,-0.031231,0.498444,0.447684,-0.026696,0.464289,0.415718,-0.023138,0.438749,0.384909,-0.022327,0.591278,0.472995,-0.012566,0.538973,0.495098,-0.000271,0.539040,0.549964,0.013485,0.552229,0.577833,0.020632,0.614978,0.472533,0.006401,0.567194,0.496867,0.012959,0.565748,0.539596,0.016833,0.576083,0.563394,0.017523,0.632616,0.485236,0.024854,0.593988,0.502748,0.030068,0.589555,0.534862,0.033102,0.598809,0.562371,0.034785
158,1694850130.653398,1,8.5030,8.5030,0.0053,1.9630,11.8426,804.5003,44.7438,8348.9652,2.0084,135.0316,259.9048,80.3257,57.1760,71.5401,107.3580,0.020582,0.666040,0.696772,-0.000000,0.603215,0.708203,-0.019152,0.540511,0.646663,-0.016173,0.503673,0.574985,-0.004345,0.505854,0.531192,0.008620,0.557896,0.507161,-0.028481,0.495513,0.439017,-0.019783,0.462766,0.406421,-0.013590,0.439235,0.374929,-0.011219,0.590779,0.470267,-0.008291,0.539160,0.490762,0.009099,0.535299,0.540838,0.023802,0.544705,0.570250,0.030567,0.616422,0.473167,0.012640,0.569153,0.499153,0.023985,0.564714,0.539391,0.027129,0.572317,0.566198,0.026329,0.635271,0.488341,0.033225,0.597928,0.506112,0.041193,0.590542,0.537161,0.043354,0.596629,0.568969,0.043898
159,1694850130.661732,1,-7.6554,-7.6554,-5.6864,-5.6917,12.8766,1557.4722,24.7144,9240.7579,2.4971,135.8125,264.5045,81.6078,60.1197,75.5605,112.5027,0.019196,0.668866,0.699479,-0.000000,0.604205,0.707623,-0.016955,0.539988,0.644426,-0.014570,0.504550,0.569899,-0.004367,0.507570,0.529548,0.007027,0.556337,0.501899,-0.028494,0.492127,0.431233,-0.021907,0.462137,0.402236,-0.016059,0.442188,0.371760,-0.013604,0.588857,0.464762,-0.010661,0.535146,0.492125,0.001528,0.533160,0.545828,0.013747,0.544311,0.574858,0.019491,0.614646,0.467016,0.008298,0.564943,0.500437,0.015716,0.562125,0.543996,0.018698,0.571514,0.571927,0.018499,0.632871,0.482469,0.027033,0.593429,0.506161,0.032732,0.586995,0.539820,0.034775,0.594227,0.570618,0.035852
160,1694850130.670065,1,10.0624,10.0624,-1.1938,4.4926,12.0438,776.0810,33.2792,9713.0299,2.8309,137.0787,269.5734,82.4408,64.2923,82.0170,120.0722,0.023452,0.665858,0.691394,-0.000000,0.601711,0.702060,-0.018746,0.538183,0.640190,-0.017572,0.502539,0.564855,-0.008493,0.502391,0.518678,0.001743,0.556127,0.502923,-0.028977,0.496020,0.431265,-0.023167,0.465248,0.398184,-0.018381,0.442506,0.366459,-0.016849,0.588668,0.463883,-0.011096,0.536832,0.484816,0.001531,0.533315,0.533911,0.014364,0.542324,0.561005,0.020412,0.614289,0.464450,0.007401,0.566402,0.494268,0.015086,0.562335,0.534114,0.019288,0.569536,0.558673,0.019719,0.632895,0.478052,0.025418,0.594329,0.498895,0.031385,0.587275,0.530915,0.034631,0.593163,0.560369,0.036325
161,1694850130.678398,1,-12.3316,-12.3316,1.1621,2.3559,10.9984,1016.2760,8.1520,8726.3337,1.6717,130.6034,267.3269,77.5272,64.7269,87.0499,126.8598,0.030456,0.663507,0.686458,-0.000000,0.600663,0.698708,-0.017954,0.536678,0.636378,-0.015340,0.499749,0.559852,-0.004154,0.501632,0.515481,0.008041,0.554892,0.497217,-0.028985,0.494004,0.427263,-0.022198,0.461692,0.393168,-0.017734,0.436689,0.360753,-0.016662,0.587860,0.457410,-0.010178,0.535798,0.476191,0.005442,0.533974,0.526396,0.020119,0.544016,0.554617,0.027006,0.613786,0.459424,0.009363,0.566347,0.486523,0.019435,0.563848,0.527172,0.023583,0.572504,0.551912,0.023491,0.632791,0.474683,0.028614,0.594978,0.494304,0.036195,0.589329,0.527273,0.039531,0.596821,0.557008,0.040804
162,1694850130.686732,1,4.4629,4.4629,-1.0100,-2.1721,8.9699,787.6992,72.9378,6306.6977,2.1799,124.9136,272.6740,78.7397,69.5300,94.1642,135.5160,0.035921,0.663058,0.684685,-0.000000,0.599172,0.694751,-0.019255,0.534380,0.629537,-0.016936,0.497391,0.551738,-0.006422,0.499016,0.507451,0.005381,0.553280,0.491036,-0.025199,0.492103,0.420233,-0.015720,0.461833,0.388923,-0.008716,0.439835,0.358096,-0.005945,0.586104,0.453169,-0.005308,0.531010,0.471843,0.011056,0.525209,0.519141,0.025164,0.532377,0.544779,0.031788,0.611686,0.455220,0.015146,0.561057,0.484111,0.025684,0.554793,0.522799,0.029395,0.560461,0.546621,0.029203,0.630145,0.469348,0.035119,0.589872,0.489272,0.042470,0.580417,0.521433,0.044783,0.584412,0.551758,0.045594
163,1694850130.695065,1,2.6037,2.6037,2.5648,3.5748,8.2096,812.2277,46.1167,6362.6261,2.2675,123.4722,274.6711,79.7980,72.0854,97.7395,139.2304,0.040525,0.661709,0.678516,-0.000000,0.597545,0.692006,-0.020104,0.532932,0.627450,-0.018087,0.496912,0.547443,-0.007503,0.497917,0.499913,0.004476,0.551806,0.487251,-0.027143,0.490196,0.415099,-0.018874,0.460806,0.383979,-0.012738,0.439763,0.353781,-0.010211,0.584381,0.449039,-0.006828,0.529471,0.466160,0.008960,0.523848,0.513793,0.022773,0.531564,0.540109,0.029262,0.609823,0.451823,0.013962,0.560000,0.480676,0.024095,0.554948,0.521651,0.027182,0.562116,0.546420,0.026642,0.628034,0.466988,0.034263,0.588974,0.488474,0.041575,0.580722,0.522023,0.043603,0.585976,0.552651,0.044182
164,1694850130.703398,1,1.0766,1.0766,-2.2464,-4.8112,7.4064,545.8389,25.4220,7027.7291,2.1465,118.2894,276.1210,74.4652,70.8599,98.9803,141.9609,0.046519,0.660143,0.677737,-0.000000,0.596407,0.687639,-0.016960,0.531716,0.624125,-0.014129,0.494505,0.546525,-0.003451,0.496065,0.500207,0.008432,0.549578,0.482778,-0.024830,0.489209,0.413216,-0.015579,0.458583,0.382808,-0.009051,0.435259,0.353131,-0.006711,0.582395,0.443986,-0.006636,0.530029,0.460372,0.009821,0.524652,0.503772,0.023610,0.531358,0.528608,0.029775,0.608814,0.446172,0.012358,0.560582,0.473595,0.023269,0.554898,0.509967,0.027136,0.560555,0.533619,0.026795,0.627958,0.460852,0.031002,0.589398,0.479897,0.038535,0.581220,0.510038,0.041331,0.586069,0.538916,0.042355
165,1694850130.711732,1,1.3408,1.3408,3.4181,5.6646,6.0017,670.3671,30.6750,6952.0660,2.0722,116.9522,279.1667,75.2769,71.4373,98.6886,141.6388,0.048589,0.658108,0.674470,-0.000000,0.594285,0.683283,-0.019364,0.529797,0.618969,-0.016983,0.494078,0.544017,-0.007091,0.493700,0.499424,0.004025,0.548598,0.476789,-0.023706,0.486816,0.408505,-0.015169,0.457559,0.379539,-0.008582,0.437441,0.352056,-0.005721,0.581589,0.441064,-0.005952,0.529557,0.462746,0.006248,0.523522,0.509556,0.017064,0.531155,0.536689,0.022536,0.608224,0.444551,0.012215,0.559927,0.475149,0.018989,0.553586,0.515041,0.021045,0.558992,0.538389,0.020869,0.627956,0.459953,0.029858,0.588543,0.483179,0.034789,0.578936,0.515865,0.036826,0.583054,0.545598,0.038227
166,1694850130.720065,1,6.9958,6.9958,0.6332,-2.7849,2.2035,662.3295,53.6889,9897.9534,2.6315,122.5409,281.2849,76.8408,75.5095,104.3354,147.6894,0.054118,0.658384,0.675357,-0.000000,0.593633,0.681214,-0.019303,0.530255,0.616660,-0.018273,0.493826,0.543947,-0.009966,0.488666,0.504718,-0.000657,0.548306,0.477472,-0.027305,0.486621,0.404534,-0.020575,0.457345,0.374183,-0.015068,0.436019,0.345990,-0.012873,0.580294,0.439112,-0.009878,0.526263,0.463346,0.001187,0.516532,0.511599,0.010824,0.519430,0.541462,0.015072,0.606121,0.439968,0.008336,0.556204,0.474008,0.015204,0.548649,0.515377,0.017640,0.551828,0.542881,0.017387,0.624846,0.455575,0.025936,0.585238,0.479563,0.030830,0.574215,0.512497,0.033103,0.575720,0.545519,0.034820
167,1694850130.728398,1,-7.0258,-7.0258,-2.4074,-3.0406,4.5400,1193.7531,40.3358,10258.0395,2.5677,133.1119,294.8474,83.8039,86.3926,115.5516,158.5912,0.061921,0.657602,0.671128,-0.000000,0.590340,0.677037,-0.014874,0.526301,0.611667,-0.012126,0.491544,0.535369,-0.002245,0.493371,0.496526,0.008569,0.545498,0.471368,-0.021583,0.483658,0.398124,-0.008646,0.456398,0.364799,-0.000049,0.436977,0.329332,0.003447,0.577902,0.434173,-0.003411,0.523297,0.451539,0.016259,0.513108,0.494658,0.029713,0.516782,0.520335,0.035158,0.604631,0.437690,0.016155,0.553846,0.465073,0.030794,0.544908,0.502932,0.033537,0.549015,0.529329,0.031832,0.623515,0.453648,0.035544,0.584535,0.469955,0.046492,0.572963,0.497860,0.049007,0.574596,0.528355,0.049415
168,1694850130.736732,1,5.6873,5.6873,1.1527,3.5601,4.9105,1114.7910,29.8265,10617.5982,2.0600,124.2276,295.7954,83.9540,89.9262,120.5283,164.2537,0.068665,0.654929,0.666753,-0.000000,0.588312,0.670494,-0.013717,0.525576,0.605602,-0.010441,0.491529,0.534254,-0.000471,0.492606,0.500131,0.010121,0.545223,0.468009,-0.021508,0.482676,0.395836,-0.010073,0.454204,0.359931,-0.002579,0.434302,0.322220,0.000180,0.577195,0.431984,-0.005139,0.524290,0.453736,0.011906,0.514030,0.497239,0.023651,0.517622,0.523343,0.028246,0.603770,0.435911,0.012761,0.554512,0.464525,0.025813,0.545992,0.501826,0.028515,0.550279,0.528527,0.026969,0.623316,0.453069,0.030365,0.585280,0.471306,0.040021,0.574213,0.499474,0.042606,0.576052,0.531363,0.043340
169,1694850130.745065,1,-7.0010,-7.0010,-2.0855,-3.2381,6.0243,1411.3427,3.8258,8575.6302,2.2987,124.8889,298.5367,91.3620,98.2676,128.3017,170.6389,0.069109,0.652126,0.664356,-0.000000,0.586077,0.667609,-0.014704,0.524287,0.602418,-0.011752,0.489948,0.532072,-0.001869,0.484901,0.501655,0.008593,0.545028,0.463282,-0.022536,0.485018,0.390433,-0.011176,0.457572,0.353924,-0.003618,0.437910,0.315826,-0.000719,0.577884,0.427352,-0.005387,0.526773,0.446812,0.012461,0.515999,0.489197,0.025383,0.519728,0.514265,0.030741,0.605189,0.432461,0.013103,0.557488,0.458887,0.026197,0.547243,0.495349,0.029253,0.550537,0.520315,0.027973,0.625677,0.449754,0.031322,0.588528,0.467384,0.040638,0.576317,0.497108,0.043260,0.577601,0.528633,0.044020
170,1694850130.753398,1,,,0.0000,0.0000,0.0000,0.0000,,,,,,,,,,,0.000000,0.000000,0.000000,0.000000,0.000000,0.000000,0.000000,0.000000,0.000000,0.000000,0.000000,0.000000,0.000000,0.000000,0.000000,0.000000,0.000000,0.000000,0.000000,0.000000,0.000000,0.000000,0.000000,0.000000,0.000000,0.000000,0.000000,0.000000,0.000000,0.000000,0.000000,0.000000,0.000000,0.000000,0.000000,0.000000,0.000000,0.000000,0.000000,0.000000,0.000000,0.000000,0.000000,0.000000,0.000000,0.000000,0.000000,0.000000,0.000000,0.000000,0.000000,0.000000,0.000000,0.000000,0.000000,0.000000,0.000000,0.000000,0.000000,0.000000,0.000000,0.000000,0.000000
171,1694850130.761732,1,,,0.0000,0.0000,0.0000,0.0000,,,,,,,,,,,0.000000,0.000000,0.000000,0.000000,0.000000,0.000000,0.000000,0.000000,0.000000,0.000000,0.000000,0.000000,0.000000,0.000000,0.000000,0.000000,0.000000,0.000000,0.000000,0.000000,0.000000,0.000000,0.000000,0.000000,0.000000,0.000000,0.000000,0.000000,0.000000,0.000000,0.000000,0.000000,0.000000,0.000000,0.000000,0.000000,0.000000,0.000000,0.000000,0.000000,0.000000,0.000000,0.000000,0.000000,0.000000,0.000000,0.000000,0.000000,0.000000,0.000000,0.000000,0.000000,0.000000,0.000000,0.000000,0.000000,0.000000,0.000000,0.000000,0.000000,0.000000,0.000000,0.000000
172,1694850130.770065,1,,,0.0000,0.0000,0.0000,0.0000,,,,,,,,,,,0.000000,0.000000,0.000000,0.000000,0.000000,0.000000,0.000000,0.000000,0.000000,0.000000,0.000000,0.000000,0.000000,0.000000,0.000000,0.000000,0.000000,0.000000,0.000000,0.000000,0.000000,0.000000,0.000000,0.000000,0.000000,0.000000,0.000000,0.000000,0.000000,0.000000,0.000000,0.000000,0.000000,0.000000,0.000000,0.000000,0.000000,0.000000,0.000000,0.000000,0.000000,0.000000,0.000000,0.000000,0.000000,0.000000,0.000000,0.000000,0.000000,0.000000,0.000000,0.000000,0.000000,0.000000,0.000000,0.000000,0.000000,0.000000,0.000000,0.000000,0.000000,0.000000,0.000000
173,1694850130.778398,1,,,0.0000,0.0000,0.0000,0.0000,,,,,,,,,,,0.000000,0.000000,0.000000,0.000000,0.000000,0.000000,0.000000,0.000000,0.000000,0.000000,0.000000,0.000000,0.000000,0.000000,0.000000,0.000000,0.000000,0.000000,0.000000,0.000000,0.000000,0.000000,0.000000,0.000000,0.000000,0.000000,0.000000,0.000000,0.000000,0.000000,0.000000,0.000000,0.000000,0.000000,0.000000,0.000000,0.000000,0.000000,0.000000,0.000000,0.000000,0.000000,0.000000,0.000000,0.000000,0.000000,0.000000,0.000000,0.000000,0.000000,0.000000,0.000000,0.000000,0.000000,0.000000,0.000000,0.000000,0.000000,0.000000,0.000000,0.000000,0.000000,0.000000
174,1694850130.786732,1,,,0.0000,0.0000,0.0000,0.0000,,,,,,,,,,,0.000000,0.000000,0.000000,0.000000,0.000000,0.000000,0.000000,0.000000,0.000000,0.000000,0.000000,0.000000,0.000000,0.000000,0.000000,0.000000,0.000000,0.000000,0.000000,0.000000,0.000000,0.000000,0.000000,0.000000,0.000000,0.000000,0.000000,0.000000,0.000000,0.000000,0.000000,0.000000,0.000000,0.000000,0.000000,0.000000,0.000000,0.000000,0.000000,0.000000,0.000000,0.000000,0.000000,0.000000,0.000000,0.000000,0.000000,0.000000,0.000000,0.000000,0.000000,0.000000,0.000000,0.000000,0.000000,0.000000,0.000000,0.000000,0.000000,0.000000,0.000000,0.000000,0.000000
175,1694850130.795065,1,5.8581,5.8581,-0.2844,0.0000,6.4793,329.9971,,9690.6731,1.5327,126.5478,292.3193,89.2394,94.9037,125.2197,168.0258,0.071649,0.648376,0.666606,-0.000000,0.581724,0.670277,-0.014244,0.518449,0.603726,-0.011178,0.484812,0.528906,-0.001446,0.484841,0.490193,0.008838,0.537726,0.464212,-0.022765,0.480257,0.391848,-0.015546,0.451939,0.353591,-0.011224,0.430923,0.317657,-0.010159,0.571892,0.424832,-0.007310,0.522472,0.446957,0.008039,0.514365,0.491847,0.020177,0.519100,0.517732,0.025293,0.600120,0.427327,0.009062,0.553526,0.460253,0.019760,0.546519,0.496510,0.023555,0.551165,0.519404,0.023202,0.621193,0.443720,0.025104,0.583605,0.464845,0.033328,0.575086,0.494419,0.037451,0.579549,0.523945,0.039545
176,1694850130.803398,1,,,0.0000,0.0000,0.0000,0.0000,,,,,,,,,,,0.000000,0.000000,0.000000,0.000000,0.000000,0.000000,0.000000,0.000000,0.000000,0.000000,0.000000,0.000000,0.000000,0.000000,0.000000,0.000000,0.000000,0.000000,0.000000,0.000000,0.000000,0.000000,0.000000,0.000000,0.000000,0.000000,0.000000,0.000000,0.000000,0.000000,0.000000,0.000000,0.000000,0.000000,0.000000,0.000000,0.000000,0.000000,0.000000,0.000000,0.000000,0.000000,0.000000,0.000000,0.000000,0.000000,0.000000,0.000000,0.000000,0.000000,0.000000,0.000000,0.000000,0.000000,0.000000,0.000000,0.000000,0.000000,0.000000,0.000000,0.000000,0.000000,0.000000
177,1694850130.811732,1,,,0.0000,0.0000,0.0000,0.0000,,,,,,,,,,,0.000000,0.000000,0.000000,0.000000,0.000000,0.000000,0.000000,0.000000,0.000000,0.000000,0.000000,0.000000,0.000000,0.000000,0.000000,0.000000,0.000000,0.000000,0.000000,0.000000,0.000000,0.000000,0.000000,0.000000,0.000000,0.000000,0.000000,0.000000,0.000000,0.000000,0.000000,0.000000,0.000000,0.000000,0.000000,0.000000,0.000000,0.000000,0.000000,0.000000,0.000000,0.000000,0.000000,0.000000,0.000000,0.000000,0.000000,0.000000,0.000000,0.000000,0.000000,0.000000,0.000000,0.000000,0.000000,0.000000,0.000000,0.000000,0.000000,0.000000,0.000000,0.000000,0.000000
178,1694850130.820065,1,0.8924,0.8924,1.9796,0.0000,5.7503,111.4827,,10519.3913,1.9338,129.4051,285.5508,82.3825,85.6669,115.4256,158.2900,0.062509,0.647867,0.668492,-0.000000,0.581639,0.674542,-0.015260,0.518655,0.608775,-0.012287,0.485490,0.534174,-0.002468,0.478654,0.494869,0.008225,0.536367,0.469480,-0.024173,0.477396,0.395314,-0.017284,0.448833,0.359774,-0.012215,0.427531,0.326359,-0.010349,0.570155,0.430068,-0.008228,0.518965,0.453999,0.004676,0.509901,0.502535,0.016099,0.513674,0.530389,0.021284,0.597581,0.432365,0.008608,0.549598,0.466515,0.016783,0.542617,0.506965,0.019788,0.547081,0.532135,0.019526,0.617724,0.448659,0.025186,0.578905,0.472186,0.031133,0.568887,0.504828,0.034032,0.571673,0.536314,0.035804
179,1694850130.828398,1,-6.0913,-6.0913,-2.9447,-4.9242,5.5406,490.0078,61.6279,10195.5091,2.5270,129.6281,281.8796,80.8815,79.7368,107.3684,149.4442,0.056469,0.647978,0.670476,-0.000000,0.581771,0.675511,-0.013350,0.518263,0.610926,-0.010379,0.484879,0.536071,-0.000948,0.485559,0.494761,0.009102,0.534577,0.469634,-0.021743,0.476386,0.397826,-0.011406,0.448470,0.364731,-0.004584,0.428491,0.331187,-0.002309,0.568006,0.430315,-0.006294,0.520024,0.457515,0.009603,0.515574,0.508727,0.021158,0.523917,0.539256,0.025757,0.596196,0.432353,0.010633,0.550979,0.465780,0.021708,0.546865,0.507772,0.024257,0.554432,0.536428,0.022863,0.617201,0.448192,0.027468,0.580938,0.470107,0.035941,0.573637,0.502423,0.038942,0.579050,0.534898,0.040215
180,1694850130.836732,1,-2.2789,-2.2789,1.1805,4.1252,4.7236,450.9729,4.2626,7422.3372,2.0449,120.2091,274.3381,76.6654,70.4987,96.4953,139.2165,0.045511,0.645055,0.668710,-0.000000,0.581715,0.678607,-0.016053,0.519842,0.614628,-0.013498,0.484946,0.539043,-0.003671,0.478625,0.497163,0.007122,0.535578,0.472935,-0.023298,0.477383,0.405063,-0.014156,0.449032,0.374938,-0.007508,0.429127,0.346853,-0.004506,0.569175,0.435714,-0.006257,0.520512,0.453048,0.010721,0.514543,0.498317,0.024211,0.521288,0.524935,0.030331,0.596591,0.438638,0.011619,0.550912,0.462735,0.022639,0.544985,0.501886,0.026445,0.549906,0.525798,0.026183,0.617413,0.454123,0.029238,0.580343,0.471060,0.037607,0.571286,0.502932,0.041491,0.575122,0.533981,0.043367
181,1694850130.845065,1,-0.7861,-0.7861,-1.6611,-2.8416,3.9210,748.4776,5.3868,6368.0584,2.0256,124.0710,274.8758,75.2005,68.4441,93.3960,135.3257,0.037902,0.646287,0.673206,-0.000000,0.580809,0.682708,-0.015200,0.518572,0.618766,-0.012229,0.484889,0.541690,-0.002604,0.477703,0.500325,0.007886,0.533697,0.477339,-0.021793,0.474998,0.405844,-0.013567,0.447812,0.374498,-0.007255,0.428989,0.345573,-0.004261,0.567298,0.438710,-0.005755,0.517475,0.459949,0.008160,0.511566,0.507713,0.020031,0.518559,0.536266,0.025923,0.595116,0.440583,0.011109,0.548512,0.472720,0.019396,0.543617,0.513786,0.022276,0.549708,0.540516,0.022348,0.616397,0.455591,0.027808,0.578544,0.478712,0.034397,0.569908,0.512190,0.037738,0.574055,0.544685,0.039938
182,1694850130.853398,1,-0.5391,-0.5391,-0.3579,1.3032,2.3876,853.0853,37.1717,7598.0163,2.3599,131.8310,276.1515,79.4117,72.8309,97.6105,139.2532,0.039193,0.648973,0.682107,-0.000000,0.584105,0.689359,-0.015406,0.519042,0.624815,-0.012588,0.482078,0.549403,-0.002843,0.479250,0.504873,0.007750,0.533493,0.483641,-0.023044,0.473438,0.411910,-0.015204,0.446313,0.375780,-0.010059,0.427239,0.338852,-0.008552,0.566674,0.443321,-0.006275,0.513836,0.466532,0.007700,0.510267,0.516257,0.019580,0.519434,0.543797,0.025044,0.594603,0.444607,0.011452,0.546251,0.478552,0.020778,0.542792,0.520148,0.023872,0.551239,0.545549,0.023522,0.615331,0.460231,0.028957,0.576198,0.482405,0.036086,0.568224,0.516845,0.039015,0.574387,0.548687,0.040568
183,1694850130.861732,1,2.3418,2.3418,2.1083,2.4662,2.7523,708.0326,19.5583,7414.8655,2.1417,129.8858,271.9350,77.1010,66.5885,89.4112,129.6603,0.035406,0.651612,0.686972,-0.000000,0.585978,0.696163,-0.014065,0.521359,0.633901,-0.011138,0.485452,0.560955,-0.001891,0.479369,0.522758,0.008179,0.532710,0.488218,-0.021003,0.472603,0.415908,-0.013364,0.445799,0.380693,-0.008159,0.426698,0.346937,-0.006081,0.564657,0.448752,-0.004813,0.514140,0.470531,0.008206,0.508578,0.520197,0.018727,0.515244,0.551227,0.023804,0.592388,0.449914,0.012593,0.546595,0.482463,0.021435,0.542007,0.523988,0.023497,0.548689,0.552957,0.022964,0.613095,0.465136,0.029911,0.576682,0.487728,0.037003,0.568585,0.521319,0.039544,0.573335,0.554055,0.041320
184,1694850130.870065,1,-10.5925,-10.5925,-2.0784,-4.1867,4.3745,452.3698,39.7134,6232.4448,1.7884,126.1312,263.9291,68.5309,58.6885,83.0499,123.4180,0.034646,0.648539,0.684825,-0.000000,0.584556,0.697195,-0.017683,0.520816,0.634722,-0.014215,0.485232,0.558667,-0.002484,0.481580,0.516399,0.010277,0.533786,0.489569,-0.025764,0.473244,0.419634,-0.018482,0.443671,0.385705,-0.013781,0.421325,0.352985,-0.012075,0.567450,0.450574,-0.006371,0.515974,0.470532,0.010161,0.511135,0.521781,0.024326,0.518833,0.552442,0.031233,0.594867,0.453981,0.013670,0.548068,0.484310,0.024282,0.543836,0.526526,0.027302,0.550633,0.552412,0.026926,0.615116,0.470425,0.033502,0.578250,0.492025,0.041046,0.570978,0.525959,0.043753,0.576913,0.557871,0.045107
185,1694850130.878398,1,-1.4711,-1.4711,-0.1712,1.9072,4.3898,670.1954,53.0791,6389.3683,2.5664,131.3997,258.1828,66.2904,52.0533,74.5158,114.7110,0.031699,0.647822,0.687242,-0.000000,0.583745,0.699711,-0.012651,0.522164,0.638185,-0.006748,0.485921,0.568636,0.006676,0.480642,0.530751,0.020738,0.531445,0.494526,-0.020470,0.473000,0.425888,-0.010008,0.442984,0.392667,-0.003906,0.420195,0.360887,-0.001722,0.566265,0.456010,-0.002912,0.518681,0.478153,0.017526,0.515887,0.527391,0.032055,0.524251,0.555507,0.038124,0.595323,0.458971,0.015882,0.551064,0.487657,0.031383,0.547832,0.528670,0.034933,0.555168,0.553464,0.033364,0.616482,0.475614,0.034648,0.582043,0.495120,0.045795,0.576478,0.528263,0.049055,0.584227,0.558538,0.049882
186,1694850130.886732,1,1.8052,1.8052,0.5861,0.7573,4.6712,846.1767,21.1610,7519.9247,2.9501,135.7392,255.8911,67.0304,49.2581,68.8389,106.9566,0.027517,0.650792,0.689535,-0.000000,0.586987,0.703775,-0.015418,0.523295,0.643643,-0.010086,0.485698,0.575354,0.003171,0.482884,0.538600,0.017147,0.532206,0.496959,-0.021642,0.472344,0.430429,-0.010498,0.441473,0.397759,-0.003113,0.419131,0.365070,-0.000173,0.566486,0.459198,-0.003506,0.517783,0.483879,0.015188,0.516542,0.535776,0.028924,0.527664,0.564383,0.035073,0.595061,0.462274,0.015685,0.550562,0.491395,0.028875,0.549100,0.533927,0.031315,0.558585,0.558802,0.029625,0.616451,0.478339,0.034689,0.580947,0.498550,0.043863,0.576995,0.531200,0.046069,0.586341,0.560633,0.046558
187,1694850130.895065,1,-2.7985,-2.7985,-1.2851,-1.8712,4.6471,1082.2375,2.2469,7670.7429,2.3724,137.7523,248.4128,69.8565,45.8827,62.1871,99.7560,0.022387,0.651620,0.694399,-0.000000,0.589043,0.708655,-0.014226,0.525537,0.650159,-0.009565,0.487657,0.580546,0.002453,0.481591,0.538877,0.015288,0.533464,0.505804,-0.020490,0.473494,0.437063,-0.010130,0.443080,0.405629,-0.003624,0.420006,0.375941,-0.001343,0.566170,0.465909,-0.003097,0.518869,0.489912,0.014350,0.517737,0.538979,0.026833,0.527159,0.566253,0.032173,0.594508,0.465910,0.015449,0.550375,0.494393,0.028925,0.548359,0.535171,0.032104,0.556267,0.560039,0.030810,0.615232,0.480049,0.033748,0.580130,0.499280,0.043184,0.574444,0.531240,0.045738,0.582155,0.559872,0.046552
188,1694850130.903398,1,1.1240,1.1240,2.9291,4.2142,4.4326,1198.0864,6.4197,7520.9660,2.2251,133.9931,241.1127,68.3296,40.2547,53.3531,90.3156,0.018297,0.652389,0.696995,-0.000000,0.589336,0.711250,-0.016027,0.524079,0.651436,-0.012076,0.486156,0.581815,-0.000478,0.483908,0.541346,0.011835,0.536959,0.510817,-0.022478,0.475685,0.445230,-0.011855,0.443556,0.414781,-0.004908,0.419444,0.384830,-0.002658,0.569921,0.471641,-0.004846,0.520584,0.496483,0.012002,0.519300,0.549594,0.024884,0.530008,0.580154,0.030461,0.597003,0.472719,0.013840,0.551679,0.500620,0.026099,0.548919,0.543575,0.029305,0.557375,0.570925,0.028034,0.617263,0.487621,0.032211,0.581075,0.507726,0.041071,0.575622,0.541308,0.043860,0.583657,0.572004,0.044627
189,1694850130.911732,1,18.2326,18.2326,4.9259,1.9968,7.6141,856.3801,74.8898,7179.3781,2.4542,139.2948,239.0027,62.5042,37.6275,56.2708,94.6184,0.019802,0.656039,0.697160,-0.000000,0.593291,0.715526,-0.016483,0.528447,0.659643,-0.014536,0.488883,0.592456,-0.005048,0.484052,0.555010,0.005125,0.537003,0.516993,-0.028160,0.473324,0.451183,-0.024165,0.438660,0.414993,-0.021377,0.413399,0.379503,-0.021415,0.569125,0.474364,-0.012117,0.519109,0.503524,-0.002008,0.520993,0.558061,0.009516,0.534818,0.586567,0.015192,0.595102,0.473342,0.004895,0.549651,0.503743,0.010983,0.549446,0.546413,0.015381,0.561004,0.573007,0.016305,0.614390,0.487905,0.021515,0.578026,0.508346,0.025739,0.574743,0.541335,0.028993,0.584750,0.569953,0.031232
190,1694850130.920065,1,-5.6532,-5.6532,-1.8646,-6.7905,8.2998,1187.6279,53.3036,7522.4066,3.0548,138.7693,233.6178,64.8988,34.5198,47.3205,85.0926,0.016858,0.659651,0.704119,-0.000000,0.594467,0.719856,-0.017358,0.528000,0.661741,-0.013835,0.489080,0.596096,-0.002016,0.487411,0.560966,0.010977,0.539886,0.518521,-0.027360,0.470503,0.454875,-0.019769,0.436216,0.423161,-0.013107,0.413443,0.388413,-0.010235,0.571666,0.480468,-0.008607,0.518902,0.507047,0.003483,0.520753,0.563844,0.016566,0.535445,0.593138,0.023507,0.596406,0.481218,0.011257,0.549505,0.508062,0.018584,0.548494,0.553675,0.021817,0.560022,0.582309,0.022052,0.614312,0.494728,0.030931,0.578279,0.514982,0.036269,0.574241,0.549708,0.038058,0.583617,0.581077,0.039124
191,1694850130.928398,1,13.0531,13.0531,3.9629,5.8275,9.2635,912.5041,35.2498,7165.2614,2.5865,142.2685,225.0716,62.9649,30.4244,40.6760,77.0638,0.016196,0.658392,0.702417,-0.000000,0.595331,0.722705,-0.018522,0.530925,0.667741,-0.015789,0.490728,0.605918,-0.005024,0.486351,0.571804,0.006794,0.539927,0.523785,-0.027286,0.472076,0.464259,-0.022432,0.435842,0.430836,-0.017947,0.411208,0.396510,-0.016323,0.571321,0.484038,-0.009964,0.520171,0.515727,-0.001019,0.522340,0.571818,0.010551,0.537389,0.600333,0.017215,0.596161,0.482668,0.007946,0.549735,0.514435,0.012176,0.549936,0.560084,0.015609,0.562191,0.586242,0.016943,0.614600,0.495576,0.025403,0.577927,0.519270,0.028581,0.574793,0.554157,0.030826,0.585037,0.582861,0.032920
192,1694850130.936732,1,-20.9452,-20.9452,-5.5173,-9.4802,13.9139,864.0174,40.7268,6803.3554,3.1609,144.1929,222.2775,68.4559,33.3323,34.9486,69.6089,0.013603,0.657963,0.699766,-0.000000,0.597320,0.726215,-0.019285,0.531007,0.674285,-0.014941,0.490778,0.610088,-0.001155,0.487361,0.574439,0.014104,0.539977,0.529142,-0.030649,0.472768,0.472584,-0.027111,0.436950,0.438536,-0.023995,0.412075,0.403045,-0.022903,0.570896,0.486589,-0.011817,0.519237,0.513198,-0.000662,0.522279,0.571118,0.013398,0.538232,0.597360,0.021696,0.594631,0.483110,0.007313,0.548179,0.511590,0.012079,0.546974,0.558088,0.015524,0.558925,0.580884,0.017068,0.612441,0.493797,0.026147,0.574134,0.514751,0.029260,0.570249,0.550608,0.031604,0.581231,0.578564,0.033703
193,1694850130.945065,1,-8.2985,-8.2985,-6.6328,-1.1155,14.4203,1688.8305,62.8194,6851.5435,2.6992,147.1713,213.0781,70.6194,32.6738,28.4357,63.9620,0.011892,0.663862,0.706984,-0.000000,0.600507,0.731000,-0.022024,0.531218,0.678064,-0.020140,0.488559,0.613458,-0.009891,0.488797,0.575605,0.001782,0.541408,0.532800,-0.026233,0.470655,0.475674,-0.018605,0.435480,0.445174,-0.011726,0.411190,0.410565,-0.008990,0.570710,0.491775,-0.007129,0.516231,0.525395,0.001213,0.520007,0.585247,0.011990,0.536234,0.612319,0.018682,0.593377,0.488478,0.012402,0.545185,0.523122,0.016545,0.545461,0.571825,0.019449,0.558346,0.596179,0.020714,0.609622,0.499629,0.031122,0.571650,0.523913,0.034635,0.568048,0.560676,0.036197,0.579089,0.588170,0.037823
194,1694850130.953398,1,-10.1305,-10.1305,-1.1193,5.5135,11.0278,1580.9925,25.4974,7853.3936,2.3895,141.9290,206.5748,79.6623,40.0559,21.5963,52.4685,0.007041,0.664408,0.707048,-0.000000,0.601931,0.731445,-0.019831,0.537268,0.682507,-0.015935,0.496050,0.625765,-0.003072,0.486125,0.595487,0.011169,0.543401,0.536880,-0.028679,0.475674,0.488837,-0.023732,0.439541,0.459589,-0.019603,0.413616,0.426636,-0.018003,0.572249,0.495229,-0.010033,0.518871,0.530769,0.000261,0.521954,0.590712,0.012391,0.537720,0.618194,0.019332,0.594162,0.491689,0.009065,0.545962,0.524727,0.013969,0.546133,0.574078,0.017169,0.558715,0.599203,0.018410,0.609997,0.502931,0.027678,0.571560,0.526414,0.031428,0.568049,0.562291,0.033632,0.579045,0.590649,0.035621
195,1694850130.961732,1,-1.5452,-1.5452,-3.6496,-2.5302,11.2041,2199.7311,43.9840,8748.5429,2.0751,143.6103,199.3567,81.6304,41.4956,14.6261,45.8215,0.006180,0.665378,0.710779,-0.000000,0.604691,0.735806,-0.020290,0.537212,0.687964,-0.016826,0.493483,0.628205,-0.004519,0.486172,0.593319,0.009141,0.544322,0.543003,-0.026645,0.474317,0.492383,-0.019069,0.438160,0.465171,-0.012522,0.411344,0.434754,-0.009690,0.571731,0.499617,-0.007283,0.516393,0.531267,0.003387,0.520726,0.591825,0.015622,0.537732,0.620950,0.022927,0.593360,0.493921,0.012598,0.544181,0.526800,0.018651,0.545618,0.576017,0.021599,0.559197,0.601510,0.022466,0.608909,0.502825,0.031967,0.570126,0.526706,0.036632,0.567554,0.563111,0.038209,0.579689,0.589809,0.039453
196,1694850130.970065,1,24.3886,24.3886,11.3335,14.9830,15.1838,2304.4472,86.0370,8384.8274,1.7214,143.0856,198.5556,80.6239,40.2125,14.9029,47.5471,0.006766,0.662775,0.708910,-0.000000,0.603895,0.737228,-0.024410,0.537367,0.690855,-0.022508,0.493641,0.630564,-0.010202,0.488167,0.595450,0.003790,0.544782,0.543720,-0.035599,0.472869,0.496418,-0.032456,0.436156,0.467237,-0.029337,0.410027,0.432900,-0.028589,0.573683,0.500672,-0.014732,0.518396,0.535379,-0.006724,0.524298,0.596564,0.005571,0.542993,0.622639,0.012995,0.595081,0.495859,0.006300,0.546048,0.529891,0.008593,0.547715,0.579233,0.011467,0.562691,0.602621,0.013099,0.610497,0.505598,0.026606,0.570919,0.528307,0.027253,0.568890,0.565229,0.028269,0.582255,0.591420,0.029826
197,1694850130.978398,1,17.2098,17.2098,6.3771,-4.9564,13.9380,2301.4354,42.8642,9976.1919,1.6235,145.0216,195.5637,84.9716,44.2031,12.5377,40.6907,0.004939,0.665192,0.712242,-0.000000,0.604653,0.737705,-0.020469,0.538239,0.690492,-0.015797,0.495638,0.633430,-0.001353,0.488215,0.600912,0.014553,0.545019,0.546050,-0.031449,0.475177,0.499934,-0.027340,0.437953,0.472081,-0.023678,0.410561,0.440128,-0.022485,0.574049,0.504296,-0.011936,0.519238,0.541511,-0.002199,0.525099,0.602341,0.010538,0.542775,0.627212,0.017879,0.596117,0.500811,0.007968,0.547229,0.534724,0.012457,0.549170,0.583355,0.015682,0.563496,0.605762,0.016890,0.612264,0.511761,0.027389,0.573711,0.536915,0.030276,0.571766,0.572976,0.031738,0.584721,0.598237,0.033091
198,1694850130.986732,1,19.9660,19.9660,7.5241,1.1470,13.3930,2427.9649,75.5528,8421.7940,1.5170,147.0347,194.5402,84.4677,43.6845,11.9695,42.0876,0.005227,0.666294,0.708116,-0.000000,0.606286,0.740865,-0.021394,0.538763,0.696113,-0.017623,0.496210,0.637981,-0.004144,0.489398,0.606430,0.010883,0.545804,0.549560,-0.032627,0.473843,0.502489,-0.030137,0.436288,0.473083,-0.027394,0.409197,0.439109,-0.026746,0.574260,0.504749,-0.013265,0.518678,0.543821,-0.006278,0.524862,0.607668,0.006257,0.543144,0.633176,0.014336,0.595126,0.499054,0.006326,0.545545,0.536288,0.007679,0.546916,0.586958,0.011249,0.561758,0.609571,0.013809,0.609941,0.508747,0.025410,0.570035,0.536548,0.025163,0.567991,0.574413,0.026384,0.581485,0.599687,0.028476
199,1694850130.995065,1,15.4142,15.4142,4.2399,-3.2843,8.8495,2507.9332,39.7221,8549.8945,1.4924,144.8758,195.6142,88.9739,48.3013,15.2410,37.9474,0.003593,0.663474,0.714258,-0.000000,0.603837,0.741268,-0.020120,0.538620,0.696020,-0.019038,0.496003,0.637715,-0.009140,0.489134,0.601212,0.001759,0.547710,0.549324,-0.032249,0.476550,0.502746,-0.028219,0.439109,0.474138,-0.025045,0.412136,0.441768,-0.024252,0.576491,0.506798,-0.013067,0.524352,0.538602,-0.003299,0.527518,0.597406,0.009758,0.543687,0.625774,0.017546,0.599800,0.505017,0.006874,0.553348,0.537260,0.010954,0.551699,0.583403,0.014718,0.564108,0.608153,0.016748,0.616669,0.516761,0.026647,0.579504,0.540424,0.029617,0.575132,0.576907,0.032506,0.586053,0.603340,0.035143
200,1694850131.003398,1,-11.1272,-11.1272,-8.8790,-13.1188,12.5200,2532.5618,58.3366,8258.1378,1.9125,146.2546,191.9925,88.5312,48.2251,13.7683,35.6009,0.003505,0.669639,0.714849,-0.000000,0.608301,0.744218,-0.020620,0.541062,0.698220,-0.016554,0.497946,0.640132,-0.003030,0.489121,0.609205,0.012101,0.546708,0.550701,-0.029687,0.474645,0.503532,-0.024556,0.437064,0.475120,-0.019950,0.409391,0.442593,-0.018103,0.574656,0.506990,-0.009961,0.518283,0.542965,-0.000238,0.522103,0.603865,0.012568,0.538840,0.630791,0.020297,0.596233,0.501772,0.010146,0.545644,0.537436,0.014786,0.545897,0.587674,0.018152,0.559113,0.611920,0.019718,0.611938,0.510759,0.029731,0.572169,0.536160,0.032961,0.568007,0.573779,0.034413,0.579258,0.600889,0.035901
201,1694850131.011732,1,18.7834,18.7834,0.3934,9.2724,11.6887,92.0326,45.4496,9302.4582,1.8604,147.3627,198.1643,85.6750,45.0386,12.2852,40.3961,0.004439,0.668519,0.712000,-0.000000,0.608295,0.742493,-0.023652,0.539922,0.697994,-0.020204,0.495389,0.638174,-0.006206,0.491678,0.603473,0.009544,0.548574,0.549863,-0.034218,0.474651,0.500565,-0.029731,0.437349,0.470980,-0.025454,0.409828,0.436591,-0.023865,0.576436,0.506013,-0.012550,0.518559,0.544968,-0.003606,0.525411,0.609613,0.009420,0.544980,0.635857,0.017489,0.596914,0.501081,0.009447,0.545969,0.539402,0.013218,0.549155,0.591361,0.016050,0.565468,0.613910,0.017518,0.611647,0.511154,0.030811,0.572087,0.539062,0.033265,0.570538,0.577147,0.034314,0.584756,0.602493,0.035697
202,1694850131.020065,1,-19.9745,-19.9745,-9.9851,-10.3785,16.7659,2528.6122,68.0397,8317.7795,1.0854,144.5733,194.6756,87.1960,46.3904,13.4484,36.7280,0.003781,0.669173,0.711889,-0.000000,0.608188,0.740911,-0.020753,0.540991,0.695826,-0.017806,0.497512,0.638093,-0.005803,0.490231,0.605703,0.007396,0.547282,0.547952,-0.029853,0.476131,0.499900,-0.024609,0.438043,0.471411,-0.020026,0.410342,0.439156,-0.018372,0.576202,0.504427,-0.010587,0.522261,0.544322,-0.001930,0.527296,0.608275,0.010573,0.545343,0.635916,0.018452,0.598529,0.501274,0.009208,0.549762,0.539645,0.012521,0.550825,0.590522,0.016026,0.565191,0.615043,0.018133,0.614550,0.512851,0.028602,0.575673,0.540448,0.031025,0.572899,0.578690,0.033180,0.585571,0.604986,0.035447
203,1694850131.028398,1,-10.5659,-10.5659,-6.4950,3.4901,15.5801,2751.0326,38.5792,8049.2000,1.8993,143.4830,195.3328,90.6229,49.9283,16.6008,37.3499,0.003364,0.667606,0.710793,-0.000000,0.608535,0.738201,-0.022221,0.540958,0.693186,-0.020093,0.497061,0.633940,-0.008806,0.493814,0.595238,0.003704,0.549868,0.548353,-0.031574,0.478457,0.498395,-0.026873,0.440650,0.469830,-0.022381,0.412626,0.438044,-0.021007,0.578163,0.504864,-0.011902,0.522231,0.540683,-0.004332,0.528173,0.603750,0.008096,0.546545,0.631878,0.016127,0.600430,0.500513,0.008115,0.550676,0.537032,0.010768,0.552486,0.586605,0.014312,0.567657,0.611528,0.016536,0.617001,0.510819,0.027542,0.578140,0.538092,0.028830,0.575597,0.575853,0.030095,0.588523,0.602098,0.031782
204,1694850131.036732,1,-22.9536,-22.9536,-2.9566,3.5384,14.7912,322.8017,26.2754,8404.6995,1.8071,148.3256,197.3117,83.7191,43.7651,12.9644,38.8478,0.004243,0.669241,0.704307,-0.000000,0.609460,0.735373,-0.022337,0.539943,0.690003,-0.018649,0.495876,0.630534,-0.005161,0.493910,0.591547,0.009879,0.549230,0.546499,-0.032795,0.476340,0.494046,-0.029239,0.438348,0.463699,-0.025470,0.410557,0.430017,-0.024384,0.577593,0.502003,-0.012858,0.520272,0.539736,-0.005807,0.527261,0.603785,0.006790,0.546322,0.629673,0.014962,0.598660,0.495916,0.007261,0.547697,0.533332,0.009447,0.550673,0.583008,0.013069,0.566580,0.605109,0.015420,0.614079,0.504821,0.026709,0.573897,0.533094,0.027318,0.572578,0.570039,0.028391,0.586591,0.594328,0.030123
205,1694850131.045065,1,22.4853,22.4853,0.9255,3.8821,19.3184,57.3132,45.1356,8138.1054,1.2826,145.4776,196.1514,86.0231,45.1764,13.1090,39.5969,0.004649,0.670722,0.702275,-0.000000,0.609499,0.732057,-0.020625,0.542636,0.687810,-0.017593,0.499879,0.630783,-0.005399,0.492754,0.598702,0.008246,0.550595,0.542399,-0.031738,0.479209,0.492611,-0.029418,0.440042,0.463692,-0.026753,0.411334,0.431270,-0.026213,0.578891,0.498802,-0.013294,0.523806,0.534375,-0.006715,0.529329,0.596371,0.005430,0.547434,0.622193,0.012963,0.600419,0.494111,0.005422,0.550991,0.528537,0.007467,0.553117,0.578053,0.011705,0.568486,0.601299,0.014186,0.616525,0.504535,0.023544,0.577570,0.529472,0.025150,0.575239,0.566219,0.027388,0.588151,0.591834,0.029640
206,1694850131.053398,1,20.1548,20.1548,10.0323,9.1068,19.6251,2555.6688,28.9516,7945.2086,2.5439,143.7539,202.5969,85.5755,44.4499,17.2577,44.6022,0.005409,0.673508,0.700496,-0.000000,0.611548,0.728787,-0.022327,0.541464,0.683164,-0.020531,0.497057,0.622608,-0.009930,0.496532,0.584799,0.002039,0.553633,0.539220,-0.031862,0.480598,0.487677,-0.028435,0.442645,0.458822,-0.024092,0.414157,0.425917,-0.022893,0.580940,0.496230,-0.013573,0.521408,0.532245,-0.009442,0.528766,0.593451,0.001592,0.548601,0.617591,0.009014,0.601492,0.490230,0.004973,0.549334,0.527583,0.005794,0.553391,0.576072,0.010158,0.570429,0.597127,0.012993,0.616947,0.500302,0.022586,0.576265,0.526702,0.023142,0.575631,0.563027,0.024815,0.590373,0.586731,0.026858
207,1694850131.061732,1,9.4169,9.4169,4.9957,-5.0366,17.7215,2763.0159,52.3625,6598.9097,2.3872,145.0316,211.3247,89.1247,48.2144,24.0559,48.0311,0.004996,0.673493,0.698748,-0.000000,0.610714,0.725388,-0.019909,0.541924,0.678044,-0.017652,0.498253,0.618904,-0.007582,0.495753,0.583856,0.003564,0.550790,0.532634,-0.025201,0.482668,0.479292,-0.018518,0.446689,0.449931,-0.012736,0.420293,0.418541,-0.010824,0.579573,0.490948,-0.008082,0.525727,0.524804,-0.000870,0.529440,0.583475,0.009048,0.545426,0.610638,0.015156,0.601828,0.486158,0.009559,0.553190,0.520148,0.013248,0.554051,0.566832,0.016496,0.567200,0.590513,0.017962,0.617919,0.496934,0.026489,0.578164,0.520788,0.029934,0.575830,0.555984,0.032311,0.588163,0.581109,0.034452
208,1694850131.070065,1,-22.8292,-22.8292,0.0311,-4.9646,20.2022,713.3968,52.9238,7206.2618,2.8807,144.2523,215.7399,84.2889,43.9014,24.9153,53.2396,0.006513,0.670065,0.692365,-0.000000,0.609574,0.721302,-0.021936,0.541590,0.673356,-0.018423,0.499047,0.610181,-0.005244,0.498374,0.569692,0.009369,0.554110,0.528106,-0.032808,0.483944,0.471034,-0.028063,0.447165,0.441030,-0.023858,0.419446,0.408775,-0.022857,0.582859,0.484660,-0.013268,0.525979,0.514533,-0.004123,0.530540,0.576069,0.008778,0.547227,0.602566,0.016220,0.603938,0.479576,0.006608,0.553599,0.512121,0.011686,0.555337,0.560027,0.016183,0.569445,0.582234,0.017859,0.619276,0.490209,0.025612,0.580021,0.514769,0.028808,0.577640,0.550140,0.030824,0.590134,0.575264,0.032365
209,1694850131.078398,1,8.9294,8.9294,-3.3890,-3.4201,16.1876,1184.0648,42.2479,6571.6832,3.4389,146.2585,225.9134,84.5189,45.5645,31.6884,59.5320,0.007084,0.672196,0.690062,-0.000000,0.610297,0.716469,-0.021931,0.541512,0.666171,-0.019566,0.498481,0.602673,-0.008173,0.499256,0.565065,0.004583,0.554223,0.519999,-0.029930,0.484900,0.463233,-0.022341,0.449630,0.433231,-0.016030,0.423187,0.399742,-0.014039,0.583285,0.478950,-0.010146,0.527965,0.510802,-0.000277,0.530888,0.569138,0.011762,0.545873,0.595825,0.018541,0.605298,0.475979,0.010251,0.555965,0.507793,0.015843,0.555638,0.554090,0.019526,0.567363,0.577453,0.020661,0.620779,0.486807,0.029877,0.581613,0.509457,0.033839,0.578003,0.544219,0.035613,0.588695,0.569662,0.036937
210,1694850131.086732,1,16.2816,16.2816,-0.9683,2.4207,15.2098,1083.7114,17.7308,6693.5738,3.6563,144.1289,228.7697,86.3850,48.0861,35.2040,61.4476,0.006497,0.674800,0.688962,-0.000000,0.613087,0.713225,-0.022523,0.543411,0.660061,-0.020971,0.499383,0.593050,-0.010728,0.500145,0.555241,0.001003,0.558051,0.517033,-0.028229,0.488990,0.457737,-0.022620,0.453253,0.427090,-0.017416,0.426345,0.394963,-0.015905,0.585728,0.474706,-0.009188,0.527907,0.503781,-0.002380,0.531790,0.564204,0.008434,0.548309,0.592757,0.015243,0.606144,0.469558,0.010113,0.554555,0.500432,0.013522,0.555422,0.549196,0.017258,0.569133,0.574507,0.019078,0.620592,0.480202,0.028443,0.580438,0.501563,0.031154,0.577284,0.537357,0.032664,0.589382,0.563771,0.034161
211,1694850131.095065,1,-4.2666,-4.2666,-3.4209,-2.4526,13.8675,2636.0240,33.7570,6781.4621,2.5270,142.2423,235.4852,87.3282,49.9786,42.5566,71.1436,0.007426,0.674740,0.687130,-0.000000,0.611135,0.708432,-0.020713,0.543528,0.654497,-0.020933,0.502031,0.586441,-0.013880,0.503690,0.544525,-0.005854,0.556783,0.510648,-0.026165,0.489153,0.447568,-0.018157,0.453807,0.417367,-0.011106,0.428309,0.384929,-0.008795,0.586465,0.471845,-0.008751,0.533046,0.503042,-0.001694,0.536190,0.561849,0.007825,0.551552,0.590603,0.013350,0.609552,0.469444,0.009538,0.561268,0.501321,0.013275,0.562015,0.549239,0.016948,0.574962,0.575924,0.018371,0.626151,0.480925,0.027090,0.587718,0.502157,0.030909,0.584385,0.539052,0.033669,0.595388,0.566838,0.035924
212,1694850131.103398,1,-5.6722,-5.6722,4.2893,7.7102,13.4533,1340.5826,14.3547,8246.8419,2.1093,141.3696,250.7693,92.1110,59.0779,57.6409,86.0695,0.007179,0.674728,0.684781,-0.000000,0.611478,0.704726,-0.020309,0.543932,0.648188,-0.020190,0.503734,0.577165,-0.012765,0.506324,0.535245,-0.004230,0.558943,0.507098,-0.027162,0.492960,0.439254,-0.020777,0.458744,0.405841,-0.014559,0.433987,0.371678,-0.012724,0.589569,0.467821,-0.010234,0.535799,0.496349,-0.003668,0.537988,0.553562,0.006506,0.552300,0.581125,0.012419,0.612781,0.464993,0.007388,0.564129,0.496835,0.010772,0.564021,0.542027,0.015262,0.575947,0.567298,0.017167,0.629109,0.476743,0.024168,0.590564,0.498310,0.027140,0.586785,0.533995,0.029893,0.597024,0.561564,0.032220
213,1694850131.111732,1,-2.0271,-2.0271,-2.7391,-7.0284,8.5349,2602.3132,32.4264,8556.1257,2.3719,139.3943,257.9959,101.2713,69.4803,69.0082,96.7532,0.006155,0.673449,0.686059,-0.000000,0.610712,0.700134,-0.017285,0.545030,0.642128,-0.014479,0.504837,0.574890,-0.003983,0.507430,0.535328,0.007608,0.560472,0.499343,-0.025587,0.497905,0.430276,-0.017204,0.465530,0.398637,-0.010555,0.441283,0.367040,-0.008173,0.592018,0.461778,-0.007531,0.540681,0.486882,0.005000,0.538516,0.540381,0.017121,0.547917,0.568175,0.023126,0.616729,0.461662,0.011592,0.569272,0.489785,0.020407,0.564657,0.530078,0.024307,0.571634,0.554482,0.024636,0.633710,0.475595,0.030328,0.595438,0.493434,0.037005,0.587986,0.525361,0.039710,0.594659,0.553929,0.041224
214,1694850131.120065,1,-7.0450,-7.0450,-5.8316,-3.0925,8.5758,2748.6558,20.1712,8315.9185,2.4953,135.5424,271.4920,107.9869,79.8598,83.6246,112.6060,0.006668,0.675538,0.684151,-0.000000,0.611388,0.697693,-0.019253,0.545659,0.636843,-0.017708,0.508249,0.564029,-0.008220,0.512570,0.524680,0.002478,0.562547,0.495665,-0.028948,0.500066,0.419486,-0.022416,0.468492,0.386134,-0.016030,0.446324,0.353721,-0.013475,0.593988,0.458474,-0.010214,0.539908,0.483905,-0.000694,0.540004,0.540963,0.011211,0.553157,0.571477,0.017654,0.617680,0.458120,0.009409,0.567819,0.488189,0.014661,0.566886,0.533440,0.018054,0.578139,0.562159,0.018906,0.633491,0.470729,0.028602,0.594521,0.490854,0.032436,0.589553,0.526176,0.033931,0.598544,0.555742,0.035117
215,1694850131.128398,1,-9.9986,-9.9986,-1.4330,4.3987,2.6751,1343.3702,36.4258,7744.6164,2.6801,130.4344,275.0470,109.9619,83.9492,90.1839,119.9962,0.005896,0.671806,0.678603,-0.000000,0.609742,0.690878,-0.018214,0.545988,0.630574,-0.013365,0.509069,0.559609,0.000429,0.514364,0.524374,0.015718,0.562922,0.491490,-0.026156,0.503466,0.414036,-0.017648,0.472539,0.380284,-0.011397,0.448830,0.348438,-0.009044,0.594992,0.456519,-0.005882,0.541901,0.481711,0.009702,0.540421,0.538179,0.023459,0.551159,0.568047,0.030033,0.618619,0.458054,0.015162,0.569946,0.488663,0.025749,0.567834,0.532553,0.028512,0.577057,0.558893,0.027802,0.634846,0.472323,0.035829,0.596579,0.493035,0.042963,0.590564,0.527522,0.044340,0.598148,0.559097,0.044758
216,1694850131.136732,1,10.1271,10.1271,3.9498,5.3828,7.0103,2513.2822,55.4420,7245.0418,2.2813,132.1026,280.4269,115.4692,89.1086,94.3284,123.9051,0.005429,0.672937,0.672030,-0.000000,0.610513,0.687996,-0.018748,0.547301,0.627436,-0.015951,0.511460,0.556426,-0.004816,0.515930,0.520823,0.007314,0.566659,0.489979,-0.028912,0.507617,0.413914,-0.023523,0.475969,0.378333,-0.019172,0.452679,0.345331,-0.017982,0.599282,0.453989,-0.010394,0.546900,0.479406,0.001532,0.545700,0.536441,0.014313,0.557491,0.564831,0.020753,0.622650,0.455081,0.008783,0.574344,0.484520,0.015859,0.571833,0.529470,0.019795,0.582030,0.556067,0.020512,0.639320,0.469198,0.027482,0.600575,0.489990,0.031832,0.594875,0.524910,0.034068,0.603124,0.555867,0.035661
217,1694850131.145065,1,-5.8182,-5.8182,-0.9478,-4.8976,7.0220,1208.3818,12.1517,7346.0587,2.9254,127.8665,287.6001,116.9531,96.0947,106.0399,137.3842,0.007084,0.672066,0.673510,-0.000000,0.611790,0.684471,-0.015443,0.550790,0.623875,-0.011047,0.514445,0.556723,0.001637,0.514484,0.519536,0.015504,0.566370,0.489416,-0.028152,0.507317,0.407685,-0.021725,0.476666,0.368193,-0.016535,0.453162,0.332418,-0.014601,0.598119,0.451782,-0.009536,0.547689,0.467112,0.005045,0.545545,0.520776,0.019319,0.555148,0.549332,0.026305,0.622791,0.451034,0.010228,0.576639,0.469922,0.020430,0.572475,0.510659,0.024953,0.580206,0.535747,0.025414,0.640073,0.463667,0.029916,0.603002,0.474988,0.036805,0.594998,0.505863,0.039565,0.601243,0.535423,0.041065
218,1694850131.153398,1,0.9910,0.9910,2.0090,2.9568,7.2030,886.5901,21.6139,6981.7331,2.2793,125.8086,295.1104,124.3549,103.1027,112.3085,143.0546,0.005661,0.673635,0.672916,-0.000000,0.612558,0.684793,-0.016425,0.550863,0.622278,-0.011654,0.515198,0.551278,0.001372,0.519424,0.516638,0.015584,0.566842,0.485896,-0.027566,0.510179,0.401934,-0.021361,0.480154,0.363769,-0.015731,0.458380,0.330688,-0.013310,0.599504,0.451064,-0.009477,0.548542,0.473543,0.003775,0.546479,0.528216,0.017523,0.556997,0.557096,0.024565,0.623981,0.452566,0.009400,0.576438,0.479682,0.017819,0.573719,0.521438,0.021520,0.582847,0.546073,0.021921,0.641041,0.467897,0.028006,0.602523,0.485120,0.033433,0.595780,0.517753,0.035451,0.603272,0.548715,0.036771
219,1694850131.161732,1,-3.1482,-3.1482,1.7126,-0.2964,6.8551,891.8464,7.5609,8010.0541,2.5449,125.9753,299.2952,126.9596,105.7656,113.7646,143.8356,0.004396,0.674899,0.673762,-0.000000,0.614293,0.683487,-0.014896,0.553232,0.620757,-0.009173,0.517758,0.552859,0.004978,0.517061,0.520093,0.020382,0.569215,0.484903,-0.028899,0.511933,0.400413,-0.022322,0.482576,0.361612,-0.015995,0.460651,0.327110,-0.012918,0.601320,0.448410,-0.010484,0.550201,0.469080,0.003991,0.547260,0.522142,0.018981,0.556304,0.549855,0.026627,0.625346,0.449240,0.009077,0.577500,0.475891,0.018736,0.573376,0.515407,0.023072,0.580490,0.538766,0.023557,0.641475,0.463999,0.028617,0.602985,0.481357,0.034774,0.595210,0.512261,0.037057,0.601030,0.542501,0.038393
220,1694850131.170065,1,5.8624,5.8624,-1.0662,-2.7788,5.8108,857.9169,18.4438,8717.7711,2.8499,126.5995,304.9362,130.2886,109.4475,117.2654,146.7456,0.004325,0.674480,0.673713,-0.000000,0.612038,0.683556,-0.016410,0.550289,0.617958,-0.011979,0.516047,0.541924,0.000886,0.524143,0.509286,0.014962,0.570136,0.481965,-0.027146,0.514771,0.397708,-0.019945,0.485207,0.360197,-0.014339,0.462646,0.325828,-0.012385,0.603539,0.447835,-0.008591,0.551327,0.467527,0.006368,0.548669,0.523226,0.020526,0.558843,0.553631,0.027409,0.627871,0.450877,0.010881,0.579096,0.476731,0.020775,0.576144,0.519347,0.024264,0.585722,0.546197,0.024137,0.644838,0.466906,0.030094,0.605782,0.483309,0.036613,0.599353,0.515764,0.038431,0.607027,0.547240,0.039262
221,1694850131.178398,1,3.5537,3.5537,2.3430,3.4092,4.2738,2186.4866,21.6154,7824.0675,2.3026,126.2654,309.6908,134.1574,114.9968,124.1194,154.8097,0.005985,0.673298,0.672581,-0.000000,0.611986,0.679908,-0.012870,0.552945,0.617012,-0.005954,0.518999,0.549000,0.009570,0.521234,0.517125,0.026161,0.568399,0.483040,-0.027441,0.515199,0.396952,-0.020948,0.486427,0.355658,-0.016579,0.464001,0.318585,-0.015163,0.602472,0.447884,-0.009046,0.551379,0.465306,0.009228,0.549697,0.522849,0.025505,0.559969,0.553302,0.032892,0.627671,0.449802,0.010539,0.579675,0.471516,0.023443,0.577319,0.516241,0.027979,0.587270,0.543446,0.027586,0.645045,0.464757,0.030294,0.606785,0.478878,0.038454,0.600507,0.512385,0.040991,0.608526,0.544362,0.041859
222,1694850131.186732,1,5.1936,5.1936,1.0506,-1.2923,3.2818,2233.5491,38.8276,8666.1863,2.6385,125.9769,311.8623,136.3064,117.7170,127.0922,157.5025,0.005337,0.674507,0.674174,-0.000000,0.612772,0.681421,-0.015692,0.553396,0.616959,-0.009137,0.520186,0.547294,0.006645,0.523518,0.516583,0.023827,0.570320,0.480150,-0.028161,0.517358,0.394781,-0.021923,0.488073,0.355407,-0.018204,0.465913,0.318837,-0.017392,0.603982,0.448140,-0.008836,0.552280,0.469617,0.008404,0.550451,0.525662,0.022967,0.561153,0.554400,0.029273,0.627586,0.452367,0.011360,0.579101,0.477437,0.023445,0.577584,0.520258,0.027067,0.587832,0.545519,0.026290,0.643292,0.469210,0.031317,0.604763,0.485777,0.038622,0.599422,0.517983,0.040365,0.607558,0.548790,0.040915
223,1694850131.195065,1,-11.1110,-11.1110,-1.9907,-3.0414,6.4391,2244.3511,82.0068,8174.7351,1.9889,122.5787,314.0627,139.7413,120.2804,128.4196,158.0946,0.004124,0.673703,0.675375,-0.000000,0.612602,0.682410,-0.015048,0.552741,0.616784,-0.007563,0.518146,0.546882,0.008911,0.521940,0.515085,0.026796,0.570564,0.478907,-0.024180,0.516944,0.392155,-0.013260,0.488544,0.355440,-0.004869,0.468337,0.322202,-0.000677,0.603626,0.447961,-0.004107,0.552207,0.468651,0.015187,0.550034,0.524842,0.030656,0.560961,0.555105,0.038076,0.627575,0.452459,0.017089,0.579629,0.476453,0.030760,0.577941,0.520391,0.032962,0.587718,0.546533,0.031304,0.643571,0.468157,0.038310,0.606696,0.484821,0.047456,0.601112,0.516980,0.048303,0.608797,0.547740,0.047989
224,1694850131.203398,1,-0.6215,-0.6215,-1.6210,0.3697,6.2635,436.8904,59.4157,9140.1095,1.3262,126.8596,316.8956,142.4551,124.3315,133.2511,163.4676,0.004603,0.674826,0.679318,-0.000000,0.612870,0.686696,-0.014522,0.552655,0.619009,-0.008308,0.519500,0.546312,0.006331,0.523050,0.513267,0.022123,0.570130,0.485059,-0.026507,0.517034,0.394201,-0.019934,0.489532,0.352357,-0.014682,0.468986,0.315040,-0.012586,0.603984,0.451364,-0.008029,0.551572,0.470517,0.007116,0.549580,0.528162,0.021694,0.560151,0.558617,0.029008,0.628136,0.454065,0.011444,0.579176,0.479423,0.022012,0.577368,0.522772,0.025812,0.587408,0.548839,0.025831,0.644123,0.469834,0.030840,0.605161,0.485514,0.037252,0.598828,0.517987,0.038820,0.606298,0.549016,0.039624
225,1694850131.211732,1,-1.0995,-1.0995,-1.1633,0.4577,5.6801,165.4015,18.0116,9373.4434,0.9449,125.3102,316.7337,141.6403,123.1339,132.0805,161.8269,0.004016,0.673174,0.681134,-0.000000,0.611474,0.687296,-0.015213,0.553022,0.622341,-0.008443,0.520323,0.552129,0.007370,0.521901,0.518595,0.024584,0.569299,0.485564,-0.027159,0.517576,0.395773,-0.020093,0.489742,0.354396,-0.015296,0.468876,0.317295,-0.013442,0.603019,0.453163,-0.007549,0.552437,0.471278,0.010495,0.549144,0.525729,0.025410,0.558407,0.555349,0.032146,0.627337,0.456691,0.013008,0.579680,0.481508,0.025838,0.577142,0.523688,0.029089,0.585908,0.549306,0.028147,0.643536,0.472492,0.033429,0.605434,0.488814,0.041401,0.599054,0.520809,0.042982,0.605725,0.552349,0.043469
226,1694850131.220065,1,2.8526,2.8526,-0.5852,0.5781,5.5782,64.4553,7.7546,8503.6596,1.0720,124.5131,312.4030,136.7402,116.8243,124.7538,154.1064,0.004079,0.672107,0.681042,-0.000000,0.610724,0.689501,-0.014307,0.551001,0.623369,-0.009138,0.517905,0.550114,0.004175,0.524138,0.513612,0.018359,0.570434,0.491792,-0.026326,0.517328,0.402556,-0.019211,0.488427,0.360196,-0.014049,0.465964,0.323620,-0.012375,0.603885,0.457031,-0.008442,0.553529,0.469429,0.007495,0.549856,0.526131,0.022341,0.559005,0.558945,0.029528,0.628918,0.458491,0.010564,0.581581,0.476408,0.022045,0.576987,0.519727,0.026509,0.585398,0.548449,0.026614,0.646318,0.473779,0.029516,0.607716,0.487245,0.037355,0.600395,0.519555,0.040257,0.607944,0.550647,0.041590
227,1694850131.228398,1,3.2607,3.2607,3.5929,4.1782,5.1921,2252.6432,77.1457,8406.2641,1.1138,123.9468,310.9135,137.8276,117.7066,125.5883,155.2862,0.003710,0.670492,0.688878,-0.000000,0.608779,0.694332,-0.013164,0.549663,0.627025,-0.008040,0.516964,0.554465,0.004652,0.522252,0.517534,0.018137,0.567804,0.493730,-0.024670,0.515774,0.403809,-0.017492,0.487761,0.361105,-0.011954,0.466770,0.324214,-0.009893,0.602157,0.459284,-0.007781,0.553876,0.472627,0.007960,0.550788,0.526819,0.022677,0.559870,0.558068,0.029962,0.628963,0.461502,0.010211,0.582725,0.482311,0.021700,0.579434,0.524468,0.026105,0.587763,0.551410,0.026187,0.647902,0.477317,0.028147,0.610710,0.491502,0.035812,0.604422,0.523406,0.038469,0.611761,0.553924,0.039705
228,1694850131.236732,1,14.0597,14.0597,3.6703,0.0774,5.4762,199.9858,86.6600,8195.7500,1.8835,128.1520,312.0281,135.9773,116.4114,124.9934,154.7464,0.003609,0.669245,0.686050,-0.000000,0.607767,0.694617,-0.014525,0.549832,0.630527,-0.010324,0.517160,0.560319,0.001709,0.521536,0.526383,0.014369,0.566787,0.498002,-0.028044,0.514707,0.409462,-0.023685,0.486375,0.364172,-0.020601,0.465297,0.324187,-0.020243,0.601226,0.463034,-0.011291,0.551533,0.478913,0.002282,0.549638,0.536460,0.016501,0.560496,0.567592,0.023446,0.627151,0.464859,0.006378,0.579630,0.486010,0.016204,0.577820,0.530852,0.021557,0.588534,0.558248,0.022381,0.645680,0.480959,0.023775,0.607875,0.495588,0.029896,0.602494,0.529418,0.032934,0.611347,0.559833,0.034638
229,1694850131.245065,1,5.0953,5.0953,1.5487,-2.1216,5.0357,305.2249,14.3341,8644.6889,3.0974,131.0594,308.9460,135.3064,114.6608,122.3910,151.9743,0.003866,0.669670,0.690193,-0.000000,0.608132,0.700573,-0.015658,0.547894,0.634605,-0.010881,0.514706,0.559425,0.002280,0.521277,0.518874,0.016536,0.565270,0.503046,-0.028006,0.512507,0.413665,-0.023602,0.484703,0.368086,-0.020157,0.464248,0.328310,-0.019181,0.599392,0.467261,-0.010174,0.551389,0.481393,0.003503,0.549546,0.536935,0.017484,0.560153,0.568285,0.024660,0.624991,0.468069,0.008380,0.579448,0.488918,0.017096,0.577118,0.532300,0.020667,0.586846,0.560012,0.020987,0.643486,0.482427,0.026771,0.606361,0.496814,0.032474,0.600996,0.529279,0.034617,0.609113,0.560292,0.035984
230,1694850131.253398,1,-2.6412,-2.6412,-1.3735,-2.9222,5.4219,2407.9332,25.4497,8666.3894,2.2265,131.4576,299.8581,127.9631,106.6792,114.5370,143.9875,0.003245,0.670986,0.695979,-0.000000,0.608585,0.705220,-0.016731,0.548880,0.640939,-0.013550,0.514866,0.569917,-0.002463,0.516674,0.534591,0.009517,0.566545,0.503479,-0.028701,0.509734,0.420101,-0.022296,0.481151,0.378555,-0.016248,0.460866,0.338995,-0.013821,0.599310,0.468957,-0.011252,0.546765,0.491732,0.000043,0.544817,0.548881,0.012563,0.556108,0.579046,0.019053,0.623002,0.470915,0.007319,0.574376,0.497849,0.014203,0.572217,0.543219,0.017956,0.582256,0.571670,0.018613,0.639187,0.486023,0.025611,0.601230,0.504556,0.030182,0.596438,0.539261,0.032283,0.604562,0.570329,0.033852
231,1694850131.261732,1,-12.9871,-12.9871,-4.0619,-2.6885,8.9521,877.6216,24.3495,7009.8150,2.2235,132.7693,287.0249,121.8677,96.7835,101.7832,130.1798,0.003706,0.670675,0.698972,-0.000000,0.608069,0.707992,-0.016530,0.549118,0.647098,-0.013219,0.515216,0.578828,-0.001603,0.511688,0.545389,0.010849,0.564346,0.508030,-0.031337,0.507156,0.428259,-0.026183,0.477535,0.389193,-0.021833,0.455558,0.352410,-0.020398,0.597927,0.473005,-0.013327,0.545941,0.497036,-0.000409,0.542983,0.553981,0.013025,0.552951,0.584064,0.019312,0.623082,0.475918,0.005868,0.574088,0.503224,0.014232,0.571078,0.548638,0.018666,0.580239,0.576525,0.019145,0.640388,0.492403,0.024841,0.602166,0.511649,0.030162,0.595950,0.546417,0.032747,0.603352,0.577164,0.034311
232,1694850131.270065,1,-7.9406,-7.9406,-5.5001,-1.4381,9.5753,2966.5743,20.7091,11913.7641,2.4877,137.0671,276.3986,118.6020,90.0313,91.3145,117.8843,0.002369,0.670057,0.702670,-0.000000,0.608112,0.714459,-0.017400,0.547758,0.652665,-0.013184,0.513013,0.584197,-0.000449,0.513814,0.550851,0.013370,0.563586,0.514758,-0.028701,0.505715,0.438755,-0.022293,0.475241,0.403012,-0.016897,0.452966,0.367918,-0.014974,0.596534,0.479762,-0.010547,0.544525,0.503379,0.003004,0.543359,0.560267,0.016507,0.554567,0.588899,0.023091,0.620706,0.480889,0.008377,0.572413,0.508875,0.016925,0.570604,0.554486,0.020741,0.580316,0.580855,0.020924,0.637779,0.495189,0.026876,0.599410,0.514560,0.031986,0.594375,0.549306,0.033708,0.602323,0.580073,0.034679
233,1694850131.278398,1,0.5842,0.5842,-1.1278,4.3723,6.3402,1538.4488,34.9218,10471.1580,2.4838,141.5139,269.9577,114.5279,84.0513,83.3704,109.1281,0.002068,0.670448,0.705722,-0.000000,0.608161,0.718018,-0.016923,0.545985,0.657776,-0.012374,0.510119,0.588898,0.000410,0.512133,0.554965,0.014364,0.560901,0.519381,-0.025078,0.501640,0.445514,-0.017000,0.471700,0.411451,-0.010653,0.450280,0.377306,-0.008211,0.592517,0.484299,-0.006801,0.540841,0.509104,0.006241,0.541469,0.568830,0.018422,0.553972,0.599042,0.024551,0.616081,0.483816,0.012389,0.568463,0.513604,0.020946,0.568125,0.561737,0.023933,0.578922,0.589164,0.023818,0.632289,0.496176,0.031251,0.594196,0.517097,0.036880,0.590155,0.553544,0.038361,0.599171,0.583380,0.039268
234,1694850131.286732,1,-10.5033,-10.5033,-1.9655,-0.8378,5.0013,1433.5359,46.4284,7841.1834,2.9034,144.0910,260.9254,107.6928,76.1254,73.5668,99.4537,0.003365,0.673400,0.713472,-0.000000,0.610264,0.725286,-0.017880,0.546742,0.664350,-0.015394,0.509604,0.597472,-0.005246,0.510307,0.565583,0.005940,0.562080,0.524411,-0.027965,0.498411,0.453452,-0.022635,0.466326,0.418105,-0.017342,0.444706,0.382525,-0.015473,0.593521,0.489318,-0.011153,0.541273,0.518712,-0.003031,0.542072,0.578094,0.007833,0.555513,0.606720,0.013806,0.617484,0.489440,0.006523,0.569470,0.520862,0.011012,0.568219,0.568506,0.014811,0.579619,0.595307,0.016029,0.634311,0.503133,0.023689,0.596050,0.524576,0.026894,0.591401,0.560796,0.028973,0.600903,0.589560,0.030827
235,1694850131.295065,1,-3.5518,-3.5518,2.3588,4.3244,4.8650,1406.2977,19.6543,7820.1187,2.5954,141.4383,252.8566,107.0178,71.8458,63.3044,85.9072,0.002518,0.672818,0.709594,-0.000000,0.610718,0.727840,-0.019931,0.545468,0.668594,-0.017294,0.507706,0.598016,-0.006306,0.508755,0.560627,0.005795,0.561719,0.529941,-0.028123,0.498581,0.464292,-0.020273,0.465816,0.431427,-0.013247,0.442877,0.396848,-0.010828,0.593352,0.492886,-0.010713,0.540980,0.522908,-0.001869,0.541936,0.582155,0.009079,0.556036,0.611213,0.015248,0.616281,0.491945,0.007450,0.568518,0.522783,0.011974,0.567293,0.569579,0.015178,0.578259,0.595648,0.016026,0.632619,0.504903,0.024927,0.593678,0.526980,0.027519,0.589867,0.562340,0.029077,0.599622,0.591142,0.030551
236,1694850131.303398,1,-0.8201,-0.8201,1.7801,-0.5787,4.1989,3349.0890,15.9914,6195.6167,3.0142,136.7623,239.6488,105.4324,66.8536,51.2524,70.1929,0.002129,0.672683,0.711629,-0.000000,0.611769,0.731758,-0.019118,0.547041,0.676154,-0.015673,0.507884,0.611365,-0.003919,0.504310,0.577853,0.009174,0.559095,0.535324,-0.025504,0.495703,0.473548,-0.017114,0.462663,0.443823,-0.009660,0.439451,0.412342,-0.006488,0.590200,0.497901,-0.007715,0.537649,0.523081,0.002311,0.538430,0.579922,0.013811,0.552291,0.608072,0.020643,0.613231,0.496208,0.010730,0.565458,0.522258,0.016131,0.563432,0.566687,0.019077,0.573391,0.590655,0.019978,0.629403,0.508011,0.028682,0.590262,0.526412,0.032474,0.585624,0.560338,0.034298,0.594816,0.587825,0.035912
237,1694850131.311732,1,-8.0896,-8.0896,-2.1684,-3.9486,4.2240,3246.4780,35.0617,7774.6197,2.7666,132.9537,233.2299,99.7139,60.6266,42.0232,59.7426,0.002145,0.674456,0.713376,-0.000000,0.613038,0.736944,-0.019768,0.545489,0.682548,-0.016759,0.504748,0.616982,-0.005561,0.504648,0.582235,0.006980,0.558850,0.541071,-0.026697,0.493202,0.481838,-0.020474,0.458968,0.451878,-0.014432,0.434527,0.419443,-0.012313,0.588908,0.500419,-0.009641,0.534947,0.533285,-0.002761,0.538345,0.593120,0.007899,0.554188,0.619055,0.014563,0.610672,0.496266,0.007899,0.562024,0.528344,0.010643,0.562515,0.575001,0.014185,0.575038,0.597967,0.015984,0.625781,0.507350,0.024758,0.586122,0.530043,0.026679,0.583488,0.564721,0.028578,0.594691,0.590317,0.030603
238,1694850131.320065,1,11.1665,11.1665,5.4175,7.5859,7.5618,3165.7271,4.1483,6472.9806,2.7993,137.6921,222.8738,93.9616,54.0569,32.1121,51.1015,0.002881,0.675480,0.714686,-0.000000,0.614576,0.739759,-0.021063,0.546790,0.688314,-0.018879,0.504844,0.626022,-0.008237,0.501953,0.591211,0.003709,0.558441,0.543837,-0.028450,0.489139,0.489131,-0.021618,0.453734,0.459101,-0.015141,0.428684,0.424853,-0.012703,0.588067,0.503545,-0.010178,0.533252,0.536417,-0.003023,0.536083,0.595789,0.008215,0.552110,0.623115,0.015441,0.609848,0.500954,0.008650,0.560468,0.532320,0.011148,0.559885,0.579161,0.014546,0.572128,0.603779,0.016594,0.624814,0.512717,0.026880,0.584919,0.534980,0.028822,0.581044,0.570526,0.030678,0.591844,0.597280,0.032778
239,1694850131.328398,1,13.4322,13.4322,4.2460,-1.1715,8.4188,3290.3231,38.3540,6896.0022,2.4574,138.4745,214.5633,93.8987,52.9711,27.6974,46.6951,0.002899,0.674507,0.714117,-0.000000,0.614431,0.742646,-0.024331,0.545514,0.693160,-0.021692,0.503977,0.630495,-0.009292,0.501500,0.599094,0.004638,0.560320,0.547200,-0.032927,0.488260,0.496234,-0.028292,0.451137,0.467901,-0.022769,0.424888,0.434142,-0.020577,0.587841,0.505999,-0.013132,0.530082,0.547210,-0.008089,0.536523,0.611537,0.003833,0.556218,0.636156,0.012195,0.606571,0.501748,0.006697,0.555749,0.542654,0.006838,0.558306,0.594469,0.010035,0.574042,0.617065,0.012661,0.619851,0.511416,0.025570,0.579866,0.541760,0.024620,0.578460,0.580663,0.025041,0.591917,0.607116,0.026720
240,1694850131.336732,1,17.3089,17.3089,4.5322,0.2863,9.5190,1223.4475,3.8906,6768.4588,2.4091,135.1142,208.4711,99.2860,58.2430,28.1170,39.0586,0.001481,0.676424,0.717529,-0.000000,0.616238,0.746679,-0.023459,0.546619,0.699305,-0.021822,0.503709,0.637068,-0.010975,0.501436,0.605147,0.001336,0.561192,0.554289,-0.031924,0.489908,0.505936,-0.027937,0.451986,0.478980,-0.023290,0.424468,0.447176,-0.021940,0.588461,0.512251,-0.013425,0.531107,0.550915,-0.009238,0.536614,0.613583,0.001604,0.555309,0.638668,0.009016,0.607171,0.507173,0.005192,0.556101,0.544031,0.004907,0.557977,0.593932,0.008350,0.573187,0.617264,0.010985,0.620602,0.516639,0.022901,0.579547,0.544052,0.022403,0.578067,0.580798,0.023661,0.591561,0.606048,0.025685
241,1694850131.345065,1,17.2562,17.2562,6.3364,1.8042,9.4469,3419.6895,17.1316,5381.1326,2.5386,142.4784,199.3346,98.6139,57.2066,23.6559,33.1326,0.001594,0.675504,0.717460,-0.000000,0.615095,0.750060,-0.024969,0.546837,0.705646,-0.023773,0.504435,0.643494,-0.012890,0.498201,0.609817,-0.000464,0.560633,0.558614,-0.034490,0.486625,0.513772,-0.031538,0.447558,0.488169,-0.027042,0.419426,0.457555,-0.025337,0.586327,0.515826,-0.015161,0.527116,0.559676,-0.012336,0.533972,0.624006,-0.001231,0.554269,0.648639,0.006874,0.603660,0.509835,0.004136,0.551461,0.553143,0.002349,0.554710,0.605437,0.005723,0.571286,0.628368,0.008880,0.616050,0.518174,0.022449,0.575170,0.549987,0.020364,0.574108,0.588848,0.020963,0.588163,0.613896,0.023006
242,1694850131.353398,1,20.9774,20.9774,2.4527,-3.8837,3.4064,1225.0794,41.0473,5942.8261,3.3050,142.5756,195.7536,98.9294,58.0044,23.5450,31.5522,0.001338,0.675307,0.723347,-0.000000,0.614315,0.754374,-0.026019,0.546448,0.708174,-0.024566,0.504292,0.648820,-0.013262,0.496479,0.622836,-0.000454,0.559459,0.560279,-0.035553,0.484913,0.519631,-0.033567,0.445717,0.493532,-0.029831,0.417759,0.460818,-0.028470,0.586519,0.518642,-0.015959,0.526473,0.564526,-0.014567,0.531933,0.630591,-0.003949,0.551687,0.655215,0.004359,0.604703,0.514644,0.003526,0.551484,0.557831,-0.000090,0.553036,0.611202,0.002949,0.569136,0.632861,0.006651,0.617366,0.524537,0.022033,0.575218,0.554643,0.018565,0.573075,0.593729,0.019276,0.587035,0.617424,0.021876
243,1694850131.361732,1,18.1110,18.1110,1.1697,-1.2830,2.4114,1146.5160,1.3695,7076.0706,2.5279,145.3094,190.4162,102.6492,61.8426,25.9773,26.4234,0.000831,0.674662,0.721176,-0.000000,0.615872,0.755057,-0.027006,0.546549,0.712039,-0.025822,0.502630,0.653386,-0.014283,0.497470,0.621917,-0.000850,0.559447,0.564530,-0.037124,0.483738,0.523538,-0.034828,0.444946,0.498570,-0.030378,0.416804,0.467461,-0.028495,0.584959,0.521789,-0.016011,0.524323,0.566996,-0.014114,0.531219,0.632497,-0.002567,0.551285,0.657146,0.006445,0.601452,0.515639,0.005004,0.548079,0.560411,0.001568,0.550644,0.613469,0.004637,0.567100,0.636015,0.008502,0.612322,0.523538,0.025078,0.570628,0.555313,0.021295,0.569520,0.594404,0.021334,0.583662,0.618788,0.023587
244,1694850131.370065,1,19.6385,19.6385,0.5824,-0.5873,1.4440,735.0094,49.1436,7349.5550,1.4010,144.4221,191.4279,103.2095,62.7708,27.2775,26.7684,0.000721,0.672524,0.725006,-0.000000,0.614706,0.758121,-0.027867,0.547763,0.716149,-0.027197,0.503848,0.658684,-0.015597,0.496955,0.626409,-0.002160,0.558589,0.566428,-0.039617,0.483454,0.524248,-0.036658,0.445561,0.499162,-0.032142,0.417793,0.467751,-0.030143,0.584820,0.523863,-0.016892,0.525508,0.568938,-0.012525,0.531789,0.636181,-0.000103,0.551681,0.662981,0.008882,0.602861,0.520081,0.005955,0.550366,0.562451,0.004015,0.551802,0.617215,0.006479,0.567534,0.642166,0.009613,0.615107,0.528775,0.028100,0.574310,0.559034,0.025559,0.571467,0.599238,0.025677,0.584407,0.624896,0.027656
245,1694850131.378398,1,-25.8679,-25.8679,-10.7810,-11.3634,17.9908,3337.8611,50.1581,6905.6153,1.8647,147.7701,188.9175,103.9385,63.0361,27.0564,23.9215,0.000644,0.674443,0.728200,-0.000000,0.614064,0.760506,-0.024210,0.546046,0.716173,-0.021403,0.503358,0.659803,-0.008203,0.498579,0.630564,0.006743,0.557532,0.569536,-0.036416,0.482966,0.528393,-0.033139,0.444901,0.502549,-0.028590,0.417341,0.471030,-0.026460,0.584433,0.526920,-0.015204,0.525804,0.570991,-0.009239,0.531436,0.635459,0.003944,0.550149,0.661559,0.013086,0.603119,0.522699,0.006280,0.550807,0.565323,0.006080,0.551982,0.618467,0.009078,0.567012,0.643058,0.012089,0.616064,0.531796,0.027263,0.575186,0.563283,0.026452,0.572279,0.602059,0.027242,0.584858,0.628376,0.029319
246,1694850131.386732,1,-22.3432,-22.3432,-10.8302,-0.0491,21.4475,3383.2420,65.7340,7661.8031,1.4544,146.0062,191.2947,103.2474,63.1191,27.4661,25.9673,0.000575,0.674391,0.727118,-0.000000,0.615406,0.760554,-0.025824,0.547688,0.718227,-0.024387,0.503638,0.662555,-0.012359,0.497601,0.630074,0.001442,0.559190,0.570084,-0.038214,0.484032,0.527370,-0.036020,0.445368,0.500977,-0.032217,0.417589,0.469169,-0.030529,0.585198,0.526794,-0.016734,0.526230,0.569069,-0.011635,0.532977,0.632622,0.001544,0.552722,0.656674,0.010713,0.602732,0.522356,0.004773,0.549857,0.565077,0.003952,0.552431,0.616925,0.007484,0.568161,0.638959,0.010859,0.614433,0.531757,0.025579,0.573613,0.561967,0.024713,0.572301,0.599475,0.025990,0.585536,0.623476,0.028337
247,1694850131.395065,1,26.6494,26.6494,2.1346,12.9647,22.5381,48.9942,84.4334,7733.2625,0.8666,148.3781,190.0443,104.6866,64.1388,28.6859,22.8889,0.000481,0.675317,0.728825,-0.000000,0.615229,0.761889,-0.022981,0.547063,0.718610,-0.019806,0.503859,0.661808,-0.005865,0.498725,0.630269,0.009875,0.558854,0.569247,-0.037466,0.483356,0.526601,-0.032620,0.445733,0.500870,-0.027608,0.417977,0.468965,-0.025488,0.585827,0.525624,-0.015457,0.526728,0.565182,-0.006095,0.531292,0.628214,0.008117,0.549042,0.655464,0.016795,0.604550,0.521319,0.007253,0.551939,0.560086,0.010360,0.551741,0.611460,0.013513,0.565457,0.637159,0.015455,0.616919,0.530061,0.029672,0.576306,0.558310,0.031292,0.572555,0.595582,0.032208,0.583876,0.621860,0.033540
248,1694850131.403398,1,-21.8484,-21.8484,-10.3717,-12.5063,22.9284,3470.7558,78.6223,7655.9129,1.1857,145.4923,191.6906,103.6486,63.1035,26.8144,24.6035,0.000715,0.675649,0.726151,-0.000000,0.615682,0.759637,-0.024611,0.547646,0.717253,-0.022167,0.505121,0.660271,-0.009149,0.498082,0.628742,0.005546,0.558511,0.569346,-0.037750,0.484289,0.525895,-0.035180,0.445826,0.499718,-0.031294,0.417727,0.467982,-0.029585,0.585463,0.525531,-0.016320,0.527236,0.569610,-0.010881,0.532891,0.636527,0.001985,0.552000,0.663682,0.010861,0.603824,0.520039,0.005401,0.551451,0.563159,0.005014,0.552948,0.617748,0.008149,0.568411,0.643152,0.011146,0.616506,0.527631,0.026592,0.575451,0.559496,0.025563,0.573054,0.599117,0.026548,0.586035,0.624853,0.028803
249,1694850131.411732,1,14.1318,14.1318,9.9999,20.3717,21.8365,3418.9686,62.0852,6543.7942,2.0528,141.5147,192.3752,103.9201,62.9499,26.8309,27.7285,0.000838,0.675145,0.727896,-0.000000,0.616764,0.761265,-0.024587,0.547733,0.717858,-0.023240,0.501875,0.658190,-0.011906,0.499286,0.620341,0.001113,0.558203,0.570971,-0.034730,0.486470,0.523986,-0.031022,0.448222,0.496220,-0.027212,0.419054,0.466326,-0.025967,0.584282,0.527668,-0.012939,0.528503,0.564619,-0.006423,0.534088,0.627712,0.005727,0.551753,0.655230,0.014147,0.603718,0.522376,0.009281,0.553378,0.559069,0.010716,0.552900,0.609297,0.013827,0.566624,0.633957,0.016611,0.616984,0.530657,0.030958,0.576729,0.556980,0.031835,0.572044,0.595774,0.033293,0.583693,0.621304,0.035705
250,1694850131.420065,1,13.3049,13.3049,8.9120,-1.0879,20.2183,3342.9667,46.9746,6103.8932,2.0506,143.5880,194.0843,100.1135,58.8456,23.2241,28.3330,0.001209,0.675498,0.725125,-0.000000,0.616606,0.758049,-0.024185,0.547608,0.714907,-0.020547,0.502818,0.654471,-0.006067,0.501458,0.611649,0.010684,0.557700,0.568291,-0.033772,0.484394,0.517768,-0.027380,0.446656,0.491160,-0.021799,0.417599,0.461309,-0.019348,0.584634,0.525016,-0.010201,0.527952,0.560138,0.000890,0.533600,0.622698,0.014787,0.551017,0.650171,0.023486,0.604808,0.519230,0.013832,0.554224,0.554999,0.019129,0.554806,0.604124,0.021587,0.567885,0.627224,0.022969,0.618685,0.525793,0.037447,0.578565,0.551446,0.041616,0.574163,0.588474,0.042924,0.585338,0.613986,0.044373
251,1694850131.428398,1,29.9112,29.9112,0.8155,-8.0966,18.3655,224.1826,64.9595,6453.7686,2.3713,141.1073,194.3424,101.4061,59.2037,25.5498,30.2832,0.001039,0.675105,0.720578,-0.000000,0.616555,0.753854,-0.023903,0.549041,0.712314,-0.020742,0.505350,0.654755,-0.007017,0.503657,0.618568,0.008589,0.558997,0.565815,-0.035959,0.486943,0.516301,-0.033081,0.448807,0.488732,-0.029682,0.420402,0.458375,-0.028352,0.585998,0.522360,-0.014030,0.528836,0.561784,-0.005964,0.534817,0.626697,0.007684,0.553314,0.653453,0.016553,0.605913,0.516849,0.008079,0.554751,0.555647,0.010121,0.556672,0.607342,0.012889,0.572087,0.631306,0.015106,0.620313,0.524554,0.029729,0.580383,0.553894,0.030873,0.577693,0.592109,0.031792,0.590626,0.617572,0.033486
252,1694850131.436732,1,-18.6924,-18.6924,0.7890,-0.0265,20.2073,337.0665,46.1815,5745.3099,2.7679,141.6150,197.7053,99.4656,58.3189,24.6738,32.4754,0.001328,0.677348,0.718498,-0.000000,0.618918,0.751244,-0.024528,0.550398,0.708706,-0.021735,0.506387,0.651717,-0.008822,0.503205,0.617614,0.005906,0.560657,0.562664,-0.034009,0.487371,0.512293,-0.029853,0.449077,0.484258,-0.024884,0.420559,0.453556,-0.022776,0.587386,0.519013,-0.012760,0.528085,0.556132,-0.006066,0.530980,0.620897,0.006822,0.547769,0.649620,0.015661,0.606786,0.513304,0.008573,0.554236,0.551950,0.009598,0.553382,0.603774,0.012843,0.566604,0.628334,0.015691,0.620624,0.521536,0.029179,0.579399,0.550744,0.028928,0.575118,0.589022,0.029577,0.586846,0.615121,0.031406
253,1694850131.445065,1,-20.1342,-20.1342,-8.5665,-9.3555,19.7868,3342.5499,14.8209,5832.6045,2.5697,140.2654,201.2672,97.5806,56.6471,24.5783,34.4207,0.001516,0.677360,0.717081,-0.000000,0.618768,0.748359,-0.026231,0.550345,0.705516,-0.022517,0.505902,0.646544,-0.007568,0.505025,0.609242,0.009607,0.561374,0.557255,-0.035573,0.488889,0.505915,-0.031489,0.451163,0.477250,-0.026895,0.422910,0.445935,-0.024810,0.587755,0.515506,-0.012230,0.530273,0.558997,-0.005057,0.536223,0.625413,0.007632,0.555178,0.652912,0.016339,0.605940,0.510272,0.011083,0.554829,0.553068,0.012427,0.557146,0.606380,0.013867,0.572414,0.630493,0.015583,0.618572,0.517741,0.033680,0.578975,0.548958,0.034052,0.576845,0.587580,0.033592,0.589895,0.613274,0.034646
254,1694850131.453398,1,-18.4857,-18.4857,-7.9477,0.6188,20.6324,3192.9095,14.0537,5915.0430,2.3150,137.9985,206.4693,97.0134,55.4456,24.8210,38.9515,0.002143,0.678744,0.717617,-0.000000,0.618721,0.745434,-0.025802,0.551286,0.699869,-0.023380,0.507150,0.641943,-0.010342,0.502957,0.608467,0.004568,0.562892,0.551953,-0.036207,0.489065,0.499777,-0.031575,0.451977,0.471031,-0.025565,0.424794,0.437979,-0.022563,0.590385,0.510036,-0.014011,0.530274,0.550674,-0.007497,0.535419,0.616388,0.005489,0.554858,0.643727,0.014378,0.609892,0.506298,0.008330,0.556855,0.546964,0.008967,0.558745,0.599997,0.011424,0.574558,0.624293,0.013790,0.623328,0.516434,0.029977,0.582350,0.545301,0.029914,0.579950,0.583130,0.030036,0.593360,0.608588,0.031432
255,1694850131.461732,1,-20.2888,-20.2888,-12.5500,-4.6024,19.7381,3203.8484,27.8969,7064.8370,3.5793,137.1767,208.9397,95.3310,53.7374,25.7455,41.2145,0.002248,0.679582,0.711659,-0.000000,0.620822,0.741841,-0.022794,0.553010,0.696199,-0.018591,0.508700,0.637335,-0.004154,0.505553,0.602125,0.012109,0.563722,0.550279,-0.033579,0.491585,0.494474,-0.028705,0.454134,0.465113,-0.022968,0.426212,0.433740,-0.020059,0.590406,0.508010,-0.011887,0.533318,0.543215,-0.003773,0.536737,0.606898,0.009691,0.553157,0.635647,0.018593,0.609813,0.502346,0.010165,0.559053,0.538254,0.012387,0.559302,0.587502,0.014876,0.572626,0.612226,0.016858,0.623448,0.510004,0.031813,0.583646,0.537074,0.033068,0.580029,0.573449,0.033503,0.591737,0.600132,0.034882
256,1694850131.470065,1,21.8212,21.8212,10.1284,22.6784,16.5048,3132.2162,14.0263,7392.0448,3.3062,138.4537,215.0905,93.6345,53.6692,29.4145,45.9469,0.002589,0.679824,0.710876,-0.000000,0.619567,0.737508,-0.020345,0.552389,0.689517,-0.016430,0.508915,0.631758,-0.003374,0.507326,0.597324,0.011114,0.563299,0.546636,-0.030379,0.492740,0.488403,-0.024652,0.455878,0.457959,-0.019424,0.428203,0.425518,-0.017705,0.591443,0.505073,-0.010908,0.535878,0.537792,-0.002186,0.538778,0.598906,0.010020,0.553564,0.625643,0.017158,0.612468,0.499942,0.009192,0.562483,0.532313,0.014048,0.561737,0.578755,0.018062,0.573559,0.601016,0.019677,0.627180,0.508940,0.028697,0.586999,0.530543,0.032010,0.582826,0.565600,0.033969,0.593881,0.591343,0.035684
257,1694850131.478398,1,-6.8892,-6.8892,3.3112,-6.8172,16.0971,842.9780,44.4083,7203.0585,3.0760,138.4421,221.8271,95.7553,55.6559,34.1550,52.8764,0.002887,0.680487,0.708798,-0.000000,0.619954,0.732849,-0.019303,0.553207,0.685255,-0.013534,0.510791,0.627540,0.002167,0.508873,0.589095,0.019746,0.563309,0.540922,-0.028794,0.493997,0.481512,-0.020168,0.458632,0.451065,-0.013352,0.431476,0.418745,-0.010372,0.591654,0.500778,-0.007073,0.536410,0.529665,0.007813,0.537602,0.587472,0.022466,0.550586,0.615300,0.030166,0.612806,0.496593,0.015407,0.563451,0.526700,0.025617,0.561455,0.571639,0.029077,0.570904,0.594293,0.029119,0.627048,0.505154,0.037532,0.588438,0.524645,0.044901,0.582815,0.559358,0.046597,0.591520,0.586994,0.047223
258,1694850131.486732,1,-8.9266,-8.9266,2.3898,-0.9215,15.1123,856.6272,6.7061,6641.2627,2.7803,144.5687,225.0605,93.0428,52.9214,34.3072,56.3263,0.003735,0.679126,0.703220,-0.000000,0.619221,0.728420,-0.021111,0.552142,0.679271,-0.015184,0.510987,0.618457,0.001038,0.510430,0.580222,0.019359,0.563237,0.534436,-0.029730,0.492837,0.473730,-0.021536,0.457450,0.443782,-0.013557,0.431029,0.412095,-0.009377,0.591398,0.494662,-0.007704,0.535263,0.528072,0.003289,0.538863,0.590880,0.016941,0.554390,0.619255,0.025508,0.611596,0.489750,0.014903,0.561460,0.525403,0.020360,0.562755,0.574340,0.022076,0.575214,0.597258,0.022680,0.625088,0.496910,0.037248,0.585382,0.523254,0.040726,0.582208,0.560352,0.040858,0.593341,0.586997,0.041577
259,1694850131.495065,1,-13.8180,-13.8180,1.6177,-0.7721,14.4772,976.3378,45.0473,6448.1524,3.2395,145.5826,231.4318,93.9980,53.9635,38.5403,61.4674,0.004294,0.678517,0.700621,-0.000000,0.618423,0.724246,-0.019427,0.553201,0.674812,-0.013958,0.512588,0.613418,0.001581,0.511121,0.571566,0.019251,0.564842,0.529912,-0.030066,0.496277,0.467679,-0.023819,0.461084,0.437080,-0.018563,0.433512,0.405758,-0.016202,0.593209,0.490053,-0.008465,0.538026,0.521510,0.003649,0.541306,0.584150,0.017285,0.555937,0.612220,0.025001,0.613591,0.484491,0.013908,0.563418,0.517505,0.021241,0.563454,0.565448,0.024191,0.575282,0.588638,0.024914,0.627248,0.491518,0.036100,0.587044,0.511957,0.041873,0.581509,0.548519,0.043852,0.591514,0.575930,0.045392
260,1694850131.503398,1,0.4038,0.4038,-5.3544,-6.9721,12.5174,3021.2987,58.8989,6764.0137,2.2710,137.4946,238.1324,103.0030,64.4477,50.1540,69.9741,0.002806,0.681458,0.701369,-0.000000,0.619826,0.722586,-0.019871,0.553256,0.668450,-0.016364,0.512029,0.602530,-0.004147,0.511065,0.564883,0.009431,0.567177,0.525995,-0.027272,0.499993,0.462208,-0.017521,0.466206,0.433241,-0.009077,0.440363,0.402512,-0.005488,0.596947,0.486264,-0.007349,0.542050,0.513493,0.004476,0.541738,0.570465,0.017186,0.553313,0.600109,0.024304,0.619617,0.484221,0.013484,0.570505,0.516012,0.021030,0.567605,0.559851,0.024269,0.576186,0.584964,0.024795,0.634955,0.495304,0.033808,0.596108,0.517680,0.038814,0.590306,0.551506,0.040045,0.598266,0.579462,0.040857
261,1694850131.511732,1,1.6304,1.6304,2.1299,7.4842,5.8061,1010.8557,0.4165,7840.3212,2.1378,139.5093,248.6281,104.5383,68.8097,60.2607,83.2563,0.003325,0.679987,0.697665,-0.000000,0.618953,0.717160,-0.020978,0.552865,0.662902,-0.017201,0.512168,0.596854,-0.004542,0.513933,0.557678,0.009382,0.567438,0.520127,-0.026690,0.502365,0.454834,-0.016841,0.468533,0.423441,-0.008660,0.442892,0.391475,-0.005247,0.597564,0.482002,-0.006549,0.543696,0.512222,0.005956,0.543837,0.571328,0.018635,0.556507,0.601688,0.025668,0.620497,0.480748,0.014199,0.571876,0.513350,0.021896,0.569943,0.560803,0.024456,0.579811,0.587108,0.024559,0.636883,0.492548,0.034298,0.598545,0.515753,0.039510,0.592816,0.551884,0.040452,0.601549,0.581531,0.041031
262,1694850131.520065,1,-6.0487,-6.0487,0.7195,-1.4104,5.7761,3018.9879,16.6628,9142.3594,1.9200,141.8241,259.8754,109.6090,76.3387,70.8681,94.0799,0.003108,0.680304,0.698023,-0.000000,0.619316,0.714620,-0.019316,0.554251,0.657676,-0.014867,0.514294,0.591000,-0.001591,0.513332,0.553068,0.013058,0.567661,0.517246,-0.025486,0.505123,0.448066,-0.014681,0.473060,0.415708,-0.006214,0.448024,0.383081,-0.002617,0.598423,0.479016,-0.004944,0.545774,0.503199,0.010920,0.542408,0.557649,0.024800,0.551204,0.586948,0.031815,0.622304,0.478602,0.016415,0.574647,0.507294,0.027857,0.569149,0.550109,0.031287,0.575041,0.574653,0.030959,0.638873,0.491704,0.037215,0.601404,0.510923,0.045246,0.593153,0.544037,0.047039,0.598918,0.573862,0.047622
263,1694850131.528398,1,1.3858,1.3858,3.8010,3.0815,5.9694,2949.8481,14.4305,8174.3158,2.8692,142.0409,264.2028,110.9498,79.0729,76.2969,100.4559,0.003423,0.680544,0.692330,-0.000000,0.618006,0.709934,-0.020300,0.554031,0.650414,-0.015617,0.515234,0.582158,-0.001768,0.515832,0.545023,0.013536,0.569772,0.510522,-0.026589,0.506747,0.441153,-0.016449,0.474219,0.410159,-0.007913,0.449850,0.377586,-0.004013,0.600569,0.473571,-0.005348,0.545658,0.497040,0.009281,0.542856,0.552997,0.023393,0.553270,0.581883,0.031057,0.623357,0.473366,0.016511,0.573279,0.500153,0.025954,0.568500,0.544187,0.028844,0.576226,0.569767,0.028867,0.638889,0.485184,0.037875,0.599169,0.504883,0.044242,0.591570,0.538829,0.045180,0.598621,0.568236,0.045508
264,1694850131.536732,1,-0.1921,-0.1921,-0.1490,-3.9499,2.8204,3080.2731,1.8504,9124.4573,2.9728,138.7315,269.1318,112.0878,83.1785,83.6663,110.0712,0.003881,0.679944,0.691412,-0.000000,0.618165,0.706759,-0.022096,0.553456,0.644572,-0.018015,0.514420,0.572662,-0.004399,0.517922,0.537960,0.010522,0.571492,0.507607,-0.026730,0.509372,0.435197,-0.016145,0.477026,0.401655,-0.007796,0.452338,0.368307,-0.004118,0.602909,0.471291,-0.004448,0.548231,0.492431,0.011089,0.546076,0.552393,0.025416,0.557925,0.585385,0.033275,0.626042,0.472263,0.018313,0.576428,0.497931,0.028218,0.572951,0.545867,0.030338,0.582692,0.573808,0.029878,0.642415,0.484854,0.040541,0.603379,0.503709,0.047954,0.596586,0.540457,0.049115,0.605183,0.571839,0.049396
265,1694850131.545065,1,5.7290,5.7290,1.0247,1.1736,3.8149,2955.4648,53.0419,9277.5405,2.1480,138.8627,275.4055,115.4617,87.8218,90.3812,118.3879,0.004189,0.679153,0.687578,-0.000000,0.618328,0.702353,-0.018246,0.555618,0.642208,-0.014403,0.517302,0.573152,-0.002142,0.518295,0.538519,0.011260,0.571467,0.506072,-0.027364,0.511665,0.432503,-0.020570,0.479711,0.397107,-0.014651,0.455635,0.363987,-0.012228,0.602335,0.468351,-0.008546,0.551436,0.491881,0.003359,0.550218,0.549195,0.016357,0.561513,0.580115,0.023600,0.625807,0.468004,0.011003,0.579030,0.495929,0.017991,0.576499,0.541740,0.020915,0.586224,0.569651,0.021454,0.642607,0.480827,0.030216,0.605619,0.501084,0.034949,0.599497,0.535921,0.036244,0.607440,0.566961,0.037283
266,1694850131.553398,1,9.1685,9.1685,3.8043,2.7796,5.2011,848.1270,30.2767,8106.1503,2.9462,136.6258,280.4919,117.8910,91.6350,95.8694,124.8379,0.004215,0.678337,0.682601,-0.000000,0.617225,0.697633,-0.019137,0.554009,0.637085,-0.016350,0.517203,0.564223,-0.005040,0.520286,0.524499,0.007329,0.572253,0.501198,-0.029153,0.512621,0.428119,-0.022282,0.481228,0.393419,-0.016729,0.457440,0.359864,-0.014914,0.604006,0.464479,-0.010554,0.553236,0.487944,0.001676,0.552889,0.544471,0.014557,0.564681,0.573474,0.021237,0.627665,0.465708,0.008819,0.580756,0.492110,0.016002,0.578713,0.537107,0.019413,0.588725,0.563556,0.019861,0.644503,0.479783,0.027767,0.606720,0.499475,0.032728,0.601567,0.534760,0.034935,0.610385,0.564938,0.036338
267,1694850131.561732,1,-1.6401,-1.6401,-0.7565,-4.5608,3.9941,2669.0156,20.4281,6625.2507,2.3139,127.2323,285.5562,116.1708,92.4429,99.5995,130.1404,0.005636,0.675079,0.676297,-0.000000,0.616794,0.691870,-0.016418,0.556842,0.636106,-0.009518,0.520348,0.572352,0.006892,0.516979,0.539129,0.024940,0.569189,0.494632,-0.027516,0.510762,0.420953,-0.019877,0.479456,0.385742,-0.014097,0.456234,0.351932,-0.011254,0.601023,0.458525,-0.006885,0.550905,0.478338,0.011067,0.548001,0.533164,0.027166,0.557958,0.561309,0.035292,0.625431,0.458465,0.014490,0.578786,0.481190,0.026636,0.573690,0.524314,0.029877,0.580285,0.547045,0.029414,0.642921,0.469993,0.035828,0.606141,0.486195,0.044416,0.597539,0.519284,0.046512,0.602998,0.548460,0.047254
268,1694850131.570065,1,-4.3441,-4.3441,-1.0380,-0.2815,4.9653,2684.6348,33.4796,7656.2765,1.7319,130.9375,294.8380,123.6507,100.9763,107.9877,137.1240,0.004061,0.679500,0.680884,-0.000000,0.617295,0.693120,-0.015697,0.556180,0.631737,-0.008656,0.520741,0.562901,0.007349,0.519586,0.529310,0.024656,0.570465,0.491996,-0.025682,0.512833,0.415490,-0.016429,0.483276,0.380153,-0.009607,0.460799,0.346130,-0.006632,0.603305,0.456789,-0.005788,0.553126,0.482239,0.011660,0.550569,0.537933,0.026655,0.559718,0.567241,0.033810,0.627940,0.459063,0.015076,0.581020,0.488682,0.027553,0.577349,0.532472,0.030674,0.585084,0.557963,0.029694,0.644777,0.473591,0.035772,0.607833,0.494563,0.043710,0.600853,0.528814,0.044837,0.607643,0.560199,0.044853
269,1694850131.578398,1,9.5381,9.5381,0.9523,1.9903,5.6803,2487.9142,63.1467,6921.8009,1.8485,124.9421,292.9955,122.6808,101.0533,108.9595,139.2582,0.005011,0.676515,0.674880,-0.000000,0.616433,0.686602,-0.013508,0.556307,0.628047,-0.005198,0.521654,0.564862,0.011885,0.520720,0.530413,0.030499,0.570095,0.490623,-0.022498,0.513539,0.414193,-0.012854,0.482742,0.377778,-0.005789,0.459498,0.345665,-0.002142,0.602028,0.455710,-0.002691,0.554269,0.473532,0.017537,0.549610,0.525613,0.034339,0.557207,0.554178,0.042636,0.627064,0.455915,0.017985,0.581770,0.476931,0.032473,0.575579,0.517794,0.035978,0.580868,0.540736,0.035250,0.644189,0.468002,0.038791,0.607959,0.483387,0.049028,0.598998,0.514730,0.051404,0.604252,0.543505,0.052089
270,1694850131.586732,1,23.6160,23.6160,3.6119,2.6596,9.9017,2383.0905,85.1424,6708.3893,1.8894,122.9645,296.0681,125.3201,102.6936,109.2343,138.6875,0.004539,0.676042,0.673088,-0.000000,0.614716,0.684232,-0.010639,0.554530,0.624811,0.001700,0.521077,0.561011,0.023119,0.519576,0.526958,0.046628,0.568231,0.483696,-0.012439,0.514620,0.409257,0.003766,0.485337,0.376976,0.013683,0.462284,0.348681,0.018934,0.601335,0.452282,0.009196,0.555248,0.468567,0.038559,0.550043,0.521136,0.057734,0.557403,0.551668,0.066187,0.627289,0.455623,0.031727,0.583450,0.470737,0.053676,0.575885,0.511311,0.056554,0.580219,0.535207,0.053866,0.645590,0.468241,0.054730,0.610704,0.480524,0.071094,0.599785,0.511972,0.074008,0.603564,0.541749,0.073794
271,1694850131.595065,1,-25.3627,-25.3627,-5.9306,-9.5425,16.2041,2003.4839,47.7598,7214.1106,1.6514,123.2261,294.3468,122.9593,102.1395,110.3474,141.2134,0.006443,0.676156,0.672198,-0.000000,0.614820,0.682338,-0.010000,0.556037,0.624856,0.003871,0.523026,0.564262,0.027459,0.518745,0.528671,0.053665,0.566248,0.483977,-0.010737,0.513904,0.409599,0.004374,0.484593,0.375127,0.012259,0.461131,0.346306,0.016566,0.599104,0.452801,0.012691,0.553380,0.463922,0.045096,0.547558,0.517008,0.065622,0.553000,0.548867,0.074441,0.624598,0.455236,0.036754,0.580690,0.466453,0.061403,0.571553,0.508661,0.065206,0.574418,0.532800,0.062686,0.642626,0.465243,0.061340,0.607134,0.476443,0.079647,0.595191,0.509879,0.083354,0.598221,0.539922,0.083399
272,1694850131.603398,1,9.0531,9.0531,3.3493,9.2800,16.5017,315.3497,70.3442,8095.9305,1.1789,126.2670,294.5520,121.3652,102.0237,111.5149,142.4467,0.006811,0.674693,0.671899,-0.000000,0.614404,0.683333,-0.011050,0.554781,0.623637,-0.000820,0.520711,0.558542,0.018416,0.517838,0.525789,0.039268,0.566870,0.484159,-0.018646,0.512506,0.409173,-0.006629,0.482333,0.373004,0.000493,0.459059,0.340818,0.003940,0.599806,0.449796,0.001946,0.554398,0.467855,0.027918,0.549801,0.521167,0.046316,0.557308,0.551133,0.054447,0.625937,0.451825,0.023628,0.582470,0.469831,0.043080,0.575770,0.512385,0.046326,0.581069,0.536982,0.044105,0.644434,0.464224,0.045760,0.609398,0.478393,0.059983,0.599701,0.511664,0.062932,0.604607,0.541880,0.063035
273,1694850131.611732,1,-1.0434,-1.0434,-2.6454,-5.9947,16.2793,2022.1869,31.0591,8139.2441,1.3429,123.2330,295.9770,122.9189,102.6651,111.3169,141.8151,0.005537,0.673220,0.671984,-0.000000,0.613430,0.684653,-0.012034,0.554429,0.625192,-0.004594,0.520817,0.560262,0.010743,0.519363,0.526225,0.026999,0.567805,0.486255,-0.021206,0.512878,0.411088,-0.010995,0.483055,0.376037,-0.003846,0.461415,0.345837,-0.000399,0.601198,0.451000,-0.003367,0.555290,0.472865,0.016890,0.550273,0.527584,0.032908,0.558607,0.558955,0.040534,0.628014,0.453105,0.015621,0.584175,0.476850,0.030401,0.577437,0.518989,0.034137,0.583214,0.544966,0.033261,0.647682,0.468205,0.034796,0.612375,0.486909,0.045177,0.603646,0.519324,0.048165,0.609401,0.550132,0.049220
274,1694850131.620065,1,23.1706,23.1706,-0.1114,2.5340,18.1529,121.9406,81.1410,7545.2756,1.2680,121.8457,296.6182,125.5501,104.2949,112.3864,142.3847,0.005645,0.672297,0.673008,-0.000000,0.611517,0.682827,-0.009430,0.553035,0.625558,0.001509,0.521051,0.562915,0.021055,0.516969,0.528653,0.042386,0.564377,0.484010,-0.015534,0.510041,0.408320,-0.002273,0.482612,0.375472,0.006060,0.462350,0.347825,0.010876,0.598016,0.450905,0.004956,0.552926,0.465738,0.033551,0.546220,0.516304,0.053545,0.551396,0.546901,0.062596,0.625503,0.454650,0.026419,0.582241,0.475481,0.048635,0.574442,0.516111,0.053187,0.577708,0.539846,0.051488,0.645664,0.468696,0.048324,0.612103,0.485550,0.064785,0.601926,0.517105,0.068749,0.605338,0.547805,0.069293
275,1694850131.628398,1,-23.4361,-23.4361,0.4817,0.5930,18.7102,9.6563,2.1299,8797.9238,2.0964,122.8318,293.1699,121.1614,100.9430,110.5756,142.1695,0.005626,0.671110,0.672211,-0.000000,0.610358,0.683843,-0.009495,0.551782,0.626798,0.001951,0.519899,0.564531,0.021945,0.517443,0.532357,0.043631,0.561036,0.485910,-0.014143,0.508563,0.410999,-0.000955,0.480256,0.377932,0.006776,0.459858,0.350531,0.011054,0.595108,0.453448,0.005982,0.552238,0.470061,0.033888,0.547067,0.523314,0.052532,0.554382,0.554271,0.060887,0.623546,0.456835,0.027048,0.581777,0.475087,0.048354,0.574999,0.518012,0.051498,0.579874,0.542341,0.049164,0.644516,0.470683,0.048594,0.611129,0.485472,0.064181,0.601251,0.518367,0.067252,0.606027,0.548939,0.067411
276,1694850131.636732,1,18.1673,18.1673,2.2785,1.7969,16.5224,205.9030,59.2215,8389.6069,2.1504,122.8472,290.6880,120.4472,99.4138,108.5882,140.0651,0.006320,0.668997,0.676206,-0.000000,0.609512,0.686632,-0.007876,0.552278,0.630966,0.001188,0.519505,0.571750,0.017390,0.513843,0.537767,0.034851,0.560259,0.487966,-0.014095,0.506211,0.415617,-0.003547,0.478025,0.381032,0.002423,0.458558,0.353341,0.005824,0.593423,0.453341,0.003454,0.552219,0.471420,0.028140,0.546730,0.520538,0.045344,0.553117,0.549130,0.053253,0.622455,0.455053,0.022054,0.581758,0.474016,0.041192,0.574190,0.513555,0.045697,0.577832,0.537199,0.044881,0.644228,0.468997,0.041122,0.611919,0.482904,0.055682,0.601577,0.513447,0.060259,0.605158,0.542288,0.062079
277,1694850131.645065,1,-16.4498,-16.4498,-3.8516,-6.1301,18.3730,308.4226,4.3524,8078.4854,2.6601,122.6775,286.7456,118.4862,96.7980,105.7525,137.0346,0.006398,0.668402,0.677004,-0.000000,0.609194,0.689811,-0.009652,0.550332,0.632617,-0.000361,0.516075,0.574246,0.016135,0.511284,0.539601,0.033869,0.559938,0.491513,-0.013504,0.506171,0.419383,-0.003698,0.476617,0.384284,0.002181,0.456136,0.356843,0.005731,0.592932,0.455542,0.003945,0.552083,0.475921,0.026789,0.546164,0.526113,0.043084,0.553047,0.555760,0.051086,0.622146,0.456288,0.022052,0.582147,0.477995,0.038993,0.574230,0.517238,0.042972,0.577756,0.541131,0.042594,0.644734,0.469941,0.040432,0.612842,0.489174,0.053687,0.603127,0.519857,0.058070,0.607250,0.548747,0.060202
278,1694850131.653398,1,9.7064,9.7064,-3.3660,0.4856,18.7408,437.4438,35.0102,8517.6905,1.8644,121.7168,281.1632,111.5358,89.9885,99.5468,131.3615,0.007807,0.670335,0.678700,-0.000000,0.608783,0.692725,-0.010166,0.548406,0.636172,-0.003691,0.514612,0.568599,0.009665,0.511986,0.532009,0.023588,0.558834,0.494746,-0.017918,0.503627,0.423457,-0.007119,0.473343,0.390119,-0.000507,0.451695,0.360637,0.002291,0.592765,0.457697,-0.001573,0.548922,0.480035,0.019282,0.545277,0.532877,0.034176,0.554882,0.563669,0.040705,0.621416,0.458999,0.016091,0.579295,0.484453,0.031556,0.574709,0.527352,0.034603,0.582359,0.554695,0.032940,0.643246,0.473490,0.034094,0.609326,0.491136,0.045908,0.602374,0.524687,0.049441,0.609577,0.556309,0.050546
279,1694850131.661732,1,-6.1158,-6.1158,4.3301,7.6961,15.5935,390.6345,18.7818,9504.6432,2.7768,122.8372,277.8617,105.2948,83.3862,94.8310,127.3287,0.011034,0.670069,0.681777,-0.000000,0.608945,0.695882,-0.010414,0.548263,0.640168,-0.003797,0.511992,0.578175,0.009610,0.507752,0.542509,0.023558,0.556206,0.498019,-0.018015,0.500440,0.429348,-0.008405,0.469317,0.395820,-0.002356,0.447165,0.365636,0.000386,0.589360,0.458731,-0.001749,0.545728,0.484676,0.017931,0.542416,0.537280,0.032734,0.552107,0.567763,0.039634,0.618130,0.458588,0.015689,0.576031,0.488949,0.030241,0.572150,0.531161,0.033619,0.579920,0.557938,0.032621,0.640316,0.472883,0.033371,0.606420,0.494037,0.044709,0.599881,0.527223,0.048466,0.607184,0.558744,0.050030
280,1694850131.670065,1,0.1337,0.1337,-4.5084,-8.8385,12.0529,1674.7800,51.2414,9244.5314,2.4842,128.5401,273.0345,98.4091,77.1349,89.3910,123.5698,0.015089,0.670992,0.688408,-0.000000,0.608136,0.703042,-0.013011,0.546167,0.646994,-0.007686,0.509751,0.581324,0.005221,0.509658,0.542258,0.018671,0.554398,0.502506,-0.022070,0.496181,0.433806,-0.013180,0.464589,0.399907,-0.007792,0.442148,0.368634,-0.005618,0.587871,0.461971,-0.004013,0.541441,0.490134,0.016721,0.539167,0.543684,0.032152,0.549299,0.573593,0.038866,0.616341,0.461226,0.015088,0.572014,0.494511,0.029907,0.569325,0.537996,0.033139,0.577755,0.565265,0.031754,0.637778,0.474688,0.034331,0.601130,0.497437,0.045529,0.595268,0.531361,0.048883,0.603124,0.563680,0.049962
281,1694850131.678398,1,5.3291,5.3291,5.4447,9.9531,9.1618,719.1229,20.9466,8533.4274,2.4643,127.0988,262.6043,90.9604,67.9728,78.9374,113.0985,0.013215,0.668288,0.689011,-0.000000,0.607608,0.706204,-0.012900,0.543629,0.650800,-0.006720,0.505317,0.586929,0.007043,0.504107,0.549824,0.021622,0.551641,0.508178,-0.022001,0.493352,0.442856,-0.015814,0.461060,0.410403,-0.012276,0.438200,0.381445,-0.011025,0.585236,0.467183,-0.005459,0.540744,0.491768,0.011231,0.539047,0.544219,0.025068,0.549835,0.574210,0.031709,0.614396,0.465429,0.011878,0.572233,0.494550,0.023211,0.569264,0.537020,0.026324,0.577951,0.563311,0.025785,0.637860,0.478255,0.029243,0.603915,0.500935,0.037700,0.598780,0.534613,0.040969,0.607498,0.565140,0.042657
282,1694850131.686732,1,0.7829,0.7829,-2.2309,-7.6756,5.3160,932.1865,31.2299,6734.1530,2.5358,130.2346,251.3283,82.2493,55.5015,65.6339,100.8986,0.014321,0.668387,0.689533,-0.000000,0.607390,0.709992,-0.013470,0.541791,0.655787,-0.006512,0.502517,0.592523,0.008287,0.499988,0.555254,0.024035,0.547734,0.511846,-0.019025,0.488350,0.452458,-0.010043,0.455432,0.422649,-0.004476,0.431898,0.394494,-0.001933,0.580204,0.469912,-0.001494,0.535510,0.498574,0.016882,0.535910,0.553228,0.031024,0.548481,0.583657,0.038209,0.607977,0.467028,0.016756,0.565664,0.499515,0.028502,0.564450,0.544018,0.030135,0.574320,0.569629,0.028944,0.629854,0.477411,0.035195,0.594923,0.503633,0.044403,0.591427,0.538899,0.047100,0.601456,0.569008,0.048383
283,1694850131.695065,1,3.1543,3.1543,2.3175,4.5484,3.8529,1189.7049,28.4746,6254.9760,2.3180,129.3225,243.8618,80.7327,49.3736,54.0772,87.0030,0.011361,0.666245,0.689695,-0.000000,0.604529,0.711666,-0.013734,0.540377,0.660755,-0.008922,0.500090,0.600911,0.002990,0.497656,0.563748,0.015679,0.547274,0.517239,-0.021509,0.485626,0.461590,-0.014971,0.452483,0.433886,-0.010542,0.429780,0.406007,-0.008836,0.579210,0.474579,-0.006023,0.534684,0.505634,0.008007,0.534641,0.559339,0.020073,0.546649,0.587970,0.026089,0.607484,0.470470,0.010291,0.565638,0.503759,0.019446,0.564089,0.547901,0.022183,0.573824,0.573684,0.021928,0.630430,0.481614,0.026498,0.596580,0.507093,0.033969,0.592277,0.540846,0.037122,0.601447,0.570392,0.039047
284,1694850131.703398,1,-5.7160,-5.7160,-1.4624,-3.7800,3.7132,1634.2739,15.6286,7333.4871,2.1382,131.4182,239.5104,68.2524,39.8375,52.9803,90.6096,0.016653,0.667857,0.689814,-0.000000,0.601268,0.714405,-0.015036,0.536015,0.662567,-0.010496,0.498462,0.599157,0.001807,0.499767,0.561670,0.014925,0.544235,0.516947,-0.022633,0.478627,0.464541,-0.015137,0.444014,0.435106,-0.010910,0.420887,0.402844,-0.009887,0.577330,0.477775,-0.005329,0.527679,0.505123,0.010019,0.529493,0.559285,0.022945,0.544544,0.586524,0.028978,0.603843,0.476329,0.012808,0.558109,0.502212,0.022968,0.555734,0.547263,0.026168,0.567653,0.574791,0.025744,0.624356,0.488056,0.030757,0.587627,0.508520,0.038016,0.582783,0.543437,0.040590,0.593074,0.574055,0.041821
285,1694850131.711732,1,12.9046,12.9046,1.8939,3.3563,6.0665,937.2899,49.8589,7730.4008,2.8228,139.2346,229.6920,62.5492,32.9335,46.7297,84.3075,0.019788,0.664477,0.693132,-0.000000,0.602737,0.717959,-0.015054,0.536680,0.670958,-0.011001,0.495371,0.614490,0.000731,0.488382,0.582298,0.012921,0.539079,0.522968,-0.025649,0.474246,0.470331,-0.020606,0.439269,0.438941,-0.017837,0.414451,0.406474,-0.017354,0.570534,0.478252,-0.008922,0.524597,0.516031,0.004339,0.528247,0.574259,0.016963,0.542840,0.602493,0.023405,0.598341,0.474233,0.008734,0.555751,0.511598,0.017239,0.556964,0.558029,0.020693,0.569287,0.583010,0.020982,0.620463,0.485388,0.026315,0.585928,0.513899,0.032801,0.583815,0.550547,0.036256,0.595278,0.579207,0.038555
286,1694850131.720065,1,13.9536,13.9536,3.2927,1.3988,7.4655,1447.0995,14.7431,7143.7819,2.1949,138.1296,221.5469,60.0769,27.4427,38.9106,75.6422,0.019262,0.663455,0.695103,-0.000000,0.601747,0.721410,-0.015170,0.536091,0.676158,-0.012576,0.493959,0.620162,-0.002978,0.486307,0.584079,0.006838,0.536097,0.528296,-0.024304,0.470829,0.477263,-0.018728,0.435042,0.447249,-0.015348,0.410558,0.417255,-0.014386,0.567213,0.482864,-0.008731,0.522364,0.519970,0.004205,0.525331,0.574950,0.016332,0.539847,0.603154,0.022629,0.595758,0.478445,0.007718,0.553887,0.514410,0.015481,0.555010,0.558892,0.018926,0.567103,0.584498,0.019453,0.618871,0.489291,0.024041,0.584276,0.517457,0.030267,0.582104,0.552413,0.034227,0.593498,0.580148,0.037002
287,1694850131.728398,1,-1.4524,-1.4524,-1.1517,-4.4443,7.7665,954.2118,48.4825,7337.7567,2.0316,138.0062,211.2447,60.9614,24.1334,30.6346,67.7882,0.017147,0.661655,0.696537,-0.000000,0.599883,0.724800,-0.015531,0.532399,0.680350,-0.011720,0.489247,0.624308,-0.000674,0.482156,0.589554,0.010754,0.533064,0.529634,-0.020265,0.467566,0.484358,-0.009630,0.432713,0.458714,-0.002681,0.408275,0.430359,0.000178,0.563545,0.484968,-0.003214,0.516651,0.522178,0.014042,0.519022,0.576516,0.027605,0.533097,0.603111,0.034487,0.591217,0.480054,0.014747,0.547863,0.515335,0.026369,0.547235,0.559396,0.029749,0.557952,0.583805,0.029590,0.612950,0.489841,0.032493,0.577130,0.515643,0.041277,0.573481,0.550898,0.044821,0.584148,0.578789,0.046823
288,1694850131.736732,1,-5.8593,-5.8593,-0.0358,1.1159,8.8554,1447.8928,1.3083,8659.2544,2.8131,142.0818,207.1317,57.1680,20.4936,31.3680,70.1211,0.019507,0.662338,0.699569,-0.000000,0.599799,0.728126,-0.016083,0.531146,0.683386,-0.011572,0.487309,0.627134,0.000644,0.478096,0.594231,0.013221,0.531043,0.531643,-0.020716,0.464591,0.486366,-0.009398,0.429447,0.459325,-0.002302,0.404760,0.430081,0.000630,0.561606,0.486878,-0.002736,0.515069,0.528990,0.015847,0.517358,0.585255,0.029363,0.531773,0.612367,0.035812,0.589361,0.483497,0.016231,0.546992,0.522462,0.028640,0.546325,0.567537,0.031272,0.557608,0.592300,0.030284,0.611133,0.494576,0.035052,0.576124,0.522690,0.044243,0.572962,0.557980,0.047439,0.584428,0.585994,0.049011
289,1694850131.745065,1,0.5691,0.5691,-3.0839,-3.0481,7.9633,1369.3818,35.6141,10118.8252,2.2209,143.3380,203.7950,58.6043,20.5483,25.8948,64.4580,0.017427,0.661101,0.697041,-0.000000,0.599187,0.728732,-0.016383,0.530353,0.687369,-0.012391,0.485885,0.631172,-0.000561,0.476274,0.598154,0.011786,0.529247,0.535259,-0.022896,0.463011,0.489877,-0.012907,0.428181,0.463711,-0.006133,0.403028,0.435250,-0.003331,0.558449,0.488639,-0.005295,0.510648,0.530798,0.010651,0.514936,0.585862,0.023640,0.530417,0.611719,0.030201,0.584949,0.482709,0.013303,0.541320,0.523355,0.023678,0.542456,0.568706,0.026504,0.554434,0.593113,0.026073,0.605903,0.492017,0.031713,0.570284,0.522027,0.039515,0.568270,0.557735,0.042457,0.579963,0.584733,0.044097
290,1694850131.753398,1,6.6573,6.6573,-1.8241,1.2598,6.8894,1077.9743,47.7717,10281.3432,2.6565,144.6991,200.7545,52.2474,14.6478,28.1642,66.9481,0.020142,0.659717,0.696788,-0.000000,0.597212,0.727118,-0.016953,0.527955,0.685097,-0.011523,0.483844,0.631257,0.002370,0.476256,0.595685,0.016905,0.527537,0.533600,-0.022243,0.460206,0.487512,-0.009681,0.424730,0.462080,-0.001482,0.399740,0.433399,0.002188,0.557541,0.488577,-0.002877,0.511291,0.531593,0.016242,0.515010,0.588054,0.029521,0.530571,0.616292,0.035852,0.585237,0.484056,0.017651,0.543375,0.524884,0.030568,0.544517,0.571589,0.031653,0.556765,0.597690,0.029637,0.607481,0.493053,0.038096,0.573626,0.524864,0.047728,0.571574,0.560622,0.049728,0.583674,0.589436,0.050403
291,1694850131.761732,1,7.0204,7.0204,2.1182,3.9423,4.9143,963.4714,11.3296,10816.3768,1.5227,143.7971,199.5226,53.8822,14.8334,26.3584,65.8322,0.020184,0.659645,0.698202,-0.000000,0.596241,0.727828,-0.015739,0.525762,0.683869,-0.010759,0.480701,0.626533,0.002231,0.478560,0.590065,0.015857,0.526800,0.532086,-0.020781,0.459145,0.487204,-0.008613,0.423993,0.462870,-0.000699,0.399084,0.436138,0.002739,0.557224,0.486932,-0.002143,0.509193,0.525933,0.017450,0.511702,0.579658,0.031669,0.526113,0.607262,0.038519,0.585469,0.481904,0.017574,0.541718,0.519908,0.030774,0.540994,0.564118,0.032781,0.552323,0.589700,0.031350,0.608298,0.490902,0.037269,0.572499,0.519076,0.047198,0.568458,0.553880,0.049637,0.579600,0.582970,0.050505
292,1694850131.770065,1,11.9649,11.9649,4.4560,2.3379,6.1413,55.3246,79.4305,10141.7826,1.1728,141.2955,201.6293,53.7789,14.6174,28.4081,68.3752,0.020531,0.657091,0.697195,-0.000000,0.594910,0.727268,-0.013605,0.526306,0.684491,-0.007828,0.482541,0.626932,0.006442,0.477985,0.590677,0.021384,0.526336,0.537199,-0.025173,0.460426,0.488566,-0.017333,0.425378,0.461516,-0.013634,0.399376,0.433826,-0.012688,0.557619,0.487807,-0.006435,0.511135,0.520366,0.014920,0.513003,0.573904,0.031273,0.526115,0.602395,0.038377,0.587214,0.481124,0.013455,0.544646,0.513503,0.028614,0.543307,0.558349,0.032555,0.553862,0.585712,0.031400,0.611700,0.489871,0.033540,0.578301,0.515534,0.044699,0.574530,0.550605,0.048681,0.585261,0.580742,0.050042
293,1694850131.778398,1,5.4555,5.4555,1.2216,-3.2344,3.6411,850.7680,54.1318,10356.8804,1.6758,143.6273,201.8103,50.9115,13.1705,30.2028,69.1641,0.021550,0.657655,0.695216,-0.000000,0.594779,0.722951,-0.014223,0.526710,0.679450,-0.009330,0.483276,0.622973,0.003437,0.474833,0.587221,0.016705,0.526231,0.529384,-0.023252,0.460520,0.481305,-0.012726,0.425007,0.455519,-0.006362,0.399042,0.428344,-0.003952,0.557301,0.481846,-0.005317,0.511607,0.519568,0.015088,0.512682,0.573470,0.030225,0.525212,0.602172,0.036929,0.587046,0.476511,0.013898,0.545149,0.513000,0.028041,0.543844,0.557005,0.031544,0.554019,0.584076,0.030445,0.611267,0.486102,0.033161,0.577471,0.513088,0.043580,0.573407,0.548012,0.047262,0.583793,0.578567,0.048733
294,1694850131.786732,1,-9.2618,-9.2618,-3.9798,-5.2014,7.1686,266.4319,33.3990,9964.1972,2.2431,144.3819,205.9688,48.6461,12.9188,34.4982,74.0426,0.025103,0.657170,0.688137,-0.000000,0.595601,0.719787,-0.014001,0.526517,0.676762,-0.008443,0.483753,0.618419,0.005164,0.478276,0.577895,0.019542,0.525764,0.527637,-0.023077,0.460603,0.478620,-0.014357,0.425007,0.451392,-0.009343,0.399844,0.422822,-0.007389,0.556636,0.478857,-0.005697,0.514364,0.515267,0.013840,0.517590,0.568973,0.028811,0.532099,0.595937,0.036006,0.585883,0.471234,0.012694,0.546299,0.507416,0.025766,0.545941,0.551892,0.029121,0.557175,0.577615,0.028612,0.609960,0.478459,0.031108,0.577427,0.507582,0.041108,0.574671,0.542246,0.045105,0.585991,0.571162,0.047278
295,1694850131.795065,1,-1.8195,-1.8195,-2.2100,1.7698,7.4243,686.0793,33.2276,8905.9232,2.5642,142.9900,213.8845,48.5653,16.3252,39.1036,78.1775,0.027664,0.659446,0.686513,-0.000000,0.596554,0.717137,-0.012093,0.527293,0.672884,-0.006047,0.484956,0.612810,0.007226,0.479930,0.574051,0.021011,0.525445,0.523988,-0.019435,0.461617,0.472742,-0.009412,0.427028,0.444246,-0.003738,0.401838,0.414870,-0.001718,0.556850,0.475075,-0.003181,0.514334,0.508005,0.016468,0.516319,0.560422,0.030754,0.529138,0.588189,0.037244,0.587669,0.467166,0.014192,0.547687,0.500731,0.027888,0.547551,0.544344,0.030819,0.558339,0.570165,0.029564,0.613120,0.474116,0.031666,0.580587,0.500316,0.042245,0.578211,0.535120,0.045986,0.589655,0.563858,0.047582
296,1694850131.803398,1,7.3840,7.3840,-1.1452,1.0648,7.4682,574.8190,52.6930,8297.9048,4.4080,138.5579,216.6242,54.2647,21.6487,38.5527,76.5058,0.024802,0.662009,0.681747,-0.000000,0.598881,0.709702,-0.012781,0.531593,0.667871,-0.009453,0.488681,0.611371,0.000391,0.480602,0.573451,0.010682,0.526954,0.517079,-0.022531,0.462938,0.465578,-0.015766,0.428964,0.438293,-0.011169,0.405176,0.411081,-0.009409,0.558826,0.467264,-0.008238,0.516413,0.503211,0.006695,0.518295,0.555048,0.019264,0.530965,0.583211,0.025245,0.590405,0.460238,0.007144,0.550891,0.500025,0.016617,0.551723,0.542691,0.020060,0.562698,0.568802,0.019986,0.616548,0.469372,0.022473,0.584308,0.498793,0.029704,0.582622,0.531058,0.033582,0.593391,0.558802,0.036019
297,1694850131.811732,1,4.7918,4.7918,-0.1659,0.9793,6.1279,776.1168,19.2973,8356.7376,2.7480,135.3819,222.1927,52.6742,23.9247,44.7540,83.6995,0.028466,0.661733,0.675817,-0.000000,0.597816,0.705832,-0.012682,0.530125,0.658649,-0.007944,0.488333,0.598796,0.003367,0.482949,0.564395,0.015071,0.529648,0.509491,-0.019980,0.466497,0.459170,-0.011979,0.432204,0.431502,-0.007423,0.407938,0.402663,-0.006247,0.561715,0.461414,-0.005632,0.518731,0.496429,0.010280,0.519539,0.547835,0.022881,0.531679,0.574944,0.028702,0.592641,0.455422,0.009671,0.552738,0.489594,0.020144,0.551309,0.530962,0.023630,0.561596,0.556609,0.023365,0.618305,0.465333,0.024764,0.586230,0.489932,0.032135,0.582802,0.521450,0.035482,0.593035,0.549156,0.037460
298,1694850131.820065,1,5.5872,5.5872,3.7122,3.8782,6.1460,792.4130,41.8847,7683.3518,2.9839,136.4907,227.3564,52.6832,27.6130,49.6739,88.1146,0.028203,0.660178,0.671669,-0.000000,0.597187,0.698522,-0.009740,0.529951,0.652005,-0.003712,0.488613,0.592748,0.008556,0.482528,0.556379,0.020925,0.526732,0.504815,-0.015775,0.466682,0.451154,-0.005114,0.433444,0.421858,0.000192,0.409168,0.394304,0.001810,0.559713,0.455795,-0.001307,0.519448,0.487765,0.019988,0.521154,0.539998,0.034519,0.533327,0.568610,0.040990,0.592303,0.449384,0.014359,0.554281,0.482882,0.029606,0.553644,0.525754,0.033537,0.563907,0.552354,0.032711,0.619366,0.458668,0.030201,0.587600,0.484480,0.041478,0.584660,0.518027,0.046123,0.595333,0.546773,0.048347
299,1694850131.828398,1,-1.2320,-1.2320,0.1469,-3.5654,3.7482,828.4962,23.4709,7538.1242,3.0333,136.8920,235.2979,57.7601,33.2236,53.5151,92.3547,0.025721,0.662863,0.662951,-0.000000,0.599707,0.690201,-0.011349,0.534548,0.642806,-0.005778,0.493752,0.585568,0.006354,0.485011,0.549685,0.018986,0.532472,0.495568,-0.018683,0.470527,0.444397,-0.009431,0.436999,0.416413,-0.003951,0.413585,0.387551,-0.002085,0.565072,0.448302,-0.004203,0.522567,0.482985,0.013732,0.523226,0.533728,0.027145,0.535418,0.560750,0.033234,0.596362,0.442321,0.011362,0.556255,0.476667,0.023630,0.554123,0.518317,0.027479,0.563663,0.544516,0.027120,0.621978,0.452178,0.026846,0.589507,0.476673,0.035051,0.584970,0.509182,0.038358,0.594129,0.538948,0.040175
300,1694850131.836732,1,5.2667,5.2667,-0.5293,-0.6762,2.9302,940.0393,41.4875,7901.1528,3.6075,134.3341,238.1882,58.0557,34.3515,55.1289,94.4262,0.026913,0.663441,0.659010,-0.000000,0.600209,0.683772,-0.010710,0.533650,0.636787,-0.005380,0.492598,0.575864,0.006444,0.487059,0.535538,0.018522,0.532503,0.488159,-0.016821,0.470833,0.436470,-0.006149,0.438053,0.409502,-0.000494,0.414226,0.383694,0.001644,0.565866,0.441532,-0.001244,0.523686,0.473200,0.020002,0.523411,0.524720,0.034617,0.534709,0.555116,0.041279,0.598238,0.437349,0.015542,0.558847,0.471362,0.030461,0.557002,0.514436,0.033551,0.566806,0.542738,0.032426,0.624759,0.447505,0.032552,0.592628,0.475406,0.043479,0.588846,0.509395,0.047289,0.598931,0.539482,0.049039
301,1694850131.845065,1,-7.9553,-7.9553,-3.1868,-2.6574,5.2608,630.1673,44.8858,8088.0153,2.9911,131.5170,238.9622,58.1330,35.3373,56.8935,96.5475,0.029435,0.666884,0.655204,-0.000000,0.603508,0.678011,-0.010136,0.537527,0.628308,-0.003195,0.496392,0.567683,0.010685,0.487787,0.529913,0.025031,0.535238,0.479787,-0.015415,0.472591,0.428333,-0.003393,0.439136,0.403944,0.002940,0.414188,0.380132,0.005662,0.567896,0.434385,0.001975,0.524050,0.467194,0.027091,0.522054,0.516996,0.043382,0.530957,0.544762,0.050135,0.599590,0.431274,0.020528,0.559081,0.466641,0.038948,0.555681,0.508489,0.042568,0.563691,0.535208,0.040853,0.625366,0.442323,0.039359,0.592118,0.469278,0.053148,0.585840,0.503784,0.057431,0.594560,0.535618,0.058825
302,1694850131.853398,1,2.7859,2.7859,-0.7003,2.4865,5.0509,692.7700,4.9759,8224.9489,2.8837,129.5949,245.5910,61.6528,39.3675,59.0107,98.4898,0.030116,0.667824,0.650600,-0.000000,0.604616,0.673430,-0.010613,0.539175,0.622786,-0.005086,0.497927,0.561869,0.006792,0.487371,0.524734,0.018934,0.538072,0.473931,-0.014440,0.476981,0.423407,-0.002493,0.443257,0.399297,0.003656,0.417800,0.375760,0.005996,0.570930,0.428470,0.001720,0.529722,0.463372,0.025347,0.528375,0.514779,0.040576,0.537889,0.543349,0.046976,0.603328,0.425838,0.019027,0.564342,0.460933,0.036217,0.561341,0.503671,0.040150,0.569832,0.530433,0.039014,0.630072,0.437970,0.036482,0.597522,0.463435,0.049515,0.591142,0.497793,0.054342,0.599939,0.528799,0.056461
303,1694850131.861732,1,7.6258,7.6258,2.2145,2.9148,5.4778,666.0953,1.5554,7520.1166,3.4499,129.2176,250.3848,66.4433,47.0583,67.6226,107.6446,0.030903,0.667502,0.641263,-0.000000,0.604440,0.666565,-0.010834,0.538312,0.616950,-0.003628,0.497818,0.556141,0.010516,0.490523,0.517810,0.025287,0.535348,0.467421,-0.015489,0.476601,0.416003,-0.003521,0.444427,0.392585,0.003164,0.420368,0.370191,0.006094,0.569374,0.420971,0.000714,0.528196,0.455182,0.024802,0.526007,0.506655,0.040582,0.534379,0.534931,0.047364,0.602095,0.417201,0.017933,0.562529,0.454965,0.035017,0.559592,0.498374,0.038772,0.567124,0.523663,0.037550,0.628961,0.428637,0.035236,0.596332,0.455457,0.047857,0.590750,0.489274,0.052411,0.599362,0.519863,0.054374
304,1694850131.870065,1,19.3652,19.3652,3.5246,1.3102,8.7772,569.9322,35.8371,6400.9935,2.4236,133.1049,254.7707,69.2322,53.8360,77.1320,118.3625,0.031100,0.668440,0.636114,-0.000000,0.604646,0.660177,-0.008434,0.537517,0.608822,0.000488,0.496850,0.546534,0.016333,0.492717,0.506954,0.032893,0.536902,0.460196,-0.011789,0.477924,0.409574,0.002706,0.446051,0.384968,0.010205,0.421550,0.361059,0.013281,0.571501,0.414197,0.004827,0.530345,0.445205,0.032940,0.528823,0.494988,0.050464,0.537284,0.523068,0.057785,0.604782,0.412098,0.022691,0.565987,0.444834,0.043595,0.562636,0.486992,0.048088,0.570465,0.512559,0.046558,0.632556,0.424055,0.040829,0.601483,0.447177,0.056028,0.596003,0.480005,0.060914,0.604703,0.510270,0.062582
305,1694850131.878398,1,19.2267,19.2267,6.7955,3.2709,10.3623,598.8194,53.1536,6220.9321,2.8470,134.1088,257.3918,75.0240,58.2544,77.8977,117.0941,0.029667,0.668308,0.631195,-0.000000,0.605174,0.653883,-0.008776,0.538902,0.600974,0.000050,0.499518,0.537776,0.015625,0.494588,0.497017,0.031914,0.539466,0.452706,-0.010134,0.481342,0.402929,0.005042,0.449255,0.382576,0.013445,0.425292,0.363417,0.017476,0.573205,0.408402,0.006486,0.532740,0.437178,0.035403,0.529175,0.484132,0.053063,0.536651,0.511999,0.060489,0.605752,0.407315,0.024121,0.567625,0.440213,0.045067,0.563249,0.480469,0.048852,0.569966,0.505135,0.046986,0.633019,0.419325,0.042065,0.601561,0.443809,0.057988,0.594947,0.475709,0.063088,0.602696,0.505971,0.064742
306,1694850131.886732,1,21.2809,21.2809,4.6237,-2.1718,7.4227,843.5559,5.9531,7269.3163,2.7915,126.5471,271.0805,82.4441,70.2631,91.5527,131.4764,0.031917,0.670268,0.623800,-0.000000,0.605838,0.645240,-0.008161,0.541703,0.592337,0.001592,0.503844,0.531057,0.018046,0.494587,0.496485,0.035291,0.540637,0.443810,-0.009862,0.481762,0.394212,0.004298,0.450990,0.370612,0.012076,0.428994,0.346093,0.015926,0.574165,0.401211,0.007004,0.531647,0.431779,0.034121,0.526823,0.478478,0.050939,0.534116,0.505176,0.058064,0.606351,0.400070,0.024798,0.566519,0.434456,0.044932,0.561180,0.474441,0.048260,0.567659,0.500030,0.046253,0.632484,0.411957,0.042821,0.599692,0.438713,0.057414,0.591994,0.471112,0.060911,0.598542,0.502994,0.061669
307,1694850131.895065,1,-18.1460,-18.1460,-6.4429,-11.0667,14.8179,1117.4050,18.1928,7288.1782,3.0604,120.6998,281.0528,91.8572,79.9098,100.5283,139.5943,0.030632,0.670454,0.620225,-0.000000,0.604412,0.642606,-0.007666,0.540868,0.589851,-0.000139,0.503679,0.524422,0.013128,0.493156,0.485814,0.026929,0.541321,0.441658,-0.010954,0.482122,0.385126,0.001349,0.452425,0.361086,0.008856,0.432335,0.338053,0.012873,0.575310,0.396888,0.003919,0.534698,0.423423,0.026838,0.532624,0.468181,0.041938,0.541758,0.493103,0.048616,0.607913,0.394829,0.019860,0.569477,0.433066,0.036381,0.567479,0.472683,0.039418,0.576410,0.495586,0.037864,0.634167,0.406659,0.036203,0.601978,0.435768,0.049636,0.597087,0.467766,0.054158,0.605844,0.496309,0.055859
308,1694850131.903398,1,-26.9179,-26.9179,-11.5708,-5.1278,21.0121,889.7434,79.2238,7546.0704,2.1592,122.5802,279.0754,91.0134,79.9501,100.6638,140.5018,0.030413,0.670476,0.616582,-0.000000,0.605774,0.635854,-0.006967,0.541648,0.581841,0.001826,0.505122,0.516199,0.016648,0.497329,0.477009,0.032135,0.542465,0.434004,-0.005515,0.485130,0.381361,0.011188,0.454359,0.358662,0.020855,0.432090,0.338668,0.026169,0.576383,0.390593,0.010736,0.536516,0.411635,0.041185,0.533610,0.454062,0.059941,0.541672,0.480253,0.068516,0.609219,0.390851,0.027934,0.571897,0.420889,0.050475,0.568100,0.458448,0.054329,0.575341,0.480953,0.052529,0.636183,0.402880,0.045596,0.605186,0.427433,0.063560,0.599564,0.458079,0.069249,0.607691,0.486857,0.071088
309,1694850131.911732,1,32.6347,32.6347,3.3520,14.9228,23.5955,1237.7392,18.2064,7423.4946,2.3855,121.8117,287.2758,96.3283,88.4621,110.2009,149.7755,0.032809,0.669377,0.611597,-0.000000,0.604579,0.630423,-0.002740,0.541846,0.574405,0.008844,0.505485,0.512949,0.025819,0.499085,0.474927,0.043454,0.540591,0.430410,0.000507,0.486288,0.375248,0.016782,0.455502,0.349240,0.025135,0.433789,0.328665,0.029919,0.575193,0.386945,0.015518,0.539351,0.412647,0.047514,0.536547,0.456637,0.066769,0.544031,0.485761,0.075785,0.608890,0.387001,0.031389,0.573628,0.419857,0.055131,0.570126,0.459055,0.059404,0.577928,0.483131,0.058116,0.637580,0.398747,0.047992,0.607977,0.424960,0.067069,0.601634,0.456129,0.073163,0.609529,0.486248,0.075505
310,1694850131.920065,1,-13.0514,-13.0514,-8.5831,-11.9351,23.4032,838.5314,57.0604,7121.0927,2.7836,112.8264,295.1448,106.0909,97.6503,116.6975,154.3235,0.030002,0.669272,0.607370,-0.000000,0.605060,0.624920,-0.007740,0.543026,0.569559,-0.000093,0.506844,0.507178,0.013264,0.500209,0.469487,0.027006,0.547466,0.425183,-0.010595,0.491150,0.367699,0.001796,0.461177,0.344064,0.008984,0.440922,0.323494,0.012669,0.582098,0.384693,0.004144,0.542484,0.407019,0.028192,0.535385,0.447341,0.043563,0.540439,0.473249,0.050211,0.615252,0.384388,0.019821,0.577404,0.416686,0.037794,0.571689,0.452872,0.041095,0.577051,0.477836,0.039473,0.641921,0.398366,0.035652,0.611192,0.423513,0.048656,0.602914,0.452973,0.052070,0.607841,0.483333,0.053042
311,1694850131.928398,1,34.5509,34.5509,13.1742,21.7573,26.3307,734.5313,49.9223,6645.0604,2.9986,124.7546,300.8726,109.8026,103.6103,124.5499,163.3432,0.032354,0.669688,0.604258,-0.000000,0.604986,0.621742,-0.000580,0.543326,0.567472,0.010754,0.507634,0.506324,0.026996,0.503908,0.468142,0.043558,0.546207,0.424321,-0.001662,0.492119,0.361161,0.013090,0.462816,0.335064,0.020744,0.441618,0.314478,0.024762,0.579758,0.381680,0.012458,0.540387,0.401659,0.041555,0.533969,0.442527,0.058981,0.537884,0.470226,0.066166,0.612650,0.379592,0.027923,0.574939,0.412657,0.051374,0.570995,0.448901,0.055439,0.578450,0.474167,0.053303,0.639392,0.391812,0.044169,0.608643,0.414700,0.062767,0.600938,0.444121,0.067741,0.607975,0.475099,0.068883
312,1694850131.936732,1,23.7631,23.7631,12.6702,-0.5040,25.2927,943.0205,62.8096,7404.7573,2.9341,116.4637,306.3846,115.7023,108.3660,127.8456,165.4988,0.030424,0.668114,0.598806,-0.000000,0.603683,0.616544,-0.007360,0.541492,0.561583,-0.000639,0.506779,0.494531,0.011226,0.505236,0.452862,0.023539,0.546938,0.416681,-0.009670,0.493703,0.351583,0.001548,0.464561,0.328859,0.008130,0.445319,0.312531,0.011557,0.581607,0.376250,0.003649,0.541447,0.396952,0.025648,0.534612,0.436090,0.039906,0.539909,0.461436,0.046183,0.614728,0.375546,0.017773,0.575252,0.408744,0.033825,0.570465,0.444652,0.037072,0.576960,0.468733,0.035972,0.641515,0.389762,0.031976,0.608486,0.414041,0.043727,0.599899,0.444039,0.047362,0.605366,0.473909,0.048824
313,1694850131.945065,1,24.4614,24.4614,-2.0433,-14.7136,17.3015,1066.2163,2.3712,9703.6693,2.0085,118.0123,319.4610,126.7202,120.6463,139.7679,176.4634,0.026090,0.668466,0.598527,-0.000000,0.602727,0.614911,-0.003166,0.541270,0.554831,0.007821,0.508747,0.490944,0.024372,0.510492,0.455553,0.041628,0.548086,0.417082,-0.007406,0.498562,0.351231,0.002822,0.470334,0.323021,0.007832,0.450634,0.300639,0.010470,0.583569,0.377364,0.005840,0.544173,0.391923,0.031603,0.534474,0.427943,0.048660,0.536250,0.452366,0.056289,0.616639,0.376136,0.019871,0.577079,0.403390,0.039432,0.569819,0.436388,0.044378,0.574685,0.460060,0.043988,0.643300,0.389638,0.034209,0.609900,0.410240,0.047889,0.600302,0.437023,0.052232,0.604842,0.467660,0.054102
314,1694850131.953398,1,27.0897,27.0897,10.0353,12.0786,16.6519,1476.0164,29.9641,12367.2231,1.8316,116.2778,331.7475,134.5506,133.9333,155.4051,192.5602,0.022643,0.670931,0.596170,-0.000000,0.603859,0.612284,0.000965,0.542789,0.553211,0.014653,0.509926,0.488508,0.033655,0.512894,0.452480,0.053446,0.546029,0.412918,-0.000461,0.493634,0.344341,0.013865,0.467879,0.311137,0.020702,0.450496,0.280785,0.024063,0.581128,0.372881,0.013803,0.538403,0.384428,0.043762,0.531681,0.423731,0.062128,0.535932,0.450887,0.070014,0.613758,0.371893,0.029358,0.571642,0.396095,0.053983,0.566169,0.431029,0.059161,0.573348,0.456412,0.057771,0.639979,0.385343,0.045623,0.605710,0.404019,0.064096,0.596689,0.431640,0.068804,0.602256,0.464089,0.069860
315,1694850131.961732,1,14.0941,14.0941,-5.1142,-15.1495,6.5746,1294.4593,58.7260,12020.2483,2.3407,123.6798,335.3851,138.1532,135.8258,155.5456,191.8022,0.016702,0.671742,0.596442,-0.000000,0.603378,0.611330,0.002581,0.542616,0.550191,0.014182,0.510536,0.481570,0.030007,0.515261,0.441750,0.046044,0.545939,0.410229,-0.002042,0.493530,0.342570,0.008877,0.469126,0.310178,0.012689,0.454232,0.281036,0.013878,0.582016,0.368527,0.009011,0.541980,0.386660,0.035409,0.538833,0.428680,0.050700,0.546321,0.454192,0.056368,0.615973,0.366723,0.021653,0.574771,0.395980,0.043918,0.571746,0.432275,0.048526,0.581346,0.457879,0.046465,0.642465,0.380772,0.035002,0.608355,0.402953,0.051543,0.602464,0.432405,0.056406,0.610607,0.464191,0.057715
316,1694850131.970065,1,-32.6967,-32.6967,-14.1149,-9.0007,22.4561,1350.5257,68.8746,11917.7833,1.4387,107.0903,339.2620,142.4334,140.8948,161.1791,197.3865,0.015494,0.670809,0.596231,-0.000000,0.601943,0.608712,0.006633,0.542693,0.548607,0.020946,0.510395,0.480914,0.039323,0.515122,0.441725,0.058028,0.545130,0.409484,0.004593,0.493319,0.337728,0.020453,0.469629,0.304659,0.027504,0.455044,0.276155,0.030776,0.581540,0.369148,0.016734,0.542472,0.384608,0.048674,0.540143,0.426028,0.066577,0.546972,0.452666,0.073303,0.615910,0.368727,0.030933,0.575913,0.393506,0.058438,0.573018,0.429143,0.064341,0.582803,0.456422,0.062309,0.643650,0.382338,0.046295,0.610880,0.400489,0.067775,0.604017,0.427928,0.073926,0.611539,0.459607,0.075413
317,1694850131.978398,1,-12.2228,-12.2228,-9.1710,4.9439,23.0799,596.4193,56.6818,13295.3887,1.3088,119.7647,330.0598,132.3653,130.0218,150.3499,187.2966,0.019715,0.669105,0.590985,-0.000000,0.602678,0.607781,-0.000601,0.541767,0.547827,0.010892,0.510506,0.483438,0.027390,0.516040,0.449663,0.044277,0.547121,0.408808,-0.005839,0.493343,0.346482,0.004283,0.465997,0.315941,0.008348,0.449397,0.288250,0.009843,0.582964,0.368979,0.006157,0.545286,0.385905,0.030793,0.541551,0.425500,0.046104,0.549002,0.453235,0.052472,0.616626,0.367431,0.019423,0.578609,0.393394,0.039327,0.574014,0.426800,0.043752,0.581393,0.453599,0.042454,0.643597,0.380748,0.033105,0.611841,0.401814,0.047010,0.604760,0.429160,0.050811,0.610340,0.461552,0.052035
318,1694850131.986732,1,-22.6509,-22.6509,-12.4352,-3.2641,22.4712,599.2551,65.0633,13287.7269,1.5941,115.9753,333.8725,135.8866,133.5620,154.0170,190.9043,0.018068,0.668342,0.591579,-0.000000,0.601973,0.608305,0.005093,0.542800,0.547652,0.020173,0.511310,0.485248,0.039993,0.515793,0.452221,0.060410,0.544394,0.410583,0.001647,0.495904,0.343416,0.013554,0.469453,0.311312,0.017893,0.451804,0.284279,0.019922,0.579478,0.369398,0.013833,0.542843,0.384311,0.044547,0.537671,0.423598,0.063308,0.542588,0.451890,0.071130,0.613316,0.367312,0.027366,0.574912,0.392099,0.052651,0.570475,0.427022,0.058890,0.578331,0.453393,0.058018,0.641148,0.379377,0.041835,0.609109,0.399399,0.060792,0.601327,0.428098,0.066378,0.607810,0.460200,0.068109
319,1694850131.995065,1,17.7604,17.7604,0.9166,13.3517,19.9524,221.9295,34.2683,12911.5516,1.8261,120.5787,328.4956,132.2018,130.5783,151.0270,187.5120,0.021463,0.668532,0.594276,-0.000000,0.601455,0.607818,0.003268,0.539614,0.547972,0.014927,0.508213,0.480837,0.030329,0.515244,0.441608,0.045863,0.545904,0.409211,-0.001209,0.492869,0.345507,0.010450,0.466112,0.315906,0.015013,0.448798,0.289090,0.016267,0.580505,0.368059,0.008377,0.542589,0.384081,0.033349,0.539917,0.422247,0.047590,0.547722,0.447714,0.052708,0.614140,0.365451,0.019652,0.575433,0.392357,0.040988,0.572058,0.425041,0.045041,0.580472,0.451364,0.042624,0.640784,0.378532,0.031569,0.608466,0.400797,0.047145,0.602290,0.427584,0.051114,0.609032,0.458073,0.051744
320,1694850132.003398,1,28.8063,28.8063,15.3758,14.4592,23.6159,693.8894,29.8346,13195.4651,1.4090,109.7924,333.3075,136.6483,135.1237,156.1134,192.7121,0.022128,0.668963,0.595156,-0.000000,0.601706,0.610618,0.002260,0.541024,0.552088,0.015171,0.509588,0.487412,0.032920,0.512707,0.448008,0.051194,0.543596,0.410769,-0.001233,0.490579,0.344737,0.011723,0.465718,0.311953,0.017346,0.450388,0.282946,0.019997,0.578835,0.369194,0.011621,0.538691,0.383478,0.040333,0.532540,0.422567,0.057381,0.537178,0.449534,0.064239,0.612449,0.366876,0.026005,0.572005,0.393412,0.050140,0.566847,0.427502,0.054866,0.573869,0.453327,0.052874,0.639399,0.379275,0.041184,0.605708,0.400894,0.059394,0.598213,0.429874,0.064344,0.604417,0.462816,0.065534
321,1694850132.011732,1,-15.7176,-15.7176,-0.8737,-16.2495,20.2559,177.6242,38.4730,13251.6983,1.2743,116.1273,334.1183,134.6373,133.8780,155.1560,192.0203,0.020937,0.668265,0.598680,-0.000000,0.600787,0.613786,-0.000904,0.539356,0.552020,0.011681,0.507985,0.487362,0.029654,0.513187,0.450495,0.048166,0.545231,0.413563,-0.003535,0.491990,0.349223,0.009807,0.466315,0.316234,0.015475,0.449486,0.285495,0.017721,0.581050,0.373885,0.010326,0.541984,0.388766,0.038518,0.534598,0.426246,0.054420,0.538088,0.454346,0.060397,0.615003,0.373467,0.025572,0.575315,0.398675,0.048920,0.568352,0.432191,0.052999,0.573515,0.459851,0.050704,0.642356,0.387763,0.041264,0.609603,0.407989,0.058376,0.599970,0.436433,0.062546,0.603738,0.471315,0.063326
322,1694850132.020065,1,-24.2582,-24.2582,-0.4018,0.4719,22.1008,433.2574,5.5374,10062.8543,1.3697,122.9174,323.0892,127.0906,123.8906,144.1456,180.5277,0.021613,0.669666,0.601313,-0.000000,0.601920,0.616071,0.002559,0.541327,0.556178,0.015841,0.509552,0.494028,0.033583,0.511971,0.460099,0.051903,0.544751,0.417158,-0.000928,0.490961,0.356292,0.011127,0.464592,0.328194,0.016247,0.448334,0.301745,0.018566,0.579798,0.376646,0.010361,0.540009,0.391792,0.037587,0.533997,0.428824,0.053720,0.538886,0.455354,0.060472,0.613569,0.373982,0.023150,0.573429,0.397808,0.046293,0.566654,0.428887,0.052445,0.571628,0.455009,0.052017,0.640425,0.386966,0.036448,0.607466,0.406507,0.053094,0.598522,0.431693,0.058452,0.602174,0.463722,0.060790
323,1694850132.028398,1,-24.3185,-24.3185,-10.5197,-10.1179,22.4021,648.3921,32.0515,10230.8852,1.4882,123.4568,322.3732,127.5801,125.6301,147.0558,184.4844,0.028717,0.665467,0.600694,-0.000000,0.601521,0.618106,-0.003424,0.541650,0.561769,0.006348,0.509004,0.497739,0.021324,0.504408,0.459863,0.037013,0.544090,0.416702,-0.006915,0.492378,0.350238,0.004479,0.463597,0.319504,0.011162,0.445556,0.295644,0.015471,0.579537,0.377543,0.006980,0.543483,0.391932,0.033223,0.533953,0.425330,0.050951,0.536301,0.447864,0.059446,0.613584,0.377046,0.021728,0.576848,0.405293,0.040962,0.569595,0.437609,0.045530,0.573661,0.461223,0.045254,0.640930,0.389594,0.036973,0.609970,0.411021,0.051001,0.601186,0.438974,0.055773,0.605034,0.470101,0.058105
324,1694850132.036732,1,21.8133,21.8133,-1.7483,8.7715,23.2169,523.6580,5.4586,9804.7523,1.7590,128.2122,318.3877,123.1522,120.7626,142.2466,179.6131,0.029831,0.669687,0.608136,-0.000000,0.601305,0.622500,-0.000360,0.537965,0.561920,0.010756,0.506420,0.493520,0.026490,0.512903,0.453825,0.042520,0.543052,0.420970,-0.004737,0.487573,0.357123,0.007208,0.460770,0.328165,0.012806,0.443333,0.301285,0.014991,0.578251,0.378372,0.007092,0.537997,0.402265,0.032008,0.532817,0.440903,0.046241,0.538158,0.464096,0.051415,0.612115,0.376218,0.020437,0.571829,0.413980,0.040715,0.568125,0.447670,0.043559,0.575941,0.472464,0.040786,0.638493,0.389998,0.034318,0.604923,0.419135,0.048828,0.598989,0.446182,0.051892,0.605687,0.477129,0.052253
325,1694850132.045065,1,-33.4392,-33.4392,-4.4304,-2.6821,19.3293,871.4901,37.4286,9050.4030,1.6415,129.8758,312.9021,118.3310,113.4222,134.2953,171.7196,0.029834,0.668018,0.607941,-0.000000,0.602611,0.624518,-0.003828,0.540317,0.567273,0.005502,0.505835,0.502713,0.019504,0.503380,0.459776,0.033681,0.543191,0.423730,-0.003279,0.490571,0.361717,0.011606,0.462775,0.335191,0.019439,0.443395,0.312889,0.023177,0.578083,0.383163,0.009867,0.538682,0.405479,0.036997,0.531430,0.446172,0.052208,0.535558,0.473911,0.058202,0.611580,0.382528,0.024095,0.573269,0.415795,0.045439,0.567922,0.451984,0.049138,0.573896,0.478071,0.047047,0.638839,0.395776,0.038552,0.606646,0.421036,0.054600,0.598828,0.451015,0.059189,0.604519,0.482309,0.060516
326,1694850132.053398,1,37.7648,37.7648,15.5057,19.9361,28.6333,941.7532,7.7868,7078.1956,1.7043,127.1790,299.9322,108.2873,101.3252,121.9366,159.8199,0.030806,0.668426,0.610917,-0.000000,0.602124,0.630621,-0.004193,0.538649,0.572541,0.007515,0.506018,0.506024,0.025330,0.509864,0.467007,0.044144,0.541343,0.425401,-0.005880,0.485008,0.363842,0.009880,0.455891,0.344329,0.019918,0.439031,0.327381,0.025523,0.576898,0.386243,0.009378,0.537227,0.407833,0.036712,0.533536,0.447191,0.053233,0.541694,0.472426,0.060115,0.610000,0.384943,0.025851,0.570017,0.417195,0.046826,0.567211,0.452382,0.049284,0.575464,0.477467,0.046389,0.636197,0.396964,0.042822,0.602410,0.421908,0.057931,0.595997,0.450306,0.060371,0.602759,0.481274,0.060169
327,1694850132.061732,1,29.1758,29.1758,13.3736,-2.1322,29.2255,1189.1679,8.3186,7521.5453,1.8131,121.4244,295.6263,103.8909,95.1108,114.9447,152.8795,0.025562,0.670070,0.618944,-0.000000,0.604636,0.634792,-0.004121,0.542459,0.579634,0.005072,0.506618,0.513182,0.019330,0.496121,0.472672,0.034453,0.542611,0.433042,-0.003231,0.486315,0.372325,0.011004,0.457556,0.351699,0.019058,0.438228,0.336554,0.023717,0.576922,0.389977,0.010794,0.537726,0.410092,0.036838,0.534020,0.453959,0.053093,0.541226,0.483069,0.060452,0.609962,0.389089,0.025811,0.572198,0.420630,0.045704,0.569136,0.459704,0.050016,0.577143,0.485004,0.048962,0.637405,0.400082,0.041312,0.606358,0.424071,0.057658,0.599641,0.454553,0.063060,0.606580,0.483914,0.065047
328,1694850132.070065,1,24.2903,24.2903,0.6193,-12.7543,25.2746,1153.0692,63.8655,6967.9182,2.2936,121.5023,294.2572,106.1815,96.8464,116.0788,153.7373,0.026853,0.668322,0.619774,-0.000000,0.603242,0.638600,-0.004029,0.541429,0.581917,0.006650,0.506601,0.518192,0.023351,0.504587,0.481370,0.040726,0.542549,0.436353,-0.007220,0.486801,0.380202,0.006174,0.457501,0.356614,0.013897,0.439321,0.334635,0.018104,0.577286,0.394410,0.007870,0.537640,0.413680,0.034705,0.533399,0.453388,0.051890,0.541000,0.479244,0.059395,0.610253,0.392202,0.024033,0.571264,0.422852,0.043691,0.567875,0.458776,0.046728,0.576420,0.484942,0.044729,0.636618,0.402357,0.040811,0.604484,0.426436,0.054787,0.598037,0.454747,0.057269,0.605163,0.484932,0.057373
329,1694850132.078398,1,24.3195,24.3195,14.4397,13.8204,25.4110,973.2432,26.2858,8807.6415,2.2097,124.2153,288.0528,100.2860,88.3529,107.2444,145.1284,0.024430,0.668582,0.620361,-0.000000,0.603230,0.641753,-0.008895,0.540045,0.585727,0.000612,0.505327,0.517250,0.017014,0.503972,0.476746,0.034501,0.541947,0.440362,-0.008561,0.482798,0.387392,0.007600,0.454361,0.365690,0.017378,0.436274,0.343165,0.022606,0.576715,0.398874,0.009261,0.533373,0.418090,0.037901,0.528375,0.459706,0.055778,0.535947,0.486512,0.063935,0.609365,0.397205,0.027866,0.568267,0.426747,0.049209,0.562818,0.464133,0.052565,0.569577,0.490928,0.050718,0.635682,0.407648,0.046603,0.602293,0.433102,0.061519,0.594144,0.463219,0.064096,0.599527,0.494698,0.064306
330,1694850132.086732,1,-32.7958,-32.7958,-17.6401,-32.0798,25.1585,624.9598,65.5605,7746.5780,2.2646,128.3341,283.6515,97.8056,84.7254,103.0279,140.7984,0.026570,0.670411,0.626846,-0.000000,0.605129,0.646908,-0.003629,0.541953,0.592626,0.008910,0.505259,0.529915,0.027586,0.495513,0.493318,0.047123,0.536919,0.446777,0.000520,0.482196,0.394746,0.019766,0.453587,0.369966,0.030024,0.433094,0.346612,0.035664,0.571680,0.402233,0.017384,0.534927,0.429289,0.051675,0.533666,0.475240,0.071566,0.541651,0.504017,0.080529,0.605081,0.401158,0.035289,0.569260,0.435072,0.061260,0.566987,0.476502,0.065895,0.575404,0.502430,0.064276,0.633008,0.410376,0.053837,0.602404,0.439116,0.074307,0.596810,0.473402,0.080330,0.604996,0.504636,0.082267
331,1694850132.095065,1,25.7026,25.7026,-0.8683,16.7718,23.5346,779.9403,2.3782,7661.1464,2.1472,129.9128,275.9371,92.1282,76.7274,93.7684,130.3131,0.024757,0.668739,0.630413,-0.000000,0.603837,0.650780,-0.000072,0.540280,0.598864,0.012685,0.504704,0.535783,0.031019,0.497172,0.498251,0.050080,0.537598,0.451265,-0.000178,0.480447,0.402051,0.018652,0.450760,0.378258,0.029294,0.430703,0.356390,0.035523,0.571488,0.407294,0.014969,0.535722,0.433057,0.049668,0.534932,0.476278,0.070228,0.543882,0.502103,0.079401,0.604878,0.405816,0.031676,0.570700,0.436242,0.057646,0.568092,0.475172,0.061733,0.576859,0.499772,0.059546,0.632606,0.414081,0.049588,0.604221,0.438333,0.070142,0.599397,0.470091,0.076282,0.608139,0.499968,0.078271
332,1694850132.103398,1,-8.4760,-8.4760,-8.1916,-7.3233,23.5421,877.4540,80.1070,9113.4100,1.8759,132.2940,269.3082,86.3236,71.6797,90.1997,127.8053,0.023833,0.669720,0.633397,-0.000000,0.604208,0.655649,-0.006682,0.538734,0.603228,0.001504,0.502572,0.536091,0.015924,0.498859,0.496533,0.031007,0.537968,0.455259,-0.011934,0.478310,0.405712,0.000994,0.447577,0.382253,0.008405,0.426812,0.358721,0.012037,0.572723,0.410491,0.002752,0.532312,0.443096,0.028264,0.531519,0.491767,0.044884,0.541834,0.517961,0.052210,0.605670,0.408806,0.018743,0.567231,0.446417,0.037163,0.565488,0.488381,0.040854,0.574955,0.513587,0.039378,0.632939,0.420364,0.035209,0.601019,0.449224,0.049540,0.596851,0.482155,0.054589,0.605936,0.512303,0.056604
333,1694850132.111732,1,35.7722,35.7722,2.8632,11.0547,25.6229,1427.8229,39.6394,7606.0914,2.4320,140.1404,255.6670,82.5501,60.1659,74.3018,112.0094,0.018681,0.670977,0.641561,-0.000000,0.606352,0.661846,-0.005354,0.542855,0.612018,0.003591,0.505567,0.549451,0.018508,0.492683,0.512686,0.034261,0.538656,0.460445,-0.004620,0.480062,0.415905,0.013229,0.449915,0.398221,0.023111,0.428255,0.381112,0.028489,0.573221,0.416171,0.011303,0.534108,0.443125,0.043542,0.531324,0.488925,0.062434,0.539118,0.517261,0.070714,0.606697,0.415112,0.028509,0.569093,0.444389,0.052845,0.564192,0.485356,0.057908,0.570379,0.511548,0.056697,0.634481,0.425136,0.046283,0.603469,0.446634,0.065435,0.596164,0.479169,0.072149,0.602691,0.510715,0.074890
334,1694850132.120065,1,-28.3701,-28.3701,1.1064,-1.7568,27.8539,1328.4347,81.9885,7858.6476,2.5087,135.0463,254.6319,83.2951,60.1227,72.4390,108.3335,0.020248,0.672339,0.642562,-0.000000,0.606859,0.666514,-0.008400,0.540177,0.615002,0.001458,0.501096,0.554130,0.018139,0.495311,0.518007,0.035577,0.540225,0.466011,-0.008492,0.481940,0.421742,0.008073,0.450672,0.401779,0.017063,0.427979,0.381111,0.021396,0.574173,0.420832,0.008356,0.534771,0.453989,0.038093,0.531982,0.502748,0.055663,0.540737,0.532241,0.063193,0.606911,0.417698,0.026248,0.568407,0.449761,0.047860,0.563442,0.492000,0.051719,0.569757,0.519573,0.050121,0.633979,0.427518,0.044458,0.601280,0.452294,0.060800,0.593639,0.485750,0.065782,0.600328,0.518196,0.067584
335,1694850132.128398,1,25.8666,25.8666,0.0410,-1.0654,24.3972,1293.5503,6.1863,6374.5572,2.8801,128.1713,249.5173,81.5858,54.4162,63.9110,98.8447,0.016567,0.672871,0.648523,-0.000000,0.609345,0.671045,-0.009573,0.542782,0.621447,0.000583,0.502079,0.563881,0.018582,0.493398,0.530169,0.037623,0.542123,0.471814,-0.011359,0.481810,0.430810,0.005395,0.450124,0.412111,0.014762,0.427474,0.391772,0.019704,0.575224,0.426532,0.007702,0.533129,0.459956,0.040519,0.530252,0.507726,0.060769,0.538708,0.535052,0.069746,0.606595,0.423308,0.027754,0.566321,0.454486,0.051685,0.560818,0.494702,0.057027,0.566234,0.519956,0.056174,0.631644,0.433320,0.048104,0.598168,0.456848,0.065146,0.589961,0.489443,0.070498,0.596306,0.521692,0.072646
336,1694850132.136732,1,12.7030,12.7030,5.2948,5.2537,23.2621,1443.6600,60.9094,6666.4358,2.8664,127.0702,244.3268,77.0878,48.5252,56.7940,91.4663,0.015810,0.675094,0.651659,-0.000000,0.610754,0.677450,-0.012453,0.542293,0.628209,-0.005367,0.501324,0.567713,0.009141,0.493874,0.532397,0.024260,0.543013,0.476789,-0.015730,0.479225,0.436425,-0.001712,0.446359,0.418095,0.006595,0.424009,0.395968,0.010460,0.575913,0.430868,0.001451,0.532686,0.469666,0.025628,0.532832,0.523672,0.040952,0.545047,0.552242,0.047690,0.606751,0.426481,0.019691,0.566135,0.462137,0.036240,0.564442,0.507640,0.038837,0.573549,0.533834,0.037073,0.631946,0.435382,0.038097,0.597896,0.463018,0.050463,0.593248,0.497622,0.054296,0.602511,0.527930,0.055771
337,1694850132.145065,1,11.0597,11.0597,-6.1781,-11.4729,21.8484,755.0036,24.5400,7422.1455,2.0266,126.6096,237.8685,75.4676,43.3262,49.0061,84.2161,0.012160,0.675361,0.654823,-0.000000,0.610793,0.683397,-0.009626,0.541225,0.633595,-0.000825,0.499776,0.571736,0.015471,0.496732,0.532023,0.032522,0.541816,0.486792,-0.015785,0.479815,0.447659,-0.002832,0.446956,0.428496,0.004002,0.422470,0.404081,0.006345,0.573945,0.438042,0.000359,0.529511,0.472087,0.025102,0.533197,0.524252,0.041299,0.546424,0.549291,0.047950,0.603973,0.430523,0.017729,0.562604,0.462646,0.036279,0.562816,0.506895,0.040829,0.573333,0.531455,0.039372,0.628015,0.438657,0.035220,0.594624,0.463751,0.049235,0.591902,0.497217,0.053772,0.602668,0.524913,0.054993
338,1694850132.153398,1,0.2277,0.2277,7.1495,13.3276,18.2502,1779.2241,34.1072,7654.2874,2.3119,126.0671,229.1672,77.5010,42.8430,40.0184,71.7428,0.010184,0.677265,0.659551,-0.000000,0.614546,0.686467,-0.015931,0.545968,0.638606,-0.011180,0.503188,0.581676,0.001282,0.492381,0.550596,0.014504,0.546573,0.485967,-0.021792,0.480283,0.455823,-0.012359,0.445702,0.440722,-0.006260,0.422340,0.417379,-0.003731,0.578272,0.439677,-0.005469,0.531574,0.480762,0.011557,0.534588,0.537592,0.024911,0.549429,0.563857,0.031454,0.607749,0.434590,0.011547,0.564486,0.471412,0.021715,0.564324,0.518969,0.024408,0.575678,0.543746,0.023928,0.632268,0.443647,0.028313,0.596564,0.473639,0.035743,0.593082,0.510140,0.038811,0.603836,0.539358,0.040527
339,1694850132.161732,1,-12.8839,-12.8839,-9.6876,-16.8371,13.0031,1969.7635,56.6441,8090.8989,2.6205,130.0779,225.0690,82.5175,45.0829,33.3897,61.2978,0.009037,0.681329,0.668778,-0.000000,0.615785,0.692761,-0.013002,0.545502,0.644999,-0.005459,0.503185,0.586204,0.010001,0.494563,0.552124,0.026178,0.544990,0.492201,-0.016866,0.480010,0.462724,-0.002607,0.447550,0.448753,0.005317,0.423097,0.425842,0.008138,0.576572,0.445573,0.000391,0.527391,0.485507,0.023008,0.533422,0.542440,0.037147,0.549241,0.569422,0.042791,0.605662,0.439951,0.018814,0.560368,0.477430,0.035945,0.563364,0.524581,0.038621,0.576227,0.548402,0.036006,0.628540,0.448525,0.037121,0.591692,0.473667,0.049931,0.590285,0.508371,0.052980,0.602766,0.535250,0.053070
340,1694850132.170065,1,-0.7890,-0.7890,-3.3730,6.3146,9.2635,2242.2329,50.1457,7617.6894,3.0870,132.9375,217.4536,83.8052,44.9286,28.9832,56.3694,0.007317,0.679706,0.667249,-0.000000,0.615888,0.694791,-0.015696,0.545143,0.650634,-0.011066,0.501714,0.592872,0.001270,0.494841,0.560535,0.014395,0.546356,0.498593,-0.021226,0.480216,0.474553,-0.011608,0.445947,0.459665,-0.006150,0.421400,0.435605,-0.004702,0.577100,0.450768,-0.005663,0.531263,0.493649,0.010585,0.536381,0.550234,0.022574,0.552138,0.575833,0.027840,0.605612,0.444229,0.010647,0.563107,0.482474,0.021021,0.564150,0.528456,0.023642,0.576290,0.551715,0.022644,0.628801,0.452688,0.026582,0.592680,0.480415,0.034782,0.590551,0.514500,0.038119,0.602334,0.540963,0.039501
341,1694850132.178398,1,-0.6618,-0.6618,-2.9304,0.4426,7.5837,2326.4118,5.0161,8252.0829,2.4894,137.9514,210.2673,83.8341,43.9648,21.4818,49.0169,0.006455,0.682429,0.671933,-0.000000,0.618019,0.701210,-0.016983,0.546280,0.657438,-0.013538,0.502449,0.598469,-0.002507,0.495729,0.564475,0.009264,0.548160,0.501596,-0.021320,0.478446,0.479634,-0.011615,0.442897,0.467303,-0.005611,0.418181,0.443502,-0.003939,0.579020,0.454821,-0.005727,0.530119,0.499860,0.007679,0.538094,0.558665,0.018832,0.556758,0.583312,0.024418,0.607271,0.448780,0.010577,0.562334,0.489343,0.018515,0.566017,0.538736,0.021079,0.580832,0.562136,0.020773,0.630410,0.457570,0.026422,0.593318,0.488481,0.032355,0.592916,0.526275,0.034975,0.606544,0.552580,0.036433
342,1694850132.186732,1,-7.0974,-7.0974,-1.8313,1.0991,5.0508,2640.3333,20.7796,7434.5049,2.1940,134.7870,203.7900,92.4854,51.4525,22.2462,41.5919,0.003895,0.684424,0.677044,-0.000000,0.619131,0.706930,-0.016616,0.546718,0.661492,-0.010891,0.502365,0.602844,0.003169,0.496432,0.569466,0.018305,0.547334,0.507021,-0.020691,0.479213,0.488583,-0.008940,0.444355,0.478913,-0.001988,0.419728,0.455833,0.000090,0.578362,0.459664,-0.004182,0.527910,0.501761,0.013672,0.535339,0.557042,0.026580,0.552951,0.578463,0.032356,0.606671,0.452955,0.012973,0.560696,0.490473,0.024551,0.563681,0.536299,0.027207,0.577534,0.556510,0.025960,0.629787,0.461073,0.029589,0.591459,0.486353,0.037639,0.590457,0.520717,0.039991,0.603726,0.546400,0.040560
343,1694850132.195065,1,18.4345,18.4345,7.8296,9.6609,10.5400,2766.1350,49.9405,7091.8290,2.1195,142.1165,198.0514,94.0038,53.1592,21.2001,36.0726,0.002953,0.685498,0.679704,-0.000000,0.620601,0.709248,-0.014886,0.548314,0.666282,-0.008477,0.502775,0.612136,0.006018,0.495473,0.578124,0.021522,0.546689,0.510742,-0.017569,0.476439,0.492601,-0.003155,0.441915,0.484399,0.005570,0.417375,0.462613,0.008983,0.577405,0.463738,0.000078,0.527345,0.504561,0.020400,0.534882,0.559402,0.033829,0.552979,0.583152,0.039876,0.606269,0.456632,0.018797,0.560855,0.493939,0.033308,0.563624,0.540579,0.035260,0.577416,0.563197,0.033183,0.629547,0.463407,0.037329,0.592709,0.490501,0.048537,0.591135,0.526463,0.050939,0.604101,0.553952,0.051114
344,1694850132.203398,1,-6.5680,-6.5680,-1.4448,-9.2744,9.2973,1261.4750,50.6774,6793.6677,1.9273,138.7762,193.7397,96.7461,56.4643,22.5360,30.8771,0.001959,0.683527,0.680787,-0.000000,0.618549,0.713300,-0.017748,0.548011,0.670368,-0.013872,0.502857,0.611844,-0.001464,0.496558,0.578531,0.011843,0.549630,0.514024,-0.022650,0.479358,0.499453,-0.010373,0.442603,0.491415,-0.003340,0.416744,0.470204,-0.001262,0.580170,0.466240,-0.004870,0.530702,0.509843,0.014310,0.537365,0.563925,0.027896,0.554899,0.586024,0.033876,0.608260,0.460256,0.013769,0.564027,0.498795,0.026706,0.565660,0.544243,0.029777,0.579294,0.566755,0.028638,0.631108,0.468931,0.031898,0.595100,0.496136,0.041262,0.593630,0.530456,0.044162,0.606897,0.556467,0.045050
345,1694850132.211732,1,-8.4116,-8.4116,-1.9375,-0.4927,10.0083,1117.7064,3.7236,6711.4732,2.1950,139.4105,192.7479,101.2065,60.7485,25.9742,29.0225,0.001314,0.685034,0.684485,-0.000000,0.619236,0.715407,-0.016749,0.546720,0.671531,-0.012877,0.502902,0.612281,-0.001466,0.495508,0.582380,0.010815,0.549342,0.516071,-0.020878,0.478836,0.502493,-0.010512,0.442930,0.494838,-0.003871,0.417602,0.474148,-0.001837,0.579729,0.467893,-0.005627,0.528905,0.512578,0.007352,0.535932,0.571226,0.018234,0.553693,0.596585,0.023930,0.607534,0.460483,0.010410,0.561931,0.501851,0.017824,0.563137,0.550217,0.019943,0.576545,0.574490,0.019708,0.629980,0.468673,0.025989,0.591767,0.498180,0.031366,0.589163,0.535254,0.033583,0.601459,0.563007,0.034984
346,1694850132.220065,1,-10.3155,-10.3155,-0.8045,1.1329,10.6915,697.2969,76.4382,6847.3291,1.1006,138.5671,191.9631,101.1591,60.3109,25.4502,28.3945,0.001216,0.687216,0.688670,-0.000000,0.621884,0.719239,-0.018652,0.548665,0.674325,-0.014085,0.502166,0.617183,-0.001129,0.494684,0.586612,0.013105,0.549446,0.521996,-0.020709,0.478907,0.505821,-0.008626,0.443410,0.496945,-0.001051,0.417753,0.473560,0.001432,0.579518,0.473569,-0.003521,0.525633,0.515399,0.012589,0.533036,0.573527,0.024680,0.551041,0.596312,0.030813,0.606669,0.465463,0.014271,0.558979,0.503282,0.024668,0.560872,0.551272,0.027279,0.574486,0.572587,0.026865,0.628713,0.473148,0.031363,0.589665,0.498828,0.038839,0.586927,0.533875,0.041096,0.599328,0.560176,0.042133
347,1694850132.228398,1,-10.5624,-10.5624,-7.2492,-6.4447,11.0543,2996.3522,44.4102,7124.3146,1.7293,142.2199,189.1553,103.2012,62.7705,26.7451,26.1816,0.000977,0.688564,0.691970,-0.000000,0.621733,0.720766,-0.015333,0.548759,0.676872,-0.010145,0.503922,0.621714,0.002690,0.494434,0.591888,0.016451,0.547857,0.521579,-0.018653,0.477222,0.505330,-0.005648,0.441984,0.497930,0.002196,0.416590,0.476900,0.004893,0.579491,0.472949,-0.002577,0.528348,0.514291,0.015345,0.534521,0.571520,0.027805,0.551126,0.596305,0.033467,0.609006,0.465983,0.014523,0.562159,0.502723,0.026510,0.562824,0.549937,0.029096,0.574840,0.572905,0.027937,0.632841,0.474428,0.031365,0.593242,0.499359,0.040760,0.589898,0.534911,0.044244,0.601591,0.562906,0.045596
348,1694850132.236732,1,8.6937,8.6937,3.8154,11.0647,7.2094,3096.8608,75.0139,7004.9257,1.3096,142.1535,189.6318,102.6066,61.9238,26.3617,26.8867,0.000908,0.687278,0.689454,-0.000000,0.622705,0.721475,-0.018089,0.549539,0.678713,-0.013157,0.504040,0.621908,0.000276,0.497225,0.591109,0.014842,0.551069,0.526791,-0.022834,0.481081,0.507296,-0.012222,0.444161,0.497098,-0.005689,0.416853,0.474918,-0.003863,0.580289,0.475616,-0.005936,0.528742,0.521215,0.010210,0.536299,0.578507,0.022849,0.553521,0.599957,0.028827,0.606511,0.466003,0.011551,0.559887,0.509073,0.022197,0.562505,0.554973,0.025445,0.575761,0.573988,0.024925,0.627887,0.473291,0.028329,0.588645,0.502494,0.036077,0.586812,0.536270,0.038924,0.599829,0.561291,0.040072
349,1694850132.245065,1,-0.0823,-0.0823,2.0823,-1.7331,7.4673,81.3868,39.8896,7354.9593,2.0252,140.7693,188.7753,100.2848,60.7003,25.4182,24.9849,0.000964,0.686514,0.689136,-0.000000,0.621400,0.721345,-0.016768,0.548128,0.679294,-0.013137,0.503236,0.620716,-0.001635,0.496844,0.589188,0.010651,0.549897,0.524951,-0.023903,0.478697,0.504448,-0.014432,0.441633,0.493225,-0.008506,0.414935,0.470695,-0.007059,0.580524,0.474655,-0.008199,0.528915,0.519002,0.006724,0.535780,0.576164,0.019389,0.553140,0.598285,0.025372,0.608590,0.466474,0.008333,0.561940,0.507170,0.017870,0.563695,0.553680,0.021769,0.577301,0.574796,0.021754,0.631699,0.474420,0.024331,0.592731,0.502445,0.031189,0.590366,0.537918,0.034555,0.603085,0.563760,0.036203
350,1694850132.253398,1,-12.1862,-12.1862,-0.4677,-2.5500,8.0309,74.1300,86.0609,7259.6977,1.0357,141.6389,191.3786,102.8148,62.8419,26.9584,25.5322,0.000902,0.690216,0.695427,-0.000000,0.623206,0.722245,-0.015804,0.548650,0.679366,-0.011894,0.501511,0.623538,-0.000739,0.495910,0.588212,0.011380,0.550670,0.522888,-0.018982,0.477791,0.501996,-0.006698,0.442161,0.493519,0.000810,0.415863,0.471666,0.003096,0.581703,0.473781,-0.003066,0.530342,0.515195,0.012641,0.536690,0.574388,0.023874,0.552978,0.601006,0.028970,0.610782,0.466703,0.014044,0.564211,0.506442,0.025081,0.565112,0.554091,0.028008,0.577390,0.578236,0.027252,0.634522,0.475568,0.030795,0.595676,0.499855,0.040127,0.592228,0.534667,0.044006,0.603806,0.562699,0.045760
351,1694850132.261732,1,-16.0563,-16.0563,-1.3735,-0.9058,9.0679,159.8581,46.6468,7102.0013,2.1192,139.5316,192.7339,101.9649,62.0925,27.1246,26.5212,0.000895,0.689234,0.691024,-0.000000,0.623255,0.719879,-0.013838,0.549072,0.677309,-0.008178,0.503728,0.620259,0.004959,0.496594,0.583978,0.019060,0.548166,0.522198,-0.018247,0.477949,0.498328,-0.004483,0.442833,0.488538,0.004385,0.416232,0.467639,0.007783,0.579195,0.473033,-0.001942,0.529444,0.511879,0.016767,0.536747,0.564735,0.029965,0.553436,0.587093,0.035953,0.608539,0.465152,0.015647,0.562769,0.503005,0.028906,0.565185,0.547050,0.031870,0.577567,0.567500,0.030588,0.631819,0.472418,0.033149,0.593046,0.499226,0.043766,0.591745,0.533070,0.047446,0.604427,0.557691,0.048667
352,1694850132.270065,1,17.2934,17.2934,2.1499,3.5234,12.4889,352.5769,23.3967,6606.2777,2.7140,137.1397,196.3113,100.9946,59.8788,25.0425,30.9879,0.001455,0.687336,0.689648,-0.000000,0.622625,0.719605,-0.013526,0.549427,0.676186,-0.006458,0.503288,0.621014,0.008195,0.496608,0.586619,0.023781,0.548260,0.522669,-0.016263,0.480044,0.496045,-0.001722,0.444187,0.484620,0.006927,0.417286,0.463095,0.009880,0.579413,0.472691,-0.000006,0.531995,0.511743,0.020778,0.538509,0.567097,0.034563,0.554679,0.590816,0.040456,0.608980,0.463875,0.017366,0.565280,0.499629,0.032716,0.567087,0.545552,0.036200,0.579360,0.567194,0.034663,0.632929,0.471265,0.034450,0.596449,0.494293,0.046151,0.594148,0.529346,0.049802,0.606673,0.556535,0.050696
353,1694850132.278398,1,28.8514,28.8514,7.2334,5.0835,17.1713,3092.2159,64.7084,6410.0570,3.2674,138.3711,198.1952,100.5103,60.1171,26.7491,31.3379,0.001252,0.685741,0.683160,-0.000000,0.620707,0.715968,-0.014177,0.546908,0.673015,-0.005906,0.502636,0.611781,0.010925,0.500575,0.569364,0.028943,0.547852,0.516885,-0.014683,0.478355,0.488118,0.005293,0.444056,0.478100,0.018126,0.418963,0.457221,0.023950,0.579443,0.469293,0.005208,0.530938,0.505310,0.033458,0.536161,0.557671,0.051152,0.551887,0.581112,0.059107,0.609032,0.462487,0.026316,0.565408,0.495540,0.047649,0.565048,0.540241,0.051028,0.575301,0.563209,0.048671,0.632289,0.469281,0.047279,0.597434,0.492837,0.062741,0.593987,0.526961,0.065847,0.605109,0.554175,0.065924
354,1694850132.286732,1,-12.2241,-12.2241,-0.0095,-7.2429,18.3344,777.5885,53.3411,6145.8073,2.9410,134.0394,206.8200,98.0596,57.3627,27.2933,38.2648,0.002066,0.687687,0.684247,-0.000000,0.621884,0.713922,-0.012761,0.548740,0.668391,-0.005750,0.503493,0.611133,0.008696,0.501702,0.573804,0.023913,0.548443,0.515854,-0.018007,0.480631,0.481319,-0.005678,0.445937,0.466277,0.002120,0.420961,0.442897,0.004907,0.580734,0.467780,-0.002563,0.532185,0.506487,0.015471,0.539760,0.562288,0.028857,0.557656,0.587462,0.035041,0.610985,0.460559,0.013978,0.566402,0.499424,0.026959,0.570406,0.545862,0.030048,0.584807,0.568143,0.028783,0.635830,0.468968,0.030357,0.599302,0.497158,0.040242,0.599042,0.531611,0.043171,0.612809,0.557304,0.043855
355,1694850132.295065,1,7.8759,7.8759,5.9831,5.9925,17.1360,3166.0529,29.1321,6774.6316,3.7323,127.0262,209.5819,97.6777,57.1824,28.6016,39.6131,0.002153,0.684823,0.677166,-0.000000,0.620020,0.710240,-0.012897,0.548024,0.664402,-0.004497,0.504146,0.605233,0.011668,0.501259,0.568287,0.028787,0.549294,0.512663,-0.017659,0.483110,0.477374,-0.004853,0.448034,0.462231,0.003826,0.423289,0.439133,0.007375,0.581103,0.464871,-0.002009,0.532985,0.502106,0.016514,0.539938,0.556887,0.030676,0.557422,0.580909,0.037571,0.610031,0.457155,0.014561,0.566544,0.496022,0.027440,0.569585,0.541759,0.030305,0.583349,0.563527,0.029004,0.633850,0.465545,0.030896,0.598824,0.495614,0.040057,0.598550,0.530154,0.042173,0.612154,0.556254,0.042451
356,1694850132.303398,1,-16.5222,-16.5222,-8.4539,-14.4369,17.2519,3082.9685,34.5682,7319.7606,2.3215,132.3804,216.2894,95.7644,55.5791,30.6603,46.8693,0.002765,0.686582,0.675372,-0.000000,0.621025,0.704427,-0.013751,0.548512,0.658499,-0.006124,0.505485,0.599064,0.009253,0.503377,0.560163,0.025423,0.551032,0.502349,-0.015934,0.483994,0.469832,0.000537,0.449546,0.453845,0.010917,0.423610,0.429007,0.014964,0.583197,0.456613,0.001505,0.535043,0.499099,0.022420,0.541517,0.557243,0.035764,0.557771,0.582963,0.041733,0.612424,0.450891,0.020415,0.569204,0.488943,0.036261,0.570910,0.535663,0.038909,0.583504,0.559245,0.037026,0.635333,0.460497,0.039133,0.600687,0.486793,0.051059,0.598774,0.521780,0.053996,0.611451,0.548280,0.054697
357,1694850132.311732,1,20.8492,20.8492,-2.0006,6.4533,17.8062,994.5672,1.5422,7757.2716,2.5906,127.3040,221.2338,97.1069,57.1672,34.6954,51.9468,0.002754,0.685203,0.672128,-0.000000,0.620993,0.702482,-0.012143,0.549655,0.654932,-0.003576,0.506758,0.593494,0.012839,0.503638,0.553190,0.030259,0.551955,0.503641,-0.015534,0.486004,0.463116,0.000671,0.452062,0.446991,0.010824,0.426235,0.424390,0.014998,0.584085,0.456398,0.001838,0.536692,0.492641,0.026326,0.540707,0.547343,0.042344,0.554373,0.571674,0.049203,0.613570,0.449957,0.020470,0.570341,0.485373,0.039496,0.570028,0.530800,0.043752,0.579782,0.552353,0.041966,0.636810,0.459090,0.038931,0.602182,0.484192,0.053221,0.598256,0.518722,0.057189,0.608748,0.545307,0.057898
358,1694850132.320065,1,0.3868,0.3868,3.1527,5.1533,13.5591,2933.5677,63.5170,7437.7360,3.1092,132.0818,221.1477,94.4586,54.1811,34.0259,53.1690,0.003378,0.683626,0.667548,-0.000000,0.620692,0.698742,-0.013833,0.550597,0.651034,-0.006727,0.508595,0.589004,0.008298,0.505956,0.551472,0.024056,0.552695,0.498743,-0.020084,0.487165,0.458261,-0.008380,0.451283,0.440104,-0.000977,0.425113,0.417051,0.001631,0.585229,0.451544,-0.003614,0.538930,0.491418,0.015755,0.543693,0.548876,0.030621,0.559076,0.575131,0.037531,0.614711,0.445549,0.013787,0.571788,0.483666,0.027630,0.573228,0.530530,0.031411,0.585645,0.553875,0.030395,0.638882,0.455007,0.030865,0.604517,0.484462,0.040581,0.602889,0.520395,0.043565,0.615577,0.546999,0.044429
359,1694850132.328398,1,16.9855,16.9855,2.2774,-0.8753,13.2922,904.8453,72.1273,7284.2785,3.4838,134.7330,230.7590,96.6147,57.2301,39.2466,58.7273,0.002948,0.685922,0.666454,-0.000000,0.622186,0.693384,-0.010349,0.553790,0.646742,-0.000454,0.511771,0.588549,0.017342,0.504225,0.552491,0.036141,0.554169,0.494903,-0.013977,0.488709,0.450714,0.002917,0.454334,0.433989,0.013086,0.427720,0.412825,0.017645,0.586442,0.449250,0.004547,0.540173,0.482711,0.031887,0.542194,0.537408,0.049072,0.553879,0.564845,0.056231,0.616295,0.444275,0.024518,0.573558,0.478392,0.046398,0.572602,0.524131,0.050214,0.582034,0.548173,0.047581,0.639827,0.453218,0.044592,0.606188,0.476991,0.060869,0.601469,0.511883,0.064539,0.611598,0.541524,0.064683
360,1694850132.336732,1,-13.7093,-13.7093,0.7032,-1.5742,15.3069,1038.0080,17.3761,7094.6460,2.3963,140.3804,241.7156,100.1702,62.7347,51.2762,73.5365,0.003760,0.686019,0.665774,-0.000000,0.621648,0.689639,-0.012358,0.552570,0.638448,-0.004034,0.509579,0.576689,0.011995,0.509575,0.537902,0.028765,0.555896,0.491757,-0.015585,0.491403,0.441992,-0.000124,0.457414,0.422469,0.009754,0.431240,0.399633,0.013815,0.588370,0.446758,0.002281,0.540559,0.480484,0.025242,0.543751,0.538079,0.040606,0.557150,0.567893,0.047363,0.617779,0.441810,0.021420,0.573668,0.478127,0.039365,0.574578,0.524648,0.042490,0.586068,0.549556,0.040242,0.641277,0.451777,0.040479,0.605843,0.478647,0.053889,0.602951,0.513414,0.056712,0.614971,0.541780,0.056708
361,1694850132.345065,1,18.3620,18.3620,-0.6218,-1.3250,13.2726,1123.1779,14.4342,7997.6191,2.8549,138.6373,250.8097,104.9316,70.5860,63.1490,86.2516,0.003410,0.685807,0.661781,-0.000000,0.621703,0.688472,-0.010279,0.553209,0.637274,0.000516,0.512861,0.575053,0.019401,0.511121,0.533839,0.039481,0.556632,0.485755,-0.013135,0.494154,0.433700,0.002900,0.460799,0.412618,0.012510,0.435676,0.389526,0.016836,0.590252,0.441840,0.005113,0.545007,0.476033,0.031396,0.546783,0.531585,0.047792,0.558850,0.558597,0.054699,0.619714,0.437549,0.024625,0.577166,0.471378,0.044984,0.576131,0.517296,0.048061,0.585417,0.540668,0.045431,0.642377,0.447760,0.044297,0.608125,0.473094,0.059620,0.603889,0.508221,0.063076,0.614092,0.537118,0.063410
362,1694850132.353398,1,1.5878,1.5878,0.3002,0.9220,11.8724,1615.5950,42.9263,9142.5018,2.0149,137.0810,265.3105,112.2795,81.4622,79.0626,103.3179,0.003486,0.686132,0.660120,-0.000000,0.621967,0.683689,-0.012604,0.555503,0.632804,-0.006443,0.516371,0.570728,0.007126,0.513020,0.532752,0.021315,0.561807,0.485216,-0.021512,0.497664,0.426576,-0.010566,0.464180,0.398982,-0.002726,0.440153,0.371696,0.000778,0.594420,0.441048,-0.004776,0.548784,0.469151,0.013233,0.549239,0.523713,0.027401,0.561526,0.553914,0.034061,0.623975,0.436985,0.013363,0.581751,0.467265,0.026513,0.580157,0.512240,0.029958,0.589936,0.539132,0.028965,0.647280,0.447893,0.031576,0.613481,0.472184,0.041316,0.609282,0.506195,0.044402,0.619113,0.535794,0.045471
363,1694850132.361732,1,-24.4968,-24.4968,-10.3706,-10.6708,16.8280,3205.5022,50.1033,11521.9790,2.4467,135.7407,275.7313,122.0313,92.6686,91.7864,116.7006,0.001169,0.686033,0.666612,-0.000000,0.622678,0.684928,-0.006889,0.558117,0.631807,0.003321,0.520666,0.568389,0.021118,0.514840,0.528796,0.040184,0.562687,0.486090,-0.013970,0.501250,0.417998,0.000812,0.471783,0.388527,0.009972,0.449076,0.362093,0.014840,0.595824,0.441609,0.004806,0.548792,0.460390,0.034500,0.545597,0.509123,0.054973,0.552720,0.538326,0.064180,0.625617,0.438333,0.025006,0.581767,0.466332,0.048886,0.576499,0.506141,0.055127,0.581937,0.530345,0.054183,0.648738,0.448222,0.045703,0.614674,0.467529,0.063669,0.606341,0.499470,0.069014,0.612091,0.530313,0.070367
364,1694850132.370065,1,27.5260,27.5260,10.3088,20.6794,19.3299,3088.2894,65.7672,11021.0019,2.8086,132.6512,280.4252,126.5463,98.2561,98.0149,121.8179,0.001101,0.684424,0.661137,-0.000000,0.619559,0.681100,-0.007246,0.555500,0.625360,0.006497,0.520654,0.562828,0.028448,0.519853,0.525922,0.052122,0.561101,0.478790,-0.007328,0.505745,0.415009,0.009682,0.475063,0.385691,0.018948,0.451839,0.359003,0.023565,0.596051,0.438743,0.011386,0.554105,0.465835,0.042605,0.553389,0.520598,0.061128,0.563609,0.550526,0.069085,0.626761,0.437372,0.031115,0.585323,0.461123,0.055476,0.581797,0.504411,0.059316,0.589629,0.528911,0.056979,0.651157,0.447176,0.051215,0.617197,0.465193,0.069717,0.610071,0.497003,0.074112,0.617915,0.525437,0.074958
365,1694850132.378398,1,17.3275,17.3275,-0.2586,-10.5674,18.2909,1498.7761,46.3761,9944.8210,2.2274,136.6242,293.3953,132.7960,106.2306,107.2048,131.6127,0.000783,0.684272,0.664956,-0.000000,0.621635,0.681294,-0.008787,0.559776,0.626608,0.000378,0.524445,0.562269,0.017417,0.520669,0.525165,0.035672,0.565725,0.482570,-0.014980,0.506435,0.410108,-0.001886,0.477301,0.376247,0.005608,0.456322,0.346528,0.009364,0.599996,0.441045,0.004192,0.556737,0.458237,0.032428,0.553977,0.507880,0.051734,0.562005,0.536588,0.060302,0.630468,0.440162,0.024491,0.589323,0.464465,0.047089,0.584736,0.505293,0.052026,0.591019,0.529343,0.050415,0.654048,0.451595,0.045153,0.621379,0.467453,0.061953,0.613613,0.498774,0.066369,0.619800,0.528279,0.067195
366,1694850132.386732,1,-21.3061,-21.3061,-5.7235,-5.4649,20.5641,3135.6111,40.1313,8912.6411,2.7308,138.9306,298.6120,138.9332,113.5448,114.6930,138.6817,0.000464,0.685259,0.666183,-0.000000,0.623029,0.682588,-0.009570,0.561074,0.626524,-0.001828,0.526264,0.558461,0.013163,0.522046,0.520815,0.028811,0.568299,0.482367,-0.015147,0.509367,0.406813,-0.000211,0.480527,0.373157,0.008869,0.459851,0.342855,0.013204,0.602420,0.441036,0.002980,0.560676,0.458078,0.030747,0.557719,0.507481,0.048967,0.566327,0.535040,0.056858,0.633206,0.440553,0.022460,0.593405,0.464081,0.045280,0.589075,0.504647,0.050197,0.595633,0.528684,0.048359,0.657000,0.453590,0.042072,0.625275,0.467773,0.059225,0.617619,0.498470,0.063985,0.624206,0.528638,0.064973
367,1694850132.395065,1,-38.9327,-38.9327,-3.6090,2.1145,25.7278,823.9453,74.0264,9281.1211,2.6270,140.6358,303.5299,144.4739,118.6370,118.6928,141.5550,0.000179,0.686910,0.667908,-0.000000,0.622856,0.682790,-0.004317,0.562189,0.626188,0.008395,0.527843,0.561829,0.028700,0.525782,0.524458,0.050433,0.565944,0.483518,-0.007305,0.513588,0.407917,0.008692,0.485205,0.373349,0.016915,0.463757,0.344209,0.020935,0.601189,0.443173,0.011301,0.559972,0.460080,0.044553,0.559108,0.511975,0.064790,0.568257,0.543558,0.073057,0.632080,0.442558,0.031253,0.591828,0.464380,0.058297,0.588800,0.507737,0.062842,0.596804,0.533633,0.059886,0.656463,0.453926,0.051888,0.624823,0.469846,0.072616,0.617926,0.502499,0.077360,0.625200,0.533482,0.077551
368,1694850132.403398,1,-39.2276,-39.2276,-16.6884,-13.0794,28.1777,3098.7707,53.9689,9107.6505,3.2325,141.6597,309.5823,147.6475,122.6627,123.0650,145.4320,0.000083,0.687135,0.671508,-0.000000,0.622290,0.687213,-0.003273,0.562618,0.630129,0.009371,0.528834,0.565351,0.029375,0.526063,0.528140,0.050856,0.567191,0.483018,-0.004646,0.515026,0.408659,0.012469,0.486935,0.372464,0.021098,0.466062,0.341493,0.025360,0.603381,0.444073,0.013709,0.562607,0.459373,0.048659,0.561251,0.508806,0.069667,0.570108,0.538568,0.078325,0.634778,0.445807,0.033452,0.595021,0.463167,0.061969,0.591218,0.504086,0.067954,0.599054,0.529377,0.065899,0.659592,0.458915,0.053883,0.627891,0.470330,0.075990,0.620829,0.501454,0.082189,0.627846,0.531332,0.083493
369,1694850132.411732,1,29.2662,29.2662,2.9847,19.6731,28.6571,511.4233,64.5103,9132.0447,2.8702,140.4321,312.4460,149.1594,126.1410,128.2980,151.7024,0.000079,0.687204,0.677581,-0.000000,0.623652,0.689089,-0.006506,0.562893,0.630040,0.000788,0.529191,0.561293,0.014199,0.528793,0.525334,0.027475,0.571452,0.486858,-0.011977,0.515975,0.408545,0.002778,0.488436,0.371356,0.011418,0.468064,0.338188,0.015264,0.606165,0.447030,0.004323,0.564598,0.463818,0.031172,0.563682,0.519070,0.048570,0.573680,0.552281,0.056197,0.636856,0.448264,0.022341,0.596874,0.473177,0.044993,0.595505,0.518288,0.048916,0.605112,0.547213,0.046361,0.660038,0.462630,0.040815,0.628571,0.479023,0.058393,0.624423,0.511912,0.062659,0.633909,0.542953,0.063171
370,1694850132.420065,1,33.7012,33.7012,13.7518,10.7672,32.3554,3243.8733,51.8140,10484.8329,1.4282,139.6265,311.8529,152.2654,126.7588,126.1786,146.8439,0.000000,0.687095,0.675681,-0.000000,0.622133,0.688774,-0.003703,0.563292,0.630590,0.008922,0.530017,0.567002,0.028887,0.529004,0.534256,0.049864,0.568187,0.489601,-0.004693,0.518877,0.414772,0.013749,0.491147,0.379580,0.022728,0.469977,0.348676,0.026670,0.604549,0.451960,0.013582,0.565094,0.467778,0.049646,0.563560,0.518940,0.069916,0.572500,0.551334,0.077791,0.635946,0.453719,0.033357,0.597084,0.473189,0.063612,0.593895,0.515783,0.067831,0.601956,0.541683,0.063877,0.660545,0.467114,0.053742,0.629792,0.481527,0.076449,0.623305,0.512920,0.081045,0.630849,0.543406,0.080698
371,1694850132.428398,1,21.0213,21.0213,14.9885,1.2367,33.1117,3227.4039,81.3788,10351.2677,1.2548,139.9915,313.2901,149.1712,123.9285,123.8119,145.6915,0.000002,0.686180,0.676371,-0.000000,0.624712,0.691560,-0.006665,0.567043,0.636138,0.003524,0.533740,0.574762,0.020972,0.524423,0.541463,0.039395,0.570359,0.495012,-0.013140,0.519398,0.417456,-0.000518,0.490721,0.379009,0.007069,0.469589,0.347723,0.011084,0.605728,0.455152,0.004015,0.564705,0.471694,0.031389,0.561046,0.523576,0.050475,0.569525,0.555337,0.059272,0.636968,0.455066,0.022377,0.596459,0.475077,0.043778,0.591434,0.516620,0.049214,0.598287,0.542633,0.048344,0.661436,0.468197,0.041222,0.628521,0.483987,0.056764,0.620202,0.515750,0.061360,0.626403,0.546242,0.062821
372,1694850132.436732,1,-35.0958,-35.0958,1.0329,-13.9555,32.2056,179.9670,69.2841,9669.2240,1.8832,143.7215,312.7560,150.6921,125.2917,124.7320,145.9818,0.000000,0.686413,0.685589,-0.000000,0.623523,0.699480,-0.005398,0.565313,0.642362,0.003824,0.531033,0.579478,0.019564,0.526397,0.541340,0.035977,0.571392,0.496679,-0.008116,0.519893,0.422179,0.007415,0.491248,0.383924,0.015927,0.470246,0.351689,0.020249,0.607152,0.458233,0.008704,0.569213,0.473719,0.039219,0.566405,0.519719,0.058497,0.574568,0.548614,0.067221,0.639077,0.460619,0.026902,0.601328,0.480882,0.051471,0.596996,0.518322,0.056714,0.603294,0.542188,0.055253,0.663904,0.474771,0.045632,0.633400,0.488672,0.064481,0.627226,0.518443,0.070224,0.634143,0.547006,0.072067
373,1694850132.445065,1,-33.1202,-33.1202,-15.5966,-16.6295,30.7021,3167.2265,4.5649,8570.9606,1.4880,146.8341,314.5796,149.9404,125.3953,125.6947,147.8056,0.000011,0.687220,0.688806,-0.000000,0.624036,0.702351,-0.004319,0.565699,0.644743,0.007058,0.532013,0.581138,0.025634,0.527046,0.545623,0.045549,0.569468,0.499373,-0.006800,0.517267,0.420339,0.008599,0.488967,0.380347,0.016809,0.468757,0.347658,0.021094,0.605380,0.461265,0.011565,0.566199,0.476533,0.043583,0.564310,0.526501,0.063944,0.572829,0.557684,0.072871,0.637289,0.463170,0.031206,0.598540,0.481900,0.057168,0.594817,0.523181,0.062253,0.602006,0.550179,0.060238,0.662365,0.476633,0.051554,0.631419,0.490507,0.071644,0.623930,0.521909,0.076728,0.629890,0.552050,0.077608
374,1694850132.453398,1,-35.9982,-35.9982,-17.4248,-1.8283,30.6996,3502.7764,0.7183,10356.2985,1.0512,140.0633,308.2049,151.4494,124.4983,121.9061,141.6552,0.000000,0.686794,0.690686,-0.000000,0.623563,0.705518,-0.003445,0.565463,0.649345,0.008515,0.532183,0.586508,0.027452,0.526998,0.551039,0.047685,0.569151,0.505379,-0.007865,0.518570,0.427856,0.006709,0.490925,0.390862,0.015123,0.470652,0.359947,0.019809,0.604471,0.466667,0.009740,0.563608,0.483433,0.040976,0.560743,0.535403,0.061715,0.568676,0.567419,0.071106,0.635555,0.467103,0.028691,0.595267,0.487677,0.053554,0.590666,0.530384,0.059236,0.597384,0.557153,0.057939,0.660032,0.479688,0.048429,0.628321,0.495914,0.067545,0.619983,0.528406,0.072779,0.625485,0.559678,0.074052
375,1694850132.461732,1,24.0543,24.0543,0.7583,18.1831,28.0911,339.0799,85.7576,11366.2519,1.8900,141.8063,305.7300,146.7406,120.5357,119.0866,140.1753,0.000000,0.685652,0.694435,-0.000000,0.622988,0.710257,-0.005629,0.566527,0.653741,0.004675,0.532530,0.594810,0.022019,0.522314,0.562813,0.040449,0.568550,0.506778,-0.011297,0.516597,0.433376,0.000288,0.488026,0.393962,0.006299,0.468683,0.360099,0.009603,0.604614,0.468165,0.005645,0.565064,0.488438,0.033421,0.562523,0.539291,0.052034,0.571110,0.568090,0.060523,0.636650,0.469560,0.023776,0.597962,0.491916,0.045705,0.593647,0.533494,0.051165,0.600718,0.558831,0.050444,0.661401,0.483471,0.042395,0.629829,0.501438,0.058863,0.623012,0.532860,0.064126,0.629487,0.561826,0.066259
376,1694850132.470065,1,37.8863,37.8863,18.2455,17.4873,32.4995,3702.0952,36.4102,8354.8401,1.3804,133.9568,297.5454,146.5193,117.3789,111.8746,129.7701,0.000000,0.685518,0.697497,-0.000000,0.621223,0.713676,-0.002691,0.562034,0.656194,0.010311,0.528644,0.591894,0.031029,0.527451,0.553712,0.053378,0.569337,0.510690,-0.006699,0.519225,0.439703,0.009068,0.490277,0.406525,0.016950,0.469076,0.377830,0.021327,0.605694,0.473644,0.011932,0.566093,0.496370,0.047068,0.564484,0.550679,0.068769,0.573715,0.581330,0.078328,0.636972,0.475946,0.032056,0.597481,0.496811,0.060023,0.593129,0.540805,0.065567,0.600706,0.567472,0.063824,0.661067,0.488255,0.053201,0.629148,0.504276,0.075479,0.621642,0.537341,0.082011,0.628144,0.567223,0.083963
377,1694850132.478398,1,31.6452,31.6452,16.1913,-2.0542,32.5223,3636.6273,55.0127,7606.1651,2.0913,138.7153,295.4439,145.4471,116.2152,111.3831,129.8691,0.000000,0.688313,0.707332,-0.000000,0.624321,0.720996,-0.006706,0.565027,0.661555,0.003781,0.530987,0.595066,0.022057,0.525463,0.560624,0.041749,0.572061,0.516539,-0.012265,0.516519,0.442651,0.002999,0.487727,0.406962,0.012339,0.467647,0.374590,0.017346,0.608157,0.478239,0.006587,0.564480,0.496060,0.037765,0.562363,0.547222,0.059071,0.570916,0.576709,0.068859,0.638883,0.480293,0.026753,0.597058,0.501807,0.051228,0.592589,0.543110,0.057221,0.598820,0.568505,0.056163,0.662126,0.494219,0.047435,0.628722,0.509186,0.065647,0.620798,0.540158,0.070678,0.625827,0.570769,0.071897
378,1694850132.486732,1,25.4377,25.4377,15.3590,-0.8324,26.7571,3848.7090,35.7165,8053.1548,1.8634,134.1373,287.1705,140.7273,110.5190,104.2891,122.3038,0.000000,0.690111,0.709589,-0.000000,0.625619,0.725190,-0.006119,0.565768,0.666856,0.003505,0.532123,0.600244,0.020518,0.525199,0.567206,0.038426,0.571457,0.522206,-0.015544,0.515146,0.453505,-0.002922,0.486032,0.419140,0.004693,0.465303,0.385894,0.008380,0.608321,0.482626,0.001901,0.563919,0.501023,0.029340,0.562772,0.555915,0.049267,0.572981,0.587066,0.058405,0.639423,0.483118,0.020920,0.597164,0.502230,0.042401,0.593032,0.545274,0.048487,0.600667,0.573672,0.047842,0.662613,0.497023,0.040570,0.629571,0.510857,0.056291,0.622577,0.543264,0.060966,0.629098,0.574741,0.062318
379,1694850132.495065,1,-26.3512,-26.3512,-12.6014,-27.9603,22.9749,4008.1952,17.8269,10927.1055,1.7068,128.5455,281.1978,140.2988,108.2106,99.3287,115.2085,0.000000,0.687560,0.709211,-0.000000,0.623706,0.728066,-0.008388,0.562785,0.669949,0.002608,0.528922,0.604412,0.022097,0.527285,0.567111,0.043354,0.571607,0.524194,-0.015308,0.515991,0.459175,-0.001700,0.485672,0.427729,0.006616,0.464906,0.396606,0.011253,0.607743,0.486583,0.003280,0.564212,0.508862,0.032311,0.562416,0.563263,0.052474,0.573345,0.591214,0.062073,0.637830,0.486970,0.023008,0.595371,0.505643,0.043904,0.590279,0.549261,0.048899,0.597540,0.574335,0.048373,0.660598,0.498692,0.043342,0.625350,0.510638,0.059157,0.617013,0.542020,0.064248,0.623123,0.571853,0.066381
380,1694850132.503398,1,-24.0887,-24.0887,-15.4937,-2.8924,28.1494,4074.0871,29.5107,11294.3620,2.0483,128.9630,276.4868,138.3387,104.8566,94.7016,109.6994,0.000000,0.690745,0.719480,-0.000000,0.627412,0.734122,-0.006217,0.567123,0.676194,0.003120,0.531426,0.611382,0.019616,0.524565,0.575250,0.037108,0.572861,0.534006,-0.014519,0.514811,0.467800,-0.002211,0.484301,0.433651,0.004857,0.462840,0.401633,0.008222,0.608083,0.492366,0.002573,0.565216,0.509187,0.030238,0.563523,0.558350,0.049806,0.572226,0.585788,0.058640,0.638936,0.490450,0.021021,0.597823,0.510678,0.043255,0.592806,0.549763,0.049458,0.598750,0.574140,0.048726,0.662037,0.503141,0.039931,0.629815,0.516150,0.056379,0.622008,0.546433,0.061369,0.627737,0.576610,0.062812
381,1694850132.511732,1,-10.2913,-10.2913,-10.4841,5.0096,24.6024,4125.6822,26.1476,9992.3420,2.4859,132.4221,273.0361,134.3729,100.4138,89.0955,103.0581,0.000000,0.690271,0.716452,-0.000000,0.627025,0.735862,-0.009834,0.566415,0.680890,-0.001296,0.530584,0.617910,0.015244,0.524045,0.583077,0.032930,0.572162,0.534846,-0.018597,0.511705,0.475552,-0.007116,0.480919,0.442899,0.000123,0.460839,0.409542,0.003854,0.607909,0.494024,-0.000907,0.563392,0.518922,0.023143,0.563665,0.573789,0.040970,0.576371,0.602435,0.049547,0.637865,0.492748,0.018010,0.595671,0.516950,0.035416,0.592793,0.560400,0.040038,0.601656,0.585810,0.039595,0.660220,0.504808,0.037378,0.625664,0.520203,0.050589,0.619614,0.552243,0.055074,0.627125,0.581664,0.056996
382,1694850132.520065,1,-15.8864,-15.8864,-10.3310,0.1531,18.7411,4305.3247,0.5481,9041.9272,2.5538,134.8171,263.6190,135.5006,99.5880,84.2305,94.4953,0.000000,0.691428,0.723947,-0.000000,0.628602,0.742179,-0.012108,0.567539,0.686184,-0.005892,0.530663,0.621267,0.008163,0.523957,0.582606,0.023366,0.574099,0.539487,-0.020488,0.511677,0.483054,-0.008586,0.480167,0.452702,-0.000493,0.459929,0.420880,0.003432,0.609205,0.499233,-0.003205,0.564396,0.520405,0.018628,0.564637,0.570504,0.034962,0.576587,0.596936,0.042760,0.638953,0.498139,0.015321,0.597238,0.519244,0.030986,0.593959,0.559329,0.035332,0.601598,0.583939,0.034815,0.661090,0.510516,0.033980,0.627013,0.525485,0.045531,0.621311,0.556045,0.049413,0.628231,0.585273,0.051005
383,1694850132.528398,1,,,0.0000,0.0000,0.0000,0.0000,11.3997,8777.9705,2.5295,131.4483,258.1761,135.3660,98.3835,79.8326,86.6357,0.000000,0.690407,0.726018,-0.000000,0.628033,0.744695,-0.008429,0.567401,0.690064,0.000305,0.531369,0.628748,0.017151,0.522182,0.597473,0.035346,0.574810,0.544668,-0.019777,0.513263,0.493091,-0.009452,0.480930,0.465329,-0.003333,0.458676,0.435267,-0.000169,0.609534,0.503116,-0.002018,0.562927,0.531310,0.023137,0.561313,0.588152,0.042610,0.571546,0.617281,0.051985,0.638231,0.501856,0.017087,0.594421,0.527866,0.035259,0.588708,0.570578,0.041288,0.595236,0.595178,0.041602,0.659298,0.513453,0.036834,0.624022,0.531084,0.050518,0.615597,0.563980,0.055894,0.621210,0.594334,0.058364
384,1694850132.536732,1,-14.3952,-14.3952,2.9890,0.0000,6.0580,1105.5140,45.3719,8997.2803,1.8166,135.6944,248.8533,131.1012,92.9194,72.7961,78.8643,0.000000,0.691539,0.726270,-0.000000,0.627736,0.747738,-0.012199,0.564523,0.693870,-0.004849,0.526923,0.630036,0.010742,0.523652,0.594686,0.027802,0.573432,0.544245,-0.018941,0.507641,0.495169,-0.005805,0.474761,0.469809,0.003036,0.453628,0.439451,0.007370,0.608553,0.505438,-0.000860,0.560499,0.533009,0.021314,0.561437,0.588429,0.038095,0.575773,0.616277,0.046482,0.637764,0.504785,0.018445,0.593487,0.528891,0.034066,0.590176,0.573779,0.038109,0.600081,0.599552,0.037798,0.659607,0.516428,0.037978,0.623690,0.531712,0.049584,0.617204,0.565696,0.053156,0.625399,0.595040,0.054768
385,1694850132.545065,1,2.8744,2.8744,6.7408,3.7518,8.8375,1138.2359,70.2356,8192.1397,2.3080,135.2052,245.2158,130.9259,92.4515,70.8114,74.7300,0.000000,0.693112,0.728227,-0.000000,0.629193,0.750956,-0.011361,0.566374,0.698205,-0.005362,0.529238,0.636923,0.008284,0.521231,0.606415,0.023026,0.574733,0.554152,-0.022822,0.510816,0.503828,-0.015189,0.476100,0.475366,-0.010362,0.452607,0.444200,-0.008659,0.609599,0.510949,-0.007387,0.561468,0.538407,0.010906,0.563132,0.595215,0.027456,0.576960,0.621021,0.035671,0.637658,0.507818,0.009046,0.592223,0.531851,0.021136,0.589428,0.576531,0.027307,0.599653,0.600639,0.028610,0.658887,0.519474,0.025619,0.621131,0.534558,0.034693,0.614873,0.568017,0.039830,0.623208,0.596898,0.042642
386,1694850132.553398,1,-9.7827,-9.7827,0.1272,-6.6136,6.6118,1260.0223,18.9455,8742.9037,1.4384,130.8650,238.9451,132.0430,92.5232,67.8300,68.6210,0.000000,0.694350,0.731889,-0.000000,0.629870,0.755424,-0.013836,0.565058,0.701537,-0.008071,0.527204,0.635027,0.006097,0.523734,0.601547,0.021625,0.575305,0.552292,-0.023931,0.509061,0.507071,-0.014511,0.474055,0.483641,-0.007961,0.450578,0.453517,-0.005525,0.609879,0.510273,-0.007530,0.559475,0.543268,0.009397,0.562903,0.602214,0.024553,0.579227,0.626819,0.032050,0.636924,0.508024,0.009925,0.590399,0.538584,0.020675,0.589568,0.586683,0.025215,0.602249,0.610540,0.025627,0.657318,0.519837,0.027328,0.619256,0.537525,0.035095,0.614947,0.573591,0.038523,0.625568,0.602638,0.040217
387,1694850132.561732,1,-3.1666,-3.1666,3.1800,3.0528,7.0408,936.6724,23.4861,9308.3673,2.3364,129.1983,235.8707,130.0176,90.1842,65.0206,64.9604,0.000000,0.693996,0.737261,-0.000000,0.630478,0.758624,-0.016394,0.565584,0.704845,-0.012031,0.525743,0.640011,0.000929,0.519771,0.604634,0.015338,0.576646,0.554575,-0.026337,0.508545,0.511323,-0.017192,0.472793,0.487886,-0.010257,0.448891,0.457563,-0.007445,0.610059,0.512556,-0.009189,0.559054,0.548154,0.005667,0.561940,0.607645,0.020058,0.578050,0.633377,0.027714,0.636327,0.509976,0.008982,0.589627,0.543160,0.017871,0.587901,0.589923,0.022595,0.599849,0.613907,0.023897,0.655631,0.521269,0.026884,0.617653,0.540955,0.033483,0.612634,0.576742,0.037180,0.622934,0.605180,0.039643
388,1694850132.570065,1,-5.7696,-5.7696,2.1564,-1.0236,5.8585,591.5678,25.4222,8932.0870,1.7123,133.1235,235.4781,130.9759,91.1636,65.8601,64.9789,0.000000,0.693988,0.735901,-0.000000,0.630276,0.761388,-0.016002,0.563098,0.706783,-0.011921,0.523622,0.637520,0.000329,0.524198,0.599821,0.013714,0.574976,0.562287,-0.025357,0.508811,0.511401,-0.016537,0.473307,0.485746,-0.010137,0.449058,0.455759,-0.008246,0.609184,0.518184,-0.009462,0.558506,0.548185,0.004629,0.561839,0.607390,0.018585,0.578269,0.633538,0.025768,0.636472,0.513644,0.007277,0.589382,0.541705,0.016050,0.588991,0.588698,0.020784,0.602330,0.613636,0.021645,0.657739,0.523905,0.023620,0.619039,0.541335,0.029870,0.615200,0.575806,0.033119,0.626607,0.603623,0.034863
389,1694850132.578398,1,-5.1393,-5.1393,-2.0034,-4.1598,4.1383,424.7858,29.2219,9371.8274,0.9512,134.1767,234.5244,129.0186,89.2814,64.1254,65.0295,0.000000,0.692052,0.736700,-0.000000,0.628318,0.760272,-0.012746,0.564232,0.708341,-0.007405,0.525817,0.643652,0.005770,0.522500,0.606031,0.020102,0.573870,0.563046,-0.024308,0.508327,0.511674,-0.016497,0.472703,0.484693,-0.010845,0.448067,0.454805,-0.008754,0.607469,0.519227,-0.008386,0.557421,0.547939,0.008221,0.559116,0.605676,0.024208,0.573771,0.632102,0.032209,0.634820,0.514537,0.008541,0.588254,0.542332,0.019404,0.585462,0.588137,0.025320,0.596331,0.612754,0.026543,0.655785,0.524721,0.025477,0.617290,0.542766,0.033769,0.610652,0.578168,0.038278,0.619482,0.607165,0.040620
390,1694850132.586732,1,,,0.0000,0.0000,0.0000,0.0000,57.3491,8415.3211,1.8083,124.9421,235.5042,131.6567,91.6594,65.7515,63.9177,0.000000,0.691000,0.738059,-0.000000,0.627102,0.761170,-0.013280,0.563840,0.708103,-0.005527,0.525943,0.646760,0.011112,0.520414,0.612889,0.029148,0.573939,0.562079,-0.024573,0.509080,0.511680,-0.015183,0.474270,0.485799,-0.008892,0.449896,0.455845,-0.006325,0.608255,0.519549,-0.006706,0.557227,0.548585,0.012955,0.558514,0.608949,0.029821,0.572524,0.637884,0.037980,0.635090,0.515832,0.012205,0.588628,0.542018,0.025643,0.585691,0.589428,0.030933,0.596294,0.616190,0.031291,0.655235,0.526089,0.031106,0.617758,0.543631,0.040220,0.611582,0.579163,0.043653,0.620395,0.609924,0.045153
391,1694850132.595065,1,0.0418,0.0418,2.4561,0.0000,3.2245,3762.3461,69.2670,9090.2984,1.8038,132.6273,233.9513,128.7001,88.7663,63.7989,65.1954,0.000000,0.689798,0.736524,-0.000000,0.626785,0.760014,-0.013382,0.563571,0.709013,-0.008424,0.525907,0.647454,0.004464,0.519282,0.613165,0.018411,0.574739,0.564991,-0.026914,0.508800,0.511506,-0.021655,0.472760,0.482220,-0.017624,0.447584,0.451256,-0.016442,0.608549,0.520934,-0.011596,0.556968,0.547364,0.002458,0.557529,0.609036,0.017875,0.571545,0.638429,0.025884,0.635703,0.515838,0.004623,0.588031,0.539508,0.013377,0.584603,0.587885,0.019939,0.595542,0.615521,0.022054,0.657136,0.525979,0.020708,0.618316,0.543911,0.026697,0.611708,0.580106,0.031141,0.620659,0.609968,0.033994
392,1694850132.603398,1,4.6639,4.6639,1.9576,-0.4985,3.8451,3688.2768,59.9924,9300.4961,2.1534,130.7955,238.8487,127.4021,88.1487,64.6041,67.6520,0.000000,0.690167,0.735122,-0.000000,0.626350,0.761054,-0.014853,0.561685,0.707346,-0.008346,0.523988,0.641830,0.007182,0.523029,0.603407,0.024163,0.573791,0.563012,-0.025610,0.507877,0.506362,-0.016286,0.472800,0.477269,-0.009584,0.448289,0.446277,-0.006672,0.608156,0.519852,-0.007087,0.556424,0.543266,0.011731,0.556286,0.602961,0.028719,0.569700,0.632829,0.037424,0.635140,0.516037,0.012401,0.587783,0.536842,0.024571,0.583623,0.583330,0.029860,0.593497,0.610463,0.030821,0.655595,0.525942,0.031931,0.616869,0.542432,0.040809,0.610117,0.576227,0.044788,0.618783,0.605831,0.046914
393,1694850132.611732,1,4.6143,4.6143,2.5960,0.6384,4.5220,3653.6000,22.3447,9754.1522,2.5022,131.6829,238.3864,125.0550,86.1901,63.4585,69.0215,0.000000,0.688574,0.732755,-0.000000,0.626302,0.757957,-0.013837,0.562036,0.706190,-0.006533,0.523538,0.643960,0.009606,0.520606,0.605244,0.027139,0.570407,0.561977,-0.025060,0.506610,0.501563,-0.017018,0.471522,0.471110,-0.011268,0.447052,0.440125,-0.008726,0.604371,0.518375,-0.006964,0.553720,0.541573,0.012090,0.554466,0.599702,0.029566,0.568474,0.628174,0.038477,0.632003,0.513402,0.011897,0.585088,0.536766,0.024697,0.582726,0.582400,0.030309,0.593765,0.607185,0.031227,0.653343,0.522595,0.030757,0.615740,0.540053,0.039684,0.609849,0.573922,0.043383,0.619542,0.602314,0.045242
394,1694850132.620065,1,0.1544,0.1544,1.3234,-1.2726,3.6256,3632.3581,5.2793,9852.6881,2.6162,130.0069,240.6271,125.3059,86.5859,65.0044,70.2795,0.000000,0.686604,0.730507,-0.000000,0.624401,0.754228,-0.011971,0.560808,0.703121,-0.006883,0.522597,0.638799,0.005525,0.519908,0.600016,0.018700,0.569511,0.560168,-0.023563,0.507329,0.497738,-0.015580,0.472787,0.466280,-0.009948,0.447899,0.435874,-0.008172,0.603270,0.516088,-0.008499,0.554715,0.542353,0.007481,0.555976,0.600302,0.022591,0.569485,0.628611,0.029834,0.631257,0.511100,0.007748,0.585798,0.536834,0.019388,0.584459,0.581997,0.025454,0.595895,0.607853,0.026251,0.653316,0.521901,0.023888,0.616686,0.539669,0.032543,0.611733,0.573534,0.036982,0.621729,0.602172,0.039062
395,1694850132.628398,1,-5.3598,-5.3598,-1.3504,-2.6738,3.6989,541.5677,46.4740,9883.8835,1.8987,129.9321,240.3294,122.4562,83.9723,63.3658,71.3422,0.000000,0.684481,0.729438,-0.000000,0.622170,0.753127,-0.014363,0.559059,0.701991,-0.008888,0.521297,0.637171,0.004979,0.519554,0.595931,0.020108,0.568619,0.554584,-0.026069,0.507100,0.493007,-0.019400,0.471790,0.461037,-0.014710,0.447391,0.430854,-0.012842,0.603118,0.511974,-0.009223,0.556609,0.539266,0.007356,0.556689,0.596775,0.022790,0.570371,0.625315,0.030720,0.631837,0.508974,0.008446,0.588360,0.534316,0.018903,0.585211,0.578500,0.023507,0.595685,0.604406,0.024376,0.654518,0.520506,0.026090,0.618844,0.538769,0.033777,0.613235,0.570578,0.037575,0.622610,0.598288,0.039979
396,1694850132.636732,1,-2.8001,-2.8001,-1.8660,-0.5156,3.9828,488.9132,10.4831,11067.2869,1.7417,129.0069,242.5669,118.1583,80.1280,61.4240,72.8271,0.000072,0.682118,0.720973,-0.000000,0.619303,0.748409,-0.013231,0.555688,0.697646,-0.007105,0.519223,0.630899,0.007461,0.518447,0.589239,0.023586,0.568034,0.553109,-0.026138,0.505030,0.487759,-0.019151,0.470036,0.455829,-0.013718,0.445266,0.425833,-0.011218,0.601778,0.508067,-0.009027,0.553429,0.536280,0.008391,0.552202,0.595062,0.025490,0.564511,0.623919,0.034560,0.628993,0.502988,0.009030,0.584129,0.532107,0.020291,0.579532,0.576750,0.026497,0.588584,0.601220,0.028460,0.650298,0.512778,0.027192,0.612705,0.532417,0.035719,0.604666,0.565042,0.040690,0.612063,0.593822,0.043936
397,1694850132.645065,1,7.9797,7.9797,0.8413,2.7073,4.8446,4130.3403,8.7795,9723.6384,1.7829,129.9182,243.6136,115.8287,77.8703,61.3271,74.4792,0.000296,0.681919,0.719009,-0.000000,0.618470,0.744431,-0.014509,0.554696,0.692137,-0.009480,0.518165,0.626852,0.003525,0.518128,0.584192,0.017605,0.566429,0.545452,-0.024395,0.504493,0.484019,-0.017586,0.469463,0.450396,-0.013189,0.445312,0.417881,-0.011872,0.600709,0.502788,-0.008120,0.554807,0.529920,0.006975,0.554833,0.587818,0.020643,0.568897,0.616147,0.027577,0.629050,0.499337,0.009012,0.585966,0.524847,0.018148,0.581931,0.569958,0.022350,0.592561,0.596531,0.023272,0.651429,0.510317,0.026082,0.614925,0.528229,0.032772,0.608612,0.561168,0.036616,0.618117,0.589319,0.039280
398,1694850132.653398,1,3.3398,3.3398,0.7963,-0.0450,4.6739,688.8845,20.5733,8529.8192,2.0270,128.5610,245.5516,113.3051,75.9493,61.8907,78.9716,0.000454,0.680785,0.715100,-0.000000,0.617428,0.739214,-0.014172,0.552297,0.686107,-0.007200,0.514393,0.617895,0.008570,0.517859,0.570880,0.025973,0.563812,0.541682,-0.023832,0.503005,0.474820,-0.015595,0.468580,0.441419,-0.010185,0.443950,0.409945,-0.008106,0.597429,0.498589,-0.006014,0.550461,0.524720,0.012876,0.551036,0.581585,0.028673,0.564943,0.609447,0.036277,0.625290,0.493819,0.012544,0.581668,0.520989,0.025603,0.578974,0.565698,0.029731,0.589395,0.590926,0.029546,0.647312,0.504035,0.031001,0.610999,0.522288,0.040968,0.604601,0.554682,0.044480,0.613614,0.583658,0.045995
399,1694850132.661732,1,-0.6905,-0.6905,1.1673,0.3710,4.7044,3884.9387,47.2564,8058.1091,1.6805,129.5262,246.9845,109.9415,73.2630,60.2963,79.7948,0.000833,0.677570,0.710796,-0.000000,0.614851,0.734784,-0.012567,0.552310,0.681303,-0.005821,0.515303,0.616996,0.009091,0.514784,0.576787,0.025294,0.561500,0.538700,-0.024295,0.501314,0.471841,-0.018156,0.466963,0.437185,-0.014316,0.442668,0.404700,-0.013080,0.595833,0.494241,-0.007759,0.549894,0.519798,0.010024,0.549777,0.574830,0.026177,0.562386,0.602148,0.034295,0.624874,0.489238,0.009550,0.581843,0.515240,0.021842,0.578371,0.557419,0.027654,0.587969,0.581404,0.028930,0.647859,0.500192,0.026762,0.612398,0.517951,0.035314,0.605651,0.549090,0.039386,0.614038,0.576837,0.041885
400,1694850132.670065,1,-10.6503,-10.6503,-1.9625,-3.1299,6.2447,3620.8538,70.3530,6905.4582,1.8418,135.4352,246.1966,108.3432,71.9958,60.2210,80.6794,0.001242,0.677730,0.710353,-0.000000,0.613743,0.732535,-0.011820,0.550999,0.676908,-0.003975,0.513850,0.611539,0.012359,0.511374,0.573593,0.030104,0.558688,0.533047,-0.021627,0.498482,0.466238,-0.011126,0.465660,0.433456,-0.004153,0.442187,0.401825,-0.000891,0.593819,0.490359,-0.003678,0.547672,0.514365,0.018693,0.546865,0.569091,0.036444,0.558760,0.597669,0.044955,0.623520,0.487268,0.015303,0.579638,0.511014,0.031077,0.576484,0.554732,0.035798,0.585290,0.579722,0.035552,0.646390,0.498078,0.034501,0.610596,0.512931,0.046399,0.603798,0.545065,0.050378,0.611395,0.574728,0.051950
401,1694850132.678398,1,1.6389,1.6389,-1.5852,0.3774,6.1790,683.3167,62.2489,8275.7276,2.2423,134.9645,247.3521,103.4880,68.3480,60.0366,83.3381,0.002453,0.676303,0.702534,-0.000000,0.612243,0.726571,-0.013560,0.548053,0.671824,-0.006406,0.510832,0.603581,0.009844,0.510247,0.565005,0.027470,0.558125,0.527155,-0.025056,0.498607,0.460665,-0.016722,0.464763,0.427707,-0.011814,0.439896,0.396147,-0.010220,0.593309,0.483946,-0.006756,0.544835,0.510169,0.014195,0.545520,0.568959,0.031678,0.559328,0.598389,0.039704,0.621516,0.481458,0.012369,0.575941,0.507872,0.026497,0.574053,0.554805,0.031086,0.585087,0.581034,0.030539,0.643349,0.492576,0.031585,0.605793,0.511490,0.041848,0.600043,0.546742,0.045542,0.609247,0.577260,0.046707
402,1694850132.686732,1,-5.1508,-5.1508,-2.1227,-0.5375,5.0550,3266.8886,64.0224,7345.2877,1.3791,132.3742,246.2943,104.1648,67.6047,57.7521,80.9950,0.002721,0.671632,0.701696,-0.000000,0.607851,0.721779,-0.011371,0.544019,0.667418,-0.003884,0.508706,0.600462,0.011939,0.511660,0.558830,0.029351,0.556617,0.522031,-0.021580,0.496370,0.454304,-0.012777,0.463568,0.425332,-0.007237,0.439120,0.398401,-0.004915,0.590778,0.479022,-0.004116,0.542983,0.504430,0.017365,0.542554,0.560591,0.034239,0.554040,0.589145,0.042085,0.618727,0.475112,0.014310,0.574304,0.503974,0.030347,0.571201,0.546010,0.035688,0.579749,0.570494,0.035704,0.640009,0.485657,0.032804,0.604110,0.504057,0.044498,0.597505,0.534734,0.048683,0.604785,0.563764,0.050515
403,1694850132.695065,1,-1.5901,-1.5901,-0.2249,1.8978,4.2797,736.2809,2.3478,9891.4619,1.9523,134.1906,254.5944,100.6577,66.8421,62.2755,88.9920,0.004666,0.673541,0.699586,-0.000000,0.610470,0.720808,-0.010884,0.546139,0.664109,-0.003967,0.507227,0.597055,0.010426,0.506700,0.560320,0.025805,0.554028,0.522186,-0.020224,0.495991,0.452464,-0.011647,0.463683,0.419058,-0.006133,0.439822,0.388709,-0.004143,0.589129,0.476922,-0.004368,0.541548,0.498774,0.015200,0.541093,0.553907,0.031441,0.552836,0.583034,0.039147,0.618479,0.472051,0.012417,0.573488,0.498948,0.026704,0.570975,0.542468,0.031834,0.580504,0.567759,0.031824,0.640963,0.483720,0.029237,0.604304,0.499422,0.039964,0.598359,0.531990,0.044070,0.606841,0.562048,0.045705
404,1694850132.703398,1,1.5988,1.5988,3.0623,3.2872,4.6404,2797.7809,10.6929,9434.3306,1.8650,131.9884,252.4483,93.4710,61.1113,60.4016,90.3903,0.006173,0.671456,0.697591,-0.000000,0.608870,0.717099,-0.012547,0.544173,0.660325,-0.006203,0.506484,0.592323,0.007992,0.501389,0.556097,0.022993,0.552094,0.518552,-0.023079,0.491347,0.448216,-0.012617,0.459235,0.416055,-0.005166,0.435101,0.385871,-0.002170,0.586342,0.473795,-0.005887,0.537468,0.500616,0.014158,0.536509,0.557338,0.030432,0.547194,0.585574,0.037674,0.615339,0.470125,0.012521,0.569335,0.500775,0.028097,0.566673,0.545497,0.033523,0.575084,0.569869,0.032855,0.637340,0.482060,0.030821,0.600443,0.501088,0.042386,0.593990,0.534817,0.046529,0.601785,0.564892,0.047682
405,1694850132.711732,1,-5.5938,-5.5938,-1.8082,-4.8704,3.1318,911.4311,12.1592,8074.4183,1.9191,128.8488,256.9602,91.3311,61.9459,65.2794,96.7355,0.009193,0.667617,0.695745,-0.000000,0.605418,0.713806,-0.011775,0.539985,0.655254,-0.004843,0.502073,0.583419,0.009908,0.504783,0.539592,0.025734,0.550317,0.516170,-0.021230,0.488481,0.442726,-0.010523,0.457296,0.408508,-0.002866,0.434576,0.376823,0.000471,0.583730,0.471635,-0.003929,0.535910,0.489853,0.016553,0.535334,0.541676,0.033157,0.545917,0.571209,0.041146,0.613086,0.466636,0.014461,0.568862,0.494609,0.029977,0.567160,0.536157,0.034213,0.576141,0.561407,0.033373,0.635817,0.476319,0.032878,0.601069,0.495207,0.044112,0.596216,0.526448,0.046922,0.604697,0.556213,0.047461
406,1694850132.720065,1,1.4244,1.4244,1.6438,3.4520,3.0853,1023.1946,76.7035,7639.0533,2.2034,128.5594,256.6223,88.4377,60.3090,67.3144,100.6604,0.010689,0.667801,0.692236,-0.000000,0.604651,0.710989,-0.012804,0.539582,0.653670,-0.006797,0.501655,0.584810,0.006970,0.500590,0.544231,0.021644,0.548413,0.511054,-0.023060,0.488345,0.441157,-0.015133,0.456173,0.406731,-0.009691,0.433171,0.374366,-0.007640,0.582604,0.466664,-0.006462,0.535431,0.491969,0.011497,0.535671,0.546681,0.026742,0.547793,0.574692,0.033929,0.611520,0.462778,0.011053,0.566692,0.494022,0.024034,0.565860,0.538555,0.028371,0.576151,0.563020,0.027939,0.633724,0.474938,0.028493,0.597407,0.495123,0.038298,0.592790,0.528378,0.041842,0.601846,0.558613,0.043178
407,1694850132.728398,1,2.8021,2.8021,1.0981,-0.5457,3.0294,737.4792,10.8074,6993.0995,2.2491,127.4414,257.1489,85.0117,57.5612,66.7699,102.5244,0.011779,0.662652,0.689751,-0.000000,0.600861,0.705548,-0.009246,0.539138,0.650032,-0.002583,0.502822,0.583910,0.011364,0.498031,0.543626,0.026218,0.544216,0.508894,-0.020570,0.486794,0.437677,-0.013155,0.455469,0.403402,-0.009307,0.431936,0.374598,-0.007720,0.578298,0.463787,-0.004000,0.534620,0.480025,0.018797,0.533347,0.529141,0.036517,0.543073,0.557415,0.044644,0.608935,0.459457,0.013613,0.567205,0.479616,0.030681,0.564189,0.518890,0.036544,0.571706,0.543388,0.036637,0.632728,0.470884,0.031536,0.599151,0.485058,0.044428,0.592578,0.515270,0.049747,0.599641,0.545007,0.052168
408,1694850132.736732,1,-15.5607,-15.5607,-4.2899,-5.3879,6.9118,832.2303,73.2391,8028.4135,2.4161,129.4776,259.2806,79.3423,55.3115,69.1574,106.6950,0.015402,0.661573,0.681105,-0.000000,0.598981,0.702420,-0.013398,0.534934,0.646623,-0.010336,0.497897,0.575678,-0.000380,0.494585,0.537477,0.010292,0.544599,0.505206,-0.026127,0.485199,0.436450,-0.023559,0.451789,0.401010,-0.021391,0.428068,0.369931,-0.021174,0.578163,0.459878,-0.012638,0.532446,0.485435,-0.002170,0.533941,0.537976,0.010238,0.547563,0.563458,0.016610,0.607026,0.455523,0.001545,0.563583,0.484773,0.007141,0.564084,0.527606,0.011609,0.576374,0.551539,0.012809,0.630216,0.467048,0.015593,0.593989,0.486977,0.020394,0.591255,0.519614,0.024590,0.602113,0.547072,0.027441
409,1694850132.745065,1,-4.1309,-4.1309,0.3657,4.6556,6.5065,695.9330,77.8264,7784.5760,2.3668,132.7045,257.7223,76.7278,54.4191,70.7535,109.0073,0.018544,0.661320,0.684133,-0.000000,0.597444,0.701902,-0.010210,0.533877,0.643791,-0.004107,0.498271,0.570715,0.009053,0.493821,0.525975,0.022869,0.541868,0.501044,-0.019026,0.483620,0.428728,-0.009064,0.451518,0.396846,-0.003808,0.426958,0.369464,-0.002277,0.576673,0.455856,-0.003126,0.531364,0.475381,0.018976,0.531057,0.525257,0.034553,0.541953,0.553578,0.040853,0.607189,0.452690,0.013938,0.564563,0.478422,0.031534,0.562881,0.520040,0.036623,0.571727,0.546088,0.035398,0.630636,0.465258,0.030959,0.596554,0.481139,0.043925,0.591784,0.512657,0.048451,0.600389,0.542736,0.049771
410,1694850132.753398,1,-5.5392,-5.5392,-1.7409,-2.1066,6.5042,1344.6521,74.8359,9222.9882,1.7856,129.9128,259.0825,76.0848,54.7578,71.8628,109.9958,0.021843,0.658555,0.678313,-0.000000,0.595068,0.696703,-0.013261,0.530769,0.637985,-0.008539,0.494129,0.566893,0.003629,0.493006,0.525343,0.016455,0.541703,0.494988,-0.022817,0.484115,0.428514,-0.015290,0.451463,0.396434,-0.010996,0.427203,0.367543,-0.009905,0.576946,0.451366,-0.006839,0.530156,0.474545,0.011602,0.527909,0.525722,0.026682,0.538762,0.554732,0.033461,0.606759,0.450058,0.009949,0.562378,0.476522,0.022145,0.559096,0.517931,0.026608,0.567949,0.544450,0.026391,0.630470,0.463900,0.026690,0.594259,0.482811,0.035838,0.588494,0.514824,0.040052,0.596648,0.545648,0.041885
411,1694850132.761732,1,-5.2566,-5.2566,-2.0147,-0.2738,5.8664,1094.1786,21.1689,8424.8943,1.6795,129.6057,260.4412,71.5826,54.7515,75.9737,115.6695,0.029259,0.655872,0.673484,-0.000000,0.592829,0.694146,-0.010971,0.528506,0.635932,-0.004477,0.492110,0.564857,0.009155,0.491808,0.522114,0.023754,0.536815,0.492856,-0.019763,0.480529,0.425570,-0.012285,0.448101,0.392727,-0.008202,0.424074,0.363213,-0.007024,0.571902,0.447544,-0.004807,0.527835,0.471862,0.015069,0.526564,0.520481,0.030935,0.536905,0.545396,0.038225,0.602750,0.443785,0.010850,0.560281,0.471199,0.024960,0.557909,0.511447,0.030601,0.566652,0.534604,0.031027,0.627649,0.455671,0.026332,0.592975,0.473119,0.036721,0.587118,0.503576,0.041510,0.594941,0.532397,0.043885
412,1694850132.770065,1,-2.6565,-2.6565,3.2260,5.2407,4.5797,868.7947,18.3281,7162.0940,2.4329,126.3102,265.1583,72.2917,57.7401,80.5807,122.0484,0.027535,0.656800,0.679587,-0.000000,0.592020,0.692369,-0.009924,0.529279,0.632817,-0.006691,0.494335,0.558721,0.002509,0.486555,0.514298,0.012306,0.538356,0.493157,-0.020993,0.479245,0.422152,-0.012613,0.448089,0.387913,-0.007011,0.425498,0.357704,-0.005075,0.572997,0.448158,-0.007281,0.527652,0.471486,0.010361,0.525041,0.518425,0.024538,0.533800,0.544114,0.030441,0.603809,0.445175,0.007813,0.560153,0.475240,0.020901,0.556833,0.513578,0.026439,0.564253,0.539277,0.026312,0.627487,0.457647,0.022929,0.592884,0.475875,0.033210,0.586401,0.505552,0.038299,0.592425,0.535665,0.040520
413,1694850132.778398,1,5.8724,5.8724,2.5008,-0.7252,4.2307,626.1518,82.0721,6821.1621,1.4558,124.7731,266.8605,69.3118,56.3179,81.1245,123.3027,0.028592,0.655089,0.676009,-0.000000,0.590448,0.689436,-0.010648,0.526128,0.629159,-0.006863,0.490790,0.553627,0.003051,0.488741,0.507893,0.013611,0.535879,0.489950,-0.022358,0.477322,0.418449,-0.017008,0.446720,0.385394,-0.013355,0.424690,0.356427,-0.012353,0.570823,0.443915,-0.008990,0.525858,0.469382,0.005173,0.523180,0.517202,0.017931,0.531644,0.543658,0.023601,0.602190,0.440185,0.005479,0.558674,0.475747,0.014907,0.556545,0.515565,0.019473,0.565041,0.542583,0.019773,0.627230,0.452246,0.019931,0.592201,0.475468,0.027034,0.586868,0.506603,0.031133,0.594091,0.537710,0.033464
414,1694850132.786732,1,-6.9930,-6.9930,-0.3634,-2.8643,4.6105,535.6645,6.9610,7344.6497,2.5536,126.8573,267.7304,69.2518,56.8743,82.6555,126.5717,0.037826,0.652570,0.673725,-0.000000,0.588283,0.688485,-0.010075,0.524393,0.628619,-0.005507,0.489068,0.554393,0.005543,0.485801,0.511533,0.017363,0.534703,0.487739,-0.022594,0.477786,0.418638,-0.017178,0.447329,0.387485,-0.013429,0.425256,0.360843,-0.012185,0.569409,0.442260,-0.008691,0.522403,0.465924,0.007681,0.520796,0.513950,0.022336,0.530618,0.538317,0.028767,0.599990,0.438991,0.006249,0.555429,0.471746,0.017239,0.553367,0.511312,0.022731,0.562511,0.535345,0.023143,0.624400,0.451728,0.021297,0.589025,0.471636,0.029707,0.583813,0.502317,0.034476,0.591795,0.532354,0.036826
415,1694850132.795065,1,5.4041,5.4041,2.6652,3.0286,5.3786,386.8844,2.1848,6526.2446,2.0656,116.1613,267.5564,67.0617,59.5868,87.3198,131.8051,0.043485,0.652129,0.674260,-0.000000,0.588062,0.686560,-0.010635,0.524852,0.629233,-0.008549,0.488866,0.554165,-0.000630,0.482873,0.506759,0.008021,0.532455,0.481065,-0.021742,0.472904,0.414885,-0.016366,0.443199,0.384337,-0.012553,0.422060,0.356867,-0.011055,0.566947,0.436429,-0.008190,0.519819,0.461612,0.006785,0.516083,0.506701,0.020091,0.523644,0.530601,0.026193,0.598126,0.434289,0.006444,0.552855,0.470178,0.015792,0.549114,0.508731,0.020501,0.556189,0.534093,0.021237,0.622543,0.447272,0.021245,0.585640,0.469078,0.028664,0.578468,0.500274,0.033329,0.583982,0.530743,0.036196
416,1694850132.803398,1,-4.6982,-4.6982,-0.5104,-3.1756,5.2884,513.5939,17.9084,5759.2542,1.9494,121.5602,275.0646,69.4006,64.9247,93.6040,138.2322,0.048485,0.651306,0.670549,-0.000000,0.585937,0.685728,-0.008155,0.521337,0.625690,-0.005564,0.485342,0.550309,0.001825,0.481078,0.504274,0.009678,0.531301,0.482720,-0.018808,0.471954,0.413810,-0.013338,0.443536,0.379610,-0.009466,0.424615,0.348867,-0.008242,0.565387,0.436664,-0.007546,0.518878,0.461436,0.005377,0.517358,0.508008,0.017058,0.528164,0.533136,0.022240,0.596162,0.433335,0.005096,0.551389,0.464893,0.013372,0.548637,0.503715,0.018377,0.557993,0.529703,0.019157,0.620514,0.446829,0.017962,0.583772,0.467974,0.025280,0.577931,0.499239,0.030551,0.585023,0.530241,0.033762
417,1694850132.811732,1,4.3637,4.3637,-0.3772,0.1332,5.4880,564.6489,19.4624,7540.9228,2.4131,121.8295,273.4302,66.0078,65.2719,95.8002,140.6472,0.054975,0.651560,0.675333,-0.000000,0.585092,0.684450,-0.007616,0.519894,0.623933,-0.005129,0.484388,0.548983,0.001922,0.478446,0.501574,0.009230,0.530721,0.480421,-0.017390,0.472497,0.414092,-0.010574,0.443267,0.379677,-0.006752,0.421139,0.348038,-0.006074,0.565119,0.434921,-0.006630,0.518861,0.460775,0.007267,0.514614,0.506512,0.018330,0.521337,0.531881,0.022862,0.596450,0.432210,0.005604,0.551968,0.466661,0.015393,0.548621,0.505205,0.020073,0.556454,0.531909,0.020415,0.620965,0.445755,0.018033,0.585027,0.467936,0.026518,0.578685,0.498989,0.031965,0.585245,0.530463,0.035146
418,1694850132.820065,1,-9.1074,-9.1074,-0.5286,-0.1514,5.9637,624.1288,50.8163,10368.1733,2.3655,126.3997,272.7162,67.2833,69.1953,100.2480,143.7179,0.059383,0.649280,0.673685,-0.000000,0.581728,0.682888,-0.006140,0.517568,0.621020,-0.001589,0.482157,0.545881,0.008055,0.484383,0.500973,0.018252,0.524237,0.474966,-0.016428,0.463663,0.401294,-0.006126,0.435555,0.370259,0.001381,0.417981,0.342731,0.005047,0.559465,0.431673,-0.003447,0.511719,0.457005,0.014945,0.509099,0.503130,0.028111,0.518911,0.530750,0.033578,0.592078,0.430555,0.011467,0.545625,0.465505,0.024329,0.543645,0.504881,0.027370,0.553635,0.535655,0.026239,0.617350,0.443482,0.027040,0.580471,0.464206,0.037745,0.574325,0.493781,0.041622,0.580827,0.526766,0.043382
419,1694850132.828398,1,-3.1273,-3.1273,-2.1328,-1.6043,5.5277,417.3142,49.9023,8372.8861,2.0191,123.1443,270.2246,63.0042,62.8784,94.8576,140.1188,0.063253,0.649077,0.669913,-0.000000,0.582599,0.681846,-0.005360,0.517819,0.622359,-0.000748,0.481486,0.551455,0.008028,0.476245,0.511123,0.017187,0.525557,0.483299,-0.015679,0.467562,0.412272,-0.009008,0.438462,0.378428,-0.004176,0.417395,0.348301,-0.002456,0.558775,0.435206,-0.005558,0.511745,0.461195,0.007674,0.509062,0.507380,0.019430,0.517660,0.533849,0.024769,0.590013,0.428997,0.006074,0.544309,0.464573,0.015009,0.541528,0.503076,0.019653,0.550039,0.529983,0.020256,0.614776,0.439482,0.018081,0.578143,0.461153,0.025863,0.571215,0.491945,0.030585,0.577039,0.523602,0.033375
420,1694850132.836732,1,11.7209,11.7209,4.1048,6.2376,7.3631,534.8796,51.8095,6587.9142,1.7543,118.3657,266.5941,59.5448,58.6104,90.5317,136.0639,0.061880,0.646039,0.665596,-0.000000,0.580730,0.678617,-0.009797,0.516014,0.619485,-0.006524,0.480139,0.545371,0.002257,0.473759,0.503595,0.011629,0.525500,0.477962,-0.020590,0.469434,0.414483,-0.016494,0.438998,0.383292,-0.014406,0.415421,0.356515,-0.014337,0.559163,0.430834,-0.009126,0.513097,0.454081,0.005215,0.510816,0.499934,0.018210,0.519107,0.524499,0.024077,0.589756,0.426265,0.003142,0.545100,0.458426,0.012836,0.542409,0.496570,0.019167,0.550313,0.520529,0.020714,0.615217,0.438340,0.015192,0.578840,0.457557,0.023273,0.572118,0.487295,0.029486,0.578591,0.517611,0.033221
421,1694850132.845065,1,-3.3018,-3.3018,-1.9164,-6.0211,7.2109,829.1049,37.2128,8542.8890,1.7188,122.0571,265.6109,56.0599,58.2914,91.7348,137.4893,0.066313,0.642575,0.658387,-0.000000,0.577280,0.675977,-0.007982,0.513057,0.618895,-0.003672,0.477968,0.545953,0.005787,0.473487,0.503828,0.015628,0.522673,0.475174,-0.018413,0.465672,0.411502,-0.012806,0.434127,0.379318,-0.008991,0.411361,0.351830,-0.007492,0.557160,0.429139,-0.007433,0.514355,0.454222,0.007982,0.512395,0.501270,0.021796,0.522108,0.526606,0.028536,0.588554,0.425648,0.004585,0.547428,0.457723,0.014430,0.544764,0.496462,0.020200,0.553551,0.520817,0.021613,0.614870,0.438765,0.016726,0.581495,0.460688,0.025227,0.575934,0.490770,0.031448,0.583313,0.520309,0.035366
422,1694850132.853398,1,4.3531,4.3531,3.3651,5.2815,7.2097,1009.4217,69.0647,7241.1524,1.8591,118.1674,265.9349,60.9285,59.1397,90.8664,136.0703,0.062067,0.646569,0.663991,-0.000000,0.579961,0.678389,-0.006030,0.515142,0.620477,-0.002770,0.478868,0.546071,0.004522,0.474470,0.501944,0.012217,0.524152,0.480324,-0.015842,0.466179,0.413194,-0.009130,0.436391,0.381574,-0.004535,0.414210,0.352341,-0.003227,0.557236,0.433189,-0.006251,0.511568,0.457645,0.006007,0.508582,0.502255,0.016763,0.517087,0.528422,0.021509,0.588451,0.427342,0.004919,0.543654,0.459125,0.012987,0.540045,0.497200,0.017599,0.548192,0.525040,0.018295,0.613650,0.438125,0.016387,0.577398,0.458609,0.023568,0.569877,0.488854,0.028476,0.575203,0.519795,0.031484
423,1694850132.861732,1,4.0236,4.0236,1.7877,-1.5774,5.5827,904.9338,8.6524,6713.5469,1.6292,114.6258,258.2768,57.5731,53.0466,83.8567,128.9845,0.057217,0.644252,0.665431,-0.000000,0.578804,0.678360,-0.006687,0.515242,0.619872,-0.002860,0.479507,0.546921,0.005228,0.471168,0.503281,0.013800,0.519795,0.475088,-0.013652,0.465737,0.410773,-0.007578,0.435751,0.382056,-0.003880,0.414063,0.359077,-0.002550,0.553903,0.429805,-0.003956,0.511758,0.455484,0.010530,0.511392,0.501511,0.022154,0.521868,0.526138,0.027496,0.585864,0.425891,0.006751,0.544452,0.461535,0.016518,0.543459,0.500248,0.021467,0.552762,0.523089,0.022252,0.612017,0.438138,0.017566,0.577180,0.461578,0.026528,0.572312,0.492453,0.032572,0.580523,0.520969,0.036221
424,1694850132.870065,1,-6.2979,-6.2979,-4.5047,-6.2924,6.3410,563.1313,55.4694,6158.3256,1.9104,117.5579,264.0779,59.6291,55.9143,86.2130,130.5338,0.054863,0.645125,0.664280,-0.000000,0.578956,0.680379,-0.009128,0.514770,0.620884,-0.005970,0.478612,0.542537,0.002972,0.471510,0.497727,0.012411,0.523884,0.478242,-0.020902,0.465985,0.413245,-0.014563,0.436382,0.382385,-0.010598,0.414904,0.354541,-0.009299,0.557147,0.431204,-0.007650,0.511506,0.457013,0.009100,0.512407,0.505919,0.023275,0.523732,0.530817,0.029522,0.587397,0.427215,0.006938,0.544263,0.462842,0.018675,0.543554,0.504545,0.024280,0.553968,0.530424,0.024667,0.611739,0.439556,0.021744,0.576562,0.463374,0.031866,0.571350,0.496574,0.037640,0.579594,0.527910,0.040502
425,1694850132.878398,1,-1.2317,-1.2317,0.5175,5.0222,4.1477,762.1048,54.0064,6799.4732,2.3079,117.0556,263.0502,61.4461,56.8084,85.6804,129.0315,0.049308,0.644845,0.662278,-0.000000,0.578546,0.679826,-0.009147,0.514300,0.621015,-0.005314,0.479348,0.543875,0.003865,0.470095,0.498351,0.013686,0.521910,0.478358,-0.018361,0.464039,0.410135,-0.011164,0.434201,0.379481,-0.005601,0.412892,0.352512,-0.003186,0.556480,0.431533,-0.006144,0.510337,0.454227,0.009100,0.509818,0.503085,0.022875,0.520766,0.528952,0.029547,0.587554,0.426594,0.007098,0.543798,0.461832,0.017275,0.542471,0.502808,0.022800,0.552157,0.527687,0.023715,0.612507,0.437889,0.020394,0.576299,0.461894,0.028832,0.570975,0.494532,0.034074,0.578794,0.524559,0.036982
426,1694850132.886732,1,2.2312,2.2312,-0.5305,-1.0480,3.9850,615.9451,50.4087,6491.8545,1.8696,118.8673,265.1897,61.2305,55.7292,84.4195,127.7288,0.050438,0.646246,0.666411,-0.000000,0.579733,0.681358,-0.009187,0.515587,0.622875,-0.005778,0.480669,0.543990,0.003072,0.472594,0.497719,0.012402,0.522888,0.480760,-0.018476,0.464434,0.411962,-0.012200,0.434647,0.379046,-0.008076,0.413066,0.349679,-0.006483,0.556691,0.432767,-0.005760,0.510316,0.453598,0.010469,0.509085,0.502007,0.024372,0.519750,0.529425,0.031006,0.587860,0.427702,0.007940,0.544104,0.462860,0.018542,0.543004,0.505203,0.023297,0.553408,0.532811,0.023857,0.613265,0.438700,0.021819,0.577531,0.462889,0.031059,0.572542,0.495761,0.036411,0.581168,0.527466,0.039421
427,1694850132.895065,1,-0.4867,-0.4867,-1.1276,-0.5971,3.5203,329.0024,0.7416,6754.5494,2.3260,122.6196,265.6508,65.8633,55.0486,80.6485,122.8260,0.038301,0.644409,0.666814,-0.000000,0.578423,0.681432,-0.008027,0.516427,0.621989,-0.005087,0.481020,0.546534,0.002758,0.471481,0.503177,0.010969,0.522488,0.481254,-0.018836,0.464627,0.412890,-0.012701,0.435559,0.379677,-0.008520,0.415546,0.349902,-0.006971,0.557359,0.434568,-0.007442,0.513914,0.459683,0.006969,0.512721,0.506475,0.019135,0.522786,0.533076,0.024623,0.589684,0.431144,0.005362,0.548078,0.466530,0.014942,0.546663,0.506219,0.019381,0.556133,0.534237,0.019726,0.615521,0.444477,0.018416,0.582100,0.468532,0.026856,0.577483,0.499684,0.032042,0.585049,0.531125,0.035114
428,1694850132.903398,1,-7.8969,-7.8969,-0.3998,0.7278,3.7767,263.7111,76.1561,6811.6342,2.4739,123.1489,269.0547,71.8180,59.8004,82.5312,122.9581,0.039020,0.647769,0.675272,-0.000000,0.580209,0.685282,-0.005538,0.515719,0.622439,0.000307,0.480669,0.546185,0.011220,0.474751,0.498620,0.022671,0.521636,0.480831,-0.013898,0.464328,0.410873,-0.004107,0.436940,0.378219,0.001766,0.417871,0.347956,0.004022,0.556819,0.435265,-0.001788,0.511968,0.460000,0.017225,0.509547,0.506047,0.030505,0.517966,0.530986,0.035920,0.589494,0.432679,0.011886,0.545790,0.469446,0.026494,0.543788,0.508276,0.030860,0.552380,0.534184,0.029967,0.614883,0.445804,0.025887,0.579288,0.471546,0.037570,0.573520,0.503005,0.042368,0.580442,0.534076,0.044394
429,1694850132.911732,1,-7.1104,-7.1104,-1.4697,-1.0699,3.9404,281.7077,63.9384,7564.2888,2.0505,126.8495,260.3938,68.1229,53.3982,76.4751,117.9599,0.028613,0.646891,0.671813,-0.000000,0.582427,0.688085,-0.009206,0.519071,0.628456,-0.006530,0.482379,0.549936,0.001974,0.477417,0.503794,0.010951,0.525345,0.484494,-0.021928,0.466019,0.414656,-0.016984,0.435691,0.381437,-0.013689,0.413873,0.354835,-0.012306,0.559817,0.438280,-0.008418,0.515079,0.456463,0.008567,0.514780,0.503292,0.023769,0.525151,0.531645,0.031029,0.591787,0.435874,0.006269,0.550250,0.465437,0.017262,0.549172,0.504813,0.022523,0.559000,0.532787,0.023247,0.617633,0.449599,0.021325,0.585254,0.471497,0.030870,0.580782,0.501985,0.036259,0.588697,0.532622,0.039124
430,1694850132.920065,1,6.9427,6.9427,1.1779,2.6475,5.6275,669.1021,42.8801,8724.0855,2.4174,131.7631,259.7633,70.9020,51.4961,70.5399,109.9767,0.028533,0.645727,0.668326,-0.000000,0.580026,0.684934,-0.009208,0.517446,0.625151,-0.004987,0.483002,0.548533,0.005683,0.479325,0.506064,0.016821,0.526859,0.486291,-0.022039,0.468460,0.419789,-0.015281,0.436701,0.387435,-0.010967,0.414140,0.358155,-0.009567,0.562366,0.440997,-0.008354,0.517036,0.462936,0.010018,0.517903,0.514761,0.025637,0.530250,0.542128,0.032585,0.593724,0.438185,0.006567,0.551293,0.467206,0.019329,0.551183,0.510859,0.024461,0.562776,0.538568,0.024243,0.618964,0.450992,0.021740,0.585337,0.470437,0.032174,0.581973,0.503070,0.037156,0.591924,0.534205,0.039174
431,1694850132.928398,1,3.6052,3.6052,1.0230,-0.1549,5.8217,506.5565,82.1123,8114.9174,1.9720,133.9753,259.7917,72.3825,52.3624,70.9512,110.2388,0.022666,0.647219,0.674015,-0.000000,0.582602,0.690867,-0.009546,0.519347,0.629727,-0.003242,0.485239,0.555018,0.009467,0.480888,0.510575,0.022985,0.526314,0.484066,-0.016765,0.468376,0.418891,-0.006778,0.436946,0.386867,-0.000656,0.414351,0.357820,0.001661,0.561912,0.440321,-0.002688,0.519053,0.459512,0.016761,0.519491,0.506459,0.031410,0.530815,0.532336,0.038269,0.594074,0.437639,0.012455,0.553473,0.459740,0.026375,0.550892,0.499405,0.031297,0.559332,0.525258,0.031409,0.619345,0.450197,0.027587,0.586158,0.465625,0.037234,0.580693,0.496322,0.041154,0.588196,0.525667,0.043203
432,1694850132.936732,1,11.0773,11.0773,4.7435,3.7206,7.5903,675.2094,52.7358,7262.8894,2.1933,137.1119,258.1745,73.6198,50.3226,67.4655,106.7750,0.021985,0.648584,0.677417,-0.000000,0.584249,0.691421,-0.009124,0.521837,0.631545,-0.002833,0.488217,0.557508,0.010346,0.480299,0.516850,0.024339,0.527068,0.487406,-0.018280,0.467405,0.418709,-0.006974,0.436409,0.387140,0.000453,0.414763,0.359714,0.003846,0.562930,0.444636,-0.002528,0.517860,0.465059,0.020049,0.517128,0.516790,0.036424,0.527975,0.546406,0.043489,0.594768,0.443078,0.014561,0.551738,0.469119,0.031225,0.549937,0.513249,0.035429,0.559184,0.542310,0.034013,0.619703,0.455282,0.031960,0.585126,0.472052,0.044246,0.579630,0.504403,0.047956,0.587290,0.536598,0.048846
433,1694850132.945065,1,12.0381,12.0381,4.7871,0.0436,6.9046,455.4352,78.3790,7931.7908,2.6497,137.5131,259.2731,79.3469,53.9347,66.1335,103.3267,0.018615,0.652323,0.684357,-0.000000,0.586959,0.698826,-0.009937,0.522405,0.636179,-0.001552,0.487505,0.560809,0.014782,0.483804,0.518815,0.032519,0.528502,0.490860,-0.017614,0.465979,0.419570,-0.004588,0.436092,0.388534,0.004269,0.416392,0.360900,0.009004,0.564521,0.449353,0.000881,0.517583,0.466729,0.026330,0.516268,0.516131,0.044583,0.526440,0.544544,0.052908,0.596221,0.448448,0.020551,0.551948,0.475919,0.039575,0.550047,0.519803,0.043317,0.558999,0.547183,0.041565,0.620295,0.460916,0.040585,0.585271,0.480671,0.054631,0.578590,0.512803,0.057501,0.585473,0.545065,0.057625
434,1694850132.953398,1,-10.4941,-10.4941,-4.3592,-9.1463,8.1435,632.5940,4.9612,7221.0386,2.1799,128.7415,255.8487,82.7372,55.9200,65.1123,100.1519,0.014001,0.652645,0.683516,-0.000000,0.587885,0.698733,-0.008704,0.524683,0.636878,-0.000097,0.488913,0.566218,0.016054,0.483814,0.526618,0.033333,0.531362,0.492962,-0.016605,0.471711,0.427536,-0.003657,0.440421,0.397692,0.004159,0.418095,0.368846,0.007568,0.567506,0.451225,0.000260,0.520818,0.470025,0.026023,0.519680,0.521314,0.043644,0.530551,0.550547,0.051214,0.598537,0.450080,0.018508,0.554234,0.470928,0.037942,0.550004,0.513105,0.043152,0.557412,0.539540,0.042166,0.622159,0.463547,0.037102,0.586161,0.475292,0.051297,0.577983,0.506965,0.055820,0.583949,0.539045,0.057215
435,1694850132.961732,1,-7.4985,-7.4985,-2.7759,1.5833,9.2923,1302.5411,43.5047,6813.6804,2.6591,126.4961,255.5056,87.2431,57.1680,62.3065,96.4076,0.009468,0.653677,0.683301,-0.000000,0.589359,0.700100,-0.009389,0.527724,0.640509,-0.000126,0.491146,0.573186,0.017422,0.486128,0.536223,0.036285,0.532825,0.496373,-0.016908,0.474905,0.433084,-0.005385,0.443207,0.402052,0.000600,0.420595,0.371242,0.003159,0.569319,0.455825,0.001530,0.523228,0.473939,0.029402,0.523586,0.528699,0.049304,0.535644,0.559141,0.058290,0.600744,0.454891,0.020905,0.556451,0.472370,0.041091,0.553650,0.518434,0.046584,0.562680,0.545417,0.045881,0.625167,0.467127,0.040685,0.589579,0.480392,0.055515,0.582405,0.515533,0.060195,0.589849,0.547748,0.061596
436,1694850132.970065,1,-9.3121,-9.3121,-5.0973,-2.3214,10.1704,1309.4378,19.1295,5789.9660,2.5326,131.3989,252.7190,86.1174,56.3566,61.6149,96.2280,0.011022,0.651807,0.682630,-0.000000,0.586685,0.701761,-0.007120,0.526141,0.643758,0.003349,0.493032,0.574987,0.021880,0.487524,0.536651,0.041887,0.533230,0.500081,-0.017203,0.474186,0.434110,-0.006967,0.441932,0.401005,-0.000745,0.419130,0.369729,0.002774,0.569014,0.458278,0.000441,0.524687,0.476154,0.026713,0.524530,0.530123,0.047044,0.536529,0.560707,0.057036,0.600043,0.456347,0.019147,0.558235,0.475758,0.037373,0.555529,0.520777,0.042328,0.565043,0.548625,0.042021,0.624461,0.466677,0.038636,0.591004,0.483858,0.052494,0.584819,0.518595,0.057036,0.592542,0.551174,0.058826
437,1694850132.978398,1,-8.9757,-8.9757,-5.2534,-0.1561,8.4972,1716.6443,16.8882,7395.7482,1.8604,133.9660,251.1086,91.3751,58.2509,56.9095,87.9318,0.007414,0.655721,0.688588,-0.000000,0.590467,0.706259,-0.006588,0.528525,0.645217,0.003037,0.495153,0.576267,0.019812,0.490687,0.538513,0.037796,0.538210,0.505892,-0.015447,0.478414,0.440023,-0.004804,0.445909,0.408855,0.001792,0.422239,0.380712,0.005009,0.573921,0.463404,0.000687,0.526511,0.479230,0.025023,0.523838,0.532350,0.043776,0.533778,0.563159,0.052844,0.604557,0.460036,0.017989,0.559746,0.477364,0.035825,0.553559,0.519997,0.042110,0.560705,0.547350,0.042662,0.628185,0.470323,0.035852,0.591915,0.485019,0.049198,0.582806,0.518126,0.054318,0.588729,0.549388,0.056611
438,1694850132.986732,1,16.3579,16.3579,6.7130,11.9665,10.2160,2024.4345,7.0349,8577.9579,2.3876,135.9853,250.9487,98.9459,63.9667,59.3175,87.8230,0.005165,0.657544,0.693213,-0.000000,0.594050,0.710929,-0.007743,0.534054,0.651909,0.000762,0.499433,0.585542,0.016184,0.490048,0.549531,0.032784,0.538839,0.512563,-0.015922,0.480396,0.445646,-0.006242,0.448627,0.413019,0.000088,0.425785,0.384251,0.003483,0.573984,0.468909,-0.000069,0.529923,0.484430,0.022847,0.528492,0.535363,0.040999,0.538535,0.565404,0.050262,0.605705,0.464405,0.016787,0.563366,0.483355,0.033453,0.558596,0.524104,0.039728,0.565479,0.549898,0.040800,0.630751,0.474154,0.034010,0.596270,0.488819,0.046264,0.587793,0.520336,0.051253,0.593631,0.550852,0.053938
439,1694850132.995065,1,-15.7123,-15.7123,-2.0535,-8.7665,11.0594,808.6205,7.6120,8177.2421,2.5234,138.2840,249.7250,102.1642,66.7558,58.0070,82.1314,0.003998,0.659194,0.696209,-0.000000,0.596186,0.714235,-0.011969,0.535490,0.656405,-0.005977,0.500573,0.588281,0.007312,0.491725,0.551232,0.021867,0.541860,0.510060,-0.019087,0.480670,0.447764,-0.008231,0.449210,0.417064,-0.000357,0.427518,0.387037,0.003439,0.577078,0.469606,-0.003073,0.530668,0.487377,0.015698,0.529658,0.539647,0.030515,0.541423,0.568748,0.037872,0.607558,0.468187,0.014054,0.564117,0.486946,0.026628,0.559605,0.529594,0.030754,0.567248,0.555959,0.030844,0.631269,0.480951,0.031281,0.595759,0.493084,0.040402,0.587956,0.525260,0.043936,0.594087,0.555447,0.045802
440,1694850133.003398,1,6.8728,6.8728,4.0462,6.0997,11.8809,2563.0387,21.0985,7289.4377,1.3912,126.7986,245.0599,106.5485,68.4834,54.1922,74.3885,0.002022,0.658273,0.699119,-0.000000,0.595798,0.717206,-0.008496,0.535802,0.659265,0.000035,0.500322,0.595613,0.015820,0.493865,0.559926,0.032930,0.541854,0.515955,-0.017218,0.484280,0.454149,-0.009439,0.452121,0.425166,-0.004823,0.429679,0.399037,-0.002391,0.576655,0.473737,-0.001944,0.534070,0.499324,0.018877,0.534287,0.550746,0.034894,0.545546,0.576672,0.042671,0.606926,0.470379,0.014224,0.565884,0.497924,0.029094,0.562495,0.538524,0.034158,0.570392,0.561543,0.034557,0.630871,0.481084,0.030674,0.596736,0.499496,0.041871,0.589860,0.529862,0.046572,0.596670,0.558351,0.049177
441,1694850133.011732,1,9.0983,9.0983,4.5185,0.4723,11.9445,2632.3047,18.2486,6771.6484,2.1902,135.8557,245.7183,105.4413,68.3119,56.4750,78.7216,0.002095,0.662336,0.704034,-0.000000,0.598414,0.721894,-0.008668,0.538661,0.663862,-0.001174,0.503870,0.597648,0.013444,0.494963,0.562624,0.029112,0.544776,0.519990,-0.019495,0.484090,0.458371,-0.011338,0.451147,0.425326,-0.006094,0.428181,0.393866,-0.003670,0.580238,0.477645,-0.004090,0.535170,0.496062,0.015940,0.534393,0.547928,0.032435,0.545650,0.576926,0.040356,0.611322,0.475067,0.012486,0.568626,0.494573,0.026470,0.564227,0.536358,0.031725,0.572154,0.562735,0.032089,0.635277,0.487546,0.029459,0.600698,0.499678,0.040154,0.593039,0.532033,0.044729,0.599583,0.563265,0.046927
442,1694850133.020065,1,9.1137,9.1137,-1.8111,-6.3296,10.9098,711.9835,30.7186,8498.3858,1.9747,129.0810,246.9268,112.0792,74.1821,58.4768,75.4812,0.000653,0.661652,0.703219,-0.000000,0.598393,0.723438,-0.009366,0.538505,0.666153,-0.001496,0.504006,0.601156,0.013403,0.498027,0.565805,0.029311,0.545162,0.522716,-0.017462,0.487618,0.461671,-0.008418,0.455103,0.429940,-0.002878,0.432606,0.399407,-0.000570,0.580195,0.480514,-0.002824,0.536988,0.505994,0.016707,0.537280,0.560816,0.032188,0.549847,0.588597,0.039766,0.610929,0.477311,0.012820,0.569742,0.501327,0.026807,0.566931,0.544296,0.032059,0.576665,0.569924,0.032535,0.635851,0.488697,0.028515,0.602402,0.506447,0.038585,0.596773,0.538067,0.042862,0.605395,0.566969,0.045240
443,1694850133.028398,1,12.3084,12.3084,7.0052,8.8162,10.1729,3046.0308,22.1950,6630.2243,2.1551,134.8395,248.3462,110.6984,73.0995,58.4243,76.1182,0.000958,0.664501,0.714759,-0.000000,0.601944,0.729462,-0.006348,0.542033,0.670411,0.000031,0.507099,0.603323,0.012201,0.497087,0.566819,0.024864,0.548799,0.530516,-0.016275,0.487890,0.462869,-0.006899,0.455660,0.427378,-0.001074,0.432375,0.395360,0.001375,0.582819,0.486777,-0.002434,0.539518,0.498780,0.018463,0.538262,0.548397,0.035090,0.547522,0.576691,0.043102,0.614631,0.483132,0.012842,0.573699,0.499503,0.029456,0.569170,0.539329,0.036176,0.576132,0.564212,0.036913,0.638948,0.495406,0.028478,0.605897,0.505806,0.041411,0.598233,0.537601,0.047293,0.604884,0.567034,0.050093
444,1694850133.036732,1,8.6595,8.6595,0.4467,-6.5585,1.7543,53.0836,88.3121,5833.8098,1.2622,137.3318,246.6865,108.9778,71.0803,56.7354,75.5609,0.001200,0.664458,0.709287,-0.000000,0.600711,0.729136,-0.008967,0.541353,0.671852,-0.000572,0.507454,0.605736,0.015425,0.499631,0.569581,0.032694,0.547399,0.528015,-0.020401,0.486282,0.463471,-0.012180,0.453590,0.428429,-0.006623,0.431431,0.395228,-0.003931,0.583347,0.486515,-0.004770,0.539028,0.505643,0.014504,0.539292,0.560069,0.031061,0.551862,0.588868,0.039238,0.614450,0.483675,0.011989,0.572088,0.502783,0.024886,0.569311,0.546849,0.029599,0.579206,0.573084,0.029785,0.638817,0.494190,0.029191,0.604535,0.507821,0.038489,0.598516,0.540932,0.042226,0.606558,0.570970,0.044084
445,1694850133.045065,1,-16.8799,-16.8799,-6.4946,-6.9412,10.7498,3328.6302,48.6383,8308.4650,1.3924,131.4784,242.6161,113.8552,74.9261,55.4965,68.1766,0.000326,0.667021,0.713094,-0.000000,0.601453,0.732326,-0.008110,0.541117,0.671822,0.002182,0.506954,0.604851,0.020377,0.502083,0.573117,0.039790,0.548210,0.530642,-0.017132,0.488885,0.467407,-0.004703,0.456360,0.436927,0.003133,0.433461,0.405792,0.006895,0.584191,0.488206,-0.000443,0.539113,0.515212,0.024101,0.540714,0.570852,0.041985,0.554153,0.599616,0.050386,0.614515,0.485768,0.017594,0.571594,0.512105,0.035759,0.570075,0.556486,0.040088,0.580660,0.582583,0.039079,0.637585,0.496706,0.036056,0.603124,0.513959,0.049614,0.597745,0.546433,0.053318,0.606244,0.576539,0.054439
446,1694850133.053398,1,-8.1061,-8.1061,-4.3049,2.1896,11.4454,3604.9499,74.8297,9721.1795,1.6694,132.7323,243.1722,115.4411,77.4050,58.7727,70.8011,0.000165,0.667573,0.718390,-0.000000,0.603578,0.734393,-0.010651,0.544279,0.676205,-0.001591,0.510232,0.611403,0.016174,0.501227,0.577219,0.035459,0.551249,0.533444,-0.022079,0.490927,0.469578,-0.012194,0.458207,0.437854,-0.006047,0.434606,0.405991,-0.003169,0.586792,0.492504,-0.003900,0.539554,0.515788,0.019729,0.538617,0.570241,0.037749,0.550130,0.599666,0.045844,0.616644,0.491210,0.015404,0.572136,0.513691,0.032556,0.568384,0.556693,0.037551,0.576651,0.582631,0.036929,0.639533,0.503104,0.034953,0.604214,0.516190,0.047262,0.596403,0.547836,0.051003,0.602842,0.578724,0.052197
447,1694850133.061732,1,6.0321,6.0321,-1.5691,2.7359,11.0698,537.1002,58.5291,9896.0160,1.1444,133.1427,243.1784,116.9705,78.4471,59.3022,70.4324,0.000156,0.668457,0.716630,-0.000000,0.604548,0.737108,-0.009744,0.543950,0.679734,-0.001518,0.508189,0.614115,0.014512,0.502661,0.581216,0.031836,0.550825,0.536258,-0.020801,0.491405,0.471247,-0.012781,0.458058,0.437701,-0.007239,0.435016,0.405199,-0.004769,0.586723,0.494257,-0.005239,0.540452,0.518567,0.012973,0.541773,0.576446,0.028946,0.555865,0.605931,0.036969,0.616538,0.490729,0.011421,0.572348,0.514361,0.023308,0.570342,0.561269,0.027821,0.581703,0.588363,0.028242,0.639382,0.501051,0.028450,0.603079,0.515394,0.036963,0.597216,0.550354,0.040313,0.606230,0.580643,0.042121
448,1694850133.070065,1,3.7452,3.7452,-1.2286,0.3405,9.6691,593.5333,30.8504,10569.5437,1.2917,133.5556,242.7591,118.7010,79.8577,59.8263,69.9412,0.000035,0.666475,0.718845,-0.000000,0.603027,0.737561,-0.010212,0.543388,0.679440,-0.003159,0.508640,0.613585,0.011427,0.502654,0.581453,0.026969,0.552412,0.539537,-0.022255,0.492577,0.473509,-0.014637,0.458958,0.439561,-0.009094,0.435730,0.407714,-0.006672,0.588036,0.497334,-0.006849,0.542487,0.521927,0.011197,0.542949,0.579852,0.027751,0.555953,0.609620,0.036114,0.617985,0.494163,0.009623,0.574765,0.517737,0.021904,0.572032,0.562663,0.027208,0.582133,0.589032,0.027862,0.641423,0.505284,0.026340,0.606634,0.520870,0.035245,0.600236,0.554556,0.039149,0.608297,0.584501,0.041155
449,1694850133.078398,1,7.8009,7.8009,6.1702,7.3988,9.4966,321.5987,79.1689,10231.1490,0.8073,132.8650,242.4698,120.2367,81.3246,60.7015,69.4996,0.000059,0.668803,0.718305,-0.000000,0.602808,0.737404,-0.008245,0.542719,0.680224,-0.000581,0.509023,0.612716,0.015184,0.503983,0.580551,0.031757,0.552206,0.538050,-0.024415,0.492976,0.474246,-0.017279,0.459430,0.440535,-0.013942,0.436084,0.407663,-0.013363,0.589305,0.497308,-0.008292,0.542117,0.524069,0.013589,0.543268,0.583762,0.031547,0.556743,0.612664,0.039059,0.618303,0.496642,0.009263,0.572699,0.520509,0.025174,0.570479,0.567952,0.030997,0.582145,0.595414,0.030317,0.640387,0.509198,0.027391,0.602878,0.523858,0.039483,0.596971,0.559334,0.044503,0.606363,0.590783,0.046008
450,1694850133.086732,1,4.6053,4.6053,3.1778,-2.9924,5.6311,175.3447,23.3504,11208.2842,1.2728,133.0756,246.0105,120.6331,81.8410,61.7697,71.4335,0.000087,0.667549,0.718231,-0.000000,0.601915,0.738606,-0.008777,0.542926,0.683226,0.000310,0.509753,0.618577,0.018121,0.503138,0.587190,0.037413,0.552600,0.540283,-0.023914,0.493050,0.474178,-0.017281,0.459656,0.439106,-0.013849,0.436914,0.405659,-0.012407,0.589187,0.500483,-0.006584,0.540944,0.522815,0.015605,0.540810,0.583197,0.034454,0.554294,0.613093,0.043208,0.617767,0.498950,0.011901,0.571515,0.519285,0.027133,0.568630,0.568224,0.032585,0.580451,0.595300,0.032517,0.639153,0.509785,0.031052,0.601863,0.524039,0.042207,0.595047,0.560389,0.046606,0.604059,0.591631,0.048353
451,1694850133.095065,1,0.2233,0.2233,-1.4522,-4.6300,2.5343,194.2168,53.0485,9641.7792,1.7779,132.0694,242.0626,120.5402,81.2506,59.6345,67.9961,0.000015,0.667883,0.723190,-0.000000,0.603668,0.741917,-0.012214,0.543558,0.682922,-0.003810,0.509285,0.616630,0.013472,0.502438,0.586374,0.032086,0.552241,0.540168,-0.024107,0.492746,0.475350,-0.015541,0.459432,0.442280,-0.010066,0.436142,0.409093,-0.007859,0.588579,0.499974,-0.006524,0.540395,0.526125,0.012829,0.541110,0.588146,0.029102,0.555365,0.618875,0.036851,0.617270,0.499073,0.012159,0.571929,0.520665,0.024944,0.569546,0.570102,0.028967,0.581039,0.598403,0.028579,0.638889,0.510947,0.031094,0.602229,0.524982,0.039713,0.596339,0.560555,0.042420,0.605525,0.591385,0.043466
452,1694850133.103398,1,6.9809,6.9809,0.8089,2.2611,2.6749,26.4505,34.5459,10235.4087,2.1040,133.2569,243.7837,120.6655,81.3039,61.2331,71.5571,0.000098,0.667480,0.726000,-0.000000,0.602112,0.744562,-0.010974,0.541763,0.683572,-0.003004,0.507932,0.613802,0.013147,0.504419,0.579260,0.030389,0.550708,0.542588,-0.022532,0.492039,0.473393,-0.013088,0.459505,0.439131,-0.007284,0.436761,0.405791,-0.005431,0.587322,0.502283,-0.006231,0.540197,0.526803,0.013625,0.540927,0.584472,0.029476,0.554096,0.614234,0.036418,0.616910,0.500857,0.011280,0.571976,0.524781,0.026123,0.570267,0.571045,0.030965,0.581227,0.598820,0.030162,0.639218,0.513803,0.028780,0.603064,0.528857,0.038709,0.597490,0.562954,0.041729,0.606366,0.594061,0.042498
453,1694850133.111732,1,0.1062,0.1062,-1.9237,-2.7326,3.2591,4054.6897,81.4186,10679.0189,1.4602,133.3133,243.5771,118.7072,79.9988,60.1811,70.3319,0.000064,0.664999,0.725641,-0.000000,0.602267,0.742582,-0.011869,0.542937,0.684996,-0.003838,0.508080,0.620159,0.012887,0.501104,0.587202,0.030950,0.550228,0.542330,-0.023919,0.490764,0.474973,-0.016049,0.458521,0.439575,-0.011048,0.435944,0.405292,-0.008630,0.586130,0.501585,-0.005703,0.539435,0.524457,0.014803,0.538361,0.583902,0.032014,0.550585,0.615758,0.040495,0.615531,0.500602,0.013535,0.571252,0.521917,0.026958,0.567499,0.568638,0.031048,0.577009,0.597262,0.031030,0.638108,0.512084,0.033200,0.602309,0.525653,0.043183,0.595251,0.559860,0.046781,0.602905,0.591597,0.048564
454,1694850133.120065,1,6.1378,6.1378,0.3831,2.3068,2.9151,4029.9810,51.0743,9772.5000,1.3697,134.7600,241.0907,118.9960,79.8844,59.1930,68.3072,0.000053,0.665477,0.721206,-0.000000,0.600312,0.742271,-0.011652,0.539813,0.683321,-0.003103,0.506879,0.614000,0.014077,0.503810,0.579645,0.032545,0.551676,0.540691,-0.023164,0.491442,0.474294,-0.013804,0.458169,0.440925,-0.007599,0.435515,0.408285,-0.005013,0.588006,0.502329,-0.006077,0.539704,0.527514,0.013487,0.539778,0.587389,0.029925,0.553410,0.617283,0.037697,0.616248,0.501742,0.012097,0.570128,0.523590,0.025319,0.567378,0.571766,0.029463,0.578425,0.599062,0.028921,0.637501,0.513912,0.030493,0.599905,0.529378,0.039589,0.593814,0.564673,0.042518,0.602893,0.595756,0.043520
455,1694850133.128398,1,0.0466,0.0466,-0.0442,-0.4273,3.1637,4027.8730,46.3752,10705.0574,1.5106,136.0563,242.5933,118.4578,79.4536,59.0842,69.5425,0.000114,0.662982,0.726218,-0.000000,0.598693,0.743090,-0.008198,0.540311,0.684597,0.001279,0.507340,0.619756,0.019031,0.501800,0.584866,0.038128,0.548738,0.544185,-0.021374,0.489997,0.475172,-0.013619,0.457664,0.439159,-0.009525,0.434777,0.405262,-0.007795,0.584960,0.504250,-0.003921,0.539374,0.524684,0.018449,0.538799,0.583015,0.036337,0.550264,0.613975,0.044611,0.614890,0.502353,0.014808,0.571165,0.520983,0.031006,0.567945,0.566920,0.036115,0.577868,0.594765,0.035871,0.637441,0.512753,0.034161,0.602587,0.525245,0.045835,0.595136,0.559056,0.049675,0.602656,0.590184,0.051187
456,1694850133.136732,1,-7.2770,-7.2770,-3.5645,-3.5203,5.1417,52.1047,81.8995,11266.9126,0.9182,136.8125,242.5948,117.3129,78.7188,58.9858,69.6811,0.000174,0.664226,0.722963,-0.000000,0.599872,0.742483,-0.011006,0.539730,0.683956,-0.002968,0.505868,0.616320,0.013571,0.502340,0.584395,0.031396,0.550710,0.544513,-0.024208,0.491400,0.476781,-0.018700,0.457656,0.439365,-0.015594,0.434286,0.404003,-0.014539,0.586395,0.503484,-0.007389,0.538818,0.524776,0.011175,0.539569,0.584770,0.028253,0.553733,0.614960,0.036663,0.614919,0.501160,0.010247,0.569950,0.520613,0.022290,0.567747,0.568519,0.027063,0.579767,0.596198,0.027377,0.636955,0.512033,0.028227,0.600855,0.525983,0.037089,0.595512,0.560809,0.040688,0.605414,0.590959,0.042285
457,1694850133.145065,1,0.5327,0.5327,0.1066,3.6711,4.2634,3920.6295,83.1446,10507.5406,1.6430,135.6867,242.9681,116.5798,77.3641,56.6776,67.2688,0.000172,0.664184,0.723416,-0.000000,0.601570,0.742387,-0.009453,0.541304,0.684949,-0.001865,0.506429,0.618119,0.013089,0.500068,0.582943,0.029108,0.549295,0.545462,-0.021708,0.490385,0.475511,-0.015622,0.457631,0.438687,-0.011406,0.434596,0.404726,-0.009700,0.583738,0.503851,-0.006712,0.537843,0.525138,0.009317,0.537857,0.583232,0.024390,0.550292,0.613944,0.032026,0.612318,0.499561,0.009357,0.568518,0.520067,0.019695,0.565577,0.566025,0.024208,0.575533,0.594291,0.024857,0.634263,0.509957,0.025819,0.598076,0.524645,0.033463,0.591511,0.559392,0.037081,0.599674,0.590377,0.039225
458,1694850133.153398,1,-6.1284,-6.1284,-3.0665,-3.1732,4.8892,189.3768,40.6230,10878.9821,1.8048,135.7608,243.2129,115.8769,77.5330,58.6079,69.7217,0.000103,0.663118,0.723314,-0.000000,0.599021,0.740703,-0.008446,0.540389,0.683711,0.000617,0.506937,0.617811,0.018081,0.500312,0.582307,0.036775,0.548565,0.544211,-0.023064,0.490416,0.473065,-0.016341,0.457757,0.435875,-0.013056,0.434295,0.401832,-0.011905,0.584758,0.503218,-0.005761,0.538067,0.523228,0.016847,0.539254,0.580778,0.035601,0.552136,0.609528,0.044059,0.613955,0.501141,0.012669,0.569126,0.519541,0.028991,0.567527,0.565256,0.034812,0.578654,0.591778,0.034587,0.635835,0.512417,0.031660,0.600428,0.524258,0.043279,0.594445,0.558330,0.047525,0.603283,0.589011,0.048974
459,1694850133.161732,1,1.5672,1.5672,0.3802,3.4467,3.6851,51.5833,0.6211,11043.1983,1.6982,134.2299,245.3145,120.2662,81.9429,62.5412,72.5006,0.000043,0.661602,0.721720,-0.000000,0.598704,0.738002,-0.007746,0.541434,0.681706,0.003014,0.508961,0.619122,0.022711,0.500786,0.585723,0.044015,0.547625,0.543138,-0.022552,0.491546,0.473099,-0.016328,0.459829,0.435893,-0.013681,0.437089,0.402067,-0.012349,0.582894,0.502720,-0.003970,0.537673,0.521165,0.021525,0.536371,0.576640,0.042077,0.546464,0.605908,0.051612,0.611880,0.500524,0.015573,0.568413,0.519016,0.033927,0.563884,0.561930,0.039854,0.571702,0.587031,0.039777,0.633467,0.510632,0.035799,0.598249,0.524583,0.048331,0.590211,0.556864,0.052515,0.596752,0.587518,0.054107
460,1694850133.170065,1,2.4790,2.4790,2.4390,2.0588,4.0943,3937.6064,2.1708,9962.0924,1.6674,135.9236,242.5549,117.4970,78.4572,58.1094,68.4472,0.000169,0.660750,0.717262,-0.000000,0.598310,0.738822,-0.010549,0.539666,0.682831,-0.002462,0.506439,0.616928,0.013802,0.502479,0.583681,0.031339,0.548496,0.545551,-0.023865,0.490723,0.474230,-0.017941,0.457870,0.437164,-0.013922,0.434767,0.403573,-0.012215,0.582813,0.503365,-0.007515,0.537563,0.527380,0.010286,0.538025,0.586102,0.026746,0.551044,0.615990,0.034967,0.611444,0.499384,0.009823,0.568014,0.522238,0.021876,0.565951,0.567576,0.026933,0.577001,0.594408,0.027534,0.634077,0.509776,0.027434,0.598632,0.526770,0.036147,0.592430,0.559729,0.039863,0.601148,0.589396,0.041841
461,1694850133.178398,1,-9.2423,-9.2423,-2.4438,-4.8828,4.6598,3955.2037,53.8527,11189.8280,1.8473,137.3017,244.5615,119.4446,81.0645,61.7561,72.0573,0.000111,0.660702,0.719762,-0.000000,0.597425,0.740997,-0.009889,0.539104,0.683840,-0.001833,0.506175,0.616244,0.014356,0.500684,0.579798,0.031817,0.547520,0.546371,-0.023686,0.491038,0.474826,-0.019439,0.458903,0.435833,-0.017469,0.436506,0.400885,-0.016947,0.582648,0.505030,-0.007636,0.538495,0.523434,0.011018,0.539330,0.579150,0.027785,0.552254,0.607424,0.035849,0.612005,0.501683,0.009192,0.569496,0.518153,0.021746,0.567469,0.563014,0.027128,0.578242,0.589731,0.027730,0.635209,0.512761,0.026326,0.600385,0.527361,0.035361,0.594723,0.560579,0.039522,0.603403,0.590342,0.041703
462,1694850133.186732,1,3.8411,3.8411,2.4924,4.9361,5.1987,90.5125,65.8673,10555.6420,1.5604,136.4568,241.6186,118.7203,79.5551,59.3325,69.6821,0.000171,0.659874,0.721711,-0.000000,0.597656,0.738185,-0.006001,0.540867,0.683098,0.004201,0.508097,0.622122,0.022434,0.499422,0.591305,0.042107,0.547665,0.542937,-0.019874,0.490105,0.472964,-0.012901,0.457121,0.436068,-0.009114,0.434136,0.403791,-0.006610,0.582344,0.502652,-0.002221,0.538793,0.524387,0.022572,0.536920,0.582021,0.042909,0.547567,0.612966,0.053095,0.611848,0.501063,0.016646,0.570058,0.520581,0.034026,0.565480,0.566119,0.039685,0.574043,0.593274,0.040295,0.634228,0.511170,0.036587,0.600306,0.526787,0.050154,0.592145,0.560241,0.055466,0.598855,0.590712,0.058206
463,1694850133.195065,1,-2.7384,-2.7384,-1.0764,-3.5688,4.7523,3974.3948,68.7882,10952.5684,1.2099,136.3927,242.8299,117.1315,78.2404,58.0676,68.5272,0.000169,0.661799,0.723167,-0.000000,0.598349,0.741714,-0.010237,0.539544,0.684923,-0.001790,0.505428,0.618919,0.015223,0.500253,0.584874,0.033624,0.548707,0.542713,-0.023534,0.489778,0.473412,-0.016761,0.456975,0.436353,-0.012750,0.434138,0.401961,-0.010931,0.584583,0.503427,-0.005691,0.537622,0.522856,0.015007,0.537484,0.581060,0.033033,0.550467,0.612166,0.041736,0.613457,0.502495,0.013162,0.568964,0.521607,0.026930,0.566245,0.568755,0.031651,0.577094,0.597000,0.031652,0.635316,0.513957,0.032568,0.599702,0.527149,0.042750,0.593324,0.562596,0.046487,0.601794,0.594072,0.048012
464,1694850133.203398,1,2.1315,2.1315,-0.0869,0.9895,4.8140,13.5799,18.9218,10422.7395,0.4276,135.1211,241.3320,117.5174,78.7987,59.0207,69.5191,0.000145,0.661949,0.721543,-0.000000,0.599172,0.741136,-0.012184,0.539117,0.682451,-0.004236,0.505060,0.615312,0.012256,0.501078,0.581918,0.030004,0.549458,0.543474,-0.024935,0.490254,0.473686,-0.018528,0.457081,0.437195,-0.013687,0.434157,0.403047,-0.011381,0.584581,0.503084,-0.007903,0.537085,0.526218,0.009443,0.536742,0.585175,0.025715,0.550005,0.614961,0.033906,0.612920,0.500886,0.010009,0.567547,0.522714,0.020745,0.564807,0.569267,0.024762,0.575817,0.595894,0.024924,0.634948,0.511884,0.028207,0.597760,0.528047,0.035950,0.591464,0.562151,0.038978,0.600625,0.591655,0.040491
465,1694850133.211732,1,9.4689,9.4689,4.6778,4.7647,6.3164,4038.2571,63.8038,10663.9055,1.1873,133.5949,242.1711,118.3668,79.4408,58.8165,67.9742,0.000078,0.661394,0.722177,-0.000000,0.598506,0.741378,-0.012455,0.539516,0.684529,-0.006627,0.505251,0.618097,0.007393,0.501082,0.586292,0.022622,0.551641,0.543420,-0.026206,0.491769,0.476180,-0.022075,0.457815,0.439761,-0.019246,0.434774,0.405681,-0.018319,0.587525,0.504432,-0.010097,0.539540,0.522676,0.005608,0.539828,0.580032,0.021852,0.553881,0.609001,0.030233,0.616213,0.503845,0.006708,0.571537,0.520011,0.015849,0.569005,0.565373,0.020940,0.581017,0.592258,0.022205,0.638355,0.516271,0.023730,0.602008,0.527636,0.030056,0.596264,0.561427,0.033708,0.605933,0.590424,0.035961
466,1694850133.220065,1,3.1289,3.1289,-0.1781,-4.8559,3.9017,3920.6323,71.1235,10487.6794,0.8303,135.3002,241.1346,117.2995,78.5531,58.2379,68.1232,0.000115,0.662193,0.725132,-0.000000,0.599523,0.742567,-0.010683,0.540335,0.684813,-0.002536,0.506801,0.617223,0.014309,0.499733,0.582555,0.032509,0.550912,0.545312,-0.025277,0.490482,0.474103,-0.018339,0.457398,0.437963,-0.013931,0.433981,0.404732,-0.012056,0.586138,0.505685,-0.007535,0.538109,0.527159,0.012517,0.537858,0.586254,0.030153,0.549969,0.615994,0.038484,0.614189,0.504496,0.011336,0.568821,0.524679,0.025286,0.565716,0.570765,0.030174,0.575588,0.597435,0.029918,0.635541,0.515846,0.030676,0.599177,0.530050,0.040599,0.592041,0.563851,0.044134,0.599783,0.594332,0.045422
467,1694850133.228398,1,-4.1024,-4.1024,-0.3410,-0.1630,4.8141,69.5828,33.8278,10637.1679,1.3636,135.9892,245.1631,119.0504,80.5982,61.6516,72.5681,0.000098,0.661330,0.727616,-0.000000,0.599163,0.743649,-0.009700,0.541551,0.686005,-0.001694,0.508082,0.621565,0.014399,0.499151,0.587961,0.031845,0.548622,0.547305,-0.023443,0.491421,0.474390,-0.018402,0.459234,0.436216,-0.015578,0.435868,0.402027,-0.014495,0.583865,0.506457,-0.006751,0.538588,0.522171,0.012631,0.538537,0.576905,0.030088,0.549930,0.605926,0.038536,0.613551,0.504045,0.010794,0.570068,0.521471,0.024188,0.567123,0.564275,0.029849,0.576147,0.589886,0.030499,0.636396,0.515337,0.028717,0.601229,0.527341,0.038108,0.594134,0.559795,0.042107,0.601222,0.589920,0.044084
468,1694850133.236732,1,-8.4598,-8.4598,-2.6478,-2.3068,6.1880,3974.5274,29.7003,10707.1672,2.2593,137.1188,241.3371,118.2249,79.2201,58.7909,68.8485,0.000174,0.662109,0.723040,-0.000000,0.599004,0.744174,-0.011519,0.538874,0.685453,-0.004456,0.504956,0.617554,0.010794,0.503257,0.583483,0.027211,0.550187,0.544937,-0.025113,0.491877,0.477179,-0.020518,0.457453,0.440456,-0.017803,0.433627,0.406151,-0.017116,0.585858,0.505099,-0.009396,0.538685,0.527743,0.006507,0.539736,0.587423,0.022284,0.553970,0.616717,0.030362,0.614239,0.503530,0.007184,0.569112,0.521663,0.016991,0.567023,0.569059,0.022217,0.579003,0.596429,0.023435,0.636327,0.515304,0.023987,0.599503,0.529083,0.031081,0.594457,0.563620,0.035114,0.604591,0.592293,0.037613
469,1694850133.245065,1,2.0045,2.0045,-1.8661,0.7817,6.1812,74.2437,83.5729,10189.2792,1.1554,133.7924,240.6984,118.5259,79.4907,57.6094,65.2089,0.000028,0.659932,0.721286,-0.000000,0.597668,0.739375,-0.008608,0.540445,0.685206,0.000455,0.507952,0.623292,0.017978,0.498609,0.591540,0.037066,0.547851,0.545948,-0.023556,0.489933,0.475635,-0.016578,0.457555,0.439657,-0.011756,0.434691,0.407539,-0.008833,0.581939,0.505999,-0.005791,0.537419,0.527816,0.015679,0.535355,0.585491,0.034140,0.546340,0.616928,0.043278,0.610630,0.503931,0.013256,0.568274,0.524051,0.027843,0.563743,0.569375,0.032383,0.572127,0.596404,0.032379,0.632741,0.513412,0.033174,0.598029,0.528823,0.044580,0.589527,0.562030,0.048827,0.595628,0.592168,0.050819
470,1694850133.253398,1,-5.2742,-5.2742,-2.1008,-0.2347,4.4216,3839.6665,39.9517,9807.6577,1.2213,136.1281,242.2051,114.6295,76.4985,58.8197,72.2359,0.000304,0.661581,0.723229,-0.000000,0.597739,0.741604,-0.010753,0.537756,0.683643,-0.001650,0.504411,0.615898,0.016657,0.502939,0.581623,0.036465,0.547983,0.543430,-0.024667,0.489231,0.473008,-0.018454,0.456038,0.435510,-0.015435,0.432671,0.400487,-0.014133,0.583257,0.504171,-0.005789,0.535770,0.525967,0.016215,0.535586,0.585225,0.034596,0.548822,0.615474,0.043261,0.611228,0.502905,0.014015,0.566208,0.524769,0.029085,0.563633,0.572310,0.032908,0.574891,0.598650,0.031982,0.632498,0.512956,0.034401,0.596423,0.530459,0.046125,0.590603,0.565869,0.049796,0.600194,0.595892,0.050910
471,1694850133.261732,1,-9.9822,-9.9822,-1.4699,0.6308,4.1618,90.6284,56.2772,11299.8154,1.4237,135.2685,241.4318,116.4675,77.5239,57.4632,68.5256,0.000219,0.659656,0.722314,-0.000000,0.596216,0.741917,-0.011803,0.538337,0.685105,-0.005694,0.505947,0.616737,0.008723,0.502854,0.582474,0.024352,0.549025,0.544081,-0.027592,0.489654,0.475708,-0.023895,0.455533,0.438282,-0.021418,0.432460,0.404190,-0.020584,0.585387,0.504938,-0.011572,0.539340,0.525351,0.004546,0.538660,0.582529,0.020964,0.551500,0.612533,0.029190,0.614654,0.504821,0.005283,0.570672,0.523679,0.014570,0.567325,0.568964,0.019357,0.578043,0.596458,0.020286,0.637491,0.517476,0.022507,0.601120,0.530402,0.029125,0.594553,0.563223,0.032889,0.603006,0.592292,0.035145
472,1694850133.270065,1,-3.6091,-3.6091,1.2127,2.6826,4.1915,61.7708,86.8586,10254.6790,1.0676,135.6998,240.8860,116.9291,78.1984,57.8020,68.1190,0.000105,0.659243,0.724466,-0.000000,0.596945,0.742243,-0.007263,0.537960,0.685612,0.001254,0.504002,0.618694,0.017761,0.502846,0.581866,0.035705,0.548820,0.548184,-0.022218,0.490377,0.475386,-0.016841,0.457142,0.437717,-0.013998,0.433310,0.404233,-0.012471,0.582785,0.506518,-0.004869,0.537483,0.522172,0.017855,0.535742,0.577863,0.037803,0.546669,0.609059,0.047797,0.611510,0.503390,0.013580,0.568443,0.518532,0.029123,0.563706,0.562306,0.035332,0.572401,0.590341,0.036514,0.633448,0.512719,0.032965,0.598411,0.525409,0.045428,0.590565,0.558122,0.050963,0.597516,0.588277,0.053839
473,1694850133.278398,1,-0.3463,-0.3463,-0.5877,-1.8004,4.1330,208.5681,52.8179,9419.3492,1.1745,137.9815,242.3036,116.1594,77.3010,57.9177,69.7681,0.000295,0.656254,0.719303,-0.000000,0.594759,0.739960,-0.008975,0.537610,0.685162,-0.001267,0.505095,0.620428,0.014264,0.500230,0.585367,0.031359,0.548604,0.542385,-0.021381,0.489303,0.472236,-0.015069,0.455927,0.435296,-0.011278,0.432579,0.402267,-0.009004,0.581776,0.503202,-0.004340,0.537815,0.526027,0.015703,0.535253,0.582406,0.033113,0.546249,0.611477,0.042132,0.609683,0.502102,0.013776,0.567748,0.524211,0.027213,0.561452,0.567337,0.032347,0.569383,0.593271,0.033498,0.631170,0.512345,0.032570,0.596076,0.529422,0.043904,0.586601,0.561727,0.049282,0.592655,0.591320,0.052601
474,1694850133.286732,1,1.5320,1.5320,1.7016,2.2893,4.0110,3837.7038,19.2823,10513.0312,1.5196,135.1836,240.6550,117.8848,78.7132,58.1725,68.1138,0.000095,0.659076,0.724279,-0.000000,0.595744,0.740320,-0.007459,0.537717,0.681673,0.000717,0.503919,0.616699,0.016556,0.499823,0.583527,0.033460,0.548123,0.546453,-0.021898,0.489636,0.476167,-0.015772,0.456589,0.440051,-0.012454,0.432927,0.407445,-0.011211,0.583131,0.506196,-0.005796,0.536336,0.522314,0.015010,0.535677,0.578101,0.032898,0.546756,0.608641,0.041347,0.611592,0.503960,0.011566,0.566892,0.519986,0.026487,0.563567,0.563851,0.032276,0.573236,0.591194,0.032652,0.632844,0.515003,0.029592,0.597079,0.526322,0.040803,0.589958,0.559416,0.045412,0.597509,0.589691,0.047402
475,1694850133.295065,1,6.5991,6.5991,4.1453,2.4438,5.5126,3889.4008,20.0029,10620.1647,1.0719,136.3781,242.0745,115.1913,76.4253,56.8905,69.1141,0.000206,0.660861,0.724106,-0.000000,0.596532,0.742535,-0.012093,0.537360,0.685041,-0.004768,0.504000,0.617939,0.011429,0.500526,0.586432,0.028951,0.548592,0.541587,-0.025053,0.489114,0.473891,-0.018324,0.455062,0.437515,-0.014230,0.431837,0.403339,-0.012369,0.584949,0.503611,-0.007053,0.537623,0.524257,0.012625,0.537983,0.584329,0.030234,0.552353,0.614880,0.039041,0.613216,0.504256,0.011836,0.568643,0.521451,0.024061,0.565996,0.568707,0.028137,0.577675,0.596272,0.028174,0.634477,0.515998,0.031250,0.597917,0.527417,0.040632,0.592117,0.561949,0.044410,0.601657,0.591986,0.046149
476,1694850133.303398,1,-3.3228,-3.3228,0.0716,-4.0737,3.7399,117.7154,27.7942,11426.7712,0.9301,133.3164,243.0420,117.7815,79.0954,59.6033,70.7562,0.000148,0.658090,0.725097,-0.000000,0.596105,0.743141,-0.011390,0.537278,0.685073,-0.004575,0.503363,0.618574,0.010013,0.500825,0.584011,0.025673,0.547488,0.544061,-0.022925,0.489589,0.475597,-0.016709,0.456562,0.438789,-0.012874,0.433504,0.404896,-0.011512,0.582543,0.504038,-0.006980,0.538246,0.527641,0.009438,0.537636,0.583702,0.023981,0.549915,0.612441,0.031132,0.611231,0.502253,0.010012,0.569070,0.524903,0.020917,0.565845,0.568577,0.025183,0.575630,0.594793,0.025597,0.633068,0.514265,0.027215,0.597979,0.529337,0.035516,0.591703,0.561320,0.039364,0.599808,0.590194,0.041624
477,1694850133.311732,1,-7.0630,-7.0630,-1.6792,-1.7508,4.5954,97.1372,73.8301,10052.3847,1.3814,133.0386,241.7218,118.2154,79.2148,58.4653,67.7639,0.000056,0.659141,0.727226,-0.000000,0.594006,0.742728,-0.010607,0.534216,0.680859,-0.003452,0.501005,0.609601,0.011681,0.502228,0.574510,0.027524,0.547712,0.543647,-0.021508,0.489397,0.474753,-0.011107,0.456713,0.440348,-0.005345,0.433635,0.407303,-0.003733,0.584182,0.505386,-0.004579,0.536565,0.527739,0.017349,0.536535,0.587820,0.034089,0.549213,0.619785,0.041296,0.612729,0.505788,0.013677,0.567185,0.527228,0.030260,0.564779,0.574779,0.034973,0.576191,0.604494,0.033726,0.634234,0.519257,0.032157,0.597707,0.532988,0.044068,0.592025,0.567288,0.047685,0.601761,0.598712,0.048387
478,1694850133.320065,1,2.7289,2.7289,0.2992,1.9784,4.7796,31.4141,87.1846,10305.5158,0.9813,135.2577,239.7502,116.9185,77.9084,56.6587,65.8895,0.000115,0.658037,0.723656,-0.000000,0.594601,0.740844,-0.009579,0.536513,0.683537,-0.000849,0.503399,0.618159,0.016489,0.497465,0.583661,0.035075,0.545159,0.542972,-0.023377,0.488109,0.473986,-0.016494,0.455560,0.439301,-0.013207,0.432128,0.406907,-0.012163,0.580913,0.503747,-0.005708,0.534588,0.524592,0.016354,0.535200,0.581497,0.034531,0.547148,0.610122,0.042821,0.609768,0.503536,0.013055,0.565470,0.522794,0.029137,0.563346,0.567998,0.034739,0.573546,0.594109,0.034539,0.631255,0.515869,0.032255,0.595124,0.530830,0.043457,0.588802,0.564596,0.047431,0.596967,0.594399,0.048839
479,1694850133.328398,1,-3.3234,-3.3234,-2.4806,-2.7798,4.8811,3856.5220,71.7156,10989.9058,1.6787,136.5293,241.6877,116.1612,76.9345,56.2165,67.2870,0.000188,0.657453,0.725840,-0.000000,0.593785,0.740977,-0.007424,0.536448,0.684349,0.000602,0.502897,0.620996,0.016528,0.497565,0.588678,0.033550,0.546757,0.545226,-0.023247,0.488142,0.476801,-0.018091,0.454769,0.440476,-0.015665,0.431215,0.407457,-0.014688,0.582397,0.506223,-0.006719,0.536191,0.523158,0.014829,0.535727,0.579746,0.033333,0.547438,0.609480,0.041920,0.610962,0.505344,0.011095,0.566566,0.519765,0.026021,0.563169,0.564611,0.032134,0.573289,0.591708,0.032762,0.632020,0.517110,0.029730,0.595964,0.525782,0.041265,0.588781,0.559249,0.046735,0.596791,0.589476,0.049386
480,1694850133.336732,1,-2.2825,-2.2825,0.2601,2.7407,3.1448,3891.9389,75.5667,10073.6743,1.3667,135.0517,239.8850,115.8538,77.2758,55.4763,64.5405,0.000055,0.655280,0.723191,-0.000000,0.592435,0.740540,-0.010376,0.534098,0.683174,-0.001173,0.501218,0.616709,0.017135,0.498605,0.579521,0.037284,0.547750,0.542465,-0.022950,0.487605,0.474348,-0.014010,0.454910,0.441799,-0.008386,0.431238,0.410073,-0.005324,0.581850,0.504868,-0.003513,0.534082,0.524635,0.020081,0.533067,0.581243,0.039440,0.544223,0.610223,0.049036,0.608694,0.504743,0.017115,0.564027,0.524003,0.033733,0.559406,0.566706,0.039523,0.567653,0.591838,0.040247,0.628439,0.515679,0.038351,0.592300,0.531295,0.051044,0.584042,0.562831,0.055977,0.590454,0.591735,0.058469
481,1694850133.345065,1,0.2071,0.2071,1.8175,1.5575,3.3071,3853.3402,45.1824,10164.7511,1.8581,134.0093,242.8790,115.5832,77.6638,58.5803,70.6827,0.000151,0.657944,0.726824,-0.000000,0.594994,0.743967,-0.010866,0.536511,0.684936,-0.002907,0.502949,0.617920,0.013410,0.497534,0.581918,0.031098,0.546385,0.544096,-0.022779,0.487796,0.474721,-0.015785,0.454757,0.438602,-0.011816,0.431638,0.404803,-0.010349,0.581681,0.505882,-0.005481,0.535483,0.525733,0.014361,0.534905,0.581539,0.030978,0.546965,0.610082,0.038737,0.610084,0.505223,0.012796,0.566139,0.521844,0.026651,0.562174,0.565305,0.031713,0.571109,0.590863,0.031793,0.631325,0.518045,0.031382,0.595301,0.529409,0.041381,0.587677,0.561974,0.045347,0.594855,0.591335,0.047127
482,1694850133.353398,1,0.2053,0.2053,-0.6309,-2.4484,2.1247,97.9354,54.6580,10727.7758,1.0524,134.1852,242.0760,117.1617,78.4936,58.0044,68.6872,0.000156,0.658144,0.728114,-0.000000,0.595845,0.743143,-0.010128,0.537652,0.684458,-0.001963,0.503808,0.619681,0.014502,0.495616,0.584143,0.032228,0.545916,0.545848,-0.024039,0.487563,0.476366,-0.017794,0.455035,0.440167,-0.014177,0.431784,0.406354,-0.012943,0.580561,0.506189,-0.007227,0.533869,0.526379,0.011480,0.534191,0.584116,0.027646,0.545764,0.614013,0.035079,0.608365,0.504715,0.010744,0.563954,0.523355,0.023750,0.561601,0.567760,0.028584,0.571173,0.595084,0.028475,0.628931,0.516720,0.029085,0.592963,0.530090,0.037911,0.586741,0.562964,0.041206,0.594555,0.593394,0.042580
483,1694850133.361732,1,-0.9031,-0.9031,0.6051,1.2360,1.3944,3837.3096,69.5990,9493.0180,0.7400,134.5687,241.0403,114.9468,76.4587,56.2288,67.3706,0.000240,0.656995,0.728875,-0.000000,0.594190,0.743479,-0.009532,0.534856,0.682848,-0.001473,0.501784,0.614001,0.014447,0.498373,0.576151,0.031396,0.545793,0.544672,-0.021629,0.486817,0.474831,-0.013519,0.453926,0.438990,-0.008834,0.430523,0.406195,-0.007256,0.581099,0.505921,-0.005330,0.534897,0.525080,0.014964,0.534249,0.582221,0.031643,0.545383,0.612622,0.039164,0.609439,0.504981,0.012135,0.565349,0.523929,0.027026,0.561680,0.568512,0.032432,0.570397,0.595485,0.032161,0.630663,0.517639,0.029883,0.594760,0.531260,0.040673,0.587569,0.564737,0.044914,0.595103,0.595545,0.046457
484,1694850133.370065,1,1.0300,1.0300,0.8281,0.2231,1.1457,3858.1313,69.4776,10695.7706,0.5445,134.9938,240.7144,115.4116,77.2219,57.1045,68.1660,0.000213,0.655521,0.729797,-0.000000,0.592644,0.743822,-0.009378,0.534585,0.683817,-0.000864,0.502060,0.616163,0.015563,0.496907,0.580369,0.033112,0.545492,0.547258,-0.022522,0.486526,0.475627,-0.015623,0.454306,0.439678,-0.011464,0.430971,0.406554,-0.010090,0.580098,0.508155,-0.006215,0.532358,0.525007,0.012413,0.531391,0.582628,0.028510,0.542037,0.613303,0.035804,0.607915,0.506039,0.011283,0.562529,0.522883,0.025024,0.559198,0.568345,0.030341,0.568418,0.596146,0.030258,0.628593,0.517797,0.029055,0.592009,0.529833,0.038377,0.584710,0.563515,0.041758,0.592379,0.594418,0.042962
485,1694850133.378398,1,-4.4062,-4.4062,-1.1533,-1.9814,1.9176,3862.4361,19.1378,10256.6024,1.2222,134.3032,242.1918,117.1106,79.2513,59.8082,71.3164,0.000173,0.654076,0.728303,-0.000000,0.591965,0.741861,-0.010153,0.534006,0.683066,-0.003114,0.500212,0.616762,0.011812,0.497063,0.582504,0.027627,0.544836,0.546967,-0.022765,0.487741,0.476639,-0.015371,0.455457,0.439655,-0.011207,0.432250,0.405841,-0.009776,0.579565,0.507373,-0.006050,0.534750,0.523930,0.014455,0.534641,0.578368,0.031677,0.546142,0.607413,0.039774,0.608399,0.507052,0.011803,0.566024,0.524023,0.026620,0.563295,0.565539,0.031865,0.572834,0.591472,0.031741,0.630483,0.519786,0.029991,0.596276,0.532476,0.040831,0.590531,0.563762,0.044990,0.598889,0.593111,0.046554
486,1694850133.386732,1,-17.6087,-17.6087,-4.4535,-3.3002,6.8902,132.2449,67.8030,9067.3566,1.5468,136.6628,240.1448,115.8025,77.5642,57.5106,69.6422,0.000200,0.654800,0.731250,-0.000000,0.591224,0.742295,-0.007831,0.532650,0.682746,0.001563,0.499911,0.616400,0.018925,0.494190,0.582392,0.037318,0.543423,0.544546,-0.020132,0.483741,0.474157,-0.008106,0.452202,0.440252,-0.000386,0.429718,0.408043,0.003184,0.578559,0.506678,-0.002572,0.531263,0.526613,0.022332,0.529409,0.582594,0.040929,0.539075,0.613060,0.049055,0.606598,0.506449,0.016618,0.561429,0.529033,0.035866,0.557181,0.573026,0.041032,0.564792,0.599707,0.039741,0.626605,0.518132,0.036374,0.590619,0.531600,0.050408,0.582631,0.563863,0.054434,0.588866,0.594892,0.055217
487,1694850133.395065,1,13.0799,13.0799,3.4957,7.9492,9.8684,3754.5511,70.5149,8372.2861,1.0682,134.3989,240.8080,115.9975,77.8232,58.7363,71.0132,0.000198,0.656614,0.731725,-0.000000,0.592889,0.746296,-0.010919,0.532701,0.683741,-0.002642,0.499149,0.613402,0.013768,0.496869,0.578862,0.031339,0.545259,0.547754,-0.021502,0.485491,0.476361,-0.011934,0.453470,0.441022,-0.005328,0.430611,0.407051,-0.002693,0.580223,0.509448,-0.004714,0.531000,0.526413,0.014065,0.531629,0.585432,0.030261,0.544008,0.617111,0.038028,0.607714,0.507679,0.013186,0.561283,0.526240,0.026721,0.559467,0.572485,0.031103,0.569812,0.600351,0.030574,0.628333,0.519419,0.031270,0.591016,0.532898,0.040833,0.585401,0.566926,0.043611,0.594148,0.597783,0.044276
488,1694850133.403398,1,7.5301,7.5301,1.6250,-1.8707,10.5669,66.2399,56.2962,9866.8993,1.1525,133.1489,238.8625,114.4652,76.0852,55.8350,66.9388,0.000270,0.654609,0.728011,-0.000000,0.590105,0.743924,-0.009284,0.532576,0.684802,-0.000749,0.500729,0.617978,0.015744,0.493941,0.584887,0.033203,0.542058,0.544633,-0.021062,0.483719,0.475696,-0.011862,0.451969,0.440776,-0.006441,0.429544,0.407773,-0.004303,0.577888,0.507614,-0.004397,0.531254,0.527626,0.016781,0.530862,0.583779,0.033339,0.542330,0.613271,0.040689,0.606183,0.507384,0.013584,0.561532,0.526914,0.029322,0.558413,0.571876,0.034321,0.567720,0.598263,0.033696,0.626914,0.519545,0.031905,0.590113,0.532177,0.043040,0.583137,0.566008,0.046963,0.591000,0.596616,0.048309
489,1694850133.411732,1,9.1013,9.1013,3.3769,1.7518,11.2094,3805.9557,49.8099,9233.4539,1.2952,133.9468,236.7866,114.3992,75.6298,54.8870,65.6384,0.000204,0.653627,0.727608,-0.000000,0.589248,0.743462,-0.008060,0.531890,0.685720,0.000388,0.500732,0.620323,0.016419,0.492961,0.587301,0.033350,0.541703,0.542288,-0.019548,0.482764,0.475129,-0.008871,0.450909,0.442677,-0.002602,0.428548,0.411281,0.000038,0.578142,0.505703,-0.002891,0.532326,0.527188,0.020282,0.529336,0.582004,0.037586,0.538976,0.611993,0.045123,0.607290,0.507330,0.015295,0.563466,0.528418,0.033016,0.557678,0.571803,0.038579,0.564914,0.598795,0.038042,0.628302,0.521153,0.033918,0.592439,0.533342,0.046720,0.583228,0.566479,0.051411,0.588863,0.597806,0.053187
490,1694850133.420065,1,7.0096,7.0096,6.1546,2.7777,10.9249,3735.9881,14.8876,10174.5632,1.3453,135.5177,239.9277,115.4992,77.1964,56.7008,67.2086,0.000160,0.655259,0.733174,-0.000000,0.591138,0.745672,-0.008836,0.531620,0.684434,-0.000274,0.498583,0.616652,0.016062,0.493135,0.582941,0.033264,0.543633,0.546136,-0.020648,0.483714,0.475486,-0.010192,0.451896,0.441462,-0.003432,0.429254,0.408612,-0.000648,0.579236,0.509105,-0.003866,0.530076,0.529125,0.017424,0.529983,0.588253,0.034265,0.542009,0.620303,0.041779,0.606909,0.508890,0.014381,0.560575,0.531966,0.030379,0.558283,0.578567,0.034986,0.568636,0.607729,0.033880,0.626960,0.520925,0.033067,0.590359,0.534750,0.044382,0.584554,0.569579,0.047678,0.593118,0.602476,0.048340
491,1694850133.428398,1,-6.8182,-6.8182,-4.9745,-11.1291,6.7440,3724.5953,49.5797,9513.6296,0.9836,136.5100,240.7488,115.1683,76.9387,57.3381,68.8922,0.000228,0.653834,0.732029,-0.000000,0.589665,0.744027,-0.007825,0.531670,0.685006,0.000845,0.498485,0.617511,0.017686,0.494075,0.586609,0.035551,0.542522,0.547556,-0.019400,0.483604,0.476709,-0.009144,0.451735,0.440264,-0.004584,0.429141,0.406207,-0.003253,0.577525,0.510892,-0.001312,0.530310,0.529756,0.024526,0.529865,0.590485,0.042560,0.540701,0.622396,0.050011,0.605714,0.510835,0.018363,0.560868,0.530416,0.039538,0.558049,0.577762,0.044800,0.568306,0.606486,0.043095,0.626523,0.522397,0.038524,0.591550,0.535751,0.053935,0.585040,0.569344,0.058211,0.593559,0.600787,0.058964
492,1694850133.436732,1,-2.0909,-2.0909,-2.4053,2.5693,6.2630,3823.1250,59.9848,10941.0534,1.1972,134.5401,240.6685,117.5633,79.3838,59.0204,68.8659,0.000078,0.652078,0.725679,-0.000000,0.591475,0.742034,-0.010442,0.533122,0.685926,-0.003256,0.499769,0.620902,0.011748,0.493546,0.585175,0.027790,0.543604,0.550438,-0.022888,0.485980,0.479634,-0.016520,0.453839,0.442754,-0.012711,0.430770,0.409174,-0.011454,0.577469,0.510494,-0.006804,0.531515,0.529070,0.011609,0.531403,0.585408,0.028096,0.542946,0.614306,0.036063,0.605319,0.508354,0.010236,0.562080,0.526937,0.023509,0.559135,0.570304,0.029301,0.568429,0.596003,0.029868,0.626663,0.519923,0.027423,0.591819,0.534319,0.036383,0.585509,0.567528,0.040320,0.593461,0.597327,0.042213
493,1694850133.445065,1,-4.7307,-4.7307,-3.4580,-1.0528,6.3873,3853.6180,71.6254,10656.6940,0.8758,132.5849,242.0152,119.2098,81.4906,60.9223,70.0922,0.000046,0.653811,0.730860,-0.000000,0.592731,0.746386,-0.010244,0.535499,0.686759,-0.002563,0.501641,0.622539,0.012668,0.492565,0.589285,0.028866,0.542306,0.550295,-0.020820,0.485873,0.480843,-0.013626,0.454457,0.443231,-0.009533,0.432194,0.408633,-0.008197,0.576223,0.510074,-0.004967,0.532854,0.528283,0.013752,0.533360,0.582479,0.028930,0.544824,0.611238,0.035939,0.604845,0.507730,0.011929,0.563237,0.524969,0.025925,0.560804,0.567331,0.030988,0.569843,0.593151,0.030921,0.626475,0.520223,0.028895,0.592659,0.533156,0.038660,0.586708,0.564622,0.042306,0.594524,0.593441,0.043878
494,1694850133.453398,1,-0.7244,-0.7244,-1.9335,1.5245,4.7346,3895.5550,46.6351,11296.2131,1.1026,131.5502,241.7601,120.1379,81.5292,60.5251,69.1269,0.000028,0.651873,0.727900,-0.000000,0.590385,0.743974,-0.009607,0.532659,0.686722,-0.002231,0.500376,0.619964,0.012679,0.493528,0.583771,0.028676,0.542904,0.549248,-0.022434,0.485413,0.478818,-0.015367,0.454396,0.442813,-0.010929,0.432077,0.409565,-0.009285,0.576871,0.509620,-0.007015,0.531415,0.525960,0.011729,0.529784,0.577208,0.027515,0.539797,0.603933,0.034679,0.605168,0.507971,0.009567,0.562285,0.525743,0.023214,0.558130,0.566412,0.028561,0.565944,0.590786,0.028594,0.626621,0.520214,0.026338,0.591897,0.533421,0.035803,0.584822,0.564429,0.039759,0.591693,0.593113,0.041469
495,1694850133.461732,1,-1.6626,-1.6626,1.2889,3.2224,2.2431,3761.5298,25.0649,10343.2152,1.1266,135.0015,236.6778,114.3352,76.0211,55.6411,66.4076,0.000213,0.653074,0.728119,-0.000000,0.588849,0.744378,-0.010595,0.529879,0.684201,-0.003937,0.497130,0.614322,0.010527,0.494409,0.579155,0.025903,0.544082,0.549156,-0.023389,0.484180,0.478945,-0.016250,0.451691,0.443656,-0.011924,0.428502,0.410986,-0.010628,0.579168,0.511047,-0.007267,0.530993,0.527584,0.011390,0.530116,0.584732,0.027763,0.541827,0.616406,0.035353,0.606822,0.510325,0.009941,0.561580,0.529165,0.023499,0.558479,0.574289,0.028872,0.568362,0.602693,0.028820,0.627739,0.523318,0.027328,0.591331,0.537280,0.037304,0.585153,0.570924,0.041478,0.593385,0.602651,0.043011
496,1694850133.470065,1,-8.4402,-8.4402,-1.5873,-2.8762,2.7922,119.5212,80.7005,9606.7094,1.0251,134.7539,237.0553,115.4233,77.0754,55.4592,63.8717,0.000078,0.654172,0.728791,-0.000000,0.590252,0.743610,-0.008262,0.531698,0.684535,0.000929,0.499752,0.618317,0.018082,0.493436,0.584499,0.036389,0.542457,0.546128,-0.019348,0.483939,0.478021,-0.008711,0.451977,0.444690,-0.002544,0.429339,0.413175,0.000017,0.578062,0.509244,-0.002268,0.531718,0.530243,0.021484,0.529725,0.586829,0.039227,0.539916,0.616782,0.046973,0.606006,0.509308,0.016207,0.561986,0.529540,0.034427,0.556940,0.574065,0.040072,0.564736,0.600569,0.039355,0.626334,0.521676,0.035101,0.590296,0.535210,0.048327,0.581804,0.568659,0.052912,0.588057,0.599971,0.054363
497,1694850133.478398,1,-5.8174,-5.8174,-0.2717,1.3157,2.8060,154.1836,74.7918,9234.3294,0.7962,136.1404,237.3034,115.6367,77.0558,55.7841,65.1150,0.000080,0.653725,0.726560,-0.000000,0.589491,0.743474,-0.008387,0.531293,0.685088,0.000522,0.498990,0.617958,0.017385,0.494824,0.584211,0.035394,0.543045,0.547393,-0.020223,0.484431,0.479370,-0.010648,0.452210,0.445234,-0.005263,0.429300,0.413776,-0.003141,0.578564,0.510700,-0.003313,0.532424,0.528056,0.019805,0.529992,0.583047,0.037560,0.539883,0.613158,0.045372,0.606999,0.510943,0.014952,0.563084,0.526290,0.032369,0.557802,0.570038,0.038186,0.565723,0.597005,0.037832,0.628064,0.523805,0.033628,0.592739,0.533501,0.046194,0.584236,0.566026,0.050806,0.590809,0.596888,0.052428
498,1694850133.486732,1,-12.1735,-12.1735,-2.8623,-2.5906,4.2536,179.7403,76.1249,9218.5065,0.7586,135.0046,237.0677,115.9440,77.6160,55.9610,64.9343,0.000060,0.655461,0.727660,-0.000000,0.590677,0.743865,-0.007391,0.531791,0.683760,0.003663,0.499208,0.617142,0.023187,0.495953,0.585227,0.044102,0.543100,0.546917,-0.018480,0.485652,0.479547,-0.008604,0.452929,0.445673,-0.003576,0.429750,0.413501,-0.001567,0.578697,0.510228,-0.000632,0.532178,0.528689,0.024109,0.532417,0.586717,0.042630,0.544795,0.616903,0.050854,0.606790,0.509613,0.018508,0.562499,0.525656,0.037135,0.559635,0.571823,0.042029,0.570280,0.599081,0.040816,0.627574,0.520330,0.038258,0.592158,0.531970,0.051540,0.585670,0.566319,0.055225,0.594612,0.597273,0.055956
499,1694850133.495065,1,1.0404,1.0404,0.6758,3.5380,4.7062,3763.6768,59.1626,9965.3657,1.3465,134.7901,238.3329,114.1334,75.4908,56.4352,69.5967,0.000228,0.654187,0.726704,-0.000000,0.589684,0.744702,-0.011771,0.530384,0.684558,-0.005961,0.498434,0.613850,0.007561,0.498199,0.579986,0.021753,0.544816,0.546505,-0.024774,0.484777,0.476723,-0.017314,0.451718,0.441148,-0.012687,0.428907,0.406802,-0.011668,0.580309,0.509370,-0.009335,0.532510,0.531422,0.006535,0.532573,0.590206,0.020969,0.545692,0.620571,0.027554,0.607599,0.509414,0.007367,0.562242,0.531376,0.018903,0.559861,0.577867,0.024018,0.571278,0.606162,0.024076,0.628213,0.522642,0.024046,0.591252,0.537262,0.032054,0.586074,0.571565,0.035757,0.595988,0.602029,0.037363
500,1694850133.503398,1,-8.3496,-8.3496,0.0227,-0.6531,4.3907,43.2909,68.3594,9711.9351,1.4983,135.2824,236.6337,114.9209,76.1005,55.6428,66.3808,0.000154,0.654864,0.727859,-0.000000,0.590127,0.745575,-0.010696,0.530848,0.684339,-0.003071,0.498406,0.614567,0.012327,0.497819,0.580310,0.028786,0.545221,0.545415,-0.020275,0.485464,0.477635,-0.010406,0.452543,0.443712,-0.004483,0.429950,0.410967,-0.002407,0.580912,0.508994,-0.003845,0.533828,0.528140,0.016710,0.531328,0.585799,0.033008,0.542206,0.616259,0.040454,0.608737,0.509522,0.013722,0.564386,0.527542,0.029048,0.558691,0.572069,0.034353,0.567152,0.599689,0.034120,0.629538,0.523529,0.031362,0.593237,0.535636,0.042571,0.585213,0.568460,0.046846,0.592716,0.600037,0.048494
501,1694850133.511732,1,-0.0313,-0.0313,1.4465,1.4239,4.9900,40.9823,72.7150,10320.7003,1.1014,134.4460,236.6176,115.7041,77.2964,56.5236,66.3815,0.000087,0.654208,0.723717,-0.000000,0.591137,0.743605,-0.011100,0.532387,0.686055,-0.004741,0.500437,0.618737,0.009176,0.494719,0.585224,0.024140,0.544032,0.545726,-0.022746,0.485343,0.479293,-0.016538,0.452827,0.444984,-0.012653,0.430280,0.412715,-0.011397,0.579127,0.507746,-0.007677,0.533308,0.527697,0.008553,0.531954,0.583241,0.023070,0.543652,0.612325,0.029937,0.606957,0.506467,0.008375,0.563269,0.525650,0.019196,0.558960,0.570526,0.024214,0.568121,0.597341,0.024784,0.628028,0.518653,0.024508,0.591349,0.531498,0.032462,0.584130,0.565702,0.036744,0.591685,0.596558,0.039076
502,1694850133.520065,1,-14.2963,-14.2963,-0.5307,-1.9772,6.2410,73.0899,80.9697,9373.6259,1.0719,135.6481,237.1509,115.4042,76.5596,55.1180,64.4310,0.000114,0.656631,0.729458,-0.000000,0.591406,0.743154,-0.007262,0.532765,0.683397,0.004153,0.500374,0.617230,0.024200,0.495567,0.583116,0.045766,0.542631,0.543480,-0.015621,0.485294,0.476756,-0.002549,0.453236,0.443498,0.003997,0.430313,0.411692,0.006775,0.578747,0.508979,0.003246,0.532452,0.526920,0.031309,0.532625,0.584952,0.049969,0.544487,0.616805,0.057804,0.606931,0.509724,0.023549,0.562399,0.524032,0.045183,0.559364,0.571276,0.049217,0.569002,0.599840,0.046893,0.627329,0.520553,0.044573,0.591625,0.529992,0.060690,0.584629,0.564951,0.064541,0.592774,0.597003,0.064910
503,1694850133.528398,1,8.9543,8.9543,1.9785,2.5092,8.0398,3736.0802,80.3024,9426.2761,1.0629,136.3765,237.1263,115.7393,76.5378,55.5683,66.4299,0.000182,0.654935,0.728704,-0.000000,0.591168,0.741448,-0.008306,0.533388,0.682750,-0.000563,0.500949,0.618064,0.014379,0.494386,0.587990,0.030017,0.543983,0.543672,-0.019605,0.485665,0.476961,-0.009898,0.453113,0.442855,-0.003915,0.430381,0.410625,-0.001596,0.579371,0.507459,-0.004248,0.533251,0.527162,0.016192,0.532366,0.584422,0.032186,0.543828,0.615062,0.039319,0.607705,0.508216,0.012571,0.563958,0.527426,0.027548,0.560452,0.572597,0.032110,0.570181,0.600945,0.031275,0.628834,0.521446,0.029817,0.593506,0.534008,0.040609,0.587198,0.568073,0.044408,0.595639,0.599764,0.045633
504,1694850133.536732,1,-0.5588,-0.5588,1.9477,-0.0308,7.9221,150.8356,64.5421,10204.7950,1.5179,135.4144,240.4035,115.5545,77.0162,57.7590,69.5448,0.000210,0.653489,0.726376,-0.000000,0.590235,0.740474,-0.005453,0.533320,0.683041,0.003663,0.501092,0.618639,0.020336,0.497297,0.584959,0.037934,0.543116,0.546863,-0.019630,0.486204,0.476772,-0.012828,0.453982,0.439804,-0.010475,0.430973,0.406586,-0.010113,0.578309,0.508898,-0.003605,0.533059,0.524167,0.019516,0.533708,0.580198,0.037440,0.545210,0.610355,0.045262,0.606870,0.507972,0.013858,0.563653,0.522373,0.031897,0.561636,0.567084,0.037631,0.572338,0.594914,0.037034,0.627779,0.519637,0.032049,0.593915,0.530085,0.045173,0.588164,0.563600,0.049704,0.597155,0.594058,0.051122
505,1694850133.545065,1,-10.9366,-10.9366,-2.7263,-4.6740,8.3376,122.7303,77.3395,9383.0100,1.1128,135.2870,238.3672,116.5820,77.5484,56.8799,66.7580,0.000148,0.656136,0.733116,-0.000000,0.593257,0.745553,-0.008426,0.533706,0.685399,-0.000704,0.499351,0.615441,0.014288,0.496183,0.581278,0.030110,0.543982,0.548366,-0.018484,0.485918,0.476945,-0.007501,0.454226,0.441848,-0.000853,0.431048,0.409306,0.001639,0.578595,0.509888,-0.002084,0.532058,0.527658,0.020327,0.531913,0.585647,0.037377,0.543007,0.617299,0.044841,0.607162,0.508181,0.015799,0.562944,0.526058,0.033394,0.560416,0.571600,0.038829,0.570248,0.600667,0.037978,0.628618,0.519827,0.034026,0.593442,0.529094,0.047362,0.586541,0.562231,0.051728,0.594713,0.594301,0.052835
506,1694850133.553398,1,2.1864,2.1864,4.1207,6.8470,8.5596,3816.2807,56.0841,10402.5662,0.9008,132.0887,240.7713,118.3228,79.4857,58.3115,67.1989,0.000055,0.655532,0.730409,-0.000000,0.592346,0.744172,-0.009608,0.533059,0.684190,-0.002691,0.499930,0.615912,0.011506,0.497304,0.580743,0.026306,0.545870,0.545947,-0.020573,0.487353,0.478258,-0.011184,0.455143,0.443908,-0.005248,0.432506,0.411260,-0.003023,0.581115,0.508259,-0.004867,0.533871,0.528658,0.014851,0.533176,0.588242,0.031098,0.545027,0.619352,0.038604,0.608810,0.508117,0.012149,0.563728,0.529306,0.026606,0.561223,0.575868,0.031466,0.572011,0.603845,0.030943,0.629375,0.520952,0.029487,0.593140,0.535327,0.040596,0.587757,0.570026,0.044896,0.597402,0.600931,0.046376
507,1694850133.561732,1,0.7801,0.7801,-2.0435,-6.1642,6.4102,3761.0042,54.9272,10704.7487,0.9760,134.6003,240.3617,115.3759,77.4684,58.8122,70.4980,0.000209,0.657062,0.727696,-0.000000,0.592306,0.746162,-0.012559,0.532282,0.684705,-0.005625,0.499861,0.613224,0.009746,0.500335,0.577382,0.026140,0.546312,0.545941,-0.023535,0.486976,0.477208,-0.014962,0.454093,0.441358,-0.010539,0.431591,0.406056,-0.009693,0.582240,0.509067,-0.006296,0.533938,0.529679,0.012861,0.534099,0.588240,0.028148,0.547358,0.617896,0.034768,0.609204,0.508720,0.012022,0.563285,0.527592,0.026345,0.560412,0.574097,0.030977,0.571601,0.601790,0.030146,0.629392,0.520960,0.030294,0.592003,0.533512,0.040473,0.586136,0.567946,0.043976,0.595786,0.598752,0.044962
508,1694850133.570065,1,2.5881,2.5881,0.7867,2.8303,4.9990,3870.0803,13.6950,10051.4182,1.3913,134.1721,237.7245,118.0059,78.9643,57.0430,65.5005,0.000038,0.655536,0.726441,-0.000000,0.592091,0.742161,-0.007737,0.534472,0.685039,0.000975,0.502308,0.620104,0.017580,0.495834,0.587414,0.035239,0.546319,0.545321,-0.021371,0.488010,0.479416,-0.013612,0.455192,0.445531,-0.009685,0.431839,0.413821,-0.008226,0.581814,0.507035,-0.004743,0.535336,0.527591,0.018018,0.533634,0.584608,0.036471,0.544472,0.614695,0.044900,0.609798,0.507705,0.013190,0.566049,0.525555,0.029605,0.561159,0.569342,0.035616,0.570005,0.596901,0.035747,0.630761,0.520762,0.031721,0.595809,0.533225,0.043701,0.587982,0.566135,0.048644,0.595276,0.597392,0.050735
509,1694850133.578398,1,5.1299,5.1299,4.0166,3.2299,5.6214,3741.3139,25.6764,10012.5746,1.4728,135.4159,241.5590,115.1486,76.6243,57.1367,69.5159,0.000151,0.654341,0.733023,-0.000000,0.591192,0.745660,-0.008008,0.533612,0.686219,-0.001270,0.500681,0.619006,0.012421,0.493981,0.584500,0.026644,0.544457,0.546547,-0.020357,0.486046,0.476721,-0.011220,0.454144,0.440117,-0.005998,0.431666,0.406404,-0.004144,0.580075,0.508921,-0.004802,0.535916,0.525845,0.017209,0.533958,0.581009,0.034485,0.543688,0.611684,0.042063,0.609422,0.510120,0.012244,0.567506,0.528183,0.029250,0.563165,0.571359,0.035362,0.571261,0.599122,0.035040,0.631427,0.524641,0.029672,0.597985,0.535173,0.042600,0.590756,0.568047,0.048026,0.597747,0.599949,0.050043
510,1694850133.586732,1,-0.8522,-0.8522,-0.7597,-4.7763,1.9897,79.8264,80.3712,10655.4251,0.6059,135.4375,241.9867,116.2391,77.7842,58.4954,69.8638,0.000116,0.655077,0.730019,-0.000000,0.592038,0.743482,-0.007768,0.534249,0.684489,0.001122,0.500837,0.618291,0.018218,0.496227,0.583052,0.036536,0.545140,0.547107,-0.021760,0.486691,0.477198,-0.014493,0.454576,0.440669,-0.011115,0.431748,0.406438,-0.010065,0.580628,0.509215,-0.004466,0.534118,0.523983,0.018997,0.534083,0.581310,0.037833,0.545551,0.611914,0.046250,0.609586,0.508970,0.014113,0.565921,0.522237,0.031692,0.562900,0.567429,0.037941,0.572655,0.595992,0.037781,0.631374,0.521531,0.033248,0.597477,0.531604,0.045540,0.590951,0.564979,0.049942,0.598923,0.596638,0.051415
511,1694850133.595065,1,14.1847,14.1847,3.3512,4.1108,5.2960,147.6967,70.1122,11241.4257,1.3753,133.7029,238.6979,116.6014,77.7823,57.0025,66.6335,0.000130,0.656436,0.725199,-0.000000,0.593467,0.744136,-0.012000,0.534962,0.685205,-0.004753,0.501826,0.618486,0.011145,0.497127,0.586039,0.028268,0.547202,0.545927,-0.026905,0.488361,0.478989,-0.023160,0.454777,0.443257,-0.021337,0.431524,0.409539,-0.021111,0.583489,0.507771,-0.010269,0.535787,0.524311,0.006272,0.534508,0.582835,0.022449,0.546745,0.612881,0.030255,0.611690,0.508519,0.007181,0.567262,0.523277,0.017206,0.563419,0.568784,0.022085,0.574156,0.596489,0.022626,0.633366,0.522340,0.024931,0.597894,0.534719,0.031687,0.591921,0.568381,0.035351,0.601072,0.598333,0.037260
512,1694850133.603398,1,1.7185,1.7185,-0.2174,-3.5686,5.1810,228.9467,73.9176,10960.9585,0.9060,134.3557,240.9654,116.3074,77.5194,57.5476,68.5305,0.000150,0.656083,0.725980,-0.000000,0.593691,0.742844,-0.009922,0.534443,0.684287,-0.001431,0.500254,0.617755,0.015310,0.497537,0.583797,0.033211,0.546374,0.546605,-0.023291,0.487115,0.476889,-0.016013,0.454258,0.441247,-0.011521,0.431021,0.407897,-0.009769,0.581312,0.507759,-0.006304,0.533630,0.527614,0.013108,0.532938,0.586801,0.030176,0.544855,0.618143,0.038279,0.608779,0.506591,0.011845,0.563742,0.525740,0.025447,0.560386,0.571923,0.030310,0.570395,0.600101,0.030175,0.629528,0.518468,0.030419,0.593582,0.532984,0.040342,0.586661,0.567242,0.043918,0.594763,0.598230,0.045218
513,1694850133.611732,1,-0.8535,-0.8535,-1.4959,-1.2784,5.6075,3889.9559,31.9628,10166.9808,1.9608,132.5340,241.9269,119.6741,81.1371,60.1855,68.4366,0.000012,0.655647,0.729847,-0.000000,0.594469,0.743735,-0.009198,0.536300,0.685601,-0.000725,0.502544,0.621511,0.015898,0.495623,0.588321,0.033852,0.547896,0.546725,-0.021222,0.489577,0.477265,-0.013939,0.457695,0.441664,-0.010032,0.434354,0.408699,-0.008273,0.582075,0.507958,-0.003769,0.535859,0.525493,0.018512,0.533296,0.578534,0.036459,0.543432,0.606851,0.044865,0.610182,0.507774,0.014765,0.567130,0.524185,0.031168,0.561240,0.564792,0.036726,0.568276,0.589327,0.036829,0.631427,0.520650,0.033747,0.597436,0.532393,0.046122,0.588734,0.562644,0.050866,0.594759,0.591677,0.052941
514,1694850133.620065,1,2.3836,2.3836,0.8090,2.3048,5.5912,203.4771,48.6660,10332.4681,0.8129,133.0162,238.5909,118.2055,79.9405,59.5727,68.4507,0.000025,0.654968,0.729634,-0.000000,0.592736,0.741267,-0.008615,0.535517,0.683259,-0.000369,0.502652,0.619028,0.015581,0.495677,0.583955,0.032472,0.545073,0.543584,-0.020494,0.488039,0.476311,-0.012186,0.456068,0.441211,-0.007770,0.433032,0.409366,-0.006190,0.580102,0.505973,-0.004203,0.534924,0.526121,0.017193,0.533900,0.583326,0.033637,0.544099,0.613712,0.040834,0.608540,0.505895,0.013391,0.565522,0.524768,0.029310,0.561795,0.569259,0.034105,0.570116,0.596566,0.033282,0.629556,0.518796,0.031426,0.595148,0.532397,0.042791,0.588553,0.565753,0.046799,0.596168,0.596109,0.048187
515,1694850133.628398,1,-6.1013,-6.1013,-5.0715,-5.8804,6.6650,3943.2779,81.9906,11105.3354,1.0554,135.7222,240.2888,115.8652,76.9019,56.3365,67.5909,0.000144,0.655948,0.725297,-0.000000,0.593172,0.742397,-0.009532,0.535389,0.684823,-0.001413,0.502170,0.619206,0.015361,0.496174,0.585443,0.033513,0.546005,0.545497,-0.025349,0.487885,0.476661,-0.020588,0.454725,0.440380,-0.018607,0.430873,0.407060,-0.018080,0.580821,0.506027,-0.007551,0.533691,0.525469,0.012637,0.532514,0.584832,0.030315,0.543736,0.616115,0.038552,0.608598,0.504975,0.011453,0.563699,0.522009,0.025363,0.559945,0.569083,0.030757,0.569862,0.597964,0.031043,0.629261,0.516092,0.031115,0.593005,0.530057,0.041482,0.585467,0.565189,0.045858,0.592960,0.596304,0.047856
516,1694850133.636732,1,-6.3577,-6.3577,-2.0190,3.0524,3.7428,37.3402,74.1138,10975.2370,1.2666,134.6782,241.0237,116.1097,77.5655,56.9524,67.2499,0.000096,0.658153,0.729904,-0.000000,0.595484,0.744692,-0.011699,0.537392,0.685166,-0.004310,0.502816,0.618671,0.011675,0.495284,0.583586,0.028899,0.546299,0.545712,-0.024405,0.488198,0.476215,-0.017318,0.455060,0.439756,-0.013437,0.431613,0.405711,-0.012142,0.581673,0.506915,-0.006547,0.535018,0.526281,0.013747,0.535565,0.583751,0.030570,0.548433,0.613096,0.038145,0.609930,0.506912,0.012375,0.565776,0.523776,0.026482,0.563761,0.569592,0.031202,0.574534,0.597197,0.030686,0.631228,0.519883,0.031585,0.596068,0.531806,0.041723,0.590185,0.565585,0.045376,0.598948,0.596319,0.046627
517,1694850133.645065,1,4.6132,4.6132,1.3667,3.3857,4.4127,108.1178,15.7261,10807.1723,1.3651,133.8102,237.9334,115.8990,76.7499,56.0602,66.0056,0.000132,0.657809,0.726331,-0.000000,0.594578,0.743892,-0.011511,0.535148,0.683023,-0.003814,0.500921,0.614505,0.012286,0.498054,0.579695,0.029496,0.547265,0.543507,-0.024177,0.488054,0.476058,-0.017144,0.454621,0.441272,-0.012882,0.431218,0.408345,-0.011476,0.582808,0.505559,-0.007317,0.535522,0.525280,0.010997,0.534937,0.583135,0.027013,0.547154,0.613573,0.034534,0.610789,0.505837,0.010599,0.566236,0.522738,0.023055,0.562616,0.567809,0.027475,0.572486,0.595619,0.027197,0.631774,0.519536,0.028763,0.595741,0.533272,0.037557,0.589311,0.566822,0.040766,0.597828,0.596563,0.041952
518,1694850133.653398,1,-1.0580,-1.0580,-0.8604,-2.2271,4.4097,3934.4942,32.4139,11743.9216,1.8708,132.9884,240.5930,118.0002,79.0191,58.6781,69.5848,0.000051,0.658780,0.726681,-0.000000,0.595699,0.742858,-0.012228,0.535922,0.681840,-0.004115,0.502024,0.612681,0.012749,0.498158,0.576259,0.030817,0.547414,0.544425,-0.023367,0.488521,0.475937,-0.015286,0.455919,0.440186,-0.011096,0.432313,0.406312,-0.010072,0.582601,0.506713,-0.005379,0.533555,0.525985,0.014366,0.533707,0.586403,0.030330,0.546027,0.617484,0.037358,0.609622,0.506096,0.013621,0.563558,0.522972,0.027744,0.560883,0.570518,0.031943,0.571382,0.599290,0.030960,0.629721,0.518641,0.032771,0.593140,0.531115,0.042439,0.587006,0.565974,0.045340,0.595995,0.597394,0.046002
519,1694850133.661732,1,2.0207,2.0207,2.0305,2.8909,4.3510,3909.0158,55.4479,11349.8302,1.4808,133.2454,243.6775,118.8095,80.0417,60.6677,71.4717,0.000079,0.656501,0.727002,-0.000000,0.594496,0.742544,-0.011304,0.535824,0.682702,-0.003002,0.501823,0.617002,0.013722,0.497948,0.582495,0.031860,0.546070,0.542893,-0.022025,0.488122,0.474380,-0.014047,0.456237,0.438839,-0.009135,0.433989,0.404700,-0.006928,0.581131,0.505040,-0.004309,0.535455,0.525006,0.016356,0.534264,0.580430,0.033266,0.545764,0.609580,0.041533,0.609849,0.505185,0.014380,0.566574,0.522514,0.028723,0.562312,0.566364,0.033533,0.570783,0.593083,0.033814,0.631809,0.517935,0.033313,0.596641,0.531413,0.043597,0.588813,0.563262,0.047271,0.595377,0.593110,0.049128
520,1694850133.670065,1,-4.5173,-4.5173,0.4601,-1.5704,4.0421,106.7436,66.3885,10425.4861,1.8472,133.5193,241.6320,119.9255,80.8655,59.2402,67.5467,0.000033,0.656605,0.727870,-0.000000,0.594332,0.742956,-0.011575,0.535762,0.682861,-0.006324,0.503337,0.612409,0.006759,0.498660,0.575890,0.020691,0.549440,0.545640,-0.025671,0.489953,0.476345,-0.019105,0.457571,0.440555,-0.015271,0.434185,0.407309,-0.014388,0.584234,0.506100,-0.009646,0.537098,0.524582,0.008765,0.536068,0.578732,0.024753,0.546939,0.606384,0.031859,0.612235,0.506442,0.007618,0.568386,0.524745,0.020702,0.563930,0.565727,0.026726,0.572364,0.591889,0.027094,0.633530,0.520603,0.024963,0.598148,0.533668,0.034073,0.591492,0.564943,0.038770,0.599055,0.594535,0.040948
521,1694850133.678398,1,0.3990,0.3990,-1.0535,-1.5136,3.0537,3852.9124,66.4772,10264.8351,1.9945,134.8025,238.8922,116.2846,77.2005,56.6367,67.5906,0.000083,0.657316,0.727600,-0.000000,0.593628,0.741345,-0.009300,0.535519,0.681546,0.000150,0.502856,0.616623,0.018017,0.495466,0.583849,0.037132,0.546952,0.542745,-0.021860,0.488057,0.475902,-0.013157,0.455300,0.441290,-0.008045,0.431718,0.408568,-0.005939,0.582390,0.505437,-0.004387,0.533893,0.525232,0.016964,0.532840,0.584955,0.034150,0.544045,0.616567,0.041906,0.609283,0.505308,0.014392,0.563841,0.523046,0.029588,0.559623,0.568937,0.034256,0.568671,0.597342,0.033562,0.628622,0.517628,0.033727,0.591604,0.530299,0.044741,0.584149,0.564715,0.048549,0.591630,0.596562,0.049787
522,1694850133.686732,1,8.9307,8.9307,2.4972,3.5507,4.4465,59.9862,84.0716,10336.3603,1.6696,134.0764,237.7747,116.8630,77.4276,55.4182,63.7541,0.000050,0.656147,0.727049,-0.000000,0.594288,0.743085,-0.011068,0.536297,0.684888,-0.003515,0.502639,0.619267,0.012589,0.496391,0.584135,0.029873,0.545969,0.544451,-0.025442,0.488424,0.475342,-0.019246,0.455351,0.440487,-0.015952,0.431617,0.408121,-0.014840,0.581659,0.505949,-0.007664,0.535635,0.525491,0.012928,0.533744,0.582657,0.030537,0.544355,0.613321,0.038645,0.610655,0.506861,0.011226,0.567114,0.524510,0.025867,0.562963,0.568776,0.031628,0.571682,0.596427,0.031839,0.632617,0.520727,0.030424,0.598306,0.533774,0.040972,0.591099,0.566647,0.045392,0.598365,0.596989,0.047309
523,1694850133.695065,1,-2.9759,-2.9759,-1.2491,-3.7463,4.6965,3953.2186,11.4430,10987.1834,1.7375,133.0957,244.5011,119.3688,80.6334,60.9739,71.7164,0.000096,0.656696,0.729482,-0.000000,0.594458,0.743404,-0.010025,0.536368,0.683123,-0.001531,0.503294,0.615264,0.015491,0.497779,0.579499,0.033872,0.547307,0.544775,-0.023583,0.489001,0.475048,-0.017572,0.456780,0.437729,-0.014678,0.433777,0.403117,-0.013777,0.582754,0.506256,-0.006063,0.535775,0.520817,0.015420,0.534845,0.576716,0.033768,0.545585,0.606161,0.042412,0.611232,0.506016,0.012399,0.567265,0.519828,0.027800,0.563082,0.563284,0.033840,0.571538,0.589548,0.034193,0.632470,0.519138,0.031187,0.597591,0.530530,0.041436,0.590364,0.563546,0.045469,0.597533,0.594208,0.047178
524,1694850133.703398,1,-3.2964,-3.2964,0.3052,1.5544,4.8912,149.3784,26.7955,10357.9533,1.4257,133.8279,239.2605,115.5166,76.5012,57.3449,69.8928,0.000176,0.658215,0.728346,-0.000000,0.594386,0.744180,-0.010771,0.535001,0.682444,-0.002572,0.500984,0.613535,0.014031,0.497989,0.577397,0.031799,0.545480,0.544919,-0.023623,0.487333,0.474913,-0.016407,0.454675,0.438226,-0.012534,0.430768,0.403970,-0.011698,0.580440,0.506003,-0.006818,0.532809,0.528295,0.012005,0.534649,0.587644,0.027657,0.547726,0.617594,0.034453,0.608054,0.504429,0.011168,0.562538,0.523418,0.025246,0.561613,0.570877,0.030288,0.573046,0.598847,0.029740,0.628631,0.517024,0.029269,0.592171,0.532171,0.039165,0.586664,0.566584,0.042461,0.595886,0.596666,0.043396
525,1694850133.711732,1,-2.4716,-2.4716,-0.7177,-1.0229,4.5974,3836.4365,85.5680,10946.6124,1.3639,134.1867,240.6170,116.9005,78.6600,59.2910,69.4557,0.000211,0.656303,0.731762,-0.000000,0.592684,0.742374,-0.010798,0.532254,0.680062,-0.004272,0.498710,0.608310,0.009861,0.499624,0.570471,0.024826,0.547223,0.543176,-0.021603,0.487823,0.472266,-0.011775,0.455601,0.437730,-0.005312,0.432473,0.404254,-0.003008,0.582124,0.505187,-0.005227,0.533337,0.526671,0.014193,0.534175,0.586634,0.030199,0.546972,0.618511,0.037527,0.609334,0.504485,0.012410,0.563154,0.528613,0.026807,0.561692,0.575690,0.031561,0.572337,0.604513,0.030940,0.629447,0.516985,0.030219,0.592759,0.531241,0.041052,0.587453,0.566090,0.044779,0.596267,0.598763,0.045845
526,1694850133.720065,1,-1.8233,-1.8233,-2.6885,-1.9708,4.6557,135.9949,83.3507,10458.6125,1.0356,136.2677,239.7527,115.2803,76.6196,56.9029,68.4147,0.000196,0.657151,0.726775,-0.000000,0.594515,0.742522,-0.010625,0.535461,0.683494,-0.002367,0.502471,0.614883,0.014706,0.496756,0.579411,0.033157,0.546192,0.542122,-0.023425,0.486507,0.472557,-0.015030,0.454084,0.437569,-0.010218,0.431206,0.403652,-0.008285,0.581622,0.504827,-0.005041,0.534243,0.521124,0.017101,0.534586,0.576813,0.034894,0.547141,0.605836,0.042909,0.609821,0.505794,0.014525,0.565793,0.519789,0.030006,0.563718,0.564584,0.034371,0.574159,0.592486,0.033433,0.630712,0.518275,0.034575,0.595925,0.528928,0.045341,0.590562,0.562563,0.048525,0.599278,0.593489,0.049355
527,1694850133.728398,1,0.8569,0.8569,0.9582,3.6467,1.4854,3857.9945,67.6693,9370.0310,1.2242,135.9591,241.5841,113.9167,75.8638,57.9027,71.6260,0.000354,0.656057,0.726259,-0.000000,0.592979,0.742231,-0.011449,0.535154,0.682928,-0.003250,0.501084,0.617770,0.013919,0.497375,0.583968,0.032664,0.546061,0.542402,-0.024791,0.486900,0.472815,-0.018908,0.453491,0.435744,-0.015927,0.430416,0.400630,-0.014717,0.581167,0.504540,-0.006319,0.534045,0.527048,0.013530,0.534778,0.584925,0.030508,0.548569,0.614327,0.038778,0.608871,0.504848,0.013138,0.564741,0.523614,0.026172,0.562542,0.568861,0.030185,0.573800,0.595706,0.030166,0.629604,0.517525,0.033089,0.594072,0.531556,0.042810,0.587761,0.564160,0.046185,0.596257,0.593996,0.047836
528,1694850133.736732,1,8.7249,8.7249,3.0053,2.0471,4.3901,65.3304,80.2864,9517.4680,0.8893,136.7068,240.7131,115.1227,76.5280,57.0268,69.2239,0.000221,0.656152,0.731646,-0.000000,0.593161,0.741151,-0.006988,0.535438,0.681869,0.002043,0.501732,0.615848,0.019042,0.495750,0.580802,0.037070,0.545409,0.543722,-0.019649,0.486622,0.472332,-0.009638,0.454078,0.435898,-0.004560,0.430751,0.402686,-0.002475,0.580232,0.507813,-0.001606,0.535189,0.524969,0.023966,0.535222,0.584697,0.042632,0.546535,0.617883,0.050628,0.608907,0.508324,0.018068,0.565727,0.524004,0.038183,0.563521,0.571866,0.043045,0.573627,0.601688,0.041357,0.630036,0.519754,0.038518,0.597010,0.530045,0.054007,0.590713,0.564587,0.058476,0.599112,0.596523,0.059317
529,1694850133.745065,1,-1.5487,-1.5487,0.2307,-2.7746,4.1448,94.3431,26.1543,10453.7790,1.3010,132.5394,240.6007,118.3719,79.3594,57.5961,65.7554,0.000018,0.655731,0.728928,-0.000000,0.592086,0.742290,-0.009534,0.533435,0.680141,-0.000603,0.500400,0.612400,0.016537,0.496903,0.580707,0.034715,0.546445,0.542665,-0.021809,0.487447,0.475294,-0.012882,0.455043,0.441071,-0.007686,0.432292,0.408051,-0.005881,0.582169,0.506240,-0.004915,0.534445,0.525677,0.015980,0.534070,0.583603,0.032983,0.546003,0.613965,0.040569,0.609769,0.506955,0.013230,0.564482,0.524759,0.028358,0.560933,0.570310,0.033147,0.570845,0.597748,0.032383,0.629919,0.520266,0.031756,0.593324,0.531555,0.042442,0.586530,0.565558,0.045953,0.595017,0.597025,0.046862
530,1694850133.753398,1,5.0156,5.0156,1.7097,1.4790,4.0629,3767.2002,52.0152,10337.2490,1.2474,133.8819,240.1031,115.6113,77.0509,56.3960,65.9538,0.000114,0.657758,0.729628,-0.000000,0.592575,0.744791,-0.010597,0.532911,0.681609,-0.001723,0.500205,0.611707,0.015468,0.499964,0.577407,0.033880,0.545899,0.542825,-0.020177,0.486791,0.473422,-0.009706,0.454254,0.438988,-0.003668,0.431345,0.405529,-0.001680,0.581824,0.506463,-0.002739,0.533309,0.525644,0.018123,0.531445,0.582481,0.033912,0.542150,0.613258,0.040854,0.609199,0.505789,0.015926,0.563033,0.525022,0.032003,0.558218,0.569510,0.036424,0.566639,0.596482,0.035414,0.628552,0.517858,0.034716,0.590646,0.528345,0.045780,0.582316,0.561437,0.048728,0.589372,0.592634,0.049388
531,1694850133.761732,1,-4.8942,-4.8942,-1.4378,-3.1475,4.7972,23.9566,34.9390,9129.3155,1.4523,135.8248,241.5908,114.7150,76.3329,57.3511,69.5859,0.000241,0.655318,0.728066,-0.000000,0.591253,0.742553,-0.010839,0.532037,0.682283,-0.004285,0.498949,0.613215,0.009830,0.499082,0.576176,0.024659,0.544947,0.541488,-0.021909,0.485088,0.471991,-0.011952,0.452620,0.435884,-0.005988,0.429967,0.401081,-0.004335,0.580363,0.505571,-0.005898,0.532768,0.528253,0.013424,0.531957,0.586662,0.028240,0.543578,0.618005,0.034329,0.607972,0.505993,0.011547,0.562771,0.526680,0.026175,0.559698,0.572812,0.030831,0.569705,0.602594,0.029838,0.628215,0.519459,0.029040,0.592067,0.531218,0.039270,0.586007,0.565546,0.042795,0.594561,0.597969,0.043846
532,1694850133.770065,1,-0.7774,-0.7774,-2.3756,-0.9378,4.8935,65.8502,65.0477,10423.9165,1.1262,137.0748,241.2675,114.8141,76.2348,56.2440,67.8339,0.000174,0.655990,0.725626,-0.000000,0.593002,0.740274,-0.008415,0.534430,0.682866,0.002119,0.500760,0.618619,0.021886,0.496878,0.584533,0.043428,0.544102,0.544006,-0.022492,0.486196,0.474384,-0.015856,0.453498,0.438033,-0.013415,0.430001,0.404096,-0.012388,0.578762,0.506104,-0.003036,0.530958,0.526219,0.021751,0.531473,0.584894,0.041129,0.544235,0.615104,0.049958,0.606321,0.505146,0.017541,0.561074,0.522413,0.035633,0.558962,0.569722,0.040318,0.569912,0.596587,0.039414,0.626805,0.515211,0.038915,0.591734,0.528836,0.052588,0.584781,0.563922,0.056573,0.592848,0.594761,0.057680
533,1694850133.778398,1,-3.0197,-3.0197,-0.3678,2.0078,3.3398,3930.7259,6.6143,10126.4522,1.9584,136.8302,243.1181,116.7511,78.4703,58.4664,68.4860,0.000179,0.654136,0.727172,-0.000000,0.591191,0.741843,-0.008710,0.532900,0.682063,0.000715,0.500493,0.614389,0.018858,0.499610,0.580160,0.038431,0.544876,0.546677,-0.021988,0.488066,0.474821,-0.015313,0.455829,0.437523,-0.012879,0.432054,0.402699,-0.012313,0.579391,0.508265,-0.003714,0.532677,0.525283,0.019779,0.533623,0.583359,0.038257,0.546120,0.614011,0.046615,0.606974,0.506905,0.015688,0.562522,0.521793,0.033073,0.560363,0.567400,0.038430,0.571046,0.594828,0.038031,0.627530,0.517382,0.035683,0.591631,0.528625,0.048545,0.585242,0.562001,0.052992,0.593706,0.592524,0.054576
534,1694850133.786732,1,-6.9503,-6.9503,-2.9915,-2.6237,4.1123,3797.5859,69.1522,9943.6435,1.4646,137.0170,240.6061,116.0957,77.8410,58.2552,70.1564,0.000160,0.654673,0.727310,-0.000000,0.593114,0.742128,-0.008348,0.536132,0.684361,0.000691,0.502852,0.621711,0.017933,0.495564,0.586566,0.036531,0.544522,0.545034,-0.019757,0.487168,0.474473,-0.011901,0.454608,0.437688,-0.008151,0.431043,0.403868,-0.006468,0.578276,0.507026,-0.001837,0.533064,0.525589,0.021412,0.532776,0.579488,0.039156,0.544681,0.608781,0.047346,0.606354,0.506335,0.017278,0.562928,0.523186,0.034413,0.559710,0.565860,0.039355,0.569031,0.591892,0.039016,0.627351,0.517834,0.037039,0.592441,0.530939,0.050212,0.585339,0.562537,0.054752,0.592934,0.591678,0.056630
535,1694850133.795065,1,8.6368,8.6368,3.3827,6.3742,5.4178,3759.0619,50.2233,9732.4905,1.4416,135.0617,239.7967,117.0232,77.6607,56.7863,67.5205,0.000156,0.654864,0.727767,-0.000000,0.591729,0.742769,-0.011423,0.533374,0.683272,-0.001338,0.501057,0.617560,0.018027,0.496233,0.584151,0.039244,0.544895,0.540574,-0.021167,0.486671,0.474121,-0.010912,0.453977,0.440935,-0.004905,0.431083,0.407922,-0.001903,0.580298,0.506019,-0.001796,0.533952,0.528828,0.021537,0.532611,0.585998,0.038787,0.544867,0.615454,0.046935,0.607931,0.508291,0.018689,0.564374,0.526419,0.034917,0.559772,0.571004,0.038413,0.568723,0.596835,0.037545,0.628372,0.520777,0.039608,0.593011,0.533755,0.051412,0.585027,0.565599,0.054653,0.592197,0.594988,0.055964
536,1694850133.803398,1,-0.1786,-0.1786,0.1497,-3.2330,5.1304,3855.1122,76.1401,10924.5418,1.4281,133.6883,240.6656,117.7715,78.9381,58.7525,69.2472,0.000081,0.653929,0.728725,-0.000000,0.591725,0.743871,-0.010139,0.534570,0.685167,-0.001510,0.503137,0.618646,0.015676,0.498478,0.585049,0.034405,0.546393,0.545267,-0.022493,0.488146,0.475970,-0.015689,0.454997,0.439732,-0.012013,0.431567,0.406336,-0.010329,0.581136,0.508574,-0.004884,0.535156,0.524805,0.016313,0.533503,0.578014,0.033875,0.544892,0.605560,0.042324,0.609035,0.509207,0.013693,0.565542,0.523835,0.028167,0.560562,0.564917,0.033178,0.569104,0.589664,0.033467,0.630053,0.521471,0.032745,0.594406,0.533393,0.043352,0.586662,0.563783,0.047615,0.593932,0.592088,0.049764
537,1694850133.811732,1,-5.0016,-5.0016,-0.4955,-0.6452,5.4513,71.2080,63.7093,11349.3774,1.3737,135.0571,240.8631,116.0703,77.8629,58.7885,70.1670,0.000185,0.656117,0.730413,-0.000000,0.593905,0.744527,-0.013038,0.535674,0.684909,-0.007579,0.501551,0.616802,0.006504,0.496974,0.580111,0.021920,0.547814,0.544028,-0.026005,0.487659,0.474931,-0.019431,0.454558,0.438929,-0.015378,0.431585,0.404472,-0.013844,0.582169,0.507060,-0.007872,0.535007,0.525970,0.010789,0.535230,0.582472,0.026935,0.547987,0.611671,0.034671,0.609308,0.508893,0.011402,0.565674,0.525195,0.023730,0.562958,0.568878,0.028359,0.572626,0.596125,0.028624,0.629312,0.523149,0.031007,0.593472,0.535366,0.040249,0.587818,0.567241,0.044299,0.595694,0.596801,0.046355
538,1694850133.820065,1,7.0786,7.0786,3.5072,4.0027,6.2527,110.3297,39.4836,10925.0278,0.9234,134.1651,239.2239,117.6068,78.3477,57.2959,67.1036,0.000111,0.655444,0.728958,-0.000000,0.591841,0.741523,-0.008587,0.535617,0.683746,0.000486,0.502940,0.621208,0.018278,0.495415,0.591192,0.037446,0.546758,0.544844,-0.024124,0.489141,0.477477,-0.019220,0.455850,0.441322,-0.017662,0.432120,0.407913,-0.017219,0.582389,0.508723,-0.005973,0.534755,0.525612,0.016141,0.533367,0.584840,0.034939,0.544301,0.616234,0.043705,0.610088,0.510507,0.013337,0.565003,0.522949,0.028346,0.560877,0.569406,0.033946,0.570792,0.598774,0.034269,0.630217,0.523124,0.033446,0.594439,0.534485,0.043823,0.587198,0.569009,0.048046,0.595103,0.600224,0.049986
539,1694850133.828398,1,7.0510,7.0510,-0.3964,-3.9037,5.2461,3811.9009,27.3180,10514.5140,1.3157,137.0340,240.2169,115.1300,76.7288,57.6108,68.7266,0.000226,0.654379,0.726769,-0.000000,0.593033,0.742716,-0.010709,0.536409,0.685738,-0.003589,0.503052,0.621898,0.011922,0.495357,0.589193,0.028962,0.548066,0.545388,-0.024933,0.488086,0.474841,-0.019764,0.455030,0.438272,-0.016530,0.431810,0.403867,-0.014783,0.581777,0.508157,-0.007052,0.534351,0.526857,0.011255,0.533079,0.582352,0.027897,0.545294,0.611152,0.036276,0.608599,0.508289,0.011983,0.564339,0.526151,0.024041,0.559570,0.569201,0.028970,0.568791,0.595682,0.029956,0.628692,0.520328,0.031611,0.592850,0.532842,0.041277,0.583978,0.564580,0.045773,0.590376,0.594448,0.048523
540,1694850133.836732,1,4.9590,4.9590,1.2844,1.6808,4.7069,40.7089,28.0465,10525.6851,1.3678,134.6860,241.9757,117.5678,79.0510,59.7614,71.3785,0.000127,0.659028,0.733702,-0.000000,0.595706,0.747235,-0.012704,0.536244,0.684906,-0.007873,0.502292,0.614934,0.004420,0.497309,0.583580,0.017475,0.548970,0.546916,-0.026247,0.488639,0.475971,-0.020878,0.455814,0.438975,-0.016612,0.432836,0.403507,-0.015550,0.583905,0.509383,-0.011599,0.535084,0.530817,0.000769,0.535721,0.588581,0.014465,0.548528,0.618646,0.021274,0.611075,0.509229,0.004100,0.565131,0.531959,0.012281,0.563499,0.576964,0.017648,0.574423,0.605133,0.018662,0.631389,0.522609,0.019622,0.594671,0.536814,0.024891,0.590014,0.570625,0.028089,0.599135,0.600632,0.029901
541,1694850133.845065,1,-3.4263,-3.4263,0.3938,-0.8906,5.2619,3851.5813,71.7437,10387.0960,1.3436,133.7716,241.0077,117.2621,78.5232,57.9906,68.1698,0.000076,0.658386,0.732892,-0.000000,0.596382,0.748220,-0.012524,0.536719,0.686559,-0.006098,0.501799,0.616010,0.008325,0.497557,0.581683,0.023761,0.548567,0.548321,-0.023440,0.488932,0.476574,-0.014496,0.456304,0.441229,-0.007992,0.433208,0.407240,-0.005423,0.582962,0.509674,-0.006530,0.535264,0.530573,0.010599,0.535174,0.589418,0.025933,0.547724,0.620799,0.033408,0.610413,0.508434,0.011589,0.565360,0.529523,0.024023,0.562823,0.575499,0.028804,0.572937,0.603442,0.028797,0.630874,0.520521,0.029718,0.594577,0.533777,0.038737,0.588010,0.567847,0.041952,0.596162,0.598287,0.043191
542,1694850133.853398,1,-1.1150,-1.1150,-2.0484,-2.4422,4.3606,3962.2893,72.4517,10687.9808,0.7247,132.6443,238.3798,117.5795,78.6261,58.0517,67.9440,0.000070,0.657658,0.731658,-0.000000,0.595197,0.745963,-0.011930,0.536681,0.684987,-0.003519,0.502958,0.617922,0.013909,0.497135,0.585236,0.032694,0.548087,0.546947,-0.025368,0.489357,0.477426,-0.017797,0.456633,0.442312,-0.013047,0.433399,0.408438,-0.011266,0.583086,0.509524,-0.007146,0.534877,0.531202,0.012248,0.535642,0.591351,0.028887,0.548433,0.621573,0.036514,0.610428,0.509743,0.012213,0.565363,0.529008,0.025971,0.563563,0.575898,0.030326,0.574405,0.603354,0.029536,0.630782,0.522436,0.031822,0.595194,0.536982,0.041309,0.589585,0.571141,0.044060,0.598344,0.601476,0.044685
543,1694850133.861732,1,-2.4412,-2.4412,-2.3731,-0.3247,4.1999,3874.0020,70.0316,11176.6657,1.5103,133.2593,239.1056,117.9295,79.1418,58.7780,68.4871,0.000069,0.657720,0.734416,-0.000000,0.595095,0.746633,-0.011156,0.535969,0.684968,-0.003020,0.501571,0.616668,0.013572,0.498339,0.580630,0.031324,0.548020,0.548396,-0.023272,0.489892,0.477065,-0.015095,0.457969,0.441566,-0.010264,0.434514,0.408026,-0.008664,0.582552,0.510094,-0.005700,0.534875,0.529318,0.013776,0.536204,0.588017,0.029919,0.549193,0.619300,0.037157,0.609948,0.508578,0.013018,0.564599,0.528607,0.027590,0.563332,0.575749,0.032040,0.574337,0.604291,0.031135,0.630387,0.520085,0.031898,0.594385,0.533195,0.042273,0.588433,0.568235,0.045167,0.597146,0.600394,0.045690
544,1694850133.870065,1,-4.8339,-4.8339,-2.4482,-0.0752,3.3911,103.8177,72.4879,10258.5934,1.4711,134.7554,240.6733,118.3724,79.5852,59.1358,68.3945,0.000084,0.657823,0.735347,-0.000000,0.595266,0.747596,-0.008982,0.537505,0.686865,-0.000476,0.504124,0.620056,0.015548,0.496942,0.586764,0.032624,0.546442,0.545910,-0.018921,0.488555,0.475152,-0.009197,0.457119,0.439779,-0.003191,0.434378,0.406259,-0.000813,0.581874,0.508740,-0.002850,0.534763,0.525027,0.017168,0.534748,0.581607,0.032894,0.545835,0.611792,0.040014,0.610321,0.508412,0.014508,0.565351,0.525571,0.029312,0.563074,0.570724,0.033645,0.572585,0.597646,0.032849,0.630988,0.520927,0.032204,0.594574,0.530812,0.042754,0.588214,0.564634,0.046044,0.596189,0.595557,0.047053
545,1694850133.878398,1,0.6241,0.6241,1.0126,3.4608,1.8786,66.1696,78.0740,10690.4107,1.3239,136.3634,238.5945,115.3159,76.4888,56.0751,67.1186,0.000152,0.659202,0.732342,-0.000000,0.594972,0.744461,-0.010376,0.535366,0.682882,-0.000515,0.502210,0.612870,0.018891,0.501393,0.576388,0.039988,0.548965,0.546528,-0.023057,0.489125,0.474690,-0.013597,0.456461,0.439704,-0.009160,0.432081,0.406491,-0.007780,0.584189,0.510473,-0.002690,0.534838,0.526889,0.022591,0.534309,0.585643,0.040942,0.545505,0.619162,0.048400,0.611352,0.511071,0.019044,0.564903,0.526722,0.038425,0.562044,0.572853,0.042619,0.571861,0.603379,0.040498,0.630876,0.522755,0.041266,0.594641,0.534498,0.055233,0.587506,0.568026,0.058388,0.595290,0.600248,0.058352
546,1694850133.886732,1,-4.8146,-4.8146,-0.9249,-1.9375,2.1206,123.6481,53.7347,11088.8750,1.1983,135.9221,241.2698,117.3889,78.8135,59.1773,69.3819,0.000161,0.659253,0.730081,-0.000000,0.595170,0.746405,-0.010922,0.535388,0.685195,-0.002524,0.502465,0.617013,0.014422,0.499630,0.582535,0.032519,0.547871,0.545710,-0.024220,0.488451,0.475258,-0.016407,0.456410,0.439569,-0.012184,0.433453,0.404664,-0.011205,0.583857,0.508354,-0.006735,0.533064,0.527793,0.012963,0.532573,0.585921,0.029506,0.544378,0.615668,0.036758,0.610902,0.507741,0.011938,0.562871,0.527912,0.026654,0.559571,0.573844,0.032244,0.569852,0.600907,0.031983,0.630167,0.519866,0.030731,0.591590,0.532870,0.040199,0.584573,0.567828,0.043431,0.592937,0.598838,0.044407
547,1694850133.895065,1,-1.5349,-1.5349,0.2266,1.1515,2.0712,3910.0603,78.6561,10681.8708,0.8707,134.0656,240.8786,117.6330,78.9671,59.1124,69.5932,0.000130,0.660150,0.735226,-0.000000,0.596800,0.748358,-0.012071,0.536435,0.685773,-0.003155,0.502248,0.615422,0.014943,0.498824,0.579534,0.034594,0.548567,0.547049,-0.022568,0.489437,0.475091,-0.012822,0.457201,0.439562,-0.007375,0.433165,0.405429,-0.005516,0.583194,0.510144,-0.003280,0.534029,0.527488,0.018441,0.534462,0.586885,0.035009,0.546505,0.619338,0.042199,0.610152,0.509623,0.017187,0.563904,0.525624,0.034003,0.561549,0.572401,0.038110,0.571291,0.601436,0.036545,0.629954,0.521702,0.037775,0.593524,0.532741,0.049782,0.586326,0.566241,0.052457,0.593811,0.597862,0.052526
548,1694850133.903398,1,3.1087,3.1087,1.9857,1.7591,3.0937,67.8202,85.7588,10938.4143,0.6372,134.5741,240.5329,116.6057,77.7519,57.9647,68.7329,0.000165,0.657880,0.729716,-0.000000,0.595839,0.744237,-0.010826,0.537059,0.685342,-0.002703,0.502679,0.619650,0.013994,0.496452,0.587828,0.031929,0.547834,0.546070,-0.024350,0.488962,0.475710,-0.017575,0.456101,0.439421,-0.013487,0.432784,0.405140,-0.011843,0.582341,0.508192,-0.006640,0.534857,0.529342,0.012226,0.535271,0.589797,0.028788,0.548001,0.621023,0.036708,0.609782,0.507707,0.012245,0.564852,0.527497,0.025319,0.562542,0.575273,0.029515,0.573314,0.603349,0.029100,0.630402,0.519492,0.031617,0.594250,0.534897,0.041394,0.588064,0.570327,0.044801,0.596810,0.600946,0.046099
549,1694850133.911732,1,-4.6875,-4.6875,-1.3279,-3.3136,3.0624,146.1257,63.2467,9440.3731,0.6485,136.1219,240.4526,114.1934,76.3035,58.2870,70.8202,0.000317,0.657243,0.735722,-0.000000,0.592390,0.746886,-0.009828,0.533913,0.683742,-0.001461,0.501717,0.614961,0.014905,0.498906,0.581307,0.032171,0.546619,0.543327,-0.022272,0.486082,0.471827,-0.012065,0.454147,0.436441,-0.005219,0.431920,0.401624,-0.002496,0.583056,0.506843,-0.005578,0.533220,0.530164,0.014249,0.533030,0.589075,0.030194,0.544945,0.620718,0.037360,0.610799,0.507642,0.012615,0.563494,0.534046,0.027342,0.561172,0.580458,0.031472,0.571176,0.609297,0.030419,0.630371,0.520928,0.031095,0.592845,0.536816,0.040755,0.587069,0.571299,0.043222,0.595150,0.603724,0.043750
550,1694850133.920065,1,-1.7552,-1.7552,0.7649,2.0928,2.8810,3878.5503,43.1912,10454.3016,1.3626,135.1867,240.5703,117.1280,78.2585,58.3638,69.4211,0.000109,0.658986,0.732643,-0.000000,0.595103,0.746266,-0.012021,0.534421,0.682808,-0.003932,0.501527,0.611296,0.012853,0.499287,0.576434,0.030853,0.549199,0.546578,-0.024363,0.488599,0.473904,-0.015343,0.456309,0.439497,-0.009411,0.432551,0.405912,-0.007309,0.584495,0.509463,-0.006289,0.533429,0.528126,0.013072,0.532975,0.587540,0.029926,0.544824,0.619059,0.037711,0.611227,0.509299,0.012884,0.563135,0.530068,0.027086,0.560000,0.576126,0.031946,0.569610,0.603582,0.031394,0.630533,0.521759,0.032205,0.591578,0.533884,0.041926,0.584272,0.568632,0.044868,0.592099,0.600426,0.045480
551,1694850133.928398,1,-0.8162,-0.8162,0.1797,-0.5852,2.5010,3819.3632,33.0995,10334.8368,1.1320,135.1960,241.8531,115.4656,76.5856,58.0837,70.9628,0.000247,0.657893,0.737400,-0.000000,0.595496,0.745879,-0.007776,0.538316,0.685573,0.000751,0.504369,0.621264,0.017284,0.495642,0.587800,0.034899,0.547923,0.547753,-0.022717,0.488083,0.474075,-0.015182,0.455689,0.436777,-0.011057,0.432295,0.402406,-0.009332,0.582912,0.509970,-0.004964,0.534721,0.523399,0.018077,0.533642,0.579202,0.036876,0.543830,0.610449,0.045281,0.611132,0.509923,0.014213,0.565316,0.525176,0.031649,0.561952,0.569287,0.037419,0.570731,0.596890,0.036974,0.631362,0.522125,0.034082,0.595354,0.530008,0.046842,0.587366,0.563251,0.051290,0.594195,0.595342,0.052664
552,1694850133.936732,1,-3.4931,-3.4931,-1.6504,-1.8301,2.6796,3855.6230,48.0293,11035.4981,1.6843,134.6543,241.8186,116.4419,77.6145,58.4633,70.4993,0.000100,0.658599,0.731937,-0.000000,0.595695,0.746776,-0.011344,0.537362,0.686165,-0.004809,0.503910,0.620187,0.009312,0.495000,0.588015,0.024313,0.547538,0.547109,-0.024935,0.488115,0.475637,-0.018411,0.455905,0.438853,-0.013521,0.432722,0.404186,-0.011765,0.582097,0.507883,-0.009575,0.533131,0.529542,0.005149,0.532214,0.586280,0.019655,0.543193,0.616143,0.026716,0.608970,0.506558,0.006981,0.562508,0.530073,0.017150,0.559479,0.573816,0.022293,0.568752,0.600993,0.022936,0.628264,0.518968,0.023570,0.590706,0.534268,0.030301,0.584068,0.567449,0.033498,0.591467,0.597625,0.035210
553,1694850133.945065,1,-9.3878,-9.3878,-1.1751,0.4754,2.9976,3805.1256,59.7874,11127.0879,1.7272,133.1813,242.8295,117.2877,79.1524,59.5658,69.4886,0.000085,0.658851,0.731882,-0.000000,0.596275,0.746198,-0.011068,0.537196,0.686664,-0.003890,0.502674,0.617935,0.011681,0.497603,0.581001,0.028377,0.548083,0.547963,-0.024851,0.489774,0.476796,-0.018697,0.457450,0.439929,-0.015867,0.433832,0.405312,-0.015527,0.582681,0.509226,-0.007622,0.535317,0.529687,0.011089,0.536300,0.588206,0.026752,0.548843,0.618392,0.033579,0.609959,0.508302,0.010822,0.564878,0.527948,0.024805,0.562872,0.574350,0.029892,0.573360,0.602168,0.029499,0.630266,0.520998,0.029467,0.593858,0.534900,0.039573,0.587661,0.569489,0.043483,0.596136,0.600470,0.044914
554,1694850133.953398,1,-1.8233,-1.8233,-0.0170,1.1580,3.0892,3799.9674,57.0358,9911.6701,1.3424,134.0031,242.0420,115.1973,76.3544,56.7104,68.3400,0.000337,0.658666,0.732118,-0.000000,0.595102,0.747089,-0.012165,0.534437,0.683076,-0.006377,0.500769,0.611250,0.006948,0.498449,0.577340,0.020951,0.548607,0.544385,-0.023734,0.487498,0.472957,-0.015686,0.454870,0.436856,-0.009736,0.432367,0.401593,-0.007739,0.583963,0.507353,-0.008063,0.535408,0.529343,0.007026,0.536156,0.587664,0.021677,0.549343,0.617580,0.028856,0.611566,0.507915,0.008774,0.565781,0.531092,0.019458,0.563862,0.576586,0.024481,0.574809,0.604125,0.024822,0.631994,0.521547,0.025570,0.594743,0.536823,0.033008,0.589604,0.571791,0.036329,0.599051,0.602054,0.037828
555,1694850133.961732,1,-0.4384,-0.4384,0.0945,0.1115,3.2735,3778.4972,15.3681,11101.3660,1.2076,135.1296,239.1718,115.9722,77.3376,57.6796,69.3475,0.000175,0.658397,0.734782,-0.000000,0.594128,0.747420,-0.009233,0.535413,0.685713,-0.000678,0.502394,0.616907,0.016134,0.497007,0.582464,0.034113,0.547785,0.545782,-0.022866,0.488134,0.473719,-0.014675,0.455834,0.437978,-0.010054,0.432259,0.403628,-0.008394,0.583124,0.508438,-0.005279,0.533784,0.527405,0.015919,0.533342,0.586313,0.033024,0.544871,0.617838,0.040548,0.610451,0.508276,0.013711,0.563669,0.528579,0.029280,0.560745,0.575780,0.034104,0.570810,0.604204,0.033336,0.630178,0.520354,0.033210,0.592914,0.532363,0.044537,0.585775,0.567723,0.048293,0.593581,0.600721,0.049386
556,1694850133.970065,1,-6.6611,-6.6611,-0.7920,-0.8865,3.2600,37.3286,58.2310,11533.7389,1.4301,135.1289,241.9024,117.4702,78.9932,59.9150,71.3139,0.000098,0.657091,0.730112,-0.000000,0.593983,0.743293,-0.009598,0.535948,0.683428,-0.001337,0.502333,0.618235,0.015261,0.497655,0.584088,0.032909,0.547578,0.546341,-0.023482,0.489288,0.475730,-0.015934,0.456928,0.438698,-0.012403,0.433703,0.403966,-0.011611,0.582728,0.509154,-0.005882,0.535640,0.528265,0.015651,0.535143,0.585854,0.032511,0.546242,0.615255,0.039542,0.610523,0.509457,0.013101,0.566324,0.524871,0.029423,0.563084,0.569932,0.034571,0.572851,0.597993,0.033685,0.630914,0.522403,0.032476,0.595889,0.533594,0.044098,0.589078,0.566579,0.047942,0.597238,0.597010,0.049011
557,1694850133.978398,1,2.5681,2.5681,2.9890,3.7810,4.3139,65.2361,69.5424,10559.4116,1.5189,134.0833,241.7087,118.0935,79.1861,58.1779,67.2537,0.000042,0.657254,0.730624,-0.000000,0.593533,0.744613,-0.008898,0.535465,0.683007,0.000826,0.502299,0.618626,0.018613,0.496706,0.586621,0.037463,0.545660,0.545061,-0.020030,0.488010,0.475946,-0.010644,0.456113,0.440598,-0.005683,0.433272,0.406813,-0.004167,0.581638,0.508687,-0.003188,0.534545,0.526151,0.018080,0.534728,0.583791,0.034411,0.546263,0.613948,0.041387,0.610078,0.508683,0.014979,0.565155,0.523972,0.031516,0.562522,0.569943,0.036809,0.572417,0.597062,0.035962,0.630878,0.521620,0.033404,0.594936,0.532758,0.044790,0.588300,0.567237,0.048360,0.596636,0.597621,0.049219
558,1694850133.986732,1,-1.2764,-1.2764,0.1367,-2.8523,2.9821,214.1146,78.4375,10444.1236,0.9974,134.1535,239.2261,117.8253,79.0425,58.2816,67.5673,0.000048,0.656770,0.727542,-0.000000,0.592850,0.744857,-0.010876,0.534675,0.684880,-0.004366,0.502249,0.616040,0.009797,0.497970,0.582811,0.024849,0.547912,0.543472,-0.022794,0.488971,0.475797,-0.015668,0.455472,0.440825,-0.011481,0.432492,0.407732,-0.010295,0.584245,0.506752,-0.007108,0.537984,0.527191,0.010372,0.536222,0.584901,0.025532,0.547905,0.614686,0.032478,0.612335,0.508159,0.009744,0.568227,0.526442,0.021767,0.563425,0.571640,0.026727,0.572940,0.599606,0.026850,0.633188,0.522662,0.026828,0.596484,0.534737,0.035891,0.589230,0.568506,0.040304,0.597409,0.599003,0.042395
559,1694850133.995065,1,7.2390,7.2390,1.9194,1.7826,4.5778,3856.6412,85.8272,10304.8055,1.4342,132.8765,240.1912,118.4816,79.4027,57.9809,67.3784,0.000057,0.659968,0.732058,-0.000000,0.596854,0.746659,-0.012418,0.536575,0.684251,-0.003767,0.501795,0.615823,0.013663,0.498128,0.581168,0.032527,0.548311,0.542074,-0.021438,0.489320,0.475090,-0.010760,0.456920,0.442100,-0.004195,0.433710,0.408805,-0.001661,0.584119,0.505743,-0.002997,0.535655,0.525416,0.017995,0.536754,0.582357,0.034328,0.549847,0.611391,0.041718,0.611878,0.506542,0.016540,0.566510,0.523712,0.031677,0.564330,0.568636,0.035825,0.574587,0.595158,0.034850,0.632280,0.519609,0.036156,0.595769,0.529340,0.046665,0.589289,0.563376,0.049517,0.597517,0.594548,0.050165
560,1694850134.003398,1,0.9838,0.9838,1.9112,-0.0081,4.5681,3898.6698,67.6590,10709.2546,1.3358,133.5069,241.4741,118.0082,78.9843,59.4213,70.8537,0.000130,0.658325,0.731243,-0.000000,0.595205,0.745982,-0.011441,0.536294,0.684136,-0.003943,0.503384,0.616369,0.011430,0.497145,0.583343,0.027741,0.547575,0.544564,-0.022827,0.489197,0.475205,-0.015232,0.456750,0.439320,-0.010611,0.433675,0.405404,-0.009280,0.583376,0.507797,-0.006755,0.536205,0.528220,0.010030,0.535223,0.585624,0.024670,0.546679,0.616083,0.031420,0.611089,0.508048,0.010397,0.566046,0.527928,0.022491,0.562390,0.572686,0.027287,0.571715,0.599518,0.027193,0.631472,0.521355,0.027584,0.594430,0.534142,0.035868,0.587659,0.568324,0.039326,0.595679,0.598998,0.040821
561,1694850134.011732,1,2.6720,2.6720,0.0260,-1.8853,2.7940,41.6420,74.9907,10986.8281,1.0021,134.2269,241.4166,117.1805,78.7980,59.4473,70.3748,0.000112,0.657913,0.730946,-0.000000,0.594473,0.744520,-0.009509,0.536013,0.683217,-0.000669,0.502949,0.617128,0.016361,0.497869,0.584542,0.034450,0.546984,0.542780,-0.021699,0.488713,0.473987,-0.012779,0.456445,0.439183,-0.007825,0.433417,0.406021,-0.006217,0.583230,0.506541,-0.004724,0.535373,0.525044,0.016243,0.535495,0.581199,0.032896,0.547038,0.610713,0.040105,0.611557,0.507894,0.013537,0.566344,0.525977,0.029150,0.564087,0.570515,0.033903,0.574055,0.597081,0.032866,0.632184,0.521592,0.032124,0.596131,0.534178,0.042803,0.590441,0.567862,0.046052,0.598870,0.598098,0.046724
562,1694850134.020065,1,7.5754,7.5754,2.2129,2.1870,3.4757,168.3077,69.4368,9928.9361,1.2729,136.6605,241.6053,116.0271,77.7849,59.0858,70.8006,0.000220,0.659600,0.736483,-0.000000,0.594693,0.749261,-0.011229,0.533766,0.684371,-0.003311,0.500084,0.611814,0.012633,0.498813,0.578261,0.029596,0.548537,0.545575,-0.020786,0.487915,0.472256,-0.009068,0.456525,0.438000,-0.001212,0.433558,0.403748,0.001658,0.583898,0.508762,-0.003702,0.532636,0.528024,0.015724,0.533291,0.587711,0.030885,0.546140,0.619745,0.037524,0.611251,0.508125,0.014804,0.562857,0.528828,0.029685,0.560836,0.576782,0.033758,0.571586,0.606128,0.032488,0.631135,0.520578,0.033385,0.592694,0.531207,0.043624,0.586028,0.565720,0.045946,0.594321,0.598028,0.046047
563,1694850134.028398,1,3.4508,3.4508,-0.9470,-3.1600,2.5961,46.8851,56.7005,9693.2759,1.1348,136.6566,239.1551,116.6896,77.9173,57.8033,67.9320,0.000172,0.658880,0.730780,-0.000000,0.594388,0.743814,-0.008799,0.535657,0.682969,0.001300,0.502733,0.613927,0.020423,0.499481,0.578144,0.041056,0.546540,0.544820,-0.020995,0.489151,0.473636,-0.010729,0.456990,0.439447,-0.005785,0.432749,0.407057,-0.004062,0.581936,0.508286,-0.001901,0.534680,0.526635,0.023761,0.535804,0.583443,0.041921,0.547912,0.613812,0.049216,0.609875,0.508466,0.018653,0.564545,0.524476,0.038313,0.562709,0.570649,0.042399,0.572884,0.598741,0.040118,0.630262,0.519892,0.039799,0.594591,0.529825,0.054415,0.587854,0.563790,0.057975,0.595861,0.595137,0.058129
564,1694850134.036732,1,-5.4327,-5.4327,-1.6041,-0.6571,4.2381,87.6349,34.9459,10196.5347,1.2984,135.3565,241.4193,115.6164,77.2220,58.1576,70.1703,0.000151,0.656572,0.730014,-0.000000,0.594885,0.744932,-0.011341,0.536368,0.685863,-0.004654,0.502338,0.618255,0.010120,0.499499,0.582415,0.026171,0.547691,0.543197,-0.022119,0.487971,0.474183,-0.013685,0.455410,0.438514,-0.008334,0.433147,0.404477,-0.005840,0.582747,0.506041,-0.004305,0.537261,0.521685,0.016396,0.535590,0.573797,0.033431,0.546758,0.601701,0.041700,0.611463,0.507184,0.014623,0.568860,0.521779,0.028830,0.564488,0.562555,0.033444,0.572697,0.588368,0.033471,0.632948,0.520235,0.033958,0.598482,0.530602,0.044808,0.591596,0.560892,0.049015,0.598559,0.590215,0.050973
565,1694850134.045065,1,-4.4277,-4.4277,-1.7749,-0.1708,4.9519,81.5258,64.3232,9485.5540,1.1159,134.0525,241.8649,115.2801,77.2847,59.3607,72.2621,0.000257,0.659979,0.734398,-0.000000,0.597043,0.748548,-0.010884,0.536787,0.685833,-0.004731,0.502842,0.613154,0.009062,0.500823,0.574713,0.023923,0.550899,0.547469,-0.024146,0.488595,0.475005,-0.017252,0.456080,0.437417,-0.012432,0.433184,0.401834,-0.010844,0.585803,0.507863,-0.008430,0.536616,0.522829,0.008087,0.536336,0.578261,0.023822,0.548237,0.608552,0.031407,0.613150,0.506774,0.008463,0.567539,0.523947,0.019813,0.564256,0.565838,0.025140,0.573690,0.593418,0.025640,0.633193,0.519931,0.025535,0.596501,0.529315,0.033564,0.590141,0.561089,0.037333,0.597822,0.592641,0.039075
566,1694850134.053398,1,-4.5883,-4.5883,-3.0409,-1.2660,5.2369,3779.0193,40.9410,10189.9367,1.2589,134.0386,238.5812,116.8008,78.1305,58.4927,69.3766,0.000120,0.659021,0.731022,-0.000000,0.595052,0.744997,-0.010151,0.536584,0.682830,-0.001144,0.503810,0.615367,0.016226,0.497815,0.582811,0.034695,0.548687,0.543943,-0.022313,0.489424,0.475883,-0.013167,0.456602,0.441410,-0.007654,0.433144,0.408386,-0.005611,0.584179,0.506774,-0.005167,0.536212,0.531270,0.014711,0.536085,0.591668,0.030917,0.548196,0.623138,0.038225,0.611638,0.507169,0.013331,0.566309,0.529174,0.027995,0.563240,0.575690,0.032679,0.573155,0.603965,0.031967,0.631566,0.520274,0.032122,0.594768,0.535565,0.042400,0.588147,0.570400,0.045825,0.596434,0.602039,0.046887
567,1694850134.061732,1,3.5431,3.5431,0.0231,3.0640,4.0870,3831.6171,64.8172,10790.8404,1.1203,134.0772,241.7401,116.5394,78.0327,59.1116,70.9610,0.000144,0.660070,0.732653,-0.000000,0.595936,0.748358,-0.014865,0.535484,0.683726,-0.009345,0.501258,0.611897,0.004378,0.500036,0.580033,0.018951,0.549540,0.543320,-0.025491,0.489499,0.474976,-0.018127,0.456364,0.440151,-0.012978,0.433475,0.405443,-0.011694,0.585657,0.506590,-0.009231,0.536692,0.530554,0.004016,0.537594,0.590025,0.017307,0.551562,0.620328,0.023842,0.613083,0.507709,0.007937,0.566902,0.530056,0.016729,0.565168,0.577044,0.021075,0.576611,0.605393,0.021413,0.633439,0.521945,0.024789,0.595940,0.536700,0.030577,0.591298,0.571169,0.033058,0.601095,0.600829,0.034228
568,1779366730.630009,0,0.3998,0.3998,1.4581,1.4351,3.4874,0.0000,47.9429,9145.5353,1.1483,136.0687,242.5430,114.8041,77.0178,59.3359,72.8998,0.000274,0.660117,0.736425,-0.000000,0.597815,0.749660,-0.012569,0.536012,0.686666,-0.006644,0.500703,0.613636,0.007258,0.503165,0.572227,0.022296,0.550720,0.548783,-0.023940,0.488106,0.474346,-0.015175,0.455982,0.437376,-0.008815,0.433468,0.401364,-0.006506,0.584524,0.510013,-0.006919,0.535714,0.527337,0.010186,0.536769,0.584498,0.025331,0.549303,0.614037,0.032541,0.611430,0.508228,0.011362,0.566053,0.527894,0.023928,0.564268,0.572722,0.028410,0.574364,0.600002,0.028152,0.631046,0.520479,0.029691,0.594642,0.531865,0.038833,0.588979,0.564155,0.041808,0.597308,0.594836,0.042805
569,1779366730.760531,0,13.6063,13.6063,4.5085,3.0504,6.6924,0.0000,57.7851,8028.3120,1.2799,139.3642,239.0780,112.4740,74.1022,55.5548,68.9229,0.000288,0.659523,0.738435,-0.000000,0.596781,0.748188,-0.010815,0.536083,0.685568,-0.003699,0.501496,0.613505,0.011603,0.498984,0.579864,0.027869,0.549615,0.546543,-0.021898,0.486833,0.473378,-0.009475,0.454658,0.439223,-0.001364,0.430960,0.405232,0.001976,0.583386,0.509890,-0.003113,0.533496,0.527207,0.019592,0.534674,0.588600,0.036476,0.547138,0.621856,0.043772,0.610451,0.509735,0.017451,0.563879,0.528463,0.035206,0.563224,0.577789,0.039044,0.574779,0.608703,0.037087,0.629919,0.520978,0.038429,0.594054,0.531497,0.051648,0.588289,0.566253,0.054463,0.597183,0.599057,0.054424
