frame_id,timestamp,contact_label,dist_raw,dist_local,v_n,a_n,sigma_d,v_t,approach_theta,shadow_score,flow_mag,brightness_contact,dist2d_palm_0,dist2d_palm_5,dist2d_palm_9,dist2d_palm_13,dist2d_palm_17,hull_overlap_ratio,lm_0_x,lm_0_y,lm_0_z,lm_1_x,lm_1_y,lm_1_z,lm_2_x,lm_2_y,lm_2_z,lm_3_x,lm_3_y,lm_3_z,lm_4_x,lm_4_y,lm_4_z,lm_5_x,lm_5_y,lm_5_z,lm_6_x,lm_6_y,lm_6_z,lm_7_x,lm_7_y,lm_7_z,lm_8_x,lm_8_y,lm_8_z,lm_9_x,lm_9_y,lm_9_z,lm_10_x,lm_10_y,lm_10_z,lm_11_x,lm_11_y,lm_11_z,lm_12_x,lm_12_y,lm_12_z,lm_13_x,lm_13_y,lm_13_z,lm_14_x,lm_14_y,lm_14_z,lm_15_x,lm_15_y,lm_15_z,lm_16_x,lm_16_y,lm_16_z,lm_17_x,lm_17_y,lm_17_z,lm_18_x,lm_18_y,lm_18_z,lm_19_x,lm_19_y,lm_19_z,lm_20_x,lm_20_y,lm_20_z
0,1695021704.500477,0,-42.8577,-42.8577,0.0000,0.0000,0.0000,0.0000,,4867.9150,0.0000,154.9128,99.1720,93.0876,103.4184,111.2639,122.6672,0.026798,0.570335,0.798275,-0.000000,0.506695,0.839386,-0.022176,0.445331,0.802214,-0.027388,0.417526,0.725321,-0.025092,0.431080,0.671411,-0.022379,0.474111,0.663319,-0.038459,0.410127,0.588656,-0.043998,0.373762,0.546392,-0.047399,0.346723,0.510448,-0.051213,0.503634,0.611195,-0.023989,0.452623,0.635015,-0.024503,0.455502,0.687188,-0.014774,0.473559,0.713667,-0.008767,0.524966,0.598627,-0.009860,0.477788,0.630528,-0.014513,0.479659,0.674752,-0.008895,0.496245,0.699095,-0.004594,0.542454,0.600011,0.003360,0.503510,0.625246,-0.000350,0.503396,0.659915,0.003377,0.517331,0.684405,0.007271
1,1695021704.508810,0,39.7178,39.7178,82.5754,82.5754,41.2877,5448.6570,68.0477,4695.6826,1.3669,157.5147,101.5216,92.3850,102.2748,109.6213,120.0810,0.026092,0.569635,0.798445,-0.000000,0.505444,0.839986,-0.022323,0.444027,0.800951,-0.026847,0.417329,0.722332,-0.023978,0.431711,0.668224,-0.020610,0.473286,0.664007,-0.036896,0.410482,0.588426,-0.041910,0.374943,0.546742,-0.044678,0.348501,0.511104,-0.048109,0.502973,0.612126,-0.022872,0.451586,0.635547,-0.024131,0.455551,0.685865,-0.014745,0.474545,0.709972,-0.008628,0.524016,0.599071,-0.009405,0.476359,0.631838,-0.014771,0.479148,0.675451,-0.009512,0.496274,0.697815,-0.005179,0.541168,0.600165,0.003025,0.501778,0.627143,-0.001600,0.501932,0.661619,0.001349,0.515988,0.684667,0.004857
2,1695021704.517143,0,36.1295,36.1295,39.4936,-43.0819,38.1088,2571.6084,81.4223,4493.3268,1.1433,160.3812,99.8735,93.0634,101.7657,108.9443,118.4299,0.023752,0.570885,0.801237,-0.000000,0.508337,0.841750,-0.024408,0.446045,0.801031,-0.026973,0.417335,0.722000,-0.020465,0.432417,0.668703,-0.012936,0.475112,0.665861,-0.039246,0.412407,0.587541,-0.041220,0.377099,0.546653,-0.042008,0.349973,0.510858,-0.044315,0.503735,0.614014,-0.021678,0.450350,0.633624,-0.017451,0.453150,0.685296,-0.006002,0.471280,0.711031,0.000417,0.523332,0.600182,-0.004562,0.474460,0.628792,-0.005210,0.476633,0.672799,-0.001053,0.493319,0.696375,0.001445,0.539515,0.599444,0.011440,0.499312,0.621535,0.009800,0.498399,0.654855,0.011391,0.511927,0.679475,0.013156
3,1695021704.525477,0,35.7067,35.7067,26.1881,-13.3054,34.6944,1838.1582,5.0275,4734.3117,1.2420,156.8873,97.9294,94.7406,104.7407,111.8961,122.1062,0.025329,0.570427,0.803732,-0.000000,0.506906,0.839822,-0.020185,0.446895,0.801043,-0.021872,0.418479,0.727477,-0.015319,0.430892,0.673734,-0.008103,0.472122,0.664081,-0.037187,0.409537,0.586507,-0.039588,0.374241,0.545101,-0.040924,0.347223,0.510562,-0.043463,0.501872,0.612371,-0.021070,0.450493,0.636242,-0.015943,0.453278,0.687919,-0.004108,0.470376,0.715580,0.002048,0.523114,0.599572,-0.005016,0.474670,0.633024,-0.004264,0.477311,0.677329,0.000905,0.493079,0.702608,0.003432,0.539945,0.601642,0.010274,0.501040,0.628516,0.009496,0.500359,0.662258,0.011714,0.512671,0.688170,0.013715
4,1695021704.533810,0,35.7975,35.7975,19.6638,-6.5243,31.9132,1402.7695,21.8336,4829.7108,0.6969,155.1265,98.4125,94.4135,104.8444,112.4448,123.2942,0.026366,0.571316,0.805160,-0.000000,0.507533,0.842406,-0.020172,0.445114,0.801541,-0.022401,0.416134,0.723619,-0.017104,0.431482,0.668887,-0.011210,0.472719,0.663200,-0.035397,0.409058,0.587708,-0.038624,0.373550,0.546213,-0.040283,0.346929,0.510927,-0.043174,0.502240,0.611962,-0.020915,0.450907,0.639392,-0.019424,0.455006,0.690661,-0.009500,0.473119,0.716070,-0.003779,0.523251,0.598500,-0.006590,0.475116,0.634528,-0.008687,0.478442,0.679458,-0.003462,0.494992,0.704024,-0.000075,0.540095,0.600414,0.006791,0.501501,0.630125,0.004267,0.502090,0.665052,0.006678,0.515804,0.690505,0.009417
5,1695021704.542143,0,-39.2333,-39.2333,-19.7378,-39.4016,30.4651,1380.2657,57.4563,4842.9252,0.2899,156.6420,99.5894,93.3100,103.4494,111.5398,122.9584,0.026690,0.569656,0.800515,-0.000000,0.507115,0.841665,-0.023570,0.445311,0.801848,-0.025772,0.417110,0.722669,-0.018738,0.431584,0.667627,-0.010614,0.474649,0.664097,-0.039769,0.410236,0.587157,-0.042221,0.374694,0.546365,-0.043633,0.347634,0.509892,-0.046110,0.502980,0.613010,-0.021986,0.449647,0.631398,-0.017259,0.452132,0.681888,-0.005998,0.469674,0.705815,0.000094,0.522056,0.599288,-0.004444,0.473190,0.626258,-0.004484,0.474646,0.669535,-0.000712,0.491057,0.692272,0.001407,0.537215,0.598302,0.012151,0.496865,0.617778,0.011019,0.495398,0.650646,0.012703,0.509164,0.675587,0.014542
6,1695021704.550477,0,-39.8281,-39.8281,-18.9894,0.7484,36.9433,1249.2011,51.2257,4882.8805,0.7203,157.7593,98.2768,94.5663,104.5344,112.4553,122.3908,0.024593,0.570170,0.803296,-0.000000,0.506654,0.842966,-0.022856,0.444283,0.801199,-0.024708,0.416624,0.721074,-0.017044,0.433229,0.666314,-0.008495,0.473023,0.665441,-0.041329,0.409322,0.588151,-0.043319,0.373958,0.547243,-0.044651,0.347097,0.511017,-0.047353,0.502586,0.613469,-0.023181,0.450749,0.633718,-0.016296,0.453197,0.685136,-0.003289,0.470047,0.710801,0.003266,0.523240,0.600994,-0.005171,0.474915,0.630497,-0.003085,0.476498,0.675150,0.001364,0.492206,0.699202,0.003023,0.540087,0.601761,0.011961,0.501049,0.624821,0.012039,0.499681,0.658252,0.013657,0.512520,0.683782,0.014820
7,1695021704.558810,0,-26.9213,-26.9213,-15.6570,3.3324,35.1254,1464.6980,65.1419,4827.7365,1.8814,150.6034,96.0929,97.9521,107.9554,115.9855,126.3264,0.025385,0.573575,0.809833,-0.000000,0.510389,0.844967,-0.019544,0.445637,0.805138,-0.019916,0.415946,0.725994,-0.012292,0.431389,0.669551,-0.003925,0.471915,0.667413,-0.033289,0.407830,0.590676,-0.032230,0.372659,0.550337,-0.031015,0.345889,0.515451,-0.032292,0.500900,0.616485,-0.017691,0.448734,0.638583,-0.011234,0.452482,0.688565,-0.000073,0.469816,0.714191,0.005685,0.521801,0.602754,-0.001926,0.473273,0.635892,0.000445,0.475858,0.679981,0.004702,0.491362,0.706115,0.006352,0.539228,0.602726,0.013032,0.499223,0.630294,0.013688,0.498860,0.663418,0.015760,0.511971,0.689456,0.017491
8,1695021704.567143,0,-40.6583,-40.6583,-19.1140,-3.4569,29.4197,1403.5154,72.8972,4893.6134,1.6191,160.3395,97.9730,95.7686,106.8445,115.0462,125.3400,0.026293,0.570480,0.804199,-0.000000,0.507544,0.842669,-0.022066,0.444940,0.801376,-0.023429,0.415860,0.723209,-0.015555,0.431098,0.669256,-0.006736,0.473536,0.667897,-0.040885,0.409196,0.589103,-0.043658,0.372970,0.547936,-0.045244,0.345184,0.512487,-0.048016,0.502723,0.615098,-0.023559,0.449725,0.635226,-0.018149,0.452264,0.687540,-0.005653,0.468923,0.713687,0.000890,0.522940,0.600888,-0.006324,0.473582,0.631504,-0.004957,0.475486,0.675222,0.000019,0.491397,0.698853,0.002234,0.539267,0.600843,0.009999,0.499070,0.624977,0.009522,0.497620,0.657650,0.011491,0.510710,0.682968,0.013147
9,1695021704.575477,0,33.0694,33.0694,18.0757,37.1896,28.3453,1442.7091,72.8363,4662.9686,1.2192,156.7747,95.0213,95.4061,106.2774,114.7392,125.4686,0.025303,0.571786,0.807300,-0.000000,0.506753,0.844540,-0.019213,0.443227,0.802728,-0.020069,0.415094,0.724422,-0.013198,0.432655,0.672183,-0.005774,0.471940,0.667092,-0.034979,0.408333,0.590438,-0.036852,0.372571,0.549195,-0.037932,0.345483,0.513937,-0.040625,0.502037,0.615058,-0.020459,0.451595,0.640549,-0.016695,0.455391,0.691789,-0.005919,0.473184,0.716997,-0.000134,0.523570,0.601582,-0.005951,0.475863,0.634662,-0.005953,0.478546,0.679263,-0.000949,0.494866,0.704116,0.001720,0.541034,0.603472,0.007680,0.502431,0.629056,0.006894,0.502362,0.662631,0.009496,0.516181,0.688378,0.011872
10,1695021704.583810,0,31.0541,31.0541,17.7206,-0.3551,33.6077,1380.7686,49.8904,4955.1565,0.8616,156.3048,93.2198,96.6373,106.9993,114.9820,125.2323,0.024862,0.569254,0.805054,-0.000000,0.505709,0.843688,-0.020524,0.442589,0.804445,-0.022866,0.415038,0.726296,-0.017550,0.431820,0.670985,-0.011744,0.471090,0.664859,-0.035111,0.408147,0.589574,-0.036343,0.372181,0.549258,-0.036653,0.345256,0.515117,-0.038752,0.501098,0.613795,-0.020165,0.451104,0.639981,-0.016904,0.453980,0.690831,-0.006444,0.471671,0.717745,-0.000521,0.522946,0.601654,-0.005256,0.475739,0.635796,-0.006001,0.478001,0.680031,-0.001547,0.494193,0.705436,0.001065,0.540820,0.603147,0.008791,0.502210,0.631381,0.007505,0.502226,0.665052,0.009872,0.515985,0.689640,0.012247
11,1695021704.592143,0,-27.0764,-27.0764,-0.0388,-17.7593,31.5674,118.2496,62.8899,4912.4291,0.8433,151.8526,93.3478,96.9575,108.7508,117.4817,128.2583,0.025901,0.573286,0.804296,-0.000000,0.509602,0.845700,-0.021098,0.444955,0.805411,-0.021246,0.416435,0.726916,-0.012971,0.431150,0.672828,-0.003830,0.470615,0.668764,-0.035035,0.407267,0.590500,-0.034939,0.371329,0.549595,-0.033648,0.344088,0.514944,-0.034483,0.499955,0.615750,-0.019090,0.447440,0.640476,-0.013679,0.451059,0.692181,-0.001362,0.469215,0.717001,0.005705,0.520536,0.600978,-0.003468,0.471069,0.636211,-0.003134,0.474057,0.680408,0.001289,0.490170,0.702905,0.003719,0.537303,0.600565,0.011237,0.495981,0.629768,0.010440,0.495733,0.663489,0.012471,0.509225,0.687977,0.014453
12,1695021704.600477,0,26.8199,26.8199,16.8696,16.9083,31.7986,1602.0967,18.5138,4898.0613,2.0557,149.5332,90.8641,100.5116,112.6916,121.1739,131.4755,0.026245,0.571621,0.804816,-0.000000,0.508134,0.845291,-0.020512,0.442971,0.805176,-0.021086,0.413996,0.726882,-0.013511,0.431599,0.671881,-0.005175,0.470838,0.668017,-0.034042,0.405199,0.590922,-0.033561,0.369086,0.550641,-0.032190,0.341980,0.515472,-0.033164,0.499789,0.616311,-0.018102,0.447729,0.643058,-0.013163,0.452466,0.694253,-0.001279,0.471095,0.719630,0.005597,0.520612,0.602727,-0.002301,0.471674,0.639762,-0.001594,0.475562,0.684040,0.002983,0.492267,0.708426,0.005480,0.538119,0.602595,0.012587,0.498153,0.633692,0.012263,0.498401,0.667841,0.014266,0.512161,0.693146,0.016217
13,1695021704.608810,0,-26.6587,-26.6587,-14.9320,-31.8016,28.0862,1632.8590,29.4565,4709.6852,1.8518,148.4961,86.3841,102.5714,114.5793,122.5334,132.2343,0.025132,0.570165,0.807174,-0.000000,0.507262,0.846639,-0.020148,0.442878,0.807852,-0.021601,0.413015,0.729970,-0.015296,0.429865,0.674529,-0.008426,0.469412,0.667862,-0.033632,0.404410,0.593355,-0.033798,0.368588,0.554363,-0.033432,0.341848,0.519588,-0.035151,0.498552,0.616313,-0.018209,0.447705,0.641935,-0.013188,0.451919,0.691780,-0.002547,0.469538,0.716292,0.003165,0.520182,0.602878,-0.002743,0.473222,0.638524,-0.001592,0.476343,0.683057,0.002721,0.492164,0.707878,0.004804,0.538430,0.603083,0.011819,0.500276,0.633192,0.012017,0.500779,0.667068,0.014349,0.514365,0.692034,0.016441
14,1695021704.617143,0,40.9493,40.9493,2.4738,17.4059,29.6572,170.9561,73.2826,4583.2019,1.7376,157.8611,89.9999,102.7503,114.7295,122.6290,132.5479,0.025733,0.570325,0.804853,-0.000000,0.507394,0.845626,-0.023431,0.444473,0.806539,-0.025430,0.415613,0.728209,-0.018370,0.430261,0.673194,-0.010429,0.470631,0.668870,-0.040963,0.405988,0.592906,-0.043841,0.369613,0.552660,-0.045190,0.341849,0.517484,-0.047791,0.500127,0.616119,-0.024060,0.447760,0.641161,-0.020048,0.450314,0.692169,-0.008547,0.467256,0.716866,-0.002382,0.520917,0.602781,-0.007437,0.472299,0.635706,-0.008067,0.473709,0.679247,-0.003680,0.489089,0.702524,-0.001324,0.537953,0.604342,0.008116,0.497934,0.629520,0.006262,0.496348,0.662747,0.008155,0.509350,0.688380,0.010139
15,1695021704.625477,0,36.5080,36.5080,15.8961,13.4223,30.5349,1682.1309,47.1323,4856.7791,2.0882,153.9444,85.6141,106.1632,118.9394,126.8458,135.3285,0.025261,0.570183,0.808233,-0.000000,0.506703,0.848058,-0.019388,0.443025,0.808232,-0.019847,0.414018,0.731953,-0.012231,0.430639,0.678698,-0.003879,0.468917,0.670858,-0.035637,0.404866,0.595410,-0.038266,0.368233,0.554972,-0.039895,0.340481,0.520689,-0.042676,0.498635,0.616832,-0.020466,0.448632,0.644368,-0.016072,0.452932,0.695485,-0.004334,0.470671,0.720493,0.002091,0.520339,0.602240,-0.005485,0.472764,0.638575,-0.005672,0.476029,0.683052,-0.000817,0.492154,0.707003,0.001880,0.538192,0.602681,0.008705,0.499167,0.631013,0.007595,0.499049,0.665055,0.009948,0.512321,0.690983,0.012194
16,1695021704.633810,0,-38.8491,-38.8491,-16.4173,-32.3133,33.6105,1708.5267,87.7201,4887.0243,1.4581,155.8889,86.8971,103.7959,116.8382,124.7731,133.8625,0.025929,0.570358,0.805292,-0.000000,0.506459,0.847404,-0.022045,0.441911,0.807029,-0.022869,0.414101,0.730120,-0.014959,0.431402,0.677642,-0.006340,0.469405,0.668518,-0.037748,0.404616,0.595706,-0.041093,0.367468,0.555699,-0.043655,0.339616,0.520934,-0.047149,0.499695,0.616191,-0.021143,0.448511,0.646274,-0.017706,0.451769,0.700210,-0.006512,0.469450,0.725667,-0.000189,0.521057,0.603667,-0.004946,0.472895,0.641291,-0.005517,0.475082,0.687322,-0.000922,0.491462,0.710577,0.001776,0.538370,0.604986,0.010194,0.498997,0.637653,0.008454,0.498900,0.672826,0.010448,0.513133,0.697215,0.012633
17,1695021704.642143,0,-43.3696,-43.3696,-4.1777,12.2396,37.1836,233.3402,39.5560,4937.9057,1.2988,156.2485,80.8679,108.3867,120.5046,128.2242,136.7327,0.023532,0.568719,0.804754,-0.000000,0.505230,0.846893,-0.021114,0.441774,0.808498,-0.023673,0.413586,0.732080,-0.018534,0.430766,0.679621,-0.012957,0.467895,0.668733,-0.036361,0.404275,0.597804,-0.040978,0.367174,0.557944,-0.044524,0.339538,0.523149,-0.048854,0.498547,0.616201,-0.022039,0.449917,0.647230,-0.021090,0.454688,0.698818,-0.011320,0.473214,0.721932,-0.005806,0.520908,0.603725,-0.008135,0.475237,0.639528,-0.010652,0.478337,0.684437,-0.005314,0.495099,0.706906,-0.001954,0.539244,0.605785,0.004634,0.502681,0.635593,0.001754,0.503817,0.670060,0.004447,0.518259,0.693206,0.007262
18,1695021704.650477,0,33.6494,33.6494,-1.8250,2.3527,38.3803,303.1518,63.4234,4825.2311,1.6872,154.8827,83.1114,107.7891,119.9216,126.8152,134.7857,0.024391,0.572218,0.807143,-0.000000,0.508145,0.848211,-0.021046,0.443815,0.808759,-0.021642,0.414369,0.732731,-0.013747,0.429793,0.680212,-0.004944,0.467585,0.669984,-0.036493,0.403651,0.598407,-0.038121,0.366835,0.559833,-0.038691,0.339551,0.525965,-0.040774,0.497815,0.617878,-0.020818,0.447488,0.648719,-0.015919,0.452081,0.700205,-0.003921,0.470958,0.724061,0.002632,0.519349,0.605019,-0.005486,0.471963,0.640478,-0.005979,0.475410,0.684652,-0.001497,0.492036,0.707393,0.000977,0.537281,0.606514,0.008956,0.498583,0.634280,0.007751,0.498832,0.667175,0.009995,0.512623,0.691495,0.012138
19,1695021704.658810,0,43.4305,43.4305,1.7306,3.5556,38.8451,221.3525,79.0324,4552.8408,1.5031,157.6165,80.5669,112.1349,123.8979,130.4589,137.8790,0.024072,0.570001,0.802871,-0.000000,0.506268,0.847785,-0.022708,0.442131,0.808464,-0.023957,0.414226,0.730487,-0.016333,0.431481,0.678571,-0.007845,0.467892,0.672801,-0.039073,0.403145,0.600036,-0.042653,0.366539,0.561380,-0.044810,0.339209,0.526750,-0.047895,0.497679,0.618768,-0.022809,0.446507,0.648201,-0.019798,0.450868,0.701650,-0.008322,0.469608,0.725800,-0.001729,0.518458,0.604018,-0.007052,0.470933,0.640257,-0.008444,0.474108,0.685656,-0.003863,0.491028,0.707824,-0.001056,0.536009,0.603442,0.007573,0.496715,0.633972,0.005252,0.496742,0.668231,0.007184,0.510940,0.692012,0.009359
20,1695021704.667143,0,39.3654,39.3654,19.5536,17.8230,39.3040,1578.6707,40.7829,4467.6510,1.5276,161.5478,77.5954,110.7238,121.3652,126.9986,133.8084,0.022085,0.568976,0.804182,-0.000000,0.506572,0.846431,-0.020487,0.445995,0.809266,-0.021199,0.416902,0.737226,-0.013313,0.429118,0.684650,-0.004564,0.464564,0.670833,-0.037053,0.402519,0.600761,-0.040479,0.366985,0.562629,-0.043038,0.340451,0.528859,-0.046006,0.494534,0.618075,-0.020836,0.446154,0.645302,-0.015475,0.450029,0.697538,-0.003689,0.467716,0.723084,0.002659,0.516920,0.604183,-0.004931,0.470949,0.638026,-0.004847,0.474270,0.683434,-0.000771,0.490476,0.706184,0.001498,0.535392,0.603962,0.010253,0.497261,0.632144,0.009610,0.496992,0.667143,0.011960,0.510182,0.692054,0.014221
21,1695021704.675477,1,52.6919,52.6919,24.0154,4.4617,34.8195,1425.2823,82.9480,3583.6975,1.6175,164.0910,75.1352,111.6777,123.1041,129.3515,136.2414,0.022114,0.568706,0.800771,-0.000000,0.504997,0.844579,-0.020503,0.444463,0.809950,-0.021219,0.416414,0.740909,-0.012651,0.427677,0.689865,-0.003233,0.464683,0.671768,-0.040951,0.402176,0.603577,-0.047772,0.366043,0.564972,-0.053975,0.338773,0.529942,-0.059321,0.494796,0.618695,-0.024136,0.446024,0.649657,-0.018653,0.450380,0.704207,-0.006598,0.468415,0.728047,-0.000735,0.516882,0.604578,-0.007697,0.470615,0.641690,-0.007028,0.473503,0.688269,-0.002468,0.490461,0.710031,-0.000442,0.535348,0.603778,0.008037,0.497333,0.634594,0.007213,0.496626,0.670051,0.009549,0.510014,0.693555,0.011627
22,1695021704.683810,1,48.5154,48.5154,3.7165,-20.2989,6.6899,295.2536,78.3060,4461.2975,1.2047,162.8140,75.9804,113.2425,123.7902,129.2206,135.7787,0.021974,0.570034,0.803733,-0.000000,0.505486,0.846315,-0.021218,0.443499,0.808522,-0.022714,0.416085,0.736102,-0.015462,0.429800,0.685527,-0.007596,0.466367,0.671659,-0.040130,0.403335,0.603961,-0.045577,0.366863,0.565373,-0.049934,0.339652,0.530646,-0.054416,0.496418,0.617835,-0.024359,0.446387,0.650333,-0.020600,0.450935,0.703622,-0.009147,0.469588,0.726593,-0.003205,0.518079,0.604384,-0.008959,0.470921,0.641333,-0.009991,0.473625,0.687314,-0.005062,0.490419,0.709041,-0.002335,0.535839,0.605970,0.005584,0.496982,0.636620,0.003538,0.496758,0.670837,0.006157,0.510647,0.694188,0.008679
23,1695021704.692143,1,-39.8713,-39.8713,-20.8255,-24.5419,34.6437,1530.5697,72.1133,4628.9602,0.5630,159.3603,74.9491,113.9742,124.7765,129.9893,136.0805,0.021852,0.570727,0.800208,-0.000000,0.507698,0.844035,-0.019717,0.444367,0.807416,-0.020709,0.416087,0.734789,-0.013864,0.430891,0.682969,-0.006376,0.463710,0.668833,-0.034834,0.402395,0.602002,-0.039201,0.365988,0.564720,-0.042363,0.339492,0.531549,-0.045886,0.494391,0.616127,-0.020974,0.447933,0.651806,-0.018284,0.453079,0.702658,-0.007727,0.471520,0.723222,-0.001663,0.517189,0.602935,-0.007659,0.472994,0.642618,-0.009957,0.476326,0.686173,-0.005828,0.492265,0.704796,-0.003047,0.536454,0.604276,0.004822,0.498591,0.636846,0.002567,0.499310,0.670035,0.005345,0.513414,0.691565,0.008248
24,1695021704.700477,1,-47.6130,-47.6130,-21.7446,-0.9191,44.6606,1496.9594,73.2582,4392.4560,1.2207,159.6196,74.5463,115.7455,126.9640,133.1304,140.1989,0.022214,0.571276,0.801584,-0.000000,0.506889,0.844835,-0.020157,0.443142,0.806359,-0.021040,0.416070,0.731551,-0.013706,0.432133,0.681277,-0.005858,0.464131,0.669083,-0.036876,0.403898,0.603069,-0.042085,0.367158,0.564924,-0.046941,0.339889,0.531125,-0.052016,0.495549,0.615445,-0.022498,0.449393,0.651395,-0.018641,0.454267,0.703874,-0.007858,0.472371,0.725205,-0.002451,0.518591,0.602735,-0.008645,0.474485,0.640604,-0.009643,0.476859,0.684513,-0.005091,0.492934,0.704940,-0.002739,0.538042,0.605484,0.004285,0.500237,0.636022,0.002386,0.500277,0.668680,0.005218,0.514539,0.691543,0.007830
25,1695021704.708810,1,-49.0065,-49.0065,-25.4246,-3.6800,47.2007,1320.5256,87.6599,4424.3244,1.4970,161.4931,75.1519,114.0452,125.0118,130.5540,136.8827,0.022331,0.570484,0.798218,-0.000000,0.507290,0.842512,-0.022836,0.444320,0.804019,-0.024676,0.416510,0.729052,-0.017803,0.431926,0.681683,-0.010181,0.466968,0.667780,-0.037923,0.404100,0.602517,-0.044010,0.366959,0.565289,-0.049280,0.339285,0.531142,-0.054421,0.497481,0.614423,-0.022177,0.449027,0.647317,-0.020273,0.454932,0.701345,-0.010022,0.474399,0.723597,-0.004141,0.519172,0.600839,-0.007279,0.474113,0.637295,-0.010344,0.477853,0.682119,-0.006241,0.495483,0.703036,-0.003233,0.537517,0.601465,0.006510,0.499615,0.631244,0.002994,0.500528,0.664967,0.005071,0.515450,0.687380,0.007704
26,1695021704.717143,1,-40.6297,-40.6297,-22.2863,3.1383,37.2961,1441.9540,81.0116,4404.6769,1.9565,161.8549,78.3232,112.5635,124.0997,130.2676,136.6847,0.022424,0.571919,0.799608,-0.000000,0.507513,0.840980,-0.018671,0.444639,0.801049,-0.018887,0.417229,0.727406,-0.010895,0.432982,0.678126,-0.002635,0.463716,0.664910,-0.035633,0.403668,0.598449,-0.038510,0.367582,0.562323,-0.041908,0.340876,0.529407,-0.046074,0.495055,0.613238,-0.020683,0.450831,0.647997,-0.013741,0.456657,0.700269,-0.001838,0.474982,0.722007,0.003827,0.518930,0.602584,-0.005892,0.477031,0.639682,-0.003737,0.480197,0.683617,0.000632,0.496073,0.704634,0.002006,0.539100,0.605917,0.008183,0.504184,0.636974,0.009087,0.504507,0.669949,0.012031,0.518052,0.692903,0.013992
27,1695021704.725477,1,51.1017,51.1017,22.7433,45.0295,38.3259,1540.3140,58.0914,4406.0369,2.4808,165.0008,83.1147,109.9244,121.2158,128.0488,136.3088,0.024331,0.572156,0.798226,-0.000000,0.506496,0.837835,-0.020347,0.445779,0.799580,-0.021937,0.419919,0.730826,-0.015337,0.431651,0.682981,-0.008525,0.468107,0.659663,-0.038207,0.406431,0.596517,-0.044543,0.369096,0.558863,-0.050524,0.341862,0.524707,-0.056123,0.499547,0.608860,-0.023714,0.454998,0.648990,-0.021369,0.459746,0.703395,-0.011565,0.477808,0.726601,-0.006537,0.523169,0.599643,-0.009562,0.480452,0.641312,-0.011503,0.482745,0.687015,-0.006769,0.498446,0.709276,-0.004030,0.543059,0.605312,0.003721,0.507476,0.639644,0.001321,0.507217,0.673694,0.004751,0.520607,0.696896,0.008103
28,1695021704.733810,1,46.1072,46.1072,23.4300,0.6868,46.3379,1554.1715,64.4816,4543.9458,2.3908,165.4051,85.1430,104.7302,116.5207,123.4407,131.0676,0.023658,0.574498,0.798671,-0.000000,0.508909,0.837467,-0.019841,0.447599,0.796419,-0.019601,0.420766,0.726913,-0.010682,0.433489,0.680584,-0.001267,0.468897,0.657141,-0.036841,0.408567,0.593214,-0.041488,0.371182,0.556316,-0.046661,0.343722,0.522444,-0.051834,0.500753,0.607612,-0.021159,0.455399,0.645709,-0.014931,0.460009,0.700439,-0.003694,0.478164,0.722995,0.001431,0.524574,0.598823,-0.005818,0.481529,0.636393,-0.004381,0.483581,0.683014,0.000131,0.499161,0.705073,0.001782,0.544758,0.604234,0.008662,0.510046,0.634661,0.008860,0.509603,0.668784,0.011908,0.522805,0.692771,0.014256
29,1695021704.742143,1,-40.6191,-40.6191,2.0968,-21.3332,45.2132,569.8211,60.6576,4644.4268,2.7000,164.0216,88.7355,100.0296,111.2260,118.3837,127.5401,0.024405,0.575701,0.797066,-0.000000,0.509883,0.835588,-0.017764,0.448199,0.793010,-0.017016,0.422515,0.720177,-0.008441,0.436436,0.670332,0.000673,0.468382,0.655675,-0.032762,0.408971,0.591378,-0.037014,0.372860,0.553339,-0.041807,0.346456,0.519546,-0.046972,0.501145,0.606283,-0.019060,0.458052,0.645752,-0.014392,0.464460,0.700349,-0.004089,0.483123,0.722392,0.000743,0.525873,0.596810,-0.005737,0.484035,0.636278,-0.005073,0.487144,0.682881,0.000087,0.503148,0.704994,0.002244,0.546658,0.602302,0.006664,0.512832,0.634461,0.005708,0.513374,0.668931,0.008628,0.527121,0.692711,0.011120
30,1695021704.750477,1,-26.4063,-26.4063,3.5559,1.4590,41.7454,639.6077,86.5257,4811.0938,2.6569,157.1651,93.6226,97.6942,107.3644,113.8485,123.3107,0.024096,0.579188,0.800101,-0.000000,0.512644,0.834328,-0.017368,0.449399,0.788070,-0.012401,0.423348,0.717595,0.001696,0.439165,0.673565,0.016530,0.470896,0.648280,-0.031844,0.411831,0.584873,-0.029524,0.376303,0.550846,-0.029705,0.350478,0.519597,-0.032197,0.505058,0.603230,-0.015640,0.460653,0.641775,-0.003393,0.465149,0.697981,0.009819,0.482059,0.720246,0.015324,0.530268,0.597837,0.000630,0.486651,0.634616,0.008030,0.487985,0.680677,0.012171,0.502320,0.701645,0.011886,0.551039,0.606250,0.016134,0.516707,0.634704,0.019720,0.515745,0.668160,0.021722,0.528975,0.692870,0.022335
31,1695021704.758810,1,23.7908,23.7908,-6.8277,-10.3836,37.5974,483.1301,18.2706,4704.4444,2.2067,157.0116,94.9024,92.9447,102.5944,109.8640,120.7461,0.024595,0.580013,0.793655,-0.000000,0.514341,0.830316,-0.018644,0.450988,0.783164,-0.015277,0.424793,0.710373,-0.003525,0.440589,0.666348,0.008871,0.473103,0.647272,-0.029921,0.415079,0.583573,-0.028972,0.379337,0.548011,-0.029212,0.353544,0.516265,-0.031447,0.505929,0.600064,-0.014880,0.460559,0.638229,-0.006651,0.465732,0.692784,0.005188,0.483943,0.714460,0.011120,0.530194,0.591698,-0.000256,0.485947,0.629793,0.002831,0.487662,0.675548,0.006587,0.502550,0.695694,0.007563,0.550657,0.597365,0.013468,0.514239,0.627221,0.014610,0.513572,0.660589,0.016675,0.527359,0.683842,0.018076
32,1695021704.767143,1,-25.3386,-25.3386,-17.8614,-11.0337,33.4071,1547.3466,16.4624,4331.0933,2.1563,160.0093,102.3999,85.6498,94.1790,101.7913,114.5147,0.026126,0.580617,0.791920,-0.000000,0.515002,0.825083,-0.017149,0.452325,0.776738,-0.012566,0.426620,0.706654,0.000300,0.442171,0.665321,0.013577,0.474773,0.643638,-0.030112,0.417669,0.578727,-0.030090,0.382032,0.542234,-0.031577,0.356276,0.509538,-0.034712,0.507915,0.596694,-0.015687,0.462500,0.632047,-0.007253,0.465929,0.687299,0.004585,0.481894,0.709806,0.010337,0.532614,0.588824,-0.001568,0.488453,0.625810,0.002402,0.488252,0.670578,0.006483,0.501704,0.690944,0.007396,0.553023,0.596335,0.011675,0.516903,0.624546,0.012610,0.514511,0.657361,0.014540,0.527236,0.681193,0.015813
33,1695021704.775477,1,34.3836,34.3836,18.7507,36.6121,30.0123,1618.6432,37.2508,4300.4611,2.2439,161.3519,110.4767,82.8819,91.0257,98.4712,111.7354,0.027916,0.581077,0.787375,-0.000000,0.514975,0.821693,-0.017953,0.454456,0.773555,-0.014465,0.430764,0.702028,-0.002044,0.446206,0.657553,0.010922,0.477336,0.639314,-0.033617,0.420652,0.573437,-0.034851,0.384776,0.535745,-0.038017,0.359062,0.502222,-0.042098,0.510914,0.593263,-0.018022,0.467843,0.625894,-0.007907,0.470962,0.679415,0.004941,0.487393,0.702586,0.010633,0.536026,0.587288,-0.002713,0.494033,0.617862,0.002162,0.493910,0.662301,0.006181,0.507697,0.684209,0.006526,0.556761,0.595439,0.011843,0.523071,0.618990,0.013498,0.521067,0.651538,0.015643,0.533593,0.675896,0.016677
34,1695021704.783810,1,29.0510,29.0510,13.8643,-4.8864,27.1284,1760.8381,39.3281,4251.1681,2.4584,161.5008,117.7722,74.0711,83.1016,93.2375,110.0274,0.030903,0.581591,0.783790,-0.000000,0.516598,0.817483,-0.016353,0.457366,0.770038,-0.011778,0.431817,0.700894,0.001378,0.444531,0.657698,0.015355,0.479225,0.634506,-0.030735,0.423103,0.567305,-0.031224,0.387708,0.529274,-0.033732,0.362552,0.495337,-0.037050,0.512795,0.589944,-0.015293,0.472239,0.616538,-0.004407,0.473890,0.668248,0.008050,0.489037,0.691495,0.013618,0.538918,0.584145,0.000081,0.499728,0.608117,0.005406,0.497681,0.650997,0.008762,0.510376,0.673234,0.009002,0.560181,0.592239,0.014931,0.527972,0.611150,0.017208,0.524502,0.643045,0.019332,0.536327,0.667735,0.020616
35,1695021704.792143,1,-41.0569,-41.0569,-16.2119,-30.0762,31.0906,1805.6048,49.4934,4037.6327,1.8136,163.0116,122.8875,68.9986,77.4961,88.1320,106.7074,0.031687,0.580899,0.782151,-0.000000,0.516457,0.813384,-0.015971,0.457409,0.763774,-0.013479,0.435054,0.690296,-0.002445,0.451793,0.645317,0.009033,0.480433,0.631884,-0.035054,0.426186,0.561534,-0.039373,0.390871,0.520522,-0.045312,0.365571,0.486451,-0.050903,0.514567,0.585729,-0.020300,0.475755,0.612968,-0.010155,0.477797,0.664804,0.003612,0.493082,0.688817,0.009763,0.541317,0.580960,-0.005765,0.503163,0.607319,-0.000389,0.502220,0.649780,0.004470,0.515582,0.672197,0.005192,0.563831,0.589468,0.008203,0.533535,0.610584,0.010480,0.531147,0.641722,0.013253,0.542777,0.665356,0.014659
36,1695021704.800477,1,34.4684,34.4684,14.9518,31.1637,32.6908,1736.0090,36.3177,3973.7378,2.4529,164.4414,131.4449,60.4695,67.6513,79.8363,101.3260,0.032297,0.581865,0.784965,-0.000000,0.516776,0.808953,-0.015194,0.459854,0.755269,-0.011560,0.438375,0.684442,0.000435,0.453694,0.643923,0.012864,0.482391,0.624572,-0.033706,0.428578,0.555181,-0.036658,0.394602,0.513178,-0.040830,0.370806,0.477560,-0.045095,0.517482,0.580726,-0.019570,0.479034,0.606465,-0.009286,0.480584,0.657228,0.004216,0.494983,0.681334,0.010423,0.545172,0.578051,-0.005515,0.507641,0.603968,-0.000358,0.506319,0.645704,0.003749,0.518250,0.667567,0.004111,0.567838,0.589606,0.008065,0.538401,0.610345,0.010063,0.535601,0.640500,0.012257,0.545790,0.665401,0.013333
37,1695021704.808810,1,38.7457,38.7457,1.0905,-13.8612,30.2443,1161.0952,23.1234,4062.0065,2.2426,162.4537,138.5785,54.6740,60.6490,74.9101,98.3880,0.033140,0.583179,0.778099,-0.000000,0.518860,0.804568,-0.017035,0.461472,0.750214,-0.014834,0.440356,0.674104,-0.004248,0.456767,0.631529,0.006850,0.486063,0.620660,-0.034036,0.432034,0.548599,-0.038912,0.397705,0.505413,-0.044503,0.373784,0.469939,-0.049766,0.522059,0.577169,-0.020137,0.483107,0.599707,-0.013455,0.483976,0.650411,-0.001460,0.497848,0.674197,0.004549,0.549839,0.574428,-0.006645,0.512541,0.598670,-0.004351,0.510275,0.639931,-0.000091,0.521854,0.661738,0.001176,0.572548,0.586263,0.006115,0.542593,0.608990,0.005622,0.539741,0.638846,0.007644,0.550182,0.661782,0.009265
38,1695021704.817143,1,-43.0478,-43.0478,-18.0247,-19.1152,37.4328,1607.0754,14.8015,3503.0905,2.1256,162.9035,149.7677,44.6238,47.7184,65.4118,92.7078,0.033823,0.583966,0.772579,-0.000000,0.519485,0.799027,-0.018430,0.462664,0.744504,-0.018120,0.443968,0.666931,-0.009335,0.462567,0.624536,-0.000309,0.490563,0.616746,-0.037310,0.438595,0.541129,-0.042975,0.405923,0.496756,-0.049832,0.382727,0.459775,-0.056228,0.526548,0.574097,-0.023204,0.488311,0.597251,-0.017363,0.488468,0.648865,-0.006594,0.501906,0.672334,-0.001661,0.554403,0.572755,-0.009244,0.517408,0.595480,-0.006486,0.514952,0.637106,-0.001964,0.526927,0.659888,-0.000833,0.576970,0.586278,0.003791,0.547790,0.608491,0.003703,0.544361,0.638609,0.006306,0.554824,0.660358,0.008330
39,1695021704.825477,1,-42.7375,-42.7375,-0.4201,17.6046,38.6766,1562.1359,8.2714,3764.8778,1.6853,162.2816,162.8149,35.2808,37.5460,58.9519,89.0135,0.033820,0.587464,0.776432,-0.000000,0.521505,0.798161,-0.015816,0.465055,0.737424,-0.012767,0.447793,0.658116,-0.000407,0.467988,0.616178,0.012785,0.491831,0.610080,-0.035875,0.442582,0.530352,-0.041331,0.410367,0.484689,-0.048959,0.387717,0.446583,-0.055508,0.529451,0.569441,-0.019472,0.489788,0.584601,-0.006567,0.490000,0.635646,0.008035,0.503777,0.661353,0.014079,0.557636,0.568555,-0.003301,0.519195,0.584817,0.005276,0.516326,0.628125,0.010048,0.527810,0.652816,0.009925,0.579990,0.580765,0.012318,0.548863,0.597518,0.016695,0.544878,0.629021,0.019124,0.554161,0.654279,0.019833
40,1695021704.833810,1,-58.7143,-58.7143,-23.2957,-22.8755,41.9522,1733.2886,32.9051,4275.1649,2.0281,170.4051,176.2200,29.0322,27.3907,54.4461,88.6562,0.034761,0.588660,0.772728,-0.000000,0.523194,0.793258,-0.019523,0.466092,0.731615,-0.019623,0.449462,0.649964,-0.011075,0.469113,0.607751,-0.001988,0.497407,0.607699,-0.039981,0.448567,0.524354,-0.050131,0.416635,0.473954,-0.059932,0.394260,0.432837,-0.067992,0.535223,0.566200,-0.026076,0.496348,0.586586,-0.023857,0.496540,0.640377,-0.013384,0.510175,0.665153,-0.008099,0.563046,0.565277,-0.012767,0.525620,0.589613,-0.012742,0.523274,0.632057,-0.006858,0.535218,0.655858,-0.004275,0.585072,0.580429,-0.000675,0.555386,0.604526,-0.003022,0.552445,0.635915,-0.000165,0.562457,0.659317,0.002554
41,1695021704.842143,1,-61.3575,-61.3575,-25.0258,-1.7301,36.8991,1882.6170,17.1009,5091.5874,2.3071,178.0910,188.2411,25.1917,18.2724,53.2070,91.5446,0.036549,0.591051,0.771475,-0.000000,0.525248,0.787940,-0.016427,0.470620,0.728278,-0.014972,0.453164,0.650926,-0.004426,0.472199,0.608971,0.006742,0.500134,0.602418,-0.042348,0.455113,0.513753,-0.054542,0.424605,0.460664,-0.066608,0.403002,0.419005,-0.075574,0.538130,0.564335,-0.027286,0.499586,0.580914,-0.021833,0.498463,0.634391,-0.009803,0.510854,0.661255,-0.004593,0.566836,0.564878,-0.012320,0.528531,0.585133,-0.008284,0.525780,0.627177,-0.001729,0.537863,0.652178,0.000206,0.588785,0.580281,0.001825,0.559232,0.599266,0.002288,0.554902,0.630766,0.005374,0.564388,0.654419,0.007735
42,1695021704.850477,1,60.5560,60.5560,25.9009,50.9267,45.4670,1999.8832,2.4612,4983.7172,1.6796,177.9568,202.9270,27.2775,17.6374,55.2913,95.8427,0.038660,0.595423,0.771941,-0.000000,0.527857,0.787444,-0.014617,0.471694,0.724438,-0.012146,0.455150,0.644487,-0.000604,0.477394,0.602453,0.011319,0.502679,0.598937,-0.042220,0.460382,0.506504,-0.054930,0.430188,0.449492,-0.068045,0.408919,0.403322,-0.077815,0.541035,0.561588,-0.027254,0.502249,0.576485,-0.020579,0.501699,0.635024,-0.007797,0.515393,0.662667,-0.002494,0.570266,0.561759,-0.012234,0.531579,0.578562,-0.006854,0.529581,0.621931,-0.000029,0.543706,0.646961,0.001676,0.592947,0.576598,0.002167,0.563194,0.589720,0.003903,0.559151,0.623751,0.007402,0.570208,0.649653,0.009758
43,1695021704.858810,0,38.6288,38.6288,20.3416,-5.5594,51.7459,1296.2591,80.6282,7509.1299,1.6956,160.8488,200.3299,35.2753,10.9896,47.7091,87.9603,0.032505,0.596659,0.770297,-0.000000,0.530374,0.782640,-0.014649,0.474800,0.719110,-0.011161,0.460093,0.637797,0.000718,0.480331,0.597910,0.012920,0.507891,0.591463,-0.035429,0.463428,0.502202,-0.040326,0.434673,0.449144,-0.045977,0.414597,0.407274,-0.051266,0.546041,0.557287,-0.021894,0.507317,0.574407,-0.015305,0.505542,0.631120,-0.003682,0.519198,0.661200,0.001614,0.574409,0.560635,-0.008173,0.534954,0.578702,-0.004932,0.532937,0.623201,-0.000705,0.546574,0.651811,0.000012,0.596589,0.576537,0.005095,0.565064,0.591160,0.004846,0.561201,0.623506,0.006481,0.571941,0.651135,0.007806
44,1695021704.867143,0,29.9083,29.9083,22.1556,1.8141,51.4773,919.7836,62.1714,8416.3713,1.8683,154.9244,204.4349,40.4572,7.9441,42.4390,83.4883,0.029326,0.597684,0.769283,-0.000000,0.531811,0.779154,-0.014902,0.476124,0.714621,-0.011229,0.462187,0.634023,0.000824,0.483678,0.595505,0.013400,0.512262,0.587119,-0.033700,0.468552,0.495891,-0.036111,0.439824,0.444166,-0.039593,0.419440,0.404412,-0.043571,0.550719,0.554715,-0.019923,0.512449,0.571306,-0.012189,0.509022,0.626433,-0.000526,0.521395,0.656548,0.004829,0.578606,0.559685,-0.005855,0.539625,0.579524,-0.001607,0.536106,0.622585,0.002314,0.547580,0.650443,0.002723,0.599907,0.577006,0.007713,0.568445,0.593024,0.008512,0.563805,0.623731,0.010343,0.572986,0.651146,0.011672
45,1695021704.875477,0,34.2852,34.2852,23.9107,1.7550,42.2192,726.6036,20.3762,6920.6463,2.3222,155.3318,211.0615,47.5424,11.9525,38.7933,81.0176,0.026212,0.599704,0.768427,-0.000000,0.533548,0.777644,-0.014649,0.477952,0.710426,-0.012678,0.464257,0.630095,-0.002974,0.488900,0.594908,0.007134,0.515511,0.587188,-0.034107,0.473941,0.493057,-0.038587,0.446036,0.439408,-0.043499,0.425955,0.398591,-0.048294,0.554463,0.553431,-0.021609,0.516327,0.568343,-0.015237,0.512778,0.621552,-0.003698,0.524772,0.650016,0.001890,0.582622,0.557459,-0.008928,0.544149,0.575882,-0.005114,0.540445,0.617734,-0.000127,0.551660,0.644028,0.001170,0.604205,0.575674,0.003083,0.573342,0.590630,0.004643,0.569284,0.619931,0.007890,0.578279,0.646317,0.010278
46,1695021704.883810,0,-40.1785,-40.1785,-25.1836,-49.0943,34.0819,432.2293,13.1375,6436.3518,3.1403,154.8873,216.5116,49.2732,16.5645,40.7485,80.7410,0.025374,0.602360,0.768406,-0.000000,0.535693,0.776869,-0.017713,0.479248,0.707273,-0.017639,0.466367,0.624131,-0.009547,0.492887,0.589684,-0.001145,0.520095,0.583507,-0.037996,0.477999,0.486125,-0.042692,0.450399,0.431145,-0.046914,0.430374,0.389169,-0.051413,0.559783,0.551221,-0.025037,0.519395,0.570028,-0.021021,0.514475,0.624831,-0.009907,0.526213,0.653603,-0.004178,0.587445,0.557734,-0.012005,0.546914,0.580222,-0.010791,0.542344,0.622613,-0.005954,0.553648,0.648579,-0.004148,0.608211,0.578153,0.000152,0.575223,0.595268,-0.000454,0.570805,0.625085,0.002384,0.580010,0.651489,0.004939
47,1695021704.892143,0,-30.7427,-30.7427,-17.3429,7.8408,34.4037,665.2866,10.8921,6183.8988,2.4410,150.5031,218.0722,52.7208,20.4229,43.1610,84.3910,0.026250,0.604732,0.770240,-0.000000,0.538103,0.775988,-0.018640,0.480936,0.705189,-0.018647,0.467572,0.621791,-0.010321,0.492431,0.588716,-0.001577,0.524782,0.580560,-0.038894,0.481361,0.483501,-0.043385,0.452205,0.429557,-0.047302,0.430712,0.388488,-0.051647,0.564214,0.548622,-0.025323,0.520867,0.567247,-0.021492,0.515583,0.622029,-0.010557,0.527076,0.650295,-0.004973,0.590599,0.554646,-0.011652,0.548122,0.578989,-0.010357,0.542812,0.620818,-0.005316,0.553599,0.646627,-0.003411,0.610440,0.574259,0.001047,0.575503,0.591438,0.000597,0.570739,0.621115,0.003698,0.579793,0.648125,0.006437
48,1695021704.900477,0,26.4243,26.4243,-0.8710,16.4719,32.4039,856.2859,26.3834,5100.3628,2.5469,154.7369,229.3991,65.0496,33.1182,46.1338,85.6805,0.021687,0.605710,0.771480,-0.000000,0.539029,0.775406,-0.018312,0.483658,0.701412,-0.017472,0.471217,0.615524,-0.007763,0.496319,0.579607,0.002559,0.529743,0.578623,-0.038918,0.487123,0.479176,-0.041812,0.460438,0.424502,-0.044580,0.440676,0.382843,-0.048096,0.568795,0.548224,-0.023380,0.523722,0.564193,-0.015940,0.517732,0.618793,-0.003240,0.528528,0.649147,0.002790,0.594694,0.554554,-0.007644,0.551361,0.574499,-0.002462,0.545546,0.617782,0.002241,0.555730,0.646269,0.002886,0.613449,0.573971,0.007254,0.579583,0.591092,0.009929,0.573830,0.622399,0.012247,0.581752,0.650440,0.013631
49,1695021704.908810,0,-17.2352,-17.2352,-12.8801,-12.0091,30.2639,1340.4649,29.0761,4420.4249,2.4119,162.1026,240.9344,72.4104,43.3867,55.4392,92.9597,0.022363,0.608086,0.772950,-0.000000,0.541957,0.774773,-0.018886,0.484930,0.701167,-0.017040,0.472040,0.617120,-0.006252,0.497727,0.585200,0.004931,0.532105,0.573483,-0.037521,0.489169,0.470722,-0.038658,0.463796,0.413905,-0.039471,0.445161,0.369932,-0.041708,0.571512,0.544604,-0.021591,0.524961,0.563241,-0.014600,0.519040,0.620623,-0.002038,0.530150,0.651303,0.004450,0.596999,0.552154,-0.005481,0.551962,0.577023,-0.001490,0.547005,0.622099,0.002389,0.557641,0.649802,0.003188,0.615420,0.571856,0.009852,0.578905,0.591370,0.010818,0.573891,0.623378,0.012216,0.582678,0.651961,0.013552
50,1695021704.917143,0,-18.6431,-18.6431,5.3838,18.2639,22.8484,949.7153,32.2975,4282.1155,3.0570,161.3364,244.0230,78.3017,46.4572,55.6619,92.9284,0.020847,0.609850,0.773271,-0.000000,0.543665,0.773892,-0.018838,0.486106,0.699483,-0.018459,0.473383,0.614826,-0.009441,0.500537,0.583697,-0.000187,0.534155,0.573410,-0.037860,0.493393,0.470554,-0.039333,0.467420,0.413774,-0.041077,0.447830,0.369987,-0.044195,0.573492,0.544160,-0.022406,0.525594,0.561774,-0.014786,0.518891,0.619153,-0.002504,0.530206,0.650059,0.003427,0.598595,0.551787,-0.006656,0.553082,0.575843,-0.001738,0.547551,0.620026,0.002598,0.558679,0.648559,0.003327,0.617467,0.571747,0.008246,0.580207,0.589417,0.010549,0.574792,0.621044,0.012982,0.583635,0.650395,0.014769
51,1695021704.925477,0,26.1388,26.1388,14.2204,8.8365,24.2144,1537.6380,31.9220,4134.6193,1.7962,163.4414,251.6097,81.7847,52.0631,61.4233,99.1074,0.021995,0.611116,0.769120,-0.000000,0.545331,0.772599,-0.021951,0.487517,0.696907,-0.023081,0.473877,0.610799,-0.014792,0.500645,0.581808,-0.006179,0.538263,0.570793,-0.042752,0.494423,0.467748,-0.045830,0.469256,0.409247,-0.048062,0.451692,0.361802,-0.051275,0.577157,0.542605,-0.025790,0.526838,0.559667,-0.020499,0.520448,0.619456,-0.007953,0.533301,0.649212,-0.001290,0.601049,0.551912,-0.008667,0.553807,0.574129,-0.006335,0.548178,0.619141,-0.001494,0.560514,0.647026,0.000327,0.618528,0.572868,0.007457,0.580312,0.590088,0.007685,0.575597,0.622476,0.010032,0.585513,0.651252,0.012256
52,1695021704.933810,0,30.5048,30.5048,1.0201,-13.2003,22.4110,875.4403,52.9074,4384.2957,1.5077,162.5949,253.0267,83.0105,53.8814,63.9281,100.8989,0.021681,0.612679,0.771301,-0.000000,0.546357,0.771887,-0.020532,0.488323,0.698067,-0.022650,0.474364,0.611288,-0.015755,0.501420,0.578749,-0.008609,0.539939,0.572783,-0.044551,0.496807,0.465462,-0.048648,0.471494,0.406111,-0.051588,0.452143,0.359155,-0.055398,0.579098,0.542297,-0.027925,0.526953,0.553256,-0.022554,0.520872,0.610589,-0.009415,0.532622,0.640753,-0.002828,0.602971,0.548743,-0.010802,0.553610,0.567956,-0.007642,0.548153,0.611669,-0.001514,0.559714,0.640817,0.000653,0.619771,0.567454,0.005433,0.579971,0.581120,0.006197,0.574303,0.613809,0.009121,0.583051,0.643525,0.011475
53,1695021704.942143,0,-31.4877,-31.4877,-3.5631,-4.5832,25.4043,452.0255,40.4109,4735.7963,1.2097,162.3032,253.1967,81.9704,53.3864,64.1239,101.6502,0.021612,0.613509,0.771922,-0.000000,0.547546,0.771887,-0.021346,0.489442,0.696253,-0.023430,0.475759,0.608299,-0.016708,0.502702,0.576498,-0.009669,0.541366,0.570794,-0.043353,0.497779,0.466083,-0.048523,0.471879,0.406367,-0.052050,0.452561,0.358607,-0.056166,0.580488,0.540462,-0.027702,0.528302,0.554183,-0.024900,0.522697,0.613352,-0.013043,0.535547,0.643713,-0.006626,0.604439,0.547083,-0.011912,0.554882,0.567174,-0.011770,0.550098,0.612273,-0.006247,0.563106,0.641540,-0.003551,0.621815,0.566478,0.002869,0.581797,0.581142,0.001238,0.577070,0.614292,0.003704,0.587355,0.643790,0.006391
54,1695021704.950477,0,-24.0565,-24.0565,-1.3533,2.2098,26.3438,255.7701,85.1260,4419.5696,1.2399,162.2207,252.1292,82.5759,52.7334,61.2381,98.2477,0.020522,0.615549,0.770260,-0.000000,0.548184,0.771721,-0.021632,0.490008,0.696258,-0.022269,0.477594,0.606398,-0.013410,0.506579,0.571042,-0.004115,0.542960,0.570367,-0.042777,0.496777,0.463950,-0.042959,0.472183,0.406203,-0.042482,0.453675,0.358128,-0.044297,0.581232,0.539160,-0.025286,0.526972,0.551674,-0.017746,0.521048,0.611100,-0.004338,0.533446,0.642601,0.002335,0.603622,0.544301,-0.007343,0.552243,0.565135,-0.003081,0.547407,0.611278,0.001622,0.559353,0.641915,0.002803,0.619028,0.561598,0.009671,0.577933,0.575805,0.011299,0.573135,0.608083,0.013173,0.582385,0.638896,0.014590
55,1695021704.958810,0,24.6750,24.6750,-0.3660,0.9874,27.0554,147.0580,41.9300,4630.8640,2.1079,165.4730,252.9500,80.6691,54.3920,66.7786,104.0263,0.022511,0.616720,0.772352,-0.000000,0.548992,0.772557,-0.021708,0.490605,0.697976,-0.022036,0.477023,0.609703,-0.012740,0.504546,0.575316,-0.002903,0.542981,0.568191,-0.043791,0.495985,0.461739,-0.045430,0.470726,0.403010,-0.045722,0.451726,0.354396,-0.047705,0.581888,0.538180,-0.026175,0.526853,0.551613,-0.020217,0.520669,0.611567,-0.006743,0.532996,0.643564,0.000422,0.604894,0.543739,-0.008189,0.552731,0.563995,-0.005530,0.547528,0.611019,-0.000752,0.559222,0.642181,0.001008,0.620628,0.561023,0.008869,0.578964,0.575689,0.008985,0.573511,0.609278,0.010464,0.582502,0.640494,0.012071
56,1695021704.967143,0,-31.2435,-31.2435,-15.4371,-15.0711,27.8781,1491.0860,50.1186,3922.8636,1.7835,165.9877,251.2820,83.6494,54.5100,63.2964,99.6358,0.020053,0.615547,0.770003,-0.000000,0.548048,0.770955,-0.021221,0.490618,0.695843,-0.021464,0.476224,0.608930,-0.011521,0.500875,0.575189,-0.001052,0.541546,0.569278,-0.046136,0.498939,0.463834,-0.049379,0.474089,0.406220,-0.052221,0.454496,0.359279,-0.055936,0.580010,0.538112,-0.027540,0.526030,0.551201,-0.019205,0.520088,0.611171,-0.005131,0.531987,0.641558,0.001327,0.602529,0.542700,-0.008487,0.550714,0.564814,-0.002856,0.545878,0.612062,0.002459,0.557974,0.641389,0.003325,0.617906,0.558959,0.009713,0.577117,0.574628,0.012062,0.571668,0.608691,0.013911,0.580631,0.639142,0.014943
57,1695021704.975477,0,-40.8978,-40.8978,-2.3525,13.0846,23.2620,27.6489,21.8680,4022.3526,1.4050,166.0941,253.5002,84.4786,56.8167,66.4266,102.3038,0.023275,0.615363,0.768070,-0.000000,0.547633,0.771342,-0.021071,0.490885,0.696452,-0.020989,0.475392,0.607982,-0.010821,0.500389,0.572220,0.000341,0.539914,0.569555,-0.044862,0.497937,0.462102,-0.050024,0.473247,0.400437,-0.054648,0.454343,0.350999,-0.059363,0.578736,0.537085,-0.026307,0.524051,0.548553,-0.019106,0.517911,0.607623,-0.005354,0.529857,0.638072,0.001205,0.601352,0.539441,-0.007587,0.548765,0.559809,-0.002572,0.543298,0.606326,0.003539,0.554849,0.635374,0.005287,0.616780,0.554384,0.010097,0.575346,0.569558,0.012269,0.569063,0.602895,0.014480,0.577018,0.632633,0.015989
58,1695021704.983810,0,42.4575,42.4575,16.6285,18.9810,33.0758,1334.3399,2.9579,4237.9769,2.1065,161.4159,249.6652,77.1742,49.0314,59.5941,96.0822,0.023011,0.615440,0.769167,-0.000000,0.548652,0.771366,-0.022878,0.489756,0.696135,-0.025088,0.474360,0.606898,-0.017615,0.500178,0.572317,-0.009663,0.542342,0.570351,-0.047323,0.497250,0.462579,-0.052479,0.470832,0.402857,-0.055495,0.450821,0.354969,-0.059149,0.581112,0.536749,-0.029776,0.526284,0.548413,-0.025640,0.520286,0.607678,-0.012486,0.532520,0.637861,-0.005650,0.603630,0.539493,-0.012007,0.551722,0.561247,-0.010465,0.546603,0.607204,-0.004480,0.558588,0.636007,-0.002073,0.619048,0.555566,0.004700,0.577307,0.571888,0.004239,0.572795,0.605929,0.006747,0.582703,0.635710,0.009016
59,1695021704.992143,0,40.7637,40.7637,4.0222,-12.6063,35.9618,193.1658,56.6081,4202.8862,1.8580,162.4444,246.5596,77.4470,48.1997,59.2616,96.1241,0.022291,0.614719,0.765461,-0.000000,0.548024,0.771175,-0.024373,0.488377,0.696199,-0.026169,0.473239,0.605730,-0.017578,0.500805,0.570179,-0.008279,0.542480,0.568953,-0.047952,0.495745,0.462161,-0.053368,0.469122,0.402716,-0.057211,0.448978,0.354120,-0.061442,0.581491,0.536706,-0.029170,0.525500,0.551535,-0.024418,0.518693,0.614507,-0.010739,0.531507,0.645440,-0.003604,0.603853,0.541582,-0.010467,0.550718,0.563833,-0.008732,0.545664,0.611878,-0.002804,0.559161,0.640262,-0.000352,0.619400,0.558587,0.007081,0.576509,0.576311,0.006594,0.571818,0.611594,0.009070,0.582830,0.641074,0.011365
60,1695021705.000477,0,-52.3664,-52.3664,-5.2807,-9.3029,41.2660,459.7760,32.8267,4490.1803,1.7992,171.7762,248.1716,73.3616,48.1340,62.8980,99.9827,0.027366,0.614864,0.766442,-0.000000,0.546888,0.770603,-0.022605,0.489513,0.698225,-0.024025,0.473141,0.609031,-0.014814,0.496642,0.567224,-0.004654,0.538962,0.570548,-0.050597,0.491963,0.459173,-0.057423,0.465864,0.396852,-0.062570,0.445738,0.345702,-0.067416,0.577642,0.536777,-0.031538,0.521666,0.546441,-0.026791,0.516818,0.606287,-0.013716,0.529053,0.636684,-0.007444,0.599474,0.536552,-0.012050,0.545480,0.556490,-0.009335,0.541748,0.605274,-0.003236,0.553980,0.635202,-0.001150,0.613835,0.548630,0.006482,0.570975,0.564357,0.006816,0.566706,0.600274,0.009129,0.576131,0.631274,0.011083
61,1695021705.008810,0,-58.7943,-58.7943,-4.4741,0.8066,45.5812,312.2703,58.8666,3931.2503,1.7850,171.8989,246.5532,72.3814,47.4349,61.8707,99.1418,0.028083,0.614018,0.765645,-0.000000,0.544904,0.770537,-0.021319,0.487003,0.696175,-0.022297,0.471943,0.607679,-0.013146,0.498703,0.573162,-0.003409,0.536715,0.570986,-0.048345,0.490843,0.460937,-0.055789,0.464834,0.397979,-0.062321,0.444945,0.345857,-0.068566,0.576615,0.535916,-0.030724,0.520826,0.547441,-0.026307,0.516015,0.608297,-0.013262,0.528406,0.637825,-0.007144,0.599337,0.536393,-0.012788,0.545854,0.558318,-0.009270,0.541564,0.606811,-0.001750,0.554152,0.635671,0.000851,0.614571,0.550847,0.003926,0.572427,0.569214,0.004442,0.567938,0.605344,0.007520,0.577723,0.635341,0.009812
62,1695021705.017143,0,-42.2169,-42.2169,-21.1686,-16.6944,45.7410,930.8743,63.4662,3710.3143,2.2151,174.0116,242.6145,70.7220,47.0871,62.3235,98.1318,0.027670,0.613584,0.765344,-0.000000,0.545529,0.773153,-0.021651,0.487396,0.700471,-0.022804,0.470216,0.609588,-0.014392,0.495058,0.570410,-0.005270,0.535689,0.574266,-0.045485,0.490193,0.460919,-0.052334,0.463287,0.396531,-0.057542,0.442852,0.344517,-0.062674,0.574217,0.537230,-0.028351,0.520023,0.550016,-0.026049,0.516024,0.610044,-0.014181,0.529138,0.639920,-0.007909,0.596801,0.534577,-0.011017,0.544773,0.558424,-0.009851,0.541485,0.607069,-0.002918,0.554338,0.636515,0.000320,0.612659,0.546336,0.005076,0.571132,0.566036,0.004385,0.567495,0.602863,0.007365,0.577911,0.633330,0.010281
63,1695021705.025477,0,-65.5679,-65.5679,-26.5829,-5.4143,38.9676,1045.3435,80.1771,3854.0393,2.9058,173.4352,239.4798,67.9026,43.9243,60.4093,97.7718,0.031052,0.612582,0.766930,-0.000000,0.544018,0.774388,-0.022551,0.486329,0.701560,-0.022694,0.469772,0.612849,-0.011649,0.493878,0.569604,0.000296,0.534912,0.574781,-0.052314,0.487913,0.461878,-0.060872,0.461094,0.398126,-0.068693,0.439880,0.346017,-0.075632,0.574174,0.537870,-0.032809,0.518449,0.547011,-0.027532,0.514115,0.608213,-0.014319,0.525439,0.639105,-0.008499,0.596535,0.534849,-0.012943,0.542754,0.556254,-0.008503,0.539521,0.605937,-0.001261,0.551627,0.635566,0.000934,0.611434,0.545006,0.005744,0.568778,0.563490,0.006503,0.564696,0.600745,0.009217,0.574215,0.631884,0.011218
64,1695021705.033810,0,-53.1912,-53.1912,-0.2062,26.3767,7.7208,394.1125,65.7711,3948.1673,2.7801,171.1952,235.5617,61.9659,38.9187,58.1513,96.4998,0.032178,0.610700,0.767508,-0.000000,0.542543,0.775127,-0.023921,0.484126,0.701507,-0.024455,0.467997,0.610812,-0.013782,0.496027,0.568878,-0.002079,0.534969,0.574241,-0.049719,0.485896,0.462654,-0.055467,0.458352,0.400323,-0.060945,0.437717,0.348252,-0.066550,0.573377,0.538653,-0.029165,0.518318,0.544542,-0.021709,0.512979,0.603936,-0.007889,0.523933,0.636325,-0.001734,0.595392,0.537646,-0.008421,0.542493,0.557937,-0.002941,0.538062,0.607559,0.003657,0.549411,0.637734,0.005401,0.610730,0.548679,0.011083,0.568308,0.566445,0.013092,0.563536,0.603929,0.015657,0.572537,0.635967,0.017237
65,1695021705.042143,0,-51.9089,-51.9089,1.7213,1.9275,7.7474,422.7638,39.1109,4267.8086,2.2363,168.0293,231.7844,61.1736,37.3911,56.5609,94.7591,0.031799,0.611430,0.770873,-0.000000,0.542369,0.778456,-0.023582,0.483127,0.704913,-0.024492,0.466841,0.615731,-0.014915,0.493696,0.576630,-0.004571,0.534131,0.577757,-0.049162,0.485059,0.466834,-0.056893,0.456488,0.403949,-0.063430,0.434926,0.352208,-0.069822,0.572869,0.540108,-0.030792,0.516780,0.554290,-0.028096,0.511950,0.615524,-0.016288,0.524013,0.645909,-0.010640,0.594723,0.537866,-0.012334,0.541220,0.565749,-0.010356,0.537171,0.615034,-0.003223,0.549298,0.643433,-0.000461,0.609361,0.550224,0.004649,0.566305,0.573536,0.003575,0.562503,0.610964,0.006162,0.572714,0.641505,0.008501
66,1695021705.050477,0,42.8600,42.8600,21.2692,19.5479,39.1422,633.0598,64.5638,4287.1069,2.9481,163.3735,228.8034,55.9379,35.6396,58.5622,96.8894,0.033994,0.610901,0.771227,-0.000000,0.542312,0.779204,-0.022243,0.483678,0.707586,-0.022406,0.466541,0.616640,-0.011906,0.491871,0.572234,-0.000319,0.532753,0.579238,-0.047155,0.482343,0.466168,-0.052398,0.454211,0.404727,-0.057047,0.432900,0.353919,-0.061952,0.571091,0.542317,-0.027518,0.515872,0.545799,-0.020663,0.510315,0.604432,-0.007234,0.521207,0.638320,-0.001123,0.593225,0.539479,-0.007579,0.540390,0.558377,-0.003127,0.535376,0.607357,0.002995,0.546002,0.639085,0.004679,0.608287,0.548719,0.011361,0.565402,0.565642,0.012681,0.559932,0.603270,0.015123,0.568047,0.635548,0.016785
67,1695021705.058810,0,-58.7177,-58.7177,1.7126,-19.5567,40.3717,342.8797,85.4002,3785.2384,1.4727,168.6211,230.6928,55.8810,34.9849,58.5321,97.7989,0.035670,0.607960,0.766024,-0.000000,0.540844,0.778039,-0.024971,0.481796,0.708553,-0.027010,0.464287,0.618903,-0.018290,0.490050,0.576405,-0.008459,0.530678,0.578420,-0.048953,0.480809,0.468391,-0.056808,0.452782,0.405543,-0.063046,0.432700,0.353680,-0.068638,0.569480,0.541924,-0.029449,0.515730,0.552461,-0.026533,0.510928,0.613310,-0.013738,0.523332,0.645576,-0.006804,0.592437,0.541174,-0.010130,0.540943,0.564691,-0.009357,0.536921,0.613219,-0.002613,0.549241,0.642070,0.000768,0.609146,0.552611,0.007892,0.567516,0.574846,0.006779,0.564287,0.612194,0.009800,0.574709,0.641394,0.012787
68,1695021705.067143,0,-54.0830,-54.0830,-0.2230,-1.9355,39.0018,356.9916,4.8114,4356.5965,2.0893,160.6103,225.2939,50.2934,30.8669,57.2491,96.7130,0.035528,0.606842,0.768158,-0.000000,0.540089,0.780799,-0.023400,0.481937,0.711503,-0.024523,0.464365,0.621666,-0.015113,0.488570,0.577037,-0.004633,0.529278,0.583205,-0.047295,0.479404,0.470977,-0.054834,0.450440,0.409334,-0.061470,0.428297,0.359348,-0.067434,0.567629,0.544599,-0.027744,0.513886,0.551959,-0.023047,0.508541,0.611913,-0.010323,0.519620,0.644690,-0.004054,0.590228,0.541146,-0.008260,0.538262,0.561839,-0.005683,0.533032,0.611140,0.000623,0.544022,0.640946,0.003115,0.606207,0.549748,0.010113,0.563990,0.568103,0.010560,0.558660,0.605148,0.013491,0.567392,0.635105,0.015892
69,1695021705.075477,0,-47.9027,-47.9027,1.0016,1.2245,38.5636,392.0214,62.2095,4352.3037,2.5942,156.3904,224.6108,43.5443,29.0689,59.1428,99.7862,0.038480,0.606893,0.772141,-0.000000,0.539814,0.780432,-0.023848,0.480630,0.713049,-0.025116,0.462884,0.623755,-0.015791,0.489158,0.579230,-0.005436,0.528147,0.582675,-0.047251,0.476208,0.470845,-0.051996,0.447114,0.409583,-0.055601,0.425344,0.358851,-0.059703,0.565867,0.545693,-0.027623,0.511547,0.548153,-0.022477,0.506727,0.607140,-0.009421,0.518553,0.641462,-0.002740,0.588434,0.543073,-0.007777,0.535925,0.561195,-0.004990,0.531826,0.610367,0.001205,0.543028,0.641926,0.003698,0.604511,0.552394,0.010956,0.561682,0.566963,0.011140,0.556808,0.604101,0.013703,0.565574,0.635876,0.015895
70,1695021705.083810,0,48.2216,48.2216,1.3404,0.3388,48.7037,156.1206,11.2423,4100.1293,1.9005,165.0779,224.1702,45.0124,27.4513,56.4136,97.1395,0.037094,0.606522,0.771188,-0.000000,0.539276,0.783055,-0.024895,0.479615,0.714851,-0.025720,0.461427,0.625913,-0.015880,0.487264,0.580631,-0.004908,0.528238,0.585729,-0.046902,0.476465,0.476016,-0.052424,0.448070,0.414301,-0.056511,0.427201,0.362503,-0.060826,0.565590,0.547886,-0.027194,0.511288,0.554406,-0.023517,0.506914,0.614878,-0.011092,0.519369,0.648206,-0.004326,0.587813,0.543754,-0.007566,0.535773,0.564932,-0.006065,0.532134,0.614624,-0.000045,0.544209,0.644625,0.002849,0.603923,0.552091,0.010755,0.561777,0.571654,0.009973,0.558366,0.609631,0.012336,0.568728,0.639852,0.014820
71,1695021705.092143,0,-47.6791,-47.6791,2.7597,1.4193,40.3379,432.1046,38.8937,4385.3372,2.5031,156.7299,218.5646,40.0171,27.6784,59.7079,100.1164,0.040071,0.606747,0.774612,-0.000000,0.538968,0.786028,-0.025696,0.478283,0.715044,-0.026529,0.460675,0.624979,-0.016472,0.488140,0.582874,-0.005220,0.527426,0.586543,-0.047908,0.475416,0.475662,-0.053882,0.445743,0.414246,-0.058268,0.423694,0.362896,-0.062920,0.565261,0.548110,-0.027981,0.509619,0.554429,-0.024715,0.505816,0.615697,-0.011986,0.519194,0.648363,-0.005009,0.587697,0.544409,-0.008246,0.534536,0.565171,-0.006955,0.531480,0.615118,-0.000278,0.544406,0.645138,0.003051,0.604056,0.553630,0.010002,0.560997,0.573426,0.008675,0.558028,0.611169,0.010986,0.569030,0.641328,0.013483
72,1695021705.100477,0,47.1305,47.1305,25.3034,22.5437,47.8530,288.9673,3.0198,4123.2353,2.3166,160.3997,217.5768,39.1999,27.5750,60.5541,101.8548,0.041353,0.606142,0.774206,-0.000000,0.537837,0.786729,-0.025318,0.476766,0.716040,-0.027388,0.458783,0.624840,-0.019025,0.486338,0.584002,-0.009901,0.525562,0.588801,-0.048957,0.473317,0.477525,-0.054470,0.444071,0.417261,-0.058000,0.422292,0.366580,-0.062429,0.563632,0.548551,-0.030473,0.506951,0.560395,-0.028254,0.503404,0.621852,-0.015986,0.516770,0.652908,-0.009378,0.585998,0.544622,-0.011984,0.532352,0.571308,-0.010691,0.529687,0.621249,-0.003757,0.542700,0.649729,-0.000685,0.601936,0.555055,0.004916,0.558402,0.578289,0.003826,0.555895,0.615913,0.006430,0.567243,0.645137,0.008862
73,1695021705.108810,0,51.9841,51.9841,24.9717,-0.3317,47.4999,308.1747,17.0376,4141.5694,2.2829,162.7840,217.4029,32.4611,26.2302,62.2588,104.3856,0.044163,0.606142,0.775731,-0.000000,0.537451,0.787366,-0.023425,0.477364,0.719467,-0.022971,0.458893,0.630597,-0.011759,0.484083,0.588058,0.000683,0.524426,0.589560,-0.047580,0.470803,0.478411,-0.052812,0.441724,0.417906,-0.056678,0.419703,0.366291,-0.061081,0.561950,0.550838,-0.028402,0.505162,0.555422,-0.024394,0.500853,0.615940,-0.011995,0.512827,0.648075,-0.005599,0.584057,0.545401,-0.009011,0.530101,0.567302,-0.006590,0.526430,0.616453,-0.000537,0.538198,0.645810,0.001915,0.599421,0.553262,0.009135,0.555856,0.572182,0.008436,0.551101,0.609565,0.010229,0.560199,0.640312,0.012099
74,1695021705.117143,0,48.8371,48.8371,0.1539,-24.8178,38.7226,465.3561,32.3069,4134.4662,1.8264,163.6952,209.9135,33.3144,25.3375,61.6924,103.3030,0.043414,0.603963,0.776330,-0.000000,0.536280,0.788050,-0.024742,0.476651,0.720783,-0.026347,0.458442,0.631128,-0.017204,0.483495,0.587549,-0.007121,0.523717,0.593081,-0.049855,0.470350,0.483594,-0.055903,0.440655,0.423101,-0.060144,0.418134,0.372521,-0.064741,0.560823,0.552363,-0.030573,0.505739,0.557796,-0.027438,0.502379,0.616409,-0.014971,0.515147,0.648649,-0.008434,0.583018,0.547129,-0.011123,0.530686,0.569014,-0.009646,0.527834,0.616978,-0.003326,0.540047,0.646509,-0.000615,0.598881,0.554684,0.007039,0.556879,0.574193,0.006106,0.553584,0.610265,0.008344,0.563562,0.639404,0.010393
75,1695021705.125477,0,-56.9397,-56.9397,-2.3152,-2.4690,49.8970,245.4361,81.9262,4685.1683,1.7142,167.1235,210.1417,28.2454,24.8668,62.4848,103.9149,0.045616,0.601965,0.777106,-0.000000,0.534594,0.788772,-0.022420,0.475765,0.723096,-0.022226,0.456906,0.636780,-0.010941,0.481380,0.592748,0.001408,0.521366,0.593286,-0.049413,0.469639,0.484397,-0.056408,0.439634,0.423182,-0.063067,0.416670,0.372137,-0.069297,0.558486,0.554273,-0.029162,0.505085,0.559748,-0.022384,0.501903,0.620349,-0.008442,0.514374,0.653312,-0.002075,0.581253,0.549726,-0.008639,0.529905,0.569719,-0.003444,0.526101,0.618854,0.003493,0.538222,0.649034,0.005494,0.597738,0.556684,0.010816,0.556837,0.575592,0.012272,0.552368,0.613202,0.014683,0.561966,0.642841,0.016208
76,1695021705.133810,0,-57.0263,-57.0263,-26.0392,-23.7241,52.0995,290.3102,36.5795,4667.4469,1.6282,168.5401,209.8997,29.4384,24.6522,61.8176,103.5763,0.044950,0.602557,0.776223,-0.000000,0.534816,0.790192,-0.021502,0.475191,0.724137,-0.021712,0.455999,0.636364,-0.011228,0.480192,0.592472,0.000167,0.518488,0.594510,-0.048407,0.467058,0.485983,-0.055610,0.437991,0.424149,-0.062395,0.416187,0.372395,-0.068722,0.556528,0.553570,-0.029340,0.504178,0.560539,-0.023229,0.501860,0.619998,-0.009881,0.515084,0.651696,-0.003822,0.580461,0.549172,-0.009950,0.530287,0.570540,-0.005145,0.527764,0.618333,0.001480,0.541162,0.647848,0.003191,0.597983,0.557841,0.008406,0.558292,0.578332,0.009685,0.555179,0.614784,0.012081,0.565787,0.643723,0.013604
77,1695021705.142143,0,51.6342,51.6342,-0.0875,25.9517,52.8230,317.6955,38.3714,4739.0055,2.6498,172.5864,207.2841,24.9067,23.8007,61.5312,102.5405,0.044816,0.600772,0.773123,-0.000000,0.532901,0.790695,-0.023880,0.472460,0.725065,-0.025047,0.454794,0.637509,-0.015828,0.479879,0.595320,-0.005746,0.516553,0.593386,-0.047441,0.465577,0.485888,-0.054481,0.435887,0.425457,-0.059669,0.413985,0.375593,-0.064703,0.554668,0.553292,-0.029199,0.503058,0.565557,-0.027130,0.500086,0.626400,-0.014803,0.513672,0.657933,-0.007923,0.578718,0.550635,-0.011119,0.529028,0.575918,-0.010892,0.526295,0.623326,-0.004713,0.539442,0.650903,-0.001686,0.596506,0.560689,0.005674,0.556076,0.584975,0.003643,0.553379,0.620942,0.005740,0.564490,0.648222,0.008039
78,1695021705.150477,0,44.6077,44.6077,-1.0573,-0.9699,51.6556,331.7200,40.3764,5838.5620,2.3104,174.5108,200.8241,22.5106,21.3591,59.3791,100.2846,0.044022,0.598911,0.774318,-0.000000,0.532852,0.790902,-0.022286,0.473731,0.729134,-0.023036,0.453625,0.644206,-0.013956,0.475443,0.603483,-0.003974,0.514499,0.594812,-0.043010,0.463725,0.491119,-0.048307,0.434123,0.432167,-0.052708,0.412575,0.383119,-0.057331,0.552337,0.555732,-0.025446,0.502937,0.565867,-0.021755,0.500640,0.623760,-0.010029,0.514250,0.655067,-0.003822,0.577506,0.553184,-0.007926,0.529847,0.576155,-0.006865,0.526980,0.622214,-0.001486,0.539380,0.651032,0.000893,0.596593,0.563078,0.008482,0.557449,0.583487,0.007035,0.554402,0.618559,0.009019,0.565020,0.646741,0.011172
79,1695021705.158810,0,44.6504,44.6504,25.3975,26.4549,50.9877,534.7805,2.7045,5490.8518,2.6657,176.9414,199.1856,20.2556,21.2408,58.3887,98.1535,0.042626,0.599255,0.776743,-0.000000,0.532114,0.793085,-0.023221,0.471555,0.730396,-0.024340,0.452646,0.643790,-0.015701,0.477834,0.603408,-0.006110,0.514110,0.598103,-0.044189,0.462930,0.493240,-0.049538,0.433191,0.435184,-0.053131,0.411088,0.387076,-0.057204,0.551482,0.557019,-0.026803,0.500478,0.567853,-0.024439,0.497600,0.626381,-0.012820,0.510755,0.658522,-0.006242,0.575675,0.552666,-0.009517,0.526849,0.578265,-0.009510,0.523818,0.624376,-0.004110,0.535901,0.653530,-0.001299,0.594057,0.561972,0.006521,0.554281,0.584760,0.004585,0.551102,0.619494,0.006486,0.561372,0.648036,0.008783
80,1695021705.167143,0,42.0097,42.0097,24.7590,-0.6385,41.2249,780.5915,17.3668,6263.9291,1.8929,173.9205,190.9000,19.7038,22.7222,57.7077,96.4956,0.041471,0.597094,0.773356,-0.000000,0.530936,0.793331,-0.023085,0.471218,0.731831,-0.023593,0.451227,0.645761,-0.014074,0.473164,0.603901,-0.003595,0.511655,0.595900,-0.042508,0.460559,0.495393,-0.046424,0.429543,0.441134,-0.049451,0.406866,0.395502,-0.053016,0.548883,0.556945,-0.023948,0.498170,0.571869,-0.018905,0.495472,0.630701,-0.007065,0.509097,0.659900,-0.000918,0.573393,0.554474,-0.005383,0.524906,0.578809,-0.003303,0.521563,0.625888,0.001446,0.533839,0.652932,0.003300,0.591589,0.563857,0.012092,0.551533,0.585922,0.011945,0.548456,0.621335,0.014062,0.559784,0.648257,0.016159
81,1695021705.175477,0,-45.1183,-45.1183,-24.1881,-48.9471,36.4780,809.1172,62.1614,6074.5818,2.3925,176.5347,188.8744,18.4138,26.9939,61.8787,100.4229,0.044479,0.595916,0.772938,-0.000000,0.529674,0.794997,-0.023182,0.468474,0.734230,-0.024253,0.449309,0.648035,-0.015390,0.474029,0.607264,-0.005618,0.509003,0.600083,-0.042113,0.458785,0.498730,-0.046702,0.427406,0.441607,-0.051095,0.404344,0.394646,-0.055998,0.545662,0.559354,-0.023836,0.497198,0.571802,-0.018625,0.494868,0.630631,-0.006769,0.508842,0.661257,-0.000910,0.570289,0.556056,-0.005725,0.523740,0.576996,-0.003412,0.520732,0.625679,0.001901,0.534007,0.655566,0.003919,0.589561,0.564303,0.011168,0.551040,0.584575,0.010724,0.548120,0.621077,0.012664,0.559570,0.649400,0.014528
82,1695021705.183810,0,39.5361,39.5361,-1.2679,22.9202,35.1787,677.9053,36.6807,4735.4715,2.3243,167.4390,183.5792,22.6078,28.8705,60.4145,97.7537,0.041809,0.594682,0.775056,-0.000000,0.528856,0.797730,-0.021025,0.469922,0.738101,-0.021128,0.449257,0.654317,-0.012013,0.470791,0.611413,-0.002082,0.506051,0.600150,-0.038563,0.456438,0.502420,-0.042036,0.425150,0.447436,-0.045219,0.402632,0.402731,-0.049025,0.543459,0.559837,-0.021543,0.496740,0.578546,-0.015958,0.494855,0.635264,-0.004227,0.508942,0.663840,0.001784,0.569353,0.558171,-0.004606,0.524050,0.583352,-0.002423,0.520837,0.629598,0.002321,0.533247,0.656732,0.004181,0.589126,0.568942,0.011342,0.551586,0.591408,0.011157,0.548415,0.625998,0.013157,0.559271,0.653029,0.015169
83,1695021705.192143,0,-32.7070,-32.7070,-19.3394,-18.0715,39.8975,986.3308,30.9512,4183.1638,2.5273,161.4745,176.2653,29.5272,30.7137,57.2568,91.8179,0.037737,0.595117,0.774586,-0.000000,0.529219,0.800034,-0.022412,0.468477,0.740654,-0.022814,0.446344,0.656848,-0.014168,0.468441,0.618126,-0.004503,0.507308,0.603675,-0.037252,0.455103,0.507533,-0.039402,0.423697,0.455375,-0.040633,0.401805,0.411908,-0.043076,0.543494,0.563226,-0.020352,0.494414,0.582065,-0.016633,0.491033,0.639928,-0.005923,0.504666,0.669101,0.000242,0.568128,0.559303,-0.003686,0.521970,0.585690,-0.003631,0.517568,0.632365,0.000120,0.528974,0.658934,0.002191,0.587296,0.568383,0.011905,0.548097,0.590810,0.011025,0.543899,0.625644,0.012966,0.554243,0.653735,0.015315
84,1695021705.200477,0,-45.3090,-45.3090,-21.8297,-2.4903,40.3493,983.4160,80.2750,3411.7755,3.3404,162.5008,168.6810,31.7169,34.9741,60.1667,94.5073,0.038869,0.593020,0.771328,-0.000000,0.528394,0.799634,-0.021414,0.467835,0.742975,-0.023049,0.445437,0.659292,-0.015668,0.465543,0.615878,-0.007615,0.505733,0.610439,-0.041304,0.453255,0.510988,-0.046642,0.421741,0.456986,-0.050962,0.398951,0.414083,-0.055444,0.541600,0.566730,-0.025183,0.493761,0.582778,-0.022739,0.491485,0.639509,-0.011955,0.504990,0.667303,-0.006090,0.566706,0.561592,-0.009101,0.522164,0.585808,-0.009267,0.518958,0.629656,-0.004328,0.531790,0.655180,-0.001912,0.586271,0.569959,0.006047,0.548224,0.590486,0.005049,0.545198,0.624111,0.008264,0.557162,0.649721,0.011322
85,1695021705.208810,0,48.7408,48.7408,23.4648,45.2945,42.0811,1009.2310,61.0120,3880.9683,2.4048,165.8372,167.2899,30.6970,37.0466,62.3013,94.7540,0.038682,0.592019,0.775035,-0.000000,0.526165,0.801922,-0.022108,0.466420,0.743129,-0.023297,0.444444,0.659633,-0.014791,0.464798,0.616782,-0.005600,0.505165,0.610022,-0.044637,0.452250,0.514415,-0.051239,0.420520,0.461204,-0.056245,0.397663,0.417228,-0.060917,0.541189,0.566243,-0.027368,0.491237,0.584152,-0.024126,0.489015,0.642594,-0.012083,0.503220,0.670108,-0.005712,0.565716,0.561520,-0.010163,0.519046,0.586889,-0.010097,0.515816,0.633036,-0.004512,0.529234,0.658331,-0.001793,0.584639,0.570769,0.006112,0.545739,0.593405,0.004981,0.542498,0.628371,0.008164,0.554429,0.654596,0.011123
86,1695021705.217143,0,47.7158,47.7158,2.0449,-21.4199,41.6316,743.7673,24.9102,3659.7878,2.7169,165.6721,163.3541,35.0156,44.3784,68.0347,99.5553,0.040805,0.590584,0.777232,-0.000000,0.524583,0.803539,-0.020123,0.464730,0.744773,-0.019958,0.442817,0.661172,-0.010039,0.463238,0.616357,0.000583,0.502273,0.611771,-0.042813,0.448659,0.517228,-0.047594,0.416636,0.465091,-0.052216,0.393385,0.421336,-0.056820,0.538033,0.567961,-0.025148,0.489006,0.580822,-0.017790,0.486750,0.636957,-0.004655,0.500635,0.664497,0.001513,0.563099,0.562702,-0.007283,0.517552,0.582984,-0.003552,0.513997,0.628375,0.001713,0.527057,0.654719,0.003241,0.582684,0.570329,0.009872,0.545050,0.588400,0.011383,0.541393,0.622169,0.014434,0.553017,0.648630,0.016542
87,1695021705.225477,0,-44.8075,-44.8075,-3.0251,-5.0701,43.9176,766.4802,4.2259,3580.0544,2.4288,162.3287,155.1147,40.9463,49.7733,70.1938,99.5717,0.039673,0.587831,0.771562,-0.000000,0.522280,0.801593,-0.022213,0.463757,0.745146,-0.021699,0.441947,0.665095,-0.010497,0.460492,0.623069,0.001605,0.498795,0.614047,-0.044096,0.445390,0.521361,-0.048165,0.413084,0.471151,-0.052379,0.389910,0.429126,-0.056532,0.533670,0.570561,-0.024213,0.485055,0.584053,-0.015656,0.482790,0.641772,-0.002270,0.496876,0.669498,0.003880,0.558035,0.563820,-0.004305,0.512110,0.583851,0.000141,0.509640,0.631165,0.004219,0.523450,0.656180,0.004748,0.577101,0.567515,0.014930,0.538802,0.585476,0.017299,0.535715,0.620579,0.019824,0.547982,0.646266,0.021209
88,1695021705.233810,0,-47.9052,-47.9052,-0.6491,2.3761,46.1789,414.1619,30.5691,3914.8111,2.0755,167.3526,158.2146,37.2788,51.8919,74.8726,104.5770,0.042628,0.586762,0.772862,-0.000000,0.521047,0.801921,-0.021366,0.461962,0.746795,-0.022507,0.440320,0.664194,-0.014064,0.460879,0.620746,-0.004941,0.498668,0.613463,-0.043946,0.442311,0.519272,-0.050017,0.410108,0.466262,-0.055224,0.386952,0.422533,-0.060102,0.534233,0.568082,-0.026987,0.486451,0.581489,-0.022601,0.484723,0.637078,-0.010447,0.498883,0.664876,-0.004297,0.559679,0.562939,-0.010023,0.515498,0.582977,-0.009346,0.512873,0.627394,-0.004481,0.526757,0.653356,-0.002395,0.579757,0.571078,0.006172,0.543583,0.588661,0.005464,0.540672,0.620979,0.008389,0.553172,0.645585,0.010919
89,1695021705.242143,0,-52.0982,-52.0982,-25.2098,-24.5607,47.3322,907.0250,85.3064,2978.5960,1.8371,168.1975,156.0068,38.7434,53.0424,76.2541,107.1556,0.044994,0.585702,0.772698,-0.000000,0.520876,0.803873,-0.022364,0.460065,0.750319,-0.024950,0.436972,0.664641,-0.018346,0.458512,0.620347,-0.010938,0.497563,0.618038,-0.045004,0.440904,0.520852,-0.053495,0.409108,0.466573,-0.060193,0.385798,0.422303,-0.066153,0.532766,0.571637,-0.029191,0.483166,0.583601,-0.028426,0.481310,0.640028,-0.017308,0.495691,0.666910,-0.011137,0.557693,0.564193,-0.013664,0.512361,0.584887,-0.015334,0.508985,0.628947,-0.009544,0.523257,0.654069,-0.006197,0.577698,0.571218,0.000755,0.541280,0.589263,-0.001463,0.537351,0.621862,0.001716,0.549690,0.645631,0.004908
90,1695021705.250477,0,-49.1533,-49.1533,-24.2173,0.9925,38.5538,1022.8047,47.1253,3621.3537,2.4199,168.1921,153.7281,41.3318,56.3482,77.1143,105.1405,0.042309,0.584887,0.772749,-0.000000,0.520272,0.805679,-0.021083,0.460221,0.751703,-0.021908,0.437945,0.667253,-0.012845,0.457245,0.620034,-0.002891,0.495769,0.619427,-0.044389,0.439477,0.523023,-0.049814,0.407799,0.470330,-0.054992,0.384133,0.426187,-0.060078,0.530142,0.572035,-0.026727,0.480855,0.586073,-0.020333,0.479252,0.644119,-0.007612,0.493363,0.671950,-0.001715,0.554561,0.563814,-0.008930,0.508856,0.583763,-0.005597,0.506312,0.631163,-0.000311,0.520586,0.657639,0.001190,0.574202,0.568235,0.008060,0.537658,0.585766,0.009785,0.534080,0.620020,0.013010,0.546308,0.645021,0.015141
91,1695021705.258810,0,-51.1250,-51.1250,-1.5794,22.6379,2.5656,216.6119,55.6550,3714.4504,1.7802,172.2292,150.8542,44.0270,59.5789,79.9402,106.6859,0.041685,0.585382,0.775686,-0.000000,0.519997,0.807480,-0.022203,0.458806,0.752841,-0.022850,0.436160,0.667885,-0.013333,0.457096,0.621902,-0.002738,0.494028,0.621224,-0.045689,0.436926,0.524318,-0.052292,0.404980,0.469514,-0.057993,0.381649,0.424459,-0.063239,0.529010,0.573637,-0.027976,0.480371,0.585920,-0.023538,0.479113,0.645039,-0.011014,0.494093,0.674466,-0.004612,0.554286,0.565482,-0.010343,0.509296,0.584786,-0.009051,0.506668,0.632070,-0.003813,0.521450,0.659062,-0.001609,0.574910,0.570430,0.006384,0.538828,0.588652,0.006532,0.535176,0.622492,0.009528,0.547808,0.647524,0.011968
92,1695021705.267143,0,-50.7436,-50.7436,-0.7096,0.8698,1.4910,373.4366,4.6998,3756.6681,1.9657,169.8873,148.6927,47.9079,62.6325,82.3697,108.4340,0.042302,0.583201,0.772914,-0.000000,0.517937,0.806252,-0.021163,0.458409,0.754601,-0.022544,0.435061,0.671531,-0.014301,0.455115,0.624229,-0.005218,0.492532,0.621543,-0.044498,0.435833,0.526592,-0.051159,0.403458,0.473217,-0.057008,0.379844,0.429195,-0.062267,0.527160,0.574509,-0.027168,0.480009,0.586302,-0.022570,0.479426,0.642021,-0.010010,0.494392,0.669918,-0.003560,0.552756,0.566878,-0.009797,0.508866,0.585522,-0.008342,0.506814,0.630534,-0.002900,0.521504,0.656404,-0.000506,0.573323,0.572259,0.006774,0.538727,0.588036,0.006903,0.535165,0.621226,0.009935,0.547409,0.645496,0.012460
93,1695021705.275477,0,-39.0167,-39.0167,3.2704,3.9799,4.8001,382.0584,64.9813,4295.7123,1.4698,166.7894,147.0717,50.2744,62.3709,79.7630,104.0018,0.038277,0.584017,0.778678,-0.000000,0.517688,0.809238,-0.019942,0.457628,0.754430,-0.019462,0.434681,0.671704,-0.009556,0.454931,0.626521,0.001043,0.491146,0.619192,-0.040415,0.436271,0.527133,-0.043626,0.404512,0.476710,-0.046621,0.381735,0.434524,-0.050217,0.526956,0.573916,-0.023413,0.479826,0.587827,-0.016324,0.478185,0.642539,-0.003555,0.492072,0.671045,0.002652,0.553595,0.567991,-0.006252,0.509061,0.587256,-0.003150,0.506731,0.632354,0.001508,0.520120,0.660101,0.002924,0.575184,0.575016,0.010169,0.538779,0.593213,0.010602,0.535567,0.625991,0.012741,0.547386,0.651857,0.014499
94,1695021705.283810,0,-34.8397,-34.8397,3.5784,0.3081,6.7347,555.2646,30.7607,4410.7648,1.7049,161.2245,140.9583,53.4664,67.4383,84.5096,107.2386,0.038060,0.584554,0.779342,-0.000000,0.517597,0.809519,-0.020271,0.456470,0.753374,-0.019349,0.434185,0.669632,-0.008845,0.455469,0.623734,0.002689,0.491390,0.620192,-0.039680,0.433571,0.528058,-0.041957,0.400919,0.479123,-0.043584,0.378048,0.437096,-0.046048,0.526584,0.574537,-0.022307,0.478117,0.587681,-0.014626,0.476935,0.640103,-0.001130,0.492393,0.667272,0.005838,0.552165,0.567941,-0.004953,0.507655,0.587512,-0.002571,0.505859,0.631648,0.001161,0.519752,0.658148,0.002406,0.572877,0.573871,0.011794,0.536622,0.592237,0.012385,0.534363,0.624084,0.014357,0.546964,0.649010,0.016014
95,1695021705.292143,0,40.4723,40.4723,22.8993,19.3209,34.3632,1400.0918,69.6238,4347.3810,0.7457,162.2469,144.4005,53.3924,68.2310,86.6810,110.8845,0.041035,0.584211,0.777573,-0.000000,0.517650,0.809475,-0.020712,0.457406,0.755717,-0.020795,0.433260,0.672471,-0.011505,0.452729,0.627348,-0.001426,0.488957,0.619698,-0.040191,0.433571,0.527985,-0.043808,0.400826,0.477185,-0.047021,0.377188,0.435524,-0.050496,0.523768,0.573730,-0.023387,0.478739,0.588482,-0.016756,0.477656,0.641139,-0.004047,0.492640,0.669916,0.002568,0.549791,0.567573,-0.006729,0.507584,0.587264,-0.005204,0.505848,0.631501,-0.001665,0.519493,0.658620,-0.000340,0.571107,0.574235,0.009253,0.537450,0.592200,0.009594,0.535016,0.623760,0.011665,0.547104,0.648890,0.013471
96,1695021705.300477,0,-39.9174,-39.9174,2.7065,-20.1928,33.0605,293.6127,19.9473,4238.9245,0.9989,162.3866,142.3573,54.7777,68.3131,85.4376,108.6420,0.039071,0.584553,0.779948,-0.000000,0.517147,0.811011,-0.020271,0.455378,0.754098,-0.020102,0.432839,0.668293,-0.010900,0.453917,0.621490,-0.000944,0.489654,0.621294,-0.039984,0.433335,0.529788,-0.043938,0.400765,0.479989,-0.046647,0.377726,0.437466,-0.049843,0.525142,0.575702,-0.024352,0.476772,0.587503,-0.019454,0.475613,0.639417,-0.007335,0.491166,0.665184,-0.000936,0.550438,0.567811,-0.008837,0.505178,0.585411,-0.008875,0.502974,0.629149,-0.004806,0.517127,0.655213,-0.002885,0.570918,0.572963,0.005927,0.533268,0.587871,0.004663,0.530481,0.619412,0.006866,0.543377,0.644544,0.009032
97,1695021705.308810,0,40.1569,40.1569,19.7934,17.0869,38.3677,1282.2688,5.2683,4533.5566,1.4862,165.2762,142.8242,53.5346,67.4371,85.2005,108.2281,0.038822,0.583409,0.781698,-0.000000,0.516167,0.812250,-0.020360,0.454868,0.754920,-0.019667,0.431697,0.669000,-0.009347,0.453784,0.622717,0.001954,0.489427,0.622420,-0.041635,0.433012,0.527249,-0.044993,0.400780,0.476737,-0.047199,0.377267,0.435318,-0.049963,0.524653,0.575578,-0.024445,0.475757,0.587041,-0.017423,0.473652,0.639385,-0.003557,0.487767,0.667805,0.003727,0.550157,0.568010,-0.007317,0.504720,0.588607,-0.004888,0.502078,0.632400,-0.000617,0.515154,0.659331,0.000888,0.570912,0.573258,0.009101,0.534440,0.592252,0.009742,0.530793,0.624227,0.011533,0.541927,0.650087,0.012951
98,1695021705.317143,0,-42.6377,-42.6377,-1.9495,-21.7429,39.0011,98.3445,45.0440,4291.3536,1.3886,166.0285,142.9576,55.1287,71.1965,89.5192,112.1283,0.040743,0.582035,0.780055,-0.000000,0.515790,0.810139,-0.020515,0.455608,0.755584,-0.019714,0.431556,0.672820,-0.009078,0.451176,0.626511,0.002597,0.487275,0.621363,-0.041634,0.430942,0.527605,-0.045314,0.398154,0.476504,-0.048489,0.374654,0.434171,-0.051807,0.522645,0.575929,-0.023717,0.475309,0.588177,-0.015717,0.472422,0.641749,-0.002129,0.486299,0.670671,0.004706,0.549081,0.569675,-0.005770,0.504716,0.587071,-0.002664,0.501034,0.631537,0.001396,0.513900,0.659163,0.002753,0.570440,0.576017,0.011555,0.534803,0.590695,0.012710,0.530014,0.622732,0.014961,0.541172,0.649172,0.016851
99,1695021705.325477,0,38.8425,38.8425,-0.4075,1.5420,39.7445,145.3896,49.1169,4273.9923,1.3598,165.7654,141.5759,56.3524,69.6274,86.1694,108.4244,0.038934,0.582653,0.779897,-0.000000,0.516041,0.810722,-0.018660,0.455135,0.755033,-0.017498,0.432095,0.672730,-0.007381,0.452691,0.627770,0.003440,0.487332,0.622346,-0.038705,0.433082,0.529111,-0.041932,0.401133,0.478774,-0.044234,0.378153,0.438217,-0.047037,0.522373,0.575238,-0.022739,0.477283,0.591848,-0.016025,0.475195,0.643593,-0.003083,0.488771,0.671822,0.003588,0.548788,0.567495,-0.006767,0.506089,0.589285,-0.005005,0.503602,0.632510,-0.001310,0.516125,0.659794,-0.000029,0.570577,0.572685,0.008666,0.535769,0.591847,0.008719,0.532403,0.623281,0.010540,0.543470,0.648830,0.012204
100,1695021705.333810,0,41.9265,41.9265,20.4610,20.8685,39.9901,1555.2746,80.2099,4334.8007,2.0497,162.2670,141.4480,54.8921,70.9338,88.3400,111.1661,0.040671,0.581555,0.777452,-0.000000,0.513214,0.808450,-0.019227,0.452329,0.751834,-0.019143,0.431877,0.669484,-0.010481,0.454041,0.627483,-0.001343,0.488135,0.620981,-0.038574,0.432412,0.532761,-0.044225,0.398950,0.481175,-0.049247,0.375440,0.438240,-0.054013,0.523884,0.575113,-0.023957,0.478961,0.592207,-0.020124,0.478668,0.644165,-0.008413,0.494732,0.669556,-0.002102,0.549752,0.568278,-0.009627,0.507296,0.587858,-0.010248,0.505396,0.631001,-0.005810,0.520252,0.656327,-0.003526,0.570939,0.575558,0.003949,0.536389,0.592328,0.002383,0.534225,0.623753,0.005199,0.547791,0.647833,0.007911
101,1695021705.342143,0,-45.0956,-45.0956,-21.3131,-41.7741,41.2562,1612.0915,31.5417,4457.2697,1.5304,165.3140,142.3775,51.7401,71.2931,90.8394,115.1700,0.045030,0.581187,0.775610,-0.000000,0.514183,0.808525,-0.021871,0.452092,0.755997,-0.023388,0.429303,0.671102,-0.015633,0.450376,0.626217,-0.007259,0.487532,0.619926,-0.042336,0.431204,0.527915,-0.048094,0.397703,0.474876,-0.053074,0.373323,0.432204,-0.057818,0.522439,0.572059,-0.026071,0.475731,0.591415,-0.022307,0.474535,0.647237,-0.010380,0.489801,0.674861,-0.003832,0.547827,0.565323,-0.010071,0.504443,0.588568,-0.010926,0.501979,0.633252,-0.006960,0.516607,0.659414,-0.004756,0.568599,0.572478,0.005161,0.533965,0.592038,0.003832,0.531262,0.623543,0.006440,0.544489,0.646707,0.009084
102,1695021705.350477,0,-46.2474,-46.2474,-0.9024,20.4107,41.6909,196.5998,75.1079,4322.4961,0.9807,163.9059,141.0502,53.7875,73.6223,92.9657,116.5651,0.046194,0.578554,0.772754,-0.000000,0.512991,0.806140,-0.020916,0.452674,0.757326,-0.023413,0.428730,0.674096,-0.016995,0.447751,0.628092,-0.010122,0.486819,0.620103,-0.043620,0.430084,0.527937,-0.049816,0.396728,0.474704,-0.055178,0.372231,0.432282,-0.060053,0.521348,0.572860,-0.027943,0.475540,0.586374,-0.024531,0.472690,0.640684,-0.013287,0.486643,0.669436,-0.007307,0.547502,0.565545,-0.012074,0.504567,0.583307,-0.012526,0.500732,0.627012,-0.007965,0.514535,0.653837,-0.005474,0.568954,0.571623,0.003167,0.534758,0.586438,0.002856,0.530506,0.617776,0.006705,0.542707,0.641287,0.010161
103,1695021705.358810,0,43.8162,43.8162,1.2434,2.1459,42.7501,175.9397,75.2980,4459.0801,1.4917,165.8943,140.9964,56.0209,73.5788,92.4720,116.0473,0.043858,0.580518,0.774888,-0.000000,0.513355,0.806745,-0.019885,0.452215,0.753800,-0.020557,0.429468,0.672262,-0.012718,0.450227,0.628648,-0.004415,0.486875,0.618598,-0.038977,0.430868,0.528141,-0.044248,0.397492,0.476162,-0.048744,0.373587,0.433894,-0.053360,0.522500,0.572063,-0.024175,0.476665,0.591990,-0.021830,0.475707,0.645801,-0.011269,0.490265,0.672809,-0.005492,0.548838,0.564828,-0.009493,0.505721,0.588813,-0.010651,0.503172,0.631762,-0.006352,0.516667,0.657462,-0.004046,0.570304,0.571953,0.004360,0.534870,0.592690,0.002213,0.531943,0.624745,0.004708,0.544499,0.648950,0.007412
104,1695021705.367143,0,39.5956,39.5956,-0.5827,-1.8261,42.8644,329.7649,6.7433,4628.0908,1.5541,159.5818,135.0505,59.2543,78.6104,96.7001,118.5626,0.043730,0.581642,0.777629,-0.000000,0.513383,0.807858,-0.020074,0.451248,0.750723,-0.019517,0.429475,0.667366,-0.009729,0.451850,0.622967,0.000743,0.486930,0.619914,-0.040521,0.428629,0.529672,-0.044865,0.394305,0.479382,-0.048250,0.369782,0.436897,-0.051818,0.522233,0.573236,-0.024347,0.473681,0.590411,-0.018816,0.473391,0.643997,-0.005866,0.489526,0.669748,0.001070,0.547210,0.565252,-0.008330,0.501842,0.585553,-0.007672,0.499808,0.629789,-0.003182,0.514119,0.655268,-0.001030,0.567581,0.570423,0.007004,0.529708,0.586518,0.006650,0.526524,0.618139,0.009505,0.539312,0.643112,0.012034
105,1695021705.375477,0,-38.9903,-38.9903,1.5263,2.1090,41.8092,172.9134,8.3133,4170.9228,0.9175,165.2963,139.2058,53.9632,73.9108,93.7234,117.2356,0.045163,0.579535,0.776210,-0.000000,0.512076,0.808115,-0.019889,0.450776,0.751882,-0.019697,0.428320,0.669041,-0.010666,0.450280,0.624646,-0.000946,0.485807,0.617519,-0.039095,0.428936,0.526209,-0.043960,0.395667,0.474442,-0.047794,0.372388,0.431326,-0.051705,0.522122,0.571306,-0.023317,0.476496,0.590321,-0.018879,0.475950,0.643938,-0.006540,0.491238,0.669658,0.000193,0.549183,0.565648,-0.007753,0.506379,0.587763,-0.007534,0.504428,0.631766,-0.002964,0.518549,0.656982,-0.000766,0.571788,0.573911,0.007027,0.537256,0.594384,0.005921,0.534723,0.626342,0.008311,0.547316,0.650152,0.010690
106,1695021705.383810,0,-39.1327,-39.1327,1.7787,0.2524,40.8475,49.5886,61.5375,4462.8478,1.0342,163.9807,143.6668,56.8544,76.8774,96.6168,120.0924,0.046847,0.580749,0.774957,-0.000000,0.513094,0.806756,-0.020300,0.450650,0.751945,-0.020297,0.428860,0.668136,-0.011619,0.451846,0.623078,-0.002197,0.485803,0.616882,-0.038105,0.428802,0.524309,-0.041307,0.394887,0.473668,-0.043553,0.371004,0.431516,-0.046608,0.521031,0.571973,-0.022753,0.474579,0.589728,-0.019381,0.473798,0.642542,-0.008331,0.489496,0.668709,-0.002100,0.547095,0.564646,-0.007496,0.503600,0.586063,-0.007683,0.501509,0.629808,-0.003748,0.515568,0.656141,-0.001724,0.568931,0.570452,0.006856,0.533402,0.591085,0.005893,0.530669,0.622804,0.008005,0.543470,0.646786,0.010260
107,1695021705.392143,0,-40.7197,-40.7197,-21.1340,-22.9127,39.8656,1802.9022,49.3509,4394.2874,0.9996,162.6883,141.0623,55.6618,73.8625,92.2325,115.6582,0.044564,0.581019,0.776262,-0.000000,0.513551,0.807205,-0.019100,0.451383,0.751995,-0.018606,0.428274,0.668656,-0.009274,0.448710,0.622063,0.000632,0.484175,0.617903,-0.038467,0.428867,0.527186,-0.042893,0.395628,0.475899,-0.046799,0.372120,0.434362,-0.050868,0.520297,0.571492,-0.022873,0.474589,0.589659,-0.017410,0.474184,0.642789,-0.004942,0.489173,0.668954,0.001534,0.547403,0.564956,-0.007407,0.503813,0.586265,-0.006431,0.501435,0.630548,-0.001858,0.515074,0.656908,0.000036,0.570075,0.572095,0.007384,0.534111,0.591674,0.006206,0.530647,0.624242,0.008384,0.542712,0.649170,0.010508
108,1695021705.400477,0,38.6656,38.6656,-0.2325,20.9015,38.5828,229.7990,72.4291,4267.0776,0.9133,162.1829,140.9353,55.7648,76.3762,95.6867,119.2915,0.047223,0.581819,0.774769,-0.000000,0.514767,0.807501,-0.019671,0.452126,0.752759,-0.019747,0.428102,0.669008,-0.011420,0.447864,0.623221,-0.002593,0.485092,0.618418,-0.037850,0.429706,0.527823,-0.042408,0.395959,0.476282,-0.045709,0.372168,0.434703,-0.049254,0.520243,0.570783,-0.023495,0.473818,0.589478,-0.020482,0.472989,0.641445,-0.009563,0.488151,0.666955,-0.003504,0.545980,0.561936,-0.009367,0.501830,0.583106,-0.011321,0.499754,0.626254,-0.007629,0.513377,0.651634,-0.005448,0.567597,0.567137,0.004071,0.530469,0.585423,0.001553,0.527509,0.616193,0.003880,0.540034,0.640962,0.006519
109,1695021705.408810,0,-38.2810,-38.2810,0.1773,0.4098,31.1888,221.4455,13.3401,4259.1063,1.7760,167.1906,145.1572,53.1882,73.8340,94.1770,119.3919,0.049040,0.578714,0.772515,-0.000000,0.511285,0.805158,-0.020124,0.450183,0.750339,-0.020323,0.428593,0.667869,-0.012026,0.450028,0.624519,-0.003161,0.482236,0.614031,-0.037046,0.428085,0.522960,-0.040921,0.395088,0.471049,-0.044152,0.372224,0.428142,-0.047844,0.519005,0.568886,-0.022103,0.474965,0.590959,-0.018791,0.474198,0.645794,-0.008036,0.489932,0.672602,-0.002023,0.546733,0.563619,-0.007369,0.504718,0.587171,-0.007884,0.502736,0.632490,-0.003911,0.516989,0.658187,-0.001864,0.570126,0.571753,0.006470,0.535693,0.594442,0.005108,0.533204,0.627354,0.007568,0.545889,0.651116,0.010218
110,1695021705.417143,0,47.4088,47.4088,21.6354,21.4580,40.4771,2031.6277,81.3628,4140.8057,0.6873,167.7199,145.2194,53.5090,75.3150,95.9888,120.5125,0.049560,0.579357,0.772484,-0.000000,0.512538,0.804296,-0.017383,0.452610,0.753842,-0.017269,0.428972,0.673616,-0.008147,0.444934,0.625008,0.001193,0.482641,0.617965,-0.042462,0.427656,0.524613,-0.047971,0.395101,0.471086,-0.053062,0.371506,0.428158,-0.057615,0.517564,0.570716,-0.026935,0.474218,0.586988,-0.020484,0.473733,0.640969,-0.007856,0.487952,0.668683,-0.001861,0.544732,0.563335,-0.010883,0.503054,0.582653,-0.008156,0.501306,0.626703,-0.003159,0.514745,0.654112,-0.001617,0.567017,0.569448,0.004878,0.533346,0.588676,0.006280,0.530464,0.620298,0.010123,0.542189,0.644146,0.012983
111,1695021705.425477,0,-46.5002,-46.5002,-1.4451,-23.0805,41.7553,178.7917,38.2097,4018.4685,1.1742,165.0008,145.3729,55.2919,75.6538,95.2521,119.3675,0.048146,0.579244,0.773224,-0.000000,0.511502,0.806506,-0.018740,0.450577,0.752536,-0.019409,0.428200,0.669938,-0.011327,0.446647,0.623207,-0.003045,0.483892,0.619204,-0.041875,0.429042,0.526305,-0.046509,0.395987,0.473693,-0.050432,0.371946,0.431954,-0.054517,0.519160,0.569909,-0.026409,0.474892,0.588294,-0.020605,0.473748,0.642291,-0.007987,0.487850,0.669816,-0.001758,0.546185,0.562792,-0.010622,0.504162,0.584928,-0.008776,0.501639,0.628277,-0.003799,0.514929,0.655174,-0.002047,0.568210,0.570357,0.004683,0.534592,0.590159,0.005425,0.531113,0.620759,0.008929,0.542492,0.644702,0.011549
112,1695021705.433810,0,-29.8018,-29.8018,-17.1169,-15.6717,40.2391,2045.1790,75.3785,4054.2920,1.0985,159.8110,142.5705,55.3081,74.1329,92.8025,116.3519,0.046379,0.578656,0.773763,-0.000000,0.510405,0.805807,-0.018213,0.449061,0.750036,-0.017114,0.426050,0.668063,-0.007479,0.447232,0.622992,0.002759,0.482372,0.613770,-0.034352,0.427826,0.525124,-0.034935,0.395309,0.475482,-0.035943,0.372618,0.434740,-0.038276,0.518367,0.568075,-0.018570,0.474459,0.587503,-0.010824,0.473711,0.639675,0.001913,0.488659,0.666032,0.008545,0.546127,0.563507,-0.002724,0.503737,0.585261,-0.000014,0.501549,0.628553,0.003548,0.515063,0.654237,0.004575,0.569183,0.571903,0.012614,0.534810,0.591990,0.013681,0.531725,0.623140,0.015744,0.543685,0.646763,0.017344
113,1695021705.442143,0,27.6745,27.6745,16.4889,33.6057,37.9928,2070.6296,11.2515,4017.9511,2.1682,161.2816,144.3456,53.2522,73.3229,92.7531,116.8999,0.048550,0.579191,0.772219,-0.000000,0.512208,0.805085,-0.017917,0.450221,0.751230,-0.016365,0.425900,0.670449,-0.006158,0.445829,0.622698,0.004607,0.481268,0.614872,-0.034518,0.428124,0.524962,-0.035260,0.396204,0.474126,-0.036157,0.374237,0.432722,-0.038165,0.516507,0.569145,-0.018787,0.473712,0.586005,-0.010525,0.473461,0.636606,0.002302,0.488430,0.663200,0.008902,0.543634,0.562009,-0.003003,0.501873,0.582476,-0.000071,0.500458,0.625603,0.003527,0.513572,0.651552,0.004537,0.566656,0.566622,0.012318,0.531111,0.585289,0.013631,0.528710,0.616504,0.015968,0.540726,0.641071,0.017728
114,1695021705.450477,0,-35.4758,-35.4758,-20.7211,-37.2100,37.5583,2156.7215,56.2722,4108.1425,1.3394,161.2508,144.8362,55.8017,78.1613,98.4212,122.6746,0.050737,0.579220,0.768790,-0.000000,0.511314,0.802606,-0.018962,0.449351,0.749807,-0.018736,0.427996,0.668148,-0.010264,0.447972,0.622573,-0.001453,0.481265,0.613642,-0.036460,0.426366,0.523071,-0.038815,0.393449,0.471459,-0.040828,0.370041,0.429873,-0.043780,0.516834,0.567246,-0.021831,0.473942,0.586732,-0.017195,0.472863,0.637429,-0.006240,0.487309,0.663782,-0.000295,0.544221,0.560199,-0.007148,0.503150,0.582452,-0.006736,0.500626,0.624132,-0.003094,0.513065,0.650231,-0.001439,0.566612,0.566729,0.006885,0.533034,0.587239,0.006171,0.529584,0.617249,0.008610,0.540588,0.639889,0.011058
115,1695021705.458810,0,43.2087,43.2087,22.4272,43.1484,36.3520,2156.5657,60.2506,4299.0962,1.6895,160.1852,140.1199,60.3374,82.9904,102.8873,126.4151,0.051087,0.580359,0.770251,-0.000000,0.512439,0.802187,-0.019499,0.450150,0.751779,-0.019894,0.427685,0.669233,-0.011796,0.447048,0.622526,-0.003105,0.482313,0.610872,-0.038777,0.425225,0.524261,-0.043244,0.390696,0.474033,-0.046846,0.366062,0.433692,-0.050545,0.517733,0.564264,-0.024254,0.474059,0.585195,-0.020705,0.472596,0.636772,-0.009794,0.487833,0.662888,-0.003748,0.544862,0.557734,-0.009760,0.503541,0.580257,-0.011242,0.500457,0.622501,-0.007969,0.513651,0.648640,-0.006064,0.567295,0.565044,0.004183,0.534248,0.584960,0.002160,0.530984,0.614139,0.004585,0.542934,0.636681,0.007367
116,1695021705.467143,0,27.0825,27.0825,14.2211,-8.2062,32.5555,2217.9626,84.6168,3962.6697,1.9931,160.5332,142.7035,56.6533,79.0632,99.4855,123.9082,0.051246,0.581342,0.773760,-0.000000,0.513458,0.806837,-0.017113,0.450771,0.751573,-0.014840,0.426272,0.669672,-0.004186,0.445359,0.623146,0.007075,0.479784,0.616370,-0.033304,0.425827,0.523154,-0.033726,0.392579,0.472233,-0.034343,0.369100,0.431881,-0.036339,0.515517,0.570242,-0.018376,0.472238,0.588050,-0.011302,0.471908,0.639320,0.000641,0.487130,0.666177,0.006918,0.543324,0.562803,-0.003316,0.500845,0.582519,-0.001130,0.499341,0.625710,0.002125,0.512602,0.652139,0.003123,0.566659,0.568074,0.011317,0.531193,0.585572,0.012090,0.527745,0.616425,0.014005,0.539286,0.640519,0.015623
117,1695021705.475477,0,30.8504,30.8504,0.7940,-13.4271,27.6916,68.0671,51.2818,3982.1574,1.1964,162.8094,142.8816,55.7469,76.0874,95.9077,120.4966,0.049637,0.580483,0.771818,-0.000000,0.511540,0.805640,-0.018039,0.449352,0.750905,-0.017104,0.426170,0.668519,-0.007923,0.444767,0.620953,0.001619,0.480375,0.614109,-0.034983,0.426939,0.524828,-0.036618,0.394211,0.473722,-0.038454,0.371514,0.433040,-0.041357,0.516409,0.567473,-0.020533,0.474420,0.588180,-0.015071,0.473811,0.638478,-0.004022,0.488569,0.664828,0.001813,0.544323,0.561188,-0.005973,0.503161,0.583720,-0.004828,0.501061,0.625766,-0.001352,0.513922,0.651963,-0.000122,0.567455,0.568861,0.007982,0.533635,0.591422,0.007690,0.530740,0.621338,0.009771,0.542180,0.644180,0.011733
118,1695021705.483810,0,-31.3738,-31.3738,1.0255,0.2315,33.3463,183.7750,11.7591,4150.4847,1.7779,155.5640,140.6802,61.6034,82.0350,100.7827,123.6640,0.049175,0.581705,0.773466,-0.000000,0.511929,0.806162,-0.019413,0.448495,0.749150,-0.018270,0.426591,0.664711,-0.008416,0.448010,0.618826,0.001978,0.481088,0.611466,-0.035849,0.424629,0.524767,-0.036482,0.390574,0.476097,-0.037087,0.367082,0.435694,-0.039091,0.517654,0.566290,-0.020391,0.472347,0.586265,-0.013966,0.471183,0.637992,-0.002275,0.487020,0.665276,0.003935,0.544568,0.560456,-0.004956,0.501357,0.581650,-0.003892,0.498806,0.624902,-0.001190,0.512152,0.651816,-0.000270,0.566786,0.567186,0.009905,0.530388,0.585483,0.010356,0.527213,0.616053,0.012510,0.539419,0.640943,0.014351
119,1695021705.492143,0,28.7532,28.7532,-3.6139,-4.6394,26.1610,44.3944,7.4311,4215.1950,1.5072,158.2338,139.2655,58.8710,79.0871,97.9285,121.0357,0.048372,0.579750,0.774220,-0.000000,0.511282,0.805737,-0.017222,0.449635,0.751777,-0.015785,0.426052,0.669597,-0.006126,0.442841,0.621044,0.003841,0.478267,0.613665,-0.033372,0.425399,0.527793,-0.034491,0.392725,0.477181,-0.036471,0.369995,0.436399,-0.039283,0.515256,0.566951,-0.018471,0.473309,0.584686,-0.009788,0.472341,0.633416,0.002489,0.486738,0.660213,0.008569,0.544307,0.561065,-0.003524,0.503913,0.580806,-0.000461,0.501293,0.622251,0.002669,0.513280,0.649444,0.003303,0.568256,0.568309,0.011013,0.535130,0.586937,0.012169,0.531923,0.616571,0.014266,0.542568,0.640820,0.015860
120,1695021705.500477,0,-34.7643,-34.7643,-15.4617,-11.8478,30.3986,2440.7127,49.2627,3920.9888,1.1375,155.1512,140.8052,60.7603,83.2222,103.0952,126.6869,0.051506,0.578186,0.767113,-0.000000,0.510290,0.802030,-0.018266,0.448959,0.751867,-0.018485,0.427288,0.670752,-0.010520,0.446733,0.622979,-0.002183,0.477614,0.612520,-0.036705,0.423061,0.523956,-0.039524,0.389269,0.472562,-0.042311,0.365652,0.431595,-0.045620,0.513874,0.565458,-0.022617,0.474154,0.588356,-0.017890,0.473079,0.639605,-0.007204,0.487786,0.666412,-0.001379,0.542900,0.559992,-0.008293,0.504208,0.583187,-0.007869,0.501332,0.624762,-0.004482,0.513891,0.651248,-0.002859,0.566912,0.568329,0.005526,0.535068,0.589060,0.005347,0.531406,0.618114,0.008273,0.542438,0.640622,0.011152
121,1695021705.508810,0,-27.8810,-27.8810,-14.6829,0.7788,30.0394,2166.6342,46.9935,3955.3195,1.0982,160.7693,136.3483,60.2167,78.7056,96.4577,117.6861,0.044302,0.579167,0.773920,-0.000000,0.511287,0.805838,-0.018436,0.448843,0.750465,-0.017126,0.425706,0.668698,-0.007080,0.446307,0.623552,0.003380,0.480575,0.613319,-0.035268,0.426900,0.526202,-0.035472,0.394634,0.477045,-0.035884,0.372629,0.437586,-0.037629,0.516459,0.567232,-0.019435,0.473615,0.583537,-0.010900,0.472657,0.634190,0.002175,0.487149,0.661400,0.008887,0.544296,0.561388,-0.003524,0.502905,0.580469,-0.000427,0.500622,0.623524,0.003041,0.513253,0.650719,0.003839,0.567749,0.568085,0.011918,0.533126,0.586409,0.013440,0.530178,0.616692,0.015740,0.541858,0.641214,0.017324
122,1695021705.517143,0,25.7635,25.7635,14.2843,28.9672,28.8050,2300.3242,4.9032,3977.6438,1.5782,162.1559,137.2364,59.1381,79.0984,97.8008,120.5010,0.047463,0.579059,0.774309,-0.000000,0.510962,0.805306,-0.014995,0.450462,0.750776,-0.012499,0.425927,0.672283,-0.001869,0.443196,0.626043,0.009052,0.477561,0.613920,-0.032460,0.425192,0.526001,-0.033279,0.392466,0.474852,-0.034990,0.369957,0.434216,-0.037527,0.513908,0.566570,-0.017715,0.473879,0.588044,-0.008432,0.473528,0.638926,0.004691,0.488202,0.666176,0.011346,0.543520,0.561100,-0.002635,0.504025,0.582786,0.002016,0.502461,0.624768,0.005963,0.515362,0.651412,0.006813,0.568205,0.569441,0.012219,0.536857,0.589231,0.015047,0.533693,0.618511,0.017659,0.544636,0.641562,0.019409
123,1695021705.525477,0,41.3469,41.3469,3.1484,-11.1359,31.5128,222.2163,57.2413,4003.2125,1.2373,165.3650,144.2712,57.1498,80.6932,102.0904,125.4701,0.051323,0.577696,0.772810,-0.000000,0.510587,0.802429,-0.016784,0.450232,0.749957,-0.016540,0.426206,0.670171,-0.008093,0.443715,0.624770,0.000449,0.478238,0.612471,-0.037853,0.424448,0.522265,-0.042453,0.391470,0.468510,-0.047070,0.368064,0.425889,-0.051524,0.514388,0.564238,-0.023525,0.474329,0.586484,-0.017727,0.473547,0.637863,-0.005913,0.487118,0.664979,0.000103,0.543465,0.558372,-0.008870,0.504483,0.582394,-0.007287,0.501937,0.623920,-0.003089,0.514097,0.650858,-0.001458,0.567650,0.567097,0.005414,0.536543,0.586878,0.005338,0.532749,0.616368,0.008050,0.543218,0.639980,0.010560
124,1695021705.533810,0,-30.6400,-30.6400,1.0311,-2.1174,32.1279,36.7800,71.3713,3775.7286,0.8952,159.1528,140.6757,60.6095,82.9667,103.1917,125.6346,0.049532,0.579519,0.772977,-0.000000,0.511561,0.804845,-0.015766,0.450869,0.749273,-0.012697,0.427284,0.669366,-0.001085,0.443976,0.621539,0.010882,0.475501,0.612449,-0.033679,0.423928,0.521047,-0.035218,0.390628,0.468854,-0.037778,0.367250,0.427626,-0.040878,0.512405,0.566023,-0.018510,0.473050,0.587695,-0.009568,0.473123,0.640019,0.003024,0.487748,0.667511,0.009330,0.542297,0.560146,-0.003086,0.502957,0.582006,0.001299,0.501486,0.625380,0.005016,0.514137,0.652292,0.005844,0.567196,0.567438,0.011997,0.534573,0.587448,0.014067,0.531091,0.618289,0.016417,0.541958,0.642286,0.018256
125,1695021705.542143,0,27.4243,27.4243,13.8263,12.7952,30.2727,2209.0602,15.0824,4147.8164,1.5709,151.4961,133.5687,64.8184,83.6228,101.2367,122.6850,0.045374,0.577241,0.771455,-0.000000,0.510031,0.803654,-0.015200,0.450252,0.750215,-0.013482,0.428025,0.671397,-0.004144,0.445736,0.624728,0.005162,0.475453,0.607734,-0.030934,0.423644,0.527039,-0.031879,0.390514,0.478793,-0.034222,0.368045,0.439404,-0.037275,0.512076,0.560451,-0.017342,0.474916,0.588388,-0.008192,0.475355,0.640713,0.004128,0.490376,0.667663,0.010277,0.542453,0.557179,-0.003590,0.506093,0.583369,0.000309,0.504848,0.627555,0.003643,0.517482,0.654054,0.004177,0.568000,0.567766,0.009833,0.539577,0.593628,0.012180,0.537725,0.624181,0.014982,0.548728,0.647264,0.016955
126,1695021705.550477,0,29.6990,29.6990,0.9839,-12.8424,25.2757,237.2902,58.7107,4279.4999,0.7990,153.9035,131.5167,65.7761,83.7856,100.6822,120.5797,0.043207,0.579362,0.770380,-0.000000,0.511776,0.802601,-0.016462,0.449951,0.748350,-0.014889,0.427947,0.668633,-0.005903,0.448197,0.624169,0.003178,0.476275,0.611088,-0.030002,0.425223,0.528762,-0.032602,0.391931,0.479956,-0.036283,0.368785,0.440944,-0.040610,0.513317,0.563544,-0.017376,0.474431,0.588953,-0.011254,0.474835,0.639382,-0.000746,0.489098,0.663141,0.004595,0.542427,0.557657,-0.005005,0.504291,0.585040,-0.003243,0.502103,0.627738,0.000387,0.514277,0.651052,0.001578,0.567242,0.566755,0.006607,0.535018,0.591426,0.006009,0.532324,0.622010,0.008160,0.543743,0.644847,0.010246
127,1695021705.558810,1,33.9790,33.9790,-1.8420,-2.8259,25.9386,247.1898,32.4203,4171.3333,1.2801,158.0617,138.2890,61.7094,82.4521,101.3913,123.9226,0.047948,0.580494,0.770077,-0.000000,0.512447,0.802113,-0.015656,0.453091,0.751410,-0.012771,0.430604,0.673456,-0.000409,0.447691,0.625571,0.012467,0.476122,0.612490,-0.037830,0.423021,0.524681,-0.039186,0.390314,0.474799,-0.042195,0.367258,0.433756,-0.045489,0.512817,0.564944,-0.020362,0.474102,0.583502,-0.006947,0.472843,0.636568,0.007955,0.486751,0.665930,0.014582,0.543205,0.559223,-0.002231,0.504624,0.579332,0.006550,0.501949,0.623053,0.010331,0.514127,0.651110,0.009978,0.567387,0.566772,0.015813,0.536949,0.584775,0.021130,0.532313,0.615910,0.023572,0.542205,0.640325,0.024653
128,1695021705.567143,1,-28.5679,-28.5679,0.5180,2.3600,29.4624,384.7088,48.8538,4477.2579,2.1965,155.9591,132.5533,67.7667,84.6231,100.7036,120.9868,0.042796,0.582047,0.775491,-0.000000,0.513615,0.804538,-0.014369,0.452157,0.747243,-0.010605,0.430221,0.666553,0.001490,0.450109,0.621299,0.013840,0.475123,0.612005,-0.030223,0.423713,0.529099,-0.030016,0.390672,0.481285,-0.032397,0.367595,0.441515,-0.035737,0.512380,0.564670,-0.015274,0.475191,0.588064,-0.002153,0.476692,0.641072,0.011652,0.491742,0.667742,0.017870,0.542424,0.559505,-0.000137,0.505213,0.583369,0.007772,0.503623,0.626971,0.010981,0.516252,0.652608,0.010398,0.567681,0.567280,0.014723,0.536401,0.587718,0.019688,0.533078,0.618829,0.022203,0.544165,0.643680,0.023237
129,1695021705.575477,1,28.7622,28.7622,0.3345,-0.1835,23.5163,86.9512,36.3013,4350.2073,2.3963,162.2261,132.5748,65.3699,81.9681,99.2610,120.6052,0.043615,0.579899,0.768358,-0.000000,0.512580,0.799786,-0.016533,0.453089,0.747479,-0.014372,0.432881,0.669971,-0.003904,0.453064,0.626678,0.006752,0.475465,0.606831,-0.033235,0.425012,0.525946,-0.033685,0.392667,0.478687,-0.036259,0.370270,0.438885,-0.039863,0.513077,0.559894,-0.018648,0.477711,0.590827,-0.008313,0.477277,0.644265,0.003685,0.492489,0.670360,0.009125,0.543813,0.556850,-0.003771,0.508447,0.584539,0.001286,0.505327,0.627832,0.004313,0.517661,0.653846,0.004456,0.569319,0.568231,0.010617,0.540034,0.589502,0.012876,0.535751,0.619148,0.015232,0.546190,0.642726,0.016992
130,1695021705.583810,1,28.6865,28.6865,-0.2531,-0.5876,23.6198,194.9805,48.1773,4444.2135,1.1967,159.0471,136.1633,65.9265,81.3381,97.8817,119.6121,0.042866,0.582550,0.770171,-0.000000,0.514894,0.800636,-0.015859,0.455263,0.748128,-0.012886,0.433861,0.672683,-0.001864,0.452940,0.630640,0.009391,0.477269,0.605515,-0.031174,0.425230,0.527167,-0.031605,0.392299,0.480695,-0.034121,0.369538,0.440226,-0.037508,0.514881,0.559624,-0.016675,0.479270,0.587376,-0.006193,0.479824,0.640758,0.006026,0.495771,0.668250,0.011816,0.545247,0.556967,-0.001995,0.509746,0.581087,0.002351,0.507042,0.624871,0.005305,0.519942,0.652685,0.005840,0.570325,0.568279,0.012301,0.540555,0.587055,0.014326,0.536654,0.618193,0.016840,0.547705,0.644338,0.018845
131,1695021705.592143,1,32.6975,32.6975,-0.3204,-0.0672,23.9323,275.6844,45.1917,4458.9487,1.0335,162.8758,134.9900,65.4288,80.9589,97.7242,119.0014,0.042285,0.584100,0.770648,-0.000000,0.516542,0.801124,-0.016311,0.456315,0.749283,-0.013494,0.434776,0.672544,-0.002248,0.454395,0.630583,0.009390,0.478626,0.606209,-0.033883,0.425460,0.526374,-0.034986,0.392844,0.479018,-0.037365,0.370444,0.438282,-0.040445,0.515985,0.559677,-0.019067,0.478550,0.586324,-0.008801,0.477945,0.638575,0.004301,0.493260,0.665517,0.010745,0.546523,0.556456,-0.004073,0.510193,0.582089,-0.000076,0.506660,0.624629,0.002985,0.518833,0.651221,0.003683,0.571715,0.567589,0.010568,0.541835,0.586954,0.011944,0.537156,0.617428,0.014115,0.547537,0.642575,0.016025
132,1695021705.600477,1,41.1787,41.1787,17.4367,17.7570,24.9773,2012.7008,71.2908,4622.8363,1.4964,163.7963,132.1848,67.4376,83.8490,100.1387,119.9331,0.040355,0.584614,0.771484,-0.000000,0.516338,0.801750,-0.017444,0.454963,0.746680,-0.016014,0.434411,0.666312,-0.006316,0.456046,0.624839,0.003412,0.480912,0.612589,-0.035778,0.427774,0.531057,-0.040257,0.393702,0.482773,-0.045433,0.369922,0.441575,-0.050883,0.518466,0.563934,-0.022188,0.478894,0.590065,-0.014908,0.480333,0.643376,-0.002574,0.495606,0.666682,0.003203,0.547537,0.558864,-0.008794,0.509421,0.587039,-0.005943,0.507088,0.629409,-0.000997,0.520222,0.652879,0.000364,0.572060,0.570277,0.003722,0.540090,0.593012,0.003155,0.536995,0.623612,0.005727,0.549013,0.647900,0.007815
133,1695021705.608810,1,-32.0146,-32.0146,-15.1942,-32.6308,26.3341,1979.0233,70.8424,4578.4665,1.7772,160.7153,130.5664,67.6524,82.4264,97.6890,116.9045,0.037319,0.585042,0.771512,-0.000000,0.518634,0.801625,-0.016012,0.458508,0.746740,-0.013289,0.437314,0.670292,-0.002824,0.457033,0.628375,0.007983,0.481662,0.608496,-0.030619,0.429066,0.531184,-0.032951,0.395090,0.484599,-0.036437,0.371946,0.445011,-0.040302,0.518949,0.561224,-0.017262,0.483253,0.589893,-0.008395,0.484224,0.641748,0.003897,0.500179,0.666826,0.010053,0.548734,0.557485,-0.004136,0.514208,0.583227,-0.001221,0.511085,0.625207,0.002426,0.523460,0.649878,0.003623,0.573790,0.569424,0.008422,0.544668,0.590481,0.009548,0.540989,0.620304,0.012614,0.551976,0.645132,0.015154
134,1695021705.617143,1,-25.2602,-25.2602,-13.4867,1.7075,31.1144,1897.4665,86.0226,4426.4911,1.2824,161.0980,130.0086,68.3013,79.7560,93.9943,113.5242,0.036449,0.587176,0.771837,-0.000000,0.520138,0.800303,-0.017079,0.459239,0.744820,-0.013080,0.438506,0.668755,-0.000724,0.459445,0.625065,0.012267,0.483663,0.606693,-0.029640,0.430320,0.529361,-0.028817,0.396660,0.484835,-0.030619,0.373804,0.445278,-0.033912,0.520926,0.561818,-0.015039,0.483284,0.591316,-0.004098,0.483611,0.643457,0.007899,0.499503,0.667577,0.013385,0.550020,0.558833,-0.000596,0.513650,0.586574,0.004777,0.510939,0.629349,0.007840,0.523208,0.652206,0.007981,0.573974,0.570513,0.013044,0.543016,0.591993,0.015307,0.539790,0.622364,0.017637,0.551393,0.646333,0.019269
135,1695021705.625477,1,-28.5794,-28.5794,-15.3192,-1.8326,32.2983,1778.0202,35.7933,4324.8894,1.8359,159.8102,129.4388,68.1339,79.8998,93.3280,111.7857,0.033862,0.588394,0.776242,-0.000000,0.520580,0.803019,-0.016766,0.460173,0.745900,-0.012973,0.438724,0.668761,-0.000478,0.460174,0.628197,0.012625,0.485318,0.608504,-0.030991,0.432333,0.531807,-0.031214,0.398684,0.487437,-0.033689,0.375926,0.447911,-0.037057,0.522949,0.563272,-0.015508,0.484572,0.587830,-0.002834,0.484887,0.640718,0.010904,0.500531,0.666549,0.017252,0.552485,0.560268,-0.000230,0.515739,0.582601,0.006315,0.512606,0.626543,0.009462,0.524967,0.651244,0.009362,0.577327,0.571319,0.014443,0.547066,0.590173,0.018308,0.542973,0.620788,0.020717,0.553979,0.646020,0.021956
136,1695021705.633810,1,-30.1587,-30.1587,-17.8343,-2.5151,28.1602,1693.7767,41.3121,4244.0333,1.4849,160.2446,127.1166,70.8332,80.0991,92.1515,109.9125,0.032363,0.589465,0.772061,-0.000000,0.522022,0.800675,-0.015793,0.463117,0.745771,-0.012530,0.442829,0.670546,-0.000988,0.462339,0.631671,0.010881,0.486117,0.608541,-0.030796,0.434118,0.533776,-0.032046,0.400208,0.489363,-0.035697,0.376934,0.450492,-0.039908,0.523862,0.563204,-0.015984,0.487456,0.590342,-0.004126,0.488691,0.644397,0.009103,0.504695,0.671074,0.015139,0.553700,0.560518,-0.001272,0.518602,0.583527,0.004545,0.516001,0.627409,0.007799,0.528955,0.653171,0.007883,0.578546,0.571425,0.012963,0.549377,0.590354,0.016021,0.545613,0.621940,0.018460,0.556547,0.647804,0.019899
137,1695021705.642143,1,25.6888,25.6888,14.4258,32.2602,21.9889,1642.9406,63.6428,4500.6830,1.8743,156.7832,126.5320,70.5576,79.0216,89.7608,108.3879,0.032328,0.592187,0.774826,-0.000000,0.524483,0.801597,-0.018370,0.463786,0.744274,-0.014478,0.442556,0.667103,-0.001469,0.464675,0.627133,0.012327,0.491055,0.608116,-0.031731,0.435775,0.533054,-0.031040,0.401584,0.490637,-0.032264,0.378531,0.452941,-0.034745,0.528017,0.563861,-0.015041,0.486585,0.591106,-0.003207,0.486580,0.647018,0.010062,0.502193,0.675255,0.016684,0.556329,0.560354,0.001449,0.517633,0.588565,0.007560,0.514261,0.633691,0.009757,0.526670,0.658956,0.009487,0.579865,0.570528,0.017256,0.547521,0.594227,0.020498,0.543011,0.626405,0.021914,0.554077,0.653160,0.022810
138,1695021705.650477,1,23.4441,23.4441,12.1761,-2.2498,25.8102,1537.1963,15.6043,4664.5421,2.5018,160.4336,123.5980,69.3040,76.9337,87.0837,104.3308,0.028828,0.594967,0.777535,-0.000000,0.527451,0.802294,-0.017021,0.467402,0.745479,-0.013341,0.445729,0.669025,-0.000393,0.466157,0.628106,0.013180,0.492135,0.608532,-0.033400,0.437414,0.532594,-0.032101,0.404267,0.490869,-0.033463,0.381367,0.453497,-0.036225,0.529652,0.563555,-0.016343,0.490666,0.584669,-0.001194,0.490857,0.637724,0.013640,0.505189,0.666356,0.020131,0.558803,0.561271,0.000872,0.522195,0.583799,0.010081,0.518869,0.626487,0.013118,0.530060,0.652970,0.012168,0.582785,0.572218,0.017621,0.552392,0.591454,0.023221,0.547733,0.621690,0.025341,0.557213,0.649119,0.025823
139,1695021705.658810,1,-28.7817,-28.7817,-0.0506,-12.2266,26.3421,398.6704,32.7857,4117.9924,1.9984,166.7994,124.6803,68.3463,71.6514,80.0278,98.1646,0.026678,0.597727,0.781245,-0.000000,0.528217,0.806270,-0.016330,0.468332,0.745387,-0.013085,0.448216,0.665943,-0.001344,0.470539,0.626137,0.011022,0.494928,0.610715,-0.030588,0.442465,0.537098,-0.032206,0.409813,0.493790,-0.036763,0.387265,0.454685,-0.041809,0.533427,0.564816,-0.015505,0.492976,0.589319,-0.002855,0.494603,0.642651,0.010501,0.510368,0.667901,0.016165,0.562440,0.560387,-0.000772,0.524292,0.583727,0.005874,0.521787,0.628896,0.009492,0.534288,0.653069,0.009384,0.586570,0.570101,0.013328,0.554399,0.587302,0.017446,0.550611,0.619980,0.020355,0.561334,0.646993,0.021622
140,1695021705.667143,1,-28.3256,-28.3256,0.4583,0.5088,26.3020,545.2920,16.3375,4561.9199,2.5635,165.7708,121.3009,75.5472,74.9739,79.5181,92.5792,0.020678,0.601526,0.782470,-0.000000,0.531690,0.806333,-0.017320,0.471280,0.745371,-0.014791,0.450689,0.666670,-0.003248,0.470671,0.625939,0.008758,0.497616,0.610087,-0.033321,0.445632,0.539782,-0.033096,0.412893,0.498907,-0.035920,0.390333,0.461121,-0.040135,0.536146,0.565775,-0.017481,0.495561,0.590526,-0.002909,0.497374,0.644638,0.010990,0.513092,0.670594,0.016165,0.565006,0.562454,-0.001714,0.526227,0.583469,0.006954,0.524122,0.628735,0.010780,0.536178,0.653728,0.009765,0.588423,0.572732,0.013374,0.555596,0.589048,0.018854,0.552159,0.621503,0.021706,0.562496,0.648810,0.022252
141,1695021705.675477,1,22.9379,22.9379,-0.6877,-1.1460,25.7745,637.7734,73.3580,3658.7061,3.1397,164.7477,119.4766,76.9535,74.4581,77.4326,89.7753,0.018762,0.603260,0.782664,-0.000000,0.534624,0.806321,-0.016151,0.474377,0.746003,-0.011966,0.453858,0.669130,0.001090,0.475230,0.632044,0.014642,0.499866,0.611033,-0.029153,0.447481,0.540524,-0.027456,0.414939,0.500352,-0.029919,0.392328,0.462774,-0.033941,0.537817,0.566351,-0.012998,0.497663,0.590517,0.002461,0.499653,0.646037,0.016113,0.515126,0.673684,0.021609,0.566883,0.562898,0.003134,0.528898,0.585489,0.013420,0.526510,0.631118,0.016381,0.538481,0.657313,0.014958,0.590940,0.572779,0.018617,0.559372,0.592161,0.025229,0.555144,0.624695,0.027376,0.565120,0.651797,0.027514
142,1695021705.683810,1,-24.3627,-24.3627,-11.9517,-11.2640,24.7136,828.2406,5.5499,3455.2996,2.7649,162.7099,118.9015,77.1315,72.9420,74.1037,83.9354,0.014890,0.608011,0.786838,-0.000000,0.538074,0.809309,-0.014679,0.477949,0.748746,-0.011752,0.456025,0.670856,-0.000400,0.474644,0.629085,0.011231,0.503637,0.613531,-0.030438,0.451713,0.543002,-0.028710,0.420098,0.503449,-0.031071,0.397828,0.466209,-0.035356,0.541522,0.569273,-0.015192,0.501258,0.594874,0.001576,0.504719,0.649283,0.015663,0.520379,0.675107,0.020321,0.570655,0.566193,0.000379,0.531102,0.590158,0.011850,0.530384,0.636187,0.016081,0.542957,0.661154,0.014440,0.594429,0.576497,0.015454,0.561201,0.594830,0.022862,0.558686,0.628892,0.026076,0.569594,0.657021,0.026410
143,1695021705.692143,1,21.2951,21.2951,12.5192,24.4709,24.1933,623.7644,22.0036,3591.3841,2.8107,161.6389,118.8878,79.2979,71.6902,69.2046,78.3607,0.013501,0.610208,0.784077,-0.000000,0.541458,0.808896,-0.015406,0.481978,0.750704,-0.013982,0.459486,0.673696,-0.004881,0.476200,0.629984,0.004491,0.507739,0.613311,-0.029398,0.455567,0.544359,-0.027727,0.423591,0.507341,-0.029079,0.401606,0.472249,-0.032656,0.544783,0.568658,-0.015726,0.505532,0.599157,-0.002659,0.508514,0.653228,0.009213,0.524493,0.679062,0.013238,0.573438,0.564789,-0.001769,0.535429,0.594478,0.006950,0.534675,0.640110,0.011060,0.547075,0.665335,0.010098,0.596734,0.575554,0.011414,0.565179,0.600234,0.017302,0.562735,0.633805,0.020588,0.572843,0.661639,0.021576
144,1695021705.700477,1,-24.2310,-24.2310,1.0237,-11.4956,23.4477,679.9323,13.4172,3514.9428,2.5000,160.5949,117.3887,85.5095,73.3678,66.3466,71.3097,0.009609,0.612551,0.785441,-0.000000,0.543617,0.807502,-0.016847,0.485214,0.749069,-0.015113,0.464504,0.673572,-0.005252,0.480468,0.633780,0.005476,0.510775,0.613555,-0.030441,0.460744,0.547875,-0.030263,0.428301,0.512028,-0.031998,0.406556,0.478363,-0.035306,0.548055,0.572065,-0.016946,0.507727,0.594301,-0.006189,0.507716,0.644563,0.004404,0.522501,0.669097,0.008259,0.576163,0.568645,-0.003429,0.537631,0.588752,0.001725,0.534540,0.631851,0.004522,0.546379,0.655812,0.003999,0.599154,0.579209,0.009342,0.565498,0.594407,0.012635,0.560839,0.625591,0.015336,0.570371,0.653312,0.016657
145,1695021705.708810,1,-23.8213,-23.8213,-11.6898,-12.7135,22.6668,478.9889,40.7258,3589.0501,2.7172,162.1173,116.4549,93.0256,78.7793,68.5801,68.9047,0.007025,0.615962,0.792723,-0.000000,0.545783,0.810980,-0.016375,0.487332,0.748666,-0.013844,0.466444,0.670634,-0.002451,0.483399,0.630305,0.009836,0.514851,0.614673,-0.030916,0.463862,0.550220,-0.027723,0.431470,0.516912,-0.028243,0.409690,0.483094,-0.031174,0.552483,0.573546,-0.015681,0.511419,0.595659,0.000862,0.512169,0.647557,0.013449,0.526790,0.673106,0.017030,0.580607,0.571229,-0.000095,0.541151,0.591384,0.010412,0.538929,0.636693,0.013048,0.550489,0.661985,0.010565,0.603615,0.581526,0.014918,0.569942,0.597123,0.022976,0.565706,0.629702,0.026220,0.574837,0.659279,0.026431
146,1695021705.717143,1,-19.4160,-19.4160,1.2367,12.9265,17.7963,776.8527,11.7220,3431.0753,3.0554,164.9244,118.2510,95.1492,78.0447,64.4140,61.3853,0.005166,0.620896,0.796408,-0.000000,0.551203,0.813359,-0.014602,0.491933,0.752261,-0.012322,0.468894,0.676767,-0.002337,0.482968,0.637559,0.008139,0.519514,0.617286,-0.029070,0.467987,0.553462,-0.026958,0.436328,0.520715,-0.027628,0.414738,0.487173,-0.030687,0.556857,0.575017,-0.015967,0.512661,0.602580,-0.002869,0.515300,0.657208,0.008875,0.531118,0.681084,0.012650,0.584657,0.570949,-0.002474,0.541597,0.599273,0.006211,0.541083,0.646065,0.010446,0.553549,0.669348,0.009404,0.606510,0.581805,0.010331,0.570231,0.602443,0.016856,0.566886,0.637095,0.020645,0.576656,0.665891,0.021639
147,1695021705.725477,1,4.4170,4.4170,-4.2195,-5.4562,18.1981,807.7753,62.2976,3622.2098,2.7696,166.2886,116.7642,98.7382,80.6642,65.4228,60.0027,0.003696,0.623679,0.800272,-0.000000,0.553513,0.815130,-0.013988,0.493920,0.751871,-0.009790,0.471066,0.674282,0.002783,0.489798,0.636992,0.016166,0.523738,0.615491,-0.024236,0.470713,0.555511,-0.016531,0.439131,0.527011,-0.014765,0.417824,0.494324,-0.016769,0.561232,0.577068,-0.008946,0.517384,0.600782,0.010739,0.521090,0.657386,0.023565,0.537479,0.682563,0.027237,0.589071,0.574883,0.007038,0.546807,0.595862,0.021781,0.546728,0.645105,0.024327,0.560022,0.668705,0.021032,0.610946,0.584457,0.022530,0.576245,0.597581,0.033609,0.573127,0.633608,0.036578,0.584040,0.663249,0.036098
148,1695021705.733810,1,9.0836,9.0836,8.3286,12.5482,14.4989,1173.5720,24.5317,3952.8220,2.8167,163.4761,120.4112,104.7055,84.0160,65.2327,54.4067,0.001997,0.626382,0.798756,-0.000000,0.556626,0.814855,-0.014038,0.498460,0.754138,-0.011950,0.475305,0.678732,-0.002404,0.490632,0.641915,0.007737,0.527082,0.617347,-0.025048,0.474913,0.559374,-0.019936,0.443407,0.531240,-0.018981,0.423035,0.498691,-0.021223,0.564602,0.578226,-0.011813,0.521835,0.601333,0.003924,0.524378,0.655666,0.015525,0.540363,0.679357,0.018977,0.592989,0.575755,0.002022,0.551496,0.596438,0.012873,0.550941,0.643524,0.016467,0.564042,0.666758,0.014724,0.615408,0.586938,0.015285,0.580884,0.601290,0.023806,0.577958,0.635615,0.027675,0.588712,0.663779,0.028455
149,1695021705.742143,1,-4.9626,-4.9626,4.7147,-3.6140,12.8862,694.6725,3.9881,5128.8004,2.1316,163.3711,120.7576,109.4632,86.9055,65.5669,50.4479,0.000916,0.628617,0.801381,-0.000000,0.560237,0.816594,-0.014554,0.501924,0.756034,-0.013550,0.478271,0.679925,-0.005832,0.492087,0.641319,0.002546,0.531770,0.620502,-0.022884,0.479540,0.565130,-0.019291,0.448432,0.536677,-0.019066,0.427689,0.504726,-0.021711,0.569065,0.581480,-0.011268,0.524307,0.601443,0.000019,0.526533,0.654121,0.009599,0.542456,0.678713,0.012814,0.597277,0.577794,0.000609,0.553785,0.594796,0.006830,0.553008,0.640680,0.009956,0.566412,0.664625,0.009322,0.619459,0.587790,0.011847,0.582757,0.596700,0.016627,0.579543,0.631375,0.020063,0.590668,0.659731,0.021504
150,1695021705.750477,1,-17.5115,-17.5115,0.4761,-4.2385,11.3938,662.2956,62.9541,5781.4640,2.2040,164.9174,121.6656,112.6945,89.6320,67.7742,50.4379,0.000531,0.631263,0.804255,-0.000000,0.562875,0.817402,-0.016321,0.502029,0.753350,-0.015398,0.478394,0.674311,-0.007125,0.498733,0.639947,0.001927,0.538902,0.623679,-0.027141,0.484078,0.569121,-0.025896,0.452152,0.540013,-0.027240,0.430185,0.506845,-0.031364,0.574768,0.582490,-0.015063,0.525460,0.609197,-0.006122,0.528825,0.666244,0.003625,0.545310,0.689427,0.006871,0.600229,0.575627,-0.002969,0.552654,0.600899,0.002357,0.553062,0.649099,0.006768,0.567418,0.670633,0.006728,0.620224,0.584165,0.008048,0.580357,0.600140,0.011416,0.578169,0.636639,0.014445,0.590177,0.664259,0.015501
151,1695021705.758810,1,9.3184,9.3184,1.2253,0.7492,10.1991,644.5259,65.7750,5767.4176,2.1635,168.0594,122.8868,115.1670,91.8356,68.9616,48.9457,0.000155,0.633950,0.805201,-0.000000,0.564256,0.817927,-0.016916,0.504066,0.753274,-0.015261,0.479693,0.674084,-0.005512,0.500535,0.643729,0.005344,0.543090,0.619522,-0.026770,0.485773,0.568448,-0.021737,0.454082,0.542954,-0.020519,0.433321,0.510321,-0.023010,0.578906,0.582926,-0.012500,0.527177,0.604976,-0.000214,0.529724,0.661096,0.009837,0.546284,0.683471,0.012839,0.603608,0.578321,0.002261,0.554560,0.598847,0.010463,0.554241,0.647248,0.013372,0.568919,0.668756,0.011922,0.622613,0.586281,0.016131,0.582734,0.595975,0.022087,0.580272,0.631615,0.024481,0.592551,0.659966,0.024729
152,1695021705.767143,1,3.3494,3.3494,-1.4336,-2.6589,10.1167,482.0554,66.6021,5306.2066,2.9694,172.9306,124.0460,116.9564,92.5309,68.8216,47.1261,0.000042,0.636426,0.807003,-0.000000,0.567408,0.817912,-0.017041,0.508611,0.757822,-0.015315,0.483595,0.683365,-0.004854,0.496462,0.646204,0.006604,0.543847,0.617650,-0.028857,0.487331,0.564238,-0.020526,0.457280,0.540862,-0.016835,0.436766,0.510761,-0.017572,0.579173,0.581264,-0.013096,0.528645,0.600772,0.002915,0.530015,0.657467,0.013819,0.544328,0.684062,0.016726,0.603309,0.578038,0.003692,0.554673,0.600014,0.014729,0.554595,0.649878,0.016377,0.566944,0.675043,0.013263,0.620499,0.586723,0.019936,0.580949,0.600690,0.027625,0.578372,0.636185,0.029412,0.588056,0.666424,0.028752
153,1695021705.775477,1,-7.6824,-7.6824,-0.6799,0.7536,9.2431,460.4725,21.8387,5213.4967,2.5188,166.6412,124.7610,123.1837,97.6996,72.4714,47.5431,0.000000,0.638777,0.806097,-0.000000,0.570015,0.817420,-0.017086,0.511363,0.755607,-0.016253,0.485231,0.678599,-0.007082,0.499809,0.643387,0.003131,0.549916,0.617251,-0.027733,0.492528,0.568473,-0.021245,0.461184,0.545898,-0.019111,0.440283,0.516122,-0.020930,0.585601,0.581485,-0.012758,0.532711,0.603231,0.000703,0.535353,0.658119,0.010915,0.551538,0.681272,0.013876,0.609510,0.578629,0.003028,0.559044,0.599533,0.012112,0.559226,0.647806,0.014571,0.573081,0.670554,0.012609,0.626719,0.588014,0.018137,0.587146,0.598539,0.024522,0.585168,0.633226,0.026688,0.596526,0.661157,0.026702
154,1695021705.783810,1,-7.9159,-7.9159,2.3989,3.0788,9.4107,373.4828,14.1842,4942.2586,2.8181,169.5779,127.0745,123.4972,96.2404,69.4474,42.9624,0.000000,0.640614,0.805753,-0.000000,0.572091,0.819250,-0.017571,0.513875,0.756934,-0.017629,0.488731,0.676616,-0.009763,0.502781,0.639197,-0.000673,0.551052,0.621091,-0.027209,0.494783,0.569070,-0.022250,0.463862,0.544937,-0.020539,0.443448,0.514786,-0.022436,0.586330,0.583947,-0.013030,0.533428,0.598107,-0.001745,0.534456,0.652678,0.007832,0.550229,0.678426,0.010887,0.610820,0.578900,0.001638,0.560695,0.595220,0.008020,0.559838,0.642967,0.010372,0.573873,0.667655,0.009104,0.628994,0.586815,0.015579,0.589032,0.594146,0.019786,0.585611,0.628519,0.021537,0.595997,0.658107,0.021761
155,1695021705.792143,1,-6.3053,-6.3053,-3.9059,-6.3048,6.9632,2802.8545,19.2925,4928.6392,2.1843,160.9313,129.4516,128.1614,100.5232,72.5268,42.7942,0.000000,0.640695,0.805977,-0.000000,0.572901,0.818221,-0.018941,0.514913,0.758570,-0.020885,0.489166,0.681375,-0.015295,0.500804,0.645016,-0.008765,0.554204,0.620574,-0.029188,0.496652,0.570213,-0.024982,0.466778,0.547769,-0.023179,0.446480,0.519492,-0.025162,0.589339,0.582795,-0.015835,0.535696,0.596445,-0.008097,0.537145,0.649647,0.000291,0.552028,0.674598,0.003142,0.612885,0.577938,-0.001943,0.561765,0.595162,0.001578,0.561507,0.641470,0.004783,0.574462,0.665659,0.004669,0.629016,0.586964,0.011052,0.587994,0.597196,0.012580,0.585611,0.630825,0.014526,0.595834,0.658285,0.015383
156,1695021705.800477,1,-10.4685,-10.4685,-3.4545,0.4514,4.7704,2917.8483,2.4790,4199.3865,2.7487,154.7747,128.8136,131.5318,103.5896,75.8679,45.6393,0.000000,0.641862,0.804524,-0.000000,0.575088,0.817149,-0.020807,0.518254,0.757742,-0.022283,0.491950,0.682181,-0.015271,0.500946,0.647252,-0.006892,0.559184,0.621976,-0.032102,0.500082,0.571387,-0.027638,0.469938,0.550225,-0.024611,0.449233,0.523879,-0.025336,0.593170,0.583108,-0.017092,0.535329,0.594800,-0.008909,0.535373,0.648609,0.000804,0.549867,0.674169,0.004717,0.614762,0.575853,-0.001737,0.559760,0.593890,0.001680,0.558667,0.639696,0.004627,0.571024,0.662552,0.004533,0.628999,0.582883,0.012717,0.585298,0.594097,0.014440,0.581235,0.626756,0.016075,0.589926,0.654388,0.016679
157,1695021705.808810,1,-9.9068,-9.9068,-0.5561,2.8984,1.5278,484.5479,15.7851,4006.7535,3.0776,155.1073,130.9755,134.9947,106.8250,78.5009,46.0175,0.000000,0.642668,0.805638,-0.000000,0.576320,0.818258,-0.021275,0.518450,0.756216,-0.023247,0.493910,0.675437,-0.017080,0.505403,0.639032,-0.009386,0.563812,0.625070,-0.031361,0.504241,0.571072,-0.027657,0.473352,0.550101,-0.024348,0.452286,0.526005,-0.024785,0.596690,0.584779,-0.016967,0.536947,0.593274,-0.011006,0.535870,0.646782,-0.001660,0.549947,0.673965,0.002647,0.616851,0.574957,-0.002488,0.560122,0.592611,-0.001492,0.557712,0.638382,0.001676,0.569205,0.662510,0.002525,0.629801,0.579393,0.010966,0.584318,0.589864,0.010422,0.578539,0.622925,0.011491,0.585484,0.650788,0.012211
158,1695021705.817143,1,-1.1976,-1.1976,1.6796,2.2357,3.3270,3365.2345,58.4252,3825.3649,2.4733,151.2369,133.8259,141.2476,112.2085,82.4000,47.3046,0.000000,0.641985,0.808303,-0.000000,0.575638,0.819005,-0.022799,0.519493,0.756808,-0.024822,0.494228,0.678315,-0.017847,0.503528,0.639436,-0.009084,0.566839,0.619919,-0.032125,0.504961,0.568526,-0.024366,0.475411,0.552319,-0.018013,0.456394,0.530771,-0.016653,0.599308,0.583188,-0.015529,0.535992,0.587502,-0.006361,0.535117,0.640455,0.003516,0.549746,0.668002,0.007582,0.618436,0.576607,0.001540,0.558915,0.591455,0.005623,0.557223,0.638094,0.008437,0.569352,0.662738,0.008229,0.629720,0.583422,0.017601,0.583320,0.592737,0.018676,0.578091,0.626333,0.019055,0.585473,0.654482,0.018814
159,1695021705.825477,1,-4.9521,-4.9521,0.3383,-1.3413,3.4024,588.8864,62.8924,3961.8536,2.5019,148.2731,135.1754,144.2518,114.5513,83.8611,47.1656,0.000000,0.643592,0.807139,-0.000000,0.578173,0.818184,-0.023860,0.523181,0.757289,-0.028960,0.497930,0.678814,-0.025792,0.503989,0.640722,-0.020823,0.572750,0.626187,-0.036355,0.509091,0.573167,-0.033335,0.478315,0.555344,-0.028591,0.458241,0.534136,-0.027939,0.603428,0.586647,-0.021506,0.536961,0.583145,-0.019347,0.535528,0.633744,-0.011034,0.549800,0.659413,-0.006920,0.621264,0.575939,-0.006249,0.559781,0.584722,-0.008108,0.556767,0.629473,-0.003696,0.568390,0.654283,-0.001515,0.631188,0.580600,0.007812,0.583895,0.585006,0.003959,0.577020,0.617749,0.004497,0.582958,0.644619,0.005405
160,1695021705.833810,0,-0.2985,-0.2985,2.5425,2.2042,4.2398,3753.4256,86.9102,3951.4289,2.7325,151.9012,135.6986,145.2295,115.2189,84.3773,47.8143,0.000000,0.642874,0.806999,-0.000000,0.577938,0.816862,-0.024193,0.523149,0.754922,-0.029193,0.497452,0.675348,-0.025301,0.504388,0.640350,-0.019463,0.575711,0.623062,-0.038554,0.510605,0.568372,-0.032785,0.479980,0.552980,-0.025331,0.459727,0.534135,-0.022838,0.605703,0.584522,-0.022024,0.537861,0.575313,-0.017595,0.533923,0.624366,-0.008012,0.546146,0.652220,-0.003109,0.622849,0.575158,-0.004534,0.560443,0.580918,-0.004235,0.554611,0.623018,-0.000235,0.563705,0.648641,0.001414,0.631812,0.579991,0.011981,0.584311,0.583298,0.009957,0.575403,0.613261,0.010148,0.578942,0.638702,0.010451
161,1695021705.842143,0,-1.0710,-1.0710,2.2089,-0.3336,3.5946,4015.1831,17.8699,4400.6581,2.5062,140.1551,140.6634,150.4378,118.9891,87.0246,48.8841,0.000000,0.642915,0.808876,-0.000000,0.578579,0.817568,-0.024095,0.523877,0.755108,-0.029674,0.498523,0.674525,-0.026532,0.504465,0.637206,-0.021233,0.577444,0.625829,-0.038781,0.513945,0.565309,-0.033477,0.483332,0.550955,-0.025483,0.463049,0.536750,-0.022270,0.607531,0.587665,-0.022606,0.540739,0.574847,-0.018925,0.536757,0.623289,-0.009583,0.548694,0.652104,-0.004854,0.624611,0.577157,-0.005451,0.562079,0.579868,-0.005908,0.556716,0.622049,-0.001706,0.565919,0.648858,0.000049,0.633388,0.580253,0.010771,0.585359,0.580538,0.007310,0.576552,0.611243,0.007181,0.580082,0.637226,0.007503
162,1695021705.850477,0,2.9079,2.9079,1.0264,-1.1826,2.5059,308.2542,65.1038,4720.5716,1.3655,140.9707,140.2680,148.2287,117.8587,86.6071,49.0459,0.000000,0.642962,0.807521,-0.000000,0.578923,0.817822,-0.025772,0.526216,0.755927,-0.032354,0.501256,0.675442,-0.029901,0.506371,0.638669,-0.025156,0.578615,0.627193,-0.040468,0.514808,0.565721,-0.036573,0.483485,0.550057,-0.029668,0.462375,0.534584,-0.027031,0.608172,0.588157,-0.023613,0.540383,0.570306,-0.020671,0.535519,0.618400,-0.011392,0.546786,0.647726,-0.006541,0.625050,0.577029,-0.006015,0.562423,0.575877,-0.006826,0.556830,0.618465,-0.002543,0.565934,0.645904,-0.000596,0.633958,0.580149,0.010469,0.586865,0.579841,0.007429,0.577850,0.610925,0.007528,0.581213,0.637222,0.007889
163,1695021705.858810,0,11.2531,11.2531,4.0513,3.0249,5.4508,4276.2887,32.7436,4306.8154,2.1645,137.9769,142.7127,144.8614,113.8725,82.5424,45.0584,0.000000,0.642124,0.808757,-0.000000,0.578588,0.817314,-0.025111,0.524897,0.755474,-0.031965,0.500071,0.673689,-0.029846,0.506597,0.635740,-0.025502,0.582431,0.628116,-0.043294,0.517506,0.562460,-0.041262,0.485740,0.544125,-0.034789,0.463524,0.527339,-0.032320,0.611327,0.587241,-0.027228,0.539983,0.569613,-0.026606,0.535304,0.618938,-0.016853,0.547234,0.648988,-0.011267,0.626516,0.574383,-0.010318,0.559606,0.575474,-0.013522,0.554536,0.619528,-0.008168,0.564306,0.647471,-0.004907,0.633512,0.576643,0.005582,0.583393,0.578024,0.000636,0.574688,0.610699,0.001121,0.578510,0.637411,0.002169
164,1695021705.867143,0,-20.7003,-20.7003,-5.1005,-9.1518,10.5102,4229.8046,56.7080,4481.4652,2.0819,140.8441,143.1120,140.6267,109.7881,78.6804,41.7709,0.000000,0.642263,0.804934,-0.000000,0.577570,0.814995,-0.029795,0.523586,0.748902,-0.037816,0.500332,0.662565,-0.035475,0.509814,0.626734,-0.030931,0.585243,0.623448,-0.048932,0.517504,0.558005,-0.047956,0.483530,0.539633,-0.042390,0.460805,0.521468,-0.040822,0.614487,0.584931,-0.030758,0.541773,0.570519,-0.030826,0.538391,0.622962,-0.021246,0.552072,0.650646,-0.016103,0.628431,0.573803,-0.012096,0.561174,0.576260,-0.016064,0.558209,0.622471,-0.011039,0.570371,0.647938,-0.008269,0.633947,0.576623,0.005182,0.583788,0.578490,-0.000876,0.578016,0.612531,-0.000908,0.585069,0.638761,-0.000355
165,1695021705.875477,0,28.7399,28.7399,7.4527,12.5532,16.1334,697.3430,38.9507,4239.8719,1.9068,149.8966,140.2781,132.4357,102.1156,71.7334,36.4916,0.000000,0.642681,0.804413,-0.000000,0.577639,0.814004,-0.029099,0.522222,0.747231,-0.036919,0.499777,0.658488,-0.034466,0.510987,0.622975,-0.029848,0.585110,0.626097,-0.050263,0.516600,0.552691,-0.051747,0.481068,0.530986,-0.048248,0.456398,0.513115,-0.047721,0.615293,0.586131,-0.032304,0.542170,0.569811,-0.033341,0.538130,0.621344,-0.023524,0.551144,0.648962,-0.018191,0.629586,0.573614,-0.013982,0.562312,0.574081,-0.018571,0.558862,0.618398,-0.013042,0.570636,0.643385,-0.009863,0.635449,0.574925,0.002995,0.584820,0.575105,-0.003161,0.578497,0.608399,-0.002666,0.585232,0.634658,-0.001713
166,1695021705.883810,0,-33.5677,-33.5677,-9.1189,-16.5716,22.3183,4254.2285,43.3830,4414.6199,1.9644,149.2114,145.3327,127.5475,96.4680,65.3384,30.6895,0.000000,0.640894,0.806503,-0.000000,0.576419,0.814405,-0.030661,0.521621,0.747035,-0.039170,0.499113,0.658545,-0.037021,0.510209,0.621938,-0.032768,0.585721,0.625177,-0.052992,0.517974,0.548704,-0.056746,0.481604,0.524494,-0.055265,0.455436,0.504713,-0.055793,0.615631,0.585720,-0.034329,0.542279,0.571303,-0.036562,0.537103,0.623668,-0.027098,0.549587,0.652243,-0.021867,0.629053,0.573053,-0.015545,0.560820,0.573747,-0.021258,0.557309,0.619574,-0.015985,0.569351,0.645641,-0.012641,0.634569,0.574210,0.001810,0.582424,0.575438,-0.004865,0.575856,0.610038,-0.004157,0.583018,0.637883,-0.002798
167,1695021705.892143,0,-30.7006,-30.7006,-10.4884,-1.3695,24.6815,4245.4953,16.3063,5796.8158,3.0811,150.3040,148.8784,124.9381,92.9363,60.6039,23.6731,0.000000,0.641052,0.806451,-0.000000,0.576751,0.812835,-0.031172,0.520886,0.744133,-0.040126,0.498667,0.652776,-0.038629,0.513439,0.615866,-0.034943,0.585282,0.623094,-0.051757,0.517737,0.545490,-0.055216,0.482132,0.519887,-0.053492,0.457025,0.497982,-0.054141,0.616054,0.584266,-0.033224,0.542244,0.571361,-0.036567,0.537883,0.624316,-0.027571,0.551449,0.652204,-0.022327,0.629923,0.572297,-0.014702,0.561476,0.574388,-0.021457,0.558086,0.619646,-0.016383,0.570693,0.645820,-0.012828,0.635653,0.574200,0.002288,0.583826,0.574986,-0.005419,0.577646,0.608599,-0.005340,0.585222,0.635854,-0.004132
168,1695021705.900477,0,36.0912,36.0912,14.1979,24.6863,30.1505,4249.0750,27.3005,6627.4473,2.0029,153.6312,157.2180,120.6316,86.2956,52.6996,15.4820,0.000000,0.642013,0.804300,-0.000000,0.577578,0.811058,-0.032948,0.521263,0.743112,-0.041730,0.498703,0.652720,-0.039265,0.512931,0.616858,-0.034632,0.587635,0.622957,-0.055828,0.520471,0.543734,-0.060261,0.485074,0.514242,-0.059156,0.459201,0.488178,-0.060264,0.617925,0.584170,-0.036441,0.542514,0.577959,-0.040562,0.537899,0.633875,-0.031222,0.551866,0.662696,-0.025783,0.630223,0.571507,-0.017159,0.560378,0.576127,-0.024557,0.557100,0.623958,-0.019191,0.570139,0.650807,-0.015388,0.634556,0.572589,0.000435,0.581319,0.574216,-0.007743,0.575188,0.608852,-0.007574,0.583526,0.636805,-0.006257
169,1695021705.908810,0,39.8131,39.8131,2.7683,-11.4296,33.0361,1217.5891,2.7694,6954.6292,1.6196,162.0062,162.3709,115.1135,79.5016,45.1340,8.9180,0.000014,0.640900,0.804936,-0.000000,0.576975,0.810800,-0.033692,0.520524,0.740894,-0.042433,0.498078,0.648959,-0.039470,0.513572,0.612651,-0.034314,0.586274,0.623699,-0.057515,0.520568,0.538647,-0.061154,0.485632,0.506502,-0.059341,0.459806,0.478182,-0.059974,0.616599,0.584329,-0.036654,0.541257,0.575585,-0.039447,0.537027,0.631471,-0.028840,0.551262,0.660821,-0.022539,0.628902,0.571543,-0.015850,0.558937,0.576570,-0.022009,0.556163,0.624540,-0.016578,0.569370,0.651252,-0.012831,0.633350,0.571794,0.003312,0.580806,0.574379,-0.003619,0.574814,0.608838,-0.003514,0.582986,0.636593,-0.002458
170,1695021705.917143,0,44.2427,44.2427,19.4526,16.6843,35.4680,3977.9102,63.8330,7206.1923,2.1951,160.9066,163.9163,114.9410,78.6023,43.9679,6.9242,0.000010,0.639293,0.804447,-0.000000,0.574879,0.810482,-0.035259,0.519742,0.740925,-0.045055,0.498431,0.648142,-0.042251,0.512785,0.608944,-0.037172,0.586658,0.622519,-0.062912,0.522126,0.536404,-0.067545,0.486958,0.503880,-0.065623,0.460325,0.475981,-0.065907,0.616490,0.583330,-0.041072,0.542642,0.572014,-0.043856,0.536884,0.628837,-0.032140,0.549801,0.659261,-0.025233,0.628079,0.570990,-0.019205,0.559139,0.573959,-0.026382,0.555525,0.623971,-0.020886,0.567771,0.651352,-0.017005,0.631759,0.570795,0.001204,0.579098,0.573537,-0.006272,0.572731,0.609603,-0.005936,0.580312,0.637520,-0.004788
171,1695021705.925477,0,-38.9436,-38.9436,-2.0607,-21.5133,36.8622,971.0957,16.2313,7680.3109,2.7632,164.8094,168.9140,111.7201,73.6424,37.7791,5.9724,0.000181,0.638108,0.804601,-0.000000,0.573140,0.808255,-0.034104,0.519471,0.739776,-0.043248,0.498846,0.652066,-0.040136,0.512220,0.614861,-0.034793,0.584901,0.621404,-0.061418,0.521423,0.532907,-0.065568,0.487179,0.499352,-0.063795,0.461075,0.469594,-0.064180,0.615357,0.582731,-0.040045,0.541510,0.573234,-0.042038,0.537084,0.630127,-0.030344,0.550834,0.659334,-0.023618,0.627348,0.570432,-0.018586,0.558653,0.574394,-0.023762,0.556067,0.624477,-0.017760,0.568624,0.650475,-0.014159,0.631091,0.570449,0.001281,0.580209,0.572768,-0.004385,0.574383,0.608287,-0.003534,0.581717,0.635492,-0.002395
172,1695021705.933810,0,-38.3470,-38.3470,-18.6096,-16.5488,38.6390,3899.6704,50.7335,7090.8065,2.1871,162.2029,172.2260,111.8126,73.0179,37.3915,5.0445,0.000069,0.639016,0.803144,-0.000000,0.574318,0.809230,-0.033621,0.519557,0.738582,-0.042306,0.499262,0.644383,-0.039296,0.515220,0.604933,-0.034032,0.584997,0.622787,-0.057250,0.523006,0.531280,-0.061059,0.489378,0.496276,-0.059141,0.464169,0.465984,-0.059587,0.615396,0.583378,-0.036504,0.543000,0.572921,-0.038968,0.539113,0.628017,-0.028035,0.553056,0.657337,-0.021529,0.627622,0.569577,-0.015939,0.560300,0.573501,-0.021884,0.557803,0.621374,-0.016401,0.570464,0.647414,-0.012761,0.631905,0.568083,0.002963,0.580870,0.570425,-0.003820,0.575031,0.605348,-0.003687,0.582711,0.632782,-0.002661
173,1695021705.942143,0,-28.0626,-28.0626,-16.9689,1.6406,38.0168,3676.0775,56.7244,7931.9384,2.4507,160.7747,175.5487,109.0509,70.1728,34.2045,7.8273,0.000211,0.638872,0.804991,-0.000000,0.574542,0.809086,-0.032949,0.519601,0.739118,-0.041371,0.498056,0.645467,-0.038199,0.514382,0.603955,-0.032826,0.582790,0.617727,-0.055790,0.521353,0.526574,-0.056711,0.488683,0.491674,-0.052491,0.463385,0.461465,-0.051317,0.614451,0.579780,-0.034244,0.544025,0.570441,-0.034349,0.539271,0.625890,-0.022473,0.552251,0.657542,-0.015230,0.628469,0.569168,-0.012516,0.562992,0.573801,-0.017205,0.558790,0.621802,-0.012717,0.570102,0.649708,-0.009494,0.634330,0.569520,0.007955,0.584742,0.570890,0.003082,0.577627,0.604963,0.003428,0.584306,0.632854,0.004550
174,1695021705.950477,0,-35.8091,-35.8091,-20.0130,-3.0440,32.0488,3743.0095,60.9853,8610.3560,2.0422,160.8611,175.5279,105.1446,66.4367,30.7026,10.6509,0.000363,0.638958,0.802616,-0.000000,0.573864,0.807479,-0.032990,0.518821,0.737388,-0.042110,0.498536,0.642975,-0.040485,0.515027,0.602739,-0.036720,0.583291,0.618514,-0.053980,0.521847,0.524498,-0.059176,0.488465,0.487950,-0.058334,0.462987,0.457391,-0.059146,0.614645,0.580153,-0.034357,0.542473,0.572693,-0.039296,0.538996,0.629926,-0.029559,0.553269,0.660913,-0.022951,0.627935,0.568122,-0.015196,0.561500,0.574463,-0.023537,0.558739,0.624374,-0.018456,0.571527,0.652044,-0.014001,0.632994,0.568162,0.002308,0.583023,0.571215,-0.005610,0.577302,0.607212,-0.005492,0.585360,0.634837,-0.003803
175,1695021705.958810,0,34.2109,34.2109,18.2886,38.3016,28.0698,3725.5504,4.1840,8181.5960,2.0539,164.2060,179.5220,103.8801,64.2965,28.1418,13.8613,0.000489,0.639393,0.802903,-0.000000,0.574238,0.808481,-0.034214,0.518988,0.735883,-0.042458,0.498431,0.640703,-0.038973,0.515305,0.601059,-0.033195,0.583910,0.619838,-0.056370,0.522602,0.524620,-0.060240,0.489336,0.486012,-0.058467,0.463640,0.452478,-0.058914,0.615164,0.581410,-0.035166,0.542567,0.574818,-0.038267,0.539328,0.631310,-0.027283,0.554149,0.661375,-0.020230,0.627628,0.569241,-0.014342,0.560522,0.575213,-0.021057,0.558001,0.624927,-0.015806,0.570987,0.651718,-0.011714,0.632037,0.568755,0.004757,0.581691,0.572394,-0.002054,0.576129,0.608214,-0.002049,0.584327,0.636048,-0.000842
176,1695021705.967143,0,-35.4928,-35.4928,0.7136,-17.5751,27.6693,585.3832,14.2933,7318.3349,2.0404,165.5147,181.2619,99.9809,60.9213,24.9950,16.5890,0.000836,0.637251,0.804951,-0.000000,0.572231,0.808570,-0.032383,0.517865,0.736689,-0.040273,0.498508,0.641362,-0.036729,0.515327,0.598541,-0.030969,0.579623,0.617513,-0.054857,0.520875,0.520514,-0.059312,0.488385,0.481461,-0.058783,0.462147,0.447760,-0.059798,0.612293,0.578309,-0.033751,0.543264,0.567804,-0.034729,0.539519,0.624255,-0.022950,0.553244,0.654454,-0.015722,0.626709,0.566985,-0.012978,0.561865,0.571690,-0.018124,0.558625,0.621372,-0.012954,0.571077,0.648497,-0.009172,0.632813,0.567359,0.006360,0.583756,0.568815,0.001174,0.576981,0.604248,0.001949,0.584131,0.632970,0.003534
177,1695021705.975477,0,-36.4471,-36.4471,-2.0961,-2.8097,27.4364,476.8461,20.4516,8005.5142,2.0775,165.2014,183.7381,101.4535,61.6344,25.6442,15.9844,0.000730,0.637449,0.800670,-0.000000,0.572748,0.805584,-0.032946,0.518456,0.735023,-0.040917,0.498279,0.640261,-0.037185,0.514980,0.597592,-0.031192,0.579766,0.617859,-0.055928,0.521268,0.521285,-0.059682,0.489391,0.481442,-0.058463,0.464160,0.445875,-0.059232,0.612254,0.579701,-0.034566,0.542583,0.572586,-0.035649,0.539342,0.628230,-0.023939,0.553609,0.657992,-0.016763,0.626207,0.568539,-0.013475,0.561582,0.574202,-0.018346,0.558336,0.622309,-0.013370,0.570660,0.648882,-0.009832,0.632172,0.568573,0.006113,0.583465,0.570466,0.001014,0.576926,0.604496,0.001367,0.584105,0.632313,0.002573
178,1695021705.983810,0,38.2811,38.2811,18.5226,20.6187,35.3769,3508.3505,14.3329,7158.3532,2.3145,165.8457,186.6552,98.7509,57.5114,20.9198,21.7724,0.001354,0.635848,0.805020,-0.000000,0.572127,0.807120,-0.031244,0.517158,0.734291,-0.038928,0.496018,0.639591,-0.035346,0.513485,0.598583,-0.030009,0.579032,0.619425,-0.056170,0.520895,0.521183,-0.060240,0.489420,0.478427,-0.059417,0.463800,0.440877,-0.060431,0.611762,0.579942,-0.035146,0.544053,0.575064,-0.035293,0.540399,0.631383,-0.022639,0.553762,0.661505,-0.015152,0.626275,0.569372,-0.014079,0.562642,0.577280,-0.018251,0.559381,0.626184,-0.012523,0.571561,0.653331,-0.008712,0.632348,0.570439,0.005731,0.584029,0.573942,0.001708,0.578022,0.609240,0.003122,0.585841,0.637812,0.004826
179,1695021705.992143,0,-38.1961,-38.1961,-18.1018,-36.6243,35.7756,3509.5977,22.7042,7140.2011,1.7238,164.0818,187.4744,98.8326,58.1011,21.9791,21.5078,0.001186,0.635370,0.804224,-0.000000,0.571803,0.806832,-0.033535,0.517596,0.733994,-0.041439,0.497426,0.638509,-0.036955,0.514407,0.591374,-0.030204,0.578193,0.617551,-0.058710,0.519775,0.517253,-0.061391,0.488725,0.476223,-0.059380,0.463883,0.438987,-0.059618,0.610746,0.579410,-0.035456,0.542177,0.569680,-0.033447,0.538765,0.625797,-0.019803,0.552403,0.656676,-0.012079,0.624782,0.569376,-0.012222,0.561042,0.573660,-0.014914,0.557730,0.623026,-0.009692,0.569474,0.650541,-0.006671,0.630667,0.569731,0.009674,0.583081,0.571155,0.006054,0.576216,0.605200,0.006512,0.582514,0.633303,0.007295
180,1695021706.000477,0,-32.9635,-32.9635,0.6323,18.7341,29.6706,483.0648,51.4982,6834.0058,2.0605,162.1620,192.6196,97.4017,56.0809,19.8247,25.0310,0.001572,0.636705,0.804061,-0.000000,0.571819,0.807058,-0.030098,0.516618,0.735749,-0.038240,0.496158,0.639263,-0.036592,0.514900,0.595500,-0.033195,0.577410,0.619043,-0.049455,0.519954,0.518442,-0.053879,0.489088,0.473947,-0.053160,0.464472,0.434993,-0.054351,0.609878,0.579828,-0.030611,0.543301,0.573157,-0.034155,0.540760,0.629533,-0.023927,0.554862,0.659850,-0.017112,0.624969,0.568367,-0.012032,0.562510,0.575819,-0.018961,0.559832,0.625152,-0.013137,0.572580,0.653017,-0.008353,0.631536,0.569069,0.005091,0.583830,0.571316,-0.001514,0.578217,0.607333,-0.000520,0.586489,0.635654,0.001748
181,1695021706.008810,0,39.5462,39.5462,18.9983,18.3660,36.6767,3514.1916,67.7318,6141.5284,1.7109,162.2261,193.0239,98.8339,57.2074,21.5176,25.8275,0.001331,0.636562,0.804865,-0.000000,0.571653,0.806599,-0.032409,0.517210,0.733813,-0.040269,0.497445,0.638477,-0.036522,0.514807,0.592087,-0.030470,0.577706,0.619730,-0.055965,0.521057,0.517254,-0.060864,0.490393,0.473497,-0.060594,0.465687,0.434602,-0.061861,0.610704,0.581082,-0.034617,0.541760,0.571513,-0.035235,0.539082,0.627931,-0.022720,0.553594,0.658264,-0.015189,0.625091,0.569690,-0.013657,0.560683,0.574682,-0.018342,0.558090,0.624390,-0.012559,0.570795,0.651190,-0.008589,0.631105,0.569791,0.005792,0.582723,0.571250,0.000671,0.576416,0.606353,0.001357,0.583506,0.634675,0.002776
182,1695021706.017143,0,-38.7121,-38.7121,-19.2483,-38.2466,37.0625,3478.1877,3.9714,5378.5363,1.9347,162.0177,198.5212,99.1167,57.0933,22.1537,31.5498,0.001558,0.635009,0.804243,-0.000000,0.569915,0.808013,-0.033328,0.515553,0.735010,-0.041196,0.496753,0.637845,-0.037655,0.515117,0.593541,-0.031899,0.578166,0.619664,-0.055795,0.521285,0.517218,-0.061204,0.490946,0.471743,-0.060808,0.466999,0.431759,-0.061899,0.611674,0.581358,-0.034799,0.542270,0.573364,-0.037825,0.538088,0.630154,-0.026285,0.552289,0.661185,-0.018638,0.626278,0.570398,-0.014348,0.561570,0.575552,-0.021500,0.557238,0.624383,-0.016189,0.569549,0.652533,-0.011585,0.632358,0.570942,0.004522,0.583346,0.572569,-0.002487,0.576514,0.606407,-0.002274,0.583999,0.634557,-0.000533
183,1695021706.025477,0,33.6441,33.6441,17.9600,37.2083,35.9746,3474.0066,64.3790,5433.1398,0.7412,160.8588,197.2627,98.7736,56.7530,22.0965,32.2672,0.001652,0.634398,0.803996,-0.000000,0.569955,0.806543,-0.032564,0.515719,0.733564,-0.040717,0.496048,0.638032,-0.037194,0.514209,0.591737,-0.031848,0.577604,0.619355,-0.057313,0.521818,0.516116,-0.061004,0.491310,0.471300,-0.059800,0.466759,0.431818,-0.060667,0.610877,0.581195,-0.035420,0.541731,0.574477,-0.035865,0.537836,0.632045,-0.023260,0.551796,0.663372,-0.015639,0.625097,0.571357,-0.013536,0.560301,0.577004,-0.018048,0.556946,0.626814,-0.012308,0.569523,0.654958,-0.008339,0.630675,0.571756,0.007034,0.581527,0.573838,0.002123,0.575446,0.609572,0.003028,0.583597,0.638105,0.004573
184,1695021706.033810,0,37.0030,37.0030,17.4916,-0.4684,35.6470,3302.9665,50.2278,5172.5837,2.0696,158.2238,200.2931,94.3973,51.7131,18.8438,37.7453,0.002656,0.634552,0.802415,-0.000000,0.570132,0.806744,-0.032064,0.516059,0.735649,-0.040342,0.495968,0.641692,-0.037334,0.514237,0.595127,-0.032489,0.576099,0.620443,-0.056900,0.521223,0.514175,-0.062991,0.490070,0.467160,-0.063524,0.465368,0.428146,-0.064987,0.609249,0.582273,-0.035579,0.542947,0.577280,-0.037941,0.539463,0.633946,-0.025930,0.553539,0.665117,-0.018153,0.623897,0.572248,-0.014493,0.561633,0.579582,-0.020314,0.558702,0.628124,-0.014464,0.571543,0.655742,-0.009902,0.630184,0.572663,0.005270,0.582312,0.575968,-0.000178,0.576871,0.611048,0.001114,0.585549,0.638993,0.003352
185,1695021706.042143,0,-28.0923,-28.0923,-16.9096,-34.4012,34.5726,3383.6344,73.4408,4966.2196,1.5409,157.4637,200.0414,95.7440,53.4102,19.6941,35.7549,0.002399,0.634176,0.803109,-0.000000,0.569784,0.807847,-0.032746,0.515094,0.734943,-0.039803,0.495493,0.640271,-0.035636,0.514508,0.592164,-0.029504,0.574060,0.618116,-0.052886,0.519597,0.512125,-0.056419,0.489156,0.465201,-0.054592,0.465397,0.426446,-0.054416,0.607581,0.582051,-0.031316,0.542557,0.578064,-0.032924,0.539187,0.635048,-0.021118,0.553160,0.667131,-0.012920,0.623008,0.572918,-0.010262,0.561597,0.581277,-0.016571,0.558634,0.631411,-0.012298,0.570634,0.658543,-0.008176,0.630699,0.573383,0.009460,0.582797,0.578240,0.003810,0.577452,0.614297,0.004275,0.585518,0.642592,0.006225
186,1695021706.050477,0,-39.4506,-39.4506,-0.1846,16.7250,34.9048,397.6987,47.7645,5242.1257,1.6185,158.6057,204.4821,94.3372,51.6651,20.4226,38.7725,0.002884,0.634128,0.803583,-0.000000,0.570303,0.808478,-0.032192,0.515666,0.735846,-0.040693,0.495698,0.640334,-0.038197,0.514516,0.592543,-0.034115,0.575326,0.618949,-0.056084,0.520120,0.510098,-0.061928,0.489912,0.460745,-0.062216,0.466695,0.419146,-0.063683,0.609819,0.580445,-0.034689,0.542079,0.576860,-0.037377,0.538041,0.635251,-0.024944,0.552222,0.666435,-0.016612,0.625174,0.572018,-0.013522,0.561607,0.581045,-0.020076,0.558264,0.630296,-0.013520,0.571338,0.657977,-0.008078,0.631354,0.574561,0.006328,0.582337,0.579088,-0.000475,0.576945,0.615190,0.001017,0.586127,0.643225,0.003912
187,1695021706.058810,0,-40.6994,-40.6994,-18.5859,-18.4012,35.2716,3466.2926,33.9592,4939.3364,1.2623,157.9660,205.2187,95.4194,53.2936,21.2955,36.4180,0.002351,0.633203,0.802757,-0.000000,0.569186,0.808034,-0.032268,0.515460,0.736644,-0.040545,0.495903,0.642134,-0.037681,0.514464,0.596558,-0.033009,0.574094,0.621727,-0.056453,0.521168,0.510900,-0.063147,0.491209,0.461107,-0.063692,0.467336,0.420387,-0.064888,0.608350,0.583213,-0.035266,0.543083,0.574408,-0.037987,0.539411,0.631113,-0.025531,0.553181,0.663507,-0.017099,0.623936,0.572227,-0.014581,0.562281,0.578222,-0.021258,0.559524,0.627675,-0.015624,0.572049,0.655749,-0.010787,0.631238,0.571673,0.004773,0.583834,0.573945,-0.001008,0.578596,0.609774,0.000239,0.586716,0.638285,0.002620
188,1695021706.067143,0,-42.4980,-42.4980,-19.8753,-1.2894,30.2986,3306.3853,24.0126,5587.7512,1.6522,161.2793,210.5332,93.9832,51.1862,23.1401,43.8005,0.003302,0.634255,0.805238,-0.000000,0.570275,0.806500,-0.032536,0.515938,0.736753,-0.041958,0.494552,0.643884,-0.040616,0.513485,0.594220,-0.037479,0.576007,0.621688,-0.056174,0.520935,0.509593,-0.064547,0.491070,0.456654,-0.066525,0.467964,0.412465,-0.068704,0.608974,0.582866,-0.035345,0.540816,0.579173,-0.039649,0.536918,0.636013,-0.027912,0.551107,0.667759,-0.019910,0.623411,0.571854,-0.015111,0.559614,0.581647,-0.022817,0.556595,0.631470,-0.016364,0.569346,0.659398,-0.010816,0.629315,0.572498,0.003595,0.580772,0.577861,-0.003365,0.575370,0.615006,-0.001951,0.583889,0.643613,0.000886
189,1695021706.075477,0,-50.9750,-50.9750,-5.7207,14.1546,7.3306,548.2596,68.3056,5293.1033,1.2634,162.1597,210.0414,90.8534,47.8725,21.4145,45.9357,0.004279,0.632516,0.802582,-0.000000,0.568658,0.806751,-0.032104,0.514789,0.736912,-0.040998,0.494958,0.643748,-0.038553,0.512855,0.594870,-0.034416,0.572877,0.623137,-0.060155,0.520522,0.507308,-0.069433,0.490684,0.453767,-0.072163,0.466494,0.409910,-0.074842,0.607911,0.583354,-0.038856,0.540037,0.578923,-0.042389,0.535262,0.637196,-0.029285,0.548455,0.668514,-0.020682,0.623255,0.572393,-0.017948,0.558735,0.581822,-0.024500,0.555292,0.631416,-0.016753,0.567472,0.659060,-0.010715,0.629556,0.572885,0.001528,0.580160,0.577492,-0.005139,0.573779,0.613632,-0.003239,0.581178,0.641536,-0.000194
190,1695021706.083810,0,40.1727,40.1727,19.9058,25.6265,33.6731,3358.9919,53.4142,5244.2798,1.2460,158.8256,211.5955,98.6983,55.7487,25.4594,41.7958,0.002448,0.632222,0.802694,-0.000000,0.568973,0.806540,-0.032204,0.513912,0.738179,-0.041521,0.493259,0.645017,-0.040315,0.513451,0.597378,-0.037640,0.575629,0.624064,-0.056641,0.522911,0.512690,-0.063829,0.494322,0.459922,-0.064610,0.472021,0.415782,-0.066395,0.609183,0.584088,-0.036804,0.540788,0.579882,-0.041661,0.534947,0.637781,-0.030375,0.548571,0.669150,-0.022780,0.624058,0.572841,-0.017277,0.559790,0.580866,-0.024639,0.555096,0.629633,-0.017279,0.567444,0.657764,-0.011367,0.629939,0.574297,0.000601,0.580553,0.575100,-0.006262,0.574257,0.609965,-0.004338,0.583035,0.638308,-0.001228
191,1695021706.092143,0,38.9949,38.9949,19.9236,0.0177,41.4495,3316.6351,18.0834,4685.0598,1.6887,158.1590,211.3171,95.3461,52.4077,23.8649,43.6678,0.003291,0.631616,0.802372,-0.000000,0.568151,0.807560,-0.030932,0.513574,0.736989,-0.039152,0.493249,0.643568,-0.037058,0.512349,0.595719,-0.033533,0.571730,0.619551,-0.053877,0.519790,0.508291,-0.060564,0.491057,0.454882,-0.061613,0.469019,0.410263,-0.063560,0.606374,0.580633,-0.034157,0.540982,0.580328,-0.038207,0.535671,0.638768,-0.026838,0.549087,0.669710,-0.018937,0.622203,0.571841,-0.014758,0.560225,0.584316,-0.021531,0.555925,0.632788,-0.014598,0.567970,0.659955,-0.008798,0.628746,0.575197,0.003158,0.580782,0.580103,-0.003117,0.574856,0.615018,-0.000956,0.583035,0.642850,0.002481
192,1695021706.100477,0,44.7390,44.7390,21.8093,1.8857,43.2558,3265.7005,81.2047,4844.8610,1.2515,159.0872,212.6301,92.6928,50.4969,23.5771,44.7581,0.003593,0.629763,0.799312,-0.000000,0.566107,0.807000,-0.031766,0.513053,0.738287,-0.041386,0.493938,0.644384,-0.040249,0.512462,0.595866,-0.037668,0.570707,0.620134,-0.058267,0.518289,0.507369,-0.066493,0.489713,0.454037,-0.068600,0.467675,0.409165,-0.070975,0.605785,0.581116,-0.037624,0.541625,0.574757,-0.041668,0.536160,0.631765,-0.029707,0.549284,0.663241,-0.021635,0.621910,0.572146,-0.017200,0.560973,0.578207,-0.024444,0.556411,0.625557,-0.017623,0.568640,0.653549,-0.011891,0.628739,0.573989,0.001940,0.581073,0.573958,-0.004533,0.574581,0.607934,-0.002301,0.582708,0.636178,0.001092
193,1695021706.108810,0,44.7282,44.7282,23.9258,2.1165,37.3265,3223.2441,25.0472,5215.5392,0.7997,160.0417,212.4575,92.5108,49.7082,23.1392,46.1247,0.004131,0.629226,0.801251,-0.000000,0.565783,0.807145,-0.031557,0.513578,0.737681,-0.039561,0.493610,0.648490,-0.035798,0.510560,0.601085,-0.030527,0.568262,0.619635,-0.060145,0.517344,0.505912,-0.067458,0.488986,0.452399,-0.069534,0.466958,0.407309,-0.071735,0.603621,0.581155,-0.037371,0.540987,0.573660,-0.037559,0.534286,0.631778,-0.024007,0.545981,0.666176,-0.015672,0.620135,0.572356,-0.014593,0.559970,0.577783,-0.018704,0.554754,0.625960,-0.012566,0.565770,0.656102,-0.008120,0.627333,0.574008,0.007151,0.580015,0.575333,0.002928,0.572894,0.609423,0.004943,0.579857,0.639346,0.007594
194,1695021706.117143,0,-45.7479,-45.7479,-21.4802,-45.4060,35.2400,3258.4917,15.4119,5124.4647,1.7491,160.0687,209.8796,88.4118,45.8430,18.6020,45.7456,0.004769,0.629717,0.802416,-0.000000,0.563232,0.805269,-0.031052,0.510819,0.733080,-0.035383,0.493387,0.646161,-0.026495,0.511743,0.598758,-0.015506,0.563540,0.612140,-0.058286,0.515807,0.503071,-0.063951,0.487169,0.451797,-0.067095,0.464073,0.408287,-0.070143,0.600511,0.579878,-0.033298,0.538538,0.577079,-0.027293,0.533877,0.637352,-0.012669,0.546724,0.671374,-0.005120,0.617518,0.574586,-0.008491,0.557885,0.581687,-0.006735,0.553985,0.634488,-0.001745,0.565755,0.663420,0.000164,0.625735,0.577442,0.015258,0.581319,0.582025,0.015367,0.575262,0.618383,0.016684,0.581966,0.648289,0.017601
195,1695021706.125477,0,39.3253,39.3253,0.0826,21.5628,35.1665,220.4690,47.6992,4522.6676,2.3542,162.0934,215.0745,90.6936,47.4355,24.7582,52.7573,0.005251,0.628305,0.800681,-0.000000,0.563891,0.806953,-0.030208,0.510023,0.735739,-0.037207,0.490736,0.642263,-0.033420,0.509306,0.591818,-0.028270,0.564130,0.617897,-0.053651,0.514989,0.505421,-0.060871,0.487846,0.449621,-0.063241,0.466617,0.404105,-0.065724,0.600010,0.579747,-0.032897,0.537505,0.575873,-0.034167,0.532064,0.633894,-0.021846,0.544760,0.666499,-0.013865,0.617336,0.571173,-0.012576,0.557351,0.579585,-0.017516,0.552924,0.628390,-0.011178,0.564580,0.657054,-0.006204,0.625930,0.573253,0.006490,0.578084,0.577093,0.001526,0.572211,0.612674,0.003628,0.580340,0.641978,0.006683
196,1695021706.133810,0,-43.9402,-43.9402,-22.1698,-22.2524,43.0499,3194.7544,53.4924,4579.9927,2.6954,159.6096,211.4056,91.1309,48.7465,22.9250,47.1307,0.004349,0.625988,0.795839,-0.000000,0.562168,0.804798,-0.030237,0.509462,0.737438,-0.039109,0.490187,0.647705,-0.037942,0.506673,0.597723,-0.035657,0.563152,0.615405,-0.054478,0.514011,0.506183,-0.063359,0.486430,0.451515,-0.066654,0.465544,0.407218,-0.069790,0.599429,0.576382,-0.035527,0.538457,0.576196,-0.040230,0.531123,0.633958,-0.029553,0.542445,0.666092,-0.022159,0.617494,0.569761,-0.016983,0.558593,0.581321,-0.024675,0.551848,0.625955,-0.017825,0.561865,0.653652,-0.011918,0.626069,0.575027,0.000252,0.578809,0.579717,-0.006764,0.571220,0.611929,-0.003977,0.577878,0.639857,0.000119
197,1695021706.142143,0,-34.8150,-34.8150,-19.8858,2.2840,41.1231,3088.0739,54.7245,4921.5826,2.3895,156.9869,206.4461,87.9321,45.1155,16.6508,44.0227,0.004657,0.626527,0.801492,-0.000000,0.561025,0.807679,-0.029520,0.505919,0.736131,-0.034770,0.486202,0.643349,-0.028495,0.506872,0.595334,-0.020852,0.559787,0.615977,-0.054125,0.511607,0.505949,-0.058657,0.484483,0.452741,-0.059579,0.462695,0.409786,-0.061251,0.594446,0.579844,-0.032147,0.534420,0.580457,-0.028797,0.529090,0.637728,-0.015195,0.540939,0.669504,-0.007436,0.611308,0.573064,-0.010232,0.553287,0.585536,-0.010941,0.549757,0.634308,-0.005480,0.560743,0.662655,-0.002402,0.620435,0.576512,0.010588,0.573961,0.585372,0.009085,0.569351,0.620811,0.011035,0.577417,0.651048,0.013039
198,1695021706.150477,0,30.8011,30.8011,19.1372,39.0231,37.7876,2800.8301,37.9631,5238.0933,1.7226,161.3148,206.4015,82.3137,39.9967,15.5679,48.7231,0.006348,0.628146,0.797630,-0.000000,0.560528,0.807543,-0.026425,0.503939,0.737261,-0.030390,0.485589,0.646214,-0.024573,0.504351,0.601291,-0.017599,0.557589,0.616465,-0.047472,0.509567,0.505488,-0.052942,0.481761,0.450597,-0.054270,0.459130,0.407107,-0.056327,0.593880,0.578495,-0.029457,0.532610,0.580939,-0.029900,0.526842,0.639592,-0.017581,0.539384,0.672374,-0.009745,0.612205,0.571186,-0.011911,0.552786,0.583148,-0.016789,0.547940,0.632358,-0.010745,0.559209,0.662023,-0.006099,0.622332,0.576024,0.004519,0.574169,0.583885,-0.000601,0.568423,0.618935,0.001396,0.576831,0.649388,0.004279
199,1695021706.158810,0,-29.8696,-29.8696,-17.2987,-36.4360,35.3094,2880.5161,36.9245,4727.3407,1.8765,158.1898,207.2661,86.7772,44.6675,16.0867,43.7026,0.004691,0.623206,0.798908,-0.000000,0.557602,0.805251,-0.025891,0.503040,0.735216,-0.029603,0.483518,0.644574,-0.023191,0.502495,0.597560,-0.015485,0.552764,0.610441,-0.047158,0.506783,0.503341,-0.051227,0.481310,0.451736,-0.052257,0.461202,0.410578,-0.053832,0.589426,0.574989,-0.027804,0.532320,0.573539,-0.023878,0.525645,0.627991,-0.011146,0.536141,0.659398,-0.003884,0.609077,0.570823,-0.008625,0.553424,0.581397,-0.009495,0.547601,0.627283,-0.004800,0.557094,0.656524,-0.001870,0.620246,0.578065,0.009640,0.575258,0.583342,0.007742,0.568594,0.615366,0.009541,0.574908,0.646697,0.011803
200,1695021706.167143,0,30.8961,30.8961,18.7091,36.0078,33.1598,2806.6929,18.8299,5560.9347,1.7031,163.9606,207.0465,80.7589,38.4012,16.1453,49.5752,0.007171,0.620906,0.793140,-0.000000,0.555011,0.803806,-0.026433,0.500416,0.736996,-0.031540,0.480818,0.648945,-0.026820,0.501711,0.601921,-0.021061,0.550538,0.606930,-0.047042,0.504638,0.500109,-0.051543,0.477771,0.445466,-0.053473,0.457223,0.401998,-0.056223,0.587708,0.570677,-0.028335,0.531172,0.579205,-0.026563,0.525283,0.636544,-0.015008,0.537161,0.666390,-0.008413,0.607662,0.568528,-0.009731,0.552588,0.586510,-0.011337,0.547361,0.632678,-0.005289,0.558140,0.659573,-0.001549,0.619141,0.578572,0.007726,0.575001,0.588933,0.005881,0.569189,0.621538,0.008997,0.577055,0.650712,0.012180
201,1695021706.175477,0,-35.5596,-35.5596,-0.1861,-18.8952,31.5432,430.7408,35.0186,5940.0607,1.6097,164.8920,206.7359,77.6041,35.0908,14.9777,51.2966,0.008654,0.618713,0.792123,-0.000000,0.552345,0.802528,-0.025474,0.498117,0.736432,-0.029408,0.479258,0.650738,-0.022922,0.500780,0.603435,-0.015337,0.546039,0.604674,-0.048057,0.501396,0.496677,-0.052473,0.474884,0.441757,-0.055336,0.454789,0.398347,-0.058688,0.584609,0.569617,-0.028101,0.530824,0.578593,-0.023054,0.523660,0.637148,-0.010109,0.534230,0.670074,-0.003547,0.606149,0.570203,-0.008073,0.554059,0.587980,-0.006296,0.547351,0.632761,0.000000,0.556602,0.662112,0.002791,0.619562,0.582670,0.010908,0.578526,0.594467,0.011433,0.571959,0.625860,0.014787,0.578758,0.656074,0.017482
202,1695021706.183810,0,25.6465,25.6465,-1.2886,-1.1025,30.4028,186.6342,75.8065,5570.4362,1.0569,161.9745,208.2884,79.0889,36.8300,16.7680,51.8953,0.008509,0.618110,0.791591,-0.000000,0.552207,0.802644,-0.024828,0.495985,0.734987,-0.026693,0.476990,0.648904,-0.018133,0.499145,0.602408,-0.008361,0.543297,0.604572,-0.044399,0.500638,0.498148,-0.047156,0.474839,0.442930,-0.049219,0.454820,0.398739,-0.052218,0.581628,0.569168,-0.024519,0.528527,0.578752,-0.017844,0.522000,0.638211,-0.004767,0.533195,0.670519,0.001826,0.603237,0.568946,-0.004730,0.551285,0.586119,-0.001497,0.544803,0.633185,0.004408,0.554769,0.662008,0.006783,0.617473,0.579848,0.013930,0.575328,0.592302,0.015267,0.568306,0.625831,0.018119,0.575767,0.656450,0.020307
203,1695021706.192143,0,-20.2299,-20.2299,2.4099,3.6986,28.3150,354.9726,44.3665,6991.6526,1.4787,162.3040,206.2694,77.4352,34.4322,15.2845,52.9667,0.009554,0.615773,0.788725,-0.000000,0.549914,0.801071,-0.024033,0.493878,0.735452,-0.026512,0.475568,0.649406,-0.019534,0.496948,0.602297,-0.011530,0.538854,0.602727,-0.041493,0.497062,0.498861,-0.044192,0.471757,0.442475,-0.046095,0.452994,0.397950,-0.049023,0.577287,0.568612,-0.023648,0.526803,0.581174,-0.019422,0.519847,0.638939,-0.008442,0.530844,0.670676,-0.002548,0.599943,0.569160,-0.005868,0.549856,0.588440,-0.004897,0.542633,0.634295,0.000410,0.552014,0.662624,0.003166,0.615214,0.581266,0.010755,0.573701,0.595923,0.010713,0.566913,0.628822,0.013772,0.574459,0.658536,0.016703
204,1695021706.200477,0,34.1139,34.1139,0.8044,-1.6055,29.0057,174.1755,64.0353,7651.7043,2.2201,161.7539,201.3592,75.2603,31.4858,12.2245,52.3471,0.010372,0.613178,0.788812,-0.000000,0.547571,0.801361,-0.024424,0.491754,0.736039,-0.028380,0.474228,0.648102,-0.022773,0.496343,0.601197,-0.016138,0.537097,0.605360,-0.044624,0.495441,0.501981,-0.050208,0.469789,0.446458,-0.054390,0.450421,0.402935,-0.058769,0.575889,0.568472,-0.027356,0.525443,0.579729,-0.024431,0.519474,0.637516,-0.013372,0.531413,0.668499,-0.007605,0.598164,0.567685,-0.010314,0.548487,0.586261,-0.010493,0.541835,0.632403,-0.004340,0.552143,0.660509,-0.001079,0.612705,0.580000,0.005505,0.571389,0.593138,0.004564,0.565097,0.626043,0.008098,0.573071,0.656198,0.011306
205,1695021706.208810,0,-21.2871,-21.2871,3.5681,2.7637,27.8869,268.1732,80.7401,6930.7598,1.6415,162.3102,200.6919,78.1803,35.0173,13.3359,51.8935,0.009583,0.612808,0.788798,-0.000000,0.546848,0.802714,-0.023082,0.491283,0.738463,-0.024483,0.472359,0.658077,-0.016375,0.492767,0.615373,-0.007199,0.533056,0.603483,-0.039856,0.494072,0.504506,-0.043074,0.469651,0.448473,-0.046344,0.452432,0.404225,-0.050033,0.571844,0.568740,-0.022302,0.524756,0.585918,-0.016244,0.517822,0.644599,-0.005524,0.529382,0.676552,-0.000370,0.595627,0.569990,-0.004950,0.549068,0.591281,-0.002597,0.541480,0.637518,0.002108,0.550690,0.665428,0.003963,0.611975,0.584246,0.011287,0.572996,0.599157,0.012692,0.566190,0.631743,0.016124,0.573467,0.662476,0.018926
206,1695021706.217143,1,26.8894,26.8894,0.3107,-3.2574,24.4930,370.3046,44.3632,7262.9847,1.6701,163.0849,195.2635,74.6467,32.6014,9.5636,50.9308,0.009949,0.611234,0.789618,-0.000000,0.544857,0.803807,-0.021570,0.488981,0.739852,-0.022666,0.471413,0.659490,-0.014327,0.491377,0.616100,-0.005083,0.527615,0.604993,-0.040630,0.489925,0.507373,-0.045230,0.465537,0.452273,-0.050057,0.447832,0.409253,-0.054756,0.567017,0.569232,-0.023907,0.521315,0.586573,-0.017709,0.516163,0.644947,-0.006421,0.528960,0.675918,-0.001075,0.591810,0.570519,-0.007405,0.545892,0.590520,-0.004835,0.539778,0.637921,0.000047,0.550457,0.665457,0.001736,0.608860,0.584780,0.008115,0.570557,0.600298,0.008996,0.564768,0.633662,0.012031,0.573119,0.663132,0.014392
207,1695021706.225477,1,-28.1774,-28.1774,-1.9869,-2.2976,26.5633,441.3870,9.7711,6072.0493,2.5304,169.7068,192.8911,74.6399,31.7557,9.3502,52.4278,0.011267,0.610696,0.789536,-0.000000,0.544884,0.805323,-0.022153,0.488323,0.742680,-0.022550,0.468477,0.664343,-0.012829,0.488355,0.622000,-0.002069,0.526707,0.607433,-0.042644,0.486356,0.512002,-0.046307,0.462823,0.457034,-0.050544,0.446779,0.411776,-0.054934,0.565178,0.572060,-0.024206,0.517644,0.586019,-0.016488,0.512651,0.644823,-0.004665,0.525229,0.674830,0.000612,0.589278,0.572465,-0.005720,0.542576,0.589872,-0.000942,0.535853,0.636861,0.004163,0.546134,0.663779,0.005411,0.605572,0.585572,0.011728,0.567268,0.598418,0.014030,0.560836,0.631298,0.016685,0.568984,0.660852,0.018417
208,1695021706.233810,1,28.6121,28.6121,-1.3754,0.6114,26.9449,418.3881,20.6860,6332.2274,2.0357,169.5656,189.4797,74.0101,32.3520,7.4942,51.5411,0.011550,0.608611,0.796690,-0.000000,0.542100,0.808770,-0.018348,0.487061,0.748090,-0.017334,0.466134,0.674444,-0.006884,0.482565,0.629109,0.004367,0.521463,0.608862,-0.038052,0.484684,0.515443,-0.042689,0.461465,0.460979,-0.049948,0.444962,0.416278,-0.056233,0.560282,0.573705,-0.020326,0.518838,0.588115,-0.007728,0.514481,0.644271,0.004902,0.525675,0.675196,0.009436,0.586404,0.575343,-0.002588,0.544117,0.592282,0.006567,0.538620,0.639642,0.011210,0.548457,0.668070,0.010969,0.604485,0.590467,0.014386,0.570275,0.604181,0.019690,0.564435,0.638208,0.022690,0.572192,0.669385,0.024062
209,1695021706.242143,1,28.9135,28.9135,12.5502,13.9256,26.0018,2147.9383,2.0303,5707.5769,2.0980,166.2701,187.0968,71.4149,30.7842,8.3002,50.6473,0.011552,0.606831,0.794767,-0.000000,0.541449,0.810672,-0.021966,0.484257,0.749356,-0.022086,0.464121,0.669517,-0.011919,0.484233,0.623734,-0.000730,0.519692,0.611716,-0.041825,0.481349,0.516611,-0.044994,0.458384,0.461101,-0.050069,0.441942,0.416015,-0.055240,0.558111,0.576829,-0.022495,0.512930,0.592947,-0.011533,0.508493,0.651319,0.000569,0.520690,0.681986,0.004990,0.582904,0.578576,-0.003041,0.538397,0.597511,0.005266,0.531901,0.644450,0.010476,0.541586,0.672312,0.010712,0.600390,0.592906,0.015293,0.563713,0.607517,0.020436,0.557209,0.641156,0.023633,0.564783,0.672092,0.025058
210,1695021706.250477,1,-21.8516,-21.8516,-12.1852,-24.7354,26.1253,2014.7547,68.0302,5916.9532,1.2817,166.9244,184.7603,70.6157,30.2919,9.4780,51.7868,0.012251,0.606934,0.802467,-0.000000,0.539998,0.815752,-0.020959,0.482023,0.753802,-0.020358,0.461029,0.676372,-0.010165,0.481551,0.633591,0.001021,0.517981,0.613195,-0.038573,0.478512,0.516297,-0.040190,0.456414,0.461287,-0.043138,0.441068,0.416571,-0.046790,0.557445,0.578225,-0.020892,0.512398,0.596735,-0.011289,0.507645,0.656088,0.000719,0.519681,0.688477,0.005923,0.583406,0.581422,-0.003164,0.538570,0.603099,0.003064,0.532899,0.650411,0.007610,0.542944,0.679251,0.008255,0.601651,0.598271,0.013502,0.565375,0.614150,0.016765,0.559408,0.646945,0.019244,0.567524,0.678339,0.020762
211,1695021706.258810,1,37.9210,37.9210,16.5246,28.7098,28.1124,2043.7764,84.7599,6463.3916,2.1610,175.2662,181.5253,67.8964,29.3556,12.3398,52.3720,0.012910,0.604757,0.799975,-0.000000,0.539138,0.817273,-0.022416,0.480970,0.756856,-0.022390,0.460387,0.679611,-0.011713,0.479475,0.636142,-0.000118,0.518185,0.619816,-0.045738,0.479365,0.522975,-0.051530,0.455404,0.464381,-0.058159,0.437512,0.417420,-0.064328,0.556124,0.580896,-0.026389,0.509274,0.606201,-0.018343,0.505787,0.667394,-0.006400,0.518982,0.697059,-0.001906,0.579493,0.579975,-0.006928,0.533826,0.606474,-0.001219,0.527462,0.652444,0.004583,0.537939,0.679556,0.005579,0.595159,0.593042,0.011379,0.558659,0.612100,0.014001,0.552462,0.646437,0.016882,0.561203,0.676773,0.018509
212,1695021706.267143,1,-72.3819,-72.3819,-25.2485,-41.7731,41.9737,2166.8513,79.0729,3273.6244,1.9463,189.6528,180.5531,63.8344,26.7548,14.7685,53.6566,0.013694,0.603938,0.804041,-0.000000,0.535934,0.818546,-0.026388,0.477226,0.757302,-0.028379,0.457410,0.679749,-0.016851,0.478153,0.634311,-0.004289,0.517921,0.620389,-0.063175,0.474777,0.526228,-0.075074,0.451619,0.467252,-0.087114,0.434774,0.415102,-0.096702,0.555263,0.585365,-0.039643,0.504749,0.603811,-0.031521,0.503879,0.666865,-0.017430,0.518591,0.693456,-0.012849,0.577430,0.586637,-0.015598,0.528821,0.608494,-0.007575,0.525018,0.657274,0.000678,0.538164,0.683032,0.001900,0.592230,0.600676,0.007100,0.555148,0.617442,0.011250,0.549461,0.652642,0.014806,0.558993,0.681143,0.015948
213,1695021706.275477,1,85.1453,85.1453,14.0579,39.3064,53.9878,291.6739,47.7554,2941.3660,1.7367,188.1944,171.8382,66.5266,32.4822,19.1352,51.3970,0.012496,0.602445,0.805604,-0.000000,0.534763,0.820807,-0.025187,0.480333,0.760532,-0.025542,0.459448,0.688522,-0.010336,0.474867,0.637892,0.006150,0.514987,0.627635,-0.070021,0.473526,0.535027,-0.082931,0.449142,0.477734,-0.097098,0.431520,0.425681,-0.107560,0.551127,0.593673,-0.041680,0.502751,0.599346,-0.025082,0.503034,0.659186,-0.007217,0.517377,0.685876,-0.002749,0.573566,0.591183,-0.012262,0.525930,0.600376,0.004195,0.522442,0.652981,0.013138,0.534833,0.681341,0.012053,0.588087,0.599553,0.016273,0.552870,0.607421,0.026279,0.546419,0.645090,0.029959,0.555359,0.676124,0.029290
214,1695021706.283810,1,61.8549,61.8549,20.9266,6.8687,57.5943,1934.3272,56.7684,3730.1794,1.6815,174.7137,161.0437,69.9889,40.9337,27.9004,49.2559,0.010807,0.600486,0.805916,-0.000000,0.534931,0.825247,-0.023206,0.479592,0.769566,-0.023237,0.458090,0.698255,-0.010862,0.471546,0.649652,0.002597,0.513367,0.631924,-0.053673,0.471219,0.541207,-0.062715,0.445782,0.484819,-0.073525,0.427265,0.437182,-0.082187,0.550326,0.594471,-0.030995,0.503413,0.607394,-0.019551,0.499968,0.669192,-0.005818,0.512078,0.700037,-0.001876,0.573099,0.591775,-0.008034,0.527367,0.605036,0.001332,0.521151,0.655132,0.007889,0.531552,0.684024,0.007695,0.588026,0.600551,0.014071,0.552057,0.609811,0.018874,0.545294,0.646114,0.022000,0.553667,0.676559,0.022635
215,1695021706.292143,1,39.8890,39.8890,0.4920,-20.4346,54.2165,1288.6040,44.4601,3158.0599,2.1590,161.8873,144.5014,76.6239,55.4182,44.9638,54.8180,0.009217,0.600113,0.806459,-0.000000,0.534673,0.827365,-0.024477,0.476726,0.771608,-0.025802,0.453991,0.696827,-0.016839,0.472568,0.654726,-0.007108,0.514771,0.636064,-0.043904,0.467294,0.549211,-0.047871,0.438864,0.498440,-0.052456,0.418963,0.454485,-0.057496,0.550557,0.596029,-0.025318,0.500086,0.620004,-0.018646,0.496469,0.680571,-0.006993,0.511012,0.710219,-0.001973,0.571883,0.593199,-0.007055,0.523846,0.618269,-0.003777,0.518577,0.665815,0.001228,0.530309,0.692464,0.002508,0.586495,0.604943,0.009940,0.547377,0.623156,0.011257,0.542068,0.655743,0.013865,0.552256,0.683999,0.015387
216,1695021706.300477,1,36.5154,36.5154,27.2243,26.7323,54.1808,2476.2544,10.8591,3324.0729,2.1566,158.4838,132.5627,84.8596,67.3902,56.0186,59.5407,0.008253,0.598234,0.805855,-0.000000,0.533942,0.831091,-0.022672,0.475746,0.778651,-0.023798,0.450710,0.705035,-0.015919,0.466842,0.660321,-0.007338,0.511431,0.638736,-0.038803,0.461590,0.559134,-0.042966,0.432774,0.510837,-0.047507,0.412389,0.469717,-0.052404,0.547935,0.598510,-0.022880,0.501396,0.623886,-0.018983,0.498080,0.682339,-0.008899,0.511124,0.710222,-0.003885,0.572047,0.598025,-0.007306,0.527429,0.622402,-0.007276,0.521409,0.667856,-0.002091,0.532632,0.691999,0.000636,0.589899,0.613222,0.007097,0.554067,0.632762,0.005564,0.548620,0.665119,0.008673,0.559063,0.692009,0.011718
217,1695021706.308810,1,-43.3933,-43.3933,-32.1346,-59.3590,43.3646,2540.8819,6.8733,3773.2971,2.4681,160.0718,113.7793,89.8256,80.1256,73.5430,76.2677,0.009302,0.598113,0.812956,-0.000000,0.533024,0.834960,-0.023119,0.475839,0.783424,-0.024364,0.451036,0.712243,-0.015399,0.466940,0.666424,-0.005684,0.510719,0.643937,-0.042518,0.456746,0.566823,-0.044271,0.425124,0.522763,-0.047886,0.402116,0.482631,-0.052525,0.546508,0.603520,-0.023426,0.494900,0.629405,-0.013526,0.492467,0.690540,-0.000475,0.507030,0.720021,0.004967,0.568690,0.602369,-0.004317,0.519600,0.625315,0.001270,0.514751,0.674805,0.006794,0.526477,0.700888,0.008042,0.583770,0.614929,0.013890,0.546033,0.629477,0.017039,0.539902,0.662563,0.020358,0.549196,0.690373,0.022019
218,1695021706.317143,1,-40.5032,-40.5032,-25.5895,6.5451,44.0067,2424.3681,0.2060,3698.7931,2.1996,161.3881,103.8852,99.1900,90.5548,82.4257,82.0180,0.007616,0.596485,0.805640,-0.000000,0.533606,0.835505,-0.025146,0.476595,0.791823,-0.027566,0.449540,0.725581,-0.020024,0.459775,0.679869,-0.011534,0.505779,0.648664,-0.041803,0.451837,0.574474,-0.044169,0.419981,0.532999,-0.047395,0.397824,0.494163,-0.051405,0.540348,0.606487,-0.023189,0.492266,0.633987,-0.016215,0.490633,0.694436,-0.004674,0.506608,0.723071,0.000649,0.563192,0.603899,-0.004944,0.517827,0.629420,-0.002523,0.514051,0.677161,0.002034,0.527048,0.701955,0.003611,0.580138,0.614556,0.012131,0.543840,0.633039,0.013172,0.538654,0.666517,0.016204,0.549100,0.693379,0.018355
219,1695021706.325477,1,-26.4720,-26.4720,-16.5903,8.9993,37.1969,2117.4832,43.7537,3978.9379,2.1888,160.7693,89.9797,109.2899,103.3841,97.3590,95.1179,0.006970,0.598258,0.814506,-0.000000,0.534204,0.843333,-0.023171,0.475163,0.796293,-0.023814,0.447061,0.726430,-0.015095,0.459988,0.679511,-0.005363,0.503697,0.650273,-0.035109,0.446783,0.579902,-0.032673,0.414171,0.541909,-0.032466,0.391086,0.505693,-0.034543,0.537617,0.609448,-0.016603,0.489941,0.639261,-0.007329,0.490955,0.697254,0.004019,0.508261,0.725801,0.009338,0.560114,0.607595,0.001831,0.515020,0.634967,0.006071,0.512830,0.682348,0.009449,0.526038,0.708177,0.010194,0.576425,0.619019,0.019289,0.540839,0.635777,0.022323,0.536416,0.670039,0.024913,0.546957,0.698942,0.026524
220,1695021706.333810,1,-31.5145,-31.5145,-17.0075,-0.4172,29.4290,2108.7204,19.0925,3830.7141,1.7135,158.6404,79.1719,119.2758,114.9739,108.9021,105.1278,0.005245,0.599526,0.821509,-0.000000,0.535369,0.848809,-0.021899,0.476444,0.803915,-0.022177,0.447740,0.739229,-0.013333,0.456047,0.693430,-0.003680,0.502464,0.655935,-0.035635,0.444328,0.589587,-0.034436,0.410761,0.551696,-0.035091,0.386937,0.515829,-0.037521,0.536626,0.613961,-0.017840,0.487194,0.648777,-0.009063,0.488188,0.708323,0.002135,0.506060,0.737250,0.007294,0.559168,0.611715,0.000007,0.512067,0.641166,0.003499,0.509708,0.689599,0.006993,0.523235,0.715761,0.007918,0.574581,0.623761,0.017066,0.537214,0.642100,0.019072,0.532583,0.676759,0.021710,0.543102,0.705778,0.023616
221,1695021706.342143,1,-36.3444,-36.3444,1.7622,18.7697,6.0882,1640.2606,32.4081,3858.2812,1.8979,158.6836,71.6960,126.3642,123.0621,116.5389,110.0981,0.004005,0.598747,0.821597,-0.000000,0.535143,0.851247,-0.024410,0.476538,0.810092,-0.027203,0.446209,0.746738,-0.020979,0.452251,0.699783,-0.013873,0.501959,0.660729,-0.038468,0.441926,0.596838,-0.039437,0.408002,0.560961,-0.040893,0.383515,0.526663,-0.043722,0.534613,0.616830,-0.020973,0.483215,0.650537,-0.015626,0.484419,0.708074,-0.005574,0.502090,0.735983,-0.000585,0.556269,0.612334,-0.003710,0.507904,0.642911,-0.003086,0.506124,0.689664,0.000765,0.519795,0.714750,0.002646,0.571136,0.623771,0.012443,0.532856,0.642161,0.011961,0.528543,0.675934,0.014411,0.539110,0.704264,0.016777
222,1695021706.350477,1,33.9336,33.9336,18.6092,16.8470,27.4615,1851.5903,8.1844,4407.4680,2.0954,154.9645,59.9982,136.6704,132.8438,126.1502,120.0011,0.002685,0.597805,0.820384,-0.000000,0.533530,0.853859,-0.026794,0.471836,0.810155,-0.027419,0.442233,0.744039,-0.017870,0.455248,0.700734,-0.007197,0.500571,0.661545,-0.038979,0.437985,0.604256,-0.038245,0.402916,0.571416,-0.038322,0.378125,0.538464,-0.040520,0.533799,0.619911,-0.019660,0.481074,0.660257,-0.014365,0.482938,0.720731,-0.004364,0.501518,0.745581,0.000943,0.555254,0.617302,-0.000716,0.505383,0.652537,-0.000416,0.504233,0.703091,0.002410,0.519150,0.724759,0.003946,0.570313,0.628757,0.016915,0.531117,0.652900,0.015269,0.528102,0.688065,0.015963,0.541129,0.713921,0.017332
223,1695021706.358810,1,-30.6544,-30.6544,-1.0456,-19.6548,26.2600,1469.2664,27.6667,4752.3950,2.6156,157.7523,54.2491,139.2917,136.4067,129.8675,122.3365,0.002161,0.598991,0.825748,-0.000000,0.535065,0.858772,-0.026686,0.474012,0.816902,-0.029149,0.441915,0.749661,-0.021974,0.451566,0.699291,-0.013638,0.500207,0.666582,-0.038039,0.435708,0.608648,-0.036107,0.400937,0.577589,-0.034901,0.376008,0.544932,-0.036219,0.531339,0.624376,-0.018775,0.478643,0.661211,-0.012737,0.481234,0.719504,-0.002988,0.499651,0.745121,0.002061,0.551450,0.619712,0.000344,0.501557,0.653081,0.001332,0.500968,0.702816,0.004338,0.515509,0.726254,0.005919,0.565051,0.629162,0.018235,0.525079,0.651607,0.017824,0.521957,0.687920,0.019345,0.534090,0.715202,0.021271
224,1695021706.367143,1,34.5035,34.5035,16.5045,17.5501,32.9085,1417.5025,21.8300,6339.1685,2.0584,161.1011,47.3905,149.9362,146.7687,139.7012,130.8136,0.001390,0.597852,0.823861,-0.000000,0.535162,0.860787,-0.027781,0.473512,0.821959,-0.031803,0.440327,0.754500,-0.026397,0.448814,0.704553,-0.019739,0.499692,0.673532,-0.038867,0.433654,0.615870,-0.038512,0.397520,0.585655,-0.037916,0.371438,0.554726,-0.039634,0.529544,0.626190,-0.020120,0.476374,0.662842,-0.017553,0.481579,0.720704,-0.008358,0.501746,0.746490,-0.002811,0.548904,0.617789,-0.001799,0.499556,0.653860,-0.003843,0.501652,0.701099,-0.000693,0.518076,0.724050,0.001697,0.562120,0.624851,0.015156,0.523040,0.649164,0.012480,0.521552,0.685367,0.013716,0.534717,0.711969,0.015860
225,1695021706.375477,1,33.6190,33.6190,17.4909,0.9863,33.1271,1692.2235,3.4911,7369.8250,2.3724,157.4753,32.5189,157.9392,156.1114,149.7204,140.9080,0.000584,0.595128,0.825645,-0.000000,0.532047,0.860888,-0.030282,0.469314,0.822247,-0.033992,0.436705,0.754695,-0.027304,0.447264,0.706028,-0.019254,0.499003,0.671168,-0.041139,0.430234,0.620118,-0.039304,0.393127,0.595119,-0.037167,0.366746,0.566383,-0.037821,0.528746,0.626788,-0.020345,0.472601,0.667349,-0.016427,0.477684,0.726903,-0.006109,0.498705,0.751426,0.000143,0.547774,0.621029,-0.000048,0.496485,0.658711,-0.001580,0.498851,0.707809,0.001060,0.515912,0.729225,0.003188,0.561371,0.628303,0.018813,0.521548,0.653771,0.016218,0.520396,0.690159,0.016779,0.534515,0.715208,0.018400
226,1695021706.383810,1,-37.3587,-37.3587,-17.8231,-35.3139,33.3940,1386.1497,24.6164,7281.8073,2.4997,156.9745,29.4027,165.0763,163.2936,156.2767,146.2620,0.000451,0.595764,0.828738,-0.000000,0.532950,0.865161,-0.030150,0.470438,0.827603,-0.035024,0.437043,0.758248,-0.029892,0.445576,0.705034,-0.023545,0.499398,0.677594,-0.042720,0.429953,0.626673,-0.041776,0.392848,0.601665,-0.040061,0.364953,0.574162,-0.041315,0.527641,0.629867,-0.023066,0.470060,0.674466,-0.021046,0.476230,0.733438,-0.011655,0.496800,0.756115,-0.006082,0.545387,0.621445,-0.003771,0.491751,0.664274,-0.005842,0.495015,0.714775,-0.001898,0.512087,0.735062,0.000853,0.557495,0.627712,0.013903,0.516052,0.658052,0.010507,0.515102,0.695746,0.011312,0.528964,0.719184,0.013111
227,1695021706.392143,1,37.9521,37.9521,17.1516,34.9747,34.0785,1510.3572,0.3832,6810.4958,1.8129,152.8981,19.5967,173.0407,170.6428,162.7083,151.1605,0.000130,0.593640,0.829470,-0.000000,0.531470,0.865696,-0.031784,0.470534,0.829681,-0.037788,0.437566,0.764050,-0.033624,0.443451,0.713791,-0.028072,0.500098,0.676950,-0.043655,0.427752,0.630389,-0.042622,0.390346,0.609359,-0.040293,0.363169,0.584356,-0.040999,0.527811,0.631472,-0.023754,0.465979,0.670028,-0.023160,0.470788,0.728355,-0.014340,0.491193,0.751096,-0.008783,0.544479,0.623624,-0.004352,0.487407,0.660415,-0.008186,0.489924,0.710688,-0.004484,0.507052,0.731064,-0.001411,0.554657,0.630066,0.013348,0.511146,0.654861,0.007919,0.509885,0.692163,0.008105,0.523759,0.715565,0.009855
228,1695021706.400477,0,44.3965,44.3965,2.4732,-14.6784,30.2289,1064.4444,76.5973,7585.7075,1.9622,158.6381,17.8805,174.3544,173.0679,165.6375,154.8496,0.000287,0.592746,0.828799,-0.000000,0.530916,0.868204,-0.033738,0.467887,0.831985,-0.039908,0.434754,0.762920,-0.035316,0.442985,0.713942,-0.029200,0.501061,0.683716,-0.046777,0.426786,0.634340,-0.047606,0.388409,0.611310,-0.045933,0.360124,0.584255,-0.047004,0.527488,0.634319,-0.026020,0.462780,0.673995,-0.027240,0.469195,0.733043,-0.017511,0.490937,0.753746,-0.010866,0.542170,0.623734,-0.006093,0.483465,0.664000,-0.011736,0.487867,0.714838,-0.007491,0.506710,0.733121,-0.003570,0.551503,0.628356,0.011906,0.508070,0.657903,0.004834,0.508773,0.695915,0.004556,0.524341,0.718562,0.006264
229,1695021706.408810,0,43.9346,43.9346,2.5789,0.1056,31.1903,623.3923,11.2815,8885.7613,2.5241,154.8526,14.9156,177.6376,176.9526,170.0260,158.8255,0.000310,0.593176,0.831125,-0.000000,0.532208,0.870304,-0.032113,0.469436,0.838530,-0.039498,0.435133,0.772349,-0.037251,0.441526,0.720565,-0.033739,0.499258,0.686699,-0.044731,0.425992,0.638653,-0.046016,0.387470,0.615463,-0.044535,0.358711,0.589893,-0.045683,0.524672,0.636990,-0.025673,0.463343,0.681150,-0.028737,0.470248,0.739828,-0.020468,0.491752,0.760903,-0.014430,0.539874,0.625022,-0.007219,0.483766,0.669423,-0.013862,0.488356,0.719059,-0.009252,0.506871,0.737284,-0.004830,0.549498,0.628355,0.009420,0.506378,0.660456,0.002035,0.507036,0.698801,0.002586,0.522310,0.720159,0.005190
230,1695021706.417143,0,-42.2091,-42.2091,-1.2126,-3.7915,40.2056,558.3007,28.7933,8660.1547,1.9533,158.6335,13.3081,178.6406,177.5795,170.3910,159.0881,0.000319,0.592362,0.833354,-0.000000,0.530458,0.872818,-0.031033,0.467505,0.838319,-0.037536,0.433158,0.770055,-0.034172,0.439412,0.718928,-0.029527,0.497634,0.686988,-0.044388,0.423492,0.638714,-0.044615,0.385411,0.615781,-0.042833,0.357063,0.589430,-0.044020,0.524049,0.637073,-0.024988,0.462585,0.676338,-0.025276,0.469759,0.733478,-0.015819,0.490528,0.754337,-0.009807,0.540084,0.625420,-0.006023,0.483993,0.666812,-0.010355,0.489082,0.715930,-0.005215,0.507585,0.734829,-0.001225,0.550344,0.629091,0.011219,0.507401,0.659014,0.005105,0.508259,0.696823,0.005733,0.523323,0.718978,0.007916
231,1695021706.425477,0,-43.5435,-43.5435,-20.3739,-19.1613,41.6911,624.9276,27.4429,9276.4819,2.0238,158.4090,13.1701,179.4459,179.8148,173.4728,162.9129,0.000550,0.591420,0.830424,-0.000000,0.529658,0.873175,-0.031394,0.465172,0.841556,-0.038121,0.430190,0.774215,-0.035254,0.437499,0.722853,-0.031180,0.496031,0.688284,-0.043358,0.421086,0.640393,-0.044552,0.382367,0.617316,-0.043388,0.353624,0.590733,-0.044917,0.521901,0.637321,-0.024284,0.460095,0.681548,-0.027185,0.468468,0.739166,-0.018456,0.490451,0.757988,-0.012009,0.537840,0.625411,-0.005843,0.481475,0.671472,-0.012774,0.487620,0.720058,-0.007962,0.507365,0.736257,-0.003185,0.548628,0.628208,0.010875,0.505080,0.662672,0.002669,0.507007,0.701221,0.002994,0.523389,0.721208,0.005641
232,1695021706.433810,0,46.4053,46.4053,0.5022,20.8761,43.0174,263.4682,55.0925,9478.3619,1.7435,159.1489,12.4435,180.7057,181.5137,175.5121,165.7136,0.000725,0.590187,0.833321,-0.000000,0.528602,0.875370,-0.031531,0.464304,0.843779,-0.038555,0.429595,0.775909,-0.035942,0.437437,0.723998,-0.032207,0.495977,0.693386,-0.045525,0.420206,0.641720,-0.047223,0.381139,0.616467,-0.045823,0.351305,0.589666,-0.047165,0.520728,0.640209,-0.026532,0.458221,0.683938,-0.029328,0.465888,0.741966,-0.020070,0.487253,0.762864,-0.013575,0.535763,0.625389,-0.008130,0.479001,0.673463,-0.014316,0.485163,0.722594,-0.008860,0.504449,0.740715,-0.004144,0.545803,0.626304,0.008408,0.502154,0.663977,0.000940,0.503896,0.702631,0.001339,0.519507,0.722882,0.003678
233,1695021706.442143,0,56.2111,56.2111,3.0691,2.5669,45.1259,72.8661,65.4874,7902.3333,1.2172,165.2971,14.8769,178.0406,178.4835,172.4032,162.1530,0.000929,0.588686,0.830314,-0.000000,0.528013,0.874851,-0.032243,0.465916,0.845970,-0.040944,0.431114,0.779252,-0.039659,0.435962,0.726411,-0.037055,0.495527,0.694357,-0.048793,0.419589,0.641468,-0.053212,0.380828,0.614954,-0.054454,0.351630,0.586026,-0.057422,0.521377,0.640984,-0.029730,0.456743,0.677274,-0.033967,0.462899,0.735059,-0.025288,0.483487,0.756285,-0.019389,0.536417,0.626582,-0.011249,0.477466,0.665370,-0.018492,0.482137,0.714229,-0.012504,0.501204,0.733651,-0.007387,0.546021,0.627745,0.005393,0.500819,0.658712,-0.002804,0.501380,0.697363,-0.001786,0.516751,0.719200,0.001069
234,1695021706.450477,0,-58.7029,-58.7029,-4.1235,-7.1926,49.1665,168.7249,45.9586,8599.2253,2.5796,163.5154,14.8043,178.7817,180.1733,174.5910,164.8255,0.001268,0.587201,0.828087,-0.000000,0.527002,0.873855,-0.034462,0.463650,0.846693,-0.042366,0.427678,0.780887,-0.039440,0.431477,0.728385,-0.034806,0.496916,0.693564,-0.050681,0.420628,0.643065,-0.055847,0.380240,0.616818,-0.056992,0.350375,0.587972,-0.059303,0.521891,0.641526,-0.030261,0.456131,0.681915,-0.035382,0.461452,0.741453,-0.026012,0.482975,0.762817,-0.018867,0.535548,0.627808,-0.010776,0.476525,0.669645,-0.019956,0.479644,0.719744,-0.014906,0.498393,0.739195,-0.009403,0.544608,0.628622,0.006814,0.500518,0.662571,-0.002536,0.500605,0.701215,-0.002083,0.515911,0.722593,0.000918
235,1695021706.458810,0,-62.7435,-62.7435,-4.8000,-0.6765,52.5621,208.3070,66.3775,8428.9520,0.5194,163.8642,17.3706,179.4897,182.4299,178.2214,169.6967,0.001782,0.585765,0.828223,-0.000000,0.525416,0.873664,-0.035261,0.463017,0.846755,-0.044154,0.428580,0.781641,-0.042060,0.434343,0.732495,-0.038307,0.497128,0.695827,-0.053470,0.418823,0.642524,-0.059794,0.378416,0.615684,-0.060753,0.348364,0.586900,-0.062624,0.520907,0.641959,-0.032960,0.453428,0.679799,-0.039589,0.459491,0.738021,-0.030130,0.480797,0.759161,-0.022524,0.533168,0.625963,-0.013415,0.472734,0.669745,-0.023738,0.478024,0.718692,-0.018670,0.497059,0.736502,-0.012885,0.540696,0.625189,0.004179,0.495903,0.662360,-0.006203,0.497951,0.700554,-0.006056,0.513569,0.720917,-0.003058
236,1695021706.467143,0,-58.5885,-58.5885,-26.2484,-21.4484,54.6439,274.1853,58.2176,7395.2704,2.0220,168.1991,20.3936,177.4293,180.0105,175.2257,166.6767,0.002384,0.588242,0.830660,-0.000000,0.527588,0.875800,-0.033452,0.463036,0.846083,-0.041841,0.426647,0.777683,-0.039839,0.431856,0.725481,-0.036412,0.496403,0.696640,-0.051373,0.417685,0.641475,-0.056304,0.378395,0.614144,-0.056423,0.348748,0.584411,-0.058339,0.520566,0.641329,-0.031831,0.453038,0.681501,-0.037643,0.460398,0.740566,-0.028275,0.481966,0.760351,-0.021200,0.533908,0.624411,-0.012968,0.473251,0.670165,-0.021730,0.479450,0.720123,-0.015481,0.499381,0.737390,-0.009629,0.542313,0.623473,0.003951,0.496557,0.660932,-0.005725,0.498668,0.700263,-0.005254,0.514828,0.720073,-0.002347
237,1695021706.475477,0,-67.0007,-67.0007,-30.8029,-4.5545,47.2892,258.6215,66.7549,6754.6768,1.3747,170.8549,25.2610,175.4122,178.9366,175.0073,167.4193,0.003631,0.586713,0.829744,-0.000000,0.525863,0.874536,-0.034558,0.463308,0.846620,-0.044181,0.427820,0.780627,-0.043231,0.431701,0.728294,-0.040828,0.497375,0.697304,-0.053754,0.417814,0.640812,-0.060945,0.377752,0.611523,-0.062968,0.347282,0.580975,-0.065845,0.520989,0.640919,-0.033916,0.452525,0.680032,-0.041769,0.459519,0.738929,-0.033059,0.481045,0.759576,-0.026098,0.533204,0.623182,-0.014876,0.471647,0.668213,-0.025385,0.477725,0.718125,-0.019111,0.497640,0.736679,-0.012737,0.540266,0.621636,0.002157,0.494222,0.657502,-0.008745,0.496260,0.697226,-0.008123,0.512298,0.718354,-0.004773
238,1695021706.483810,0,62.4280,62.4280,30.2827,61.0857,49.7709,205.2318,67.3349,6688.6975,1.9515,171.0702,21.7454,174.8990,179.1767,176.0086,168.2818,0.002792,0.587235,0.830294,-0.000000,0.525862,0.875565,-0.035258,0.460906,0.844753,-0.044460,0.424913,0.773574,-0.042879,0.430971,0.721395,-0.039728,0.497126,0.697216,-0.053182,0.417286,0.640106,-0.058886,0.377248,0.610845,-0.059668,0.346935,0.580291,-0.061946,0.520572,0.640208,-0.032572,0.450944,0.672937,-0.038966,0.456838,0.731192,-0.029711,0.477773,0.753943,-0.022586,0.532751,0.622248,-0.012735,0.470697,0.661924,-0.022172,0.475386,0.712057,-0.016307,0.494495,0.732750,-0.010519,0.539916,0.620539,0.005036,0.493705,0.654793,-0.005154,0.495165,0.694352,-0.005035,0.511010,0.716561,-0.002347
239,1695021706.492143,0,-57.5905,-57.5905,1.2883,-28.9945,49.6755,313.9682,78.7133,6962.9907,1.6034,166.2276,23.3851,172.3202,177.9530,175.4164,167.9414,0.003174,0.585656,0.828547,-0.000000,0.523094,0.873771,-0.032639,0.457865,0.843689,-0.041177,0.422517,0.771389,-0.039867,0.430067,0.718206,-0.037118,0.495913,0.696419,-0.049741,0.416613,0.639008,-0.054926,0.377385,0.610549,-0.055252,0.347266,0.580873,-0.057511,0.518907,0.639119,-0.031123,0.449319,0.675309,-0.038057,0.457566,0.731626,-0.028960,0.479504,0.751454,-0.021816,0.531352,0.620049,-0.013259,0.469513,0.665065,-0.022852,0.476315,0.713331,-0.016234,0.496380,0.730776,-0.009941,0.538759,0.617145,0.002585,0.492478,0.652972,-0.008010,0.494799,0.691628,-0.007859,0.510687,0.711148,-0.005173
240,1695021706.500477,0,-69.2245,-69.2245,-2.6590,-3.9472,50.4172,200.4078,78.2411,5100.9370,1.2183,166.7685,25.7996,172.4615,177.0768,173.9663,166.5115,0.003987,0.582780,0.821344,-0.000000,0.522792,0.870118,-0.033552,0.459348,0.844322,-0.042792,0.424024,0.775751,-0.041440,0.429709,0.723488,-0.038440,0.494807,0.698608,-0.054257,0.416477,0.640689,-0.062767,0.376475,0.609896,-0.065619,0.346224,0.579566,-0.068816,0.518194,0.640525,-0.035270,0.451874,0.675942,-0.044292,0.457931,0.732469,-0.035710,0.478307,0.754052,-0.028592,0.530016,0.619305,-0.017090,0.470502,0.663349,-0.027950,0.474718,0.710751,-0.021935,0.492818,0.730317,-0.015720,0.537576,0.613557,-0.000944,0.492639,0.653715,-0.011401,0.494145,0.691902,-0.010712,0.508909,0.712517,-0.007445
241,1695021706.508810,0,63.1801,63.1801,32.5452,35.2042,62.5401,271.1312,49.2201,5269.5192,1.1681,167.8094,28.4090,170.0157,175.6537,173.3403,166.7177,0.004593,0.585198,0.827111,-0.000000,0.523193,0.871796,-0.032950,0.461236,0.843190,-0.041983,0.426421,0.776561,-0.040888,0.430332,0.724321,-0.038367,0.493352,0.697145,-0.051235,0.414546,0.637703,-0.057739,0.375335,0.606676,-0.059538,0.345252,0.575145,-0.062313,0.517243,0.639444,-0.032107,0.449741,0.670547,-0.038363,0.455826,0.727675,-0.029573,0.476368,0.751105,-0.022926,0.530807,0.620104,-0.013723,0.470185,0.659319,-0.022451,0.475494,0.708895,-0.016301,0.494607,0.730305,-0.010548,0.539269,0.617579,0.002692,0.493816,0.650786,-0.006590,0.495180,0.690584,-0.005792,0.510508,0.713599,-0.002778
242,1695021706.517143,0,62.3948,62.3948,-0.0083,-32.5535,61.8740,383.4273,31.3651,5142.1856,2.0069,169.3534,32.0779,170.9425,177.2669,175.8595,170.1571,0.005905,0.586076,0.823113,-0.000000,0.524429,0.871444,-0.034774,0.459480,0.842136,-0.042907,0.423255,0.772023,-0.040131,0.430678,0.719554,-0.035577,0.492571,0.696378,-0.050494,0.413964,0.636849,-0.056361,0.374066,0.605836,-0.057831,0.343738,0.574012,-0.060501,0.516842,0.639271,-0.030079,0.448503,0.672318,-0.035414,0.455156,0.730335,-0.026146,0.476438,0.751346,-0.019110,0.530051,0.620281,-0.010725,0.468736,0.660458,-0.019232,0.473933,0.710478,-0.013411,0.493609,0.729389,-0.007685,0.539066,0.617050,0.006439,0.492602,0.651316,-0.003186,0.494315,0.690874,-0.002966,0.510881,0.712795,-0.000148
243,1695021706.525477,0,63.9943,63.9943,30.3962,30.4045,62.1308,332.8939,44.8012,5347.5175,1.8315,167.9522,30.0653,170.3701,176.2132,174.1954,167.8807,0.005234,0.584879,0.824452,-0.000000,0.523578,0.870081,-0.031426,0.460047,0.842712,-0.040307,0.424460,0.774727,-0.039561,0.429109,0.721453,-0.037559,0.492026,0.697618,-0.049771,0.414499,0.638096,-0.057064,0.374751,0.606552,-0.059482,0.344453,0.575463,-0.062693,0.515961,0.638938,-0.031609,0.450860,0.672149,-0.038764,0.457352,0.727815,-0.030081,0.477737,0.750326,-0.023340,0.529938,0.618661,-0.014177,0.471585,0.662288,-0.023675,0.477478,0.709857,-0.017173,0.496687,0.729648,-0.011057,0.539169,0.615112,0.001371,0.494392,0.652266,-0.008778,0.496463,0.691565,-0.007914,0.512021,0.713060,-0.004638
244,1695021706.533810,0,-56.4403,-56.4403,3.1960,-27.2001,61.8723,311.9887,67.1865,6132.4867,1.5637,162.6929,29.5111,169.6252,176.7418,175.1278,169.1037,0.005187,0.586952,0.830738,-0.000000,0.525024,0.872198,-0.033392,0.458395,0.839686,-0.041761,0.421057,0.766319,-0.039993,0.429486,0.711594,-0.036568,0.492974,0.696612,-0.049180,0.413826,0.636445,-0.053956,0.374621,0.607250,-0.053854,0.344439,0.577696,-0.055684,0.515711,0.638100,-0.029454,0.447272,0.665991,-0.034979,0.455199,0.722584,-0.025607,0.476414,0.745266,-0.018414,0.528682,0.617439,-0.010553,0.468138,0.656711,-0.018963,0.475093,0.705558,-0.013029,0.495075,0.725265,-0.007362,0.536859,0.613181,0.006329,0.490887,0.645466,-0.003314,0.493109,0.684541,-0.003573,0.509255,0.706201,-0.001312
245,1695021706.542143,0,61.7632,61.7632,-0.3542,-3.5503,47.7152,170.1091,69.8280,5729.4114,1.9020,164.3248,29.6073,171.1302,178.0806,176.9543,171.4655,0.004882,0.585658,0.829000,-0.000000,0.522865,0.871265,-0.033257,0.456280,0.839462,-0.040224,0.420432,0.768157,-0.036291,0.430240,0.715693,-0.030965,0.489909,0.689314,-0.051448,0.411818,0.634996,-0.056480,0.372065,0.607068,-0.057673,0.341663,0.576733,-0.060258,0.515051,0.632139,-0.031245,0.447508,0.668996,-0.033663,0.454488,0.728241,-0.022829,0.476200,0.749844,-0.015430,0.530111,0.615585,-0.011860,0.469660,0.661371,-0.018289,0.475790,0.711456,-0.012635,0.495780,0.729091,-0.007655,0.540868,0.615667,0.005627,0.494534,0.653161,-0.002062,0.496732,0.691672,-0.001227,0.513630,0.712125,0.001404
246,1695021706.550477,0,-56.7513,-56.7513,-29.7865,-29.4323,58.4559,562.1626,78.5999,6110.8148,1.1191,161.1435,30.4244,169.9157,176.3950,174.8599,169.3043,0.005534,0.586429,0.828191,-0.000000,0.522861,0.871353,-0.032989,0.455804,0.839447,-0.040896,0.420022,0.765910,-0.038478,0.430078,0.711679,-0.034520,0.491459,0.689966,-0.050044,0.411667,0.634528,-0.054013,0.372579,0.606751,-0.053832,0.342235,0.577393,-0.055783,0.515379,0.632185,-0.030410,0.447043,0.666408,-0.034451,0.454614,0.723541,-0.024401,0.476127,0.745981,-0.017148,0.529245,0.614041,-0.011467,0.468661,0.658042,-0.018661,0.475360,0.706826,-0.012529,0.495364,0.725339,-0.007065,0.538401,0.612150,0.005498,0.492185,0.647879,-0.003002,0.494650,0.686258,-0.002597,0.511090,0.706503,-0.000154
247,1695021706.558810,0,60.2339,60.2339,-0.9401,28.8464,58.1108,134.9787,64.4586,5936.0213,0.6670,162.7793,30.9064,171.3268,177.7767,176.2538,170.8681,0.005644,0.584900,0.824996,-0.000000,0.522234,0.868963,-0.032741,0.456400,0.837907,-0.041311,0.421423,0.765396,-0.039814,0.430426,0.712395,-0.036882,0.490760,0.691401,-0.050431,0.411478,0.635039,-0.055529,0.372351,0.606432,-0.056017,0.342441,0.576561,-0.058278,0.514705,0.633601,-0.031400,0.446653,0.666200,-0.036568,0.453963,0.721931,-0.026867,0.475372,0.743298,-0.019717,0.528681,0.615253,-0.013104,0.467988,0.658158,-0.020922,0.474226,0.706821,-0.014452,0.493920,0.725080,-0.008756,0.537652,0.613550,0.003175,0.491475,0.648766,-0.005983,0.493862,0.687172,-0.005487,0.510137,0.707398,-0.002891
248,1695021706.567143,0,-55.2532,-55.2532,0.2968,1.2369,57.3942,101.0144,62.8740,6048.2141,1.4792,159.6998,31.8543,173.4890,179.5225,177.5163,171.8679,0.005582,0.587059,0.829140,-0.000000,0.524150,0.871429,-0.030478,0.457915,0.839391,-0.036919,0.421132,0.767856,-0.033746,0.428980,0.715362,-0.029295,0.489095,0.691854,-0.046254,0.411897,0.635993,-0.050305,0.372672,0.607417,-0.050597,0.342022,0.578781,-0.052706,0.513686,0.634481,-0.028088,0.448965,0.670437,-0.031767,0.456770,0.727483,-0.022144,0.478008,0.750920,-0.015116,0.528522,0.616057,-0.010652,0.470247,0.661697,-0.017426,0.477275,0.709192,-0.011738,0.497116,0.728106,-0.006576,0.538375,0.614743,0.004963,0.492660,0.651136,-0.002832,0.494943,0.688585,-0.002208,0.511083,0.709124,0.000372
249,1695021706.575477,0,56.7138,56.7138,-1.2624,-1.5591,56.6444,68.5016,66.0344,5402.2644,0.5237,162.5980,31.4719,171.5609,176.8652,174.8165,169.3362,0.005420,0.584881,0.824832,-0.000000,0.522648,0.869919,-0.032487,0.457301,0.838671,-0.039872,0.421344,0.766970,-0.036857,0.428143,0.713640,-0.032304,0.489604,0.692783,-0.048999,0.411165,0.635778,-0.052694,0.372107,0.607679,-0.052435,0.341913,0.578185,-0.054142,0.513547,0.634446,-0.029254,0.444979,0.663169,-0.031838,0.451926,0.718571,-0.021301,0.473064,0.740506,-0.013852,0.528070,0.615961,-0.010230,0.466901,0.655631,-0.016872,0.473321,0.704069,-0.011207,0.492927,0.722369,-0.006089,0.537606,0.613693,0.006974,0.491039,0.646929,-0.001278,0.492973,0.685495,-0.001026,0.508996,0.706963,0.001228
250,1695021706.583810,0,-54.7634,-54.7634,0.4970,1.7593,55.8942,80.7413,53.5747,6121.8147,1.3360,161.1528,30.4645,171.5079,176.6931,174.7716,169.5416,0.005537,0.585554,0.826981,-0.000000,0.521847,0.870044,-0.032698,0.455839,0.838107,-0.041159,0.419684,0.765709,-0.039670,0.428239,0.712337,-0.036816,0.489570,0.688073,-0.047955,0.410935,0.634470,-0.051002,0.371956,0.608392,-0.050652,0.342093,0.579252,-0.052693,0.514353,0.631046,-0.028316,0.447435,0.662982,-0.031935,0.455300,0.720445,-0.022420,0.477209,0.743228,-0.015536,0.530067,0.614092,-0.009245,0.470817,0.654900,-0.016060,0.477091,0.703755,-0.010339,0.497412,0.723359,-0.005211,0.540853,0.613187,0.007943,0.496265,0.645917,-0.000411,0.498054,0.684400,-0.000202,0.514467,0.705641,0.002105
251,1695021706.592143,0,-53.8734,-53.8734,-28.5268,-29.0238,55.4223,600.6223,56.4449,5828.2834,0.8963,159.4336,31.9354,170.6905,176.6633,175.0360,169.1101,0.006020,0.586303,0.828310,-0.000000,0.522770,0.870905,-0.031833,0.456173,0.838812,-0.039215,0.420499,0.765873,-0.036771,0.430561,0.711917,-0.032992,0.489611,0.689021,-0.046953,0.411815,0.635146,-0.050219,0.372287,0.607776,-0.049804,0.341801,0.579633,-0.051580,0.514013,0.632204,-0.028168,0.447249,0.666619,-0.031984,0.454432,0.723443,-0.022668,0.476029,0.746290,-0.015825,0.528756,0.614031,-0.010067,0.468636,0.657543,-0.017345,0.474808,0.706011,-0.012032,0.494825,0.724449,-0.006988,0.538578,0.612200,0.006210,0.491439,0.647648,-0.001903,0.493642,0.685772,-0.001456,0.510529,0.705419,0.000994
252,1695021706.600477,0,-56.4238,-56.4238,-0.2926,28.2342,44.7245,152.3596,73.1880,6168.3192,0.3463,160.4776,32.0258,169.7446,175.7419,174.5001,169.1155,0.006048,0.585539,0.824886,-0.000000,0.522443,0.870064,-0.030507,0.456890,0.838878,-0.036988,0.421784,0.768177,-0.033831,0.430767,0.715984,-0.029378,0.488751,0.691300,-0.046640,0.411858,0.635946,-0.051521,0.372087,0.607730,-0.052285,0.341783,0.579191,-0.054373,0.513386,0.634476,-0.028843,0.449323,0.669199,-0.033098,0.456056,0.726485,-0.023650,0.477597,0.749064,-0.016549,0.528352,0.616060,-0.011860,0.469988,0.659848,-0.019528,0.476102,0.708729,-0.014195,0.495905,0.726630,-0.008983,0.538813,0.614339,0.003361,0.492995,0.649577,-0.004283,0.494730,0.688246,-0.003062,0.511193,0.708877,-0.000037
253,1695021706.608810,0,-55.4219,-55.4219,-28.0339,-27.7413,44.7415,542.8413,22.6705,6886.0789,2.0534,162.8549,26.3985,172.0334,176.7711,174.0472,168.1335,0.004215,0.586083,0.828068,-0.000000,0.522748,0.870099,-0.033359,0.457284,0.837195,-0.040899,0.421492,0.764772,-0.037855,0.429409,0.710383,-0.033205,0.490696,0.689772,-0.049008,0.412211,0.636161,-0.052429,0.373103,0.609639,-0.052152,0.343150,0.580613,-0.053919,0.514841,0.632725,-0.028653,0.446451,0.663640,-0.031545,0.453810,0.719974,-0.021651,0.475226,0.742082,-0.014642,0.529196,0.615056,-0.009036,0.468007,0.655473,-0.015510,0.474312,0.704643,-0.010259,0.494290,0.723943,-0.005485,0.538764,0.614039,0.008650,0.492612,0.648105,0.000781,0.494849,0.686430,0.000743,0.511613,0.707801,0.002761
254,1695021706.617143,0,50.3804,50.3804,26.2859,54.3199,42.2086,594.8047,67.6463,7159.4490,1.1416,161.6404,28.4671,171.4649,176.2145,173.6328,168.0058,0.004886,0.586682,0.828186,-0.000000,0.523440,0.871185,-0.033046,0.457063,0.838036,-0.039450,0.420436,0.765532,-0.035281,0.429921,0.711751,-0.029458,0.489188,0.691969,-0.046436,0.411406,0.636112,-0.048461,0.372412,0.609826,-0.047213,0.342380,0.580977,-0.048511,0.513105,0.634798,-0.026023,0.445848,0.667272,-0.027866,0.454341,0.724712,-0.017871,0.476283,0.746694,-0.010877,0.527508,0.616081,-0.006435,0.467245,0.658936,-0.011893,0.474743,0.708826,-0.006798,0.495240,0.727967,-0.002351,0.537705,0.613807,0.011116,0.492134,0.649609,0.003838,0.495114,0.688348,0.003492,0.512397,0.709960,0.005188
255,1695021706.625477,0,-56.4213,-56.4213,-0.6370,-26.9229,42.3765,205.2847,56.5467,6523.8808,0.9539,163.9298,26.2916,172.7683,177.5947,175.0312,168.8641,0.004136,0.586169,0.823853,-0.000000,0.523434,0.870194,-0.031759,0.458137,0.839822,-0.039280,0.421699,0.769797,-0.036582,0.429570,0.719338,-0.032519,0.488877,0.693082,-0.047892,0.412055,0.639543,-0.052195,0.373339,0.612404,-0.052815,0.343758,0.583450,-0.054902,0.512938,0.636446,-0.028221,0.447511,0.666010,-0.030847,0.454754,0.721897,-0.020429,0.475800,0.745453,-0.012860,0.528184,0.618783,-0.009252,0.469876,0.657191,-0.016252,0.476001,0.704769,-0.011296,0.495786,0.724750,-0.006297,0.539132,0.616247,0.008105,0.494406,0.648550,0.000153,0.496472,0.686507,0.000545,0.512995,0.707950,0.003052
256,1695021706.633810,0,-58.0071,-58.0071,-0.3958,0.2411,42.7876,132.3757,43.6627,6456.6923,0.8968,163.8673,28.5646,172.6244,178.0167,176.2777,171.1692,0.004854,0.587009,0.827922,-0.000000,0.523652,0.871446,-0.032755,0.456981,0.839039,-0.040049,0.421529,0.765958,-0.036802,0.433065,0.715101,-0.032152,0.489289,0.691330,-0.048607,0.411989,0.637248,-0.053126,0.372315,0.610693,-0.054022,0.341927,0.582082,-0.056423,0.513818,0.633926,-0.028604,0.448169,0.664667,-0.031172,0.455981,0.721679,-0.020693,0.477601,0.743998,-0.013185,0.529062,0.616377,-0.009475,0.470532,0.656593,-0.016405,0.477286,0.704547,-0.011518,0.497431,0.722614,-0.006719,0.540284,0.614758,0.007887,0.494970,0.649009,-0.000090,0.497677,0.686245,0.000254,0.514810,0.706373,0.002645
257,1695021706.642143,0,-50.3957,-50.3957,1.2565,1.6524,42.2536,134.3027,55.1158,7413.0146,2.1584,162.5980,21.9576,172.4580,177.2010,174.0236,166.4799,0.002929,0.588093,0.827515,-0.000000,0.524920,0.871623,-0.032486,0.458592,0.839707,-0.040243,0.422078,0.766890,-0.037952,0.431941,0.715595,-0.034219,0.490856,0.689704,-0.046452,0.413043,0.639164,-0.048875,0.373874,0.614740,-0.048082,0.344217,0.587072,-0.049637,0.515294,0.634255,-0.026702,0.449311,0.664519,-0.029720,0.456689,0.721301,-0.020224,0.477992,0.743580,-0.013183,0.530584,0.617850,-0.007536,0.472256,0.656126,-0.014371,0.477773,0.704601,-0.009475,0.497346,0.723342,-0.004655,0.541314,0.616874,0.009879,0.496749,0.648409,0.002291,0.498537,0.686471,0.002752,0.515206,0.707029,0.005215
258,1695021706.650477,0,49.5960,49.5960,-0.1961,-1.4527,51.4681,179.8862,7.5863,7994.2104,0.9748,157.3565,21.7328,171.5410,177.0439,174.3856,167.2180,0.002865,0.587496,0.827549,-0.000000,0.524781,0.871008,-0.032303,0.459995,0.839381,-0.039532,0.424243,0.770081,-0.036860,0.432593,0.717492,-0.032772,0.490500,0.690066,-0.045707,0.412472,0.639878,-0.048509,0.373302,0.615795,-0.047807,0.343699,0.588264,-0.049329,0.514883,0.635097,-0.026559,0.449110,0.668787,-0.029829,0.456824,0.724515,-0.020605,0.478501,0.744986,-0.013849,0.529964,0.618497,-0.008249,0.470653,0.660121,-0.015276,0.477149,0.708117,-0.010416,0.497277,0.725339,-0.005707,0.540345,0.617958,0.008172,0.495110,0.651250,-0.000190,0.497337,0.689283,-0.000291,0.514119,0.709697,0.001868
259,1695021706.658810,0,54.2779,54.2779,27.6748,27.8709,52.4419,334.8104,34.3088,7829.6327,2.3148,163.5664,24.3523,169.8404,174.4141,172.0381,166.2989,0.003514,0.588694,0.825085,-0.000000,0.527436,0.870345,-0.032491,0.462322,0.840982,-0.040171,0.424965,0.772045,-0.037791,0.431576,0.719678,-0.033899,0.491467,0.693015,-0.046487,0.414993,0.639679,-0.050601,0.375902,0.613144,-0.050983,0.346213,0.584942,-0.053108,0.515273,0.636736,-0.027069,0.450046,0.671984,-0.031324,0.458034,0.728399,-0.022188,0.479336,0.748338,-0.015408,0.529664,0.619093,-0.008500,0.471025,0.661753,-0.016113,0.477404,0.710407,-0.010571,0.497160,0.727700,-0.005376,0.539568,0.617799,0.008153,0.494758,0.652819,-0.000401,0.497425,0.691746,0.000013,0.514319,0.711864,0.002610
260,1695021706.667143,0,55.1830,55.1830,28.2975,0.6227,52.6163,349.8352,35.2683,6961.0616,1.8913,162.6466,23.7045,170.9638,175.1963,172.2450,165.4039,0.003235,0.587301,0.826000,-0.000000,0.524642,0.869922,-0.031226,0.460039,0.839302,-0.039482,0.424949,0.768102,-0.038123,0.433010,0.714038,-0.035593,0.492403,0.692416,-0.047874,0.414727,0.639614,-0.052030,0.375664,0.614545,-0.052382,0.345716,0.587299,-0.054725,0.516375,0.636002,-0.029331,0.451216,0.671327,-0.033729,0.459471,0.727159,-0.024354,0.480961,0.747456,-0.017635,0.531109,0.619164,-0.011337,0.472503,0.662629,-0.018445,0.479527,0.710655,-0.012070,0.499770,0.727731,-0.006664,0.540959,0.618262,0.004841,0.496312,0.653654,-0.003537,0.499137,0.691817,-0.002725,0.515916,0.710793,-0.000078
261,1695021706.675477,0,49.7324,49.7324,25.0320,-3.2655,41.1007,284.7474,85.6445,7957.6763,1.1954,162.9059,24.4794,171.5971,175.3078,172.0026,165.4183,0.003346,0.588433,0.827749,-0.000000,0.525609,0.870925,-0.032318,0.460375,0.839848,-0.039559,0.425357,0.769058,-0.036730,0.435336,0.717294,-0.032409,0.492342,0.692732,-0.045350,0.415898,0.639865,-0.047967,0.376533,0.614724,-0.047351,0.346893,0.586951,-0.048945,0.516623,0.638389,-0.025794,0.452335,0.670958,-0.029141,0.460000,0.727305,-0.019809,0.481694,0.748469,-0.012777,0.531428,0.621943,-0.007027,0.473807,0.662001,-0.014131,0.480050,0.710577,-0.009342,0.499859,0.728319,-0.004552,0.541855,0.620422,0.009906,0.497748,0.653969,0.001783,0.500145,0.692764,0.001896,0.517004,0.712765,0.004238
262,1695021706.683810,0,56.3701,56.3701,1.6935,-23.3385,2.8290,245.6472,77.3797,7821.6825,2.2553,165.0108,21.7948,170.5257,174.4925,171.1089,163.6348,0.002570,0.589400,0.826509,-0.000000,0.527373,0.870586,-0.030894,0.461846,0.840672,-0.038007,0.426521,0.769376,-0.035088,0.436509,0.715910,-0.030831,0.492769,0.691958,-0.047965,0.416080,0.639758,-0.052748,0.376596,0.614204,-0.053862,0.346596,0.586055,-0.056374,0.517407,0.636346,-0.029223,0.453102,0.668356,-0.031823,0.461015,0.724370,-0.021358,0.482760,0.744885,-0.014027,0.532736,0.619738,-0.011184,0.475116,0.660757,-0.017897,0.481364,0.708240,-0.012269,0.501276,0.725131,-0.007198,0.543732,0.618940,0.005196,0.498641,0.651523,-0.002501,0.500976,0.688963,-0.001405,0.517994,0.709174,0.001410
263,1695021706.692143,0,55.5086,55.5086,0.3077,-1.3859,2.3389,187.5045,33.1635,7713.8318,0.3374,164.0085,21.0276,170.5611,174.3894,171.0429,163.4647,0.002366,0.589552,0.827341,-0.000000,0.527559,0.869118,-0.032692,0.462362,0.838250,-0.039621,0.426378,0.769335,-0.035927,0.435984,0.717927,-0.030778,0.494013,0.688657,-0.048963,0.416952,0.638950,-0.052851,0.377255,0.614481,-0.053471,0.347178,0.587358,-0.055635,0.518235,0.635502,-0.028609,0.454633,0.674870,-0.030671,0.462766,0.733081,-0.020082,0.484910,0.754238,-0.012539,0.532864,0.620995,-0.009017,0.476111,0.666267,-0.015217,0.482110,0.715184,-0.010348,0.502063,0.733207,-0.005661,0.543220,0.621451,0.008813,0.500020,0.655962,0.001473,0.501929,0.694134,0.001908,0.518650,0.715026,0.004408
264,1695021706.700477,0,55.2568,55.2568,0.0184,-0.2892,2.3767,107.8824,16.9710,8050.7702,1.2020,162.1404,20.7800,170.9731,174.5175,170.7330,162.6987,0.002310,0.590531,0.829257,-0.000000,0.529074,0.870204,-0.032906,0.463282,0.838076,-0.038825,0.426389,0.768495,-0.033611,0.436881,0.718910,-0.026730,0.494630,0.690167,-0.049535,0.418049,0.639198,-0.053207,0.378404,0.614971,-0.053653,0.348135,0.587849,-0.055551,0.518546,0.636281,-0.028402,0.453502,0.669827,-0.028769,0.461212,0.727837,-0.017439,0.482848,0.749446,-0.009588,0.532878,0.620839,-0.008036,0.475023,0.662496,-0.013034,0.481003,0.711242,-0.008598,0.500726,0.729167,-0.004324,0.543476,0.619911,0.010618,0.499144,0.652990,0.004554,0.500470,0.689970,0.004959,0.516990,0.711416,0.007165
265,1695021706.708810,0,-50.1036,-50.1036,-24.9590,-24.9775,41.7941,135.9092,87.4971,8298.3992,0.6562,161.8495,21.4504,171.1520,174.2350,169.9825,161.6843,0.002284,0.590512,0.825282,-0.000000,0.529446,0.867983,-0.030234,0.464220,0.837513,-0.036457,0.428194,0.768659,-0.032997,0.438633,0.716436,-0.028322,0.492818,0.689694,-0.044799,0.417805,0.639279,-0.048268,0.378799,0.615032,-0.048522,0.349199,0.587998,-0.050521,0.517886,0.636102,-0.026273,0.456141,0.672804,-0.028104,0.464899,0.729355,-0.017864,0.486895,0.749627,-0.010695,0.534119,0.620487,-0.008547,0.478345,0.664411,-0.014417,0.485639,0.711945,-0.009163,0.505826,0.728176,-0.004427,0.546276,0.620111,0.007495,0.502323,0.654094,0.000819,0.504889,0.691472,0.001831,0.521823,0.711148,0.004480
266,1695021706.717143,0,-47.9169,-47.9169,-26.0718,-1.1127,51.3091,167.4846,37.7476,8683.3398,2.3842,156.1358,19.5772,175.8371,178.3036,173.7646,165.5949,0.002132,0.592440,0.825481,-0.000000,0.529874,0.867589,-0.032109,0.463145,0.836135,-0.038777,0.427673,0.767231,-0.035542,0.438963,0.716937,-0.031023,0.495037,0.687603,-0.044822,0.419721,0.640277,-0.046953,0.380242,0.618198,-0.045953,0.350581,0.592432,-0.047368,0.519795,0.634793,-0.025688,0.457345,0.676345,-0.028053,0.465767,0.734595,-0.018359,0.488229,0.753772,-0.011331,0.535613,0.619888,-0.007432,0.479377,0.665976,-0.013782,0.485912,0.715199,-0.008972,0.506186,0.730923,-0.004415,0.547497,0.619694,0.008947,0.503845,0.656337,0.001614,0.506467,0.694476,0.002000,0.523830,0.712831,0.004348
267,1695021706.725477,0,42.4536,42.4536,-3.2637,22.8080,49.2623,153.1788,66.7138,9584.0569,2.2777,158.0540,16.7321,176.2053,177.0987,171.7490,163.0197,0.001222,0.592753,0.827177,-0.000000,0.530874,0.867739,-0.030614,0.464769,0.835210,-0.035872,0.428892,0.767123,-0.031194,0.439570,0.717078,-0.025241,0.494729,0.685286,-0.043402,0.420597,0.639357,-0.043543,0.381467,0.618655,-0.041686,0.352146,0.594616,-0.042795,0.519926,0.633607,-0.024373,0.459437,0.673331,-0.024272,0.467501,0.729449,-0.014715,0.488997,0.750065,-0.008596,0.536299,0.619697,-0.005913,0.481393,0.662994,-0.009530,0.487540,0.710552,-0.005168,0.506526,0.728214,-0.001878,0.548409,0.621187,0.010759,0.505319,0.654519,0.005839,0.507048,0.691020,0.006282,0.523263,0.711746,0.007965
268,1695021706.733810,0,46.9493,46.9493,-2.0769,1.1869,47.8147,99.7668,49.3247,9235.9384,1.9873,163.0085,18.4549,172.6243,172.9712,167.0987,157.6711,0.001434,0.592775,0.821335,-0.000000,0.531038,0.864592,-0.030687,0.466686,0.834267,-0.037635,0.430857,0.768169,-0.035029,0.438794,0.719407,-0.031231,0.495957,0.685655,-0.043640,0.421971,0.640349,-0.046236,0.382894,0.618045,-0.046100,0.353782,0.591762,-0.048070,0.520963,0.632852,-0.025354,0.458983,0.670824,-0.027852,0.466156,0.727882,-0.018884,0.487442,0.747664,-0.012580,0.537056,0.617943,-0.007779,0.480925,0.658429,-0.013853,0.486474,0.706418,-0.009000,0.505935,0.722864,-0.004684,0.548987,0.618274,0.008042,0.506156,0.650225,0.001320,0.507999,0.687971,0.002202,0.524593,0.707866,0.004716
269,1695021706.742143,1,45.5786,45.5786,23.9206,25.9974,46.0807,297.8340,14.5222,8353.4701,2.3771,159.6265,17.5457,173.2904,173.2241,166.4662,155.1397,0.000676,0.592608,0.819626,-0.000000,0.530656,0.863467,-0.031273,0.468362,0.833084,-0.038777,0.433317,0.767437,-0.036758,0.439978,0.719289,-0.033379,0.496602,0.684406,-0.042840,0.423460,0.640439,-0.045687,0.384570,0.618664,-0.045856,0.355910,0.593205,-0.047988,0.521226,0.632303,-0.024368,0.459226,0.663402,-0.027422,0.465251,0.718221,-0.019278,0.485254,0.738615,-0.013475,0.536706,0.617669,-0.006697,0.480786,0.652617,-0.013442,0.485141,0.699048,-0.009018,0.503481,0.716724,-0.004832,0.547489,0.618971,0.009197,0.504840,0.646695,0.001785,0.506120,0.683330,0.002188,0.521746,0.703892,0.004478
270,1695021706.750477,1,-35.6142,-35.6142,3.0757,-20.8449,42.7058,341.5995,64.4447,9608.8328,1.2938,152.0324,14.7046,176.0926,176.1187,169.0813,157.4938,0.000309,0.595757,0.824717,-0.000000,0.532616,0.865680,-0.029904,0.465239,0.829246,-0.035256,0.429818,0.755129,-0.030809,0.444330,0.708571,-0.025036,0.498092,0.680450,-0.042121,0.423001,0.636735,-0.040821,0.384717,0.619801,-0.037694,0.356133,0.597134,-0.038172,0.523639,0.629537,-0.023062,0.459800,0.662400,-0.022408,0.468036,0.718451,-0.012370,0.489639,0.739494,-0.005773,0.539750,0.616180,-0.004359,0.482637,0.653909,-0.008048,0.488558,0.701199,-0.004060,0.508340,0.719319,-0.000820,0.551194,0.617183,0.012760,0.506754,0.645433,0.007567,0.508480,0.681684,0.007468,0.525607,0.702379,0.008734
271,1695021706.758810,1,-39.2261,-39.2261,-20.4199,-23.4956,40.4169,289.4725,64.8779,10513.2514,2.0365,151.0748,13.3030,174.6715,175.2441,168.8723,157.9357,0.000447,0.595034,0.823811,-0.000000,0.532733,0.861930,-0.032048,0.466775,0.826257,-0.036664,0.432067,0.756634,-0.030809,0.445232,0.709600,-0.023351,0.498293,0.677850,-0.042715,0.424095,0.636765,-0.042555,0.385301,0.618949,-0.040521,0.356643,0.596652,-0.041287,0.524249,0.627648,-0.022692,0.462998,0.668941,-0.022944,0.471144,0.727091,-0.013867,0.492929,0.747709,-0.007509,0.540205,0.614523,-0.003436,0.485067,0.659173,-0.007554,0.490888,0.709178,-0.004258,0.509696,0.726369,-0.001104,0.551903,0.616649,0.013947,0.508902,0.649445,0.008982,0.510376,0.686969,0.008921,0.526746,0.708107,0.010520
272,1695021706.767143,1,40.6703,40.6703,-1.5698,18.8502,40.1538,181.6475,7.4399,8023.8116,1.6489,159.6844,18.3481,173.0467,171.3468,163.7048,152.4730,0.000368,0.595734,0.819566,-0.000000,0.533395,0.857409,-0.031381,0.470333,0.822190,-0.037008,0.435558,0.755945,-0.032393,0.444133,0.706465,-0.026325,0.498599,0.675772,-0.042943,0.426451,0.633985,-0.042987,0.388610,0.615179,-0.041791,0.360914,0.590410,-0.043335,0.524665,0.626937,-0.023120,0.463488,0.663604,-0.021371,0.470103,0.721545,-0.011834,0.490804,0.741502,-0.006286,0.541205,0.614938,-0.003985,0.485243,0.652282,-0.006176,0.489818,0.702585,-0.001895,0.508397,0.720579,0.000872,0.553331,0.617673,0.013306,0.510428,0.643920,0.009588,0.510840,0.681457,0.010278,0.526685,0.704186,0.011834
273,1695021706.775477,1,-37.9284,-37.9284,-20.8768,-19.3070,39.5890,608.2452,49.7112,7597.6121,2.1741,158.7415,20.3576,172.2528,170.7217,162.8868,151.4507,0.000230,0.596802,0.820832,-0.000000,0.533771,0.855701,-0.031116,0.469157,0.819224,-0.037308,0.434639,0.750746,-0.033768,0.445855,0.701365,-0.028860,0.499366,0.671904,-0.041947,0.426798,0.631222,-0.041654,0.389407,0.612855,-0.039936,0.361781,0.588597,-0.041318,0.526304,0.624578,-0.022935,0.465436,0.661817,-0.022818,0.473258,0.718747,-0.014181,0.494478,0.738978,-0.008776,0.543668,0.613630,-0.004501,0.487875,0.651365,-0.008204,0.492844,0.700580,-0.004048,0.511502,0.718747,-0.000886,0.556292,0.616908,0.012131,0.512720,0.642833,0.007190,0.513380,0.679973,0.007778,0.529174,0.701796,0.009541
274,1695021706.783810,1,-34.4467,-34.4467,0.2919,21.1686,31.0351,321.1143,33.9797,6836.2479,2.5229,155.6366,24.2344,166.1576,164.2052,156.7188,145.7627,0.000245,0.598356,0.818334,-0.000000,0.535262,0.854277,-0.031188,0.471917,0.816662,-0.036479,0.438172,0.748924,-0.031846,0.447655,0.701204,-0.025678,0.501306,0.668891,-0.041257,0.427987,0.626608,-0.040425,0.390300,0.608773,-0.038213,0.363384,0.584803,-0.039101,0.528485,0.622497,-0.021788,0.466480,0.660388,-0.021284,0.473477,0.718604,-0.012679,0.494560,0.739238,-0.007230,0.545257,0.612096,-0.002943,0.489095,0.650242,-0.006371,0.493527,0.700778,-0.002676,0.511767,0.719595,0.000197,0.556821,0.616596,0.014078,0.513920,0.643292,0.009094,0.514106,0.681558,0.009170,0.529184,0.705387,0.010714
275,1695021706.792143,1,40.5413,40.5413,19.9419,19.6500,38.1492,625.2809,56.1935,7716.6668,2.5130,156.0880,24.2214,163.5430,162.9619,155.8379,144.5031,0.000257,0.599482,0.817678,-0.000000,0.536374,0.850147,-0.031525,0.471210,0.810921,-0.037465,0.436702,0.741123,-0.033455,0.448877,0.692731,-0.028088,0.504688,0.665458,-0.044057,0.430737,0.624635,-0.044554,0.392833,0.606505,-0.043064,0.364447,0.582309,-0.044561,0.531286,0.617890,-0.024807,0.469088,0.662721,-0.025385,0.477820,0.721408,-0.016268,0.499642,0.740380,-0.010501,0.547446,0.607436,-0.006148,0.490797,0.650884,-0.010181,0.496359,0.701017,-0.005252,0.515148,0.718632,-0.001536,0.558963,0.612457,0.010588,0.515774,0.642559,0.005364,0.516642,0.680123,0.006146,0.532261,0.702110,0.008125
276,1695021706.800477,1,35.5663,35.5663,-1.2760,-21.2178,36.8604,414.1559,39.5466,7052.6019,2.4425,156.5247,30.8844,158.5032,156.3544,149.6196,139.6775,0.000440,0.599889,0.812557,-0.000000,0.537041,0.847743,-0.032181,0.471368,0.807385,-0.036766,0.437683,0.735568,-0.030984,0.451052,0.691766,-0.023476,0.505878,0.662488,-0.041783,0.433541,0.619523,-0.041251,0.395221,0.600734,-0.039237,0.367357,0.576655,-0.040303,0.533056,0.615336,-0.021833,0.470800,0.654539,-0.021778,0.477638,0.713696,-0.012865,0.499164,0.734712,-0.007014,0.548898,0.604655,-0.002732,0.492921,0.643410,-0.007033,0.497151,0.693040,-0.003718,0.515762,0.711908,-0.000776,0.560081,0.608787,0.014444,0.516941,0.635729,0.009134,0.517541,0.672310,0.008909,0.533441,0.695661,0.010242
277,1695021706.808810,1,-40.3168,-40.3168,-0.5971,0.6789,37.1254,417.4648,44.2761,7385.7490,2.6047,154.8395,31.8313,158.9767,156.2416,148.4388,137.7663,0.000453,0.598447,0.807918,-0.000000,0.537515,0.841721,-0.033277,0.475388,0.803141,-0.039661,0.441861,0.736989,-0.035701,0.450176,0.691689,-0.030002,0.508559,0.656306,-0.044378,0.435130,0.615024,-0.045009,0.396645,0.597187,-0.043675,0.369450,0.573781,-0.045030,0.535419,0.610972,-0.024456,0.472536,0.649770,-0.026201,0.478257,0.707262,-0.018086,0.499162,0.727542,-0.012505,0.550772,0.601939,-0.005326,0.494079,0.639329,-0.010844,0.497214,0.688381,-0.007083,0.514814,0.706770,-0.003578,0.560509,0.607656,0.011844,0.518180,0.632716,0.005354,0.517938,0.669222,0.005350,0.532451,0.692009,0.007153
278,1695021706.817143,1,35.9641,35.9641,17.6027,18.1998,36.7032,968.0400,27.3700,7079.4747,1.9462,157.7670,37.9332,153.8335,150.6058,142.6320,131.9691,0.000444,0.600408,0.808609,-0.000000,0.537782,0.838317,-0.033798,0.475152,0.796712,-0.038770,0.442030,0.730504,-0.032975,0.451829,0.687455,-0.025248,0.510519,0.651514,-0.043204,0.438078,0.609782,-0.043236,0.399890,0.591224,-0.041465,0.372630,0.567570,-0.042354,0.538011,0.607407,-0.022420,0.473106,0.647387,-0.023275,0.477663,0.707411,-0.015150,0.498337,0.729737,-0.009418,0.553283,0.598734,-0.002555,0.494763,0.637895,-0.007466,0.496747,0.689409,-0.004598,0.513652,0.709484,-0.001544,0.563014,0.605285,0.015295,0.519555,0.633115,0.009217,0.518497,0.670442,0.008516,0.532344,0.694614,0.009910
279,1695021706.825477,1,-41.7101,-41.7101,-20.5629,-38.1656,38.4360,1130.6324,33.8253,6425.5873,2.0324,159.3789,46.7929,149.4001,144.8359,136.6664,127.2649,0.000777,0.600245,0.806710,-0.000000,0.539111,0.834900,-0.030523,0.478387,0.793728,-0.036140,0.444845,0.727955,-0.031909,0.451956,0.684691,-0.026293,0.511468,0.650984,-0.043943,0.440630,0.606721,-0.046171,0.402883,0.585578,-0.046193,0.375179,0.561221,-0.048022,0.538723,0.605453,-0.024852,0.477573,0.640681,-0.026199,0.480904,0.699394,-0.017654,0.499766,0.723183,-0.011819,0.554958,0.596897,-0.006312,0.498527,0.633099,-0.011811,0.499218,0.682275,-0.007849,0.514907,0.703121,-0.004014,0.565262,0.603333,0.010660,0.521520,0.628125,0.004647,0.518864,0.664227,0.005430,0.531552,0.688468,0.007820
280,1695021706.833810,1,39.8288,39.8288,1.0656,21.6285,38.3088,836.7620,23.4231,5829.2638,2.1026,155.7431,53.9516,145.5937,141.0967,132.7899,123.0220,0.001239,0.604042,0.804242,-0.000000,0.541453,0.832365,-0.031830,0.479867,0.789417,-0.037252,0.446721,0.721978,-0.032394,0.455411,0.679559,-0.025885,0.515018,0.645887,-0.044166,0.443290,0.598817,-0.045199,0.405243,0.578618,-0.044155,0.377681,0.554581,-0.045475,0.543150,0.601035,-0.024411,0.479255,0.635951,-0.025236,0.483583,0.695264,-0.016472,0.503492,0.719483,-0.010572,0.559382,0.592247,-0.005318,0.501702,0.628529,-0.010187,0.503350,0.678531,-0.006516,0.519582,0.700339,-0.003149,0.569550,0.599032,0.011994,0.526168,0.623050,0.006358,0.524455,0.659327,0.006548,0.537305,0.684495,0.008301
281,1695021706.842143,1,-38.4124,-38.4124,0.4761,-0.5895,38.2669,849.8267,11.9649,5669.7761,2.4538,154.9398,54.2666,138.8048,134.7366,126.5893,117.2784,0.001284,0.603551,0.796948,-0.000000,0.541311,0.825989,-0.031794,0.480318,0.782633,-0.035958,0.449248,0.716531,-0.029145,0.458109,0.675417,-0.020666,0.515621,0.638761,-0.044476,0.445298,0.594827,-0.045609,0.406652,0.574672,-0.045346,0.378921,0.549109,-0.047218,0.544448,0.596107,-0.024009,0.482886,0.632340,-0.023355,0.487692,0.691390,-0.013825,0.508074,0.712603,-0.007739,0.560900,0.589960,-0.004314,0.504777,0.625900,-0.008284,0.507254,0.675007,-0.004726,0.524185,0.693056,-0.001658,0.571601,0.597189,0.013687,0.528787,0.621771,0.008368,0.528345,0.657196,0.008570,0.542815,0.679482,0.010188
282,1695021706.850477,1,32.9856,32.9856,-0.7446,-1.2207,37.4668,874.9109,35.3088,5674.8949,1.5797,154.7346,61.4184,135.5656,129.7875,120.3585,109.8950,0.001177,0.605945,0.795821,-0.000000,0.543778,0.822724,-0.031232,0.483994,0.778210,-0.035495,0.451812,0.713175,-0.029152,0.460186,0.673269,-0.020965,0.518910,0.634858,-0.042836,0.449364,0.588278,-0.043118,0.411261,0.567768,-0.042067,0.384238,0.542660,-0.043182,0.547570,0.593775,-0.022350,0.485912,0.628082,-0.021897,0.489375,0.687133,-0.013087,0.509251,0.710221,-0.007159,0.563728,0.588252,-0.002419,0.507477,0.621697,-0.006341,0.507559,0.671392,-0.003375,0.523373,0.691715,-0.000438,0.573448,0.596028,0.015928,0.531403,0.615010,0.011399,0.528475,0.650526,0.011665,0.541081,0.675204,0.013424
283,1695021706.858810,1,-42.5162,-42.5162,-0.2015,0.5431,37.9493,956.9883,37.9708,4459.9610,2.2966,155.9236,69.9908,127.4784,122.1447,113.5832,105.3076,0.002288,0.609047,0.796387,-0.000000,0.546383,0.821422,-0.030908,0.485034,0.774207,-0.034696,0.454526,0.705164,-0.027676,0.465248,0.665263,-0.018854,0.523616,0.635486,-0.046201,0.453225,0.585166,-0.049437,0.415197,0.560523,-0.050194,0.386923,0.533523,-0.052351,0.551533,0.591253,-0.026442,0.488940,0.624005,-0.028893,0.493355,0.682398,-0.019794,0.513288,0.706064,-0.013136,0.566253,0.583034,-0.007365,0.508739,0.618259,-0.013985,0.510420,0.667521,-0.010490,0.526778,0.688018,-0.006555,0.574584,0.590045,0.010132,0.531565,0.613009,0.003574,0.529543,0.648718,0.003742,0.542380,0.672916,0.005730
284,1695021706.867143,1,-42.2639,-42.2639,-20.5232,-20.3217,38.0425,1406.7545,11.5671,4487.2887,1.9689,157.7338,80.9091,121.6974,113.3573,102.8379,95.0636,0.002376,0.609061,0.790974,-0.000000,0.547272,0.815031,-0.031284,0.489027,0.768955,-0.036978,0.457850,0.700081,-0.032246,0.465908,0.659396,-0.025761,0.526231,0.629455,-0.043924,0.458454,0.578179,-0.047127,0.420059,0.554157,-0.048716,0.392568,0.526303,-0.051609,0.554892,0.588640,-0.024514,0.492904,0.619591,-0.024864,0.495921,0.678105,-0.016146,0.515592,0.700695,-0.010761,0.570355,0.582407,-0.006018,0.514496,0.610534,-0.010719,0.514673,0.658484,-0.007437,0.530836,0.679230,-0.004628,0.580304,0.589947,0.010750,0.538906,0.604328,0.006058,0.536406,0.639236,0.006978,0.549297,0.665224,0.008954
285,1695021706.875477,1,-50.9065,-50.9065,-3.1235,17.3996,30.8749,1201.8583,39.3032,4098.0350,2.1835,159.4414,87.2973,117.2601,106.9185,95.6480,88.0152,0.002787,0.610069,0.785849,-0.000000,0.547850,0.809682,-0.030844,0.490455,0.763076,-0.036781,0.461684,0.695567,-0.032658,0.469923,0.654820,-0.026846,0.529357,0.624017,-0.045492,0.463478,0.572815,-0.051325,0.424234,0.547499,-0.055102,0.396434,0.519664,-0.059328,0.559094,0.583372,-0.027175,0.498322,0.623988,-0.029889,0.500209,0.684401,-0.021464,0.519894,0.706019,-0.016030,0.574579,0.579027,-0.009867,0.519164,0.612965,-0.016304,0.517569,0.661886,-0.011672,0.532987,0.682326,-0.007535,0.583802,0.589232,0.005621,0.542257,0.608336,-0.000054,0.538365,0.643149,0.002097,0.550407,0.668686,0.005306
286,1695021706.883810,1,48.2427,48.2427,3.8143,6.9378,42.4443,1355.6764,5.4632,3805.6389,2.2349,161.0008,96.3799,110.3479,98.2632,85.9667,78.7595,0.002853,0.609981,0.780151,-0.000000,0.549344,0.803779,-0.031798,0.493150,0.756978,-0.037839,0.464029,0.690931,-0.032776,0.472350,0.656299,-0.025825,0.533341,0.619818,-0.048919,0.465516,0.568076,-0.054071,0.427295,0.541487,-0.057559,0.400841,0.511681,-0.061319,0.562583,0.581246,-0.028430,0.501229,0.610616,-0.030061,0.501258,0.669939,-0.021098,0.519770,0.693828,-0.015282,0.577410,0.576550,-0.008551,0.521576,0.602044,-0.014331,0.518509,0.650084,-0.010969,0.533329,0.671428,-0.007603,0.586451,0.583559,0.009841,0.544804,0.597943,0.005397,0.540141,0.632774,0.007409,0.551888,0.658424,0.010306
287,1695021706.892143,1,43.5674,43.5674,21.5209,17.7066,44.7790,1864.7804,16.6468,4428.1319,2.4497,159.6420,107.1266,109.5059,94.8348,79.7079,69.6264,0.002451,0.616820,0.785706,-0.000000,0.552582,0.802268,-0.031136,0.497732,0.751680,-0.037246,0.470187,0.684883,-0.032946,0.477051,0.645331,-0.026705,0.535677,0.613428,-0.045868,0.470733,0.563548,-0.052557,0.432622,0.537179,-0.056885,0.406664,0.507685,-0.060779,0.567136,0.578163,-0.026436,0.506828,0.607881,-0.028425,0.505799,0.668882,-0.019906,0.524221,0.695200,-0.014207,0.584273,0.576674,-0.008007,0.528476,0.598768,-0.015622,0.525206,0.649803,-0.012515,0.540230,0.675435,-0.008572,0.594446,0.588110,0.009034,0.552432,0.598878,0.002660,0.546929,0.634306,0.004169,0.558130,0.662661,0.007388
288,1695021706.900477,1,-55.5697,-55.5697,-3.3265,-24.8474,46.9957,1324.5119,34.9948,4327.1927,2.2633,160.5316,116.6959,104.3025,87.0593,71.6809,64.0749,0.002816,0.618499,0.786398,-0.000000,0.554565,0.799765,-0.031382,0.499679,0.747650,-0.037251,0.472821,0.679199,-0.032269,0.480470,0.641070,-0.025022,0.541566,0.610535,-0.048561,0.476868,0.557271,-0.057195,0.438134,0.529336,-0.063517,0.410489,0.499166,-0.068828,0.572123,0.574704,-0.029127,0.508868,0.605517,-0.032161,0.509207,0.666647,-0.023722,0.528048,0.691383,-0.018247,0.586889,0.571910,-0.010739,0.528841,0.595562,-0.018047,0.526172,0.646374,-0.014039,0.540933,0.669954,-0.009884,0.594178,0.582364,0.006006,0.552006,0.591804,0.000074,0.546816,0.626487,0.002071,0.557355,0.653329,0.005365
289,1695021706.908810,1,52.9086,52.9086,25.9538,29.2802,49.8232,1997.4674,28.0890,4203.1781,2.7737,157.8356,122.9054,101.1391,81.9335,65.5226,58.8396,0.003039,0.618623,0.774868,-0.000000,0.557150,0.792501,-0.030233,0.504071,0.743368,-0.037192,0.476497,0.681124,-0.033902,0.480418,0.644076,-0.028898,0.543706,0.606717,-0.048067,0.478058,0.552925,-0.055669,0.439187,0.523855,-0.061152,0.413760,0.493101,-0.065916,0.575651,0.572168,-0.029440,0.516615,0.605969,-0.032879,0.514622,0.665753,-0.024832,0.532500,0.691577,-0.019509,0.592689,0.572183,-0.011496,0.538033,0.598635,-0.019441,0.533888,0.646267,-0.015820,0.548639,0.670523,-0.011824,0.602782,0.584297,0.005150,0.561121,0.598969,-0.001338,0.555384,0.632962,0.001129,0.566332,0.660408,0.004984
290,1695021706.917143,1,47.3974,47.3974,-0.2113,-26.1651,41.5459,1090.5858,32.1953,3702.3961,1.9263,159.0100,128.1477,96.7260,73.8836,55.2289,50.4110,0.003369,0.622959,0.780344,-0.000000,0.558644,0.791851,-0.028531,0.504878,0.738399,-0.033628,0.479234,0.670246,-0.028646,0.485154,0.634667,-0.021780,0.545558,0.604107,-0.045120,0.482504,0.548261,-0.052463,0.444844,0.517677,-0.057411,0.418844,0.485992,-0.061712,0.577980,0.570579,-0.027060,0.518223,0.598586,-0.029163,0.516029,0.659262,-0.020218,0.532912,0.687125,-0.014399,0.595167,0.570037,-0.009836,0.539721,0.590846,-0.017211,0.535513,0.640301,-0.013416,0.549066,0.666587,-0.009322,0.604747,0.581865,0.006158,0.562717,0.591708,0.000076,0.556417,0.626470,0.002191,0.565848,0.655249,0.005629
291,1695021706.925477,1,-44.9979,-44.9979,-22.1413,-21.9300,48.3357,2202.7118,46.7731,3816.3447,2.4332,158.3156,136.1984,97.6446,73.0566,52.5495,46.4958,0.003013,0.624691,0.779691,-0.000000,0.560499,0.789985,-0.027236,0.506630,0.733403,-0.031186,0.481232,0.664399,-0.025355,0.488277,0.628314,-0.017759,0.548395,0.600579,-0.042286,0.486319,0.543436,-0.048025,0.449003,0.512528,-0.052005,0.423729,0.480985,-0.055723,0.581113,0.568504,-0.024253,0.520823,0.600231,-0.025060,0.517907,0.661897,-0.015974,0.534890,0.689438,-0.010110,0.598685,0.568643,-0.006906,0.543002,0.592757,-0.012802,0.537918,0.642225,-0.009163,0.551442,0.668281,-0.005384,0.608957,0.580418,0.009264,0.566777,0.593483,0.004549,0.559864,0.628401,0.006797,0.569366,0.657179,0.010237
292,1695021706.933810,1,46.6233,46.6233,25.5482,47.6896,48.7903,2350.5471,31.6749,3910.6650,2.1613,160.5363,144.2508,94.1169,66.0704,42.4004,38.9318,0.003318,0.626453,0.779230,-0.000000,0.561621,0.788829,-0.028447,0.508313,0.732196,-0.033767,0.483306,0.662536,-0.028903,0.490683,0.627955,-0.022361,0.550703,0.597360,-0.045973,0.488956,0.537132,-0.053619,0.452910,0.504844,-0.059013,0.428435,0.472260,-0.063589,0.584728,0.566457,-0.027474,0.524668,0.588950,-0.028815,0.520732,0.649952,-0.019644,0.536172,0.678629,-0.014019,0.603085,0.567747,-0.009699,0.547958,0.584960,-0.016265,0.542603,0.634019,-0.012394,0.555616,0.661405,-0.008566,0.613691,0.581042,0.006930,0.571215,0.589403,0.001480,0.564560,0.623547,0.003851,0.574079,0.652900,0.007347
293,1695021706.942143,1,-40.9485,-40.9485,-23.4643,-49.0125,45.1162,2272.3918,37.3415,3704.8818,2.3610,158.1165,151.9694,90.4249,58.8513,33.6683,37.9488,0.004822,0.626648,0.780871,-0.000000,0.561908,0.788764,-0.027474,0.507844,0.726187,-0.031624,0.483814,0.650448,-0.025740,0.494876,0.615420,-0.018374,0.551165,0.597164,-0.044824,0.492057,0.529026,-0.050389,0.457039,0.495058,-0.053751,0.432217,0.463347,-0.057193,0.585375,0.563966,-0.026742,0.526856,0.586708,-0.026995,0.524064,0.646794,-0.017076,0.539053,0.675450,-0.010804,0.604064,0.564007,-0.009236,0.548960,0.584479,-0.014151,0.544991,0.633107,-0.009916,0.557291,0.658730,-0.006211,0.615046,0.576186,0.007087,0.572381,0.589375,0.002976,0.566638,0.622751,0.005392,0.575497,0.650529,0.008587
294,1695021706.950477,1,40.8968,40.8968,-1.6252,21.8391,43.1619,1265.1141,11.5098,5718.5652,1.7851,163.8997,165.7643,85.7446,50.6173,22.2252,37.1460,0.005973,0.627352,0.780394,-0.000000,0.562133,0.787268,-0.026996,0.508487,0.723305,-0.031668,0.486201,0.645545,-0.026401,0.498621,0.610695,-0.019763,0.553092,0.595050,-0.046106,0.495483,0.522167,-0.052622,0.461775,0.485161,-0.056981,0.437660,0.451032,-0.061371,0.587851,0.562073,-0.028650,0.529408,0.579709,-0.028844,0.526504,0.638383,-0.018781,0.541064,0.666108,-0.012913,0.606853,0.562354,-0.011783,0.551978,0.579838,-0.015725,0.547934,0.627093,-0.010503,0.560096,0.651899,-0.006872,0.618172,0.575253,0.003748,0.576092,0.585929,-0.000090,0.570219,0.618238,0.002461,0.578557,0.645633,0.005354
295,1695021706.958810,1,-44.2825,-44.2825,0.1788,1.8040,42.7645,1559.2536,19.9497,6052.6879,1.9410,163.7693,179.1411,84.1641,44.7442,9.9571,37.7261,0.006277,0.627018,0.779650,-0.000000,0.562452,0.785205,-0.026751,0.509459,0.720006,-0.030405,0.487670,0.642696,-0.023133,0.501663,0.606382,-0.014414,0.553778,0.593413,-0.049194,0.500527,0.515591,-0.056709,0.467928,0.474961,-0.062907,0.444288,0.439486,-0.068288,0.589754,0.561491,-0.029542,0.533870,0.577504,-0.026187,0.530205,0.635964,-0.014517,0.543902,0.665300,-0.008568,0.609544,0.563191,-0.010343,0.556619,0.578794,-0.010622,0.551634,0.626234,-0.005356,0.562809,0.652694,-0.002712,0.621602,0.576144,0.007701,0.581212,0.586289,0.006809,0.574653,0.617903,0.009524,0.582021,0.646011,0.011785
296,1695021706.967143,1,30.3902,30.3902,-4.0583,-4.2371,40.4821,1532.2722,57.7590,5383.9200,3.0131,161.4977,188.8076,82.1084,40.2757,1.7094,42.7474,0.007391,0.626574,0.779904,-0.000000,0.563902,0.783838,-0.024819,0.511600,0.719663,-0.027510,0.488832,0.645042,-0.020274,0.499835,0.606951,-0.011670,0.554416,0.588648,-0.043529,0.502619,0.504911,-0.046978,0.471515,0.463708,-0.049591,0.448682,0.429160,-0.052591,0.590443,0.558182,-0.025037,0.537696,0.570463,-0.020809,0.532011,0.625820,-0.010024,0.543415,0.657646,-0.004154,0.611305,0.561810,-0.006646,0.560432,0.576214,-0.006705,0.553032,0.619662,-0.002718,0.561721,0.646883,-0.000427,0.623539,0.576698,0.010788,0.584184,0.584881,0.009708,0.575689,0.613480,0.011869,0.581220,0.641656,0.014238
297,1695021706.975477,0,35.2793,35.2793,19.0570,23.1152,38.4381,3097.8010,26.6356,4278.8204,3.6300,154.5617,204.4685,86.7244,42.9886,14.6533,49.6580,0.005825,0.626199,0.772694,-0.000000,0.562670,0.779673,-0.025017,0.511274,0.714697,-0.029565,0.492137,0.636965,-0.024653,0.506975,0.600147,-0.018608,0.557611,0.586850,-0.045846,0.510111,0.498009,-0.054016,0.479615,0.451560,-0.060023,0.457647,0.413860,-0.065047,0.594488,0.555931,-0.028901,0.542058,0.569677,-0.028964,0.536519,0.626023,-0.018832,0.549294,0.656228,-0.012861,0.614940,0.558959,-0.012412,0.564286,0.574715,-0.015931,0.557800,0.619268,-0.010603,0.568571,0.646425,-0.006772,0.627261,0.574021,0.002975,0.587634,0.582447,-0.000128,0.580752,0.612758,0.003102,0.588272,0.641002,0.006642
298,1695021706.983810,0,-21.8279,-21.8279,-15.6812,-34.7381,34.4987,3170.0042,36.5480,4626.8765,2.8396,154.1034,216.9753,93.8990,49.5784,27.5323,57.1017,0.005352,0.628153,0.773229,-0.000000,0.565203,0.777697,-0.024296,0.514596,0.713454,-0.027314,0.492573,0.640676,-0.021015,0.502830,0.601515,-0.013787,0.559506,0.584129,-0.042677,0.514254,0.491367,-0.048191,0.486220,0.441743,-0.052749,0.466009,0.401140,-0.056822,0.596245,0.555681,-0.025242,0.543550,0.571181,-0.023478,0.535365,0.628840,-0.014241,0.546556,0.658983,-0.008971,0.616799,0.559482,-0.007964,0.565264,0.577491,-0.009649,0.556702,0.622670,-0.005675,0.566353,0.649656,-0.002944,0.628206,0.574790,0.008295,0.588166,0.584724,0.006220,0.580147,0.616073,0.008970,0.587511,0.645556,0.012329
299,1695021706.992143,0,31.6619,31.6619,18.9861,34.6673,32.9033,3204.0457,22.3112,5065.8613,2.8473,154.3148,219.7477,97.9462,53.8671,29.9294,53.4547,0.004414,0.627798,0.772118,-0.000000,0.566208,0.776230,-0.025896,0.515498,0.710028,-0.030764,0.493876,0.631677,-0.026538,0.508254,0.593853,-0.021483,0.562465,0.584308,-0.044901,0.517607,0.488779,-0.052653,0.489859,0.437088,-0.057172,0.470076,0.396230,-0.060727,0.598904,0.553289,-0.027707,0.545597,0.566326,-0.029664,0.537535,0.623857,-0.020209,0.548997,0.654515,-0.013699,0.619211,0.555141,-0.010956,0.567653,0.572320,-0.016436,0.559407,0.617189,-0.011842,0.569370,0.643749,-0.007483,0.630497,0.569097,0.004714,0.589674,0.578901,0.000706,0.581864,0.610741,0.003763,0.589543,0.639612,0.007880
300,1695021707.000477,0,-14.9726,-14.9726,-11.3407,-30.3268,25.0540,2969.4063,74.4359,5040.7379,2.9190,152.6605,224.7016,99.1018,55.8751,33.4217,57.1284,0.004278,0.631920,0.777703,-0.000000,0.568488,0.778954,-0.025090,0.514176,0.707325,-0.027885,0.493564,0.622070,-0.021311,0.512098,0.583472,-0.013766,0.565016,0.582325,-0.042002,0.518493,0.482534,-0.043746,0.491252,0.432743,-0.043703,0.471470,0.392353,-0.044847,0.600601,0.553209,-0.023526,0.544725,0.565446,-0.020586,0.537758,0.621916,-0.009559,0.549398,0.654061,-0.002728,0.619154,0.556399,-0.005062,0.565490,0.574759,-0.006937,0.559046,0.620257,-0.003260,0.568668,0.648027,-0.000424,0.628989,0.570120,0.012521,0.586870,0.580217,0.010774,0.580849,0.612666,0.013027,0.588553,0.643438,0.015853
301,1695021707.008810,0,7.4877,7.4877,-6.9479,4.3928,23.3265,879.5145,11.4931,4978.7699,2.0698,157.3596,231.4458,100.3381,58.9000,41.5514,66.2745,0.004414,0.631635,0.777448,-0.000000,0.569073,0.777011,-0.025845,0.515985,0.705933,-0.028923,0.494762,0.622900,-0.022368,0.511014,0.583811,-0.014653,0.566452,0.579955,-0.042767,0.519482,0.477023,-0.044018,0.492852,0.426465,-0.043272,0.473482,0.385302,-0.043957,0.602499,0.551773,-0.023738,0.543966,0.562893,-0.020925,0.536685,0.620013,-0.009837,0.548182,0.652695,-0.002925,0.620964,0.554690,-0.004741,0.564915,0.570684,-0.006756,0.558173,0.617496,-0.003133,0.567441,0.645454,-0.000309,0.630234,0.567720,0.013346,0.587133,0.576517,0.011227,0.580584,0.609401,0.013002,0.587577,0.639580,0.015536
302,1695021707.017143,0,-20.3808,-20.3808,0.3618,7.3097,20.5403,675.0437,53.3421,4457.2881,2.3881,159.8588,234.1773,101.4314,60.2010,44.2531,69.3609,0.004714,0.632068,0.775968,-0.000000,0.569580,0.776713,-0.028058,0.518106,0.705687,-0.032410,0.496449,0.621904,-0.026748,0.512710,0.580498,-0.019762,0.569691,0.580784,-0.046250,0.521837,0.476789,-0.050874,0.494589,0.423317,-0.052541,0.475427,0.379974,-0.054374,0.605468,0.551373,-0.026641,0.547432,0.562811,-0.026658,0.539776,0.621592,-0.015871,0.551933,0.654849,-0.008430,0.623560,0.553178,-0.007398,0.567889,0.569105,-0.011993,0.560195,0.617077,-0.007961,0.570071,0.645481,-0.003902,0.632725,0.565263,0.010749,0.590649,0.573828,0.007100,0.583161,0.607020,0.009365,0.590263,0.637665,0.012914
303,1695021707.025477,0,-25.6410,-25.6410,-14.3257,-14.6875,21.2609,3215.7243,61.6023,4348.2109,1.8885,160.0324,234.5360,101.3581,59.3874,44.4507,69.7001,0.005186,0.632751,0.774274,-0.000000,0.570664,0.776394,-0.029766,0.516944,0.705298,-0.036527,0.494869,0.617073,-0.033743,0.514524,0.574021,-0.029832,0.572468,0.581620,-0.047195,0.524066,0.475384,-0.053432,0.496426,0.421537,-0.055605,0.475878,0.378773,-0.057885,0.607152,0.551038,-0.027937,0.546905,0.561458,-0.031538,0.540122,0.619267,-0.021980,0.552870,0.650375,-0.014889,0.624041,0.551229,-0.009208,0.566878,0.568206,-0.016179,0.560761,0.615805,-0.011332,0.572126,0.643481,-0.006351,0.632175,0.562166,0.008122,0.588151,0.571670,0.002546,0.582278,0.606794,0.004686,0.591604,0.636517,0.008519
304,1695021707.033810,0,23.1275,23.1275,9.5250,23.8508,18.4575,3104.1467,48.7109,5472.5364,1.8264,156.0833,231.0810,101.2664,58.7174,40.9658,64.5025,0.004416,0.635149,0.777850,-0.000000,0.571605,0.775975,-0.029228,0.517006,0.704092,-0.034369,0.495904,0.616570,-0.029440,0.514902,0.571619,-0.023238,0.574798,0.581944,-0.047761,0.525309,0.474448,-0.052015,0.497023,0.423757,-0.052017,0.475075,0.382480,-0.052736,0.608749,0.550917,-0.027493,0.546013,0.559203,-0.028183,0.539524,0.617466,-0.016814,0.552458,0.649468,-0.008959,0.624723,0.550185,-0.007588,0.565025,0.567715,-0.013251,0.559412,0.616919,-0.008837,0.570395,0.646257,-0.004421,0.631823,0.560390,0.011193,0.586099,0.571637,0.006190,0.580750,0.608015,0.007888,0.589927,0.639277,0.011164
305,1695021707.042143,0,36.9737,36.9737,7.3715,-2.1535,24.2397,289.2901,58.5106,4530.8106,1.5825,158.3835,234.7586,101.6030,60.2122,44.9396,69.0524,0.005049,0.634142,0.776203,-0.000000,0.571918,0.775425,-0.031945,0.518325,0.704243,-0.038097,0.496676,0.617541,-0.032832,0.515873,0.572616,-0.026012,0.575081,0.580500,-0.054745,0.525461,0.473193,-0.062327,0.497413,0.419536,-0.065065,0.476295,0.375404,-0.067272,0.609843,0.550048,-0.032504,0.546598,0.557181,-0.033751,0.540352,0.615271,-0.021731,0.553405,0.645333,-0.013618,0.625667,0.549376,-0.010833,0.565283,0.564590,-0.017101,0.560274,0.613499,-0.012648,0.572165,0.639995,-0.008122,0.632629,0.558665,0.009630,0.586003,0.566876,0.003977,0.580589,0.602530,0.005470,0.589716,0.632716,0.008688
306,1695021707.050477,0,-24.1633,-24.1633,-0.9456,-8.3171,26.6019,151.2728,49.3122,4706.3155,1.9734,159.7261,233.0639,95.8926,54.8586,43.2359,72.1233,0.006177,0.635499,0.776259,-0.000000,0.572792,0.776984,-0.029521,0.518925,0.707122,-0.037142,0.496047,0.619353,-0.035469,0.513247,0.573154,-0.032581,0.575032,0.580870,-0.048244,0.523447,0.472933,-0.054920,0.494222,0.419730,-0.056927,0.472489,0.376314,-0.059031,0.609347,0.549021,-0.029425,0.548082,0.557664,-0.034012,0.542615,0.615297,-0.024633,0.555991,0.645811,-0.017518,0.625901,0.548340,-0.011003,0.567737,0.565086,-0.019283,0.562213,0.612946,-0.014199,0.573758,0.640951,-0.008749,0.633120,0.558447,0.006135,0.588762,0.566289,-0.000485,0.582848,0.601765,0.001850,0.591681,0.631757,0.006069
307,1695021707.058810,0,26.0399,26.0399,12.9202,13.8659,26.6731,2948.0710,14.0140,4853.9500,1.3076,164.4483,232.7496,92.3711,51.7379,41.2044,70.8381,0.007534,0.637492,0.780149,-0.000000,0.574003,0.778193,-0.030915,0.518403,0.705711,-0.036888,0.497033,0.615098,-0.032204,0.515876,0.569522,-0.025801,0.575443,0.582699,-0.050947,0.521982,0.471223,-0.056071,0.493136,0.417792,-0.056670,0.470960,0.373563,-0.057814,0.609496,0.550264,-0.029753,0.546201,0.553539,-0.031531,0.539727,0.611718,-0.020426,0.551352,0.646459,-0.012581,0.625343,0.547281,-0.008931,0.565686,0.560979,-0.015392,0.559987,0.609326,-0.011470,0.569953,0.639406,-0.007188,0.632609,0.554687,0.010679,0.586271,0.562041,0.005100,0.579432,0.596967,0.006211,0.586356,0.627943,0.009158
308,1695021707.067143,0,-25.9594,-25.9594,-12.2717,-25.1920,26.7519,2902.7851,39.1711,4904.3753,1.2575,163.5833,232.3926,89.7464,49.6184,39.3565,68.9459,0.007597,0.638054,0.776550,-0.000000,0.573696,0.777803,-0.027890,0.518061,0.704154,-0.032895,0.498362,0.613822,-0.028010,0.517556,0.571381,-0.021623,0.573029,0.580005,-0.048098,0.522035,0.470284,-0.053190,0.492438,0.416482,-0.054358,0.469832,0.374048,-0.056203,0.608569,0.545769,-0.029164,0.547586,0.554783,-0.030538,0.541898,0.613346,-0.019240,0.554304,0.646299,-0.011554,0.625814,0.543629,-0.010542,0.567624,0.560415,-0.015991,0.561872,0.608257,-0.010805,0.572032,0.635650,-0.006257,0.633978,0.552661,0.006917,0.588358,0.562672,0.002307,0.581726,0.596761,0.004520,0.588701,0.625400,0.007803
309,1695021707.075477,0,30.0462,30.0462,-1.7319,10.5399,27.7018,430.7674,26.0816,4674.6392,1.8042,166.6304,234.1300,89.5540,48.5499,39.0323,69.0655,0.008318,0.637056,0.776524,-0.000000,0.573349,0.776462,-0.030045,0.518490,0.702905,-0.034566,0.498112,0.613055,-0.028220,0.517014,0.567195,-0.020125,0.572474,0.577818,-0.048820,0.520243,0.467249,-0.052841,0.491614,0.413089,-0.053265,0.470342,0.369926,-0.054268,0.608374,0.546164,-0.027393,0.547596,0.552412,-0.027179,0.541727,0.611734,-0.015427,0.553895,0.646812,-0.007354,0.625745,0.544916,-0.006461,0.567942,0.559934,-0.011166,0.562606,0.610246,-0.007502,0.572786,0.638980,-0.003808,0.634611,0.552919,0.013370,0.589913,0.561458,0.009108,0.583343,0.596740,0.010193,0.590170,0.627293,0.012743
310,1695021707.083810,0,38.6138,38.6138,15.6943,17.4262,28.0436,2671.0499,75.8349,4919.0334,1.6050,167.0054,231.1366,85.2002,45.2660,38.5255,70.0570,0.010371,0.637389,0.770083,-0.000000,0.573099,0.776349,-0.032225,0.517412,0.704731,-0.038556,0.496880,0.611658,-0.033628,0.517281,0.565101,-0.027136,0.573207,0.580057,-0.053323,0.518266,0.468760,-0.060469,0.488499,0.412582,-0.063251,0.467036,0.367213,-0.065656,0.607692,0.545964,-0.030990,0.546982,0.550374,-0.033005,0.541339,0.610195,-0.021380,0.553998,0.644473,-0.013117,0.624127,0.542585,-0.009312,0.566810,0.557725,-0.015707,0.561817,0.608049,-0.011187,0.572903,0.637612,-0.006490,0.632645,0.548852,0.011059,0.587706,0.559794,0.005433,0.582228,0.597281,0.006996,0.590591,0.628703,0.010331
311,1695021707.092143,0,-23.3352,-23.3352,-12.3438,-28.0381,27.8495,2672.9032,55.2273,4657.2593,1.7073,161.8426,226.5324,91.0481,50.0707,36.5821,63.6383,0.007802,0.637139,0.772162,-0.000000,0.573112,0.774911,-0.029252,0.517291,0.705355,-0.036071,0.495066,0.613689,-0.033295,0.515047,0.564691,-0.029384,0.573661,0.578860,-0.047683,0.518857,0.470563,-0.051396,0.490502,0.418777,-0.051311,0.469670,0.376321,-0.052308,0.607880,0.544667,-0.027664,0.546637,0.553425,-0.029326,0.541942,0.611934,-0.019086,0.555006,0.645732,-0.011891,0.625359,0.542108,-0.007730,0.567716,0.561758,-0.012820,0.563201,0.610950,-0.008387,0.574408,0.641976,-0.004252,0.634505,0.550198,0.010978,0.590653,0.562797,0.006423,0.585299,0.599534,0.007897,0.593861,0.631483,0.010931
312,1695021707.100477,0,35.7943,35.7943,15.4384,27.7822,29.2743,2507.0303,70.1085,5206.5667,2.3220,162.7130,225.2701,83.1872,41.9858,34.7673,67.8424,0.011303,0.637358,0.771989,-0.000000,0.572932,0.775968,-0.029909,0.516432,0.704545,-0.035799,0.494834,0.612479,-0.031304,0.514891,0.567266,-0.025743,0.572846,0.579864,-0.051894,0.517791,0.469464,-0.059027,0.487468,0.415790,-0.061413,0.464264,0.372889,-0.063799,0.607589,0.543820,-0.031789,0.544494,0.553312,-0.034899,0.540493,0.614470,-0.024178,0.554290,0.646703,-0.016684,0.624751,0.539585,-0.012007,0.565886,0.561353,-0.018181,0.562518,0.611891,-0.013014,0.575068,0.640890,-0.008398,0.633809,0.547664,0.006412,0.587989,0.562841,0.000928,0.583953,0.600903,0.002899,0.594423,0.632805,0.006365
313,1695021707.108810,0,35.3111,35.3111,1.3162,-14.1222,23.4744,300.8432,23.2199,5170.9115,1.8130,161.8796,224.3190,76.8283,37.1828,33.6886,67.8576,0.012420,0.638358,0.772292,-0.000000,0.572742,0.776306,-0.029390,0.514746,0.705742,-0.036306,0.492707,0.612214,-0.033366,0.513883,0.565365,-0.029312,0.571875,0.578168,-0.050998,0.514610,0.466730,-0.057256,0.483953,0.413119,-0.058806,0.460497,0.369967,-0.060784,0.607007,0.541777,-0.031348,0.544003,0.546605,-0.034352,0.539757,0.606559,-0.023277,0.553394,0.641052,-0.015477,0.625111,0.538378,-0.011887,0.566455,0.555315,-0.018334,0.562447,0.605114,-0.012846,0.574783,0.636203,-0.007846,0.635083,0.546942,0.006312,0.589699,0.558137,0.000885,0.584594,0.595816,0.003154,0.594143,0.628146,0.006836
314,1695021707.117143,0,-37.1194,-37.1194,-18.9333,-20.2495,33.0337,2127.2680,41.5109,4930.3906,2.1436,164.1852,220.0526,72.9454,33.0329,32.3745,68.5507,0.014029,0.637378,0.769154,-0.000000,0.570985,0.774055,-0.030010,0.514109,0.703392,-0.036067,0.493181,0.611804,-0.031707,0.512667,0.566565,-0.026003,0.571451,0.577655,-0.051789,0.513133,0.465913,-0.058468,0.481349,0.411757,-0.060655,0.458011,0.367999,-0.062854,0.606415,0.541484,-0.031403,0.544769,0.550959,-0.033853,0.541142,0.611645,-0.022628,0.555458,0.646179,-0.014901,0.623823,0.536954,-0.011424,0.565910,0.556906,-0.017739,0.562690,0.608057,-0.012856,0.575012,0.638509,-0.008359,0.633274,0.543408,0.007270,0.589388,0.557637,0.002075,0.585108,0.595534,0.004034,0.594514,0.627267,0.007354
315,1695021707.125477,0,30.2469,30.2469,13.3955,32.3288,31.7202,2093.5017,66.1871,4785.5283,2.0071,164.9367,219.2232,70.1811,30.0423,31.9001,67.9871,0.014822,0.637086,0.770092,-0.000000,0.571611,0.774304,-0.027807,0.513949,0.702607,-0.031501,0.491830,0.612046,-0.024929,0.513283,0.568064,-0.016952,0.565921,0.572052,-0.046417,0.510605,0.464357,-0.050840,0.479593,0.410943,-0.052636,0.456266,0.367981,-0.054872,0.601977,0.536989,-0.026340,0.543379,0.549712,-0.025207,0.539222,0.609992,-0.013948,0.552323,0.644884,-0.006762,0.621245,0.535077,-0.006616,0.565796,0.556795,-0.009304,0.562074,0.607470,-0.005189,0.573427,0.637059,-0.001952,0.632693,0.544430,0.011897,0.589760,0.558290,0.009820,0.584869,0.594877,0.011934,0.593379,0.626639,0.014785
316,1695021707.133810,0,-39.8291,-39.8291,-18.9059,-32.3014,35.4629,1936.7165,71.3794,5389.8847,1.6097,164.5023,216.0283,65.8721,27.1229,35.0388,72.3282,0.017336,0.638401,0.768655,-0.000000,0.570915,0.774463,-0.028275,0.512120,0.703249,-0.033185,0.491235,0.611335,-0.027623,0.512569,0.567336,-0.020682,0.567525,0.575107,-0.052059,0.508261,0.462963,-0.060460,0.475892,0.408163,-0.064459,0.451944,0.363879,-0.067963,0.603508,0.537686,-0.032415,0.541519,0.549016,-0.035131,0.538836,0.612041,-0.023869,0.553726,0.647223,-0.016440,0.622046,0.533292,-0.013104,0.564008,0.555493,-0.018794,0.561819,0.608051,-0.012940,0.574848,0.639578,-0.008263,0.633013,0.541604,0.004884,0.588814,0.560032,-0.000271,0.585680,0.598486,0.001900,0.595622,0.630638,0.005261
317,1695021707.142143,0,-45.7343,-45.7343,-20.2613,-1.3555,36.2352,1642.9765,13.2404,4936.4469,2.0033,162.7253,215.7265,59.9906,23.7058,37.9949,75.6616,0.019952,0.638670,0.770204,-0.000000,0.571096,0.775412,-0.026960,0.511376,0.705261,-0.031904,0.489157,0.614243,-0.026725,0.510012,0.569151,-0.020255,0.566146,0.576690,-0.051769,0.505745,0.462966,-0.060545,0.473410,0.405854,-0.064867,0.449139,0.359589,-0.068627,0.602093,0.536875,-0.032503,0.540154,0.547507,-0.034895,0.537579,0.610221,-0.023369,0.552278,0.645922,-0.016011,0.621127,0.530616,-0.013387,0.563019,0.551703,-0.018667,0.560877,0.603863,-0.012519,0.573946,0.636454,-0.007844,0.632347,0.538077,0.004547,0.587840,0.555981,-0.000107,0.584410,0.594550,0.002383,0.594235,0.627351,0.005836
318,1695021707.150477,0,-48.9177,-48.9177,-2.9496,17.3118,29.5550,246.2976,81.3009,4973.5096,0.8454,162.8511,216.0514,59.7665,24.2812,38.7246,76.3499,0.019644,0.636694,0.769696,-0.000000,0.569705,0.774498,-0.026358,0.509787,0.704820,-0.031869,0.488831,0.612816,-0.027493,0.510981,0.567319,-0.021941,0.564388,0.576890,-0.052789,0.504697,0.462866,-0.062306,0.473227,0.405577,-0.067094,0.448937,0.359505,-0.071249,0.600474,0.535978,-0.034305,0.539155,0.546247,-0.037169,0.536518,0.607877,-0.025729,0.550153,0.643322,-0.018498,0.619686,0.529215,-0.015877,0.562442,0.552036,-0.021135,0.559630,0.602255,-0.014563,0.571592,0.634932,-0.009712,0.631041,0.537018,0.001347,0.586769,0.554690,-0.003556,0.582329,0.591850,-0.000916,0.590699,0.624717,0.002679
319,1695021707.158810,0,46.3415,46.3415,4.0236,6.9732,41.1413,343.4901,3.6575,3885.9952,1.7182,164.1312,217.8974,54.8119,22.5738,42.5162,81.5862,0.022826,0.635455,0.767822,-0.000000,0.568627,0.775749,-0.025493,0.508157,0.705870,-0.031769,0.487275,0.611775,-0.029212,0.510693,0.565258,-0.025765,0.560285,0.575655,-0.049613,0.501947,0.462572,-0.059888,0.470655,0.403060,-0.065526,0.446545,0.355646,-0.070436,0.596523,0.533497,-0.033028,0.537358,0.548983,-0.038523,0.535460,0.610615,-0.028531,0.549423,0.644369,-0.021527,0.616771,0.526883,-0.016625,0.560846,0.554546,-0.023425,0.558740,0.604093,-0.016382,0.571360,0.634239,-0.010702,0.629733,0.535173,-0.001519,0.585172,0.556020,-0.006791,0.581276,0.593632,-0.003255,0.590509,0.624107,0.001261
320,1695021707.167143,0,47.6106,47.6106,21.8599,17.8363,45.0704,1170.9038,19.0193,4654.4498,2.0899,164.3943,212.5257,53.0174,17.9517,39.8700,78.3443,0.023483,0.631822,0.765246,-0.000000,0.565553,0.773700,-0.025666,0.507421,0.704497,-0.031098,0.485377,0.611744,-0.026655,0.508054,0.566265,-0.021474,0.558059,0.572333,-0.051679,0.499750,0.461944,-0.059549,0.468445,0.405000,-0.064199,0.444594,0.358946,-0.068610,0.594562,0.532215,-0.032828,0.535931,0.543326,-0.032839,0.532690,0.603867,-0.020778,0.545630,0.636647,-0.013610,0.615609,0.528784,-0.013784,0.560132,0.552658,-0.015785,0.557130,0.602273,-0.009115,0.569571,0.631652,-0.004926,0.629155,0.538574,0.004160,0.585696,0.555899,0.002025,0.581416,0.593105,0.005323,0.591001,0.623755,0.008796
321,1695021707.175477,0,-45.3533,-45.3533,0.0952,-21.7647,45.8947,339.7235,33.4042,5795.9106,2.3018,165.6836,209.0907,50.1402,14.4113,38.8918,77.8276,0.023144,0.633636,0.767360,-0.000000,0.565933,0.776384,-0.027734,0.507039,0.705335,-0.033213,0.485699,0.612481,-0.028322,0.509364,0.567766,-0.022497,0.555861,0.569276,-0.049526,0.498660,0.465282,-0.055806,0.466206,0.408988,-0.060457,0.442525,0.362631,-0.065163,0.593499,0.531102,-0.029423,0.536098,0.549633,-0.027490,0.533565,0.609999,-0.015750,0.548119,0.643607,-0.008962,0.614869,0.530895,-0.009526,0.560768,0.556800,-0.010195,0.557815,0.606804,-0.004799,0.570534,0.636263,-0.001602,0.628797,0.542958,0.009052,0.587019,0.560699,0.008249,0.582777,0.597144,0.011087,0.592248,0.628373,0.013978
322,1695021707.183810,0,45.1320,45.1320,23.5124,23.4172,45.8245,983.1520,18.5127,6157.8448,1.8055,162.1651,207.5385,48.6934,12.9791,40.0885,79.8090,0.025084,0.633246,0.760752,-0.000000,0.564725,0.772970,-0.028430,0.504430,0.703877,-0.034311,0.483836,0.611220,-0.030023,0.508904,0.566875,-0.024731,0.555178,0.569979,-0.049341,0.496996,0.466906,-0.056363,0.464083,0.410540,-0.060912,0.440812,0.364204,-0.065604,0.592606,0.531777,-0.030034,0.534034,0.549012,-0.030688,0.530585,0.609578,-0.019485,0.545533,0.642700,-0.012556,0.613956,0.529757,-0.011207,0.558819,0.554148,-0.014267,0.555132,0.604172,-0.008387,0.568152,0.633543,-0.004345,0.628654,0.539944,0.006124,0.584859,0.558842,0.003088,0.580450,0.595306,0.005577,0.590482,0.624902,0.008613
323,1695021707.192143,0,44.7226,44.7226,-0.4047,-23.9172,36.5359,404.4279,34.5310,6366.6888,1.7622,162.2693,207.1926,44.0018,12.2285,42.4613,82.8427,0.026684,0.631787,0.762367,-0.000000,0.562322,0.774340,-0.025405,0.503361,0.707158,-0.029588,0.483298,0.617750,-0.024139,0.505966,0.573059,-0.017655,0.550536,0.567553,-0.046199,0.495062,0.464184,-0.053149,0.462230,0.408093,-0.058187,0.438502,0.362680,-0.062986,0.589150,0.529102,-0.028040,0.533664,0.547035,-0.026949,0.529656,0.607444,-0.015899,0.544236,0.641874,-0.009510,0.612317,0.528173,-0.010190,0.559766,0.552097,-0.011920,0.555264,0.603116,-0.006558,0.567736,0.634501,-0.003205,0.628351,0.540683,0.006406,0.587080,0.557529,0.004674,0.581008,0.594643,0.007435,0.589470,0.626529,0.010459
324,1695021707.200477,0,49.4437,49.4437,0.4583,0.8630,36.8722,220.8569,83.7387,6111.1832,1.6190,162.4761,207.2524,44.3461,12.9732,44.3389,84.4800,0.028102,0.631534,0.764961,-0.000000,0.562070,0.776495,-0.026745,0.501394,0.706633,-0.031701,0.480933,0.612511,-0.026773,0.506699,0.569202,-0.020908,0.552479,0.574073,-0.049217,0.494603,0.467949,-0.057506,0.462103,0.410175,-0.062964,0.438021,0.363041,-0.068105,0.589430,0.532680,-0.030505,0.531018,0.544338,-0.030328,0.527352,0.605230,-0.018440,0.541507,0.639596,-0.011358,0.610984,0.528823,-0.012209,0.556275,0.551865,-0.014599,0.552843,0.602999,-0.008201,0.565988,0.633613,-0.004061,0.626236,0.538876,0.004719,0.582678,0.556811,0.002475,0.577648,0.594728,0.005615,0.587093,0.626323,0.008893
325,1695021707.208810,0,-44.1756,-44.1756,0.2944,-0.1638,44.7095,211.4548,44.5047,6040.6491,2.1297,165.7261,208.9870,42.3215,15.4666,48.1778,88.4940,0.030591,0.630724,0.761736,-0.000000,0.560131,0.774197,-0.024728,0.500394,0.705568,-0.028155,0.480690,0.614592,-0.021952,0.505922,0.570909,-0.014783,0.548085,0.568748,-0.044858,0.491461,0.464567,-0.052156,0.458385,0.407307,-0.057627,0.434804,0.360477,-0.062762,0.586937,0.529773,-0.026533,0.531013,0.545422,-0.024552,0.527308,0.606692,-0.012986,0.542153,0.642210,-0.006536,0.610636,0.528029,-0.008637,0.557950,0.551571,-0.009799,0.554250,0.603432,-0.004483,0.567479,0.635971,-0.001379,0.627622,0.539705,0.008054,0.585996,0.558266,0.006563,0.581449,0.596834,0.009182,0.591316,0.629279,0.011957
326,1695021707.217143,0,-42.1124,-42.1124,-21.8111,-22.1055,43.9195,417.1266,20.7412,6238.4397,1.9473,166.6073,208.8370,39.4867,15.1739,48.5519,88.5675,0.030742,0.629563,0.767728,-0.000000,0.560703,0.777965,-0.027030,0.499161,0.707170,-0.031107,0.478447,0.612305,-0.024827,0.505443,0.568894,-0.017398,0.548238,0.570296,-0.047739,0.490110,0.465256,-0.053285,0.456928,0.408487,-0.057131,0.432839,0.361493,-0.061452,0.585944,0.529617,-0.027792,0.527318,0.543887,-0.024389,0.523886,0.605616,-0.012024,0.538428,0.640991,-0.005260,0.608057,0.526957,-0.008138,0.553497,0.552214,-0.007732,0.549262,0.604154,-0.002282,0.561474,0.636133,0.000479,0.623671,0.538108,0.010149,0.580607,0.556161,0.010107,0.574618,0.594693,0.012717,0.582760,0.628181,0.015065
327,1695021707.225477,0,36.8181,36.8181,-1.9761,19.8350,42.7218,432.8525,75.7160,6104.5666,1.7651,165.2932,211.7683,36.7443,18.9477,53.8911,94.6854,0.034810,0.625410,0.763505,-0.000000,0.558294,0.775611,-0.026828,0.497602,0.707562,-0.029784,0.476509,0.616984,-0.022144,0.502463,0.572418,-0.013483,0.545329,0.568498,-0.046341,0.487602,0.463159,-0.048886,0.455528,0.407515,-0.050503,0.432784,0.359841,-0.053621,0.583333,0.531108,-0.025647,0.527154,0.543843,-0.020977,0.523458,0.606213,-0.008782,0.537240,0.640871,-0.002183,0.606951,0.530046,-0.004943,0.554152,0.554113,-0.002500,0.549741,0.605496,0.002476,0.561370,0.636434,0.004458,0.623789,0.540334,0.014383,0.581710,0.559470,0.014894,0.576592,0.597799,0.016630,0.585852,0.628546,0.018288
328,1695021707.233810,0,48.6338,48.6338,-0.2025,1.7736,43.4002,396.9610,29.6724,6951.5584,2.0981,166.7037,202.3028,31.1817,15.8704,53.3650,93.3133,0.035199,0.628864,0.769384,-0.000000,0.558984,0.780636,-0.025523,0.496853,0.710242,-0.028895,0.475474,0.617258,-0.022600,0.501406,0.576488,-0.015226,0.544624,0.571745,-0.043577,0.487021,0.468424,-0.048747,0.453170,0.411908,-0.052623,0.428587,0.365743,-0.057081,0.583485,0.531573,-0.024746,0.526211,0.548144,-0.021780,0.522671,0.609957,-0.010095,0.537247,0.645189,-0.003595,0.607176,0.529861,-0.006248,0.554088,0.556147,-0.006263,0.549879,0.607080,-0.000739,0.562482,0.638798,0.002273,0.624269,0.542341,0.010908,0.582515,0.560910,0.010491,0.577290,0.599330,0.013420,0.586802,0.632062,0.016216
329,1695021707.242143,0,48.4461,48.4461,23.1554,23.3579,43.2191,139.5881,20.9018,6156.4523,1.7326,163.0802,210.0553,28.9741,19.4140,55.4892,94.8728,0.036121,0.624824,0.766964,-0.000000,0.556553,0.780210,-0.024335,0.495352,0.713917,-0.027035,0.474020,0.623833,-0.020161,0.500401,0.580272,-0.012362,0.540339,0.573746,-0.042696,0.483153,0.468402,-0.047558,0.450837,0.410930,-0.051562,0.427797,0.363268,-0.055991,0.578473,0.534448,-0.023942,0.525025,0.548589,-0.020718,0.521495,0.611456,-0.009633,0.535050,0.647830,-0.003484,0.603066,0.531874,-0.005307,0.552548,0.557176,-0.003981,0.548173,0.608391,0.001019,0.559855,0.640186,0.003418,0.621266,0.541929,0.012119,0.580348,0.561002,0.013120,0.575414,0.599418,0.016172,0.584847,0.630557,0.018871
330,1695021707.250477,0,-49.3264,-49.3264,-1.8035,-24.9589,44.5283,347.3863,40.4460,7118.3926,2.4631,165.6265,205.3396,26.0489,20.0872,58.0957,98.0377,0.038728,0.624207,0.775434,-0.000000,0.555180,0.783425,-0.023459,0.494248,0.716078,-0.026202,0.472269,0.624819,-0.019121,0.498560,0.581228,-0.011143,0.540021,0.576864,-0.045553,0.481932,0.472494,-0.051026,0.449286,0.415404,-0.055635,0.425347,0.368535,-0.060375,0.578474,0.537011,-0.026649,0.524244,0.547071,-0.021076,0.520836,0.606707,-0.008369,0.534124,0.643493,-0.001935,0.603045,0.535821,-0.007667,0.552593,0.556932,-0.005577,0.548291,0.606445,-0.000444,0.560013,0.640280,0.001750,0.620916,0.548148,0.010386,0.581294,0.561645,0.011227,0.575986,0.597836,0.014069,0.584671,0.631103,0.016458
331,1695021707.258810,0,-51.7424,-51.7424,-22.1401,-20.3367,46.8245,345.7619,2.0847,7071.0337,2.6910,166.3974,205.6633,25.5608,20.5992,58.8106,99.6692,0.040256,0.625081,0.777888,-0.000000,0.554862,0.790379,-0.023876,0.493062,0.722475,-0.025242,0.471573,0.632228,-0.016262,0.497443,0.592895,-0.006077,0.538826,0.583654,-0.046208,0.481427,0.478326,-0.051962,0.448534,0.421916,-0.056212,0.424614,0.374732,-0.060530,0.577538,0.542919,-0.026824,0.521009,0.556160,-0.022248,0.517111,0.619798,-0.009405,0.530970,0.655864,-0.002606,0.601597,0.539385,-0.007463,0.548780,0.562715,-0.005776,0.544655,0.615071,-0.000431,0.557152,0.647883,0.001922,0.619139,0.550121,0.010829,0.577134,0.567282,0.011659,0.571479,0.605767,0.014363,0.580672,0.638991,0.016645
332,1695021707.267143,0,-50.4233,-50.4233,-24.7643,-2.6241,48.5242,557.5818,29.4010,7030.0854,3.2960,167.3040,208.2073,22.7793,23.7634,61.6544,102.3014,0.042526,0.622352,0.781935,-0.000000,0.552296,0.794190,-0.023232,0.490152,0.725964,-0.025606,0.470112,0.633796,-0.018154,0.498006,0.592913,-0.009807,0.535586,0.586704,-0.045056,0.479390,0.480279,-0.050120,0.446787,0.424172,-0.053872,0.422730,0.378010,-0.058026,0.574610,0.545718,-0.026501,0.519566,0.558315,-0.020750,0.516634,0.620660,-0.007100,0.530949,0.655926,-0.000030,0.599409,0.543841,-0.008009,0.547987,0.567192,-0.005669,0.544641,0.618944,0.000138,0.557305,0.651202,0.002536,0.618065,0.555765,0.009499,0.576838,0.571990,0.011286,0.572038,0.610109,0.014834,0.581396,0.642902,0.017359
333,1695021707.275477,0,-53.3149,-53.3149,-25.4403,-0.6760,39.8814,535.7685,31.8371,6750.2921,3.1542,167.1890,205.2251,24.1507,20.8627,59.2141,100.5989,0.041444,0.622362,0.783210,-0.000000,0.552676,0.798413,-0.021792,0.490859,0.733700,-0.025191,0.470363,0.641874,-0.019682,0.497126,0.598943,-0.013242,0.532144,0.594337,-0.042814,0.478599,0.489811,-0.050560,0.446447,0.431565,-0.056731,0.423009,0.384607,-0.062225,0.570836,0.552421,-0.026210,0.520831,0.566920,-0.022643,0.519543,0.627009,-0.010401,0.535187,0.661426,-0.004033,0.596788,0.549080,-0.009900,0.549405,0.569436,-0.010002,0.547348,0.621008,-0.004015,0.560981,0.653189,-0.000929,0.617323,0.559732,0.005513,0.578563,0.573275,0.006163,0.574437,0.611542,0.010440,0.584160,0.643726,0.013822
334,1695021707.283810,0,-47.2527,-47.2527,0.5184,25.9587,2.0667,118.8249,48.9796,5988.3530,2.9087,165.2083,206.6962,20.8644,23.9223,61.8026,103.2238,0.044107,0.620721,0.793015,-0.000000,0.550321,0.801711,-0.017937,0.489191,0.738505,-0.016398,0.468369,0.653469,-0.004594,0.491302,0.612179,0.007937,0.530035,0.596067,-0.045324,0.476277,0.492029,-0.048251,0.444752,0.436004,-0.051490,0.420742,0.389372,-0.055130,0.568005,0.556184,-0.026171,0.517184,0.567870,-0.014234,0.514209,0.627948,0.001417,0.526843,0.661147,0.008243,0.593541,0.555121,-0.006027,0.544957,0.577602,0.002100,0.541462,0.627606,0.007328,0.552966,0.659554,0.007689,0.612069,0.565860,0.013902,0.573293,0.580638,0.019077,0.568413,0.617546,0.022140,0.576997,0.649996,0.023437
335,1695021707.292143,0,-46.6636,-46.6636,1.2697,0.7513,2.5617,166.6920,11.0158,5873.4808,2.7912,161.9360,202.8300,17.5192,26.3980,64.8017,105.1772,0.044819,0.620806,0.801567,-0.000000,0.549676,0.808960,-0.019150,0.487046,0.741884,-0.019068,0.467548,0.652043,-0.008978,0.494053,0.611094,0.001918,0.528984,0.604519,-0.045192,0.474955,0.496692,-0.048821,0.442414,0.441042,-0.052055,0.417049,0.395788,-0.055940,0.567011,0.561861,-0.026378,0.513811,0.571034,-0.015530,0.512291,0.630297,0.000384,0.525749,0.663138,0.007540,0.592397,0.558778,-0.006923,0.542032,0.581220,0.000559,0.540043,0.629595,0.006917,0.552278,0.660729,0.008017,0.611084,0.569507,0.012013,0.570618,0.585437,0.016839,0.565890,0.621268,0.020353,0.574398,0.652851,0.021898
336,1695021707.300477,0,38.3775,38.3775,22.2002,20.9305,35.1975,783.7220,78.9015,5106.4584,2.5682,162.5069,207.9252,18.4939,29.0656,67.2418,108.4296,0.048267,0.618704,0.799088,-0.000000,0.549811,0.810258,-0.020050,0.487114,0.747020,-0.018467,0.465332,0.660706,-0.006626,0.491695,0.619540,0.006399,0.526284,0.605843,-0.041581,0.473043,0.500006,-0.043387,0.441510,0.442692,-0.045709,0.417956,0.394557,-0.049062,0.564080,0.566855,-0.021898,0.513434,0.573309,-0.009927,0.510744,0.630495,0.005367,0.523758,0.661892,0.012120,0.590651,0.565097,-0.001829,0.542952,0.582498,0.006818,0.539150,0.629910,0.012239,0.550310,0.660990,0.012693,0.610882,0.575895,0.017431,0.572690,0.585610,0.022342,0.567170,0.620754,0.024670,0.575722,0.652513,0.025504
337,1695021707.308810,0,44.8703,44.8703,24.5463,2.3461,44.5426,653.8011,24.0666,5512.4835,2.3730,162.3441,201.4947,18.4596,24.6852,62.5988,103.5340,0.045101,0.617821,0.806119,-0.000000,0.548058,0.814970,-0.018468,0.486375,0.750168,-0.017868,0.464414,0.663626,-0.007805,0.489050,0.622285,0.003124,0.524967,0.609611,-0.042034,0.473036,0.505607,-0.046280,0.441722,0.450252,-0.050306,0.417433,0.406251,-0.054381,0.563221,0.568219,-0.024057,0.513273,0.577889,-0.013110,0.510486,0.634220,0.001898,0.522825,0.667992,0.008648,0.589783,0.567254,-0.005675,0.542429,0.589853,0.001111,0.539048,0.637382,0.006541,0.550184,0.669573,0.007546,0.610017,0.579774,0.012154,0.572429,0.595464,0.016224,0.567377,0.630340,0.019268,0.575245,0.662781,0.020925
338,1695021707.317143,0,35.0523,35.0523,20.5763,-3.9700,42.4411,829.4844,54.9668,5354.1142,3.3202,164.2145,203.1922,14.8889,29.2687,67.3723,108.0671,0.048576,0.615246,0.801789,-0.000000,0.546629,0.815118,-0.019235,0.485546,0.753217,-0.016902,0.463463,0.669287,-0.004396,0.487654,0.630024,0.009245,0.522389,0.611034,-0.040654,0.470228,0.506649,-0.041831,0.438464,0.451542,-0.043703,0.414209,0.406113,-0.046765,0.560473,0.572855,-0.021024,0.510179,0.585189,-0.009444,0.507624,0.643345,0.005272,0.520522,0.674682,0.011729,0.587432,0.572121,-0.000852,0.539311,0.593894,0.007938,0.536135,0.641187,0.013158,0.547520,0.671012,0.013412,0.607289,0.583547,0.018572,0.569273,0.597743,0.023418,0.564119,0.632805,0.025339,0.572959,0.663307,0.025896
339,1695021707.325477,0,42.7657,42.7657,22.3573,1.7811,34.9390,850.3828,33.9567,5640.2289,2.5478,164.3627,199.1974,14.3080,27.9759,65.5635,105.3133,0.047127,0.616181,0.805474,-0.000000,0.546463,0.819639,-0.019530,0.483633,0.755864,-0.018810,0.463841,0.668069,-0.008245,0.489744,0.625385,0.003136,0.521895,0.618619,-0.042971,0.470376,0.511558,-0.045951,0.438847,0.456431,-0.048201,0.414163,0.412521,-0.051269,0.560242,0.575448,-0.024933,0.510001,0.586421,-0.015354,0.508237,0.644119,-0.000214,0.521395,0.675166,0.006995,0.586603,0.571393,-0.006535,0.538308,0.595061,-0.000988,0.536167,0.641196,0.004663,0.547997,0.669900,0.005974,0.606579,0.580086,0.011286,0.566032,0.595468,0.014129,0.562214,0.629915,0.017235,0.571699,0.659223,0.019030
340,1695021707.333810,0,31.1566,31.1566,-1.8052,-24.1626,4.9918,284.2698,72.2256,5582.2379,2.0374,164.7886,200.5271,12.5107,29.8398,67.0118,106.8747,0.048221,0.613077,0.808130,-0.000000,0.542898,0.819423,-0.017245,0.482179,0.756858,-0.014829,0.462540,0.672204,-0.002533,0.487448,0.633352,0.010817,0.517011,0.614742,-0.038670,0.467706,0.511241,-0.038569,0.436978,0.457433,-0.039740,0.413368,0.413699,-0.042137,0.555729,0.576159,-0.019603,0.508623,0.585056,-0.004710,0.507274,0.642445,0.011447,0.520970,0.673999,0.018387,0.583667,0.575821,0.000106,0.538104,0.593742,0.011077,0.536031,0.642110,0.016097,0.548038,0.672740,0.015730,0.605072,0.586255,0.019396,0.568818,0.597878,0.026954,0.564356,0.632200,0.029763,0.573069,0.662394,0.030318
341,1695021707.342143,0,24.3873,24.3873,-5.1208,-3.3155,7.5239,249.1560,47.6539,7163.9757,2.0814,161.7863,199.2618,10.7852,30.6094,67.6717,107.7208,0.049683,0.611443,0.809889,-0.000000,0.542070,0.820634,-0.015046,0.481577,0.757526,-0.011835,0.461543,0.673969,0.000113,0.487162,0.636937,0.012878,0.516533,0.617836,-0.034354,0.466769,0.513260,-0.033913,0.435757,0.460679,-0.034117,0.411755,0.418039,-0.035950,0.554637,0.578207,-0.017747,0.507511,0.587441,-0.005489,0.506783,0.641692,0.008874,0.519968,0.670937,0.015288,0.582507,0.575857,-0.000385,0.536957,0.598467,0.008545,0.535682,0.644051,0.013278,0.547634,0.672596,0.013347,0.603783,0.585941,0.016575,0.566577,0.600835,0.022290,0.563490,0.634679,0.024921,0.573175,0.664401,0.025948
342,1695021707.350477,0,-37.5003,-37.5003,-18.1382,-13.0174,28.9531,1137.6948,84.9426,7754.5382,1.7152,164.0347,200.8024,7.6198,33.8100,70.7780,110.1118,0.051022,0.612620,0.809890,-0.000000,0.542767,0.822177,-0.018249,0.481077,0.758061,-0.016587,0.460791,0.673921,-0.005518,0.487034,0.638536,0.006343,0.517938,0.618789,-0.039244,0.466204,0.515252,-0.040664,0.434308,0.461190,-0.042002,0.410078,0.417149,-0.044597,0.556147,0.578805,-0.022050,0.507334,0.589442,-0.012040,0.505924,0.645406,0.002287,0.519658,0.675925,0.009039,0.582814,0.577632,-0.004380,0.536444,0.600469,0.001767,0.534677,0.646583,0.006728,0.547006,0.676029,0.007572,0.603217,0.589085,0.012684,0.564994,0.604860,0.015953,0.562296,0.638641,0.018437,0.572578,0.668362,0.019762
343,1695021707.358810,0,-29.5763,-29.5763,-18.0855,0.0527,33.1068,1004.2698,47.2314,6382.6188,1.9211,163.8997,198.1358,12.3749,28.8915,65.8027,105.5704,0.048418,0.610900,0.811141,-0.000000,0.543116,0.821815,-0.016429,0.481327,0.761555,-0.014641,0.458971,0.680073,-0.003958,0.482210,0.640114,0.007487,0.516741,0.619627,-0.037033,0.466195,0.517799,-0.037360,0.435666,0.464448,-0.037963,0.412752,0.421359,-0.040104,0.553970,0.582460,-0.020640,0.507110,0.594970,-0.010703,0.506254,0.648554,0.002679,0.519603,0.677758,0.008659,0.581591,0.582398,-0.003438,0.536489,0.604974,0.004323,0.535625,0.650252,0.009371,0.547790,0.679526,0.009675,0.603207,0.594042,0.013152,0.567349,0.611300,0.017758,0.565533,0.644270,0.020246,0.576123,0.672414,0.021339
344,1695021707.367143,0,29.0853,29.0853,-0.5178,17.5677,30.4330,147.7766,49.7448,7608.7459,2.2059,165.2006,198.0277,10.5106,31.7192,67.8991,107.7907,0.050271,0.611610,0.810318,-0.000000,0.542747,0.821753,-0.014915,0.481244,0.760662,-0.012017,0.459446,0.679948,-0.000711,0.481813,0.641798,0.011224,0.515239,0.619830,-0.034719,0.465484,0.517210,-0.034647,0.434644,0.464752,-0.034716,0.410812,0.422431,-0.036469,0.552848,0.580394,-0.019170,0.506380,0.594423,-0.009153,0.505998,0.648597,0.004338,0.519340,0.676974,0.010616,0.580307,0.578590,-0.002768,0.534949,0.604418,0.004316,0.533634,0.648173,0.009478,0.545462,0.676355,0.010231,0.601241,0.589924,0.013195,0.564004,0.606554,0.016964,0.561042,0.639869,0.019681,0.571221,0.669514,0.021256
345,1695021707.375477,0,-31.6385,-31.6385,-14.0064,-13.4886,29.3712,1225.5840,73.1818,6939.0754,0.9794,166.3650,196.0602,10.6280,31.1890,67.3287,106.5943,0.049584,0.608760,0.808654,-0.000000,0.541342,0.821425,-0.013729,0.481404,0.761996,-0.009658,0.459200,0.684455,0.003253,0.477920,0.644733,0.016836,0.514104,0.617873,-0.034719,0.464743,0.519410,-0.035003,0.434273,0.465973,-0.037187,0.411165,0.422900,-0.040482,0.551728,0.581324,-0.018476,0.507214,0.599935,-0.006706,0.506329,0.656431,0.006378,0.519014,0.686342,0.011625,0.579739,0.582350,-0.001173,0.536362,0.608127,0.008708,0.534738,0.654128,0.013448,0.546791,0.682910,0.012892,0.601116,0.594931,0.015794,0.567116,0.614272,0.021663,0.564037,0.648079,0.024157,0.574162,0.676602,0.025012
346,1695021707.383810,0,35.6364,35.6364,18.2842,32.2906,32.1460,1290.1494,73.3634,7563.0678,1.4561,166.9128,198.3567,6.8829,34.9264,71.3545,110.7941,0.052821,0.609824,0.807985,-0.000000,0.542007,0.823598,-0.017503,0.480489,0.762209,-0.016265,0.458545,0.680204,-0.006213,0.481755,0.642517,0.004420,0.513664,0.621919,-0.038011,0.464058,0.518989,-0.040429,0.432443,0.465148,-0.042504,0.408647,0.421984,-0.045505,0.551455,0.581737,-0.022086,0.504919,0.597267,-0.014100,0.504072,0.652486,-0.001338,0.517334,0.680365,0.004739,0.579029,0.579924,-0.005619,0.534188,0.607319,0.000165,0.532817,0.651769,0.005669,0.544661,0.678349,0.006889,0.600601,0.591264,0.010076,0.563964,0.610553,0.013244,0.561687,0.643159,0.016381,0.572004,0.670609,0.018418
347,1695021707.392143,0,29.7614,29.7614,14.8344,-3.4497,30.5157,1175.1432,65.8327,7253.2714,1.6067,163.7307,196.9217,10.2381,31.9246,67.9813,107.4349,0.050698,0.607172,0.806672,-0.000000,0.539275,0.820629,-0.015083,0.479325,0.759165,-0.011683,0.458454,0.679759,0.000398,0.480740,0.642930,0.013205,0.512741,0.620584,-0.035021,0.462681,0.520849,-0.035266,0.432383,0.468274,-0.036106,0.409739,0.425228,-0.038482,0.550223,0.581021,-0.019346,0.504306,0.594346,-0.009108,0.502495,0.648778,0.003960,0.514722,0.677322,0.009769,0.577904,0.578872,-0.002880,0.533983,0.603240,0.004817,0.531596,0.648125,0.009564,0.542706,0.676036,0.009764,0.599464,0.589585,0.013038,0.564037,0.607270,0.016920,0.560889,0.639696,0.018969,0.570548,0.668159,0.019931
348,1695021707.400477,0,-32.8110,-32.8110,-15.4741,-30.3085,31.3011,1359.0853,44.4802,7782.3286,1.4528,166.6080,196.7697,6.3343,37.2327,72.6789,111.3467,0.052863,0.607895,0.805904,-0.000000,0.538503,0.820270,-0.015209,0.477654,0.759288,-0.012193,0.459149,0.678346,-0.000282,0.484272,0.640688,0.012332,0.509262,0.619151,-0.035648,0.461607,0.517863,-0.037195,0.429942,0.464505,-0.038954,0.406463,0.422614,-0.041363,0.547848,0.578755,-0.019274,0.504086,0.594050,-0.007801,0.503459,0.649685,0.007195,0.517255,0.678023,0.014428,0.576362,0.577325,-0.002409,0.532790,0.603700,0.005088,0.531535,0.649017,0.010147,0.543793,0.675819,0.010913,0.598681,0.587947,0.014120,0.562268,0.607388,0.018814,0.559503,0.641355,0.021914,0.569513,0.669390,0.023571
349,1695021707.408810,0,-28.2183,-28.2183,0.8550,16.3291,31.2435,53.8109,20.8503,7139.5202,1.1760,168.4306,194.9900,9.5708,33.6245,69.4812,108.7509,0.051123,0.607478,0.806043,-0.000000,0.540461,0.821407,-0.015237,0.479796,0.760340,-0.012866,0.457603,0.678515,-0.002016,0.480765,0.641685,0.009435,0.511235,0.623233,-0.034487,0.461965,0.523329,-0.035611,0.431253,0.469148,-0.037502,0.408657,0.425743,-0.040442,0.549229,0.582261,-0.018741,0.505588,0.596785,-0.008269,0.503926,0.651457,0.005843,0.516952,0.681109,0.012714,0.578778,0.581519,-0.002420,0.536725,0.604732,0.005192,0.534430,0.646908,0.010644,0.546042,0.674323,0.011628,0.602148,0.593954,0.013400,0.568221,0.610317,0.018124,0.564609,0.641847,0.021355,0.574191,0.668149,0.023177
350,1695021707.417143,0,22.0611,22.0611,-3.3938,-4.2488,29.5822,233.6239,52.9544,7740.5329,1.9677,164.5988,193.3498,9.7608,35.8381,70.6220,108.9201,0.051178,0.608713,0.807308,-0.000000,0.541168,0.820909,-0.014543,0.480711,0.759121,-0.010997,0.458206,0.680190,0.000708,0.478131,0.641996,0.012984,0.510108,0.619456,-0.032635,0.461264,0.521079,-0.032506,0.430298,0.469732,-0.032544,0.407098,0.429011,-0.034026,0.547625,0.579129,-0.017560,0.504333,0.595174,-0.007015,0.504280,0.647479,0.006826,0.517616,0.675168,0.013607,0.576636,0.578586,-0.001894,0.534674,0.604445,0.005126,0.533229,0.646366,0.010086,0.544501,0.673342,0.010904,0.599464,0.591463,0.013313,0.565482,0.609829,0.016902,0.562671,0.641143,0.019358,0.572305,0.669252,0.020842
351,1695021707.425477,1,-33.1075,-33.1075,-15.7172,-12.3234,28.2251,1333.6836,84.4866,7584.2418,1.3206,167.8156,192.8010,10.6012,37.6904,71.3670,108.3397,0.049561,0.608885,0.806171,-0.000000,0.540343,0.821499,-0.014945,0.479943,0.758901,-0.011391,0.460499,0.677382,0.001762,0.482810,0.637981,0.015623,0.508794,0.620937,-0.038003,0.460710,0.521839,-0.039248,0.429342,0.470430,-0.041307,0.405831,0.429018,-0.044024,0.547122,0.580568,-0.020393,0.503131,0.592226,-0.005672,0.503303,0.647147,0.011003,0.516850,0.675144,0.018273,0.575742,0.579565,-0.002141,0.532524,0.600690,0.008225,0.531471,0.645398,0.013583,0.543401,0.672701,0.013354,0.597892,0.590027,0.015915,0.562333,0.605504,0.021963,0.559278,0.639178,0.024710,0.568780,0.667936,0.025363
352,1695021707.433810,1,26.1703,26.1703,14.7453,30.4626,27.2729,1380.4542,46.2571,8229.0589,1.7318,163.2446,190.6214,13.9175,34.3379,66.7586,103.0151,0.045943,0.609071,0.805871,-0.000000,0.540689,0.819821,-0.016421,0.479460,0.756800,-0.013778,0.459131,0.675500,-0.002599,0.483846,0.636396,0.009220,0.510105,0.620994,-0.033471,0.461301,0.527529,-0.033678,0.430006,0.476808,-0.034861,0.407186,0.435496,-0.037492,0.548627,0.579111,-0.018234,0.505839,0.595843,-0.007186,0.505662,0.649474,0.006618,0.519681,0.678702,0.013157,0.577590,0.577801,-0.002766,0.536678,0.601126,0.003918,0.534552,0.644297,0.008498,0.546016,0.672762,0.009103,0.600944,0.590660,0.012034,0.566563,0.607333,0.015535,0.562790,0.638795,0.018011,0.572141,0.668045,0.019348
353,1695021707.442143,1,-23.2826,-23.2826,1.2339,-13.5114,25.8510,424.3490,11.2002,7283.2426,1.4593,161.3125,185.6691,17.0912,32.9105,64.2978,99.6406,0.043623,0.608593,0.804921,-0.000000,0.540401,0.817518,-0.014140,0.480841,0.757477,-0.012000,0.460633,0.677590,-0.001996,0.483332,0.634908,0.008276,0.509294,0.618612,-0.032180,0.461231,0.528494,-0.032782,0.430741,0.479420,-0.035111,0.408401,0.439113,-0.038562,0.548341,0.577071,-0.017856,0.507725,0.594866,-0.005964,0.508038,0.647122,0.007249,0.521780,0.675535,0.012857,0.578363,0.576842,-0.002970,0.538872,0.599133,0.004669,0.537194,0.640930,0.009357,0.548826,0.669236,0.009658,0.602283,0.590272,0.011557,0.569406,0.604384,0.015997,0.566576,0.635231,0.019278,0.576450,0.663738,0.021013
354,1695021707.450477,1,21.7226,21.7226,-0.0846,-1.3186,25.4748,477.8750,62.3869,6772.1890,1.2176,160.9306,183.1633,18.1669,32.3907,62.4001,96.8322,0.041084,0.608372,0.802413,-0.000000,0.540749,0.818494,-0.015344,0.480802,0.756181,-0.012273,0.460519,0.675777,-0.000410,0.484276,0.637879,0.011908,0.508189,0.620393,-0.033891,0.460522,0.528761,-0.033570,0.429868,0.479593,-0.034504,0.407997,0.438890,-0.036880,0.546837,0.578197,-0.017851,0.505881,0.593386,-0.004073,0.506546,0.646138,0.011181,0.520903,0.674018,0.017987,0.576849,0.577600,-0.001392,0.536864,0.598968,0.007245,0.535643,0.642174,0.011719,0.547786,0.670072,0.011588,0.601158,0.590073,0.014692,0.567750,0.606021,0.019566,0.565085,0.637659,0.021890,0.575096,0.666053,0.022600
355,1695021707.458810,1,-26.0960,-26.0960,1.7529,1.8375,25.4425,460.2056,81.9372,6693.7247,1.1014,162.4645,182.8682,18.4543,33.0151,62.6351,96.8432,0.040124,0.609772,0.804692,-0.000000,0.540857,0.817114,-0.015269,0.482139,0.754928,-0.010995,0.462255,0.674003,0.003210,0.483720,0.632394,0.018304,0.511297,0.618674,-0.036842,0.461180,0.527582,-0.036881,0.430382,0.479435,-0.039267,0.407421,0.438561,-0.042660,0.550077,0.577911,-0.018594,0.505505,0.590131,-0.001419,0.505718,0.643528,0.014863,0.519054,0.672035,0.021062,0.579175,0.577366,0.000238,0.536261,0.596054,0.012601,0.534430,0.640768,0.017077,0.545690,0.669588,0.015653,0.601813,0.589129,0.018807,0.567431,0.602048,0.026110,0.562770,0.634693,0.028064,0.571014,0.665084,0.027645
356,1695021707.467143,1,31.1094,31.1094,1.2348,-0.5181,25.1878,299.4438,53.0846,4874.5369,1.5065,167.3086,184.2486,19.4437,30.8284,61.2601,96.5678,0.039998,0.609551,0.802960,-0.000000,0.541614,0.816604,-0.014847,0.482362,0.751584,-0.011037,0.462347,0.671211,0.002136,0.483535,0.630712,0.015895,0.509627,0.618956,-0.035817,0.461203,0.529420,-0.038185,0.430914,0.479411,-0.042787,0.409223,0.437193,-0.047581,0.548924,0.577147,-0.018806,0.507339,0.587289,-0.004240,0.507833,0.640655,0.011224,0.521330,0.668954,0.017516,0.579370,0.576406,-0.001410,0.538791,0.593148,0.008928,0.537286,0.637659,0.014171,0.549359,0.665231,0.013821,0.603376,0.588506,0.015650,0.570092,0.602509,0.021658,0.566362,0.635022,0.024503,0.575967,0.662742,0.025105
357,1695021707.475477,1,27.3408,27.3408,12.6559,11.4211,25.3796,1029.5551,60.2171,4011.7935,2.2812,162.1366,181.2273,25.7677,30.0983,58.8165,93.5956,0.037047,0.614379,0.806637,-0.000000,0.544446,0.818834,-0.018307,0.483062,0.751929,-0.015725,0.464590,0.665666,-0.003415,0.488893,0.625241,0.009714,0.514936,0.614724,-0.036306,0.464733,0.527191,-0.035532,0.433737,0.481273,-0.037595,0.410606,0.440782,-0.041344,0.554527,0.574737,-0.018552,0.507475,0.586563,-0.002669,0.506602,0.641213,0.012741,0.520612,0.669985,0.018552,0.582813,0.575750,-0.000635,0.538656,0.593346,0.009925,0.535424,0.638603,0.014939,0.546920,0.667170,0.014210,0.605558,0.589110,0.016554,0.568276,0.600777,0.023008,0.563889,0.633739,0.026191,0.573249,0.664644,0.026722
358,1695021707.483810,1,-22.4436,-22.4436,-11.0416,-23.6974,25.1864,905.2970,53.9189,4587.0023,1.9790,164.2199,183.0461,28.2687,25.4669,55.2661,91.1954,0.035392,0.616646,0.808219,-0.000000,0.546322,0.819084,-0.016065,0.485200,0.752148,-0.012577,0.464490,0.667289,0.000565,0.486873,0.626114,0.014585,0.515009,0.614340,-0.035382,0.465226,0.527840,-0.033280,0.436097,0.482531,-0.034459,0.414486,0.442452,-0.037427,0.554322,0.576183,-0.017055,0.508302,0.586819,0.000852,0.508158,0.640660,0.016434,0.521322,0.671025,0.021929,0.582878,0.577145,0.001961,0.539391,0.593593,0.014373,0.536874,0.638513,0.018482,0.547828,0.668403,0.016771,0.605176,0.589513,0.020708,0.568489,0.599509,0.029320,0.563705,0.632584,0.032339,0.571973,0.664764,0.032403
359,1695021707.492143,1,16.6983,16.6983,10.6986,21.7401,24.6465,820.4131,54.8765,4603.2146,2.7988,157.1451,179.5412,33.9503,22.5041,48.0328,82.5633,0.029870,0.617239,0.808472,-0.000000,0.546879,0.818918,-0.017397,0.484073,0.749400,-0.015168,0.464592,0.662040,-0.003953,0.491459,0.622927,0.008293,0.518846,0.610963,-0.032584,0.466608,0.527182,-0.029817,0.437573,0.484860,-0.029546,0.417386,0.446140,-0.031846,0.558455,0.573712,-0.015860,0.511663,0.583849,-0.001969,0.512439,0.638181,0.011873,0.527239,0.667817,0.017400,0.586705,0.575228,0.001179,0.542944,0.592377,0.010301,0.540799,0.638132,0.014003,0.552884,0.667587,0.012960,0.608987,0.588956,0.017587,0.572517,0.600815,0.023878,0.568789,0.634568,0.026089,0.578302,0.666035,0.026093
360,1695021707.500477,1,-24.3937,-24.3937,-13.8758,-24.5743,24.2182,630.8690,61.5233,5343.0684,2.6262,162.5340,182.1636,36.7354,20.4184,46.3550,83.2346,0.030490,0.615450,0.803036,-0.000000,0.546873,0.815100,-0.018934,0.486334,0.746934,-0.017988,0.467341,0.661907,-0.007742,0.491922,0.623774,0.003082,0.520902,0.612827,-0.036121,0.470626,0.531327,-0.035265,0.440848,0.486665,-0.036798,0.419944,0.447129,-0.040132,0.559970,0.573596,-0.019239,0.515418,0.588090,-0.005415,0.514706,0.642421,0.008369,0.528534,0.672343,0.013578,0.587972,0.573821,-0.002205,0.546124,0.590996,0.006235,0.542565,0.636953,0.009706,0.553340,0.665718,0.008462,0.610738,0.586038,0.014190,0.574668,0.597503,0.020409,0.569589,0.630906,0.023312,0.577930,0.662153,0.023682
361,1695021707.508810,1,20.1950,20.1950,-1.7865,12.0893,22.2370,619.8554,32.1540,4413.6178,2.6199,161.0324,177.7086,44.0948,21.1894,39.8786,75.6327,0.025484,0.617444,0.803000,-0.000000,0.547733,0.814700,-0.017129,0.487360,0.745430,-0.015061,0.468812,0.661063,-0.004172,0.492408,0.621807,0.007294,0.521486,0.612306,-0.033948,0.472112,0.532485,-0.033251,0.442994,0.490103,-0.034354,0.422804,0.451859,-0.037312,0.561011,0.573221,-0.018500,0.516038,0.588747,-0.005518,0.516656,0.642920,0.008181,0.531478,0.670730,0.013580,0.589462,0.572814,-0.002937,0.546163,0.592777,0.004825,0.544257,0.638949,0.008642,0.556402,0.665106,0.007770,0.612382,0.584880,0.011992,0.575094,0.599865,0.017277,0.571762,0.634026,0.019984,0.581727,0.663833,0.020377
362,1695021707.517143,1,17.3052,17.3052,9.9372,11.7237,20.3670,582.1992,5.2712,3644.8677,2.5735,162.2083,173.5989,49.4608,23.2517,33.5159,67.0228,0.020357,0.618651,0.802181,-0.000000,0.548544,0.811066,-0.016685,0.490170,0.742915,-0.014759,0.471114,0.658854,-0.003545,0.493217,0.619859,0.008512,0.524498,0.611508,-0.034346,0.473860,0.535301,-0.032411,0.444150,0.496926,-0.033458,0.424411,0.458720,-0.036876,0.563158,0.575056,-0.018243,0.516524,0.590697,-0.002615,0.516316,0.647754,0.010759,0.530789,0.676917,0.014735,0.590342,0.575420,-0.001706,0.545445,0.591506,0.009024,0.542941,0.640875,0.012635,0.555161,0.669766,0.010378,0.611952,0.587196,0.014237,0.575127,0.599240,0.021479,0.570127,0.634500,0.023858,0.578792,0.666158,0.023309
363,1695021707.525477,1,8.6304,8.6304,-2.0170,-11.9542,16.4938,735.7161,68.2346,3443.7992,3.4093,168.8418,169.8378,54.3093,26.7867,31.0198,62.5129,0.017755,0.620553,0.804523,-0.000000,0.550220,0.811988,-0.011793,0.493000,0.744933,-0.008083,0.472661,0.665165,0.003758,0.489877,0.624147,0.016192,0.525212,0.610071,-0.028139,0.475389,0.535625,-0.023749,0.446126,0.499371,-0.023829,0.426797,0.462479,-0.026587,0.564442,0.573852,-0.013312,0.520442,0.590202,0.005613,0.521055,0.645200,0.019332,0.535605,0.672969,0.023063,0.593630,0.575452,0.002535,0.550630,0.591203,0.016544,0.548102,0.639431,0.020396,0.560158,0.668192,0.017691,0.616446,0.588120,0.018236,0.580906,0.598833,0.028191,0.575469,0.634433,0.031540,0.583829,0.666676,0.031405
364,1695021707.533810,1,11.7305,11.7305,9.0311,11.0480,16.0651,904.2269,4.5605,3588.0958,1.8341,164.4622,170.0052,65.1871,34.9467,24.9913,52.1727,0.012807,0.622310,0.805482,-0.000000,0.553054,0.811034,-0.013810,0.495398,0.746527,-0.012952,0.474634,0.667845,-0.004477,0.492636,0.627997,0.004517,0.529993,0.609990,-0.029453,0.479371,0.540295,-0.025703,0.450215,0.506742,-0.025479,0.431444,0.470746,-0.028321,0.568860,0.574806,-0.015947,0.523482,0.587871,-0.001522,0.523440,0.641271,0.009745,0.538373,0.668312,0.012484,0.597529,0.576058,-0.001448,0.553878,0.587978,0.008881,0.551027,0.635097,0.012739,0.563030,0.663727,0.010762,0.619970,0.588965,0.012598,0.584156,0.595541,0.020066,0.578886,0.629596,0.023234,0.587200,0.660731,0.023358
365,1695021707.542143,1,9.3613,9.3613,-2.7084,-11.7395,4.5444,1067.3719,13.6532,5030.9195,1.9993,159.2407,168.7415,74.8585,41.8839,21.0070,43.9768,0.009591,0.625616,0.806909,-0.000000,0.556770,0.814035,-0.014171,0.497964,0.747170,-0.012810,0.475871,0.666216,-0.003864,0.495573,0.630089,0.005888,0.533308,0.612164,-0.027007,0.484009,0.545943,-0.023909,0.455233,0.513257,-0.024189,0.436831,0.478401,-0.027199,0.571667,0.576313,-0.013818,0.526094,0.590039,0.000258,0.527007,0.642589,0.011441,0.542412,0.667355,0.014467,0.599975,0.575415,-0.000116,0.555966,0.588522,0.008939,0.554065,0.635429,0.012175,0.566816,0.661309,0.010339,0.622380,0.586901,0.013050,0.586094,0.593910,0.019655,0.581895,0.628214,0.022350,0.591321,0.658625,0.022399
366,1695021707.550477,1,-1.4080,-1.4080,-4.6783,-1.9699,6.0819,1360.1168,51.1023,4795.9105,2.4198,164.5849,167.4358,81.7224,48.8456,22.7980,35.9846,0.006280,0.630969,0.810977,-0.000000,0.560726,0.818062,-0.015586,0.500036,0.748198,-0.015493,0.477441,0.663393,-0.008565,0.498044,0.628716,-0.000711,0.536776,0.609768,-0.023417,0.485719,0.547157,-0.018795,0.457060,0.517833,-0.017225,0.439388,0.485101,-0.019162,0.574905,0.575768,-0.010936,0.525680,0.590238,0.000045,0.526376,0.645515,0.009561,0.542558,0.672027,0.012815,0.602940,0.576275,0.001929,0.555915,0.590576,0.008607,0.553601,0.639218,0.012055,0.566744,0.665268,0.011460,0.624880,0.589194,0.013964,0.585646,0.597259,0.019202,0.580980,0.632140,0.022054,0.590400,0.661771,0.022918
367,1695021707.558810,1,7.1786,7.1786,-0.3629,4.3154,4.5009,1168.6008,22.0520,5076.6884,2.1740,163.4398,167.2144,90.3426,56.6660,25.3068,27.4165,0.003856,0.631081,0.811570,-0.000000,0.562285,0.817322,-0.015758,0.503152,0.749492,-0.015476,0.480094,0.666584,-0.007845,0.499498,0.631856,0.000941,0.541642,0.614035,-0.025156,0.491263,0.554711,-0.021542,0.463073,0.526084,-0.021449,0.444769,0.493540,-0.024499,0.578992,0.580201,-0.012428,0.530755,0.590948,-0.000590,0.531473,0.643984,0.008981,0.546500,0.669308,0.011515,0.606109,0.578889,0.000598,0.559711,0.588059,0.007889,0.558022,0.635943,0.010872,0.570966,0.661540,0.009459,0.627368,0.590000,0.012794,0.589519,0.593582,0.017918,0.585399,0.627944,0.020069,0.594792,0.657865,0.020141
368,1695021707.567143,1,0.7227,0.7227,-2.7520,-2.3890,5.0416,1188.0790,30.9456,6061.9495,2.0367,161.4452,163.2548,100.7517,66.1810,32.5330,20.0832,0.001882,0.633658,0.810204,-0.000000,0.563288,0.816916,-0.016228,0.503104,0.747209,-0.017124,0.482603,0.661352,-0.011539,0.505828,0.628378,-0.004837,0.545315,0.613010,-0.022036,0.493870,0.557367,-0.017994,0.465723,0.532590,-0.016510,0.448392,0.504044,-0.018524,0.582589,0.579566,-0.010609,0.534771,0.586414,-0.002098,0.535767,0.637727,0.006093,0.551329,0.663147,0.009126,0.609768,0.578333,0.000920,0.564682,0.587099,0.004320,0.562891,0.634029,0.006573,0.576069,0.659441,0.006214,0.630991,0.589242,0.011611,0.593529,0.594197,0.013861,0.590545,0.628052,0.015551,0.600901,0.656015,0.016247
369,1695021707.575477,1,-10.1125,-10.1125,-4.8684,-2.1165,6.8897,1156.1435,42.4390,6639.9122,2.3685,164.3403,161.0716,108.8606,74.4286,40.1304,14.0574,0.000562,0.633963,0.816490,-0.000000,0.565937,0.820516,-0.016327,0.506120,0.751083,-0.015536,0.482691,0.668268,-0.007526,0.504010,0.639678,0.001376,0.550227,0.615752,-0.022866,0.496540,0.562607,-0.014184,0.468494,0.540857,-0.009486,0.450548,0.513849,-0.009686,0.586591,0.582440,-0.009447,0.535757,0.593833,0.002180,0.536378,0.646651,0.011075,0.550978,0.673358,0.014025,0.612365,0.580900,0.004781,0.564380,0.596184,0.011578,0.562845,0.644201,0.012957,0.575322,0.670504,0.011174,0.631849,0.590882,0.018346,0.592878,0.598700,0.022976,0.589564,0.633697,0.023919,0.599668,0.662633,0.023502
370,1695021707.583810,1,-14.8466,-14.8466,-3.3596,1.5088,7.8552,2608.7344,24.7405,7637.8297,2.3850,167.3935,162.8071,114.4072,78.4913,43.2412,9.3319,0.000106,0.637964,0.815754,-0.000000,0.568093,0.823018,-0.018572,0.508246,0.751450,-0.018712,0.486047,0.664865,-0.010955,0.508361,0.635340,-0.001884,0.552612,0.619418,-0.024419,0.498238,0.563865,-0.015106,0.471286,0.543009,-0.008718,0.455650,0.518169,-0.007671,0.588905,0.586388,-0.009525,0.536270,0.593232,0.002738,0.535536,0.647114,0.012490,0.549927,0.675772,0.016073,0.614019,0.584009,0.005955,0.564718,0.595467,0.012727,0.562346,0.643911,0.013980,0.574585,0.671461,0.012203,0.632904,0.592411,0.020713,0.592395,0.600127,0.024792,0.589052,0.634147,0.024991,0.598868,0.662588,0.024157
371,1695021707.592143,1,10.8212,10.8212,0.9106,4.2703,9.8393,3063.8208,17.0233,7047.2774,2.7890,160.3519,162.4430,122.9034,88.3535,54.1501,13.8853,0.000000,0.639959,0.821606,-0.000000,0.571484,0.827321,-0.018557,0.513095,0.757919,-0.018053,0.489185,0.675838,-0.009163,0.506449,0.644832,0.001212,0.560141,0.623389,-0.026698,0.504828,0.571117,-0.017886,0.476676,0.552349,-0.012459,0.459068,0.528386,-0.012009,0.595376,0.591066,-0.011339,0.539943,0.598063,0.001526,0.538574,0.652253,0.011347,0.552369,0.680448,0.014297,0.618647,0.588233,0.004759,0.566296,0.598302,0.012535,0.564049,0.647239,0.014340,0.576226,0.675276,0.012369,0.635608,0.596581,0.020089,0.593806,0.600729,0.025047,0.589346,0.634883,0.025718,0.598059,0.665335,0.024854
372,1695021707.600477,1,15.5238,15.5238,3.7003,2.7896,11.6653,3318.4926,10.6723,4515.8000,2.2085,158.0718,159.0839,129.8192,95.7772,61.9477,20.9083,0.000000,0.641668,0.825353,-0.000000,0.573870,0.830758,-0.016067,0.515813,0.763446,-0.016780,0.491965,0.682819,-0.010992,0.505961,0.650195,-0.003956,0.560274,0.628783,-0.022521,0.506441,0.577151,-0.014869,0.479059,0.560444,-0.010172,0.460803,0.539906,-0.010133,0.595589,0.594570,-0.010082,0.543210,0.593107,-0.000406,0.541198,0.641734,0.007722,0.553156,0.670408,0.010368,0.620536,0.590868,0.003190,0.570945,0.596179,0.008382,0.567166,0.639537,0.010934,0.577125,0.668878,0.010337,0.638433,0.599876,0.015796,0.599509,0.600187,0.019284,0.593427,0.630298,0.020998,0.599453,0.659607,0.021420
373,1695021707.608810,1,-18.6016,-18.6016,-2.1223,-5.8226,13.9105,1129.6201,24.1402,3836.6146,2.6596,155.6659,157.0534,137.0694,103.3004,69.8269,29.3073,0.000000,0.643820,0.830447,-0.000000,0.575889,0.835262,-0.019366,0.517188,0.765877,-0.020965,0.493451,0.681793,-0.014946,0.510985,0.647756,-0.007416,0.567529,0.628880,-0.025279,0.508655,0.580021,-0.015488,0.480494,0.567283,-0.008370,0.463954,0.548326,-0.006872,0.602290,0.596962,-0.010569,0.542777,0.599330,-0.000156,0.541758,0.651790,0.008586,0.556400,0.679398,0.011545,0.624685,0.594820,0.004993,0.569350,0.604079,0.010511,0.566908,0.650941,0.012905,0.579297,0.678668,0.012036,0.639962,0.604534,0.019760,0.596446,0.607299,0.022919,0.591719,0.641443,0.024037,0.600235,0.670960,0.023967
374,1695021707.617143,0,-25.1741,-25.1741,-2.5819,-0.4596,16.4311,1089.8251,44.8248,3148.1757,2.3513,169.6590,157.1442,141.6025,107.1420,72.7605,31.3057,0.000000,0.643749,0.837182,-0.000000,0.577744,0.838096,-0.017188,0.520932,0.770033,-0.018964,0.495145,0.691101,-0.013917,0.505553,0.657252,-0.007463,0.565913,0.632574,-0.023393,0.508570,0.581033,-0.012215,0.481201,0.569601,-0.003783,0.464536,0.553802,-0.001276,0.600940,0.599255,-0.009442,0.543634,0.596579,0.002524,0.541801,0.645606,0.011665,0.554719,0.674848,0.014688,0.625265,0.597375,0.005753,0.571434,0.604419,0.013084,0.568104,0.648617,0.015795,0.578504,0.678748,0.014762,0.641693,0.608071,0.020369,0.600287,0.608717,0.025033,0.594033,0.640586,0.026587,0.599581,0.670977,0.026599
375,1695021707.625477,0,37.7353,37.7353,6.7285,9.3104,23.1488,1478.2075,30.1066,5431.5285,1.6668,133.0548,152.7431,157.1664,123.9970,90.2719,49.4874,0.000000,0.646117,0.841765,-0.000000,0.579252,0.839102,-0.018994,0.521917,0.772605,-0.021448,0.494277,0.695073,-0.016263,0.506120,0.662344,-0.008777,0.570710,0.631478,-0.028062,0.510359,0.585407,-0.011042,0.483524,0.584374,0.005417,0.466908,0.578742,0.013146,0.603845,0.600417,-0.011916,0.543529,0.601531,0.000498,0.542484,0.649173,0.010961,0.554224,0.678545,0.015005,0.626507,0.598539,0.006512,0.569666,0.606607,0.014128,0.566904,0.650109,0.017089,0.575890,0.684186,0.016214,0.640894,0.609723,0.024521,0.597762,0.610851,0.027481,0.590299,0.641807,0.027495,0.592850,0.672148,0.026781
376,1695021707.633810,0,,,0.0000,0.0000,0.0000,0.0000,18.2104,5575.8714,1.0369,20.8997,163.3047,187.7560,152.9769,117.4953,74.0667,0.000000,0.646140,0.848654,-0.000001,0.578306,0.841352,-0.012826,0.523584,0.777122,-0.014700,0.496892,0.702427,-0.010918,0.505759,0.666641,-0.004864,0.569579,0.632351,-0.021640,0.516954,0.594899,-0.003925,0.495438,0.605494,0.013483,0.480986,0.611536,0.022386,0.602642,0.601783,-0.009507,0.544253,0.598081,0.003832,0.539198,0.643082,0.014382,0.545460,0.673224,0.018621,0.626819,0.600154,0.005439,0.571064,0.603881,0.014423,0.564921,0.642598,0.019417,0.569236,0.675221,0.019843,0.642611,0.614039,0.020321,0.601609,0.610738,0.024930,0.590503,0.636354,0.027402,0.587820,0.664613,0.028481
377,1695021707.642143,0,,,0.0000,0.0000,0.0000,0.0000,6.9559,6964.6944,0.7941,22.0633,170.6072,217.4680,183.0287,147.4247,104.2091,0.000000,0.649562,0.851014,-0.000001,0.578861,0.840362,-0.014781,0.525951,0.776554,-0.018700,0.498751,0.704003,-0.016236,0.505776,0.667014,-0.010909,0.572738,0.633302,-0.030948,0.513025,0.599528,-0.014659,0.496619,0.629030,0.004603,0.491714,0.648901,0.015435,0.605109,0.602234,-0.017545,0.542247,0.604156,-0.006556,0.538497,0.653342,0.004352,0.547700,0.682347,0.008800,0.628254,0.599975,-0.000698,0.569254,0.606567,0.005940,0.564609,0.650061,0.010860,0.572617,0.686944,0.011437,0.642284,0.613542,0.016267,0.599256,0.614817,0.017717,0.590571,0.645527,0.019040,0.592011,0.675287,0.019996
378,1695021707.650477,0,,,0.0000,0.0000,0.0000,0.0000,6.9607,7674.8331,1.3290,55.4745,183.5439,234.4763,199.8783,163.8192,119.6322,0.000000,0.648228,0.847727,-0.000001,0.577959,0.839743,-0.017490,0.524531,0.776010,-0.022855,0.497890,0.698874,-0.021327,0.509521,0.664335,-0.016599,0.575032,0.636828,-0.033487,0.514837,0.600641,-0.018546,0.502288,0.637963,0.000258,0.501631,0.664265,0.010913,0.606358,0.605916,-0.018743,0.542756,0.599816,-0.009119,0.538350,0.649525,0.001535,0.547733,0.679650,0.005916,0.628783,0.601085,-0.000809,0.568782,0.600452,0.005056,0.562567,0.644320,0.009753,0.570508,0.682795,0.010255,0.643161,0.611955,0.017026,0.598154,0.609567,0.017974,0.588233,0.639828,0.018680,0.589946,0.668356,0.019055
379,1695021707.658810,0,,,0.0000,0.0000,0.0000,0.0000,34.6309,5467.1664,0.7122,21.5139,177.0711,219.3419,184.8010,149.1894,105.6291,0.000000,0.647723,0.851169,-0.000001,0.579601,0.842267,-0.013501,0.526740,0.779123,-0.015459,0.499823,0.701431,-0.010805,0.511536,0.667381,-0.003384,0.575758,0.640429,-0.026577,0.519699,0.597258,-0.007063,0.502625,0.623481,0.013851,0.495792,0.646614,0.025601,0.607323,0.609149,-0.012127,0.546006,0.601244,0.003184,0.539941,0.646811,0.015187,0.546616,0.679174,0.019764,0.629650,0.605265,0.005790,0.571022,0.605290,0.016804,0.563734,0.644395,0.021520,0.568897,0.681767,0.020998,0.643780,0.616279,0.023954,0.599523,0.613554,0.029040,0.588196,0.640886,0.030406,0.587754,0.669809,0.030383
380,1695021707.667143,0,,,0.0000,0.0000,0.0000,0.0000,29.3827,6288.6228,0.6091,18.6806,170.8624,205.2885,170.5561,135.2005,92.1308,0.000000,0.648479,0.851957,-0.000001,0.580798,0.843568,-0.015924,0.526817,0.778742,-0.019602,0.500807,0.699898,-0.016188,0.513197,0.664292,-0.009810,0.579627,0.641086,-0.030912,0.521137,0.595612,-0.013574,0.500184,0.614656,0.006626,0.488864,0.631617,0.017930,0.610197,0.608677,-0.016066,0.545319,0.599715,-0.003992,0.540498,0.646017,0.007939,0.547955,0.677332,0.013140,0.631184,0.603325,0.002035,0.569079,0.605033,0.010088,0.563233,0.645187,0.015370,0.568802,0.680608,0.015901,0.644016,0.613721,0.020099,0.597682,0.612691,0.022624,0.587436,0.641217,0.023587,0.586784,0.670037,0.023750
381,1695021707.675477,0,,,0.0000,0.0000,0.0000,0.0000,19.3059,5685.7762,0.6874,20.7616,171.0100,199.8004,164.9191,129.5316,86.3627,0.000000,0.648273,0.850169,-0.000001,0.580956,0.843609,-0.018522,0.527269,0.777901,-0.022580,0.501311,0.698608,-0.018757,0.514133,0.663090,-0.012017,0.584413,0.641215,-0.033966,0.524853,0.594476,-0.016678,0.501948,0.608007,0.003165,0.488177,0.620446,0.013996,0.614824,0.609498,-0.018121,0.549202,0.597716,-0.006267,0.544044,0.642270,0.005499,0.551388,0.672682,0.010565,0.634263,0.604553,0.000804,0.571755,0.603804,0.008158,0.565973,0.644482,0.012839,0.571627,0.678629,0.013085,0.644859,0.614891,0.019536,0.598460,0.611938,0.021113,0.588014,0.641133,0.021380,0.587062,0.669389,0.021049
382,1695021707.683810,0,,,0.0000,0.0000,0.0000,0.0000,15.5732,5447.9424,0.7042,19.5934,168.6691,188.2345,153.0870,117.6905,74.8996,0.000000,0.648669,0.853635,-0.000001,0.581301,0.842835,-0.016941,0.529342,0.776416,-0.019993,0.503750,0.699810,-0.015603,0.512584,0.663512,-0.008429,0.584718,0.639494,-0.030373,0.526266,0.592406,-0.012054,0.501855,0.600339,0.007804,0.484788,0.606741,0.018715,0.615809,0.608535,-0.014873,0.550520,0.597072,-0.001761,0.543498,0.640730,0.010242,0.548215,0.672005,0.015674,0.635855,0.604879,0.003736,0.573061,0.605109,0.012444,0.565981,0.644205,0.017486,0.569331,0.677467,0.018063,0.646358,0.616579,0.022200,0.600665,0.613243,0.025422,0.588730,0.640876,0.026609,0.585241,0.669537,0.027001
383,1695021707.692143,0,,,0.0000,0.0000,0.0000,0.0000,28.2435,4952.3992,0.6738,28.5602,172.4910,181.0869,144.1919,107.7313,64.0649,0.000000,0.647936,0.852413,-0.000000,0.581948,0.845004,-0.019942,0.529399,0.776971,-0.023865,0.503890,0.696094,-0.019769,0.512478,0.658382,-0.012788,0.588702,0.643234,-0.032392,0.529636,0.589575,-0.016671,0.504187,0.591301,0.000839,0.485204,0.592013,0.010242,0.618796,0.611356,-0.015820,0.551725,0.592647,-0.004975,0.541456,0.633622,0.006126,0.543785,0.664881,0.011419,0.636870,0.605527,0.003307,0.572584,0.600539,0.009728,0.561749,0.636980,0.014305,0.562293,0.668711,0.015298,0.645669,0.614773,0.021977,0.598268,0.610221,0.023328,0.583892,0.635817,0.023656,0.578499,0.662852,0.023810
384,1695021707.700477,0,,,0.0000,0.0000,0.0000,0.0000,47.0551,5428.9382,1.0000,43.4738,172.3275,170.6041,134.0156,97.7951,54.8365,0.000000,0.645722,0.847620,-0.000000,0.580816,0.841012,-0.023294,0.528166,0.770836,-0.029051,0.503805,0.685991,-0.026002,0.518306,0.653915,-0.020081,0.593176,0.643174,-0.039570,0.528927,0.583254,-0.027232,0.500708,0.580889,-0.011425,0.482564,0.579542,-0.003204,0.622762,0.611772,-0.022372,0.551913,0.591302,-0.015205,0.545347,0.635775,-0.004249,0.553859,0.666778,0.001232,0.638808,0.605636,-0.002912,0.572191,0.599106,-0.000398,0.564164,0.639006,0.003965,0.570100,0.671068,0.005356,0.645929,0.613667,0.015940,0.597100,0.606410,0.014036,0.585913,0.635372,0.013563,0.586014,0.662942,0.013395
385,1695021707.708810,0,,,0.0000,0.0000,0.0000,0.0000,34.6696,4794.8963,1.5389,61.9722,175.8105,163.0982,125.9087,89.4420,46.6168,0.000000,0.647619,0.844350,-0.000000,0.582365,0.841742,-0.024151,0.528352,0.771479,-0.030474,0.504657,0.686319,-0.028343,0.515937,0.649005,-0.023443,0.594119,0.643575,-0.039106,0.528605,0.577873,-0.031063,0.499737,0.571259,-0.018867,0.482742,0.566533,-0.012740,0.623887,0.611666,-0.022718,0.551683,0.592555,-0.019968,0.546357,0.641147,-0.010848,0.557850,0.671728,-0.005937,0.639068,0.604897,-0.004769,0.571536,0.600205,-0.006458,0.565131,0.644194,-0.002366,0.573620,0.674412,-0.000332,0.645056,0.611707,0.012381,0.595574,0.605612,0.007262,0.585275,0.637852,0.006334,0.586563,0.665021,0.006384
386,1695021707.717143,0,,,0.0000,0.0000,0.0000,0.0000,30.6867,4863.2821,2.4006,85.6597,176.6594,154.2288,116.3403,79.4487,36.8645,0.000000,0.648786,0.845163,-0.000000,0.583743,0.842342,-0.026784,0.528683,0.769274,-0.032653,0.504872,0.683109,-0.028695,0.516951,0.647916,-0.022044,0.594410,0.645408,-0.043115,0.530415,0.571332,-0.036402,0.499989,0.560122,-0.026164,0.480823,0.552143,-0.021387,0.625386,0.611987,-0.024568,0.553232,0.593793,-0.019675,0.547368,0.645824,-0.009270,0.558719,0.678092,-0.004350,0.640349,0.604347,-0.004931,0.572891,0.601875,-0.004501,0.567405,0.648401,-0.000469,0.576518,0.679260,0.000637,0.645941,0.610284,0.013641,0.595640,0.608636,0.010574,0.586797,0.642377,0.009649,0.589858,0.671087,0.008988
387,1695021707.725477,0,-4.1757,-4.1757,-4.9249,0.0000,23.0499,191.5252,30.5680,5911.2946,1.6540,134.5185,179.6728,136.2509,98.0890,61.6266,20.3694,0.000000,0.649320,0.843224,-0.000000,0.583235,0.840124,-0.028831,0.527139,0.766479,-0.035703,0.504612,0.677444,-0.032653,0.519602,0.642643,-0.027256,0.594081,0.646101,-0.045824,0.527294,0.564458,-0.043375,0.494539,0.544296,-0.036674,0.474239,0.528860,-0.034112,0.625990,0.611933,-0.027457,0.552463,0.600731,-0.026481,0.547729,0.656061,-0.017241,0.561120,0.688518,-0.012533,0.641112,0.602888,-0.008615,0.572978,0.605686,-0.011286,0.569339,0.654783,-0.007156,0.580750,0.685135,-0.005326,0.647157,0.607184,0.008812,0.596054,0.608333,0.003758,0.589277,0.644557,0.002828,0.594946,0.674448,0.002674
388,1695021707.733810,0,25.4541,25.4541,11.0139,15.9388,24.5871,332.7642,46.0202,5350.7090,1.5587,161.0015,178.0073,121.2186,82.9158,46.8578,8.3867,0.000000,0.650773,0.838684,-0.000000,0.584171,0.837432,-0.030153,0.528554,0.765512,-0.038467,0.506637,0.679308,-0.036587,0.517957,0.648406,-0.032591,0.596526,0.645772,-0.051234,0.526781,0.559322,-0.054219,0.490953,0.531795,-0.051901,0.467906,0.510928,-0.051782,0.628518,0.611254,-0.032856,0.553969,0.600711,-0.035845,0.548478,0.655058,-0.026902,0.561766,0.686411,-0.021835,0.642381,0.601522,-0.014361,0.573360,0.601678,-0.020555,0.569065,0.648145,-0.015870,0.580539,0.677212,-0.012811,0.647079,0.604453,0.002702,0.594639,0.602798,-0.004836,0.587794,0.637045,-0.005083,0.593878,0.666209,-0.004094
389,1695021707.742143,0,25.5846,25.5846,12.6897,1.6758,23.1143,459.3615,28.4300,5907.6418,1.9789,161.3781,182.8630,115.7731,76.3952,39.9646,13.6131,0.000000,0.647620,0.838107,-0.000000,0.582624,0.836012,-0.032010,0.526549,0.764173,-0.041520,0.505755,0.673880,-0.040291,0.520625,0.636880,-0.036824,0.595777,0.644488,-0.054612,0.528431,0.555446,-0.058614,0.492934,0.525165,-0.057225,0.468561,0.500715,-0.057975,0.628261,0.608782,-0.035355,0.553602,0.599092,-0.038720,0.548397,0.654367,-0.029173,0.562027,0.685586,-0.023816,0.641990,0.598521,-0.016141,0.572999,0.600308,-0.022662,0.568844,0.647044,-0.017336,0.580573,0.675893,-0.013891,0.646885,0.601134,0.001468,0.594638,0.600402,-0.006190,0.587628,0.634362,-0.006141,0.593789,0.663634,-0.004993
390,1695021707.750477,0,23.0044,23.0044,-3.6827,-16.3724,13.8377,1351.6332,24.5105,5809.3338,2.7893,168.5378,192.3170,110.7370,69.0773,32.9619,23.1821,0.000186,0.648426,0.839862,-0.000000,0.582309,0.837268,-0.030470,0.525013,0.762286,-0.036977,0.504642,0.670624,-0.032575,0.521251,0.633039,-0.026029,0.591727,0.644246,-0.052558,0.526593,0.546897,-0.054751,0.493030,0.511549,-0.051563,0.469920,0.484646,-0.050966,0.625636,0.607221,-0.033021,0.552485,0.598876,-0.034275,0.546550,0.656577,-0.023396,0.558963,0.690745,-0.017070,0.640540,0.596034,-0.013479,0.572284,0.601171,-0.018516,0.567686,0.650564,-0.013670,0.578009,0.680564,-0.010688,0.646174,0.597926,0.004631,0.594130,0.602429,-0.001829,0.587097,0.638235,-0.002205,0.592554,0.668602,-0.001523
391,1695021707.758810,0,-24.7469,-24.7469,-5.1428,-1.4601,20.2700,1644.3935,2.1499,5781.6783,2.1614,165.8511,198.6279,104.7842,62.9136,28.0355,28.9471,0.000661,0.645379,0.839275,-0.000000,0.580716,0.835414,-0.031449,0.524098,0.761238,-0.039884,0.503411,0.665980,-0.037359,0.523283,0.624530,-0.032562,0.591548,0.641674,-0.054430,0.527387,0.542295,-0.055951,0.493866,0.505543,-0.051826,0.470041,0.475139,-0.050638,0.623960,0.605079,-0.033865,0.551709,0.591811,-0.034147,0.547697,0.649651,-0.022017,0.561300,0.683004,-0.014745,0.638216,0.594509,-0.013086,0.570908,0.598756,-0.017225,0.567488,0.649071,-0.011540,0.579272,0.677447,-0.007968,0.643505,0.595466,0.006331,0.592883,0.596518,0.001497,0.586776,0.632998,0.002106,0.593626,0.661902,0.003294
392,1695021707.767143,0,25.0335,25.0335,-0.1051,5.0377,19.8282,1357.1946,1.9372,6876.1294,2.5926,161.7508,204.7374,106.3829,63.7777,29.6625,34.1484,0.000780,0.646526,0.838657,-0.000000,0.580932,0.834575,-0.033625,0.524132,0.757454,-0.040938,0.503559,0.663468,-0.035966,0.522734,0.623396,-0.028550,0.590470,0.640976,-0.057405,0.528944,0.541246,-0.057574,0.497282,0.503734,-0.052649,0.474075,0.470947,-0.051299,0.623370,0.604234,-0.034936,0.549472,0.594950,-0.033591,0.545619,0.653112,-0.020411,0.560166,0.686291,-0.012875,0.637180,0.593792,-0.012392,0.568486,0.599790,-0.015285,0.565640,0.650953,-0.009831,0.577627,0.678577,-0.006919,0.642215,0.595318,0.008577,0.591086,0.600160,0.004284,0.584859,0.636298,0.003998,0.591080,0.664790,0.004126
393,1695021707.775477,0,28.7434,28.7434,0.7897,0.8948,20.2193,1078.6817,45.3427,6008.8038,2.6357,159.9190,202.2395,101.9217,58.8662,25.8949,35.5696,0.001573,0.645223,0.834359,-0.000000,0.579432,0.830412,-0.034735,0.523340,0.754775,-0.042556,0.503308,0.661166,-0.037733,0.522602,0.619057,-0.030394,0.590436,0.637662,-0.059640,0.529045,0.537889,-0.061011,0.496607,0.499457,-0.057016,0.472022,0.466124,-0.056043,0.623285,0.600663,-0.036485,0.549640,0.593703,-0.035500,0.545210,0.652439,-0.022167,0.559156,0.685939,-0.014509,0.636768,0.590116,-0.013348,0.568454,0.597907,-0.016529,0.565126,0.649407,-0.011162,0.576688,0.677564,-0.008184,0.641592,0.591375,0.008169,0.591091,0.596596,0.003900,0.584463,0.632608,0.003830,0.590449,0.661496,0.004185
394,1695021707.783810,0,35.0022,35.0022,2.9994,2.2097,21.4688,841.3710,20.9350,5368.4705,2.5534,155.7932,206.9482,98.0207,55.7396,24.7339,37.7399,0.002111,0.644332,0.830835,-0.000000,0.578701,0.829067,-0.033980,0.522859,0.756452,-0.043752,0.501722,0.661302,-0.042375,0.521034,0.618531,-0.038666,0.589474,0.637707,-0.055415,0.528268,0.535983,-0.059439,0.495968,0.494080,-0.058302,0.471700,0.457587,-0.059401,0.622750,0.600589,-0.034340,0.549133,0.585975,-0.037151,0.544458,0.641032,-0.026416,0.558306,0.673709,-0.019862,0.637165,0.589908,-0.013559,0.568725,0.589545,-0.019706,0.564410,0.637262,-0.013684,0.576433,0.666326,-0.009305,0.642447,0.591214,0.005449,0.590912,0.588801,-0.001377,0.583009,0.622743,-0.001157,0.589442,0.651233,0.000227
395,1695021707.792143,0,-39.8778,-39.8778,-3.7827,-6.7822,30.8674,719.3360,40.5601,4925.0518,2.3900,154.8650,206.8613,90.8553,48.7908,20.2535,42.3306,0.003729,0.643929,0.829089,-0.000000,0.578005,0.829412,-0.034933,0.521600,0.755254,-0.043732,0.501709,0.659378,-0.040592,0.519814,0.617981,-0.035098,0.588558,0.635941,-0.059423,0.525669,0.531944,-0.064589,0.492709,0.488633,-0.063693,0.468208,0.451698,-0.064351,0.622227,0.598260,-0.037164,0.548768,0.588222,-0.040341,0.543751,0.643995,-0.028704,0.557847,0.676448,-0.021100,0.636289,0.587974,-0.015260,0.568618,0.591812,-0.022590,0.563825,0.639478,-0.017657,0.575781,0.668084,-0.013401,0.641525,0.588971,0.005062,0.590402,0.590021,-0.002314,0.582775,0.623794,-0.002489,0.589347,0.652456,-0.001051
396,1695021707.800477,0,44.8365,44.8365,4.9507,8.7335,30.0706,630.1594,76.7155,5233.5593,2.2354,152.8441,206.2410,87.8408,45.6949,18.8967,45.6376,0.005020,0.642712,0.824998,-0.000000,0.576652,0.828236,-0.036945,0.520170,0.755178,-0.047904,0.500411,0.656102,-0.046704,0.519490,0.610856,-0.043115,0.590554,0.637177,-0.064199,0.525105,0.530062,-0.071522,0.491141,0.486430,-0.071568,0.466463,0.449781,-0.072769,0.622999,0.597743,-0.041495,0.546631,0.592396,-0.047296,0.543872,0.649495,-0.035623,0.560019,0.680209,-0.027713,0.635195,0.585829,-0.019212,0.565437,0.594766,-0.028127,0.562330,0.644102,-0.022043,0.576029,0.671526,-0.016880,0.638385,0.585106,0.001257,0.587215,0.590348,-0.007742,0.580775,0.626015,-0.007979,0.588647,0.653275,-0.006351
397,1695021707.808810,0,-43.5205,-43.5205,-18.0660,-23.0167,38.5203,3185.1441,16.9737,4628.7158,1.7095,160.7168,211.4498,82.6089,41.1548,22.2369,53.1022,0.007638,0.641552,0.822685,-0.000000,0.576047,0.825605,-0.037987,0.520336,0.752375,-0.048296,0.499240,0.657911,-0.045448,0.517226,0.611896,-0.040000,0.584870,0.633470,-0.063861,0.520954,0.524512,-0.068403,0.488684,0.477743,-0.067541,0.465568,0.436610,-0.068556,0.618753,0.596852,-0.038782,0.543314,0.588590,-0.039783,0.540601,0.647114,-0.026448,0.556864,0.679609,-0.018253,0.632486,0.586738,-0.014120,0.563126,0.591099,-0.018569,0.560707,0.642681,-0.012392,0.574249,0.670395,-0.008247,0.637949,0.586214,0.008666,0.587637,0.588654,0.002963,0.580872,0.625090,0.002877,0.587506,0.653615,0.003834
398,1695021707.817143,0,-43.9264,-43.9264,-19.7321,-1.6662,40.4927,3004.5432,5.3944,4975.2854,1.7205,163.3380,210.6224,80.6441,38.7875,22.8633,54.5517,0.008569,0.642013,0.820838,-0.000000,0.576109,0.826534,-0.037109,0.520038,0.754262,-0.047450,0.498520,0.658270,-0.045171,0.516237,0.610754,-0.040456,0.582740,0.631653,-0.062140,0.518620,0.521363,-0.067590,0.486198,0.474095,-0.067306,0.463316,0.433487,-0.068434,0.617002,0.593929,-0.037735,0.543061,0.589248,-0.040039,0.539962,0.647991,-0.027307,0.555987,0.681129,-0.019008,0.631592,0.584076,-0.013822,0.564040,0.593122,-0.019514,0.560640,0.643639,-0.013863,0.573863,0.672285,-0.009508,0.637857,0.584461,0.008301,0.588571,0.589547,0.001577,0.581352,0.625506,0.001098,0.588103,0.654115,0.002287
399,1695021707.825477,0,35.8835,35.8835,18.9403,38.6725,40.6874,2730.2496,67.5690,5358.2505,2.1517,164.6512,211.4231,77.8497,36.4453,24.7061,58.2669,0.010113,0.642527,0.825054,-0.000000,0.575289,0.830163,-0.035779,0.517709,0.753463,-0.042685,0.498961,0.657057,-0.036777,0.517480,0.611153,-0.028683,0.580428,0.629721,-0.059185,0.518168,0.520850,-0.063081,0.485969,0.472518,-0.062434,0.463003,0.432091,-0.063508,0.615622,0.592964,-0.034941,0.543732,0.590789,-0.034749,0.538723,0.650963,-0.021865,0.552506,0.686354,-0.014068,0.630647,0.584387,-0.011205,0.564469,0.595819,-0.015500,0.560540,0.646631,-0.010598,0.571609,0.677214,-0.007264,0.637185,0.586468,0.010831,0.587733,0.595563,0.004847,0.581199,0.631382,0.004415,0.586982,0.661474,0.005364
400,1695021707.833810,0,-42.4285,-42.4285,-21.8163,-40.7566,41.0815,2562.1492,43.7030,4848.6965,1.5285,163.0702,212.3295,71.4936,30.7095,29.1576,65.7654,0.014152,0.641743,0.820785,-0.000000,0.574800,0.827223,-0.034922,0.515319,0.753351,-0.043098,0.495313,0.655887,-0.039331,0.515274,0.610655,-0.033476,0.580248,0.630086,-0.058911,0.516624,0.519951,-0.065966,0.483449,0.468904,-0.067415,0.458876,0.425692,-0.069628,0.614342,0.590747,-0.036020,0.542972,0.592805,-0.039571,0.540240,0.653018,-0.027312,0.556100,0.686510,-0.019073,0.628627,0.579948,-0.013798,0.563562,0.596771,-0.020491,0.560109,0.647023,-0.014630,0.572798,0.676017,-0.009869,0.635060,0.580598,0.006620,0.586743,0.592732,-0.000055,0.580671,0.629057,0.000389,0.587918,0.658072,0.002349
401,1695021707.842143,0,42.7677,42.7677,21.5721,43.3883,40.5356,2238.6211,3.5128,4930.9460,1.8237,162.6026,212.5593,69.0346,28.0454,30.2839,68.1136,0.015686,0.640728,0.818139,-0.000000,0.572551,0.825279,-0.035766,0.514453,0.749314,-0.041448,0.495742,0.653933,-0.033175,0.515611,0.611101,-0.022429,0.575676,0.627680,-0.062655,0.514787,0.517697,-0.067339,0.482560,0.466861,-0.067697,0.457708,0.422556,-0.069230,0.610148,0.589776,-0.036300,0.540685,0.592116,-0.033846,0.538353,0.654584,-0.018936,0.553577,0.688620,-0.010191,0.624368,0.579093,-0.010343,0.560276,0.595243,-0.012115,0.557976,0.649374,-0.006938,0.570239,0.678970,-0.003980,0.630952,0.578133,0.014022,0.583224,0.591937,0.010920,0.578258,0.630275,0.011078,0.584952,0.660361,0.011835
402,1695021707.850477,0,-51.2845,-51.2845,-1.8395,-23.4116,41.9061,625.6415,44.9417,4902.1640,1.8797,161.7693,213.3020,65.3355,25.9104,32.5107,70.3588,0.017499,0.638372,0.819461,-0.000000,0.571961,0.823611,-0.033871,0.513918,0.751784,-0.041505,0.494285,0.655149,-0.036993,0.512914,0.607601,-0.030574,0.574880,0.628787,-0.061355,0.513147,0.516473,-0.069663,0.480682,0.462680,-0.071601,0.455673,0.418058,-0.073733,0.610183,0.588002,-0.038556,0.540129,0.589094,-0.041463,0.536211,0.649774,-0.028207,0.550208,0.684869,-0.019512,0.625606,0.577363,-0.016251,0.561167,0.594155,-0.023184,0.557563,0.645172,-0.017365,0.569098,0.676403,-0.012588,0.632683,0.579031,0.004571,0.583891,0.592033,-0.002530,0.577797,0.628777,-0.001954,0.584158,0.659869,0.000215
403,1695021707.858810,0,-47.4482,-47.4482,-20.8329,-18.9934,42.4660,1963.8247,29.0924,4940.2605,2.2378,161.4190,214.6529,66.5496,28.1411,34.2153,70.6593,0.017344,0.639586,0.814587,-0.000000,0.571427,0.822050,-0.033245,0.512854,0.751400,-0.041587,0.492401,0.658190,-0.038992,0.511146,0.614166,-0.034594,0.571963,0.625098,-0.055991,0.511673,0.514914,-0.065075,0.479393,0.460011,-0.068521,0.454799,0.415122,-0.071893,0.608055,0.584664,-0.035303,0.539302,0.589864,-0.040930,0.534379,0.651201,-0.030051,0.549012,0.687237,-0.022210,0.624842,0.575370,-0.015443,0.561461,0.591809,-0.024172,0.556891,0.641775,-0.018295,0.569545,0.672733,-0.012741,0.632921,0.578998,0.002680,0.584358,0.588802,-0.005391,0.577488,0.624505,-0.004267,0.585240,0.654629,-0.001131
404,1695021707.867143,0,54.6131,54.6131,24.2604,45.0933,47.1380,1633.2180,20.8591,4346.0100,2.5129,162.6566,217.0444,63.0526,27.4618,39.7162,76.4149,0.020554,0.636685,0.810098,-0.000000,0.570165,0.820216,-0.034244,0.512302,0.751054,-0.043852,0.490942,0.656289,-0.041790,0.508215,0.607504,-0.037722,0.569290,0.624066,-0.059465,0.509169,0.510691,-0.067840,0.476767,0.455897,-0.070658,0.452496,0.410435,-0.073666,0.605865,0.583271,-0.036863,0.536537,0.588582,-0.040771,0.533072,0.650819,-0.028164,0.548838,0.686231,-0.019515,0.622401,0.574810,-0.014878,0.558569,0.590881,-0.021962,0.555065,0.641152,-0.015530,0.568567,0.672268,-0.010106,0.630109,0.577604,0.005482,0.581884,0.587081,-0.001907,0.574899,0.623344,-0.001093,0.582382,0.653814,0.001538
405,1695021707.875477,0,59.4123,59.4123,4.1612,-20.0993,50.0974,638.5553,46.1855,4588.0748,2.3807,165.6227,218.4900,61.2941,25.5276,40.4372,78.5493,0.023070,0.634053,0.808457,-0.000000,0.567423,0.818707,-0.033408,0.511118,0.751448,-0.042246,0.489630,0.659756,-0.039522,0.507932,0.610977,-0.035219,0.566622,0.622589,-0.059998,0.508132,0.511115,-0.069595,0.476842,0.453880,-0.073890,0.453297,0.407225,-0.077571,0.602928,0.581452,-0.037740,0.538173,0.586979,-0.041634,0.532714,0.647629,-0.029933,0.546221,0.683936,-0.022029,0.620613,0.573157,-0.015960,0.560368,0.587766,-0.022907,0.555385,0.637522,-0.017230,0.567427,0.669526,-0.012279,0.629641,0.576982,0.004390,0.583196,0.585927,-0.001748,0.576471,0.621204,-0.000091,0.584333,0.652087,0.003004
406,1695021707.883810,0,62.6670,62.6670,28.4879,24.3267,53.1140,1284.7141,15.5175,4536.6600,1.7776,171.3488,223.0786,64.2559,32.3809,46.3280,82.3186,0.023436,0.633814,0.807415,-0.000000,0.566600,0.817297,-0.031310,0.509354,0.750126,-0.039164,0.488875,0.657523,-0.036007,0.508385,0.608908,-0.031444,0.563196,0.618589,-0.057499,0.506824,0.506643,-0.068889,0.476506,0.447881,-0.075079,0.453078,0.400666,-0.079687,0.599436,0.578127,-0.036629,0.536422,0.590105,-0.041038,0.532278,0.653406,-0.029500,0.545905,0.688418,-0.021441,0.617095,0.571316,-0.016370,0.557896,0.594830,-0.023232,0.553927,0.646603,-0.016918,0.566032,0.676875,-0.011448,0.626575,0.577779,0.002436,0.581016,0.593360,-0.002880,0.575482,0.630229,0.000046,0.583473,0.661371,0.004134
407,1695021707.892143,0,-62.8237,-62.8237,-3.8439,-32.3318,56.1344,710.9805,45.8112,4535.3706,1.7321,170.0957,223.9107,64.0600,33.1918,47.6186,83.1441,0.024458,0.632709,0.808292,-0.000000,0.566351,0.816948,-0.030302,0.508392,0.749839,-0.038572,0.487010,0.655441,-0.036119,0.506045,0.602739,-0.032424,0.562434,0.619458,-0.057933,0.506367,0.505464,-0.070188,0.476424,0.445830,-0.077369,0.452613,0.398005,-0.082737,0.598400,0.578512,-0.037181,0.536872,0.583319,-0.040046,0.532190,0.643309,-0.027857,0.544749,0.676854,-0.020196,0.616614,0.571672,-0.016909,0.558284,0.589987,-0.023002,0.553722,0.638308,-0.015888,0.565518,0.668217,-0.010367,0.626892,0.577425,0.002078,0.580698,0.588959,-0.003440,0.574548,0.625140,-0.000181,0.582145,0.656322,0.003964
408,1695021707.900477,0,56.4915,56.4915,0.4696,4.3135,48.5245,504.9092,62.3554,4542.9563,1.9097,168.8395,222.2287,60.6741,31.3243,49.2661,86.2922,0.026908,0.631781,0.805399,-0.000000,0.564692,0.814865,-0.030772,0.507229,0.746922,-0.038621,0.485884,0.654901,-0.035664,0.506332,0.609307,-0.031431,0.560810,0.614322,-0.056913,0.504524,0.503923,-0.067365,0.473717,0.444450,-0.072798,0.450489,0.396123,-0.077116,0.597548,0.574497,-0.036034,0.535572,0.583528,-0.039267,0.529942,0.644577,-0.027183,0.543408,0.679631,-0.019068,0.616382,0.569553,-0.015637,0.558571,0.588089,-0.022108,0.552527,0.636773,-0.015842,0.564091,0.667975,-0.010453,0.627171,0.577156,0.003453,0.581986,0.588093,-0.001719,0.574841,0.622407,0.000964,0.581913,0.653196,0.004764
409,1695021707.908810,0,-62.1621,-62.1621,-30.3936,-30.8632,59.8079,750.5402,51.0555,4437.7825,1.4575,167.1883,225.7789,60.1350,32.7122,51.4782,88.4990,0.027869,0.631549,0.804997,-0.000000,0.563673,0.814402,-0.030949,0.505412,0.745947,-0.038266,0.485204,0.653857,-0.034393,0.506505,0.607350,-0.029207,0.559390,0.612943,-0.057375,0.503658,0.502694,-0.068287,0.473111,0.442348,-0.075092,0.450125,0.393639,-0.080552,0.596738,0.572825,-0.036187,0.535433,0.580222,-0.037724,0.529406,0.640839,-0.025477,0.542279,0.677369,-0.018038,0.615883,0.568899,-0.015577,0.558867,0.586950,-0.020527,0.552908,0.636210,-0.014155,0.564216,0.668797,-0.009419,0.627244,0.578844,0.003607,0.582970,0.590947,-0.000856,0.576060,0.625478,0.001886,0.583021,0.657980,0.005312
410,1695021707.917143,0,-61.6555,-61.6555,-31.0806,-0.6870,59.6992,579.3408,24.4384,4506.9511,1.4399,161.9614,226.0481,59.7196,34.1004,53.2552,89.3496,0.028412,0.630842,0.802327,-0.000000,0.563329,0.813242,-0.027314,0.505031,0.746605,-0.032529,0.484543,0.657366,-0.026703,0.504668,0.609567,-0.019510,0.555438,0.610991,-0.054753,0.501422,0.500206,-0.065727,0.470927,0.439984,-0.073613,0.447858,0.392655,-0.079438,0.593393,0.572391,-0.033836,0.534868,0.583484,-0.032954,0.528038,0.644642,-0.020194,0.539791,0.680589,-0.012866,0.613596,0.569861,-0.013190,0.558106,0.590573,-0.016049,0.551489,0.639469,-0.009951,0.562315,0.671464,-0.005829,0.625835,0.579696,0.006503,0.582132,0.594277,0.003708,0.574949,0.629012,0.006948,0.581688,0.660757,0.010532
411,1695021707.925477,0,-58.6216,-58.6216,1.0505,32.1311,47.1449,311.0466,9.4385,4822.0723,1.7824,160.6026,225.3527,55.4606,32.3067,54.5480,91.6554,0.031153,0.628845,0.802789,-0.000000,0.560648,0.811256,-0.028619,0.502815,0.744659,-0.033995,0.483180,0.656653,-0.028153,0.505664,0.610563,-0.020992,0.553882,0.607817,-0.054987,0.499471,0.498630,-0.065640,0.468424,0.438525,-0.073117,0.444845,0.391091,-0.078744,0.591975,0.570035,-0.033720,0.533553,0.579466,-0.032691,0.526640,0.640158,-0.020044,0.538421,0.678202,-0.012778,0.612472,0.568222,-0.012916,0.557332,0.587543,-0.015894,0.551304,0.637271,-0.010331,0.562209,0.670944,-0.006444,0.625454,0.579104,0.006742,0.582839,0.591456,0.003646,0.575935,0.626450,0.006187,0.582591,0.659961,0.009317
412,1695021707.933810,0,61.2073,61.2073,1.1789,0.1284,58.6539,298.3821,0.5985,5258.4289,2.1213,157.6466,221.9071,46.0690,25.6188,55.6299,94.9993,0.034880,0.628991,0.802372,-0.000000,0.561031,0.811343,-0.028505,0.502431,0.744596,-0.033303,0.481933,0.654777,-0.026624,0.503233,0.607967,-0.018539,0.552985,0.609407,-0.055731,0.497322,0.500984,-0.065707,0.465735,0.442537,-0.072828,0.441039,0.396489,-0.078285,0.590364,0.568641,-0.033853,0.531699,0.576570,-0.031308,0.524832,0.635960,-0.018037,0.535796,0.673533,-0.010756,0.610586,0.564924,-0.012272,0.555516,0.586073,-0.013758,0.549021,0.634594,-0.008128,0.559116,0.667176,-0.004708,0.623275,0.574216,0.008214,0.579577,0.588387,0.006328,0.571603,0.623242,0.009151,0.577297,0.656615,0.012087
413,1695021707.942143,0,57.6972,57.6972,29.9648,28.7859,58.9406,45.1344,60.1316,5146.0090,1.4105,152.4298,224.6533,43.2136,29.3536,60.1553,99.0340,0.037152,0.627347,0.801805,-0.000000,0.559719,0.811515,-0.026684,0.500688,0.743588,-0.030951,0.479538,0.653460,-0.024523,0.502336,0.606318,-0.017147,0.548786,0.605141,-0.050024,0.494514,0.496053,-0.056707,0.462859,0.437659,-0.062485,0.438842,0.391027,-0.067821,0.587333,0.565269,-0.029221,0.531466,0.581455,-0.024082,0.526255,0.641625,-0.011236,0.538314,0.677554,-0.004843,0.609633,0.565035,-0.008543,0.556722,0.591955,-0.007056,0.551796,0.641059,-0.001457,0.562713,0.672759,0.001008,0.624273,0.577703,0.010976,0.583056,0.596246,0.011310,0.577203,0.632453,0.014567,0.584719,0.665832,0.017285
414,1695021707.950477,0,-53.9147,-53.9147,1.9352,-28.0296,57.6344,398.6151,23.1592,4889.8227,1.1676,154.5278,218.3131,39.6534,24.2200,57.9902,97.7123,0.037992,0.627151,0.796565,-0.000000,0.558925,0.808492,-0.028483,0.499460,0.743220,-0.035080,0.479409,0.653381,-0.031839,0.502728,0.608558,-0.027613,0.549823,0.602717,-0.049353,0.493273,0.498783,-0.056520,0.460823,0.441941,-0.060823,0.436955,0.396596,-0.064984,0.587648,0.564155,-0.030299,0.531100,0.578599,-0.030949,0.523927,0.638352,-0.020193,0.536160,0.675432,-0.013519,0.609607,0.563623,-0.011623,0.557253,0.588065,-0.015976,0.550382,0.636106,-0.010894,0.561128,0.667855,-0.006939,0.624560,0.575792,0.005741,0.582481,0.591940,0.002245,0.575314,0.627455,0.005173,0.582647,0.659612,0.008761
415,1695021707.958810,0,-48.8659,-48.8659,2.4389,0.5037,55.5792,459.4792,53.0689,4818.5875,1.1480,157.5880,218.6815,36.0965,25.2918,59.4666,98.6853,0.038800,0.627955,0.797167,-0.000000,0.560093,0.809273,-0.026643,0.500157,0.743016,-0.030340,0.477783,0.656804,-0.023737,0.498827,0.613302,-0.016098,0.548141,0.601406,-0.047814,0.492496,0.496791,-0.053616,0.459421,0.440145,-0.057833,0.435030,0.395521,-0.061843,0.585747,0.562262,-0.027795,0.529714,0.583276,-0.024026,0.523167,0.643284,-0.012057,0.535220,0.679037,-0.005559,0.607589,0.561788,-0.007980,0.555389,0.591434,-0.008297,0.548661,0.639345,-0.003527,0.558555,0.669499,-0.000875,0.622030,0.574597,0.010672,0.580917,0.595246,0.010040,0.574025,0.630712,0.013020,0.580809,0.663472,0.015995
416,1695021707.967143,0,-40.1829,-40.1829,-25.3476,-27.7865,52.6666,295.7047,52.7578,4895.4460,1.1319,159.2423,218.4449,35.9774,26.4492,61.8821,102.7428,0.041662,0.626096,0.796153,-0.000000,0.557962,0.807862,-0.025309,0.497744,0.741222,-0.027732,0.477532,0.654752,-0.019817,0.500108,0.612770,-0.010783,0.545727,0.599423,-0.045885,0.490368,0.495211,-0.050670,0.458106,0.438680,-0.055046,0.434174,0.394026,-0.059324,0.583652,0.560950,-0.025636,0.529676,0.580922,-0.020301,0.522940,0.641316,-0.008375,0.534553,0.678754,-0.002178,0.606016,0.560879,-0.005471,0.555165,0.588742,-0.004312,0.548091,0.637711,-0.000601,0.557773,0.669801,0.001045,0.621410,0.572290,0.013711,0.580871,0.591807,0.014019,0.572793,0.627389,0.016182,0.578567,0.660380,0.018321
417,1695021707.975477,0,-46.1548,-46.1548,-25.9630,-0.6155,42.2239,537.8527,57.5542,4347.1778,1.1686,160.4360,220.5900,36.5612,26.3307,61.0326,101.5768,0.040781,0.626557,0.793112,-0.000000,0.558653,0.804822,-0.026274,0.498715,0.739756,-0.029160,0.476522,0.654462,-0.021409,0.497345,0.612295,-0.012451,0.545228,0.596254,-0.047493,0.490608,0.492640,-0.051046,0.459056,0.437548,-0.053853,0.435450,0.393241,-0.057215,0.583144,0.559406,-0.026641,0.527623,0.577556,-0.020770,0.520660,0.638485,-0.008368,0.532009,0.675196,-0.001942,0.605583,0.560897,-0.005698,0.553236,0.586505,-0.003843,0.546261,0.635318,0.000618,0.555694,0.666931,0.002590,0.620551,0.574142,0.014166,0.579143,0.589909,0.014362,0.570723,0.624523,0.016542,0.576097,0.657322,0.018715
418,1695021707.983810,0,40.6939,40.6939,23.6521,49.6152,35.4673,531.0999,57.3695,4903.1173,2.0279,162.6929,219.1498,31.1936,24.7364,60.6612,101.2083,0.041471,0.626521,0.794953,-0.000000,0.556726,0.805303,-0.024742,0.495690,0.738356,-0.026274,0.475205,0.654151,-0.017791,0.498916,0.614938,-0.008155,0.542847,0.594937,-0.043659,0.488350,0.492953,-0.046340,0.455979,0.437713,-0.048417,0.432429,0.393335,-0.051636,0.581866,0.559241,-0.024403,0.526227,0.578666,-0.019521,0.520399,0.639822,-0.007849,0.533424,0.676164,-0.001726,0.605598,0.560801,-0.005153,0.552628,0.586008,-0.003572,0.546850,0.635977,0.001178,0.557755,0.668143,0.003331,0.621940,0.575372,0.012888,0.580220,0.592042,0.012940,0.572876,0.627753,0.015037,0.579760,0.660770,0.017159
419,1695021707.992143,0,49.1431,49.1431,24.5023,0.8501,44.2543,728.5316,34.8931,4930.4753,1.7223,161.6960,220.1215,29.3737,25.7891,61.6444,101.3101,0.041542,0.625935,0.794051,-0.000000,0.556760,0.805439,-0.024372,0.495819,0.740943,-0.026476,0.474709,0.657802,-0.018633,0.495916,0.617528,-0.009879,0.540722,0.593786,-0.044723,0.487319,0.490390,-0.047947,0.455715,0.434447,-0.050835,0.431904,0.389389,-0.054438,0.579845,0.556575,-0.025213,0.526395,0.578853,-0.019842,0.520697,0.641347,-0.008210,0.533114,0.678525,-0.002259,0.603903,0.558848,-0.005466,0.553064,0.587449,-0.003876,0.547412,0.637980,0.000412,0.558136,0.671279,0.002305,0.620512,0.573991,0.013302,0.580489,0.591799,0.013489,0.573183,0.627959,0.015831,0.579716,0.661976,0.018228
420,1695021708.000477,0,-48.5095,-48.5095,-2.0816,-26.5839,44.1904,136.2511,56.5535,4674.5569,1.0708,158.3032,222.5297,30.2496,26.1731,62.8113,104.0584,0.043653,0.622980,0.788201,-0.000000,0.554745,0.802244,-0.023422,0.495777,0.740343,-0.025826,0.474349,0.659110,-0.018697,0.494391,0.617605,-0.010660,0.537877,0.592817,-0.042906,0.486891,0.490319,-0.047649,0.455157,0.433772,-0.051931,0.432102,0.388302,-0.056214,0.577317,0.555995,-0.024506,0.525356,0.577968,-0.019016,0.519514,0.639875,-0.007235,0.532699,0.675165,-0.001227,0.602131,0.557947,-0.006188,0.552797,0.584629,-0.004509,0.546249,0.634003,0.000457,0.557047,0.665040,0.002741,0.619758,0.573596,0.011109,0.580285,0.590385,0.011699,0.573158,0.625634,0.014917,0.580580,0.658211,0.017865
421,1695021708.008810,0,55.9688,55.9688,25.5309,27.6125,47.2523,768.8406,74.3814,4641.4035,1.1598,158.5810,223.8038,30.3875,27.4663,64.2568,105.2252,0.045083,0.622632,0.785587,-0.000000,0.553446,0.800733,-0.024098,0.494135,0.738015,-0.025540,0.474071,0.656068,-0.016436,0.495520,0.614508,-0.006187,0.535688,0.593286,-0.046041,0.486084,0.490302,-0.051684,0.455290,0.433335,-0.057289,0.432456,0.386756,-0.062522,0.574658,0.555923,-0.025628,0.520768,0.576208,-0.018174,0.516113,0.639398,-0.005317,0.530287,0.673732,0.000594,0.598677,0.556492,-0.005313,0.547676,0.581676,-0.001145,0.542132,0.633116,0.004145,0.554244,0.663585,0.005741,0.615738,0.569754,0.013931,0.575856,0.586407,0.016178,0.568960,0.622585,0.018995,0.576825,0.654799,0.020999
422,1695021708.017143,0,-57.8990,-57.8990,-24.6482,-50.1791,50.1968,608.3275,44.7105,4905.5427,1.3721,160.8071,222.3957,29.9872,25.3879,62.1149,103.1628,0.043411,0.622335,0.784537,-0.000000,0.552881,0.799268,-0.026265,0.492601,0.736912,-0.028989,0.472501,0.653697,-0.021032,0.494451,0.612600,-0.012038,0.537572,0.593308,-0.049028,0.485899,0.491155,-0.055103,0.455211,0.434126,-0.059770,0.432414,0.388377,-0.064162,0.575438,0.556045,-0.028753,0.521724,0.576310,-0.024146,0.517048,0.637334,-0.011853,0.530994,0.672828,-0.005457,0.598374,0.557128,-0.008640,0.547283,0.582742,-0.008150,0.542965,0.634280,-0.003612,0.555236,0.666905,-0.001349,0.614329,0.570837,0.010353,0.574068,0.588297,0.009337,0.568532,0.624355,0.011279,0.577001,0.656833,0.013480
423,1695021708.025477,0,43.5302,43.5302,-1.4032,23.2450,50.5790,125.5356,63.2127,4661.2397,2.4147,159.3943,220.6896,28.3648,26.8777,63.9003,104.8311,0.045539,0.621119,0.784461,-0.000000,0.551911,0.798893,-0.024017,0.491646,0.737178,-0.025108,0.471279,0.654295,-0.015789,0.494047,0.613587,-0.005572,0.533004,0.590950,-0.045164,0.483030,0.489650,-0.048432,0.452462,0.433966,-0.051814,0.429784,0.388903,-0.055753,0.570872,0.554053,-0.024869,0.519568,0.577254,-0.016603,0.515371,0.639519,-0.003696,0.529047,0.675498,0.002315,0.595025,0.556016,-0.004430,0.545838,0.585727,0.000399,0.541903,0.637408,0.005038,0.553981,0.670424,0.006174,0.612334,0.570693,0.014916,0.574330,0.589768,0.016976,0.568770,0.626172,0.018899,0.576936,0.659437,0.020385
424,1695021708.033810,0,-31.9628,-31.9628,4.1367,5.5399,47.8587,288.8378,47.1717,6086.6842,1.6627,160.2330,213.8477,22.6698,24.8354,63.6390,105.0195,0.046527,0.621622,0.790828,-0.000000,0.551842,0.800875,-0.020369,0.490703,0.737535,-0.019052,0.468852,0.657325,-0.008152,0.490995,0.618120,0.003563,0.531787,0.590489,-0.038600,0.480695,0.491794,-0.038892,0.449028,0.439128,-0.040752,0.425134,0.396261,-0.043904,0.570237,0.553412,-0.019241,0.518593,0.571863,-0.007043,0.513367,0.631075,0.006563,0.525610,0.666074,0.012433,0.595663,0.555639,0.000477,0.546147,0.582291,0.008490,0.540202,0.630500,0.012786,0.550559,0.661617,0.013079,0.613791,0.570880,0.019411,0.574776,0.586625,0.023878,0.566694,0.621319,0.026069,0.573202,0.654760,0.027280
425,1695021708.042143,0,34.4476,34.4476,-5.3803,-9.5170,45.1647,498.2188,84.4543,5676.6141,2.5285,156.7785,209.7204,23.7567,26.0376,63.8435,103.9122,0.046070,0.618769,0.783478,-0.000000,0.550565,0.797178,-0.019347,0.492552,0.741254,-0.019973,0.470075,0.665356,-0.011249,0.487055,0.622671,-0.001998,0.529312,0.588208,-0.041616,0.479918,0.491833,-0.044276,0.448198,0.439004,-0.048101,0.424062,0.396947,-0.052006,0.566916,0.551008,-0.022634,0.519090,0.574168,-0.010757,0.513792,0.632757,0.002969,0.525221,0.667203,0.008717,0.592962,0.554497,-0.002974,0.546290,0.583733,0.004908,0.541106,0.631500,0.009631,0.551299,0.663494,0.010058,0.611662,0.570178,0.016170,0.575485,0.589371,0.021079,0.569020,0.623962,0.024303,0.575746,0.656523,0.026208
426,1695021708.050477,0,-21.4623,-21.4623,9.1092,14.4895,39.2267,486.0097,64.3383,6171.6346,2.5132,156.4136,210.2073,20.0837,28.4290,66.6542,106.7622,0.048284,0.619701,0.788462,-0.000000,0.551326,0.799578,-0.019076,0.490176,0.740026,-0.017296,0.465936,0.664379,-0.005991,0.485685,0.624440,0.006054,0.525950,0.585614,-0.035978,0.476174,0.489864,-0.033465,0.444150,0.437862,-0.033965,0.420334,0.395869,-0.036391,0.564612,0.551750,-0.016513,0.517087,0.576307,-0.000761,0.512563,0.637307,0.013767,0.524759,0.670890,0.019641,0.591811,0.557592,0.003571,0.545725,0.584712,0.015507,0.539984,0.633384,0.020162,0.549556,0.663878,0.019595,0.611585,0.574872,0.022891,0.576032,0.591290,0.030066,0.569362,0.625161,0.032531,0.576462,0.657401,0.033348
427,1695021708.058810,0,25.3920,25.3920,-4.5346,-13.6437,30.6908,554.9387,63.2081,6581.0399,2.2609,157.5918,206.2834,20.3642,25.1883,63.3431,103.6067,0.046284,0.617413,0.781803,-0.000000,0.549738,0.796225,-0.021358,0.488866,0.738927,-0.022174,0.465252,0.662242,-0.013935,0.485415,0.619199,-0.005182,0.526157,0.586716,-0.038761,0.476534,0.492354,-0.038875,0.444603,0.440642,-0.040390,0.420925,0.398744,-0.043453,0.564327,0.551285,-0.020717,0.517766,0.579015,-0.010654,0.513741,0.639772,0.001700,0.527201,0.672498,0.007089,0.591156,0.556136,-0.002308,0.546171,0.585150,0.003977,0.540683,0.633709,0.008611,0.551584,0.663654,0.009330,0.610774,0.573339,0.015122,0.575845,0.591616,0.018403,0.570026,0.626488,0.021109,0.578808,0.658076,0.022943
428,1695021708.067143,0,21.1768,21.1768,13.2849,17.8195,26.8695,972.8792,43.9002,6409.2019,2.2918,161.5664,204.6247,17.1249,27.4738,65.3838,105.4929,0.047305,0.618446,0.781370,-0.000000,0.549430,0.798372,-0.019534,0.487676,0.738634,-0.017714,0.465727,0.660726,-0.006837,0.486974,0.622100,0.004532,0.522257,0.587632,-0.035737,0.475101,0.492116,-0.035328,0.443016,0.440092,-0.036700,0.418452,0.398848,-0.039650,0.561453,0.549313,-0.018091,0.514255,0.578762,-0.006949,0.510142,0.640916,0.006288,0.522911,0.673659,0.012388,0.588599,0.552178,-0.000207,0.542095,0.585122,0.006801,0.536635,0.632891,0.011424,0.547225,0.661052,0.012181,0.608643,0.568294,0.016806,0.570549,0.590249,0.020395,0.564378,0.624703,0.022998,0.573189,0.655811,0.024724
429,1695021708.075477,0,-34.6128,-34.6128,-17.2651,-30.5500,27.6192,865.3032,57.6112,6899.3650,2.3128,163.4568,197.2231,20.1604,23.3273,60.3727,100.3796,0.043329,0.615774,0.777951,-0.000000,0.548115,0.793359,-0.021485,0.487702,0.738733,-0.021078,0.465696,0.665097,-0.009952,0.484971,0.623852,0.001668,0.522293,0.585850,-0.045025,0.474813,0.497447,-0.046434,0.443049,0.448534,-0.050212,0.418542,0.408050,-0.054679,0.560383,0.551671,-0.024491,0.514699,0.580463,-0.010826,0.511417,0.644537,0.003687,0.524766,0.677138,0.009225,0.587449,0.558036,-0.003254,0.543011,0.585117,0.006984,0.538505,0.634748,0.012183,0.550253,0.664288,0.011732,0.607535,0.575314,0.017197,0.574010,0.594108,0.022759,0.568622,0.629238,0.025450,0.577885,0.660348,0.026282
430,1695021708.083810,1,16.2991,16.2991,9.4404,26.7054,24.5288,1168.3572,76.4397,6212.1426,2.0323,163.2755,192.9941,21.3215,21.8628,56.5252,94.5180,0.038855,0.618004,0.780611,-0.000000,0.549225,0.796921,-0.017298,0.488398,0.739409,-0.011101,0.466664,0.666677,0.006192,0.485122,0.624961,0.024484,0.518062,0.583614,-0.032812,0.474291,0.497680,-0.028002,0.443137,0.450139,-0.030367,0.419322,0.410784,-0.034162,0.556446,0.552918,-0.009607,0.513523,0.580687,0.014079,0.508719,0.647210,0.028833,0.520718,0.682939,0.033015,0.584721,0.559918,0.014559,0.541367,0.583394,0.034443,0.535588,0.637170,0.036734,0.546591,0.668566,0.032493,0.604944,0.574868,0.038355,0.572620,0.590519,0.051409,0.564563,0.626664,0.052749,0.572490,0.658187,0.051227
431,1695021708.092143,1,-21.7876,-21.7876,-11.7949,-21.2353,24.5896,1141.2724,36.7350,5859.3392,2.0009,160.8472,186.4538,23.7719,24.9363,57.2451,94.4920,0.039132,0.617909,0.781657,-0.000000,0.548980,0.798282,-0.016330,0.488844,0.743035,-0.012882,0.465241,0.670905,0.000080,0.482041,0.627341,0.013664,0.517429,0.590835,-0.034162,0.471849,0.504622,-0.032883,0.440961,0.458197,-0.036287,0.416870,0.420328,-0.040620,0.555647,0.553073,-0.015230,0.512362,0.580782,0.003877,0.509654,0.641621,0.018455,0.522375,0.675043,0.023043,0.583582,0.556906,0.004358,0.540889,0.583478,0.018690,0.536048,0.632376,0.022957,0.546456,0.663656,0.021171,0.604767,0.573034,0.023500,0.571013,0.589942,0.032799,0.563670,0.623562,0.035938,0.570781,0.656570,0.036440
432,1695021708.100477,1,-26.5206,-26.5206,-11.9243,-0.1294,23.1394,1221.4747,34.4067,4887.0367,2.5401,156.3372,182.6183,28.7740,27.2384,55.4638,91.0352,0.036200,0.618451,0.784055,-0.000000,0.547824,0.801709,-0.017066,0.485862,0.743541,-0.013150,0.464348,0.667996,0.000575,0.484181,0.627205,0.015061,0.517020,0.594197,-0.036147,0.470229,0.509080,-0.036049,0.439464,0.463284,-0.039573,0.415683,0.425674,-0.043952,0.555682,0.554415,-0.017547,0.510759,0.580284,-0.000841,0.508326,0.641182,0.013944,0.521373,0.672913,0.019180,0.583135,0.556506,0.001493,0.538769,0.582136,0.013345,0.534203,0.631216,0.018030,0.545140,0.660265,0.017102,0.603927,0.571038,0.020041,0.567407,0.587443,0.027389,0.560460,0.621586,0.030370,0.568459,0.653231,0.030999
433,1695021708.108810,1,25.4177,25.4177,15.0076,26.9320,24.2827,981.7871,14.7008,3737.8198,1.6171,158.4861,180.9972,29.4588,29.7220,56.7102,91.5996,0.036399,0.617456,0.783709,-0.000000,0.548093,0.801016,-0.015268,0.487262,0.745399,-0.011477,0.464149,0.674716,0.001519,0.479951,0.629868,0.015196,0.515101,0.595376,-0.035199,0.468713,0.508214,-0.035906,0.437682,0.462310,-0.039754,0.413656,0.425399,-0.044067,0.553618,0.555776,-0.017612,0.509954,0.583572,-0.001484,0.508256,0.644020,0.012965,0.521573,0.676440,0.018079,0.581728,0.557596,0.000498,0.538596,0.586519,0.012135,0.534716,0.635198,0.016760,0.545524,0.664990,0.015757,0.602906,0.572604,0.018260,0.568107,0.593117,0.025462,0.561519,0.627423,0.028353,0.568787,0.659215,0.029040
434,1695021708.117143,1,-30.2916,-30.2916,-11.6477,-26.6553,23.3892,1024.0513,58.1047,3752.9892,2.0082,156.7222,174.6272,31.6209,34.4962,58.8207,91.4431,0.035468,0.617920,0.781769,-0.000000,0.548497,0.801439,-0.014478,0.487882,0.746712,-0.010330,0.463874,0.674851,0.003275,0.480966,0.631523,0.017235,0.513800,0.599413,-0.035927,0.465856,0.516068,-0.037321,0.434515,0.468317,-0.043095,0.410671,0.428468,-0.049000,0.551246,0.557395,-0.017903,0.508090,0.586225,0.000394,0.507011,0.646230,0.015659,0.519599,0.677478,0.020492,0.579064,0.557151,0.000799,0.535967,0.585971,0.014950,0.532122,0.634321,0.020584,0.543088,0.663603,0.019519,0.600465,0.570210,0.019161,0.565481,0.589741,0.028302,0.559132,0.624076,0.032235,0.567707,0.655278,0.033164
435,1695021708.125477,1,-34.7636,-34.7636,-3.2440,8.4037,21.9240,605.7123,51.0193,3368.5737,2.2685,162.0586,170.2452,37.3202,35.1550,56.0121,87.5890,0.032065,0.615825,0.780976,-0.000000,0.546191,0.800263,-0.017352,0.485929,0.743793,-0.013855,0.464407,0.671374,-0.000111,0.482529,0.628349,0.014233,0.513116,0.599511,-0.038490,0.465458,0.519192,-0.040719,0.434627,0.472762,-0.047680,0.411285,0.432976,-0.054913,0.552210,0.559037,-0.019936,0.507862,0.587241,-0.002888,0.507663,0.649349,0.011347,0.521640,0.680172,0.015321,0.580059,0.559666,-0.001047,0.536495,0.586246,0.012217,0.533014,0.635410,0.017913,0.545234,0.664634,0.016732,0.601650,0.573543,0.017056,0.566302,0.592005,0.023767,0.560145,0.625696,0.026503,0.568883,0.656702,0.026815
436,1695021708.133810,1,-16.2514,-16.2514,2.5673,5.8113,21.8235,848.0018,54.5996,3904.2270,2.5175,151.5841,161.6829,44.5637,40.5735,57.6331,86.1036,0.029918,0.615303,0.779721,-0.000000,0.546944,0.800366,-0.015353,0.487492,0.747138,-0.011055,0.463286,0.677742,0.002767,0.479152,0.635320,0.017049,0.513272,0.598595,-0.030924,0.463869,0.522477,-0.027224,0.432475,0.480091,-0.030212,0.408666,0.443393,-0.035028,0.550685,0.558625,-0.012163,0.508631,0.585685,0.009853,0.507948,0.644660,0.024368,0.520194,0.675468,0.028080,0.578606,0.559003,0.007271,0.537570,0.585008,0.025486,0.533541,0.633267,0.029877,0.543602,0.661471,0.026845,0.600024,0.571993,0.026096,0.567103,0.590540,0.037719,0.560384,0.624270,0.040585,0.567657,0.655347,0.040052
437,1695021708.142143,1,16.9400,16.9400,-2.1194,-4.6867,24.5757,1055.4787,4.7523,4088.4942,2.6846,151.4144,154.7230,52.9966,49.0465,60.8659,86.0624,0.028084,0.618080,0.781546,-0.000000,0.549750,0.804886,-0.017565,0.487160,0.751250,-0.014059,0.461406,0.678810,-0.001417,0.477754,0.637370,0.011808,0.513143,0.601439,-0.031539,0.461444,0.528911,-0.028486,0.429391,0.488038,-0.029829,0.405788,0.451901,-0.033359,0.550634,0.559139,-0.014326,0.507787,0.592240,0.001290,0.507528,0.652382,0.013629,0.521078,0.684211,0.017524,0.578134,0.557018,0.003277,0.537051,0.587554,0.014212,0.532982,0.635405,0.017532,0.542663,0.664423,0.015778,0.599525,0.568990,0.020159,0.564817,0.591392,0.027519,0.558729,0.625515,0.030309,0.566304,0.656454,0.030751
438,1695021708.150477,1,-23.5960,-23.5960,1.6739,3.7933,18.3655,1202.4144,44.9285,3699.4517,3.3649,155.3187,145.2555,59.0028,55.2691,63.3668,84.4011,0.023718,0.620308,0.787463,-0.000000,0.550197,0.808034,-0.017429,0.487685,0.752922,-0.013452,0.461759,0.680858,0.000469,0.477508,0.636493,0.015080,0.516821,0.607634,-0.035276,0.461268,0.536483,-0.033644,0.429294,0.496741,-0.036219,0.405401,0.459616,-0.040560,0.553862,0.565577,-0.016788,0.504127,0.591192,0.000213,0.504522,0.652960,0.014264,0.518618,0.684049,0.018581,0.579503,0.562494,0.002145,0.531758,0.588850,0.014793,0.528754,0.639219,0.019316,0.540612,0.666900,0.017674,0.598700,0.573409,0.020473,0.559515,0.591470,0.028253,0.553477,0.627614,0.031021,0.562657,0.659102,0.031108
439,1695021708.158810,1,18.3692,18.3692,13.2832,11.6093,21.6557,1480.5992,21.0105,3889.2547,2.8800,156.4552,135.8133,67.9726,62.1769,65.7822,83.1073,0.020790,0.616943,0.783285,-0.000000,0.548468,0.807345,-0.017810,0.488070,0.755821,-0.016192,0.462893,0.686109,-0.005501,0.478149,0.643047,0.005836,0.515382,0.607348,-0.033457,0.460804,0.541600,-0.030682,0.428425,0.505969,-0.031823,0.405243,0.471222,-0.035247,0.551791,0.564916,-0.016630,0.508309,0.597220,-0.001269,0.509704,0.657869,0.011311,0.525277,0.688116,0.015170,0.578085,0.563056,0.000691,0.536391,0.590345,0.011332,0.534238,0.640196,0.015155,0.546453,0.668430,0.013599,0.598096,0.575230,0.017350,0.564264,0.594596,0.024700,0.559504,0.629415,0.027805,0.568515,0.660487,0.028352
440,1695021708.167143,1,22.2767,22.2767,9.6320,-3.6512,19.3834,1516.0631,16.6732,3807.4910,3.2085,157.8086,124.5305,76.0975,71.0003,71.3214,82.8538,0.016604,0.619892,0.789063,-0.000000,0.549455,0.811476,-0.017889,0.487989,0.756842,-0.014810,0.461613,0.685165,-0.001659,0.476731,0.641026,0.012542,0.515997,0.611189,-0.034810,0.459798,0.549264,-0.031708,0.427752,0.517105,-0.033667,0.404953,0.482839,-0.037967,0.552635,0.569872,-0.016603,0.505629,0.602886,0.001560,0.507451,0.666285,0.014535,0.522959,0.694870,0.017609,0.577959,0.568029,0.002246,0.533171,0.596863,0.015667,0.530973,0.650999,0.019591,0.544163,0.678602,0.017097,0.596931,0.579572,0.020433,0.560859,0.601032,0.029028,0.555494,0.638529,0.031814,0.565151,0.670168,0.031649
441,1695021708.175477,1,-21.9887,-21.9887,-9.7322,-19.3642,20.6500,1466.8590,3.2988,3526.0650,3.2056,162.5208,119.5981,82.5117,75.7687,73.5173,81.9955,0.014719,0.618944,0.790986,-0.000000,0.550597,0.812234,-0.018679,0.488030,0.760248,-0.016974,0.460213,0.691723,-0.005678,0.476362,0.650459,0.006276,0.514776,0.611307,-0.033907,0.458967,0.555470,-0.030532,0.426852,0.524949,-0.032439,0.404090,0.491134,-0.036877,0.550403,0.567868,-0.016328,0.503752,0.603337,0.001735,0.506162,0.664475,0.014612,0.522419,0.691461,0.017659,0.575913,0.565587,0.001727,0.532982,0.594775,0.015221,0.530735,0.645328,0.019227,0.543050,0.671817,0.016760,0.595752,0.578239,0.018888,0.561616,0.597757,0.028144,0.557026,0.632278,0.031412,0.566537,0.662949,0.031339
442,1695021708.183810,1,5.9531,5.9531,7.3873,17.1194,19.5406,1664.0163,63.9548,3505.3875,3.2020,162.6713,107.8003,93.4556,87.1861,82.6573,86.2619,0.011614,0.620934,0.794139,-0.000000,0.552838,0.817432,-0.017121,0.488473,0.767565,-0.012430,0.458501,0.703322,0.000953,0.472886,0.663321,0.015163,0.513857,0.609973,-0.022496,0.455016,0.558749,-0.009976,0.423446,0.534696,-0.004297,0.401998,0.504354,-0.003958,0.549434,0.571134,-0.004874,0.500436,0.606459,0.015692,0.503033,0.666046,0.027310,0.520260,0.692870,0.030387,0.575745,0.569919,0.013614,0.530483,0.599015,0.028863,0.528797,0.649665,0.030175,0.541519,0.674173,0.026407,0.595966,0.580957,0.031408,0.559620,0.599577,0.042136,0.555664,0.635134,0.043917,0.566553,0.664753,0.043053
443,1695021708.192143,1,9.7580,9.7580,-2.1528,-9.5401,15.5666,1623.8298,56.4158,3821.6015,3.1552,157.2693,99.4428,102.5403,95.9799,89.0439,88.2276,0.008089,0.619732,0.796321,-0.000000,0.551499,0.820024,-0.021314,0.486876,0.767869,-0.019588,0.456974,0.697979,-0.008535,0.474081,0.662054,0.003274,0.518004,0.616231,-0.030470,0.458049,0.570329,-0.022366,0.425392,0.547019,-0.019245,0.402725,0.516818,-0.020560,0.552893,0.575554,-0.012464,0.502597,0.612697,0.003481,0.505519,0.672356,0.015203,0.522843,0.696870,0.018964,0.577335,0.574253,0.005980,0.531894,0.604245,0.017169,0.530031,0.653572,0.019683,0.542993,0.676552,0.017498,0.596067,0.587082,0.023312,0.560835,0.604909,0.031381,0.556991,0.638580,0.033500,0.568273,0.666724,0.033162
444,1695021708.200477,1,4.6296,4.6296,-4.4118,-2.2590,14.4688,1499.3482,57.9995,3691.9299,3.3015,158.9375,91.9204,108.6536,100.7037,92.1972,88.4602,0.006246,0.619946,0.796922,-0.000000,0.553612,0.822092,-0.020676,0.489076,0.773911,-0.016985,0.457541,0.709593,-0.003616,0.471657,0.669125,0.010894,0.514797,0.617008,-0.025683,0.455022,0.572243,-0.012042,0.423561,0.552676,-0.005158,0.402121,0.525615,-0.004007,0.549515,0.578062,-0.006119,0.499840,0.616340,0.014154,0.503447,0.672924,0.025578,0.520988,0.696989,0.028917,0.574641,0.576775,0.014244,0.529332,0.610066,0.029240,0.528633,0.659550,0.029367,0.541397,0.682207,0.025100,0.593367,0.587774,0.033681,0.558358,0.610819,0.043557,0.555620,0.644866,0.043745,0.566893,0.673160,0.041969
445,1695021708.208810,1,4.3222,4.3222,6.5777,10.9895,11.4267,1648.2582,5.3139,3847.8389,3.4065,158.2292,84.5341,116.5318,108.6735,99.2952,92.2353,0.003928,0.621491,0.797920,-0.000000,0.554531,0.824788,-0.021134,0.489005,0.776956,-0.016078,0.456723,0.711414,-0.000576,0.472199,0.673702,0.016571,0.513922,0.620690,-0.025376,0.452802,0.582432,-0.011725,0.422435,0.564686,-0.005359,0.401733,0.536032,-0.004441,0.548582,0.582757,-0.004382,0.496864,0.619103,0.016616,0.502032,0.676529,0.028018,0.520515,0.698836,0.031181,0.572768,0.580393,0.017317,0.525947,0.611317,0.032524,0.526614,0.662481,0.031942,0.540789,0.683505,0.027285,0.591062,0.588558,0.038200,0.555685,0.607969,0.049227,0.553339,0.642754,0.049411,0.565594,0.670206,0.047343
446,1695021708.217143,1,3.4131,3.4131,-0.6350,-7.2127,2.2257,1680.5584,20.0617,4818.3686,2.7566,153.2068,71.7649,131.4995,122.9070,111.5214,100.0509,0.001462,0.625552,0.803408,-0.000000,0.556773,0.830341,-0.021423,0.490012,0.783753,-0.019408,0.457353,0.715847,-0.008252,0.471123,0.677555,0.004097,0.516712,0.627138,-0.025431,0.455510,0.594608,-0.014625,0.423181,0.581253,-0.009942,0.400804,0.555692,-0.010493,0.549216,0.585410,-0.007320,0.495410,0.622492,0.008923,0.500383,0.684317,0.018370,0.518951,0.710044,0.020675,0.572122,0.579355,0.011367,0.524049,0.611467,0.022694,0.525745,0.664527,0.023771,0.541136,0.689537,0.020720,0.590110,0.586597,0.028900,0.552418,0.608477,0.036717,0.550893,0.645855,0.037877,0.563748,0.675658,0.037106
447,1695021708.225477,1,14.8211,14.8211,1.2658,1.9008,4.3284,1559.9545,45.1147,6270.9385,2.6807,155.1844,67.5093,139.9015,131.1446,119.1045,106.1915,0.000705,0.623063,0.802916,-0.000000,0.554627,0.830623,-0.023531,0.489122,0.787090,-0.024421,0.457082,0.721108,-0.016509,0.469705,0.682772,-0.007412,0.519052,0.628459,-0.029402,0.455107,0.602421,-0.022260,0.422383,0.591191,-0.019283,0.399899,0.566823,-0.020768,0.550778,0.587223,-0.012508,0.493948,0.624576,-0.002386,0.499192,0.683164,0.005421,0.518490,0.706189,0.007593,0.572875,0.581003,0.004659,0.521577,0.613554,0.010311,0.523610,0.664250,0.011833,0.539995,0.687743,0.010398,0.589953,0.589412,0.020433,0.550515,0.610701,0.023518,0.549191,0.646534,0.024119,0.562523,0.674649,0.023838
448,1695021708.233810,1,8.9582,8.9582,1.0822,-0.1836,4.2520,1812.5663,18.9448,6259.7229,2.3999,150.5208,60.0312,148.3077,139.0002,125.8061,111.0848,0.000018,0.624208,0.802309,-0.000000,0.556397,0.831048,-0.025264,0.487428,0.786655,-0.024644,0.453906,0.720233,-0.014481,0.471321,0.686314,-0.002772,0.518827,0.625859,-0.028031,0.454107,0.608814,-0.019595,0.421720,0.601181,-0.015468,0.399678,0.578370,-0.016236,0.550677,0.586516,-0.009981,0.491807,0.634402,0.000172,0.499017,0.694708,0.008321,0.520209,0.714033,0.011212,0.572113,0.582075,0.007995,0.519388,0.622486,0.012796,0.522662,0.674392,0.013403,0.540425,0.693150,0.011936,0.589351,0.590903,0.024468,0.548045,0.616650,0.026440,0.548287,0.652379,0.026023,0.564231,0.677477,0.025382
449,1695021708.242143,1,0.0484,0.0484,-1.0684,-2.1506,5.1186,1774.5233,43.6085,5820.6724,2.4999,152.4907,55.7197,154.2184,145.1329,131.4542,115.7896,0.000000,0.625170,0.806802,-0.000000,0.558821,0.834881,-0.025248,0.490708,0.792435,-0.023338,0.453666,0.727417,-0.010993,0.468728,0.686779,0.003172,0.519452,0.631847,-0.028120,0.453046,0.612501,-0.015428,0.421365,0.607096,-0.008354,0.399203,0.586475,-0.007422,0.549698,0.591072,-0.007548,0.490032,0.632613,0.007456,0.497661,0.690867,0.016619,0.518134,0.712164,0.019069,0.569986,0.584379,0.013518,0.516162,0.621124,0.023213,0.520732,0.672769,0.023163,0.538303,0.694206,0.019859,0.585687,0.590718,0.033233,0.545074,0.614298,0.038332,0.545462,0.650240,0.036940,0.560687,0.677102,0.034762
450,1695021708.250477,1,2.7238,2.7238,-0.1723,0.8961,5.2803,1357.3050,14.6950,6300.0770,2.1875,144.4576,51.4047,162.4683,152.2310,137.6473,120.2290,0.000000,0.624326,0.806031,-0.000000,0.558793,0.836579,-0.026740,0.489708,0.797988,-0.027292,0.452132,0.735025,-0.018152,0.465814,0.694648,-0.007263,0.518176,0.631205,-0.029138,0.450576,0.618567,-0.018832,0.420105,0.616577,-0.011774,0.400119,0.598808,-0.010363,0.548434,0.590221,-0.009777,0.489599,0.637585,0.000272,0.497234,0.695603,0.008430,0.517791,0.714915,0.011472,0.569213,0.584248,0.009741,0.516385,0.626695,0.014084,0.521345,0.676810,0.014485,0.538903,0.695878,0.013007,0.585050,0.591841,0.027832,0.545036,0.621224,0.028627,0.546935,0.656944,0.027224,0.562635,0.680945,0.026203
451,1695021708.258810,1,6.1244,6.1244,-2.1742,-2.0018,5.1245,1977.8998,33.3937,4792.6728,1.9615,141.0270,48.0937,170.9413,161.2155,145.7143,125.9714,0.000000,0.626749,0.810413,-0.000000,0.559241,0.839671,-0.025770,0.489046,0.798066,-0.025211,0.451247,0.732008,-0.014775,0.467986,0.693147,-0.002448,0.518097,0.637028,-0.025708,0.450121,0.625813,-0.012521,0.420466,0.626336,-0.004129,0.400387,0.610073,-0.002010,0.546775,0.595781,-0.005533,0.485404,0.640713,0.007132,0.495369,0.699244,0.014977,0.516863,0.719511,0.017594,0.566208,0.587346,0.015155,0.510630,0.628559,0.022824,0.517312,0.679557,0.022222,0.536604,0.700042,0.019472,0.581780,0.591977,0.034549,0.539525,0.619989,0.038758,0.541592,0.655957,0.037528,0.558627,0.680684,0.036062
452,1695021708.267143,1,-7.4748,-7.4748,-4.1083,-1.9341,5.6481,1556.1607,7.8816,4259.0918,2.3702,123.3665,50.5676,183.4479,171.5608,154.6119,133.2445,0.000000,0.628252,0.812149,-0.000000,0.560508,0.841866,-0.028418,0.490683,0.800590,-0.028178,0.451920,0.738347,-0.016984,0.466671,0.699742,-0.003457,0.519184,0.635356,-0.028905,0.449465,0.634855,-0.013484,0.421177,0.641688,-0.002872,0.402927,0.626835,0.000582,0.547950,0.596923,-0.006469,0.483403,0.643414,0.007078,0.493285,0.702365,0.015506,0.515302,0.721367,0.018461,0.567195,0.590965,0.016740,0.509112,0.631491,0.024917,0.515359,0.683573,0.023961,0.535073,0.704684,0.020885,0.582102,0.597070,0.038592,0.539230,0.625616,0.042059,0.541008,0.662154,0.039652,0.558137,0.687342,0.037414
453,1695021708.275477,1,1.7505,1.7505,0.4255,4.5338,4.5134,2337.4743,40.6923,4283.7158,2.3362,126.1767,50.1604,188.1291,176.9397,159.8272,137.1948,0.000000,0.625606,0.810703,-0.000000,0.557871,0.843558,-0.028764,0.489949,0.807012,-0.032513,0.451200,0.745809,-0.026578,0.463778,0.702250,-0.018861,0.518132,0.637382,-0.030341,0.446490,0.640606,-0.018067,0.417575,0.650052,-0.009111,0.399681,0.636813,-0.006769,0.545584,0.597133,-0.009693,0.480127,0.640124,-0.001326,0.489409,0.699524,0.005312,0.512227,0.719333,0.007837,0.565022,0.590520,0.011742,0.506273,0.626146,0.015298,0.511276,0.679329,0.015690,0.531378,0.701921,0.014532,0.579763,0.597334,0.031825,0.535644,0.623777,0.031763,0.536855,0.662571,0.029970,0.553765,0.686754,0.028843
454,1695021708.283810,1,,,0.0000,0.0000,0.0000,0.0000,17.7203,4411.0524,2.0519,113.0856,55.0495,199.1348,187.3782,169.4123,145.2607,0.000000,0.626037,0.814211,-0.000000,0.557359,0.847209,-0.028930,0.491093,0.809307,-0.033750,0.452458,0.749841,-0.028648,0.460920,0.706939,-0.021514,0.517748,0.637340,-0.033707,0.444122,0.645746,-0.018477,0.416382,0.660313,-0.006009,0.400276,0.651495,-0.001395,0.545520,0.597526,-0.012576,0.477887,0.637236,-0.002300,0.485493,0.693432,0.005437,0.506942,0.713624,0.008267,0.565397,0.592467,0.010080,0.504571,0.624287,0.015407,0.508453,0.674932,0.016345,0.527796,0.699722,0.014982,0.579693,0.601250,0.031582,0.534689,0.624461,0.032230,0.534476,0.662125,0.030778,0.549899,0.687491,0.029617
455,1695021708.292143,0,,,0.0000,0.0000,0.0000,0.0000,29.2222,6065.6522,1.7826,71.4769,82.2603,216.7775,199.5592,176.7364,146.5302,0.000000,0.626185,0.818351,-0.000000,0.554935,0.849518,-0.029017,0.486622,0.810328,-0.034010,0.446934,0.747420,-0.028980,0.463453,0.705709,-0.021220,0.517407,0.634838,-0.030560,0.445979,0.654384,-0.011080,0.428580,0.680455,0.004771,0.419236,0.673608,0.011269,0.544839,0.597565,-0.008921,0.476468,0.641688,0.002246,0.486545,0.695760,0.009557,0.508594,0.711361,0.012707,0.563844,0.592745,0.014752,0.502173,0.630246,0.021539,0.506598,0.678112,0.021658,0.527558,0.699156,0.020140,0.577922,0.601291,0.037350,0.531916,0.624694,0.039294,0.532975,0.662035,0.038092,0.551305,0.684278,0.037463
456,1695021708.300477,0,,,0.0000,0.0000,0.0000,0.0000,62.6522,6260.9832,1.6480,73.3140,75.4347,215.1106,200.5157,179.6740,151.4027,0.000000,0.625652,0.823021,-0.000000,0.555771,0.852504,-0.032237,0.486898,0.811424,-0.037388,0.445626,0.750424,-0.031183,0.457728,0.708787,-0.021982,0.516888,0.637415,-0.037102,0.443156,0.655225,-0.018997,0.423594,0.681444,-0.003379,0.412413,0.674709,0.003108,0.543378,0.599074,-0.013315,0.472673,0.642679,-0.001870,0.483027,0.699723,0.006779,0.505337,0.715439,0.010298,0.561744,0.594060,0.012385,0.497026,0.630507,0.019483,0.502254,0.682516,0.021014,0.523242,0.705140,0.019872,0.575166,0.602658,0.036656,0.527850,0.627874,0.038076,0.528555,0.667296,0.036675,0.545738,0.691182,0.035596
457,1695021708.308810,0,,,0.0000,0.0000,0.0000,0.0000,11.4743,4451.6302,1.4169,80.7901,65.5022,214.0377,201.8008,182.6959,156.2250,0.000000,0.622490,0.824046,-0.000000,0.554427,0.853160,-0.030880,0.485359,0.813094,-0.035367,0.444303,0.752244,-0.028733,0.457017,0.708725,-0.019304,0.515382,0.639782,-0.038534,0.441424,0.655055,-0.020788,0.417814,0.677660,-0.004166,0.402834,0.672127,0.003140,0.542100,0.600223,-0.015683,0.471950,0.641758,-0.005132,0.481047,0.695758,0.004194,0.501372,0.711790,0.008328,0.560959,0.594779,0.009214,0.497529,0.631280,0.014740,0.501928,0.680799,0.016437,0.520823,0.703028,0.015834,0.574493,0.603419,0.032923,0.526637,0.627357,0.033390,0.525933,0.664277,0.031990,0.540913,0.688338,0.030952
458,1695021708.317143,0,,,0.0000,0.0000,0.0000,0.0000,17.3327,4360.4979,1.6661,114.0710,45.1374,204.0247,195.1794,179.4655,157.0880,0.000000,0.621931,0.821446,-0.000000,0.555926,0.854167,-0.028227,0.485195,0.819985,-0.032157,0.443825,0.758223,-0.026329,0.456715,0.713602,-0.018412,0.515453,0.646085,-0.032944,0.440684,0.650495,-0.018353,0.411553,0.665260,-0.005518,0.392008,0.658153,-0.000653,0.541373,0.602789,-0.012476,0.472136,0.645312,-0.004994,0.481793,0.700536,0.002768,0.503261,0.718754,0.006547,0.559280,0.594824,0.009416,0.496657,0.634778,0.011982,0.502990,0.685000,0.013252,0.522643,0.705513,0.013162,0.571567,0.601112,0.030231,0.524184,0.627257,0.029097,0.525135,0.665600,0.027604,0.541476,0.688234,0.026858
459,1695021708.325477,0,,,0.0000,0.0000,0.0000,0.0000,68.2628,4463.0440,1.6098,111.3318,41.6994,202.7344,194.6304,179.3627,157.7907,0.000000,0.619163,0.821518,-0.000000,0.553219,0.855750,-0.030519,0.483947,0.819432,-0.036233,0.444039,0.757306,-0.031818,0.455293,0.710711,-0.025148,0.513958,0.647572,-0.037439,0.438456,0.648684,-0.025471,0.407741,0.661869,-0.014441,0.387705,0.654862,-0.010623,0.540869,0.604130,-0.016659,0.471003,0.639777,-0.010427,0.479761,0.693211,-0.002740,0.501182,0.710538,0.000846,0.559825,0.596179,0.005309,0.496745,0.628423,0.007037,0.502132,0.677447,0.009281,0.521711,0.698314,0.009733,0.573181,0.603348,0.025869,0.525678,0.624246,0.023417,0.526024,0.660941,0.022142,0.542042,0.684441,0.021676
460,1695021708.333810,0,,,0.0000,0.0000,0.0000,0.0000,54.7290,4986.0592,2.1902,117.6605,28.6180,196.6169,191.3367,178.3391,158.7494,0.000000,0.619468,0.819861,-0.000000,0.552267,0.856687,-0.033605,0.483021,0.821218,-0.040925,0.443585,0.757873,-0.037778,0.453791,0.711529,-0.032352,0.515087,0.646859,-0.039041,0.437387,0.646441,-0.032747,0.403061,0.655004,-0.027585,0.380622,0.643308,-0.027452,0.541647,0.603366,-0.018208,0.470275,0.641208,-0.016559,0.479428,0.698049,-0.011121,0.502852,0.715453,-0.008328,0.558914,0.594958,0.002811,0.494385,0.626678,0.000616,0.499568,0.678569,0.002515,0.520092,0.699194,0.003724,0.570965,0.602030,0.021953,0.522768,0.624372,0.016946,0.523720,0.662206,0.015253,0.541049,0.685102,0.015167
461,1695021708.342143,0,17.7824,17.7824,3.7647,0.0000,8.1568,447.4876,25.1000,7368.2040,2.2740,126.5455,16.6235,189.5768,186.9023,176.4416,159.7694,0.000000,0.620836,0.824755,-0.000000,0.554231,0.858738,-0.030433,0.480065,0.821404,-0.032926,0.440344,0.755090,-0.024906,0.456134,0.712879,-0.014798,0.515328,0.652336,-0.035527,0.437651,0.643725,-0.028172,0.401809,0.646690,-0.022010,0.375414,0.632896,-0.020953,0.540741,0.604645,-0.015050,0.469832,0.652826,-0.010731,0.480774,0.714624,-0.002724,0.503937,0.733503,0.002131,0.556009,0.593426,0.005492,0.492782,0.642302,0.005247,0.499878,0.696239,0.006866,0.519818,0.714057,0.008023,0.567119,0.598133,0.024354,0.519185,0.631760,0.022256,0.521000,0.670287,0.021400,0.538601,0.693308,0.021702
462,1695021708.350477,0,-24.9170,-24.9170,-7.7604,-11.5250,14.3140,305.1067,37.5722,9260.5434,1.8721,135.7539,9.8597,185.6254,184.5470,176.4945,163.6765,0.000000,0.618802,0.823717,-0.000000,0.552769,0.859466,-0.030086,0.479405,0.823975,-0.034053,0.438703,0.755850,-0.027874,0.452504,0.710742,-0.019881,0.514938,0.658349,-0.038798,0.434616,0.641911,-0.032846,0.397504,0.640824,-0.027387,0.370061,0.625910,-0.026995,0.540273,0.607468,-0.018856,0.469030,0.650845,-0.015315,0.479085,0.709693,-0.006944,0.501642,0.728916,-0.002440,0.555912,0.593765,0.001307,0.492991,0.638389,0.000797,0.499759,0.690692,0.003712,0.519781,0.710346,0.005200,0.567164,0.597227,0.019786,0.519681,0.627495,0.016816,0.521236,0.665344,0.016107,0.538216,0.689147,0.016321
463,1695021708.358810,0,29.7295,29.7295,9.3011,17.0614,19.0941,298.0744,33.7097,9514.4742,2.8855,139.2948,9.9650,181.9628,181.8340,174.0532,161.3191,0.000000,0.616052,0.824388,-0.000000,0.549886,0.860177,-0.031288,0.477684,0.823767,-0.034783,0.438240,0.754916,-0.027370,0.451791,0.708719,-0.017872,0.513948,0.659790,-0.041451,0.434581,0.639505,-0.036481,0.397020,0.635393,-0.031871,0.368833,0.619047,-0.032053,0.540150,0.608085,-0.021021,0.468083,0.649559,-0.016740,0.477469,0.707824,-0.007690,0.499730,0.726788,-0.003224,0.555640,0.593787,-0.000681,0.491361,0.635203,-0.000610,0.497907,0.686908,0.002498,0.517431,0.706120,0.003729,0.566691,0.597153,0.017765,0.518378,0.624808,0.015184,0.519384,0.661543,0.014294,0.535643,0.685880,0.014003
464,1695021708.367143,0,24.4111,24.4111,5.6652,-3.6359,19.7203,496.6299,46.0258,10659.8975,1.6802,137.4491,7.7313,183.3126,183.6028,176.3319,165.0704,0.000056,0.615823,0.827739,-0.000000,0.549802,0.859628,-0.027319,0.478732,0.826591,-0.029934,0.438470,0.762715,-0.022514,0.445386,0.716217,-0.013420,0.510805,0.661346,-0.038362,0.433110,0.635188,-0.032350,0.395307,0.629609,-0.026722,0.365222,0.616736,-0.025905,0.536985,0.609144,-0.019086,0.467075,0.652994,-0.013887,0.474688,0.715812,-0.004380,0.494919,0.742835,0.000436,0.553272,0.594749,0.000609,0.490297,0.641056,0.001467,0.495969,0.694256,0.004702,0.513808,0.718574,0.005926,0.563972,0.597764,0.018990,0.515213,0.630179,0.017108,0.514735,0.669100,0.016864,0.528790,0.695422,0.017127
465,1695021708.375477,0,40.4476,40.4476,5.6663,0.0011,22.4642,832.8570,59.6348,10038.4616,2.6566,151.0231,15.5936,175.5528,176.9258,170.7589,160.4410,0.000712,0.612782,0.823773,-0.000000,0.547342,0.861287,-0.032408,0.475475,0.825345,-0.038120,0.436113,0.753752,-0.033351,0.447699,0.704424,-0.026631,0.512153,0.662897,-0.043606,0.433295,0.636043,-0.042839,0.393902,0.626890,-0.041033,0.364135,0.607953,-0.042952,0.537405,0.609048,-0.024306,0.464580,0.650014,-0.024287,0.473287,0.711349,-0.016035,0.495474,0.730585,-0.011490,0.551916,0.592657,-0.005486,0.486313,0.633621,-0.008968,0.492140,0.687090,-0.004311,0.512205,0.706118,-0.001347,0.562142,0.594792,0.011204,0.512050,0.623389,0.005745,0.512609,0.662735,0.005693,0.529288,0.687017,0.006680
466,1695021708.383810,0,36.8795,36.8795,15.4491,9.7828,23.7744,810.3267,26.1658,9624.1832,2.2579,152.0023,18.1946,173.5655,175.3691,170.1815,161.3874,0.001148,0.612127,0.824644,-0.000000,0.545885,0.859653,-0.033046,0.475274,0.824529,-0.038576,0.435352,0.756200,-0.033143,0.445457,0.707263,-0.025723,0.509577,0.658858,-0.043399,0.431207,0.631810,-0.040831,0.391978,0.621976,-0.038272,0.362096,0.602566,-0.039592,0.535833,0.608015,-0.022396,0.464920,0.654409,-0.019973,0.473735,0.717547,-0.011517,0.496372,0.738380,-0.007071,0.551377,0.595054,-0.001692,0.487584,0.637928,-0.003013,0.493168,0.692982,0.000640,0.513460,0.714262,0.002672,0.562500,0.599416,0.016993,0.514909,0.626909,0.013554,0.515544,0.666278,0.013322,0.532340,0.691595,0.014091
467,1695021708.392143,0,-38.7446,-38.7446,-17.1185,-32.5676,29.1804,538.9316,41.8356,9743.2353,2.1167,150.9190,15.3956,171.6487,174.8500,169.9349,160.4406,0.001176,0.611524,0.825456,-0.000000,0.545389,0.861610,-0.031856,0.473751,0.825845,-0.037683,0.434114,0.753775,-0.033114,0.445345,0.699922,-0.026626,0.508426,0.662451,-0.043129,0.429343,0.631159,-0.041712,0.390481,0.620299,-0.039511,0.360266,0.601119,-0.041164,0.534718,0.609366,-0.023317,0.464590,0.654224,-0.022343,0.475541,0.714336,-0.013689,0.498053,0.733480,-0.009007,0.550399,0.594389,-0.003871,0.487723,0.639495,-0.006201,0.495566,0.691261,-0.001508,0.515779,0.709892,0.001224,0.561560,0.596574,0.013580,0.514145,0.625757,0.009402,0.516056,0.664486,0.009702,0.532579,0.688171,0.010809
468,1695021708.400477,0,41.4707,41.4707,4.2649,21.3834,30.4316,661.7663,23.3803,8446.7854,2.8517,150.8549,21.4186,167.5324,170.5668,166.6138,159.5393,0.002107,0.608751,0.823834,-0.000000,0.542722,0.860322,-0.029933,0.474313,0.826357,-0.036291,0.435160,0.758540,-0.033031,0.442764,0.709573,-0.028219,0.506221,0.663578,-0.042809,0.428628,0.629480,-0.042968,0.389670,0.615731,-0.041879,0.359713,0.595105,-0.044022,0.532072,0.609118,-0.024840,0.462977,0.650661,-0.024983,0.471182,0.710091,-0.016904,0.492399,0.731148,-0.012618,0.548139,0.592364,-0.007179,0.485488,0.634693,-0.010327,0.491523,0.686702,-0.005538,0.511138,0.708390,-0.002661,0.559411,0.594726,0.008593,0.511550,0.622413,0.003567,0.512210,0.660644,0.003811,0.527773,0.686144,0.005066
469,1695021708.408810,0,-38.0490,-38.0490,-19.6242,-23.8891,38.2412,267.6065,31.3969,8459.1998,1.9382,148.5949,22.5411,164.8361,169.8895,166.8513,159.8818,0.003109,0.608193,0.825108,-0.000000,0.541161,0.862414,-0.032400,0.470304,0.826920,-0.038150,0.432216,0.755426,-0.033145,0.443173,0.703334,-0.026368,0.506230,0.661961,-0.045803,0.425875,0.625113,-0.043784,0.386455,0.612162,-0.040288,0.356939,0.591861,-0.040736,0.532938,0.608625,-0.025111,0.461960,0.651711,-0.023464,0.470463,0.711267,-0.013827,0.492721,0.731174,-0.008425,0.548614,0.593853,-0.004679,0.484771,0.638158,-0.006866,0.490652,0.690193,-0.002742,0.510443,0.710246,-0.000330,0.559076,0.596429,0.013900,0.510724,0.626944,0.009253,0.511772,0.665637,0.008729,0.528107,0.690061,0.009389
470,1695021708.417143,0,-31.4164,-31.4164,-17.0740,2.5502,36.9796,421.0744,43.5945,7474.1226,2.2247,145.3356,29.0267,161.0187,167.1563,165.3102,159.7425,0.004847,0.609214,0.824861,-0.000000,0.540875,0.863602,-0.031014,0.469041,0.826683,-0.036207,0.430889,0.749904,-0.031176,0.444221,0.694545,-0.024219,0.502934,0.664619,-0.041109,0.423114,0.623287,-0.037828,0.384239,0.607867,-0.033728,0.354861,0.585510,-0.033925,0.529912,0.611105,-0.020900,0.461631,0.649720,-0.018188,0.471062,0.708395,-0.008837,0.492966,0.728779,-0.003601,0.546502,0.595472,-0.000947,0.485718,0.636545,-0.002317,0.491965,0.687714,0.001694,0.511699,0.708352,0.004023,0.558589,0.596445,0.017209,0.511901,0.623815,0.013594,0.512810,0.661954,0.013455,0.528947,0.686808,0.014405
471,1695021708.425477,0,40.1627,40.1627,19.7268,36.8008,37.7557,967.0852,32.9677,5772.5302,1.7342,150.7917,39.8548,152.7945,160.1199,160.0404,157.5802,0.008429,0.606242,0.823754,-0.000000,0.538773,0.862506,-0.032258,0.468260,0.825217,-0.038814,0.429412,0.749917,-0.034957,0.442159,0.694663,-0.029348,0.502294,0.662757,-0.043610,0.423761,0.617145,-0.043182,0.383648,0.597964,-0.041359,0.354018,0.573348,-0.042679,0.528896,0.609804,-0.023014,0.462359,0.649637,-0.022167,0.471260,0.708887,-0.013304,0.493570,0.729311,-0.007981,0.545311,0.595779,-0.002890,0.485789,0.637621,-0.005473,0.491475,0.690009,-0.001521,0.511454,0.710723,0.001156,0.557065,0.598227,0.015345,0.512118,0.627685,0.011209,0.513590,0.666643,0.011126,0.530578,0.690637,0.012378
472,1695021708.433810,0,38.8791,38.8791,-0.6479,-20.3747,36.7641,788.2151,1.6950,5798.3069,2.7952,150.6698,39.8214,150.5071,158.7311,159.3170,157.4440,0.009233,0.604034,0.820355,-0.000000,0.536308,0.860886,-0.029804,0.467021,0.824739,-0.034901,0.429314,0.750371,-0.029773,0.440940,0.696008,-0.023198,0.499137,0.665336,-0.043270,0.421733,0.614664,-0.042676,0.381174,0.593567,-0.040774,0.350808,0.569102,-0.042045,0.526329,0.610150,-0.023486,0.461550,0.651397,-0.022088,0.470231,0.711281,-0.012359,0.492317,0.734398,-0.006565,0.543643,0.595012,-0.003974,0.484788,0.640665,-0.006391,0.491113,0.691888,-0.002275,0.511158,0.713632,0.000423,0.556124,0.596378,0.013947,0.510702,0.629651,0.009648,0.511907,0.668360,0.009676,0.528385,0.692612,0.010937
473,1695021708.442143,0,33.8309,33.8309,17.9700,18.6179,35.5726,1246.3703,32.8036,4681.6244,2.4191,141.8781,47.6159,147.0905,157.9433,161.1259,161.8150,0.012639,0.604845,0.822490,-0.000000,0.536816,0.863512,-0.030007,0.464894,0.825880,-0.035373,0.427048,0.745716,-0.030948,0.442713,0.690246,-0.024992,0.497787,0.666654,-0.041997,0.419478,0.611492,-0.040623,0.379211,0.588706,-0.037525,0.348348,0.563655,-0.038256,0.526171,0.609621,-0.022558,0.460614,0.649912,-0.021808,0.469628,0.709751,-0.012043,0.491640,0.732837,-0.006033,0.544036,0.593180,-0.003437,0.485450,0.638494,-0.006541,0.491245,0.689373,-0.002103,0.510803,0.711371,0.000988,0.556746,0.594077,0.013986,0.511393,0.627098,0.009158,0.512082,0.665533,0.008995,0.527673,0.689359,0.010229
474,1695021708.450477,0,36.4386,36.4386,16.9637,-1.0062,27.5829,1482.3742,18.0379,4242.6147,2.5706,141.4761,54.6572,141.9300,153.8286,157.5090,158.9672,0.016140,0.604298,0.820462,-0.000000,0.534846,0.862983,-0.029286,0.461304,0.824705,-0.034781,0.423800,0.743637,-0.030803,0.441608,0.691673,-0.025533,0.497184,0.664777,-0.041064,0.419000,0.609952,-0.040598,0.377951,0.584736,-0.038956,0.346777,0.556894,-0.040868,0.525676,0.608630,-0.022477,0.460953,0.648833,-0.022174,0.470208,0.708846,-0.012579,0.492883,0.731071,-0.006698,0.543859,0.593492,-0.004266,0.486437,0.636952,-0.007669,0.491984,0.687551,-0.002771,0.512593,0.708934,0.000594,0.557627,0.595259,0.012210,0.513256,0.626122,0.007280,0.515044,0.664571,0.007732,0.532606,0.688048,0.009387
475,1695021708.458810,0,-44.6998,-44.6998,-21.2156,-38.1794,32.8825,1446.0462,64.0225,4560.2673,2.4312,142.4113,57.1241,139.0473,151.5567,155.9086,158.0690,0.017428,0.602293,0.822130,-0.000000,0.533483,0.861438,-0.028868,0.463697,0.826469,-0.034083,0.428025,0.751370,-0.029341,0.440782,0.696449,-0.023223,0.496566,0.668232,-0.045357,0.418368,0.610823,-0.047666,0.376898,0.582045,-0.047672,0.345471,0.553382,-0.049897,0.524736,0.611186,-0.026536,0.459677,0.651032,-0.025699,0.466801,0.710963,-0.015219,0.488520,0.736544,-0.009256,0.542457,0.593667,-0.008142,0.483201,0.637684,-0.011118,0.488082,0.688560,-0.005927,0.507243,0.712903,-0.002725,0.555485,0.593354,0.008656,0.509387,0.625668,0.003948,0.509991,0.664170,0.004706,0.525370,0.690666,0.006422
476,1695021708.467143,0,-37.6713,-37.6713,-19.1376,2.0780,38.0990,1679.3344,44.7163,4424.8431,2.2850,145.5131,63.0342,135.9662,149.6858,155.1852,158.6692,0.020660,0.600724,0.820740,-0.000000,0.532525,0.859953,-0.025235,0.463318,0.825263,-0.030384,0.426359,0.751010,-0.027362,0.439002,0.695116,-0.023193,0.491803,0.670978,-0.039313,0.416040,0.607133,-0.041569,0.375476,0.575883,-0.041120,0.344083,0.546259,-0.042994,0.519671,0.612785,-0.022984,0.458660,0.651761,-0.023696,0.467011,0.709666,-0.014071,0.488846,0.734262,-0.008062,0.538855,0.592970,-0.007018,0.482729,0.637423,-0.011179,0.488674,0.687124,-0.005793,0.508012,0.711105,-0.001874,0.553295,0.590333,0.007609,0.508647,0.623362,0.003055,0.509309,0.662048,0.004478,0.524224,0.687936,0.006940
477,1695021708.475477,0,45.5353,45.5353,2.9261,22.0637,39.3431,602.9063,52.7058,4576.3061,2.3404,148.8441,63.2070,137.8363,150.1772,154.9694,158.5467,0.020313,0.602036,0.820715,-0.000000,0.532944,0.861877,-0.025925,0.461616,0.824552,-0.028613,0.425501,0.747600,-0.021569,0.440448,0.693847,-0.013300,0.492810,0.668187,-0.043505,0.416646,0.606262,-0.045188,0.375283,0.574290,-0.045325,0.343569,0.542966,-0.047845,0.521899,0.610044,-0.025450,0.460052,0.650259,-0.023498,0.467789,0.709132,-0.012692,0.489829,0.733642,-0.006813,0.540585,0.592582,-0.007499,0.483933,0.636726,-0.009490,0.488882,0.686060,-0.004452,0.508287,0.709407,-0.001641,0.554618,0.593209,0.009088,0.509689,0.624090,0.005227,0.510301,0.661602,0.006165,0.526335,0.688176,0.007773
478,1695021708.483810,0,-38.5414,-38.5414,-18.7450,-21.6711,40.0016,1991.7052,45.6989,4261.5385,2.2544,150.2006,67.9900,131.7500,145.2973,151.7449,157.2971,0.022768,0.598806,0.821127,-0.000000,0.529127,0.860064,-0.026880,0.459376,0.821438,-0.031226,0.424039,0.743627,-0.026095,0.438437,0.686549,-0.019839,0.491120,0.665909,-0.041459,0.415717,0.601364,-0.041943,0.374857,0.569710,-0.041546,0.343616,0.538506,-0.043780,0.520984,0.609680,-0.022520,0.459518,0.645399,-0.019300,0.467034,0.703983,-0.008295,0.488847,0.729815,-0.002278,0.541057,0.594565,-0.003792,0.484111,0.634103,-0.004815,0.489197,0.684737,0.000186,0.508783,0.709838,0.003000,0.556251,0.595024,0.013598,0.511937,0.624059,0.010968,0.512373,0.662408,0.012198,0.528139,0.688506,0.013912
479,1695021708.492143,0,41.8035,41.8035,21.6258,40.3708,41.2267,1883.3509,33.0441,4265.6517,1.8141,151.0363,68.7905,132.1955,145.1488,151.4530,157.0575,0.023090,0.598066,0.818105,-0.000000,0.529546,0.858844,-0.024679,0.461436,0.823939,-0.028072,0.425784,0.752483,-0.021922,0.437060,0.697568,-0.014832,0.488014,0.666340,-0.042047,0.413897,0.601827,-0.043022,0.373608,0.568737,-0.043251,0.343020,0.535983,-0.045546,0.517121,0.610070,-0.023334,0.458768,0.648884,-0.017986,0.466076,0.708792,-0.006045,0.487227,0.734556,0.000033,0.537372,0.594526,-0.004537,0.482906,0.638126,-0.003497,0.488289,0.689762,0.001754,0.507160,0.714185,0.004067,0.552998,0.594656,0.013207,0.510314,0.627827,0.012502,0.511340,0.667448,0.014749,0.526655,0.694174,0.016872
480,1695021708.500477,0,-44.5404,-44.5404,-1.7173,-23.3431,41.1973,266.6637,77.1531,4417.5754,1.8277,147.1026,69.3325,131.4071,146.1171,153.2722,159.3706,0.024216,0.596464,0.816383,-0.000000,0.527567,0.858564,-0.025647,0.456886,0.820864,-0.028990,0.422299,0.741977,-0.022544,0.439581,0.691258,-0.015093,0.488867,0.665259,-0.042442,0.415251,0.601269,-0.045177,0.373352,0.567798,-0.047377,0.341377,0.535379,-0.051001,0.518507,0.609154,-0.023754,0.460032,0.647688,-0.019871,0.467259,0.705814,-0.007930,0.488681,0.729323,-0.001386,0.538439,0.594956,-0.005317,0.484652,0.637155,-0.006527,0.489275,0.686664,-0.001749,0.508719,0.708949,0.001057,0.554547,0.595667,0.012001,0.511874,0.626232,0.009881,0.512382,0.664631,0.012005,0.528490,0.689482,0.014285
481,1695021708.508810,0,44.2392,44.2392,-0.3240,1.3933,41.8975,510.8984,54.5078,4484.7144,1.6222,147.9938,74.7808,129.3199,143.7021,151.2418,158.1499,0.026053,0.595378,0.816395,-0.000000,0.526802,0.859073,-0.026161,0.457963,0.821165,-0.030150,0.423162,0.742339,-0.024932,0.437775,0.686014,-0.018692,0.487368,0.666772,-0.040195,0.414290,0.600018,-0.043138,0.372731,0.565255,-0.044764,0.341521,0.533062,-0.047941,0.516918,0.610155,-0.022301,0.458466,0.648139,-0.020350,0.464833,0.706080,-0.009498,0.485584,0.730413,-0.003177,0.537002,0.594217,-0.005015,0.482872,0.638055,-0.007582,0.487096,0.687302,-0.002763,0.505741,0.709346,0.000410,0.553040,0.593990,0.010951,0.509298,0.628334,0.007629,0.509504,0.667093,0.009333,0.524675,0.691421,0.011706
482,1695021708.517143,0,-50.5276,-50.5276,-2.9966,-2.6725,43.0684,348.0126,56.9377,3274.1116,1.5783,153.7724,76.0079,128.2877,142.8828,150.9545,158.8059,0.027533,0.597134,0.817387,-0.000000,0.527736,0.858111,-0.026174,0.459140,0.820947,-0.029765,0.424230,0.745671,-0.023316,0.436297,0.690341,-0.015721,0.488023,0.667222,-0.045139,0.413082,0.600019,-0.048941,0.371367,0.563429,-0.050984,0.339877,0.529381,-0.054060,0.517187,0.609568,-0.025872,0.457745,0.647083,-0.021682,0.464238,0.706281,-0.008902,0.485297,0.732506,-0.002002,0.536725,0.593389,-0.006970,0.481357,0.636006,-0.007816,0.486036,0.687046,-0.002479,0.504614,0.711638,0.000434,0.551906,0.593193,0.010817,0.508435,0.624989,0.008766,0.508321,0.663774,0.010776,0.522704,0.691299,0.012943
483,1695021708.525477,0,-49.4575,-49.4575,-22.8153,-19.8187,44.7292,2011.0728,73.9347,3822.7416,1.2723,153.4221,76.6694,128.3438,142.1457,149.9014,157.2225,0.027050,0.593855,0.815196,-0.000000,0.524505,0.857044,-0.025670,0.456309,0.818024,-0.028850,0.422349,0.740397,-0.022132,0.436683,0.687925,-0.014358,0.485784,0.666597,-0.043904,0.412567,0.597466,-0.047280,0.371756,0.562417,-0.049233,0.340896,0.529453,-0.052314,0.515635,0.609169,-0.025277,0.457170,0.645756,-0.021631,0.463439,0.704674,-0.009451,0.483758,0.730407,-0.002629,0.535832,0.593275,-0.007027,0.482377,0.636790,-0.008092,0.487001,0.686053,-0.003574,0.505538,0.709422,-0.000987,0.552256,0.593082,0.010106,0.509459,0.628245,0.008533,0.509703,0.666070,0.010539,0.524405,0.692158,0.012702
484,1695021708.533810,0,-49.3294,-49.3294,-1.1973,21.6180,37.1388,722.7179,1.1203,3880.8923,2.0666,156.1929,84.7484,122.2438,137.5753,147.2344,156.0165,0.029850,0.593010,0.813958,-0.000000,0.522889,0.855732,-0.024938,0.456046,0.818898,-0.027820,0.423086,0.746089,-0.021138,0.435856,0.693467,-0.013453,0.483029,0.664033,-0.042000,0.411446,0.596007,-0.045967,0.370920,0.558261,-0.048877,0.340687,0.522689,-0.052626,0.514470,0.608855,-0.024010,0.458471,0.647201,-0.020601,0.464768,0.707193,-0.009299,0.485702,0.732764,-0.003331,0.536244,0.594576,-0.006496,0.483717,0.635854,-0.007927,0.488197,0.687446,-0.003275,0.507133,0.711552,-0.000654,0.553729,0.595335,0.009903,0.511741,0.624703,0.007371,0.511957,0.662926,0.009307,0.527111,0.689874,0.011610
485,1695021708.542143,0,50.9191,50.9191,1.6700,2.8672,47.7405,404.3243,81.8773,3295.4215,1.5988,154.0733,82.8882,121.6773,136.6812,146.3198,155.1563,0.029532,0.591870,0.813653,-0.000000,0.522358,0.854583,-0.024863,0.455447,0.817337,-0.028193,0.422497,0.744421,-0.022125,0.434169,0.690289,-0.015104,0.483341,0.664563,-0.042437,0.412184,0.594928,-0.047876,0.371107,0.557438,-0.051782,0.340240,0.522945,-0.056047,0.514717,0.608253,-0.025010,0.457867,0.646648,-0.023572,0.463276,0.706348,-0.012738,0.483329,0.731558,-0.006557,0.536275,0.593737,-0.008121,0.482231,0.636651,-0.011019,0.486178,0.687035,-0.005862,0.504716,0.710239,-0.002374,0.553340,0.595329,0.007628,0.509836,0.627162,0.004029,0.509507,0.665134,0.006325,0.524269,0.690766,0.009289
486,1695021708.550477,0,-50.7440,-50.7440,-0.0541,-1.7241,40.3774,546.2165,5.7296,4182.3878,1.8068,152.3472,87.5217,118.5426,135.2082,145.4544,155.5061,0.032698,0.591975,0.812884,-0.000000,0.522688,0.852853,-0.024902,0.455493,0.817108,-0.028729,0.422017,0.745115,-0.023187,0.433188,0.690517,-0.016794,0.483335,0.662299,-0.042898,0.412185,0.592154,-0.048611,0.371387,0.552421,-0.052942,0.340988,0.516392,-0.057277,0.514202,0.606243,-0.025037,0.457642,0.643202,-0.022818,0.462248,0.702125,-0.011806,0.482482,0.728261,-0.005645,0.535967,0.592169,-0.007622,0.483359,0.633767,-0.010240,0.486472,0.684130,-0.005643,0.504891,0.709089,-0.002575,0.553969,0.593590,0.008801,0.511434,0.626292,0.006039,0.511054,0.664146,0.008720,0.526053,0.690543,0.011824
487,1695021708.558810,0,53.2393,53.2393,25.6742,25.7283,49.9396,1942.8785,25.2937,3529.3621,2.1117,158.6752,84.5637,117.5337,131.9230,140.9523,149.9825,0.028860,0.591726,0.814535,-0.000000,0.521294,0.853353,-0.024965,0.452265,0.811546,-0.026458,0.420668,0.734035,-0.017420,0.437121,0.683642,-0.007348,0.482628,0.663544,-0.043829,0.413913,0.593378,-0.048494,0.373309,0.554673,-0.053610,0.342616,0.518428,-0.059096,0.514200,0.608719,-0.024177,0.458471,0.642112,-0.017521,0.464030,0.702137,-0.004663,0.484377,0.727616,0.001432,0.535817,0.595148,-0.005005,0.484105,0.631509,-0.003576,0.487068,0.681024,0.001046,0.506051,0.704672,0.002698,0.554172,0.595291,0.013133,0.512639,0.623337,0.012721,0.511997,0.660595,0.014885,0.527496,0.686774,0.016515
488,1695021708.567143,0,-42.4175,-42.4175,1.7280,-23.9462,48.8690,86.2067,63.7693,4343.6898,1.3347,150.8781,85.2977,117.3491,133.2755,142.8341,152.4760,0.030836,0.590343,0.811623,-0.000000,0.521081,0.852266,-0.023782,0.451434,0.811629,-0.026617,0.419472,0.731431,-0.020500,0.439130,0.681096,-0.013566,0.481047,0.660462,-0.038459,0.411609,0.589027,-0.041471,0.370975,0.551118,-0.044250,0.340640,0.516813,-0.048148,0.512426,0.606047,-0.021318,0.458385,0.637567,-0.017513,0.463665,0.693291,-0.006363,0.483536,0.717901,-0.000092,0.534816,0.593259,-0.004587,0.485394,0.628862,-0.005828,0.488539,0.675388,-0.001829,0.506734,0.698043,0.000661,0.553763,0.594316,0.011143,0.512973,0.621568,0.009367,0.513298,0.656960,0.011702,0.528884,0.680751,0.014240
489,1695021708.575477,0,-42.8807,-42.8807,-23.4499,-25.1779,47.8264,2058.4364,38.1931,4159.9573,1.0627,153.4205,83.7048,115.4287,131.3819,141.2214,150.7502,0.029039,0.590214,0.812659,-0.000000,0.521016,0.852781,-0.023355,0.452913,0.812000,-0.024071,0.420084,0.737984,-0.015035,0.434466,0.689844,-0.005230,0.480644,0.661034,-0.039937,0.412664,0.590086,-0.042754,0.371767,0.551084,-0.045754,0.341432,0.516065,-0.049549,0.512416,0.607498,-0.021404,0.458653,0.644405,-0.015342,0.463232,0.704119,-0.003249,0.482467,0.730409,0.003076,0.534924,0.595085,-0.003107,0.484276,0.635236,-0.002673,0.486557,0.684817,0.001316,0.503826,0.708307,0.003270,0.553604,0.596346,0.014425,0.511445,0.628498,0.013819,0.510497,0.666496,0.016525,0.525089,0.692636,0.019088
490,1695021708.583810,0,-34.9912,-34.9912,3.9382,27.3881,38.7212,82.4688,72.4345,4343.4581,0.6905,150.3194,86.1843,115.3076,131.0627,141.0510,151.2169,0.031614,0.587855,0.809784,-0.000000,0.519583,0.849820,-0.022242,0.450819,0.808606,-0.022268,0.418696,0.733276,-0.012852,0.436588,0.685920,-0.002608,0.477404,0.657812,-0.036696,0.410617,0.586802,-0.036998,0.370845,0.549261,-0.038122,0.341163,0.514777,-0.040826,0.508842,0.605200,-0.018341,0.456179,0.639448,-0.009922,0.461112,0.696482,0.002733,0.480238,0.721508,0.009090,0.531902,0.592608,-0.000122,0.482720,0.630539,0.002581,0.485830,0.678418,0.006016,0.503142,0.701655,0.007099,0.551587,0.592113,0.017317,0.510821,0.620337,0.018531,0.510422,0.656846,0.020781,0.525238,0.682559,0.022540
491,1695021708.592143,0,39.2827,39.2827,-3.4891,-7.4273,42.6280,416.8684,69.1865,4305.6478,0.6286,149.0664,87.3062,115.0197,133.1409,143.9328,154.4868,0.032959,0.589609,0.812290,-0.000000,0.519793,0.851038,-0.020957,0.454008,0.811454,-0.021957,0.421830,0.740432,-0.014183,0.434428,0.690452,-0.005663,0.477637,0.657969,-0.037569,0.410666,0.588257,-0.041332,0.370120,0.548092,-0.045028,0.340260,0.512520,-0.049115,0.510275,0.605172,-0.020963,0.457092,0.644102,-0.015998,0.461648,0.703419,-0.004765,0.481707,0.729991,0.001017,0.534101,0.592889,-0.004549,0.483100,0.632783,-0.004205,0.485208,0.683009,0.000219,0.502835,0.707692,0.002416,0.553800,0.594752,0.011132,0.512451,0.625229,0.011286,0.510644,0.662613,0.014377,0.524748,0.688999,0.017114
492,1695021708.600477,0,34.1912,34.1912,19.1522,22.6413,37.7789,2310.9245,61.2389,4555.6427,0.5996,144.8449,82.4015,115.5231,132.7103,142.2873,151.8704,0.030365,0.587811,0.810841,-0.000000,0.519489,0.849278,-0.020417,0.451810,0.807042,-0.020568,0.419566,0.732358,-0.011700,0.436464,0.684716,-0.002224,0.477570,0.654184,-0.036739,0.410766,0.586379,-0.038173,0.370491,0.548934,-0.040290,0.341328,0.515024,-0.043495,0.509772,0.601432,-0.019178,0.458535,0.637225,-0.010520,0.463520,0.692320,0.002671,0.482928,0.717562,0.009246,0.534149,0.590997,-0.001647,0.486427,0.629709,0.001094,0.489385,0.677515,0.005090,0.506754,0.701634,0.006437,0.554783,0.593469,0.015284,0.516650,0.623863,0.016462,0.516862,0.660254,0.018917,0.531890,0.686030,0.020801
493,1695021708.608810,0,34.7452,34.7452,19.4065,0.2543,36.8737,2252.7136,40.4508,4606.6704,0.8421,143.0409,84.9480,117.3377,133.8453,143.6326,153.2927,0.030366,0.587084,0.812887,-0.000000,0.518395,0.849960,-0.019607,0.450869,0.804712,-0.018474,0.419370,0.726355,-0.007879,0.438080,0.675245,0.003283,0.477306,0.657529,-0.038778,0.409729,0.585120,-0.038498,0.370000,0.548156,-0.039135,0.339962,0.515342,-0.041720,0.509668,0.603343,-0.020470,0.456914,0.639053,-0.010141,0.461250,0.694441,0.003879,0.478632,0.719752,0.010325,0.533642,0.591745,-0.001750,0.484292,0.632802,0.003870,0.486270,0.679271,0.008331,0.501881,0.703272,0.008914,0.553255,0.594270,0.016361,0.514468,0.626052,0.019370,0.512963,0.661168,0.021432,0.526014,0.687090,0.022344
494,1695021708.617143,0,27.4585,27.4585,15.6124,-3.7940,27.8216,2379.0121,71.8070,4282.8556,0.5984,142.7346,81.3539,115.6605,132.1482,141.5062,151.1612,0.029697,0.586671,0.805924,-0.000000,0.518795,0.845970,-0.020538,0.450821,0.802328,-0.019254,0.419184,0.728764,-0.008886,0.437734,0.685782,0.002204,0.476282,0.654327,-0.034531,0.410168,0.585943,-0.034373,0.370279,0.549616,-0.035222,0.341051,0.516200,-0.037762,0.507860,0.601523,-0.016830,0.456314,0.640245,-0.007800,0.461483,0.697071,0.005292,0.480124,0.720464,0.011993,0.531522,0.590243,0.000759,0.483716,0.632414,0.004585,0.486520,0.679533,0.008553,0.503050,0.701135,0.009763,0.551742,0.591737,0.017556,0.513594,0.623780,0.019781,0.513360,0.659176,0.022257,0.527744,0.683469,0.024032
495,1695021708.625477,0,25.8660,25.8660,-3.3542,-18.9666,4.9629,352.9888,75.9790,4355.9095,0.8809,142.9375,79.3952,116.5405,131.2871,139.7069,148.5106,0.027088,0.586586,0.806140,-0.000000,0.517960,0.845341,-0.020637,0.450356,0.800872,-0.019422,0.419263,0.723838,-0.009046,0.438340,0.677296,0.002081,0.474368,0.650374,-0.033081,0.409457,0.584823,-0.031100,0.370514,0.550026,-0.031275,0.341980,0.516929,-0.033642,0.507179,0.599436,-0.015215,0.456784,0.637380,-0.004620,0.462077,0.693243,0.007791,0.481135,0.717321,0.013684,0.532094,0.590118,0.002692,0.485054,0.629214,0.007987,0.487863,0.677367,0.011196,0.504720,0.700796,0.011571,0.553445,0.592952,0.019783,0.515909,0.622462,0.023172,0.515533,0.657832,0.025296,0.530064,0.682881,0.026570
496,1695021708.633810,0,30.4399,30.4399,-0.9378,2.4164,3.5318,142.3050,67.4941,4381.3600,0.8558,143.1435,79.5873,117.7164,132.3604,140.5117,149.0674,0.027875,0.585357,0.803132,-0.000000,0.517080,0.843000,-0.020702,0.449870,0.797846,-0.019230,0.419723,0.723106,-0.008758,0.438435,0.678579,0.002547,0.475440,0.651486,-0.034215,0.409657,0.584834,-0.034057,0.370438,0.548740,-0.034873,0.341733,0.515773,-0.037438,0.508251,0.599955,-0.017457,0.457403,0.636380,-0.010139,0.461433,0.691550,0.001707,0.479066,0.714839,0.007961,0.532714,0.589081,-0.000871,0.485071,0.628337,0.001865,0.486363,0.674425,0.005415,0.501887,0.695343,0.006686,0.553179,0.591372,0.014788,0.514508,0.620951,0.016019,0.512764,0.655181,0.018020,0.526385,0.678171,0.019661
497,1695021708.642143,0,-20.8603,-20.8603,-13.9014,-12.9636,20.4201,2388.4276,83.0739,4304.4219,1.4366,138.4136,81.4489,115.1332,131.7306,140.4507,147.8785,0.028316,0.588126,0.806798,-0.000000,0.519111,0.843458,-0.018059,0.450723,0.797001,-0.014898,0.419445,0.721281,-0.002983,0.438203,0.674559,0.009515,0.476263,0.652306,-0.031886,0.410229,0.583930,-0.028308,0.371742,0.548396,-0.026661,0.343287,0.516148,-0.028103,0.508738,0.599989,-0.015226,0.457471,0.636255,-0.004608,0.462473,0.692190,0.008219,0.480338,0.716910,0.014239,0.533427,0.588333,0.001777,0.485073,0.629684,0.008350,0.487384,0.677157,0.012400,0.502991,0.699899,0.012604,0.554063,0.590686,0.018017,0.515059,0.623217,0.021802,0.513811,0.659143,0.023714,0.527407,0.684211,0.024407
498,1695021708.650477,0,-24.4549,-24.4549,-12.9783,0.9230,24.8481,2355.0937,51.7973,4455.1335,1.4717,136.6474,84.0059,114.9659,129.6563,138.2950,147.4381,0.029374,0.589198,0.806296,-0.000000,0.519571,0.844551,-0.018043,0.451750,0.796986,-0.015105,0.420858,0.720591,-0.003519,0.439502,0.674146,0.008716,0.475559,0.649521,-0.031772,0.410155,0.582690,-0.029490,0.371849,0.547534,-0.029037,0.344030,0.514650,-0.031196,0.509060,0.597985,-0.015454,0.458165,0.634847,-0.005396,0.463662,0.691035,0.006893,0.482410,0.714853,0.012457,0.534116,0.586614,0.001072,0.485547,0.626955,0.007148,0.488071,0.674843,0.011402,0.504197,0.696958,0.011776,0.554795,0.589755,0.016760,0.515777,0.621534,0.020644,0.514904,0.657420,0.022994,0.528781,0.682222,0.024032
499,1695021708.658810,0,25.3581,25.3581,-0.1270,12.8514,24.5260,470.5273,20.3872,4439.8695,2.2524,141.5471,90.3560,107.2373,122.9155,132.4948,142.2918,0.030927,0.588901,0.801619,-0.000000,0.520537,0.839742,-0.019878,0.452615,0.793405,-0.018558,0.421920,0.715878,-0.008571,0.441292,0.670514,0.002192,0.476642,0.648147,-0.031692,0.412602,0.581602,-0.030643,0.374236,0.544216,-0.031314,0.346566,0.510381,-0.034078,0.509516,0.596663,-0.015315,0.460208,0.632429,-0.006180,0.464892,0.686684,0.005977,0.483239,0.710053,0.011917,0.534310,0.586058,0.000855,0.487994,0.623926,0.004841,0.489573,0.669946,0.008728,0.505106,0.691966,0.009710,0.555609,0.588922,0.016115,0.517547,0.616938,0.018341,0.516111,0.651419,0.020759,0.529505,0.675717,0.022381
500,1695021708.667143,0,20.8015,20.8015,-2.4096,-2.2826,23.8318,425.2326,47.2687,4442.4796,1.7980,142.6157,87.8471,107.1774,119.5180,127.4200,136.3917,0.026295,0.590308,0.803191,-0.000000,0.520662,0.839151,-0.017891,0.452128,0.790002,-0.014925,0.422089,0.712998,-0.003685,0.442411,0.669831,0.008174,0.478536,0.643516,-0.028643,0.415623,0.580944,-0.026478,0.377875,0.546619,-0.026538,0.351116,0.513698,-0.029097,0.512403,0.593979,-0.013229,0.463153,0.633746,-0.003470,0.469544,0.689961,0.008454,0.489691,0.712116,0.014000,0.537680,0.584838,0.002066,0.491419,0.624826,0.007203,0.494483,0.673435,0.010981,0.511781,0.695391,0.011389,0.559586,0.589350,0.016440,0.522956,0.619781,0.019499,0.523194,0.655913,0.021597,0.538451,0.680819,0.022679
501,1695021708.675477,0,29.0966,29.0966,12.4892,14.8988,23.5637,2126.9896,58.0838,4756.3038,2.4570,150.5679,92.7173,104.1476,115.6197,123.7142,133.3286,0.026364,0.589744,0.800252,-0.000000,0.521177,0.834945,-0.019973,0.453194,0.788143,-0.020106,0.422797,0.711443,-0.012558,0.442246,0.667049,-0.004408,0.480603,0.643127,-0.029909,0.417918,0.580548,-0.031263,0.379537,0.544143,-0.033335,0.352430,0.510519,-0.036973,0.513205,0.593074,-0.015477,0.464163,0.632350,-0.010607,0.470370,0.688530,-0.000666,0.490803,0.711878,0.004614,0.537952,0.582474,-0.001535,0.492628,0.622074,-0.000831,0.495774,0.670161,0.003409,0.513129,0.692644,0.005452,0.560104,0.586007,0.011240,0.522718,0.615877,0.011214,0.523019,0.651816,0.013846,0.538134,0.676626,0.016282
502,1695021708.683810,1,29.1329,29.1329,13.3969,0.9077,20.4510,2026.4658,7.7642,5217.3989,2.4504,153.9684,93.0533,103.2324,113.6732,121.5996,130.4143,0.025459,0.589507,0.797243,-0.000000,0.521845,0.830939,-0.017533,0.458010,0.788362,-0.017986,0.427487,0.717744,-0.011183,0.440170,0.670669,-0.003755,0.481559,0.639879,-0.029901,0.419267,0.577333,-0.031826,0.381918,0.540849,-0.034410,0.355124,0.508176,-0.038152,0.514433,0.590225,-0.016617,0.467018,0.627156,-0.012610,0.472088,0.682062,-0.003984,0.491202,0.707943,0.000250,0.539724,0.579254,-0.003384,0.494583,0.616541,-0.003165,0.497050,0.663602,0.000442,0.513512,0.687984,0.002009,0.560787,0.582758,0.009062,0.523637,0.610866,0.008703,0.522978,0.646742,0.011082,0.536641,0.672236,0.013379
503,1695021708.692143,1,17.8262,17.8262,-1.8830,-15.2799,4.5063,519.3877,75.3664,5662.7981,1.4920,150.7245,94.7139,104.6563,111.1574,116.5143,123.1479,0.021607,0.592882,0.802809,-0.000000,0.525197,0.833209,-0.018103,0.458747,0.783867,-0.014370,0.427867,0.707745,-0.001648,0.444992,0.661218,0.011996,0.483286,0.640665,-0.030009,0.421117,0.576596,-0.024722,0.386157,0.543663,-0.022217,0.360255,0.511707,-0.023083,0.515839,0.592084,-0.012876,0.464996,0.622513,0.000434,0.469536,0.676232,0.012719,0.486304,0.700814,0.017809,0.539722,0.581137,0.004641,0.491978,0.616786,0.013268,0.493961,0.663303,0.015849,0.508258,0.685782,0.014627,0.558913,0.583500,0.021431,0.519754,0.608811,0.027137,0.518233,0.643495,0.028670,0.530806,0.669793,0.028715
504,1695021708.700477,1,10.4398,10.4398,-2.5904,-0.7074,7.1032,394.3367,75.9604,5116.4576,2.5467,150.9390,95.3553,102.5751,109.0476,114.6549,121.6019,0.021329,0.594429,0.799534,-0.000000,0.526696,0.831531,-0.016175,0.460337,0.780903,-0.011882,0.429653,0.707469,0.000258,0.446961,0.666601,0.013141,0.483764,0.639193,-0.025052,0.423553,0.575830,-0.019539,0.388260,0.542916,-0.016980,0.362541,0.510855,-0.017864,0.516646,0.589687,-0.010285,0.470403,0.622575,0.001302,0.475796,0.675876,0.012545,0.493391,0.699061,0.017675,0.542305,0.578463,0.004725,0.498293,0.613534,0.011942,0.500283,0.658499,0.014423,0.515066,0.680011,0.013733,0.563182,0.581849,0.018959,0.526820,0.606760,0.024049,0.525464,0.640536,0.025886,0.538711,0.665744,0.026471
505,1695021708.708810,1,-13.4725,-13.4725,-10.6423,-8.0518,15.7298,1469.8927,27.0271,4999.5193,2.0237,151.3179,95.0679,100.6450,106.4070,110.2838,117.0966,0.020042,0.597256,0.801163,-0.000000,0.528262,0.829811,-0.015683,0.461409,0.778787,-0.011182,0.430902,0.703005,0.001684,0.447998,0.660018,0.015333,0.487845,0.636711,-0.028726,0.426048,0.573355,-0.023204,0.392187,0.542723,-0.020279,0.366872,0.511656,-0.021176,0.521224,0.588097,-0.013398,0.469357,0.619694,-0.000806,0.474511,0.674977,0.011556,0.491224,0.698311,0.016544,0.545626,0.577325,0.002536,0.497059,0.615279,0.011115,0.499094,0.661307,0.014705,0.513665,0.683113,0.013806,0.564894,0.581570,0.017813,0.525004,0.608513,0.023173,0.523641,0.642719,0.024931,0.536615,0.669092,0.024917
506,1695021708.717143,1,-11.1755,-11.1755,-10.0771,0.5652,16.5370,1301.7990,44.1049,4950.2592,2.6127,156.0278,98.1599,99.5172,102.0759,104.4397,109.4341,0.017224,0.598995,0.801942,-0.000000,0.529077,0.828577,-0.014264,0.463499,0.775522,-0.009091,0.434495,0.700167,0.004281,0.452506,0.658592,0.018322,0.487275,0.634008,-0.026322,0.427863,0.572297,-0.019759,0.394639,0.540971,-0.017301,0.369855,0.509228,-0.018685,0.521615,0.585782,-0.011066,0.474077,0.613628,0.004858,0.479323,0.667499,0.017896,0.495271,0.691840,0.022660,0.548024,0.576681,0.004846,0.503241,0.609505,0.016565,0.505198,0.655266,0.019984,0.519073,0.677941,0.018158,0.569246,0.582276,0.020162,0.532715,0.605459,0.028015,0.531381,0.639204,0.029997,0.543660,0.665976,0.029510
507,1695021708.725477,1,-8.7509,-8.7509,-6.6443,3.4328,12.6844,1059.4421,51.2549,5209.8755,2.7373,160.0656,102.7182,98.4970,97.8725,98.7300,103.3977,0.016003,0.600262,0.799711,-0.000000,0.530952,0.825975,-0.017698,0.465496,0.771102,-0.012367,0.437579,0.695417,0.002362,0.455411,0.654379,0.018048,0.491456,0.629231,-0.028845,0.430369,0.569785,-0.020269,0.397634,0.540622,-0.015662,0.373944,0.508930,-0.015574,0.526245,0.583865,-0.011116,0.476532,0.610122,0.006043,0.481161,0.664235,0.019987,0.497625,0.688610,0.025357,0.552040,0.577233,0.007085,0.506092,0.607601,0.019314,0.507378,0.654230,0.021928,0.520889,0.676752,0.019540,0.572324,0.583746,0.024532,0.535064,0.606312,0.032233,0.533706,0.639575,0.033141,0.546218,0.665937,0.031822
508,1695021708.733810,1,7.6965,7.6965,-0.6858,5.9584,10.0460,517.5337,28.2349,5003.7136,2.5905,162.7222,102.7656,96.5882,94.9682,94.1876,98.6614,0.014725,0.603848,0.801954,-0.000000,0.534012,0.825872,-0.015984,0.467660,0.769248,-0.011416,0.439454,0.691569,0.001824,0.460355,0.651458,0.015915,0.495668,0.628696,-0.026469,0.435304,0.569535,-0.019587,0.401858,0.540288,-0.017308,0.377479,0.507240,-0.019075,0.530579,0.583159,-0.010375,0.480622,0.608059,0.005667,0.486021,0.664063,0.018557,0.502768,0.688426,0.023245,0.556424,0.575840,0.006189,0.510306,0.604930,0.018190,0.512496,0.652053,0.021305,0.527188,0.674513,0.019226,0.577231,0.582331,0.021980,0.539775,0.602691,0.030283,0.539204,0.636541,0.032219,0.552782,0.663140,0.031568
509,1695021708.742143,1,-3.3295,-3.3295,2.5357,3.2216,7.5462,533.9516,52.8989,4378.2137,2.4758,161.1227,106.6115,93.5962,90.6606,89.6120,94.1271,0.013324,0.604777,0.799138,-0.000000,0.536638,0.822607,-0.017871,0.472290,0.766329,-0.012987,0.443558,0.693404,0.000769,0.460345,0.655037,0.015505,0.498249,0.623856,-0.026647,0.438736,0.566219,-0.018748,0.405386,0.537742,-0.014541,0.382552,0.505879,-0.014533,0.533475,0.581600,-0.010172,0.484765,0.607823,0.004567,0.488705,0.662247,0.017009,0.505726,0.686670,0.022320,0.559826,0.576300,0.006611,0.514287,0.605306,0.016231,0.515098,0.652257,0.018224,0.528775,0.674430,0.016518,0.580659,0.584161,0.022564,0.543656,0.605946,0.028426,0.542158,0.639319,0.029167,0.554945,0.665542,0.028526
510,1695021708.750477,1,13.1152,13.1152,6.0727,3.5369,9.4086,512.6168,56.1843,3929.3839,2.5381,155.3951,107.1968,93.0640,86.8653,83.8886,88.7726,0.012071,0.605628,0.798238,-0.000000,0.536819,0.821224,-0.016700,0.475730,0.766418,-0.012064,0.447386,0.695801,0.002696,0.459723,0.655779,0.018432,0.502541,0.622300,-0.031399,0.443983,0.564983,-0.024411,0.411196,0.536857,-0.023267,0.386966,0.505383,-0.025408,0.538212,0.580413,-0.011908,0.487622,0.604154,0.009429,0.490910,0.661031,0.024073,0.506588,0.686962,0.028339,0.564029,0.576513,0.008435,0.516063,0.600519,0.024877,0.516029,0.650090,0.027434,0.529340,0.673679,0.023572,0.583257,0.583875,0.028384,0.545893,0.600950,0.039699,0.542978,0.636476,0.041463,0.554321,0.665253,0.039832
511,1695021708.758810,1,1.6205,1.6205,2.5928,-3.4798,7.7473,397.2797,77.0157,3642.3422,3.1470,158.6420,112.2394,91.7331,83.4177,78.3250,82.2145,0.010849,0.608507,0.800492,-0.000000,0.539677,0.819531,-0.017313,0.475844,0.761606,-0.013602,0.448233,0.686317,-0.000803,0.466982,0.644914,0.013037,0.506781,0.615995,-0.027813,0.446757,0.558865,-0.018827,0.414043,0.533404,-0.014572,0.391407,0.504289,-0.014847,0.543279,0.577184,-0.010512,0.493545,0.599618,0.006488,0.497718,0.653930,0.019439,0.515149,0.680212,0.024193,0.569969,0.575974,0.007473,0.523238,0.599655,0.019506,0.523693,0.647831,0.021470,0.537400,0.672036,0.018741,0.590157,0.586028,0.024857,0.553482,0.604498,0.032751,0.551470,0.639071,0.033549,0.563354,0.666824,0.032156
512,1695021708.767143,1,3.7547,3.7547,-0.9855,-3.5783,5.5599,569.5865,5.4976,3582.9649,2.7822,164.3642,115.8800,90.3784,78.1550,70.7291,73.7005,0.008363,0.612201,0.799569,-0.000000,0.543079,0.816407,-0.016486,0.480527,0.758002,-0.012680,0.452921,0.684500,-0.000298,0.468186,0.645993,0.013137,0.510962,0.613546,-0.025089,0.452800,0.557630,-0.017557,0.420042,0.531002,-0.015024,0.397160,0.500609,-0.016467,0.547882,0.574847,-0.009063,0.497856,0.599284,0.007324,0.502047,0.655583,0.019125,0.519553,0.680971,0.022988,0.574611,0.573097,0.007428,0.527284,0.597007,0.018492,0.527861,0.646498,0.020595,0.541900,0.669557,0.018086,0.594568,0.583498,0.023282,0.557014,0.601468,0.030488,0.554890,0.637652,0.031896,0.566445,0.666121,0.031117
513,1695021708.775477,1,-4.0488,-4.0488,-0.1798,0.8056,6.1889,754.4663,11.9401,3650.7126,2.5092,164.8264,124.7266,93.4172,75.4677,63.3462,63.9135,0.006630,0.615838,0.802909,-0.000000,0.545439,0.815119,-0.017187,0.481437,0.752756,-0.011897,0.455147,0.675851,0.002880,0.474334,0.637067,0.018843,0.515366,0.609928,-0.026557,0.457638,0.552499,-0.017962,0.426305,0.527870,-0.014964,0.403648,0.498080,-0.016233,0.551936,0.573540,-0.009061,0.499151,0.596188,0.008561,0.502958,0.656269,0.020513,0.518993,0.683814,0.024032,0.577318,0.570812,0.008994,0.526314,0.596031,0.021245,0.528039,0.649282,0.022637,0.542156,0.673918,0.019249,0.596225,0.579661,0.026499,0.554888,0.597645,0.034518,0.552951,0.636388,0.035462,0.564795,0.667381,0.034091
514,1695021708.783810,1,16.0972,16.0972,0.7455,0.9253,7.4528,886.1354,55.8883,3818.6957,2.7136,160.7106,130.9782,94.4282,73.3836,57.7143,55.7364,0.004783,0.617962,0.794045,-0.000000,0.549029,0.808267,-0.019582,0.490349,0.750358,-0.020015,0.463185,0.678297,-0.011896,0.473908,0.641344,-0.002669,0.523602,0.605958,-0.030846,0.464891,0.554076,-0.028059,0.431993,0.527882,-0.028354,0.410107,0.496185,-0.031276,0.559856,0.571190,-0.015647,0.508996,0.590980,-0.005436,0.510372,0.648392,0.003854,0.526915,0.675678,0.006928,0.585324,0.570961,-0.000121,0.536839,0.585449,0.005080,0.535518,0.635090,0.007694,0.549482,0.660672,0.007115,0.603965,0.582485,0.014580,0.564758,0.590974,0.017797,0.560785,0.625897,0.020051,0.571714,0.654529,0.021016
515,1695021708.792143,1,-13.7059,-13.7059,-3.8316,-4.5771,9.7706,1022.3929,33.4351,3773.5785,2.6203,159.5301,137.6804,96.0217,72.4474,53.7442,48.9149,0.003487,0.624031,0.801484,-0.000000,0.554221,0.811294,-0.017519,0.492849,0.748240,-0.017196,0.466627,0.670064,-0.008940,0.480458,0.634715,0.000400,0.528919,0.606703,-0.028757,0.471274,0.552586,-0.026009,0.438131,0.525337,-0.025960,0.415997,0.493992,-0.028539,0.564583,0.570293,-0.014731,0.513363,0.594689,-0.004903,0.513127,0.654775,0.004428,0.528455,0.684094,0.007650,0.589144,0.568641,-0.000264,0.540223,0.590423,0.004243,0.537877,0.641426,0.006661,0.551054,0.669013,0.006087,0.607270,0.580001,0.013579,0.567076,0.592233,0.016978,0.561939,0.628689,0.019553,0.571663,0.660567,0.020793
516,1695021708.800477,1,15.1490,15.1490,2.8486,6.6802,11.3795,961.4108,5.4871,4109.9148,1.8217,158.0378,143.1635,98.7460,71.7757,48.4117,39.5890,0.002443,0.626049,0.801177,-0.000001,0.556772,0.808881,-0.016129,0.498072,0.748021,-0.016138,0.472059,0.672849,-0.008967,0.484109,0.636561,-0.000909,0.534488,0.607560,-0.027683,0.478118,0.553033,-0.026585,0.445157,0.524795,-0.027469,0.422912,0.493679,-0.030388,0.569729,0.570744,-0.015115,0.517815,0.596111,-0.007618,0.516743,0.656010,0.000807,0.531538,0.685095,0.003894,0.594047,0.568023,-0.002109,0.543706,0.593190,0.000931,0.540972,0.643320,0.003826,0.554091,0.670212,0.004005,0.611677,0.579138,0.010318,0.569906,0.594434,0.013182,0.564597,0.630893,0.016409,0.574372,0.661832,0.018404
517,1695021708.808810,1,-8.5235,-8.5235,-1.1187,-3.9673,12.3334,863.3384,36.2355,4586.1881,1.8603,159.8974,149.9961,102.7783,72.5639,44.3230,29.8174,0.001442,0.628474,0.797172,-0.000000,0.558313,0.805985,-0.018525,0.498890,0.741660,-0.019265,0.474785,0.662056,-0.012622,0.490487,0.628578,-0.004796,0.538962,0.602329,-0.026309,0.482782,0.549740,-0.023857,0.451006,0.523368,-0.023979,0.429917,0.492627,-0.026974,0.575026,0.569891,-0.013250,0.521824,0.588498,-0.006582,0.521309,0.645851,0.001018,0.537097,0.674233,0.003768,0.599618,0.568961,-0.000097,0.549065,0.585705,0.002443,0.547001,0.634475,0.005112,0.561223,0.660748,0.005231,0.618046,0.580876,0.012031,0.577283,0.589628,0.013263,0.572854,0.624515,0.014982,0.583513,0.654460,0.016077
518,1695021708.817143,1,5.1959,5.1959,-2.7253,-1.6066,12.1302,1981.8410,82.5579,4825.0257,2.5206,168.4977,155.0968,105.7913,73.7783,42.6047,23.6908,0.000983,0.630648,0.800661,-0.000000,0.561789,0.805647,-0.019356,0.501856,0.738221,-0.016561,0.477055,0.659481,-0.004440,0.495275,0.628348,0.009044,0.543659,0.596692,-0.026565,0.485336,0.545105,-0.016385,0.454283,0.521690,-0.011680,0.434408,0.491390,-0.011975,0.580205,0.568085,-0.009118,0.525034,0.590167,0.006480,0.524526,0.649269,0.016638,0.539959,0.677812,0.019443,0.603730,0.570053,0.009073,0.552423,0.589957,0.019555,0.550378,0.641069,0.020233,0.563309,0.667225,0.016935,0.620552,0.581815,0.026464,0.580535,0.594105,0.033556,0.576537,0.630439,0.034110,0.586680,0.661737,0.032842
519,1695021708.825477,1,10.9011,10.9011,6.1517,8.8771,11.1316,2368.1273,60.7702,7462.5107,1.7486,165.4969,160.2371,109.2647,75.6640,42.7679,17.0255,0.000387,0.631911,0.797180,-0.000000,0.563753,0.802966,-0.023348,0.504283,0.735312,-0.024105,0.480914,0.654241,-0.015660,0.499851,0.625126,-0.005880,0.551596,0.598156,-0.032347,0.493062,0.546846,-0.028308,0.461200,0.521986,-0.026733,0.440497,0.491540,-0.028886,0.587568,0.568374,-0.015806,0.529342,0.588915,-0.008389,0.527899,0.647434,0.000140,0.543613,0.674917,0.003118,0.609387,0.568531,0.000783,0.555282,0.587618,0.003485,0.552901,0.635895,0.005794,0.566543,0.660955,0.005369,0.624556,0.580378,0.016096,0.581740,0.591250,0.016643,0.578164,0.626368,0.017403,0.589235,0.656135,0.017645
520,1695021708.833810,1,-4.2498,-4.2498,-4.8497,-11.0014,8.9195,2573.8240,59.8064,7986.4306,3.1131,167.4290,162.0181,113.5107,77.9162,42.3082,12.3557,0.000301,0.634358,0.799565,-0.000000,0.567894,0.803260,-0.021918,0.510118,0.738629,-0.022970,0.484217,0.663079,-0.015235,0.497579,0.632150,-0.006281,0.554846,0.597238,-0.031819,0.496567,0.544075,-0.025583,0.465134,0.521325,-0.022094,0.444526,0.493603,-0.022819,0.590997,0.566887,-0.015473,0.533955,0.586413,-0.006577,0.532464,0.643512,0.002165,0.546912,0.672592,0.005266,0.613496,0.567519,0.001422,0.560396,0.586646,0.005383,0.557750,0.634289,0.007092,0.569543,0.661624,0.006187,0.627927,0.579820,0.017380,0.587094,0.587655,0.019082,0.582863,0.621348,0.019847,0.591686,0.652195,0.020047
521,1695021708.842143,1,-0.0124,-0.0124,2.1278,6.9774,6.8461,512.8150,20.3569,6894.7407,3.3059,164.7384,164.6654,118.3998,83.1087,48.5659,10.0267,0.000000,0.636560,0.792945,-0.000000,0.569811,0.799489,-0.021944,0.512828,0.733644,-0.023279,0.488243,0.655037,-0.016129,0.500695,0.623926,-0.007573,0.559868,0.596071,-0.029062,0.501862,0.543875,-0.023661,0.469941,0.521088,-0.020988,0.449630,0.494743,-0.022010,0.595302,0.566772,-0.013154,0.540123,0.579184,-0.005219,0.537138,0.633248,0.002758,0.550991,0.661231,0.005726,0.617327,0.566814,0.002990,0.565245,0.580036,0.005632,0.561009,0.625330,0.007067,0.572816,0.651670,0.006541,0.631917,0.577657,0.018200,0.590410,0.581999,0.019387,0.585020,0.614572,0.020344,0.593838,0.644772,0.020917
522,1695021708.850477,1,-7.7526,-7.7526,-3.2371,-5.3649,6.6432,3181.8128,46.2887,6194.2176,2.4165,157.9043,172.3683,125.0563,88.7086,53.6664,11.6542,0.000000,0.640367,0.794790,-0.000000,0.573283,0.800102,-0.021242,0.516540,0.733364,-0.022330,0.492112,0.656025,-0.015234,0.504187,0.625602,-0.006658,0.562215,0.594968,-0.027338,0.505816,0.542232,-0.020374,0.475822,0.521875,-0.016312,0.457578,0.496933,-0.016500,0.597383,0.566313,-0.011856,0.543030,0.571817,-0.002790,0.539811,0.625076,0.005161,0.553120,0.655461,0.007862,0.620121,0.566452,0.003951,0.569363,0.572794,0.007490,0.565151,0.619257,0.008601,0.576301,0.649356,0.007568,0.635454,0.577523,0.018833,0.595834,0.577919,0.020136,0.590469,0.609493,0.020193,0.598121,0.640256,0.019960
523,1695021708.858810,1,13.3903,13.3903,0.6223,3.8594,8.3205,3526.5489,50.8671,5691.4908,2.2336,154.8773,175.9546,130.0737,92.9688,57.2036,15.4352,0.000000,0.642699,0.797570,-0.000000,0.575343,0.800389,-0.021195,0.518409,0.732416,-0.022715,0.493362,0.655310,-0.016167,0.504098,0.623793,-0.008139,0.567032,0.591567,-0.028198,0.508903,0.538823,-0.019669,0.479292,0.521613,-0.013551,0.461755,0.499369,-0.012517,0.602318,0.563761,-0.013044,0.544889,0.572888,-0.004615,0.542224,0.626678,0.003275,0.555788,0.655561,0.006038,0.624318,0.565050,0.002739,0.570365,0.576433,0.005608,0.566797,0.623181,0.007091,0.577809,0.651990,0.006370,0.637707,0.577465,0.017634,0.596280,0.581225,0.017775,0.591399,0.614199,0.017709,0.598680,0.644243,0.017615
524,1695021708.867143,0,19.2386,19.2386,5.8721,5.2498,10.4173,651.9981,55.7539,5650.0482,2.5641,153.1142,178.4860,135.2676,98.4264,62.4370,21.0015,0.000000,0.643978,0.796378,-0.000000,0.576299,0.797923,-0.022404,0.519085,0.727354,-0.024127,0.495096,0.647893,-0.017376,0.508172,0.615719,-0.009122,0.572503,0.586650,-0.029338,0.511597,0.534852,-0.018567,0.481895,0.521287,-0.009870,0.466156,0.502438,-0.007029,0.607376,0.560837,-0.012669,0.547559,0.571139,-0.003624,0.544280,0.625145,0.004688,0.558099,0.654651,0.007877,0.628298,0.563563,0.004898,0.572950,0.576279,0.008196,0.568513,0.623012,0.008927,0.579116,0.652334,0.007654,0.640140,0.576019,0.021703,0.597269,0.581922,0.022001,0.591881,0.616261,0.021259,0.599187,0.646396,0.020637
525,1695021708.875477,0,-33.0316,-33.0316,-8.2548,-14.1269,18.3699,3970.9048,75.1816,5268.8660,3.1605,149.7963,181.9958,142.4231,104.3419,67.9182,26.5531,0.000000,0.643221,0.797874,-0.000000,0.575622,0.795029,-0.018545,0.521679,0.723273,-0.019267,0.498459,0.646101,-0.012105,0.508341,0.612558,-0.003244,0.570117,0.584483,-0.024334,0.512990,0.527847,-0.009473,0.485503,0.518222,0.001988,0.472007,0.505342,0.006712,0.606411,0.559951,-0.007992,0.549877,0.557893,0.007375,0.546841,0.608237,0.017421,0.559771,0.637790,0.020482,0.629891,0.564818,0.009743,0.576692,0.568860,0.019317,0.572540,0.613993,0.020351,0.582585,0.645312,0.017638,0.644300,0.578524,0.027052,0.603617,0.578007,0.032482,0.597839,0.610131,0.032465,0.603719,0.641091,0.031093
526,1695021708.883810,0,,,0.0000,0.0000,0.0000,0.0000,4.4318,5633.5474,2.3561,118.7276,183.6346,149.6902,110.7642,73.6900,32.3803,0.000000,0.644290,0.797544,-0.000000,0.577315,0.794348,-0.020609,0.523876,0.722450,-0.022096,0.500292,0.640915,-0.015257,0.511309,0.604519,-0.006365,0.574337,0.583312,-0.025781,0.518574,0.526601,-0.011050,0.491739,0.518571,0.000856,0.477311,0.507787,0.005975,0.609733,0.557847,-0.008522,0.553395,0.555735,0.005675,0.550046,0.604336,0.015273,0.562451,0.633330,0.018335,0.632254,0.561236,0.010055,0.578961,0.564863,0.017772,0.574521,0.609384,0.018437,0.584334,0.641161,0.016088,0.646103,0.573498,0.028139,0.604570,0.572786,0.031516,0.597874,0.605213,0.030750,0.603248,0.636261,0.029399
527,1695021708.892143,0,,,0.0000,0.0000,0.0000,0.0000,0.8124,6975.8394,1.2496,119.7222,186.8780,146.7681,107.1344,69.6472,28.8465,0.000000,0.645318,0.795696,-0.000000,0.578530,0.791208,-0.021639,0.524539,0.718240,-0.023673,0.501523,0.635968,-0.017372,0.513181,0.602432,-0.009022,0.579358,0.582519,-0.027447,0.520877,0.521883,-0.012459,0.493538,0.511398,0.000298,0.478418,0.498850,0.005828,0.614287,0.557219,-0.009903,0.553985,0.549514,0.002754,0.549635,0.598022,0.012426,0.560905,0.628452,0.016082,0.635640,0.559230,0.009039,0.578856,0.561491,0.015855,0.572698,0.604286,0.017108,0.580635,0.635001,0.015503,0.647783,0.570341,0.027389,0.603505,0.566885,0.029711,0.594373,0.597440,0.028906,0.596997,0.626767,0.027767
528,1695021708.900477,0,,,0.0000,0.0000,0.0000,0.0000,34.7991,5921.7028,1.7678,101.7353,191.3732,150.1984,109.7764,72.2978,32.6489,0.000000,0.645142,0.792224,-0.000000,0.578352,0.788114,-0.023731,0.525912,0.713364,-0.026067,0.503400,0.627683,-0.018765,0.517585,0.592118,-0.009026,0.582450,0.580457,-0.032107,0.523510,0.518973,-0.017772,0.496511,0.509687,-0.004604,0.482132,0.496204,0.001260,0.616488,0.554988,-0.012999,0.552564,0.541920,-0.000350,0.549016,0.595438,0.010671,0.562404,0.625407,0.015182,0.636342,0.555545,0.007454,0.576581,0.552269,0.013926,0.571947,0.601251,0.015939,0.582718,0.632598,0.014837,0.647519,0.565256,0.027246,0.601872,0.560302,0.029165,0.594314,0.594423,0.028124,0.599812,0.624759,0.026711
529,1695021708.908810,0,,,0.0000,0.0000,0.0000,0.0000,24.9892,5253.6948,1.9515,112.2091,195.1979,146.1855,105.7288,68.4173,31.5804,0.000000,0.647959,0.795552,-0.000000,0.581151,0.789145,-0.024686,0.526422,0.711463,-0.027984,0.503514,0.626777,-0.022321,0.516327,0.596545,-0.014518,0.586124,0.578227,-0.031693,0.525799,0.512968,-0.019403,0.497384,0.500798,-0.007761,0.482236,0.487561,-0.002906,0.620622,0.554088,-0.013289,0.554495,0.546916,-0.003988,0.550127,0.600964,0.005402,0.562770,0.632983,0.009380,0.640064,0.556328,0.006152,0.578432,0.559216,0.009750,0.573283,0.606246,0.011616,0.582924,0.637794,0.011070,0.650210,0.567869,0.024691,0.603914,0.565067,0.023854,0.596260,0.598869,0.022340,0.600514,0.628931,0.021214
530,1695021708.917143,0,-10.6952,-10.6952,-0.7357,0.0000,18.6758,397.4725,32.0240,4867.6716,1.9568,137.2176,201.3877,137.6150,95.9569,59.2033,28.4042,0.000000,0.650196,0.797996,-0.000000,0.583286,0.788534,-0.024519,0.526418,0.708021,-0.027558,0.504590,0.620467,-0.021745,0.520406,0.593315,-0.013972,0.590282,0.583422,-0.032751,0.529909,0.508278,-0.025123,0.499507,0.488337,-0.017381,0.481180,0.468559,-0.014940,0.624401,0.556041,-0.015436,0.555617,0.547010,-0.009187,0.550564,0.604624,0.000016,0.563523,0.638679,0.004224,0.642358,0.553850,0.002324,0.579020,0.553683,0.003370,0.574086,0.602470,0.006061,0.584324,0.634039,0.006551,0.651247,0.562885,0.019016,0.603466,0.558012,0.017070,0.595827,0.592882,0.016330,0.600792,0.624534,0.015995
531,1695021708.925477,0,-12.4474,-12.4474,-6.4594,-5.7238,18.9682,2243.7990,10.3123,4799.4739,2.4255,151.6242,209.3775,133.0822,91.8700,56.0009,32.0679,0.000000,0.648922,0.790102,-0.000000,0.582158,0.783896,-0.025358,0.527343,0.704988,-0.027661,0.505759,0.618355,-0.020790,0.519754,0.588478,-0.012209,0.589449,0.578296,-0.033941,0.529671,0.503450,-0.026799,0.499498,0.479092,-0.019515,0.481143,0.456456,-0.017231,0.624940,0.552372,-0.016407,0.557839,0.547743,-0.010539,0.551301,0.603600,-0.001392,0.563558,0.636907,0.003034,0.643458,0.551606,0.001345,0.580963,0.555423,0.001829,0.574715,0.602379,0.003984,0.584463,0.632110,0.004374,0.652438,0.561351,0.017975,0.603808,0.560596,0.015893,0.596193,0.594458,0.015183,0.601903,0.625281,0.014993
532,1695021708.933810,0,-8.1361,-8.1361,-6.8437,-0.3842,16.6760,2318.0320,32.6842,4513.7339,2.0424,156.7346,211.3350,128.8904,87.9034,52.7416,32.4901,0.000000,0.649460,0.790775,-0.000000,0.582692,0.783118,-0.027856,0.527607,0.702262,-0.030741,0.506447,0.612454,-0.023324,0.520423,0.581883,-0.013906,0.592530,0.576652,-0.038771,0.529738,0.499100,-0.032463,0.498550,0.472345,-0.025319,0.479604,0.447199,-0.022933,0.627159,0.550294,-0.019095,0.556454,0.548238,-0.013652,0.549555,0.607829,-0.003533,0.562627,0.641956,0.001724,0.643553,0.548942,0.000803,0.578629,0.553659,0.000666,0.572141,0.603218,0.002973,0.582444,0.633487,0.003685,0.650569,0.557726,0.019550,0.600659,0.558003,0.016910,0.593111,0.593927,0.016089,0.599299,0.625659,0.016037
533,1695021708.942143,0,2.1527,2.1527,8.7961,15.6398,11.4763,911.1423,38.4480,5621.2864,1.6351,159.4877,214.9076,124.3316,82.2068,48.5023,36.9462,0.000000,0.650127,0.789602,-0.000000,0.582363,0.783068,-0.030247,0.527585,0.701863,-0.035170,0.506979,0.612165,-0.029732,0.522442,0.583795,-0.022323,0.591422,0.574834,-0.041474,0.528157,0.493550,-0.038555,0.496628,0.462648,-0.033929,0.478970,0.434894,-0.032997,0.626653,0.549077,-0.021846,0.555716,0.545403,-0.019895,0.548737,0.603904,-0.011034,0.562623,0.638126,-0.005947,0.643308,0.548108,-0.002413,0.577986,0.551529,-0.005380,0.571514,0.600625,-0.002886,0.582650,0.630578,-0.001234,0.650181,0.557798,0.015563,0.599510,0.557230,0.010861,0.592588,0.593164,0.010077,0.599811,0.624720,0.010658
534,1695021708.950477,0,9.2295,9.2295,4.9812,-3.8149,8.3206,971.9350,41.8336,5469.2148,2.0498,156.1782,213.2312,123.0738,80.2466,45.9542,34.8199,0.000000,0.648308,0.791454,-0.000000,0.582181,0.783847,-0.029505,0.525087,0.701197,-0.034455,0.504357,0.607473,-0.029355,0.522417,0.578390,-0.022342,0.595986,0.581978,-0.042245,0.531111,0.493325,-0.040527,0.498454,0.461222,-0.036002,0.477798,0.432310,-0.035226,0.629171,0.552675,-0.023171,0.554312,0.543999,-0.023123,0.547210,0.603751,-0.013861,0.560761,0.638808,-0.008292,0.644014,0.547001,-0.004243,0.575482,0.547514,-0.008886,0.569014,0.598467,-0.005319,0.580224,0.629152,-0.002749,0.649746,0.552491,0.013232,0.597322,0.551687,0.006871,0.589639,0.589269,0.005876,0.596919,0.620684,0.006394
535,1695021708.958810,0,-5.4606,-5.4606,1.7467,-3.2345,7.7172,4419.7360,4.2612,7125.0090,1.7285,152.3009,215.1031,120.5808,77.5149,43.9984,37.1388,0.000000,0.647922,0.790570,-0.000000,0.581172,0.782604,-0.028444,0.525619,0.702555,-0.033742,0.504224,0.611648,-0.029283,0.519633,0.581410,-0.023044,0.592526,0.579704,-0.041823,0.530349,0.491032,-0.039573,0.498115,0.457239,-0.035312,0.476807,0.427899,-0.034715,0.627176,0.550443,-0.023153,0.556373,0.542158,-0.022079,0.549518,0.599799,-0.013105,0.562564,0.634562,-0.007962,0.643683,0.546139,-0.004379,0.577630,0.546389,-0.007579,0.571424,0.595124,-0.004168,0.582334,0.625832,-0.002005,0.650441,0.552959,0.013102,0.599638,0.550561,0.009025,0.591757,0.586123,0.009139,0.598361,0.617247,0.010097
536,1695021708.967143,0,-5.5312,-5.5312,0.6512,-1.0955,6.3942,4378.6105,8.1813,7170.4099,1.1028,152.0471,214.8322,122.2164,78.9443,45.4567,37.8077,0.000000,0.647340,0.791046,-0.000000,0.580761,0.782324,-0.029801,0.525518,0.701304,-0.034986,0.503992,0.609947,-0.029884,0.517206,0.578777,-0.022738,0.593190,0.578283,-0.043970,0.529888,0.489638,-0.041853,0.498106,0.456995,-0.036566,0.477598,0.428679,-0.035044,0.627194,0.549031,-0.024606,0.552770,0.543229,-0.024365,0.545118,0.603553,-0.014953,0.557979,0.639193,-0.009173,0.642138,0.544385,-0.005219,0.573656,0.547465,-0.009669,0.567205,0.598424,-0.006252,0.577861,0.628970,-0.003686,0.646890,0.550798,0.012809,0.594857,0.551362,0.007099,0.587011,0.588878,0.006515,0.593348,0.620038,0.007397
537,1695021708.975477,0,2.7428,2.7428,0.1475,-0.5037,5.5819,258.9764,8.1099,8085.0585,1.9065,150.1705,216.6148,119.5598,76.9731,44.1577,39.1637,0.000000,0.647271,0.790935,-0.000000,0.579614,0.782766,-0.030993,0.524102,0.701055,-0.036360,0.502450,0.610212,-0.031231,0.517034,0.582177,-0.023967,0.590947,0.577424,-0.044202,0.528363,0.487337,-0.042383,0.496646,0.453312,-0.037162,0.476449,0.424162,-0.035497,0.625368,0.548202,-0.024076,0.551259,0.542236,-0.023924,0.543168,0.602835,-0.014362,0.556324,0.638349,-0.008261,0.640942,0.543217,-0.004124,0.572290,0.545943,-0.008897,0.565760,0.597876,-0.005705,0.576887,0.628286,-0.002986,0.646551,0.549290,0.014398,0.594406,0.548692,0.008823,0.586667,0.586633,0.008322,0.593354,0.617900,0.009403
538,1695021708.983810,0,-4.2407,-4.2407,-3.3675,-3.5151,5.8134,4142.9475,27.1492,8627.8176,1.7230,149.3372,217.8146,117.7023,74.3943,42.3283,41.8173,0.000014,0.644929,0.786173,-0.000000,0.577207,0.779836,-0.030378,0.522863,0.699605,-0.033832,0.502989,0.609387,-0.025533,0.517945,0.573794,-0.014905,0.587747,0.574603,-0.045906,0.526975,0.484691,-0.041180,0.496229,0.450160,-0.034790,0.475947,0.418795,-0.032558,0.622708,0.546570,-0.024051,0.550435,0.536606,-0.017574,0.542458,0.595359,-0.005669,0.554785,0.630398,0.000584,0.638616,0.542933,-0.002055,0.571064,0.542536,-0.001194,0.564274,0.594054,0.001714,0.574165,0.623342,0.002616,0.645037,0.549447,0.018710,0.593306,0.548100,0.017335,0.585016,0.583980,0.017023,0.589971,0.615299,0.017044
539,1695021708.992143,0,-13.6411,-13.6411,-2.0451,1.3224,5.2045,257.7817,83.1992,9049.5874,1.1389,147.9977,216.9863,114.5662,71.4988,39.0929,40.3314,0.000133,0.645024,0.788668,-0.000000,0.577991,0.782778,-0.032901,0.520582,0.701775,-0.038536,0.499653,0.607030,-0.032634,0.518334,0.569123,-0.024522,0.590680,0.581204,-0.049386,0.528934,0.487945,-0.048577,0.496476,0.450757,-0.043779,0.474078,0.417677,-0.042616,0.624620,0.547733,-0.028424,0.549865,0.541378,-0.027667,0.543479,0.602599,-0.016424,0.557988,0.636396,-0.009634,0.638982,0.539508,-0.007865,0.569180,0.544294,-0.012689,0.563336,0.598306,-0.008711,0.574898,0.625970,-0.005873,0.643973,0.543222,0.011162,0.591337,0.546142,0.005479,0.584235,0.585087,0.005298,0.591626,0.615771,0.006179
540,1695021709.000477,0,9.1240,9.1240,3.6638,5.7090,7.7300,4166.4671,9.3309,9134.2344,1.2206,144.0216,218.1105,117.5251,74.7001,42.8298,42.5194,0.000016,0.644865,0.788471,-0.000000,0.578061,0.785393,-0.033387,0.519899,0.703931,-0.040026,0.497469,0.607484,-0.035854,0.515315,0.571207,-0.029324,0.591471,0.581713,-0.046418,0.529097,0.489881,-0.046706,0.497083,0.452707,-0.042863,0.475133,0.420590,-0.042313,0.624943,0.547974,-0.026257,0.548337,0.540398,-0.028643,0.541980,0.599918,-0.019375,0.556999,0.633473,-0.013036,0.639183,0.538551,-0.006747,0.568098,0.541986,-0.014116,0.562182,0.593555,-0.010429,0.574748,0.621553,-0.006796,0.644063,0.541107,0.011056,0.590287,0.541320,0.003239,0.582710,0.578996,0.002468,0.590717,0.608633,0.003700
541,1695021709.008810,0,5.9885,5.9885,0.8114,-2.8524,8.1326,417.0718,16.8021,8209.2006,1.2250,146.4977,220.8288,112.1496,69.4139,38.7022,44.8654,0.000425,0.642757,0.787643,-0.000000,0.575322,0.784458,-0.033749,0.517154,0.702690,-0.040465,0.496376,0.604513,-0.035945,0.516567,0.566612,-0.029024,0.586695,0.579774,-0.048265,0.523514,0.482460,-0.046543,0.493052,0.445069,-0.040829,0.473490,0.411283,-0.039152,0.620526,0.546604,-0.026822,0.546188,0.537687,-0.026836,0.541140,0.598977,-0.016278,0.556966,0.633219,-0.009426,0.635505,0.538701,-0.005745,0.567143,0.542352,-0.010903,0.562458,0.596556,-0.007187,0.575624,0.625097,-0.004072,0.641373,0.541761,0.013705,0.590022,0.542077,0.007470,0.583262,0.581312,0.006650,0.591374,0.611548,0.007511
542,1695021709.017143,0,-16.2777,-16.2777,-3.0093,-3.8207,10.1546,368.1640,71.3443,7031.0957,1.3769,148.9630,219.6282,109.6866,66.1691,35.4691,44.9516,0.000901,0.643683,0.791548,-0.000000,0.575603,0.787736,-0.033233,0.514552,0.704753,-0.039443,0.493771,0.605612,-0.034423,0.514609,0.568930,-0.027250,0.586599,0.582652,-0.049993,0.523394,0.482445,-0.050822,0.492746,0.443638,-0.047248,0.472082,0.408802,-0.046944,0.620499,0.546835,-0.028954,0.544127,0.544439,-0.030335,0.538757,0.608199,-0.019602,0.553543,0.643550,-0.012734,0.634364,0.537685,-0.008351,0.564322,0.547021,-0.014675,0.558973,0.601280,-0.010350,0.570473,0.630583,-0.006879,0.638535,0.540870,0.010597,0.585421,0.547713,0.003463,0.578784,0.587911,0.002959,0.586194,0.618776,0.004076
543,1695021709.025477,0,-12.1719,-12.1719,0.3673,3.3766,10.7028,351.4148,39.7153,5588.2598,1.4532,155.7284,213.7705,103.8955,60.5094,28.2225,39.4120,0.001479,0.639795,0.788409,-0.000000,0.572346,0.784695,-0.033000,0.514065,0.704753,-0.038900,0.492306,0.610602,-0.033064,0.509885,0.571691,-0.024916,0.582737,0.580146,-0.050704,0.520303,0.481345,-0.048165,0.488374,0.443978,-0.041814,0.466857,0.411790,-0.039623,0.617446,0.546679,-0.028542,0.543420,0.541343,-0.026224,0.538180,0.602633,-0.014085,0.552930,0.636924,-0.006874,0.632568,0.539382,-0.006440,0.563653,0.545430,-0.009387,0.558791,0.599114,-0.005141,0.570367,0.627529,-0.002552,0.638350,0.542957,0.014248,0.586812,0.546510,0.009998,0.579914,0.584726,0.009908,0.586628,0.614969,0.010660
544,1695021709.033810,0,-20.6614,-20.6614,-7.4463,-7.8137,12.0660,3699.6264,36.8671,4988.5467,1.5346,159.0733,218.1995,100.4569,57.0632,26.3083,42.1898,0.002314,0.638985,0.789951,-0.000000,0.571487,0.787531,-0.032315,0.512355,0.708075,-0.039181,0.491185,0.610678,-0.035451,0.510615,0.569065,-0.029740,0.580822,0.583290,-0.047436,0.519619,0.482495,-0.047934,0.487847,0.440614,-0.044779,0.465326,0.404877,-0.044675,0.615708,0.548116,-0.026626,0.542872,0.543607,-0.027276,0.537626,0.604003,-0.016724,0.552063,0.638535,-0.009896,0.631163,0.540479,-0.006239,0.563304,0.549097,-0.011841,0.558038,0.600954,-0.007428,0.569886,0.630008,-0.003754,0.637066,0.543960,0.012665,0.585834,0.548517,0.006747,0.578505,0.586907,0.007107,0.585936,0.617148,0.008858
545,1695021709.042143,0,-26.7032,-26.7032,-8.1729,-0.7266,11.0798,3409.1165,67.5534,4657.1561,2.0966,156.7855,214.6249,97.6827,53.8563,22.0140,40.1847,0.003063,0.637234,0.790682,-0.000000,0.569944,0.787930,-0.033597,0.511791,0.708214,-0.039328,0.490717,0.612609,-0.032950,0.507993,0.573244,-0.024310,0.577953,0.584505,-0.052229,0.518780,0.485672,-0.052172,0.487157,0.443280,-0.048555,0.463245,0.405567,-0.048282,0.613192,0.549394,-0.029723,0.539702,0.545655,-0.027567,0.534422,0.605833,-0.014966,0.548566,0.639986,-0.007665,0.628425,0.541441,-0.007582,0.560284,0.548768,-0.010893,0.555323,0.600715,-0.006166,0.566306,0.629946,-0.003209,0.634543,0.544941,0.012984,0.583361,0.549661,0.008205,0.576242,0.586772,0.008053,0.582477,0.617241,0.008768
546,1695021709.050477,0,-22.5505,-22.5505,-1.5682,6.6048,5.0294,422.0552,29.4142,4542.7191,1.9581,158.4861,214.9278,93.4012,50.3364,21.2230,44.1100,0.003824,0.636487,0.790704,-0.000000,0.567800,0.790034,-0.031338,0.508345,0.710301,-0.035774,0.487883,0.615885,-0.028932,0.506753,0.578816,-0.020147,0.574592,0.584035,-0.048976,0.516121,0.481375,-0.049443,0.484183,0.439245,-0.046059,0.460033,0.404034,-0.045516,0.610596,0.548153,-0.027874,0.538669,0.545561,-0.026751,0.532230,0.607753,-0.014759,0.545267,0.643375,-0.007256,0.626515,0.539920,-0.007160,0.558808,0.550046,-0.011674,0.553253,0.603345,-0.007581,0.564059,0.633940,-0.004356,0.632808,0.543515,0.012198,0.580940,0.549996,0.006454,0.573845,0.587830,0.006261,0.580692,0.619557,0.007556
547,1695021709.058810,0,26.8397,26.8397,9.7529,11.3211,19.5272,3063.5605,51.9733,4565.8780,1.7165,161.8951,214.2004,89.3702,46.7028,19.8731,46.7626,0.005027,0.634485,0.790612,-0.000000,0.566487,0.790163,-0.031453,0.506756,0.712558,-0.038967,0.485298,0.615354,-0.036329,0.505172,0.575297,-0.031910,0.574620,0.587325,-0.048943,0.513630,0.484651,-0.051339,0.481212,0.439611,-0.049608,0.457513,0.400117,-0.050617,0.609956,0.550667,-0.029266,0.538424,0.546267,-0.032040,0.534489,0.605747,-0.021894,0.549380,0.638926,-0.015174,0.626040,0.542260,-0.009863,0.559452,0.551339,-0.016464,0.554783,0.601336,-0.011001,0.567320,0.630626,-0.006536,0.632229,0.545992,0.007950,0.581760,0.550329,0.000891,0.574872,0.587682,0.001479,0.582945,0.617659,0.003634
548,1695021709.067143,0,-24.6365,-24.6365,-0.9938,-10.7467,20.2920,255.1870,13.6235,4682.1964,1.4667,162.4059,211.5591,88.7785,45.8478,18.9588,46.2870,0.005127,0.633071,0.791987,-0.000000,0.564785,0.791087,-0.031034,0.505730,0.715135,-0.037989,0.484030,0.620973,-0.034602,0.501542,0.580255,-0.029449,0.570613,0.584937,-0.048648,0.512451,0.484118,-0.050508,0.480497,0.440191,-0.048880,0.456431,0.402151,-0.049785,0.607162,0.549385,-0.028959,0.536139,0.547575,-0.029845,0.530515,0.608064,-0.019293,0.544572,0.642736,-0.012599,0.624446,0.543329,-0.009561,0.557688,0.552706,-0.015052,0.551685,0.603814,-0.010218,0.563135,0.633739,-0.006339,0.631889,0.549073,0.008418,0.580527,0.552831,0.002703,0.572138,0.589302,0.003777,0.578700,0.619861,0.006053
549,1695021709.075477,0,-21.4023,-21.4023,1.3252,2.3190,20.3461,395.3173,38.0199,5484.9352,1.5081,167.0594,213.7459,84.0905,41.5106,19.2508,49.7580,0.006605,0.630915,0.792954,-0.000000,0.562655,0.791944,-0.030115,0.503727,0.714736,-0.035259,0.482271,0.617701,-0.029540,0.501997,0.576358,-0.022101,0.566443,0.589658,-0.048506,0.509941,0.485716,-0.048383,0.478862,0.439169,-0.045465,0.454088,0.398623,-0.045722,0.602703,0.552378,-0.027481,0.533364,0.548362,-0.024291,0.527644,0.608851,-0.011851,0.540701,0.643497,-0.004877,0.619814,0.544792,-0.006497,0.555099,0.553925,-0.008263,0.549078,0.605026,-0.003308,0.559708,0.636154,-0.000429,0.627690,0.549264,0.013205,0.577687,0.552880,0.010420,0.569381,0.588613,0.011452,0.575304,0.620483,0.012864
550,1695021709.083810,0,-19.9224,-19.9224,0.6570,-0.6682,19.6475,259.8603,49.8742,5562.4375,1.0066,165.1736,213.4973,84.4029,41.8342,18.9365,49.3927,0.006514,0.628223,0.793501,-0.000000,0.559176,0.792513,-0.028332,0.500910,0.713974,-0.033166,0.479937,0.615685,-0.027824,0.500581,0.572713,-0.020979,0.562577,0.588848,-0.045138,0.508180,0.487166,-0.045159,0.477727,0.440432,-0.043017,0.453609,0.399969,-0.043652,0.599533,0.551204,-0.025101,0.533702,0.548968,-0.021143,0.528572,0.608152,-0.008820,0.542081,0.641218,-0.001870,0.617849,0.544757,-0.005159,0.555245,0.554974,-0.006194,0.549870,0.605833,-0.001363,0.561602,0.635450,0.001493,0.627151,0.549823,0.013657,0.578390,0.552283,0.012125,0.571205,0.588166,0.013938,0.578943,0.619800,0.015841
551,1695021709.092143,0,-22.1919,-22.1919,-12.2579,-12.9149,19.6107,2577.7131,63.4768,5676.7670,1.0674,165.3449,210.1034,83.1537,41.1807,18.7950,48.7684,0.006573,0.627959,0.792601,-0.000000,0.559403,0.796651,-0.029906,0.499510,0.719247,-0.036151,0.477687,0.620520,-0.032507,0.499492,0.579950,-0.027656,0.562900,0.592219,-0.046794,0.506397,0.488317,-0.048081,0.475990,0.439828,-0.046067,0.453082,0.398429,-0.046844,0.599154,0.554016,-0.027248,0.532110,0.553492,-0.026857,0.526930,0.612458,-0.015785,0.540279,0.644797,-0.008944,0.617030,0.547048,-0.007914,0.553954,0.559184,-0.011995,0.548877,0.609061,-0.007012,0.560926,0.637834,-0.003313,0.625735,0.552109,0.010069,0.575456,0.558142,0.005527,0.569532,0.594610,0.006834,0.578707,0.625006,0.009086
552,1695021709.100477,0,13.7314,13.7314,9.5920,21.8499,14.3891,2596.8090,80.2970,6263.9713,1.4592,162.6574,215.1617,86.4888,44.0704,20.3491,50.1232,0.006278,0.625492,0.795152,-0.000000,0.556450,0.795242,-0.026831,0.497255,0.717006,-0.031671,0.476060,0.617925,-0.026924,0.499840,0.574016,-0.020839,0.558567,0.591101,-0.042534,0.505032,0.488236,-0.040034,0.476744,0.441414,-0.036243,0.455058,0.400159,-0.036277,0.595819,0.553214,-0.023338,0.531166,0.550414,-0.018083,0.526217,0.608160,-0.006415,0.539641,0.641436,-0.000249,0.614867,0.546864,-0.003843,0.553596,0.556796,-0.002596,0.547547,0.605816,0.002177,0.558827,0.636417,0.004363,0.624930,0.552543,0.014475,0.576606,0.553647,0.014588,0.568990,0.588148,0.016381,0.576451,0.620669,0.017965
553,1695021709.108810,0,-18.1393,-18.1393,0.8157,-8.7762,13.7279,118.9832,72.6541,6097.3724,2.2797,163.0316,209.9626,85.0929,42.8194,18.5172,48.1184,0.006259,0.625344,0.796835,-0.000000,0.556402,0.797731,-0.028389,0.495635,0.720043,-0.032519,0.474285,0.622217,-0.026117,0.496227,0.580119,-0.018380,0.556335,0.594745,-0.047428,0.502700,0.490116,-0.046258,0.474818,0.442932,-0.042635,0.452452,0.401834,-0.042509,0.593438,0.556216,-0.026982,0.527292,0.552793,-0.021785,0.521505,0.611954,-0.008524,0.533822,0.647529,-0.001406,0.612363,0.548362,-0.006412,0.549717,0.558721,-0.006285,0.544380,0.608427,-0.001364,0.555095,0.640632,0.000933,0.622572,0.552749,0.012989,0.572585,0.558383,0.011244,0.565513,0.593414,0.012209,0.572640,0.625754,0.013268
554,1695021709.117143,0,8.6292,8.6292,7.1379,6.3221,15.4548,2383.2740,60.4235,7233.4379,2.4299,163.8519,207.8803,83.5123,41.1306,13.9004,46.6032,0.006700,0.623387,0.796120,-0.000000,0.553578,0.797746,-0.027384,0.494076,0.721123,-0.031327,0.472817,0.625297,-0.025844,0.495077,0.581816,-0.018969,0.553008,0.588579,-0.038876,0.500197,0.489577,-0.035594,0.471396,0.443757,-0.031630,0.449521,0.404385,-0.031475,0.590633,0.553974,-0.019670,0.526574,0.558786,-0.014617,0.520196,0.617314,-0.003989,0.532629,0.651521,0.001878,0.610411,0.550903,-0.000494,0.549275,0.565744,-0.000182,0.542336,0.614416,0.003555,0.552521,0.643975,0.005566,0.621211,0.558981,0.017459,0.571490,0.566272,0.016659,0.563672,0.600977,0.018086,0.570965,0.632307,0.019842
555,1695021709.125477,0,3.6863,3.6863,6.4695,-0.6683,14.5417,2387.6682,42.7090,7737.2332,1.6760,160.6134,204.4451,86.6962,43.6018,11.8050,41.8881,0.005885,0.623266,0.796382,-0.000000,0.553902,0.800911,-0.026219,0.493083,0.724319,-0.029624,0.470300,0.627072,-0.023896,0.492665,0.586219,-0.016991,0.550196,0.592658,-0.036991,0.499006,0.492900,-0.032367,0.471753,0.448229,-0.027350,0.450575,0.409522,-0.026633,0.587200,0.555774,-0.017936,0.524325,0.559377,-0.011627,0.518845,0.618354,-0.000326,0.531355,0.652585,0.005922,0.607151,0.551116,0.001234,0.546982,0.566582,0.002631,0.541209,0.615821,0.006429,0.552039,0.646127,0.008259,0.618240,0.557503,0.019289,0.569147,0.565949,0.019283,0.562452,0.601434,0.020717,0.570736,0.632893,0.022302
556,1695021709.133810,0,-8.7646,-8.7646,-5.6240,-12.0935,11.6817,2394.5195,60.3216,7648.5223,1.2167,159.9329,201.7403,83.6945,40.9203,8.9280,42.0124,0.006526,0.619596,0.798702,-0.000000,0.550125,0.800199,-0.024455,0.490667,0.724575,-0.027537,0.468968,0.629298,-0.021739,0.491436,0.587230,-0.014849,0.548348,0.593827,-0.038167,0.496798,0.492022,-0.034715,0.469373,0.447328,-0.030457,0.447718,0.408937,-0.030140,0.586089,0.556456,-0.020266,0.523065,0.560642,-0.014556,0.516910,0.619814,-0.003482,0.528499,0.654914,0.002432,0.606708,0.551129,-0.002020,0.545891,0.569770,-0.000199,0.539070,0.618553,0.004234,0.548672,0.649503,0.006144,0.617969,0.558820,0.015110,0.569140,0.569620,0.015406,0.561067,0.604544,0.017151,0.567626,0.636721,0.018840
557,1695021709.142143,0,9.5568,9.5568,6.9240,12.5480,10.7719,2427.9328,54.7931,7857.3797,1.0427,159.1728,205.3631,85.6812,42.8545,12.1752,44.0637,0.006559,0.619591,0.797213,-0.000000,0.550236,0.801301,-0.026326,0.489766,0.726791,-0.030205,0.466774,0.631200,-0.024890,0.489170,0.589285,-0.018410,0.548818,0.593216,-0.039788,0.495760,0.493460,-0.037433,0.469074,0.448798,-0.033760,0.449201,0.409625,-0.033619,0.585843,0.557545,-0.021328,0.522174,0.561333,-0.017040,0.515459,0.620782,-0.006362,0.527660,0.654175,-0.000334,0.605974,0.553346,-0.002689,0.545641,0.568895,-0.002496,0.538579,0.618211,0.001754,0.549151,0.648156,0.004067,0.617470,0.561689,0.014724,0.568631,0.569389,0.013502,0.561045,0.604630,0.015041,0.569189,0.636558,0.017037
558,1695021709.150477,0,-8.9953,-8.9953,-4.4061,-11.3302,8.1699,2241.5559,47.8479,7764.7480,1.4876,158.7137,200.8388,82.3490,39.3796,7.8248,42.6552,0.006982,0.618115,0.798005,-0.000000,0.547152,0.800305,-0.022815,0.488684,0.726965,-0.025901,0.468388,0.636612,-0.020704,0.488840,0.594877,-0.014512,0.543135,0.591323,-0.036035,0.494388,0.493725,-0.032990,0.467487,0.447767,-0.029856,0.446985,0.409283,-0.030077,0.582567,0.555903,-0.019271,0.524235,0.561956,-0.012686,0.516093,0.617635,-0.001775,0.526556,0.652846,0.003962,0.605476,0.554745,-0.002220,0.549019,0.569668,-0.000257,0.539537,0.614307,0.003742,0.547144,0.644007,0.005522,0.618734,0.565682,0.013933,0.573130,0.572426,0.014906,0.563016,0.603322,0.017279,0.567246,0.634142,0.019397
559,1695021709.158810,0,-4.6486,-4.6486,-2.0837,2.3224,7.3139,2357.6834,30.0970,9000.3080,1.7257,154.1427,201.3701,86.7819,44.3664,9.6722,38.7744,0.005326,0.618150,0.801230,-0.000000,0.547357,0.803619,-0.023936,0.488410,0.729495,-0.024330,0.467789,0.639702,-0.014681,0.489775,0.597912,-0.003304,0.543246,0.595195,-0.038623,0.495072,0.495970,-0.033110,0.468788,0.452290,-0.028092,0.448606,0.414553,-0.027158,0.582638,0.560131,-0.019044,0.522512,0.560895,-0.007986,0.514197,0.619441,0.004885,0.524878,0.656263,0.010707,0.604545,0.557424,0.000937,0.547437,0.566736,0.007279,0.538049,0.614623,0.011232,0.545594,0.646820,0.011578,0.617372,0.567273,0.019900,0.572498,0.569254,0.023454,0.561992,0.600277,0.024739,0.565616,0.633305,0.025130
560,1695021709.167143,0,0.9490,0.9490,2.4284,4.5121,6.9748,2192.0865,44.2888,7886.3136,1.1601,157.3750,201.0927,82.7470,40.6264,6.5180,41.6382,0.006721,0.615995,0.801971,-0.000000,0.545234,0.803984,-0.022172,0.486535,0.729275,-0.023964,0.465965,0.637433,-0.017263,0.487900,0.594416,-0.009441,0.539697,0.594483,-0.034170,0.492154,0.494652,-0.028345,0.466323,0.449740,-0.023270,0.446193,0.411790,-0.022436,0.578909,0.558775,-0.016494,0.519758,0.564033,-0.007199,0.512036,0.621505,0.004581,0.522434,0.658129,0.010501,0.601544,0.556569,0.001663,0.544630,0.572077,0.006534,0.535504,0.618502,0.010427,0.542996,0.649667,0.011459,0.614531,0.566292,0.018916,0.568882,0.573925,0.021926,0.558531,0.606382,0.023879,0.562504,0.638359,0.025265
561,1695021709.175477,0,6.9127,6.9127,-0.6610,-3.0894,6.9238,2141.6216,67.3809,7867.2367,1.0511,159.7539,199.3738,80.6405,37.8352,5.5209,43.5448,0.007630,0.616787,0.807120,-0.000000,0.544943,0.807834,-0.019874,0.485260,0.730310,-0.020156,0.465157,0.636933,-0.012333,0.486994,0.593799,-0.003417,0.537386,0.595210,-0.029702,0.491912,0.494247,-0.021504,0.465991,0.449194,-0.016050,0.445091,0.410581,-0.015569,0.577216,0.560072,-0.012779,0.520739,0.565031,-0.000483,0.513636,0.619979,0.010980,0.523721,0.655767,0.015851,0.600853,0.558779,0.004869,0.545417,0.574441,0.012979,0.536878,0.618931,0.016752,0.543953,0.649759,0.016628,0.615052,0.569278,0.021636,0.570191,0.576400,0.027101,0.559902,0.608140,0.029493,0.563311,0.640936,0.030507
562,1695021709.183810,0,-5.3275,-5.3275,0.9170,1.5780,5.5661,2232.8017,25.9216,8469.8734,1.1221,154.8627,199.7220,88.2292,45.2324,10.0965,38.6711,0.005326,0.612820,0.799984,-0.000000,0.543826,0.802084,-0.020306,0.486951,0.730116,-0.019092,0.465780,0.645799,-0.008438,0.484920,0.605007,0.003603,0.534742,0.594617,-0.033734,0.491944,0.497447,-0.026533,0.468379,0.452430,-0.021479,0.450297,0.414522,-0.020222,0.574143,0.560171,-0.014652,0.521235,0.563676,0.000440,0.512151,0.619474,0.013767,0.520877,0.655494,0.019561,0.597842,0.558917,0.005141,0.546248,0.570402,0.015226,0.535552,0.615778,0.018081,0.540967,0.645927,0.017154,0.612415,0.568895,0.024357,0.570751,0.572406,0.031337,0.559329,0.601909,0.033191,0.561340,0.634134,0.033612
563,1695021709.192143,0,-7.8765,-7.8765,-0.8070,-1.7239,5.3057,2199.3598,30.7771,7945.8001,1.0425,156.5725,202.2524,83.4831,40.0807,6.9889,43.8675,0.007598,0.612289,0.803606,-0.000000,0.542325,0.805848,-0.021164,0.484662,0.731930,-0.020379,0.463168,0.645413,-0.010642,0.483587,0.604056,0.000278,0.533175,0.593453,-0.030933,0.489611,0.495343,-0.022700,0.465265,0.449780,-0.017219,0.447101,0.410725,-0.016230,0.573465,0.560203,-0.012779,0.518259,0.566199,0.001340,0.509896,0.622307,0.013412,0.520085,0.658072,0.018527,0.597802,0.561090,0.005844,0.544387,0.574442,0.015129,0.535115,0.621142,0.017776,0.542126,0.651852,0.016770,0.613041,0.574427,0.023555,0.570559,0.580558,0.029678,0.560811,0.611346,0.031149,0.564743,0.644537,0.031381
564,1695021709.200477,0,-2.4699,-2.4699,-0.8547,-0.0477,5.1576,177.8404,66.0022,8009.9830,1.3344,158.1937,203.6940,81.7430,38.6403,7.6461,46.3132,0.008732,0.611876,0.804495,-0.000000,0.541290,0.807677,-0.023236,0.480788,0.734575,-0.023871,0.458790,0.644013,-0.015103,0.483384,0.601825,-0.005163,0.535022,0.595407,-0.033836,0.489227,0.495386,-0.026998,0.464407,0.448762,-0.021654,0.445287,0.408816,-0.020657,0.574410,0.561498,-0.014440,0.515121,0.568018,-0.003141,0.507579,0.625795,0.009493,0.518827,0.660226,0.015711,0.596886,0.561481,0.005286,0.539200,0.576539,0.011078,0.531607,0.624894,0.014051,0.540885,0.656358,0.014410,0.610423,0.572417,0.024169,0.563643,0.581412,0.027326,0.556235,0.614967,0.028267,0.563386,0.647846,0.028845
565,1695021709.208810,0,-3.8405,-3.8405,-2.6883,-1.8336,5.0457,2052.7691,8.7638,8459.6434,1.1282,155.3410,204.2686,86.1314,42.4191,10.0840,44.2392,0.007358,0.610747,0.808923,-0.000000,0.540119,0.809009,-0.022554,0.478708,0.733637,-0.022705,0.457769,0.643280,-0.014008,0.482983,0.603419,-0.004293,0.533978,0.594890,-0.032201,0.489230,0.497146,-0.025649,0.465913,0.451152,-0.020989,0.448152,0.411324,-0.020666,0.573265,0.561773,-0.014051,0.514771,0.573003,-0.004032,0.506854,0.631789,0.007091,0.517717,0.665955,0.012228,0.595719,0.562471,0.004485,0.538729,0.582603,0.010291,0.529932,0.630746,0.013702,0.538330,0.662549,0.014048,0.609382,0.575667,0.021985,0.563554,0.587676,0.025618,0.555275,0.620764,0.027298,0.561877,0.653591,0.028232
566,1695021709.217143,0,12.2483,12.2483,4.3940,7.0823,7.0814,2239.4991,78.1629,8798.3454,1.4092,157.4005,204.2492,86.8063,43.8618,10.1541,41.9354,0.006624,0.610229,0.806329,-0.000000,0.539076,0.807925,-0.019640,0.478269,0.733981,-0.018622,0.456689,0.646426,-0.009393,0.481560,0.611645,0.000645,0.530290,0.593424,-0.027578,0.489313,0.496392,-0.019324,0.466290,0.450451,-0.013890,0.448457,0.411800,-0.013045,0.569943,0.560477,-0.010441,0.514526,0.576428,0.002022,0.506158,0.635657,0.013661,0.516876,0.670781,0.018936,0.593676,0.562123,0.007208,0.538998,0.586179,0.015427,0.530068,0.635143,0.018263,0.538521,0.667535,0.017725,0.608739,0.576032,0.023982,0.565044,0.590940,0.029841,0.557005,0.624316,0.031529,0.563644,0.657502,0.032091
567,1695021709.225477,0,16.4850,16.4850,6.0904,1.6964,9.6161,2047.7734,67.9164,8266.1003,0.5200,158.3557,203.3945,86.5665,43.6163,9.5773,41.5425,0.006688,0.607673,0.806605,-0.000000,0.536284,0.808862,-0.018879,0.475689,0.735172,-0.017045,0.455512,0.646542,-0.007000,0.480685,0.609209,0.003896,0.527824,0.595839,-0.026547,0.486572,0.496685,-0.016836,0.464693,0.450878,-0.010352,0.447947,0.412405,-0.008903,0.567523,0.563343,-0.008988,0.513796,0.572138,0.004568,0.505485,0.627991,0.016520,0.515350,0.663583,0.021930,0.591806,0.564940,0.009300,0.538589,0.584199,0.018968,0.529691,0.629786,0.022017,0.537298,0.661094,0.021418,0.607379,0.578411,0.026811,0.564259,0.591448,0.033509,0.555836,0.623065,0.035269,0.561753,0.655706,0.035749
568,1695021709.233810,0,13.0107,13.0107,3.8702,-2.2202,8.4947,2128.3934,34.6424,8859.4083,1.5710,153.5764,203.2339,88.1593,45.6077,10.7678,40.5062,0.006196,0.604843,0.803157,-0.000000,0.534894,0.805286,-0.019031,0.475781,0.733529,-0.018616,0.454029,0.648132,-0.010296,0.478115,0.610975,-0.001484,0.526869,0.592882,-0.027208,0.486877,0.500669,-0.018183,0.465035,0.454576,-0.012680,0.449367,0.415680,-0.011897,0.566515,0.561716,-0.010475,0.515170,0.578771,0.002932,0.506581,0.633604,0.013911,0.516389,0.667484,0.018555,0.591295,0.566093,0.007054,0.540493,0.589753,0.016252,0.530897,0.633855,0.018693,0.538206,0.664166,0.017760,0.607381,0.582013,0.023846,0.565869,0.597496,0.030291,0.557671,0.627627,0.032096,0.563567,0.658753,0.032707
569,1695021709.242143,0,11.8106,11.8106,3.9128,0.0426,7.0852,2345.5739,46.0446,9188.2816,1.4027,150.4352,203.0291,93.1351,49.9324,15.0577,38.5854,0.004942,0.605713,0.807868,-0.000000,0.535027,0.809730,-0.020054,0.473096,0.736793,-0.018877,0.452806,0.649242,-0.009369,0.477690,0.610696,0.001022,0.524734,0.597377,-0.028602,0.487035,0.502242,-0.021487,0.467045,0.456061,-0.017093,0.451735,0.417977,-0.016799,0.564557,0.563780,-0.011733,0.512085,0.576883,0.000331,0.503838,0.630645,0.011314,0.513049,0.663952,0.016141,0.589238,0.565391,0.005513,0.537384,0.588998,0.013685,0.529117,0.632273,0.016431,0.536460,0.662390,0.015933,0.606114,0.579826,0.021760,0.563944,0.596448,0.027206,0.556374,0.625837,0.028701,0.562092,0.657520,0.029234
570,1695021709.250477,1,16.2106,16.2106,0.9906,-2.9222,1.9946,169.1529,57.6838,8525.4153,1.4061,152.9313,200.4206,88.5891,46.0700,10.8011,39.1942,0.006115,0.603861,0.806230,-0.000000,0.533179,0.809862,-0.019831,0.472139,0.737798,-0.017229,0.451312,0.651875,-0.006003,0.474992,0.609622,0.006211,0.523089,0.595141,-0.026002,0.484460,0.499918,-0.015667,0.464294,0.454992,-0.009771,0.449010,0.416933,-0.008695,0.563153,0.563442,-0.007862,0.511712,0.574326,0.008266,0.501703,0.627153,0.019924,0.509496,0.660957,0.024493,0.587692,0.567209,0.010811,0.536811,0.586800,0.022427,0.526622,0.629144,0.024889,0.531885,0.658319,0.023513,0.603831,0.582459,0.028576,0.561932,0.595150,0.036507,0.552824,0.623501,0.038357,0.557033,0.655181,0.038674
571,1695021709.258810,1,-10.8917,-10.8917,-6.8442,-7.8347,10.2680,2221.6059,50.5144,8615.5582,1.6864,150.6782,198.5275,90.6664,47.5587,10.8863,37.8033,0.005798,0.603847,0.810324,-0.000000,0.532873,0.811624,-0.018621,0.470515,0.738761,-0.017019,0.449906,0.652058,-0.007625,0.475190,0.614623,0.002499,0.520501,0.597144,-0.025325,0.482711,0.505599,-0.017501,0.463224,0.459270,-0.013340,0.448548,0.420827,-0.013436,0.560291,0.564072,-0.009406,0.509288,0.578604,0.003213,0.501874,0.633425,0.013628,0.512073,0.667655,0.017882,0.585119,0.566812,0.006945,0.534404,0.589450,0.015552,0.526374,0.633413,0.018015,0.534708,0.664647,0.017213,0.602195,0.582472,0.022399,0.560405,0.597334,0.028599,0.552964,0.627275,0.030470,0.559743,0.659566,0.031107
572,1695021709.267143,1,9.6239,9.6239,-0.8467,5.9975,9.6599,236.1497,42.1270,7986.9286,1.3030,152.5316,196.0440,87.0433,44.6210,6.7625,39.0183,0.007013,0.600652,0.808011,-0.000000,0.530637,0.809227,-0.017707,0.468790,0.738750,-0.017964,0.448222,0.651306,-0.011108,0.474024,0.613125,-0.003755,0.518489,0.597627,-0.026413,0.480037,0.504462,-0.019588,0.459759,0.458619,-0.015498,0.445423,0.422024,-0.015357,0.557894,0.565290,-0.011420,0.509512,0.577227,-0.001287,0.502536,0.630537,0.008263,0.512915,0.666018,0.012597,0.583866,0.568419,0.004383,0.535593,0.589496,0.011400,0.527956,0.632973,0.014050,0.536231,0.665948,0.013807,0.602286,0.584201,0.019458,0.563037,0.599629,0.024750,0.556010,0.630571,0.026956,0.562544,0.662496,0.028219
573,1695021709.275477,1,1.3047,1.3047,-2.6265,-1.7797,9.5684,2238.6802,54.8700,7021.6472,1.6036,158.7153,199.1094,80.6786,37.7281,5.8882,46.0557,0.009769,0.598940,0.807297,-0.000000,0.527215,0.810902,-0.018661,0.465634,0.739703,-0.016731,0.446135,0.653705,-0.005861,0.472629,0.614364,0.005726,0.512977,0.597409,-0.031401,0.476432,0.503929,-0.026197,0.457474,0.455736,-0.024658,0.444175,0.414747,-0.026222,0.553884,0.564584,-0.014158,0.505005,0.579225,0.000790,0.497318,0.636439,0.013344,0.507775,0.670419,0.017989,0.579882,0.569095,0.003604,0.530985,0.591873,0.015091,0.523723,0.638806,0.018426,0.533093,0.669617,0.016903,0.598322,0.586510,0.020472,0.558958,0.604455,0.028529,0.552404,0.635721,0.030706,0.559615,0.667985,0.030790
574,1695021709.283810,1,16.4024,16.4024,0.0480,2.6744,10.3109,220.7246,71.5312,7174.3270,1.8790,156.3750,198.0238,81.3175,37.9586,5.6401,46.3981,0.010163,0.596609,0.807936,-0.000000,0.527118,0.808289,-0.015989,0.466184,0.739092,-0.011479,0.443883,0.658562,0.002022,0.464094,0.619196,0.015873,0.510683,0.597505,-0.027616,0.473401,0.505442,-0.015739,0.455906,0.458351,-0.009168,0.443252,0.417485,-0.007765,0.550614,0.566736,-0.009350,0.504860,0.583381,0.011211,0.497946,0.638250,0.025265,0.507820,0.671573,0.030001,0.578264,0.574238,0.010275,0.532171,0.595217,0.026938,0.526461,0.638746,0.029558,0.535465,0.669253,0.026305,0.598022,0.592202,0.029516,0.561618,0.607989,0.040395,0.554798,0.637208,0.041930,0.561579,0.669169,0.040965
575,1695021709.292143,1,-5.3242,-5.3242,1.3919,1.3439,9.8552,324.5476,85.0647,6295.4819,2.3906,152.6991,194.6037,77.7458,35.5298,3.6429,46.3082,0.011182,0.593680,0.804186,-0.000000,0.524175,0.808317,-0.017422,0.464466,0.740782,-0.013585,0.442001,0.662163,-0.001103,0.462178,0.623221,0.012034,0.508128,0.598544,-0.027743,0.472556,0.506704,-0.020853,0.453620,0.457865,-0.017915,0.439828,0.418015,-0.018596,0.548651,0.566709,-0.010871,0.503004,0.586113,0.003554,0.495363,0.640709,0.014888,0.504935,0.673444,0.019047,0.575810,0.572401,0.006664,0.529757,0.597203,0.017676,0.521782,0.640118,0.020394,0.530087,0.669772,0.018855,0.595411,0.590915,0.023419,0.558362,0.609186,0.029387,0.550159,0.638533,0.030262,0.556404,0.670065,0.030116
576,1695021709.300477,1,23.3142,23.3142,3.4226,2.0307,10.2417,2177.7677,66.1873,6801.6331,1.5352,162.6667,199.1503,77.8441,34.8011,7.3833,49.3018,0.011792,0.594096,0.806959,-0.000000,0.522159,0.811166,-0.019537,0.461020,0.737451,-0.016653,0.440736,0.655757,-0.002822,0.465281,0.615556,0.011420,0.506400,0.602041,-0.041799,0.471935,0.509783,-0.040104,0.455164,0.456751,-0.042886,0.442512,0.410212,-0.047299,0.546505,0.568605,-0.021063,0.499859,0.588019,-0.003159,0.494363,0.647320,0.010986,0.503965,0.680954,0.014940,0.572674,0.573525,0.000687,0.525569,0.596757,0.016721,0.519689,0.643072,0.021197,0.529962,0.674044,0.018665,0.591631,0.590630,0.021607,0.553825,0.607192,0.031779,0.546058,0.638743,0.033913,0.553526,0.671715,0.033181
577,1695021709.308810,1,1.9143,1.9143,0.1524,-3.2702,10.6149,134.9906,63.2761,6210.4174,2.1019,152.0085,194.8370,75.8891,34.6895,3.6543,46.1542,0.011378,0.592898,0.806050,-0.000000,0.522258,0.811140,-0.019618,0.459690,0.739754,-0.016972,0.438009,0.655309,-0.005139,0.459246,0.617496,0.007275,0.505686,0.601597,-0.032080,0.468845,0.507062,-0.026335,0.450833,0.457015,-0.023465,0.438119,0.415509,-0.023983,0.545806,0.568096,-0.014438,0.499226,0.587614,-0.000934,0.493118,0.643813,0.010675,0.503896,0.676419,0.015084,0.572344,0.573387,0.003847,0.525693,0.599528,0.013769,0.519680,0.643847,0.016447,0.529881,0.674060,0.014959,0.592081,0.591120,0.021256,0.553728,0.610585,0.026968,0.547165,0.641850,0.028374,0.555507,0.673977,0.028646
578,1695021709.317143,1,9.7746,9.7746,-1.6570,-1.8094,10.1533,1791.7933,55.5478,6567.5371,1.5057,162.1373,197.3789,74.3334,32.3258,6.3776,48.6702,0.012470,0.591899,0.806451,-0.000000,0.520757,0.813299,-0.020637,0.457047,0.741365,-0.018283,0.435421,0.655970,-0.006575,0.458514,0.617171,0.005683,0.504267,0.601977,-0.034053,0.467798,0.509002,-0.030980,0.450604,0.455295,-0.030481,0.438616,0.410544,-0.032443,0.544019,0.566652,-0.016191,0.495020,0.592310,-0.004758,0.488306,0.650507,0.006106,0.498627,0.683697,0.010250,0.569703,0.570673,0.002074,0.521149,0.602774,0.010111,0.514939,0.648124,0.012805,0.525533,0.679044,0.011849,0.588891,0.587856,0.019358,0.549078,0.612101,0.023461,0.542598,0.643616,0.024635,0.551364,0.676152,0.025176
579,1695021709.325477,1,-15.3487,-15.3487,-2.5061,-0.8492,13.1576,1677.5457,56.8797,5878.3628,2.3436,166.8279,197.6114,68.5101,25.9743,12.7845,55.1600,0.015764,0.588671,0.802136,-0.000000,0.518199,0.811988,-0.018688,0.456749,0.742932,-0.015244,0.435343,0.659789,-0.001957,0.457557,0.619478,0.012120,0.499563,0.604424,-0.035553,0.463699,0.509661,-0.034109,0.446798,0.452966,-0.035985,0.434520,0.406269,-0.039379,0.539145,0.567873,-0.016701,0.493602,0.584264,-0.002813,0.488225,0.642575,0.010093,0.498755,0.676672,0.014854,0.565439,0.570232,0.002656,0.519588,0.592859,0.013412,0.513459,0.638608,0.017279,0.524080,0.670856,0.016296,0.584620,0.585936,0.021243,0.546901,0.603090,0.027333,0.539926,0.635646,0.029016,0.548149,0.668944,0.029252
580,1695021709.333810,1,-21.7348,-21.7348,-11.2622,-8.7561,16.4309,1936.2619,78.7796,5819.4696,1.9474,171.2215,195.5095,68.8329,27.4893,10.7801,52.6031,0.015028,0.585852,0.803140,-0.000000,0.515554,0.812332,-0.019894,0.454711,0.743783,-0.017509,0.432751,0.662781,-0.005446,0.454451,0.623671,0.007106,0.497642,0.604566,-0.037180,0.462904,0.512397,-0.037566,0.445944,0.455137,-0.040890,0.433925,0.407059,-0.045187,0.537042,0.568346,-0.018803,0.491921,0.592111,-0.006441,0.485704,0.651279,0.005090,0.495564,0.685210,0.009083,0.563502,0.571124,-0.000015,0.518108,0.599917,0.009419,0.511513,0.645522,0.013091,0.521634,0.676789,0.012353,0.583264,0.587911,0.017827,0.545491,0.609906,0.022725,0.537991,0.642107,0.024543,0.545685,0.675252,0.025387
581,1695021709.342143,1,-22.3407,-22.3407,-6.0638,5.1985,13.0427,1631.6490,38.2371,6754.1051,1.7499,170.4900,193.4628,63.7883,23.2000,16.1624,57.6990,0.017983,0.585999,0.804879,-0.000000,0.515644,0.814419,-0.019399,0.452760,0.746136,-0.017189,0.430805,0.663736,-0.005399,0.455411,0.624783,0.006938,0.494867,0.606914,-0.036572,0.458437,0.513455,-0.037892,0.440655,0.455397,-0.042408,0.428434,0.405968,-0.047675,0.534598,0.569278,-0.018380,0.488722,0.589875,-0.005786,0.483894,0.649066,0.006242,0.495144,0.681039,0.010431,0.561154,0.571386,0.000141,0.515503,0.598121,0.010492,0.509572,0.643304,0.015078,0.520885,0.673746,0.014594,0.581174,0.588535,0.017598,0.543728,0.607938,0.022781,0.537470,0.639003,0.024705,0.546725,0.670879,0.025451
582,1695021709.350477,1,34.2301,34.2301,6.1139,12.1777,22.0308,219.7077,67.4312,6567.8410,1.2510,170.2215,189.7454,61.4629,22.9706,19.4935,58.6944,0.018931,0.584945,0.802375,-0.000000,0.515340,0.817404,-0.023002,0.451209,0.749889,-0.022492,0.428584,0.663580,-0.011923,0.453527,0.621082,-0.000494,0.494422,0.608866,-0.039857,0.457625,0.518443,-0.043626,0.438091,0.458937,-0.049599,0.424120,0.408889,-0.055779,0.533256,0.569573,-0.021656,0.488284,0.596038,-0.012396,0.484868,0.658804,-0.000800,0.497486,0.690703,0.003835,0.559466,0.570933,-0.003720,0.515176,0.599273,0.002651,0.509295,0.646050,0.007911,0.521638,0.676250,0.008934,0.580269,0.588047,0.012780,0.543460,0.608640,0.015749,0.536999,0.642239,0.018818,0.547212,0.673901,0.020979
583,1695021709.358810,1,36.2135,36.2135,12.8906,6.7767,27.0774,1600.1860,26.4469,6313.1213,2.3786,167.4437,180.8716,61.9699,28.1609,19.7955,52.6837,0.015508,0.584520,0.804881,-0.000000,0.513237,0.818175,-0.021747,0.448587,0.750081,-0.020655,0.426616,0.663529,-0.009151,0.451594,0.621082,0.002821,0.491729,0.611332,-0.042134,0.455361,0.521266,-0.045637,0.435102,0.464184,-0.052014,0.419929,0.416120,-0.058705,0.530267,0.571534,-0.023431,0.485441,0.595928,-0.011415,0.482197,0.657590,0.001352,0.493636,0.689623,0.005589,0.555924,0.572170,-0.004701,0.511018,0.599495,0.004581,0.506244,0.646380,0.009654,0.518668,0.677419,0.009261,0.576281,0.588019,0.012778,0.539547,0.609055,0.017302,0.533462,0.642776,0.019534,0.543608,0.675176,0.020223
584,1695021709.367143,1,18.6581,18.6581,10.0982,-2.7923,26.0664,1527.9088,47.3684,3459.5402,2.3784,154.7755,170.3185,62.5103,34.3754,29.2836,58.4492,0.017678,0.582550,0.803351,-0.000000,0.513145,0.817187,-0.016348,0.451423,0.754023,-0.012917,0.426471,0.676476,-0.000626,0.445432,0.636047,0.011945,0.489595,0.614381,-0.033545,0.449504,0.524488,-0.033755,0.428468,0.468383,-0.037253,0.412658,0.422813,-0.041835,0.528943,0.573889,-0.016995,0.482631,0.595792,-0.005129,0.477646,0.656274,0.006565,0.488270,0.690536,0.010871,0.555711,0.573392,0.000161,0.509912,0.599818,0.009177,0.502667,0.645918,0.013640,0.512749,0.677293,0.013511,0.575546,0.587980,0.016733,0.537458,0.608839,0.021822,0.530270,0.641366,0.024680,0.538894,0.673605,0.026126
585,1695021709.375477,1,20.7066,20.7066,10.7618,0.6636,21.1140,1569.4707,11.9685,3642.1342,2.0915,146.6250,155.6263,63.5647,44.9922,45.0676,65.9483,0.018033,0.582173,0.802208,-0.000000,0.511669,0.819373,-0.016402,0.450012,0.757247,-0.013142,0.426273,0.676340,-0.000682,0.446264,0.632661,0.012445,0.485890,0.619370,-0.032544,0.444910,0.532482,-0.032912,0.420827,0.480799,-0.037316,0.402673,0.437746,-0.042613,0.524914,0.576357,-0.015934,0.479249,0.592744,-0.001624,0.476177,0.654334,0.011235,0.488312,0.687198,0.015563,0.551448,0.572541,0.000926,0.506084,0.592118,0.011514,0.499704,0.642234,0.016313,0.510702,0.673236,0.015729,0.571565,0.583230,0.017144,0.533470,0.596822,0.023965,0.526572,0.631823,0.027493,0.536348,0.664519,0.028630
586,1695021709.383810,1,16.2357,16.2357,-4.4986,-15.2604,8.3209,1410.7732,32.2838,3748.9778,2.1591,149.8750,150.0991,63.9347,51.3083,53.6201,71.8217,0.019484,0.579255,0.805937,-0.000000,0.509207,0.822001,-0.015759,0.447432,0.759970,-0.012556,0.422077,0.681000,-0.000917,0.442671,0.638834,0.011023,0.483168,0.619546,-0.030324,0.439277,0.533121,-0.029043,0.414366,0.482421,-0.031502,0.396121,0.439601,-0.035729,0.522330,0.576008,-0.014828,0.476097,0.595411,-0.001799,0.473484,0.655889,0.010180,0.485572,0.689120,0.014577,0.549873,0.572740,0.001070,0.504545,0.597586,0.010953,0.499314,0.646774,0.015112,0.510292,0.676685,0.014471,0.571453,0.585093,0.016286,0.533824,0.605392,0.022215,0.528107,0.639419,0.024818,0.538051,0.671291,0.025636
587,1695021709.392143,1,15.0495,15.0495,-5.2910,-0.7924,7.6738,1455.0880,20.4594,3917.4658,2.3699,146.9522,141.1325,73.0907,62.1773,61.9970,75.9974,0.018725,0.578276,0.801368,-0.000000,0.507685,0.823086,-0.017381,0.444953,0.764388,-0.015003,0.419967,0.685843,-0.004648,0.440586,0.644778,0.006303,0.480965,0.622082,-0.028502,0.436446,0.539666,-0.027039,0.409739,0.490225,-0.027691,0.391607,0.449295,-0.030144,0.520340,0.579365,-0.014221,0.475162,0.605910,-0.004680,0.471878,0.664400,0.006416,0.485579,0.694665,0.011653,0.548565,0.575695,0.000003,0.504282,0.604243,0.005052,0.498387,0.652026,0.008651,0.509757,0.677893,0.009380,0.571305,0.587368,0.013440,0.533635,0.608782,0.016731,0.527469,0.642402,0.019770,0.537851,0.671358,0.021905
588,1695021709.400477,1,-21.5651,-21.5651,-10.0558,-4.7648,15.8124,1229.6287,50.5883,3934.5067,2.4792,149.5247,135.4630,77.3256,69.1886,69.2039,81.2891,0.018742,0.576501,0.801939,-0.000000,0.506908,0.825554,-0.019682,0.444694,0.768024,-0.019062,0.419238,0.687028,-0.009796,0.440114,0.642563,0.000123,0.480990,0.627563,-0.033732,0.432456,0.544096,-0.033014,0.405734,0.495541,-0.033552,0.387235,0.454217,-0.036015,0.519780,0.581937,-0.018146,0.473213,0.600446,-0.008883,0.470588,0.658180,0.002905,0.484158,0.689436,0.008339,0.547404,0.576373,-0.002555,0.502497,0.597939,0.001690,0.497472,0.645397,0.005472,0.509083,0.673695,0.006294,0.569438,0.587065,0.012234,0.532017,0.602663,0.014305,0.526538,0.634919,0.016836,0.537095,0.664865,0.018601
589,1695021709.408810,1,23.5745,23.5745,0.7170,10.7728,16.4708,1102.4870,19.2792,3521.6929,2.6663,156.9468,126.2896,81.4858,74.1633,73.2482,82.4262,0.016389,0.577962,0.808608,-0.000000,0.506298,0.831782,-0.018989,0.441101,0.770310,-0.017949,0.416746,0.687389,-0.008760,0.438934,0.644715,0.001066,0.477501,0.632366,-0.032570,0.430018,0.549934,-0.032777,0.404040,0.500623,-0.033883,0.386260,0.457437,-0.036890,0.516138,0.584910,-0.018722,0.469464,0.605909,-0.010338,0.469832,0.663162,0.001775,0.485196,0.690776,0.007392,0.543422,0.577221,-0.005264,0.497634,0.601874,-0.001535,0.495418,0.649027,0.002946,0.508683,0.675010,0.004022,0.565256,0.587158,0.007164,0.526154,0.605082,0.009214,0.523040,0.637571,0.012172,0.535475,0.666375,0.013967
590,1695021709.417143,1,22.1089,22.1089,1.4683,0.7513,16.6481,1213.6719,2.9518,4523.1249,2.2719,152.5340,117.1837,86.7156,83.2761,84.2935,92.4198,0.018093,0.577089,0.807079,-0.000000,0.504410,0.832818,-0.016576,0.439937,0.775301,-0.014566,0.414631,0.694948,-0.004560,0.434889,0.651399,0.005806,0.473643,0.635923,-0.031536,0.426859,0.554571,-0.030654,0.400171,0.507567,-0.031650,0.380745,0.466163,-0.034826,0.511726,0.587859,-0.017993,0.465143,0.609219,-0.006571,0.465973,0.666070,0.006662,0.480789,0.692752,0.012091,0.539081,0.579619,-0.004486,0.492950,0.602463,0.002372,0.490615,0.649814,0.007825,0.503386,0.675712,0.008531,0.561216,0.588601,0.008205,0.521693,0.604402,0.012577,0.517141,0.636757,0.016353,0.528599,0.665730,0.018004
591,1695021709.425477,1,22.3199,22.3199,1.8176,0.3493,17.1938,1230.8349,8.9461,4356.4783,2.1968,157.4653,108.0610,93.3062,90.4989,90.4102,96.9474,0.016529,0.575853,0.806517,-0.000000,0.503751,0.834730,-0.018003,0.438041,0.779931,-0.016956,0.412714,0.698642,-0.007701,0.433625,0.653375,0.001953,0.471020,0.639010,-0.031790,0.423397,0.560067,-0.029730,0.397174,0.514423,-0.030031,0.378147,0.472661,-0.032920,0.508397,0.590423,-0.017705,0.461325,0.610020,-0.005426,0.461714,0.668069,0.007204,0.476691,0.695663,0.012085,0.535518,0.581868,-0.003592,0.489250,0.604054,0.003426,0.486780,0.652915,0.008027,0.499949,0.679408,0.008227,0.558174,0.589077,0.009689,0.517168,0.604755,0.014292,0.513208,0.637766,0.018136,0.525588,0.667060,0.019857
592,1695021709.433810,1,-14.2056,-14.2056,1.8399,0.0223,20.0090,1388.3769,39.9371,5558.1113,1.9821,158.8549,100.1523,100.0630,99.5417,99.6283,105.0651,0.015510,0.577112,0.815085,-0.000000,0.504391,0.842003,-0.016755,0.437677,0.786917,-0.014018,0.410094,0.707950,-0.003374,0.430410,0.662845,0.007831,0.467984,0.642391,-0.028678,0.417943,0.562826,-0.024370,0.391195,0.519245,-0.022336,0.372911,0.478356,-0.023709,0.505638,0.595659,-0.014591,0.457826,0.618481,-0.001806,0.458548,0.676372,0.010611,0.474467,0.704249,0.015505,0.533331,0.587568,-0.000335,0.486508,0.613653,0.007575,0.484374,0.662362,0.011918,0.497474,0.688830,0.011811,0.556316,0.596008,0.013056,0.516169,0.614852,0.018277,0.511896,0.648427,0.021430,0.523285,0.679152,0.022689
593,1695021709.442143,1,10.8458,10.8458,-3.1822,-5.0221,14.3277,1341.3548,27.0077,5099.9093,1.8212,160.8140,92.5052,103.7261,104.2191,104.3536,109.5803,0.014742,0.573678,0.811401,-0.000000,0.502636,0.843845,-0.015657,0.437551,0.794813,-0.014332,0.408506,0.716284,-0.006032,0.424641,0.667780,0.002682,0.462135,0.646257,-0.025528,0.413697,0.566616,-0.021468,0.387975,0.522565,-0.019451,0.370101,0.481429,-0.020592,0.499044,0.597962,-0.012411,0.451468,0.616271,-0.001220,0.452138,0.672146,0.010254,0.467969,0.699773,0.015172,0.527019,0.587654,0.000895,0.480233,0.611688,0.006957,0.479181,0.659683,0.011046,0.493105,0.685556,0.011518,0.549802,0.592725,0.013565,0.509033,0.610759,0.017664,0.505823,0.645858,0.020923,0.517882,0.674967,0.022704
594,1695021709.450477,1,14.4115,14.4115,-1.9244,1.2578,13.4051,1283.6116,41.4872,5184.5106,1.9870,156.8302,85.3462,108.3439,111.3009,111.1537,114.0469,0.014076,0.569696,0.812451,-0.000000,0.500694,0.845388,-0.016763,0.436783,0.798483,-0.015280,0.407477,0.723332,-0.006491,0.423033,0.675846,0.002816,0.463401,0.651762,-0.027772,0.411856,0.574407,-0.025062,0.384611,0.529349,-0.024044,0.365597,0.488187,-0.025704,0.499792,0.601418,-0.014262,0.452417,0.621807,-0.004229,0.452067,0.676836,0.006600,0.466996,0.705056,0.011195,0.526786,0.589706,-0.000576,0.480786,0.613873,0.004653,0.478642,0.660754,0.008727,0.491320,0.687693,0.009515,0.548388,0.594931,0.012311,0.508685,0.610936,0.015514,0.504373,0.643883,0.018643,0.515729,0.673733,0.020654
595,1695021709.458810,1,-18.8146,-18.8146,-10.2836,-8.3593,16.3518,1090.0492,52.0928,4697.2916,3.3348,160.2816,83.1398,111.3265,114.6946,115.6105,118.8923,0.013729,0.571938,0.816714,-0.000000,0.502598,0.851571,-0.015649,0.436621,0.805770,-0.015619,0.405996,0.730025,-0.009222,0.421196,0.682866,-0.002509,0.458658,0.659886,-0.026116,0.409109,0.579222,-0.025121,0.382200,0.532090,-0.025600,0.362722,0.489926,-0.028461,0.494026,0.606495,-0.014285,0.446620,0.626810,-0.006006,0.447727,0.680610,0.004011,0.463071,0.708389,0.008159,0.521240,0.591110,-0.002426,0.475026,0.618798,0.001922,0.474580,0.664858,0.006759,0.488304,0.691885,0.008039,0.543170,0.593550,0.008528,0.502745,0.612796,0.011272,0.499346,0.647029,0.014797,0.510375,0.676403,0.017169
596,1695021709.467143,1,24.3053,24.3053,9.6277,19.9113,16.8353,1141.2912,34.3367,4509.7329,2.4164,160.9059,74.8318,119.0165,122.7006,122.7421,124.9944,0.013443,0.571196,0.817068,-0.000000,0.501758,0.853290,-0.017261,0.434240,0.809225,-0.018300,0.403833,0.730636,-0.012814,0.420665,0.681389,-0.006927,0.458568,0.661636,-0.027391,0.406987,0.584800,-0.027912,0.378519,0.539049,-0.029420,0.358164,0.497856,-0.032907,0.493538,0.607863,-0.015716,0.446150,0.631174,-0.009419,0.449660,0.683943,0.000302,0.466859,0.708770,0.004708,0.519634,0.592393,-0.004329,0.474232,0.621943,-0.002042,0.475535,0.666361,0.002981,0.490488,0.690518,0.004920,0.541023,0.595107,0.005955,0.501043,0.616093,0.007142,0.499830,0.649193,0.010866,0.512856,0.676377,0.013709
597,1695021709.475477,1,29.5792,29.5792,4.6833,-4.9444,16.8352,861.0140,37.4169,4428.1419,2.3596,162.8681,68.6291,124.5918,129.6887,130.0936,131.6754,0.013374,0.570006,0.814329,-0.000000,0.501450,0.853826,-0.016373,0.435420,0.813251,-0.016544,0.403660,0.741901,-0.009851,0.415009,0.692806,-0.002956,0.455808,0.668653,-0.028686,0.404350,0.590789,-0.030012,0.374795,0.544581,-0.032573,0.353283,0.503588,-0.036700,0.489763,0.613356,-0.016442,0.444365,0.639690,-0.009437,0.448429,0.694028,0.000370,0.465632,0.719648,0.004379,0.515910,0.596626,-0.004312,0.471411,0.628805,-0.000761,0.473574,0.674694,0.004579,0.489049,0.699363,0.006140,0.537272,0.598113,0.006847,0.498395,0.621769,0.008405,0.497406,0.656812,0.012040,0.510529,0.684457,0.014639
598,1695021709.483810,1,17.6879,17.6879,0.8191,-3.8642,16.9580,854.6736,49.2022,4510.9640,3.0601,159.4591,64.3606,129.0182,135.7543,136.8868,137.8894,0.012350,0.570465,0.820410,-0.000000,0.501320,0.859352,-0.016409,0.433992,0.816817,-0.015880,0.401526,0.743182,-0.007713,0.413789,0.690661,0.000747,0.453845,0.665469,-0.029511,0.399456,0.588908,-0.024844,0.370024,0.547827,-0.022391,0.348589,0.509332,-0.023290,0.488677,0.611868,-0.014793,0.442081,0.641129,-0.001421,0.445831,0.696518,0.011238,0.463006,0.723538,0.016272,0.515607,0.599991,0.000522,0.469984,0.634333,0.008295,0.472144,0.682704,0.012733,0.487114,0.708913,0.012870,0.537007,0.604727,0.015328,0.497788,0.629907,0.020652,0.496491,0.666505,0.024507,0.508809,0.696376,0.026492
599,1695021709.492143,1,32.5444,32.5444,12.8398,12.0207,18.6353,1284.8817,62.4677,4732.7380,2.2590,161.2469,58.6702,137.9188,145.4201,146.7790,146.2640,0.012614,0.568204,0.813741,-0.000000,0.501075,0.857963,-0.016313,0.434563,0.820577,-0.016448,0.402130,0.748925,-0.009522,0.414202,0.696539,-0.002193,0.452622,0.674204,-0.028786,0.397321,0.599202,-0.029856,0.365719,0.555535,-0.032257,0.342135,0.516897,-0.036363,0.485589,0.616038,-0.016126,0.438627,0.648476,-0.008770,0.444086,0.703147,0.001272,0.462309,0.727290,0.005346,0.510683,0.597946,-0.003538,0.464469,0.635600,-0.000180,0.467962,0.682281,0.005144,0.484548,0.706141,0.006798,0.531204,0.598224,0.008137,0.491014,0.628123,0.009177,0.490905,0.664127,0.012366,0.504302,0.690761,0.014774
600,1695021709.500477,1,41.6634,41.6634,4.3395,-8.5002,8.0392,1063.6996,38.4840,4927.1669,2.0899,159.4869,51.2183,146.9643,155.3344,156.6817,155.5649,0.011557,0.568457,0.816023,-0.000000,0.501084,0.860664,-0.018339,0.433607,0.824541,-0.020310,0.400682,0.753158,-0.015365,0.411389,0.703121,-0.010125,0.454939,0.676934,-0.032245,0.394737,0.605065,-0.035134,0.360617,0.563361,-0.038118,0.334810,0.526228,-0.042787,0.486386,0.618207,-0.020061,0.435440,0.654966,-0.017034,0.440602,0.713526,-0.007914,0.458303,0.737627,-0.003696,0.509199,0.600137,-0.007998,0.460269,0.642378,-0.007856,0.463153,0.691348,-0.001175,0.479563,0.715124,0.001982,0.527197,0.602196,0.002866,0.485770,0.635653,0.001024,0.485185,0.673707,0.004643,0.498584,0.700522,0.007960
601,1695021709.508810,1,46.1606,46.1606,4.1454,-0.1942,9.9322,1313.7776,9.2571,5520.5519,1.6520,156.1165,43.9950,161.3453,169.2618,169.7051,166.8350,0.010106,0.568468,0.818213,-0.000000,0.502500,0.864451,-0.021407,0.433553,0.830564,-0.023922,0.399314,0.757017,-0.018641,0.409286,0.701083,-0.012585,0.455750,0.680481,-0.034380,0.392871,0.612899,-0.037415,0.356852,0.574709,-0.039983,0.329116,0.541494,-0.044110,0.486295,0.620166,-0.020732,0.433572,0.656957,-0.017996,0.439159,0.712194,-0.008311,0.457566,0.734892,-0.003329,0.508244,0.601035,-0.007649,0.458166,0.643993,-0.008769,0.461585,0.690529,-0.003059,0.478186,0.711382,0.000054,0.525743,0.600505,0.004120,0.483096,0.634799,0.001495,0.482644,0.671555,0.004298,0.496183,0.695862,0.007205
602,1695021709.517143,0,-45.1316,-45.1316,-15.7049,-19.8502,33.3122,1959.1472,2.0783,5663.4494,2.0329,153.0795,45.1193,174.6185,183.5752,184.2922,181.5985,0.008374,0.569349,0.821126,-0.000000,0.501955,0.868515,-0.020675,0.432599,0.836271,-0.022846,0.398515,0.764405,-0.017510,0.409198,0.709772,-0.011637,0.451310,0.683645,-0.032766,0.386269,0.621290,-0.034694,0.348009,0.585905,-0.036787,0.318647,0.554728,-0.040817,0.481961,0.624078,-0.019392,0.431076,0.667101,-0.017105,0.438684,0.724646,-0.007980,0.458370,0.748328,-0.003203,0.504680,0.605395,-0.006355,0.455600,0.653892,-0.007233,0.461082,0.702650,-0.001174,0.478818,0.723918,0.002096,0.522982,0.605064,0.005383,0.481506,0.641961,0.003097,0.482925,0.680186,0.006400,0.497909,0.703361,0.009688
603,1695021709.525477,0,-47.0533,-47.0533,-19.8994,-4.1946,42.4683,2116.9083,11.2242,7186.7623,2.1764,156.2801,47.0263,184.8047,195.1433,196.0003,192.6609,0.004631,0.568234,0.822747,-0.000000,0.501172,0.872045,-0.022264,0.432223,0.839516,-0.025214,0.396270,0.768309,-0.020213,0.407226,0.713303,-0.014458,0.449874,0.688001,-0.035373,0.380656,0.625567,-0.036967,0.341932,0.592235,-0.037975,0.312649,0.561264,-0.041209,0.479209,0.627631,-0.020700,0.426617,0.670206,-0.018440,0.435514,0.727947,-0.008760,0.455667,0.750950,-0.003537,0.500949,0.607455,-0.006334,0.451083,0.657399,-0.006527,0.458218,0.707453,-0.000075,0.476557,0.728526,0.003304,0.518070,0.605919,0.006547,0.477338,0.644845,0.004749,0.478990,0.683794,0.007516,0.493478,0.707830,0.010350
604,1695021709.533810,0,-48.5315,-48.5315,-22.5487,-2.6493,44.5271,1898.1702,14.1548,6910.4412,2.8247,155.4961,47.3674,186.3368,196.7750,197.4599,193.5483,0.003414,0.565713,0.819638,-0.000000,0.499400,0.871349,-0.021750,0.429700,0.841884,-0.024588,0.394643,0.771600,-0.019797,0.404318,0.716968,-0.014291,0.448147,0.690728,-0.033667,0.379213,0.630208,-0.036188,0.340621,0.596522,-0.038093,0.311736,0.564786,-0.041896,0.478293,0.630174,-0.020015,0.424994,0.673520,-0.019006,0.433510,0.730789,-0.010065,0.454135,0.751796,-0.005167,0.500508,0.610222,-0.006867,0.450026,0.660002,-0.008986,0.456822,0.708781,-0.003045,0.475974,0.727671,0.000435,0.518462,0.609048,0.004857,0.476357,0.648244,0.001193,0.478579,0.687107,0.003818,0.494517,0.709986,0.006921
605,1695021709.542143,0,48.3301,48.3301,0.5424,23.0911,46.1420,1023.5696,9.8322,6515.4501,2.9295,149.0802,48.8189,191.6908,201.4910,202.1904,198.6287,0.002671,0.566208,0.826436,-0.000000,0.498709,0.875138,-0.022918,0.428706,0.845297,-0.027264,0.392305,0.773421,-0.023737,0.403289,0.717787,-0.019493,0.449195,0.691855,-0.037082,0.377584,0.633610,-0.038402,0.338571,0.601528,-0.039133,0.308851,0.570843,-0.042380,0.477391,0.631261,-0.022293,0.423982,0.676691,-0.020074,0.432731,0.734505,-0.010555,0.452883,0.756864,-0.005654,0.497982,0.611164,-0.007595,0.448198,0.662892,-0.007385,0.455013,0.712853,-0.000509,0.473390,0.734396,0.002908,0.514189,0.609980,0.005555,0.473842,0.647867,0.004252,0.475677,0.686954,0.007549,0.490373,0.711596,0.010643
606,1695021709.550477,0,-50.4005,-50.4005,-1.3172,-1.8596,38.4827,565.9215,39.1397,6135.2387,2.2410,146.5957,51.5016,194.1307,203.8231,203.8530,199.4523,0.002956,0.564047,0.827752,-0.000000,0.496581,0.877000,-0.022765,0.426397,0.848573,-0.027673,0.390553,0.775651,-0.025342,0.402038,0.719580,-0.022343,0.447871,0.696195,-0.035171,0.376362,0.637095,-0.037807,0.337276,0.603471,-0.039661,0.306952,0.572315,-0.043713,0.475366,0.633507,-0.021520,0.421059,0.675989,-0.021318,0.429520,0.732644,-0.012836,0.449524,0.754555,-0.008222,0.495663,0.611150,-0.008208,0.445167,0.661351,-0.009697,0.451749,0.710113,-0.002743,0.470404,0.730911,0.001190,0.511789,0.608607,0.003415,0.470142,0.645315,0.000663,0.471914,0.684230,0.003918,0.487028,0.708286,0.007298
607,1695021709.558810,0,55.7309,55.7309,25.6961,27.0133,49.3958,1875.3811,56.2642,5685.9692,1.8962,148.7616,51.9982,194.7156,204.5662,205.1240,201.2875,0.002996,0.560895,0.824397,-0.000000,0.495128,0.875741,-0.024457,0.426990,0.849474,-0.026840,0.392142,0.783549,-0.020156,0.401280,0.729933,-0.012368,0.445165,0.696514,-0.039369,0.373318,0.636977,-0.042883,0.333717,0.602690,-0.045149,0.303996,0.569045,-0.048725,0.474079,0.635866,-0.023258,0.418756,0.681974,-0.021552,0.427299,0.739325,-0.011686,0.448339,0.758799,-0.006425,0.494500,0.615327,-0.007711,0.442541,0.667639,-0.009210,0.449576,0.718066,-0.003613,0.468933,0.736913,-0.000467,0.510857,0.613145,0.006221,0.468591,0.652904,0.002712,0.471223,0.692296,0.004617,0.487574,0.715957,0.007207
608,1695021709.567143,0,59.0230,59.0230,26.8886,1.1926,50.9860,1886.7238,42.5738,4524.7329,2.3240,147.3148,54.7564,198.1101,208.9836,209.8862,205.9424,0.002430,0.561230,0.824016,-0.000000,0.494895,0.879072,-0.023605,0.425576,0.851709,-0.028298,0.389708,0.779636,-0.024997,0.400433,0.723639,-0.020795,0.443113,0.699522,-0.038001,0.371236,0.638951,-0.042936,0.331459,0.603780,-0.046480,0.301161,0.571515,-0.051190,0.471476,0.636035,-0.023552,0.418213,0.679825,-0.023738,0.427674,0.735679,-0.014627,0.448155,0.755744,-0.009583,0.492088,0.613306,-0.009721,0.442314,0.664574,-0.012373,0.450069,0.712560,-0.005679,0.469197,0.731575,-0.001597,0.508636,0.610658,0.002467,0.467576,0.648545,-0.001433,0.470180,0.686544,0.001496,0.485768,0.709967,0.004926
609,1695021709.575477,0,-56.7305,-56.7305,-26.2651,-53.1538,53.0242,2093.0793,26.0370,5135.9768,1.3869,146.8573,57.1199,198.5631,209.9366,211.5668,208.5833,0.002355,0.561764,0.826120,-0.000000,0.495837,0.879697,-0.023005,0.425389,0.851306,-0.026071,0.388637,0.779718,-0.021107,0.397358,0.723686,-0.015121,0.442376,0.704312,-0.036951,0.370234,0.640513,-0.041889,0.330407,0.603489,-0.045242,0.299612,0.569829,-0.049650,0.469952,0.639802,-0.022558,0.414274,0.680904,-0.023026,0.423798,0.737369,-0.013979,0.444453,0.758353,-0.008685,0.489605,0.614632,-0.008816,0.437407,0.665567,-0.011701,0.445608,0.715110,-0.005375,0.465252,0.735140,-0.001338,0.505420,0.608852,0.003280,0.461943,0.648293,-0.000951,0.464597,0.688085,0.001455,0.480440,0.712526,0.004629
610,1695021709.583810,0,-60.2605,-60.2605,-2.4650,23.8001,55.5435,85.6620,65.9808,4645.4665,1.6325,147.4452,55.9989,201.3341,212.5560,214.1609,211.2100,0.002616,0.560353,0.828720,-0.000000,0.494043,0.879466,-0.023734,0.424214,0.852211,-0.028882,0.387176,0.780501,-0.026385,0.396603,0.723554,-0.023042,0.441888,0.703756,-0.037980,0.368813,0.641201,-0.043821,0.329331,0.604884,-0.047770,0.298521,0.571158,-0.052673,0.468907,0.639108,-0.023850,0.413271,0.679070,-0.025452,0.422952,0.735829,-0.016902,0.443486,0.757737,-0.011892,0.488970,0.614430,-0.010349,0.437702,0.663093,-0.013917,0.445982,0.712825,-0.007102,0.465725,0.734446,-0.002636,0.505397,0.609936,0.001421,0.463153,0.645923,-0.003219,0.465724,0.685175,-0.000484,0.481309,0.710157,0.003023
611,1695021709.592143,0,-57.4642,-57.4642,-28.2988,-25.8338,56.6191,2140.5094,38.8707,4994.6779,1.6210,146.2377,59.3553,201.2706,214.4191,216.5095,212.3916,0.002992,0.558562,0.826811,-0.000000,0.491742,0.877921,-0.021923,0.422761,0.851211,-0.024794,0.387347,0.782615,-0.019421,0.396297,0.726851,-0.013227,0.440830,0.701709,-0.038664,0.368683,0.638480,-0.042598,0.328359,0.601835,-0.045548,0.297063,0.568566,-0.049628,0.468757,0.638296,-0.023689,0.413810,0.678144,-0.021319,0.421597,0.734944,-0.010874,0.441626,0.757202,-0.005497,0.489470,0.615476,-0.008925,0.437084,0.662604,-0.009384,0.443798,0.712597,-0.002590,0.462972,0.733868,0.000997,0.506184,0.611140,0.004484,0.462767,0.646493,0.002697,0.464149,0.685759,0.006230,0.479724,0.710551,0.009559
612,1695021709.600477,0,60.9552,60.9552,0.4830,28.7818,57.8922,265.8791,45.9313,4305.0391,2.0782,147.4336,59.2845,196.5926,210.6521,213.5726,209.9830,0.003858,0.558691,0.825639,-0.000000,0.492374,0.877652,-0.023628,0.422317,0.851584,-0.027021,0.385797,0.782930,-0.021821,0.395243,0.727534,-0.015642,0.440669,0.701615,-0.039845,0.366728,0.637520,-0.045264,0.326841,0.600376,-0.049260,0.296052,0.564308,-0.054083,0.468922,0.637422,-0.024159,0.411880,0.676383,-0.023457,0.421439,0.733514,-0.013444,0.442711,0.754595,-0.008004,0.489412,0.614144,-0.008983,0.436800,0.660022,-0.010990,0.444479,0.709279,-0.004480,0.464938,0.729936,-0.000655,0.506023,0.609940,0.004610,0.463956,0.645170,0.000615,0.466701,0.684935,0.002882,0.483370,0.709711,0.005820
613,1695021709.608810,0,-68.1333,-68.1333,-2.8507,-3.3337,48.8085,195.5136,75.5336,4039.7480,1.9772,149.7639,60.3176,200.3109,213.6475,216.3558,212.9284,0.003811,0.556726,0.824596,-0.000000,0.491042,0.876174,-0.023945,0.422003,0.848459,-0.028384,0.386248,0.777386,-0.024582,0.394369,0.721589,-0.019868,0.442281,0.702918,-0.041270,0.367794,0.637220,-0.048937,0.327193,0.598535,-0.054113,0.295834,0.563399,-0.059491,0.469116,0.637930,-0.026339,0.412384,0.675948,-0.029211,0.420738,0.732771,-0.020636,0.440450,0.755375,-0.015412,0.487911,0.611952,-0.011946,0.435371,0.660454,-0.016380,0.442733,0.709914,-0.009545,0.462152,0.731454,-0.004886,0.502871,0.605394,0.000780,0.459594,0.645117,-0.004799,0.461803,0.686093,-0.002338,0.477208,0.710635,0.001199
614,1695021709.617143,0,66.7116,66.7116,31.7430,34.5937,61.7484,2253.6609,19.3128,3812.5522,2.2968,150.1867,63.4964,197.6033,212.0224,215.2885,212.3781,0.003831,0.557306,0.824820,-0.000000,0.490780,0.875700,-0.023625,0.421851,0.849835,-0.028819,0.386215,0.778348,-0.026165,0.395463,0.721678,-0.022630,0.442865,0.701350,-0.040924,0.367883,0.634544,-0.048250,0.327200,0.594469,-0.052832,0.295330,0.558946,-0.057742,0.469396,0.635555,-0.026466,0.411794,0.671316,-0.028834,0.419753,0.726852,-0.019546,0.439780,0.749430,-0.013938,0.488575,0.609535,-0.012577,0.435560,0.655590,-0.016830,0.442418,0.703701,-0.009626,0.461833,0.725445,-0.004733,0.504057,0.602870,-0.000317,0.460752,0.637868,-0.005179,0.462079,0.677257,-0.002267,0.476880,0.702208,0.001359
615,1695021709.625477,0,-67.5196,-67.5196,-2.5139,-34.2569,62.9482,95.9854,22.9049,3986.5471,2.6558,151.9606,62.3769,195.4956,209.9139,213.3585,211.0691,0.003538,0.557229,0.822187,-0.000000,0.490993,0.874629,-0.024379,0.420524,0.846471,-0.029453,0.385744,0.772443,-0.026613,0.395494,0.716345,-0.022879,0.443729,0.700155,-0.040515,0.369838,0.633173,-0.048500,0.329300,0.592745,-0.054022,0.297691,0.556532,-0.059863,0.470648,0.635056,-0.026237,0.413258,0.672644,-0.030141,0.421292,0.728531,-0.022140,0.441213,0.748701,-0.017262,0.489158,0.609245,-0.012700,0.436308,0.656391,-0.017849,0.442682,0.705347,-0.010817,0.462046,0.725752,-0.006001,0.503769,0.602889,-0.000994,0.460036,0.640640,-0.007183,0.461479,0.680934,-0.004831,0.476678,0.704612,-0.001399
616,1695021709.633810,0,-63.7400,-63.7400,-31.1738,-28.6599,63.8763,2325.3782,42.5751,4492.5584,2.1298,156.9568,61.6312,191.6597,205.6187,209.1600,207.3953,0.005438,0.556893,0.821187,-0.000000,0.490496,0.872147,-0.023913,0.420426,0.844855,-0.028079,0.384368,0.776266,-0.024180,0.394400,0.721962,-0.019441,0.441779,0.696434,-0.039076,0.369785,0.628808,-0.045727,0.330094,0.588397,-0.050285,0.299674,0.551358,-0.055383,0.470560,0.631383,-0.024589,0.415138,0.670532,-0.027141,0.423731,0.726835,-0.018460,0.444201,0.747424,-0.013012,0.491494,0.607112,-0.010810,0.440348,0.654778,-0.015546,0.446925,0.702836,-0.009073,0.466243,0.722790,-0.004392,0.508423,0.602400,0.001295,0.466601,0.640354,-0.004153,0.468634,0.679785,-0.001643,0.484116,0.703239,0.001939
617,1695021709.642143,0,69.9370,69.9370,34.5176,65.6914,66.0577,2193.5662,48.3941,3621.8678,3.0135,162.7500,60.8984,186.4569,200.4470,204.3709,202.9367,0.005665,0.557699,0.820779,-0.000000,0.491806,0.872214,-0.025798,0.421939,0.844061,-0.031153,0.386026,0.772354,-0.028152,0.396097,0.716224,-0.024145,0.448017,0.695589,-0.042468,0.372931,0.625234,-0.051397,0.332338,0.583650,-0.056968,0.300849,0.546501,-0.062535,0.474877,0.629709,-0.027327,0.414717,0.669996,-0.031883,0.423118,0.727427,-0.023013,0.443478,0.746898,-0.017215,0.492459,0.604353,-0.013181,0.437994,0.656117,-0.019194,0.445173,0.705136,-0.011809,0.464639,0.723195,-0.006349,0.505844,0.599725,-0.000956,0.461892,0.640725,-0.007556,0.464256,0.680904,-0.005152,0.479703,0.703560,-0.001490
618,1695021709.650477,0,-68.3423,-68.3423,-33.7635,-68.2811,66.0929,2438.2699,8.3648,5253.4593,2.1875,163.8881,63.8249,181.3089,196.4430,200.8386,200.3843,0.008540,0.557312,0.824623,-0.000000,0.491900,0.870322,-0.023613,0.424345,0.840547,-0.029226,0.388430,0.771712,-0.027124,0.394983,0.717930,-0.024191,0.448009,0.692506,-0.041810,0.374566,0.619854,-0.050680,0.334152,0.577392,-0.056545,0.302841,0.540363,-0.062184,0.475529,0.628263,-0.027498,0.418055,0.666233,-0.031596,0.424473,0.723760,-0.023156,0.443517,0.747720,-0.017797,0.494763,0.604026,-0.013741,0.441716,0.651783,-0.019293,0.447305,0.700876,-0.012286,0.465712,0.723677,-0.007235,0.509266,0.599974,-0.001550,0.466435,0.637277,-0.007501,0.466908,0.677643,-0.004701,0.480439,0.703278,-0.000813
619,1695021709.658810,0,-66.2052,-66.2052,0.3286,34.0921,54.5778,575.6762,18.7128,5801.0495,2.8952,165.1065,63.8097,173.6981,189.8567,195.8106,197.5370,0.008572,0.558756,0.820273,-0.000000,0.492428,0.868933,-0.024593,0.423501,0.838240,-0.029324,0.388786,0.767431,-0.025947,0.397973,0.714140,-0.021574,0.447987,0.690508,-0.040862,0.375498,0.615570,-0.049212,0.335815,0.571083,-0.054677,0.305705,0.531885,-0.060112,0.476318,0.628064,-0.026095,0.419400,0.663509,-0.030338,0.426144,0.721744,-0.022079,0.445903,0.743864,-0.016706,0.495348,0.604035,-0.012136,0.442775,0.649210,-0.017959,0.448574,0.699023,-0.011183,0.467681,0.720107,-0.006147,0.509947,0.599402,0.000083,0.466984,0.634624,-0.006459,0.468044,0.674803,-0.004110,0.482840,0.699512,-0.000364
620,1695021709.667143,0,-71.9245,-71.9245,-2.0461,-2.3747,55.0616,665.7255,30.9006,3426.4785,2.3059,165.9483,66.2622,169.8634,185.4396,191.2075,193.1148,0.013499,0.561400,0.820552,-0.000000,0.494102,0.867196,-0.025333,0.425273,0.836413,-0.033282,0.388743,0.762910,-0.033993,0.398296,0.706027,-0.034059,0.452442,0.689559,-0.042398,0.379228,0.611903,-0.052898,0.340032,0.565504,-0.059354,0.308993,0.526198,-0.065609,0.479217,0.624766,-0.028749,0.419004,0.659199,-0.036343,0.426190,0.715699,-0.029197,0.445690,0.738906,-0.024100,0.497478,0.598816,-0.015945,0.443250,0.643992,-0.023511,0.449194,0.692550,-0.015431,0.468190,0.715904,-0.009194,0.511203,0.593872,-0.005109,0.467543,0.628493,-0.012941,0.468337,0.668849,-0.010308,0.482501,0.693957,-0.006109
621,1695021709.675477,0,-70.2092,-70.2092,-35.0366,-32.9904,55.6755,2496.6985,2.9257,3266.4179,2.1374,163.3248,70.2969,160.6366,176.5323,183.3360,186.8214,0.022213,0.561879,0.818778,-0.000000,0.495439,0.866172,-0.026116,0.426723,0.831566,-0.032740,0.391806,0.756258,-0.031192,0.401204,0.699562,-0.028742,0.451758,0.684469,-0.042441,0.381487,0.605405,-0.052566,0.342406,0.558035,-0.059592,0.312677,0.516923,-0.066156,0.480983,0.621589,-0.027298,0.423951,0.657778,-0.032142,0.430887,0.715335,-0.023841,0.450695,0.737696,-0.018536,0.500668,0.599111,-0.013235,0.447950,0.644540,-0.019836,0.453502,0.694334,-0.012646,0.472224,0.716360,-0.007248,0.515911,0.596473,-0.001014,0.472741,0.631280,-0.008299,0.473644,0.671756,-0.005830,0.487977,0.696796,-0.001923
622,1695021709.683810,0,79.6148,79.6148,36.9893,72.0258,59.5445,2672.5851,39.9074,1391.7318,1.6998,163.1651,76.5476,152.8565,170.0725,178.1414,183.4607,0.028111,0.562219,0.815946,-0.000000,0.495853,0.863433,-0.026118,0.427904,0.830247,-0.032969,0.392170,0.757677,-0.031138,0.402159,0.702358,-0.028341,0.455601,0.683920,-0.047210,0.383952,0.597583,-0.060341,0.343949,0.547414,-0.069598,0.312823,0.505243,-0.077198,0.485111,0.619138,-0.031075,0.424650,0.652209,-0.035964,0.430117,0.709668,-0.026195,0.449483,0.732779,-0.020053,0.504344,0.596731,-0.016024,0.448984,0.640832,-0.022921,0.453944,0.688929,-0.015128,0.473251,0.710977,-0.009137,0.518677,0.594349,-0.002628,0.474261,0.629226,-0.009953,0.474395,0.668292,-0.007345,0.488519,0.693231,-0.003326
623,1695021709.692143,0,72.2896,72.2896,34.6237,-2.3656,71.2922,2682.1784,33.4911,1870.2399,1.8634,162.8650,75.1882,143.9969,159.8418,168.0328,174.3370,0.027353,0.563623,0.815104,-0.000000,0.495629,0.860535,-0.025144,0.427868,0.824256,-0.032447,0.394572,0.749302,-0.031823,0.404787,0.693987,-0.030491,0.456606,0.679944,-0.044947,0.387662,0.592283,-0.057538,0.349108,0.540487,-0.066102,0.319239,0.498038,-0.073215,0.486206,0.615888,-0.029846,0.427961,0.646134,-0.035248,0.431878,0.703171,-0.026153,0.449965,0.729829,-0.020309,0.506323,0.592941,-0.015758,0.452506,0.635233,-0.023074,0.456653,0.683566,-0.015539,0.474737,0.708786,-0.009707,0.521739,0.589665,-0.003266,0.478035,0.623165,-0.010675,0.477770,0.662742,-0.007742,0.490895,0.689455,-0.003512
624,1695021709.700477,0,65.1849,65.1849,34.2773,-0.3464,70.4161,2588.6120,52.8302,2537.6723,1.9729,156.9298,77.1594,136.7304,153.6702,162.8862,170.7979,0.028037,0.565631,0.815774,-0.000000,0.497436,0.859011,-0.024950,0.428637,0.820605,-0.032440,0.394118,0.741233,-0.032446,0.408930,0.685430,-0.031856,0.460427,0.673658,-0.042728,0.391586,0.585742,-0.053832,0.352312,0.534365,-0.061156,0.321995,0.493082,-0.067692,0.489960,0.611061,-0.028061,0.431589,0.642340,-0.033033,0.436412,0.699424,-0.023693,0.456439,0.725095,-0.017505,0.510074,0.590022,-0.014409,0.456580,0.630341,-0.021729,0.460722,0.678591,-0.013912,0.479785,0.702649,-0.007678,0.525984,0.587961,-0.002303,0.483076,0.618249,-0.009119,0.483426,0.657159,-0.005736,0.498148,0.683185,-0.001223
625,1695021709.708810,0,72.6045,72.6045,35.7034,1.4261,57.2353,2485.3242,31.8230,1464.5650,1.8610,158.7585,83.3277,131.9590,149.1480,158.0854,165.4700,0.029787,0.568561,0.815437,-0.000000,0.499369,0.857455,-0.024734,0.428758,0.816479,-0.030525,0.396202,0.736354,-0.028194,0.411130,0.682498,-0.025094,0.463696,0.671956,-0.044295,0.397006,0.583251,-0.057028,0.357298,0.530191,-0.066470,0.326553,0.487226,-0.074513,0.494460,0.608724,-0.029773,0.438025,0.643377,-0.035540,0.442566,0.701560,-0.026709,0.462219,0.726804,-0.020951,0.514551,0.588742,-0.016326,0.462112,0.632426,-0.024457,0.465804,0.679793,-0.017099,0.484583,0.703090,-0.011178,0.530259,0.588721,-0.004446,0.487862,0.623172,-0.012065,0.488514,0.660563,-0.008812,0.503430,0.685634,-0.004334
626,1695021709.717143,0,-58.0822,-58.0822,-34.4242,-70.1277,52.4014,2378.2515,61.9419,2238.6195,2.0148,160.8920,85.2268,122.1207,139.0816,148.6039,158.0494,0.030762,0.568237,0.811067,-0.000000,0.499350,0.852863,-0.023513,0.430414,0.811826,-0.028533,0.397435,0.731898,-0.025648,0.412203,0.676730,-0.022166,0.464684,0.664214,-0.042784,0.398631,0.572660,-0.051717,0.360101,0.521402,-0.057322,0.330289,0.479719,-0.062817,0.495498,0.603848,-0.027939,0.437910,0.634953,-0.030873,0.441838,0.692454,-0.020589,0.461102,0.718167,-0.014224,0.515937,0.585500,-0.013724,0.462056,0.626617,-0.019639,0.465199,0.674000,-0.011918,0.483168,0.697689,-0.006223,0.531838,0.585427,-0.000826,0.487542,0.615950,-0.006369,0.486954,0.653451,-0.002577,0.500963,0.679275,0.001789
627,1695021709.725477,0,-60.6002,-60.6002,-33.2224,1.2018,63.4374,2443.1570,15.7635,2915.7396,2.2450,158.7222,91.1682,115.9503,132.1988,142.1000,152.7603,0.031185,0.570161,0.809251,-0.000000,0.501704,0.848386,-0.025738,0.434168,0.805945,-0.030796,0.401148,0.727133,-0.026821,0.416087,0.672332,-0.021789,0.468135,0.658777,-0.044485,0.403049,0.568236,-0.053274,0.364723,0.516858,-0.060125,0.335338,0.474202,-0.066541,0.499202,0.601301,-0.027372,0.443279,0.632321,-0.027884,0.446518,0.689417,-0.017724,0.465453,0.715825,-0.012155,0.519719,0.585185,-0.011063,0.467598,0.622046,-0.014775,0.470217,0.668879,-0.008302,0.487953,0.693099,-0.003987,0.536134,0.585868,0.003766,0.493959,0.613135,-0.000219,0.493051,0.648562,0.002751,0.506680,0.674743,0.006182
628,1695021709.733810,0,58.5188,58.5188,-1.6665,31.5559,61.2955,1142.2869,0.0618,3031.5530,1.9479,162.1759,96.3986,107.2091,124.2699,135.5375,147.5846,0.033101,0.568788,0.805031,-0.000000,0.500496,0.842636,-0.023717,0.434789,0.799142,-0.028764,0.402280,0.720538,-0.025105,0.416318,0.665834,-0.020720,0.468764,0.652190,-0.044783,0.404004,0.559456,-0.053797,0.366478,0.507201,-0.061103,0.337771,0.463848,-0.067823,0.501128,0.595076,-0.028408,0.445707,0.623224,-0.028083,0.447065,0.681700,-0.017364,0.464476,0.709927,-0.011721,0.522920,0.580701,-0.012476,0.470581,0.616518,-0.015211,0.471201,0.664447,-0.007929,0.487707,0.690185,-0.003439,0.540279,0.582982,0.002230,0.498127,0.608647,-0.000894,0.495802,0.645168,0.003133,0.508531,0.672696,0.007084
629,1695021709.742143,0,-56.3084,-56.3084,-32.2282,-30.5617,60.8729,2431.6311,13.7021,3648.2287,2.1570,156.9599,103.3980,100.9337,117.8405,129.5277,142.3222,0.034552,0.569964,0.802717,-0.000000,0.501309,0.838557,-0.025322,0.437148,0.793504,-0.030417,0.405533,0.715089,-0.026104,0.418776,0.659808,-0.021025,0.471460,0.646822,-0.046615,0.408842,0.553912,-0.054575,0.371534,0.502149,-0.061179,0.342761,0.459664,-0.067455,0.503865,0.592282,-0.028651,0.447983,0.619271,-0.027390,0.447830,0.678012,-0.016720,0.463927,0.706080,-0.011291,0.525232,0.579475,-0.010970,0.471716,0.613728,-0.012875,0.470552,0.661852,-0.005930,0.485932,0.687627,-0.001813,0.541574,0.582607,0.005482,0.497985,0.607321,0.002635,0.494238,0.643870,0.006336,0.506217,0.671213,0.010016
630,1695021709.750477,0,-55.1400,-55.1400,0.7356,32.9638,46.4571,1096.9264,34.3623,4119.7922,3.0521,160.1613,107.0076,96.5278,111.3642,122.6137,136.1234,0.033826,0.572332,0.801016,-0.000000,0.502223,0.836170,-0.023690,0.435379,0.787840,-0.027357,0.405222,0.706439,-0.022000,0.422351,0.654461,-0.016315,0.473101,0.643103,-0.044616,0.412322,0.549215,-0.051545,0.375237,0.496546,-0.057754,0.346363,0.453814,-0.064124,0.506352,0.588907,-0.027716,0.451255,0.614583,-0.025182,0.451503,0.672873,-0.013721,0.467613,0.700733,-0.008111,0.528613,0.576414,-0.011078,0.476388,0.609219,-0.011675,0.476154,0.657355,-0.004215,0.492077,0.684728,-0.000228,0.546444,0.579871,0.004268,0.503662,0.605457,0.002068,0.501321,0.641729,0.005891,0.514691,0.669573,0.009354
631,1695021709.758810,0,64.4255,64.4255,31.2564,30.5209,58.2688,2386.3190,37.7020,3073.6404,2.6755,164.2307,119.2135,84.0655,100.4487,114.0608,130.6783,0.038208,0.570385,0.795145,-0.000000,0.501129,0.828496,-0.025382,0.437612,0.781260,-0.030883,0.409082,0.701615,-0.026938,0.427417,0.650862,-0.022536,0.476361,0.633628,-0.046902,0.415584,0.542981,-0.057295,0.379248,0.488973,-0.067040,0.351556,0.444361,-0.075559,0.510047,0.581241,-0.029387,0.454962,0.608260,-0.029025,0.456100,0.668012,-0.018542,0.471975,0.693682,-0.013274,0.532002,0.570712,-0.012424,0.480628,0.603652,-0.014576,0.479646,0.650520,-0.007642,0.495433,0.674858,-0.003615,0.548726,0.576303,0.003203,0.507586,0.600576,-0.000394,0.505844,0.636096,0.003175,0.520062,0.660608,0.006825
632,1695021709.767143,0,-46.5622,-46.5622,-26.2703,-57.5267,56.0504,2382.2721,62.9168,4049.9880,2.5915,165.1250,127.2856,73.7206,88.0297,102.0430,120.9487,0.038045,0.574019,0.793436,-0.000000,0.505947,0.827424,-0.024030,0.441158,0.777675,-0.026751,0.411019,0.698152,-0.020103,0.428371,0.649509,-0.012809,0.478249,0.631139,-0.043337,0.419914,0.534842,-0.049350,0.384809,0.480399,-0.054261,0.358286,0.435149,-0.059584,0.512834,0.580196,-0.025995,0.459578,0.603765,-0.023827,0.458995,0.662773,-0.013037,0.473918,0.689653,-0.007571,0.535772,0.569036,-0.008925,0.485151,0.599740,-0.009900,0.483392,0.646857,-0.003601,0.497675,0.672313,-0.000168,0.553376,0.573777,0.006901,0.511354,0.597135,0.004382,0.508836,0.632528,0.007402,0.521774,0.659742,0.010497
633,1695021709.775477,0,42.6076,42.6076,24.7290,50.9993,52.5840,2439.6498,24.1044,3887.2701,1.8057,168.6427,137.2168,62.4680,78.5174,94.9868,116.4345,0.040711,0.574680,0.788748,-0.000000,0.506342,0.821840,-0.022801,0.441126,0.769821,-0.024023,0.412957,0.690129,-0.015638,0.432083,0.639960,-0.006513,0.478542,0.623503,-0.043343,0.422079,0.522646,-0.048037,0.387763,0.467571,-0.051448,0.362036,0.423422,-0.055612,0.514003,0.575461,-0.025684,0.461924,0.598726,-0.022295,0.461189,0.657992,-0.010467,0.475786,0.685232,-0.004403,0.537603,0.566181,-0.008087,0.487531,0.598805,-0.007757,0.486080,0.646954,-0.001389,0.500108,0.671857,0.001718,0.555606,0.571446,0.008435,0.513886,0.599013,0.007015,0.512159,0.635832,0.010110,0.525254,0.663330,0.013000
634,1695021709.783810,0,-39.4256,-39.4256,3.9286,-20.8004,49.9928,1766.6048,15.9337,3845.1623,2.4277,169.8858,149.6521,51.8301,68.2392,88.1976,114.4133,0.043603,0.578398,0.790720,-0.000000,0.508934,0.819699,-0.022623,0.442691,0.764835,-0.022869,0.414244,0.682786,-0.013380,0.433244,0.633743,-0.003477,0.482921,0.614440,-0.041826,0.425381,0.515001,-0.044929,0.392540,0.457630,-0.048645,0.367461,0.410601,-0.053390,0.519601,0.569166,-0.023381,0.465324,0.591050,-0.018034,0.463015,0.654125,-0.006465,0.476313,0.685334,-0.000922,0.543394,0.563872,-0.004784,0.492265,0.593339,-0.002464,0.488514,0.642587,0.003341,0.501717,0.670830,0.005721,0.561175,0.572795,0.012832,0.518573,0.597671,0.012628,0.515618,0.634260,0.015647,0.529097,0.663607,0.018325
635,1695021709.792143,0,-43.5256,-43.5256,-26.9878,-30.9164,47.9205,2255.0003,10.0518,4127.3425,2.5052,165.2685,156.7790,47.6831,63.2700,84.5435,112.2513,0.045075,0.580902,0.783070,-0.000000,0.511147,0.813367,-0.022399,0.444229,0.758718,-0.023745,0.415566,0.676592,-0.016204,0.435834,0.630877,-0.008339,0.487006,0.611169,-0.041726,0.428986,0.511870,-0.046749,0.395493,0.453971,-0.050416,0.370179,0.407600,-0.054815,0.522765,0.564290,-0.025760,0.466779,0.595287,-0.026607,0.465242,0.660713,-0.016730,0.479799,0.689938,-0.010706,0.545245,0.557094,-0.009721,0.492601,0.595499,-0.012450,0.489793,0.643768,-0.006202,0.504465,0.669146,-0.001966,0.561912,0.565566,0.005220,0.518149,0.594544,0.002274,0.515653,0.630795,0.006023,0.530036,0.658097,0.010214
636,1695021709.800477,0,-32.5735,-32.5735,3.4972,30.4849,33.5806,1294.5725,60.2320,4107.8557,2.3957,162.3248,160.2937,42.6745,56.9717,79.3835,108.4965,0.044600,0.582513,0.784861,-0.000000,0.512673,0.811308,-0.022246,0.445270,0.755616,-0.022185,0.417152,0.672405,-0.012983,0.438990,0.627315,-0.003266,0.486454,0.604371,-0.038058,0.431868,0.504419,-0.039387,0.399282,0.446634,-0.040832,0.374711,0.401015,-0.044109,0.523287,0.560344,-0.020669,0.469200,0.588396,-0.016449,0.466760,0.650417,-0.005419,0.480916,0.679754,0.000437,0.547182,0.556316,-0.003207,0.495893,0.592670,-0.001877,0.491791,0.640759,0.003439,0.504856,0.667328,0.005955,0.565334,0.565951,0.013177,0.522590,0.594755,0.012711,0.519756,0.629772,0.015358,0.532955,0.657727,0.018020
637,1695021709.808810,0,39.8293,39.8293,-0.6946,-4.1917,39.2242,1045.8330,49.5064,4251.8899,2.3850,162.7091,163.6304,37.7483,51.5557,75.4473,106.4721,0.045452,0.583880,0.777738,-0.000000,0.515088,0.804946,-0.024115,0.446937,0.751309,-0.025297,0.418564,0.668726,-0.016677,0.440367,0.622929,-0.007321,0.490353,0.599329,-0.043666,0.433936,0.500382,-0.047192,0.401462,0.442762,-0.049353,0.377562,0.396583,-0.052652,0.526544,0.554836,-0.025511,0.471195,0.583906,-0.023377,0.468403,0.648088,-0.011712,0.483131,0.677077,-0.004969,0.549673,0.550535,-0.007308,0.496930,0.588764,-0.008351,0.492296,0.637041,-0.002641,0.505952,0.662957,0.000752,0.567233,0.559797,0.009822,0.523163,0.591394,0.007259,0.520016,0.627857,0.009902,0.533495,0.655772,0.013088
638,1695021709.817143,0,38.5958,38.5958,19.5053,20.1999,38.2377,1696.5671,26.5795,4239.9869,2.3360,165.6397,170.3924,31.5961,46.5445,73.9382,108.7571,0.048486,0.586115,0.779836,-0.000000,0.517059,0.803480,-0.024285,0.448861,0.747169,-0.024422,0.421856,0.664496,-0.014393,0.443808,0.618384,-0.003556,0.492340,0.595542,-0.043058,0.437334,0.495316,-0.045620,0.404541,0.437921,-0.047331,0.380199,0.391485,-0.050500,0.529054,0.552128,-0.024419,0.473026,0.580305,-0.020381,0.470776,0.644753,-0.008278,0.486340,0.673144,-0.001713,0.552504,0.548982,-0.005790,0.499202,0.586699,-0.005295,0.495467,0.636476,0.000134,0.509828,0.662645,0.002836,0.570426,0.559360,0.011711,0.526139,0.588862,0.009866,0.523048,0.626122,0.012068,0.536520,0.654675,0.014628
639,1695021709.825477,0,33.9280,33.9280,19.3634,-0.1419,37.2015,1531.1986,53.8026,4418.5320,2.7236,164.1505,175.8351,29.2266,42.3618,70.3851,106.2121,0.047527,0.587621,0.778338,-0.000000,0.517527,0.799641,-0.022822,0.450012,0.741589,-0.022160,0.423483,0.658237,-0.011744,0.445104,0.612238,-0.000598,0.493251,0.591131,-0.040679,0.439067,0.490575,-0.041414,0.407383,0.434338,-0.042652,0.383544,0.388433,-0.046019,0.531029,0.549144,-0.022393,0.476629,0.575469,-0.016998,0.473903,0.639081,-0.005679,0.488031,0.669462,-0.000058,0.555738,0.546725,-0.003762,0.503675,0.583662,-0.000395,0.499120,0.633301,0.005527,0.511821,0.662028,0.007746,0.574330,0.557783,0.013598,0.532044,0.586768,0.013036,0.527804,0.623095,0.014872,0.539302,0.653149,0.016873
640,1695021709.833810,0,-42.4750,-42.4750,-2.4754,-21.8388,36.9160,843.2808,29.9402,3831.2428,2.5888,164.6829,181.5389,25.4481,37.4810,68.0936,105.9251,0.048105,0.588821,0.779801,-0.000000,0.518541,0.799114,-0.024637,0.451011,0.738665,-0.025179,0.424628,0.652075,-0.015376,0.447594,0.605880,-0.004669,0.496179,0.588708,-0.044437,0.442260,0.485100,-0.045738,0.410498,0.428287,-0.047333,0.386467,0.382632,-0.050801,0.534109,0.547416,-0.024748,0.479818,0.570557,-0.018294,0.475042,0.632253,-0.006286,0.487555,0.663790,-0.000526,0.558798,0.546538,-0.004678,0.507480,0.581114,-0.000348,0.501044,0.629481,0.005418,0.511924,0.659542,0.007278,0.577026,0.559672,0.014032,0.536493,0.585355,0.014649,0.530625,0.620307,0.016611,0.540143,0.652007,0.018461
641,1695021709.842143,0,43.8413,43.8413,1.0030,3.4784,32.7624,819.5559,35.8215,4177.5866,2.9463,161.8557,184.8304,24.1330,34.0898,63.8836,100.9716,0.044974,0.589996,0.774645,-0.000000,0.519712,0.792638,-0.022868,0.452727,0.734230,-0.023129,0.427876,0.650059,-0.013199,0.450069,0.604941,-0.002571,0.497225,0.584246,-0.045290,0.444762,0.483332,-0.047545,0.413502,0.427137,-0.050216,0.389679,0.381703,-0.054478,0.534981,0.543153,-0.026189,0.482240,0.569432,-0.019361,0.478485,0.632413,-0.006727,0.491869,0.663013,-0.000867,0.560069,0.542682,-0.006520,0.509806,0.579715,-0.001216,0.503775,0.628149,0.005356,0.515777,0.659118,0.007311,0.578910,0.556122,0.011887,0.539964,0.582876,0.012419,0.534199,0.617825,0.014177,0.543850,0.649466,0.015810
642,1695021709.850477,0,-46.9706,-46.9706,-21.3916,-22.3946,41.0566,1228.1062,22.4177,6169.3994,2.2022,163.8117,187.4022,20.8776,30.7467,63.5788,102.4485,0.046715,0.589928,0.772287,-0.000000,0.520157,0.789966,-0.024206,0.455264,0.732290,-0.024943,0.430073,0.649587,-0.014720,0.450872,0.603748,-0.003778,0.498894,0.579538,-0.048062,0.446726,0.479838,-0.050580,0.416338,0.422523,-0.053780,0.392992,0.375659,-0.058294,0.537021,0.540693,-0.027297,0.484695,0.564912,-0.018772,0.480288,0.629191,-0.005849,0.493364,0.661177,-0.000431,0.562579,0.542377,-0.005875,0.512791,0.575152,0.000637,0.506569,0.623353,0.006480,0.518808,0.654190,0.007492,0.581275,0.556945,0.014412,0.542431,0.578009,0.015946,0.536438,0.612932,0.017612,0.546486,0.644780,0.018842
643,1695021709.858810,0,-46.2591,-46.2591,-20.0468,1.3448,41.3573,1333.3816,10.1924,5877.9362,1.4733,169.9522,197.8890,15.5523,28.4248,65.5727,107.1752,0.050443,0.591330,0.770220,-0.000000,0.521219,0.789074,-0.023142,0.456099,0.729414,-0.023886,0.431469,0.646390,-0.014586,0.453522,0.603666,-0.004546,0.497761,0.576148,-0.044829,0.448873,0.472260,-0.048791,0.418856,0.412163,-0.052549,0.396527,0.364945,-0.056952,0.537289,0.537296,-0.025994,0.487171,0.565795,-0.020805,0.482864,0.629846,-0.008753,0.496394,0.662607,-0.002636,0.564275,0.539512,-0.006817,0.515732,0.575882,-0.003017,0.510085,0.624049,0.003240,0.521919,0.654366,0.005619,0.584020,0.555679,0.011063,0.546293,0.582708,0.010962,0.541388,0.618086,0.012962,0.551223,0.649151,0.015194
644,1695021709.867143,0,-49.2276,-49.2276,-1.6881,18.3586,36.0953,791.4923,11.9346,5958.2920,2.1108,167.4537,201.7011,11.7998,30.7517,68.1247,109.6884,0.052746,0.591392,0.767438,-0.000000,0.521205,0.784127,-0.023825,0.456935,0.725349,-0.023268,0.432619,0.643449,-0.011161,0.453952,0.599087,0.002093,0.499665,0.570815,-0.048374,0.449712,0.466615,-0.050761,0.419403,0.408447,-0.053823,0.396511,0.361353,-0.057713,0.538454,0.535418,-0.026553,0.486320,0.558806,-0.016704,0.481550,0.623835,-0.002893,0.494661,0.656531,0.003186,0.564134,0.537520,-0.004099,0.513509,0.569834,0.003858,0.507479,0.620516,0.009575,0.519391,0.651472,0.010457,0.582658,0.550364,0.017235,0.543941,0.572830,0.020260,0.537753,0.609144,0.021792,0.547050,0.640967,0.022840
645,1695021709.875477,0,42.1910,42.1910,-0.4126,1.2756,44.3506,667.4757,72.5391,6504.0438,2.2272,166.4144,203.3982,15.7892,27.1450,65.4588,107.3817,0.050819,0.592763,0.764760,-0.000000,0.523457,0.783615,-0.023534,0.457393,0.722714,-0.024808,0.434090,0.636978,-0.016378,0.458352,0.592682,-0.007348,0.500381,0.570642,-0.041753,0.452091,0.468152,-0.043680,0.422442,0.408792,-0.046472,0.400387,0.361445,-0.050672,0.539250,0.532280,-0.022802,0.489613,0.559679,-0.015970,0.485243,0.622808,-0.004296,0.498455,0.654997,0.001286,0.565616,0.534334,-0.003592,0.517814,0.570311,0.001614,0.511719,0.618228,0.007277,0.523457,0.648885,0.008997,0.585250,0.549321,0.014230,0.547486,0.573582,0.015225,0.542065,0.608616,0.016988,0.551865,0.640311,0.018807
646,1695021709.883810,0,-46.5424,-46.5424,0.1070,0.5196,35.7917,475.9524,76.3452,6688.1094,1.3115,164.4267,200.2959,15.1981,27.2034,64.6810,105.8057,0.049782,0.592287,0.759869,-0.000000,0.523073,0.778900,-0.022809,0.459086,0.720184,-0.023012,0.435334,0.640703,-0.012628,0.456643,0.599945,-0.001469,0.501644,0.564458,-0.045371,0.452115,0.467249,-0.048775,0.422404,0.409456,-0.053463,0.400440,0.362303,-0.058586,0.541291,0.528358,-0.025900,0.492014,0.560174,-0.017523,0.486632,0.623642,-0.005095,0.499322,0.653885,0.000364,0.568029,0.533742,-0.005978,0.520912,0.569819,0.000248,0.513319,0.617790,0.005534,0.524350,0.645672,0.006515,0.586918,0.552327,0.012789,0.550013,0.576558,0.014442,0.543206,0.611112,0.016287,0.552066,0.641169,0.017840
647,1695021709.892143,0,-41.7398,-41.7398,1.1298,1.0228,35.3352,450.1231,42.6214,5330.4545,2.0885,163.1312,209.2785,15.3953,28.7151,68.3667,110.5632,0.053982,0.594657,0.763265,-0.000000,0.524704,0.780664,-0.024699,0.458386,0.719144,-0.024562,0.435093,0.635097,-0.013413,0.458190,0.592134,-0.001274,0.502583,0.564031,-0.045476,0.453606,0.462645,-0.047367,0.423951,0.404396,-0.050048,0.401934,0.357062,-0.053918,0.542311,0.528024,-0.024598,0.490559,0.556900,-0.015737,0.484860,0.622226,-0.002719,0.497865,0.654143,0.003281,0.568630,0.532238,-0.003457,0.518863,0.568097,0.003183,0.511249,0.617436,0.008658,0.522029,0.646220,0.009762,0.587654,0.548519,0.016340,0.548715,0.572423,0.018319,0.541803,0.608109,0.019875,0.550518,0.639545,0.021143
648,1695021709.900477,0,-42.7877,-42.7877,1.6100,0.4801,35.0084,236.2970,6.0558,5793.8782,1.7720,160.3202,208.5967,14.2013,29.7929,69.6213,112.0019,0.054807,0.594626,0.761180,-0.000000,0.523744,0.776855,-0.024649,0.458698,0.717380,-0.024844,0.436833,0.634044,-0.013921,0.460409,0.589608,-0.001991,0.503995,0.561531,-0.046679,0.454264,0.459857,-0.048248,0.424603,0.401932,-0.050601,0.402348,0.355536,-0.054180,0.543461,0.526682,-0.025684,0.492563,0.552347,-0.016605,0.487128,0.615860,-0.003600,0.500277,0.648364,0.002325,0.569642,0.531349,-0.004227,0.520960,0.564970,0.002905,0.513873,0.613246,0.008166,0.524864,0.643202,0.009050,0.588588,0.547374,0.015967,0.551061,0.568945,0.018160,0.544427,0.603104,0.019559,0.552980,0.633822,0.020729
649,1695021709.908810,0,-33.6759,-33.6759,-18.9667,-20.5767,33.6137,817.2241,79.0325,5875.6230,1.5880,157.6103,205.5118,17.1099,26.5862,66.4347,108.7616,0.051632,0.597173,0.767778,-0.000000,0.526159,0.779533,-0.022067,0.461112,0.716487,-0.022517,0.438152,0.633320,-0.013611,0.460915,0.593024,-0.004245,0.505511,0.559873,-0.040212,0.456298,0.460928,-0.040683,0.426405,0.403555,-0.042143,0.404066,0.357276,-0.045433,0.545680,0.525276,-0.022534,0.495040,0.556165,-0.015797,0.490208,0.619854,-0.004350,0.504004,0.653652,0.001164,0.572781,0.532547,-0.004367,0.524167,0.567493,-0.000406,0.517660,0.615716,0.004492,0.529125,0.647340,0.005894,0.592619,0.552968,0.012708,0.554977,0.577116,0.012901,0.549596,0.610917,0.014549,0.559262,0.642318,0.016339
650,1695021709.917143,0,-40.2716,-40.2716,1.5677,20.5345,4.2103,286.2480,63.3174,5693.3256,1.9902,161.9522,208.4956,18.6521,26.3862,66.5012,109.5785,0.052704,0.597653,0.759982,-0.000000,0.527171,0.777131,-0.024481,0.461455,0.714898,-0.025740,0.438642,0.630331,-0.016710,0.462231,0.590712,-0.006869,0.506237,0.561124,-0.044714,0.458689,0.460877,-0.047766,0.428519,0.402187,-0.051264,0.405920,0.355241,-0.055698,0.545790,0.524608,-0.025632,0.496396,0.553480,-0.019150,0.490890,0.619225,-0.007246,0.504471,0.653568,-0.001552,0.572039,0.529248,-0.006322,0.524980,0.562417,-0.002047,0.518141,0.611530,0.003538,0.529911,0.642843,0.005245,0.591127,0.547663,0.011608,0.554265,0.571320,0.012269,0.549174,0.606575,0.014458,0.559344,0.638423,0.016559
651,1695021709.925477,0,38.7652,38.7652,20.1263,18.5586,31.5136,816.1031,31.6895,5420.9927,1.6595,158.7785,214.7139,19.4176,29.1318,69.2284,112.1343,0.055150,0.596274,0.759107,-0.000000,0.526268,0.775060,-0.023351,0.460955,0.714057,-0.023906,0.438539,0.631060,-0.013982,0.461688,0.586932,-0.003469,0.504937,0.557513,-0.044437,0.458295,0.455889,-0.045445,0.429605,0.396796,-0.048106,0.407728,0.349176,-0.052217,0.545014,0.521791,-0.024650,0.494916,0.549873,-0.014771,0.489192,0.613675,-0.001975,0.502420,0.646358,0.003370,0.571633,0.527428,-0.004325,0.523091,0.560530,0.003185,0.515803,0.609227,0.008625,0.527006,0.639161,0.009213,0.590883,0.544974,0.014825,0.552297,0.566298,0.017567,0.546076,0.601313,0.019708,0.555472,0.632885,0.021060
652,1695021709.933810,0,-29.1043,-29.1043,3.4209,-16.7054,30.4745,89.4662,47.1172,5626.2976,1.8940,155.5008,210.3341,15.8828,28.4901,68.3185,111.2401,0.054747,0.596659,0.760737,-0.000000,0.525295,0.772611,-0.023493,0.459803,0.709823,-0.023158,0.438126,0.627980,-0.012506,0.463813,0.589539,-0.001269,0.507531,0.554481,-0.042207,0.457655,0.454932,-0.040732,0.428277,0.400138,-0.041038,0.406161,0.355526,-0.043830,0.546919,0.521278,-0.022449,0.495676,0.546862,-0.012628,0.489426,0.609431,-0.000193,0.501958,0.642782,0.005185,0.573045,0.528238,-0.002008,0.523700,0.562328,0.005793,0.516592,0.610553,0.011062,0.527384,0.641470,0.011609,0.592387,0.546719,0.017134,0.553332,0.569262,0.019570,0.546914,0.603383,0.021329,0.555938,0.635745,0.022548
653,1695021709.942143,0,35.5030,35.5030,17.2947,13.8739,35.2149,933.7682,28.3268,5583.1452,1.4551,153.8287,215.6955,17.0092,31.3542,72.0299,115.5994,0.057208,0.595136,0.759410,-0.000000,0.524781,0.771621,-0.024075,0.459737,0.709228,-0.025097,0.438963,0.625979,-0.015807,0.464516,0.585990,-0.006125,0.507128,0.554504,-0.044149,0.458381,0.453306,-0.043814,0.429376,0.395565,-0.044827,0.407572,0.349058,-0.047928,0.547210,0.521873,-0.024539,0.498005,0.546964,-0.015542,0.491421,0.611317,-0.002987,0.504176,0.646630,0.002693,0.574193,0.530180,-0.004326,0.526701,0.561541,0.002322,0.519878,0.610401,0.007354,0.531276,0.643157,0.008058,0.594085,0.549744,0.014666,0.557000,0.570501,0.016592,0.550989,0.605036,0.018305,0.560340,0.637416,0.019614
654,1695021709.950477,0,33.4246,33.4246,18.4240,1.1293,34.8012,911.2632,16.5449,6183.1716,1.7309,151.7130,217.8234,16.1178,33.5442,73.5174,117.0065,0.059479,0.594291,0.758025,-0.000000,0.524853,0.770857,-0.022629,0.459803,0.706459,-0.021907,0.438614,0.623584,-0.011058,0.463425,0.584477,0.000310,0.505338,0.554060,-0.041963,0.458429,0.453671,-0.042396,0.429339,0.394539,-0.044172,0.408003,0.347488,-0.047537,0.545816,0.520090,-0.023130,0.496670,0.552626,-0.014538,0.490365,0.617616,-0.002132,0.503371,0.649777,0.003879,0.573305,0.527665,-0.003829,0.525865,0.565028,0.002340,0.517785,0.612530,0.007042,0.529036,0.641944,0.008029,0.593623,0.547113,0.014271,0.556212,0.570674,0.015341,0.549109,0.605004,0.016617,0.558546,0.636080,0.018173
655,1695021709.958810,0,-33.6813,-33.6813,-18.1116,-36.5357,33.0411,929.2218,50.0516,5959.3197,1.4771,151.7377,219.9451,17.1688,33.6183,72.9217,115.6008,0.058082,0.595468,0.754389,-0.000000,0.525565,0.770613,-0.024517,0.460522,0.710195,-0.025498,0.438552,0.627936,-0.016099,0.462294,0.587488,-0.006093,0.506929,0.552217,-0.044404,0.459408,0.452679,-0.045299,0.430588,0.394127,-0.047222,0.409349,0.346653,-0.050695,0.546699,0.519502,-0.024855,0.497530,0.550396,-0.017106,0.490938,0.615411,-0.004991,0.504087,0.648261,0.000776,0.573244,0.527818,-0.004883,0.525464,0.562627,0.000213,0.517795,0.610471,0.005084,0.529037,0.639626,0.006269,0.592464,0.547565,0.013843,0.554829,0.569679,0.014573,0.548571,0.603432,0.016222,0.558087,0.633820,0.017973
656,1695021709.967143,0,39.9391,39.9391,17.2608,35.3725,33.2554,1026.7413,60.1700,5201.6755,1.1088,151.5787,220.7280,19.8249,33.4873,72.1539,114.5660,0.057535,0.592597,0.755136,-0.000000,0.523915,0.769467,-0.023700,0.460549,0.708674,-0.024734,0.438908,0.627251,-0.015605,0.462189,0.587831,-0.006027,0.504785,0.552812,-0.044695,0.458799,0.454094,-0.047247,0.430371,0.393911,-0.050742,0.410267,0.345313,-0.055164,0.545598,0.520213,-0.026006,0.498734,0.551888,-0.018652,0.490989,0.617460,-0.006815,0.503153,0.651049,-0.001317,0.574095,0.529939,-0.006877,0.528690,0.563838,-0.001927,0.520424,0.611531,0.003196,0.531501,0.641654,0.004547,0.595345,0.551907,0.010995,0.559773,0.572702,0.011012,0.552753,0.606933,0.012808,0.561810,0.638462,0.014920
657,1695021709.975477,0,-28.7200,-28.7200,-16.0558,-33.3166,33.1670,987.8344,53.3994,5896.8729,2.0294,155.3912,217.2152,16.5500,33.3907,72.8092,114.8418,0.058478,0.594013,0.754088,-0.000000,0.523294,0.768881,-0.020637,0.460221,0.705370,-0.018906,0.437792,0.624725,-0.006871,0.459262,0.587516,0.005574,0.503420,0.552847,-0.041894,0.459051,0.454690,-0.042069,0.431053,0.396931,-0.044346,0.410628,0.350241,-0.047963,0.543435,0.520385,-0.022772,0.496018,0.551442,-0.011238,0.490012,0.615054,0.002170,0.502349,0.645710,0.007842,0.571025,0.528071,-0.002951,0.524255,0.561027,0.006092,0.517244,0.608650,0.011123,0.528351,0.636183,0.011241,0.591398,0.546800,0.015926,0.554265,0.568443,0.019544,0.547569,0.601828,0.021413,0.556964,0.631379,0.022496
658,1695021709.983810,0,28.6384,28.6384,-1.1965,14.8592,32.1811,83.7108,41.0673,6051.7066,2.1307,154.3519,216.9374,12.4145,34.7830,75.4779,119.0816,0.062274,0.593290,0.754896,-0.000000,0.523210,0.770031,-0.018158,0.459881,0.707693,-0.016613,0.437070,0.626731,-0.005233,0.459144,0.586627,0.006439,0.499946,0.553610,-0.038541,0.456663,0.453682,-0.037656,0.428456,0.395417,-0.040014,0.407876,0.349514,-0.043669,0.541124,0.521247,-0.019840,0.495592,0.547065,-0.004821,0.489641,0.608809,0.009722,0.502135,0.639609,0.015523,0.570626,0.529895,-0.000249,0.525069,0.557855,0.012175,0.518226,0.605631,0.017670,0.529514,0.634111,0.017286,0.592759,0.548792,0.018641,0.556921,0.566451,0.025748,0.550070,0.600675,0.028790,0.559012,0.630732,0.029994
659,1695021709.992143,0,29.9439,29.9439,15.9063,17.1028,31.6552,1160.9888,33.3653,5816.6712,2.1354,154.7801,212.1711,9.2508,34.8747,75.2906,118.5836,0.062267,0.593356,0.754963,-0.000000,0.522682,0.770795,-0.021687,0.457477,0.708157,-0.021643,0.436821,0.625047,-0.012102,0.463508,0.587371,-0.002140,0.501679,0.557227,-0.039332,0.456528,0.457938,-0.040525,0.427462,0.399422,-0.042754,0.406332,0.353929,-0.046295,0.542154,0.521837,-0.021697,0.494829,0.549132,-0.013465,0.488835,0.610943,-0.001084,0.501724,0.642628,0.004917,0.570244,0.527893,-0.003779,0.523659,0.559557,0.001517,0.516672,0.606559,0.006556,0.528547,0.635957,0.007915,0.592039,0.546592,0.013037,0.554478,0.566681,0.014224,0.548233,0.600694,0.016430,0.558467,0.631628,0.018532
660,1695021710.000477,0,-28.3322,-28.3322,-17.0678,-32.9741,30.3168,1209.5605,59.4289,7962.9187,1.8656,156.1219,210.5130,6.8057,36.1841,75.4608,117.6185,0.062001,0.592174,0.751858,-0.000000,0.521038,0.770649,-0.019067,0.456801,0.710020,-0.016652,0.436090,0.629494,-0.004608,0.459083,0.591446,0.007825,0.497091,0.554014,-0.036629,0.455332,0.455972,-0.035984,0.426379,0.399037,-0.038238,0.405204,0.354789,-0.041851,0.537856,0.520018,-0.018529,0.494673,0.551149,-0.005535,0.488832,0.614823,0.007723,0.501362,0.645522,0.013290,0.567183,0.527362,0.000136,0.523532,0.560979,0.010035,0.516231,0.609220,0.014871,0.527163,0.637084,0.014879,0.589773,0.546170,0.017923,0.553972,0.567924,0.022537,0.547005,0.602419,0.025124,0.556298,0.632714,0.026743
661,1695021710.008810,0,40.3222,40.3222,17.2605,34.3284,30.3970,1161.3740,71.8032,6095.6750,1.6420,163.6481,210.1963,8.2747,35.2282,74.8839,117.5906,0.061802,0.591717,0.752607,-0.000000,0.520831,0.770347,-0.020626,0.456174,0.708678,-0.018265,0.436009,0.627143,-0.005152,0.460710,0.587894,0.008532,0.496566,0.556408,-0.042394,0.454667,0.457313,-0.043572,0.426772,0.400403,-0.046729,0.406038,0.354632,-0.050820,0.537287,0.521294,-0.022405,0.492073,0.547480,-0.009389,0.486912,0.611421,0.004939,0.499687,0.641935,0.010891,0.566338,0.527487,-0.001804,0.520928,0.557757,0.008219,0.514241,0.606245,0.013151,0.526155,0.635007,0.012962,0.588283,0.544979,0.017944,0.552424,0.562979,0.021613,0.545649,0.598193,0.023071,0.555297,0.629019,0.023862
662,1695021710.017143,1,-41.4240,-41.4240,-17.5156,-34.7762,33.7385,1287.9577,6.1835,5600.5456,2.3371,171.0378,205.5943,7.5742,36.7988,74.7609,115.6156,0.059957,0.589054,0.751408,-0.000000,0.518647,0.770055,-0.019733,0.456078,0.711184,-0.016563,0.435840,0.633108,-0.002225,0.457216,0.593589,0.012748,0.493921,0.555901,-0.041890,0.452467,0.461324,-0.042136,0.424575,0.405260,-0.046098,0.403867,0.358782,-0.050868,0.534385,0.522317,-0.020997,0.491169,0.548645,-0.003995,0.485475,0.612854,0.010970,0.498012,0.642874,0.016066,0.564030,0.529933,0.000648,0.520082,0.553652,0.013882,0.512839,0.603201,0.018214,0.524277,0.631433,0.016539,0.586174,0.547514,0.021657,0.552432,0.557860,0.027756,0.543680,0.592911,0.029085,0.551735,0.623843,0.028943
663,1695021710.025477,1,-31.9135,-31.9135,-15.4643,2.0513,34.2415,1537.6892,15.4972,6376.8970,1.7574,161.1397,190.4848,18.2721,39.1629,71.5840,108.6256,0.054344,0.587583,0.751107,-0.000000,0.517150,0.770491,-0.017270,0.454624,0.711639,-0.013375,0.433410,0.635531,0.000261,0.454522,0.596984,0.014156,0.490683,0.560866,-0.035513,0.448458,0.472751,-0.035378,0.420023,0.419371,-0.039452,0.399595,0.376054,-0.044584,0.530998,0.524070,-0.017815,0.489721,0.551815,-0.002616,0.484077,0.615157,0.010601,0.495806,0.646704,0.015202,0.561440,0.529086,0.000422,0.519926,0.555043,0.012193,0.511747,0.603858,0.016081,0.522649,0.632297,0.014596,0.585290,0.546243,0.017948,0.552507,0.561466,0.022481,0.543292,0.595820,0.023386,0.551424,0.626480,0.023381
664,1695021710.033810,1,-26.7348,-26.7348,0.3993,15.8637,29.4145,955.0107,35.2188,5693.7920,1.5423,150.9938,185.8911,22.2131,45.1909,74.8909,109.3708,0.053193,0.588314,0.752612,-0.000000,0.518655,0.773877,-0.016632,0.454725,0.715387,-0.011791,0.431107,0.639850,0.002576,0.450634,0.601190,0.017399,0.489041,0.563342,-0.032942,0.444400,0.475833,-0.031473,0.415355,0.423144,-0.034001,0.394861,0.380649,-0.037844,0.530006,0.526010,-0.015689,0.488316,0.553843,-0.000067,0.483159,0.615800,0.013218,0.494693,0.645154,0.018090,0.560918,0.531157,0.002133,0.519331,0.558399,0.013288,0.511032,0.606140,0.017219,0.521012,0.632341,0.016187,0.585054,0.548568,0.019409,0.551328,0.566436,0.024533,0.542960,0.599524,0.026757,0.551249,0.628657,0.027832
665,1695021710.042143,1,16.4516,16.4516,-5.9676,-6.3670,31.5302,1024.9876,78.1451,5675.6169,1.0091,149.0193,185.4055,22.7168,44.6641,73.9790,107.9761,0.051135,0.589814,0.750966,-0.000000,0.518987,0.775692,-0.015828,0.454596,0.714681,-0.009013,0.432056,0.637745,0.007527,0.452377,0.597051,0.024529,0.486126,0.562769,-0.027099,0.443265,0.476335,-0.022040,0.415015,0.424451,-0.023546,0.395130,0.381168,-0.027155,0.527821,0.527343,-0.008937,0.485028,0.554269,0.010962,0.479812,0.618260,0.024388,0.491740,0.649585,0.028803,0.558967,0.533153,0.009725,0.515391,0.557068,0.024756,0.508016,0.607902,0.027547,0.519222,0.634862,0.024984,0.583404,0.548869,0.027865,0.547546,0.565193,0.035627,0.540463,0.600678,0.037438,0.551222,0.630833,0.037666
666,1695021710.050477,1,-28.3474,-28.3474,3.2692,9.2368,20.0800,901.1120,78.7210,5004.4380,1.2884,155.3981,182.2514,23.7585,46.2347,76.2104,111.2244,0.055113,0.586310,0.749962,-0.000000,0.515479,0.773181,-0.013687,0.454061,0.718041,-0.008648,0.429692,0.644636,0.005337,0.444693,0.601991,0.019404,0.484716,0.565263,-0.031779,0.441635,0.478848,-0.031912,0.413792,0.424545,-0.036974,0.394044,0.379458,-0.042528,0.526082,0.528696,-0.015914,0.485812,0.556439,-0.000856,0.480774,0.617644,0.010941,0.491491,0.646993,0.014462,0.557422,0.533467,0.000851,0.516045,0.559352,0.011768,0.508152,0.606487,0.015455,0.518300,0.632406,0.014142,0.581697,0.549648,0.017430,0.547012,0.564666,0.022435,0.538906,0.598226,0.025344,0.547959,0.627564,0.026956
667,1695021710.058810,1,-24.2612,-24.2612,1.9131,-1.3561,17.8799,508.0045,31.8138,4718.8886,2.4647,153.1119,178.1102,27.3000,47.2062,74.6760,107.5724,0.050812,0.587012,0.752344,-0.000000,0.516780,0.776060,-0.018224,0.452071,0.717297,-0.015032,0.428871,0.640137,-0.002922,0.449599,0.599842,0.009314,0.486363,0.567068,-0.034035,0.440279,0.481122,-0.033370,0.412055,0.428253,-0.035336,0.392947,0.384163,-0.038895,0.526897,0.527698,-0.018357,0.484756,0.559939,-0.007867,0.480478,0.621548,0.003475,0.493007,0.650568,0.008187,0.556662,0.530993,-0.002246,0.514790,0.565121,0.004071,0.507746,0.612907,0.007760,0.518814,0.638637,0.007753,0.580177,0.547854,0.013094,0.545398,0.571852,0.014580,0.539669,0.604947,0.016617,0.550536,0.633995,0.018354
668,1695021710.067143,1,-22.6500,-22.6500,1.0212,-0.8919,16.8946,463.6303,5.9083,4513.7529,2.5627,151.4583,173.8590,30.4046,50.6990,79.2082,113.0132,0.053325,0.585751,0.751649,-0.000000,0.515072,0.775356,-0.017858,0.451029,0.715055,-0.013975,0.429755,0.638445,-0.001202,0.450735,0.598533,0.011643,0.485091,0.568984,-0.032532,0.439526,0.482542,-0.031889,0.409670,0.430044,-0.034268,0.389417,0.386144,-0.038389,0.525838,0.529638,-0.017733,0.484726,0.560345,-0.007028,0.481531,0.622346,0.004534,0.494502,0.649933,0.009167,0.555726,0.532557,-0.002789,0.514086,0.562476,0.003512,0.507907,0.611114,0.007749,0.519226,0.635751,0.007862,0.579889,0.548819,0.011276,0.543954,0.570719,0.012575,0.538782,0.604325,0.015076,0.550507,0.632024,0.016919
669,1695021710.075477,1,20.8572,20.8572,1.1014,0.0802,21.5539,444.5362,11.8201,4498.5779,2.8207,155.6944,172.5470,32.2684,50.0501,77.0003,110.1091,0.051370,0.589020,0.757443,-0.000000,0.517756,0.778337,-0.014559,0.454490,0.721579,-0.010423,0.428472,0.649403,0.002329,0.444562,0.608706,0.015034,0.485449,0.571349,-0.033280,0.438100,0.485425,-0.031524,0.409073,0.434357,-0.033317,0.388876,0.390981,-0.037044,0.525183,0.530485,-0.018061,0.483178,0.564459,-0.003426,0.481526,0.624194,0.010062,0.494877,0.652309,0.014795,0.555248,0.532338,-0.002003,0.512759,0.566578,0.009017,0.508522,0.613660,0.014345,0.519797,0.639322,0.013623,0.579129,0.548281,0.013511,0.544793,0.572692,0.018677,0.540015,0.605292,0.021636,0.550141,0.634945,0.022759
670,1695021710.083810,1,-16.9471,-16.9471,2.8501,1.7487,17.9405,790.6882,24.2958,4599.1479,2.4465,151.1836,162.9686,41.3244,55.1807,78.8641,109.1838,0.047271,0.586761,0.753085,-0.000000,0.516861,0.776858,-0.017511,0.453761,0.719600,-0.013875,0.428969,0.645042,-0.001321,0.447914,0.606551,0.011353,0.484060,0.570127,-0.031074,0.435635,0.490479,-0.027761,0.406155,0.442597,-0.028264,0.386329,0.400820,-0.031181,0.523976,0.531521,-0.015140,0.481939,0.563015,-0.002132,0.479434,0.624789,0.009734,0.492367,0.654483,0.014467,0.554059,0.535062,0.001287,0.512744,0.563970,0.009598,0.507949,0.612956,0.012487,0.519481,0.639872,0.011463,0.578261,0.551177,0.017072,0.544021,0.573820,0.020131,0.539508,0.607265,0.021702,0.550777,0.635938,0.022649
671,1695021710.092143,1,16.1373,16.1373,10.0996,7.2496,19.6974,1748.5073,5.4025,4839.0521,2.7830,151.5255,160.0325,42.4308,58.8730,79.7649,106.1939,0.042214,0.587998,0.759240,-0.000000,0.517808,0.781337,-0.016853,0.454048,0.721255,-0.012196,0.429146,0.645998,0.001332,0.450122,0.608564,0.015133,0.483283,0.573330,-0.029015,0.433337,0.493299,-0.025768,0.402848,0.445954,-0.026980,0.382204,0.404277,-0.030542,0.523004,0.532229,-0.012904,0.480489,0.564394,0.002358,0.479831,0.625650,0.015494,0.494004,0.654055,0.020696,0.552850,0.534160,0.003401,0.511858,0.565443,0.013735,0.507643,0.614123,0.017318,0.519201,0.640140,0.016315,0.577141,0.549978,0.018920,0.543253,0.574401,0.023505,0.538707,0.607872,0.025357,0.549515,0.636806,0.026117
672,1695021710.100477,1,-21.1680,-21.1680,0.3705,-9.7291,19.1350,907.0980,35.6925,4896.3137,2.8245,150.0208,151.4606,53.0873,63.3320,80.5544,105.0070,0.039133,0.590316,0.760720,-0.000000,0.518521,0.783044,-0.016986,0.453883,0.724094,-0.013571,0.428418,0.649105,-0.001441,0.448706,0.610077,0.010720,0.485050,0.575614,-0.032819,0.432944,0.498890,-0.031021,0.401692,0.453121,-0.032593,0.380314,0.413384,-0.036400,0.524733,0.533734,-0.017131,0.480750,0.568228,-0.003694,0.480196,0.629100,0.009539,0.494896,0.657801,0.014610,0.554360,0.535028,-0.001100,0.512067,0.567839,0.007712,0.507957,0.615400,0.012073,0.519917,0.641572,0.011414,0.578122,0.551117,0.014212,0.543687,0.576137,0.017870,0.539299,0.609069,0.020035,0.550327,0.637795,0.020807
673,1695021710.108810,1,10.5467,10.5467,-2.5776,-2.9481,17.4596,1191.1790,50.5045,4815.9516,4.0140,153.7824,143.6255,58.3950,66.9918,82.9253,106.2178,0.037770,0.590066,0.763136,-0.000000,0.518822,0.787160,-0.014877,0.454717,0.730415,-0.009898,0.428604,0.655851,0.003804,0.447509,0.614790,0.017663,0.482172,0.581263,-0.030178,0.431091,0.502219,-0.025372,0.400259,0.457547,-0.024907,0.378932,0.418531,-0.027517,0.521438,0.538506,-0.014665,0.480194,0.570652,0.001714,0.479690,0.630533,0.015102,0.492991,0.657304,0.019679,0.551848,0.538122,0.001637,0.510870,0.568266,0.014067,0.506636,0.615001,0.018310,0.517371,0.639220,0.016582,0.576076,0.552584,0.017369,0.542727,0.575457,0.024211,0.538000,0.607750,0.026811,0.548291,0.635281,0.027242
674,1695021710.117143,1,18.7308,18.7308,8.9195,11.4971,17.0125,1862.1418,40.2914,4867.7988,3.1020,154.9884,135.1657,66.3785,73.9895,86.3423,105.6040,0.033397,0.592747,0.763482,-0.000000,0.522649,0.787848,-0.017281,0.458329,0.732213,-0.013669,0.430643,0.658648,-0.001045,0.448214,0.616427,0.012024,0.486299,0.583144,-0.032879,0.432083,0.508069,-0.030876,0.399444,0.465851,-0.031739,0.376624,0.428618,-0.034885,0.524110,0.538764,-0.016368,0.477967,0.570570,-0.002526,0.478074,0.631064,0.011223,0.492629,0.660453,0.016752,0.552532,0.536435,0.000447,0.508440,0.566676,0.009453,0.504591,0.614886,0.014083,0.515987,0.642034,0.013848,0.575201,0.549451,0.016502,0.539124,0.571404,0.020183,0.533512,0.605054,0.021950,0.543245,0.634728,0.022532
675,1695021710.125477,1,14.6334,14.6334,-0.3760,-9.2954,14.7131,1189.5190,31.9270,4787.0983,3.5043,157.0154,130.5045,70.6112,76.4683,87.1609,105.6697,0.031094,0.594214,0.767873,-0.000000,0.523730,0.791675,-0.014424,0.459899,0.735494,-0.009263,0.431287,0.662914,0.004519,0.448299,0.620918,0.018769,0.484743,0.584900,-0.028293,0.431453,0.513363,-0.024600,0.399316,0.473288,-0.025721,0.376812,0.436526,-0.029260,0.522946,0.540768,-0.012329,0.478208,0.572725,0.005483,0.479544,0.632079,0.019837,0.494792,0.658588,0.025014,0.552525,0.539593,0.004100,0.509314,0.568451,0.016932,0.506408,0.616681,0.021731,0.518572,0.640720,0.020720,0.576235,0.553139,0.019941,0.540827,0.573980,0.026780,0.535652,0.608117,0.029281,0.546169,0.636690,0.029735
676,1695021710.133810,1,10.4919,10.4919,7.9150,8.2910,14.2371,1664.8070,38.8323,4635.3241,4.0964,159.6119,124.4743,79.1240,81.4944,87.8492,101.0783,0.024918,0.593961,0.770115,-0.000000,0.523944,0.794523,-0.014085,0.460829,0.741642,-0.009548,0.432664,0.671758,0.002908,0.447442,0.630830,0.015862,0.484239,0.585905,-0.026069,0.430525,0.517795,-0.021154,0.398922,0.479761,-0.020554,0.376789,0.443590,-0.022872,0.522172,0.542432,-0.011384,0.478864,0.575173,0.004302,0.480282,0.634254,0.017090,0.495271,0.660543,0.021777,0.551908,0.540729,0.003855,0.509750,0.570021,0.014530,0.507053,0.619002,0.018289,0.518956,0.642804,0.017189,0.575413,0.553412,0.018595,0.540412,0.573739,0.025312,0.535438,0.608481,0.027918,0.545703,0.636312,0.028528
677,1695021710.142143,1,10.9763,10.9763,0.1074,-7.8076,3.2214,1229.3052,9.1080,4984.6708,2.7910,155.9784,115.1575,87.5539,88.3320,90.9570,100.6357,0.020603,0.594592,0.771234,-0.000000,0.524390,0.795743,-0.014736,0.461236,0.741265,-0.007869,0.434208,0.672172,0.007828,0.447682,0.632370,0.024128,0.486686,0.590310,-0.025995,0.432118,0.527431,-0.019344,0.399385,0.492488,-0.018087,0.376374,0.458781,-0.019954,0.524064,0.547030,-0.009644,0.480157,0.579558,0.009491,0.480010,0.638018,0.023245,0.493842,0.665266,0.028035,0.552983,0.544621,0.007230,0.510064,0.573401,0.020432,0.505979,0.621555,0.023197,0.516701,0.645117,0.020925,0.575790,0.555945,0.023630,0.540196,0.576767,0.031130,0.534605,0.610557,0.032988,0.544797,0.638668,0.032887
678,1695021710.150477,1,10.0581,10.0581,-2.1682,-2.2756,3.3030,1136.0604,41.9521,5256.0530,2.7572,160.5000,111.0761,90.2627,89.0830,90.4170,98.3750,0.017203,0.597240,0.773419,-0.000000,0.526862,0.799867,-0.015215,0.462372,0.747436,-0.010988,0.434505,0.675954,0.001308,0.451248,0.631832,0.013947,0.485730,0.594885,-0.025719,0.432051,0.532144,-0.020001,0.399877,0.497040,-0.019848,0.377185,0.461898,-0.023070,0.523355,0.549925,-0.010898,0.481899,0.586375,0.006350,0.484773,0.646343,0.018938,0.500760,0.672049,0.022877,0.553456,0.547354,0.004373,0.512670,0.579297,0.017087,0.511340,0.629248,0.021195,0.524312,0.652651,0.019487,0.577999,0.559976,0.018816,0.543826,0.582175,0.026564,0.539965,0.618096,0.029559,0.551651,0.646555,0.030036
679,1695021710.158810,1,-10.5346,-10.5346,-6.2920,-4.1238,8.9779,1436.7138,3.8741,5330.7158,2.8570,158.7176,104.4637,98.7600,96.2586,94.2260,97.9347,0.013985,0.598726,0.779019,-0.000000,0.528135,0.804439,-0.016484,0.462820,0.749774,-0.011135,0.434108,0.677879,0.003024,0.451100,0.637571,0.017771,0.489071,0.599967,-0.028498,0.432518,0.539069,-0.021877,0.400249,0.506023,-0.020074,0.377584,0.471829,-0.022053,0.525570,0.553615,-0.012451,0.480452,0.589151,0.004911,0.482571,0.647707,0.018137,0.497932,0.673104,0.022656,0.554081,0.549129,0.004118,0.511380,0.582635,0.016845,0.508789,0.631199,0.020212,0.520482,0.654045,0.018095,0.576949,0.560329,0.019825,0.542375,0.585269,0.027156,0.537833,0.619102,0.028842,0.548517,0.647221,0.028378
680,1695021710.167143,1,16.2860,16.2860,1.4485,7.7405,9.2737,1201.1363,39.5570,4460.2318,3.1661,157.7886,98.3061,100.6680,98.8475,96.8054,99.6772,0.011540,0.600317,0.783111,-0.000000,0.530539,0.807146,-0.015842,0.465080,0.752844,-0.011781,0.436349,0.681415,0.000860,0.452747,0.644194,0.014077,0.489827,0.600858,-0.028738,0.433209,0.543737,-0.023494,0.400770,0.512297,-0.023523,0.377863,0.477868,-0.026848,0.527109,0.554713,-0.013052,0.483212,0.589648,0.004415,0.487621,0.648370,0.017946,0.503973,0.671160,0.022331,0.555876,0.552130,0.003143,0.514035,0.582662,0.015588,0.512595,0.630396,0.019811,0.525281,0.651632,0.018168,0.578427,0.564924,0.018601,0.544332,0.584709,0.026397,0.540389,0.618625,0.029258,0.551386,0.645745,0.029415
681,1695021710.175477,1,-19.3505,-19.3505,-7.5817,-9.0302,13.8654,963.3910,10.3543,4005.6311,2.6469,155.5532,95.6717,108.0686,103.5006,98.8903,98.3686,0.009129,0.602061,0.784581,-0.000000,0.532085,0.808273,-0.015826,0.467686,0.757090,-0.011437,0.437831,0.686812,0.001877,0.452455,0.648925,0.015697,0.491708,0.606633,-0.030983,0.434339,0.550888,-0.025566,0.402096,0.520131,-0.025260,0.378490,0.486472,-0.028333,0.527322,0.559028,-0.014619,0.481314,0.590890,0.003684,0.484154,0.647064,0.017416,0.498478,0.671436,0.021478,0.555249,0.553791,0.002494,0.512434,0.585229,0.016279,0.510098,0.631005,0.020438,0.521089,0.653636,0.018223,0.577228,0.564377,0.018892,0.542413,0.585576,0.027462,0.537633,0.618216,0.030000,0.547396,0.646112,0.029564
682,1695021710.183810,1,3.0975,3.0975,-1.7401,5.8416,13.1253,1029.0721,71.7594,3923.5395,3.4225,159.7994,89.9647,111.1471,106.5975,100.7510,98.0209,0.007072,0.602728,0.788086,-0.000000,0.532823,0.812646,-0.017642,0.466345,0.757639,-0.010793,0.437772,0.686828,0.005412,0.455918,0.648589,0.022584,0.491340,0.604311,-0.023568,0.432469,0.551362,-0.011399,0.400743,0.524568,-0.005965,0.379270,0.492471,-0.005765,0.528509,0.561126,-0.005669,0.483202,0.594109,0.015925,0.486445,0.649889,0.029269,0.502768,0.673540,0.033579,0.557371,0.558904,0.012690,0.515140,0.589877,0.028363,0.513610,0.637424,0.029443,0.525420,0.658123,0.025416,0.579825,0.569997,0.030204,0.545482,0.593130,0.040041,0.541904,0.626082,0.040653,0.553125,0.652691,0.038857
683,1695021710.192143,1,2.5433,2.5433,3.2695,5.0096,12.2805,911.6811,41.3018,3811.5287,2.8836,156.2438,86.5509,116.3940,110.0003,101.8636,96.5065,0.004951,0.604341,0.788913,-0.000000,0.535076,0.812718,-0.014270,0.471259,0.763560,-0.006849,0.441626,0.700414,0.009523,0.450451,0.661267,0.026680,0.491152,0.608034,-0.023300,0.435243,0.557578,-0.013244,0.403487,0.530596,-0.010648,0.380695,0.499295,-0.012012,0.528263,0.563360,-0.006275,0.486520,0.600918,0.016389,0.488502,0.658801,0.029313,0.502527,0.684358,0.032701,0.557687,0.560088,0.011647,0.516809,0.592585,0.028279,0.514238,0.641518,0.029948,0.524538,0.664179,0.025991,0.580029,0.569913,0.029170,0.545782,0.592577,0.039885,0.540497,0.627393,0.041938,0.550174,0.655893,0.041172
684,1695021710.200477,1,-9.0711,-9.0711,-6.3393,-9.6087,12.0796,903.8395,40.7301,3945.9971,2.8647,154.4267,81.3987,122.5038,114.8524,105.7089,98.2774,0.003313,0.604834,0.790661,-0.000000,0.535727,0.816212,-0.018033,0.470349,0.764515,-0.014416,0.441728,0.692839,-0.002381,0.458072,0.654507,0.010410,0.496141,0.610387,-0.027523,0.437005,0.560742,-0.020420,0.404186,0.535688,-0.017343,0.381345,0.506750,-0.018319,0.533267,0.563772,-0.011967,0.488993,0.602028,0.001750,0.491989,0.658818,0.012984,0.507815,0.684578,0.017284,0.561657,0.558834,0.004052,0.520267,0.595612,0.012436,0.518554,0.642388,0.014725,0.529878,0.665371,0.013317,0.583376,0.569358,0.019200,0.549512,0.597461,0.024404,0.545878,0.630926,0.026067,0.556168,0.657892,0.026234
685,1695021710.208810,1,3.4168,3.4168,5.6918,12.0311,9.0495,937.9310,36.0202,4217.7951,2.3381,155.2076,79.5579,128.5716,121.0377,110.1763,99.7358,0.002425,0.608061,0.794041,-0.000000,0.539006,0.818078,-0.018093,0.471401,0.765839,-0.012939,0.439852,0.694535,0.001843,0.457087,0.655425,0.017700,0.498181,0.612180,-0.026859,0.436971,0.565228,-0.015498,0.404449,0.543649,-0.010848,0.380771,0.515373,-0.011370,0.533946,0.566864,-0.008130,0.484875,0.603198,0.012922,0.490550,0.660418,0.026608,0.507721,0.684321,0.030943,0.560884,0.562350,0.011355,0.515570,0.597571,0.027338,0.515980,0.646820,0.029209,0.528913,0.668761,0.025453,0.581617,0.571576,0.030009,0.546230,0.596214,0.040505,0.543037,0.630844,0.041311,0.554190,0.658787,0.039398
686,1695021710.217143,1,-8.7540,-8.7540,-2.9629,-8.6547,5.8529,1031.5892,28.7981,5891.8022,2.5808,154.3719,74.0609,136.1643,127.0284,114.5078,101.2974,0.000917,0.610525,0.792905,-0.000000,0.540030,0.819752,-0.020327,0.471483,0.766734,-0.016819,0.441961,0.693444,-0.003995,0.461053,0.653890,0.009871,0.500991,0.612403,-0.028506,0.438352,0.571273,-0.019503,0.404885,0.551551,-0.015591,0.381854,0.524650,-0.016424,0.537189,0.567402,-0.011170,0.487961,0.604894,0.004602,0.493820,0.660712,0.016261,0.512294,0.683651,0.020299,0.563906,0.563419,0.006531,0.518496,0.598896,0.017014,0.519108,0.646969,0.018629,0.532988,0.668739,0.016068,0.584479,0.574157,0.023151,0.547923,0.599244,0.029600,0.546163,0.632468,0.030343,0.558876,0.659629,0.029246
687,1695021710.225477,1,-10.0853,-10.0853,-3.1572,-0.1943,6.0400,1338.1788,10.0289,6394.9390,2.5499,156.1674,67.6399,144.0043,134.6975,121.9806,107.2844,0.000181,0.614102,0.794096,-0.000000,0.543974,0.821909,-0.015864,0.476484,0.773700,-0.012746,0.443679,0.704911,-0.001653,0.457065,0.663458,0.010323,0.500047,0.619014,-0.024293,0.439862,0.579553,-0.016889,0.406053,0.561392,-0.015289,0.381349,0.534780,-0.017997,0.534769,0.571441,-0.009648,0.485035,0.609009,0.006706,0.491765,0.667675,0.017491,0.509847,0.690262,0.019928,0.561757,0.562382,0.005639,0.514693,0.596551,0.017286,0.517143,0.646617,0.020580,0.532534,0.669142,0.018324,0.583029,0.569334,0.020041,0.544774,0.591730,0.027723,0.542706,0.629257,0.030210,0.555268,0.658514,0.030061
688,1695021710.233810,1,-5.2336,-5.2336,0.9594,4.1165,4.9589,1183.6411,26.0617,5872.2421,2.2759,151.2369,65.2024,152.5485,141.8503,127.2352,110.1391,0.000000,0.613430,0.792865,-0.000000,0.544856,0.820437,-0.018541,0.477105,0.774609,-0.016146,0.443502,0.708455,-0.005067,0.456486,0.668919,0.007005,0.502431,0.616541,-0.026615,0.441103,0.582940,-0.016527,0.407717,0.568972,-0.012073,0.383400,0.545520,-0.012829,0.536659,0.570721,-0.010354,0.486936,0.611729,0.005805,0.494170,0.668759,0.016417,0.512775,0.690777,0.019126,0.562582,0.563385,0.006746,0.516246,0.599217,0.017725,0.519191,0.648136,0.019468,0.534368,0.670169,0.016476,0.582462,0.570571,0.023000,0.545709,0.592170,0.030399,0.545273,0.627475,0.031864,0.558547,0.655255,0.031020
689,1695021710.242143,1,-4.0298,-4.0298,-1.8616,-2.8210,4.7280,1259.0942,56.1283,5901.5669,2.2972,153.1620,62.6045,158.7409,147.0358,131.6117,113.5217,0.000000,0.614816,0.794358,-0.000000,0.547062,0.820038,-0.020828,0.478125,0.775659,-0.016291,0.443352,0.710100,-0.001241,0.458040,0.669371,0.015386,0.504075,0.613106,-0.026965,0.438779,0.585205,-0.011616,0.406938,0.575563,-0.004038,0.383589,0.551721,-0.003096,0.537431,0.571460,-0.006021,0.480650,0.611351,0.016463,0.488279,0.670696,0.028874,0.507441,0.691696,0.031682,0.561564,0.566270,0.016008,0.510988,0.601095,0.033065,0.514469,0.653345,0.033626,0.530084,0.674759,0.028471,0.580232,0.573036,0.037167,0.541984,0.594743,0.048623,0.540891,0.631557,0.048687,0.554021,0.660319,0.045909
690,1695021710.250477,1,7.2042,7.2042,3.9895,5.8512,6.1078,1249.2137,3.7281,5477.4523,2.0134,147.8796,58.9698,164.1388,153.0705,136.8385,115.6640,0.000000,0.614928,0.792303,-0.000000,0.546638,0.820208,-0.022572,0.476167,0.774503,-0.019518,0.441960,0.705743,-0.006888,0.460731,0.664989,0.007218,0.505937,0.611832,-0.024927,0.438823,0.590666,-0.010875,0.406903,0.583956,-0.003246,0.384333,0.562393,-0.002221,0.538976,0.569070,-0.005853,0.480544,0.610554,0.010489,0.487256,0.669234,0.020534,0.506949,0.690847,0.023783,0.562709,0.564101,0.013881,0.511398,0.602872,0.025062,0.513456,0.654748,0.025808,0.529080,0.676044,0.023023,0.581349,0.572478,0.032381,0.541358,0.598066,0.038940,0.539412,0.633709,0.038590,0.552993,0.661505,0.037011
691,1695021710.258810,1,-3.6396,-3.6396,1.6114,-2.3781,5.6686,994.4850,56.5906,4905.3176,2.2047,144.0826,57.6422,170.2077,158.9264,142.4722,120.8324,0.000000,0.617387,0.789867,-0.000000,0.549468,0.819198,-0.025325,0.478868,0.777753,-0.025916,0.441628,0.710686,-0.017331,0.458763,0.669526,-0.007214,0.506385,0.612875,-0.027198,0.438518,0.596953,-0.017528,0.406303,0.590602,-0.012304,0.383985,0.569292,-0.012603,0.538789,0.569345,-0.009244,0.479535,0.616831,0.000636,0.488167,0.675920,0.008168,0.510027,0.696106,0.010816,0.561785,0.562668,0.008888,0.509200,0.606270,0.013562,0.513760,0.656764,0.014055,0.531894,0.675642,0.012633,0.580190,0.570495,0.025618,0.539043,0.597944,0.027604,0.539805,0.633444,0.027293,0.555818,0.658515,0.026856
692,1695021710.267143,1,2.5889,2.5889,1.9556,0.3442,4.7654,1238.0336,18.6731,4212.3709,2.0033,135.5185,53.2149,180.8285,169.3303,152.0036,128.6159,0.000000,0.617628,0.789642,-0.000000,0.549602,0.819270,-0.026704,0.478360,0.776212,-0.027685,0.440994,0.708787,-0.019255,0.458268,0.667743,-0.009175,0.509205,0.608195,-0.027399,0.437856,0.600680,-0.015588,0.405699,0.601477,-0.008188,0.384255,0.584001,-0.007079,0.541237,0.567644,-0.008218,0.479901,0.619167,0.001663,0.489113,0.677952,0.009216,0.511318,0.696387,0.012218,0.563239,0.564162,0.011312,0.508915,0.611383,0.015993,0.513563,0.662645,0.016324,0.531822,0.680744,0.015039,0.580127,0.573617,0.029424,0.538789,0.604288,0.031154,0.539443,0.641115,0.030428,0.555620,0.665262,0.029882
693,1695021710.275477,1,-9.6386,-9.6386,-1.4022,-3.3578,5.8258,1432.1351,36.9535,4190.8531,2.6142,128.2531,55.9212,190.1199,177.1784,159.4651,136.3018,0.000000,0.619560,0.787103,-0.000000,0.551165,0.817257,-0.025717,0.482830,0.779079,-0.027537,0.443522,0.719094,-0.020172,0.455215,0.679886,-0.010954,0.507905,0.608801,-0.025678,0.437208,0.604725,-0.010908,0.406155,0.610011,-0.001008,0.386257,0.595257,0.001754,0.538851,0.569965,-0.005934,0.479001,0.617237,0.005670,0.488074,0.675691,0.012922,0.509746,0.695880,0.015337,0.561149,0.565615,0.014759,0.507362,0.605501,0.021080,0.512317,0.656572,0.020819,0.531413,0.678725,0.018632,0.578016,0.573806,0.034375,0.536996,0.601148,0.037252,0.537914,0.638551,0.036197,0.554335,0.664140,0.035216
694,1695021710.283810,0,-6.1575,-6.1575,-3.3404,-1.9382,6.0675,2516.9939,31.5455,4134.3486,2.2743,123.8657,55.3814,194.6266,182.3678,164.3185,140.0073,0.000000,0.619341,0.788943,-0.000000,0.552025,0.818315,-0.027212,0.484025,0.781471,-0.030618,0.443124,0.722919,-0.024585,0.452439,0.680910,-0.016545,0.509263,0.610013,-0.029716,0.436654,0.610176,-0.016015,0.405089,0.617486,-0.005957,0.384281,0.604264,-0.002988,0.538749,0.569283,-0.009891,0.477405,0.612587,0.000259,0.487039,0.668349,0.007751,0.508581,0.687782,0.010548,0.560047,0.563687,0.010964,0.505756,0.602018,0.015786,0.511175,0.651844,0.016350,0.529831,0.673923,0.015066,0.575558,0.572046,0.030646,0.534889,0.596098,0.032225,0.535830,0.632512,0.031350,0.551023,0.658051,0.030667
695,1695021710.292143,0,3.6140,3.6140,1.8134,5.1538,5.0755,1483.1631,15.8968,4319.3451,2.0394,110.9537,56.9661,202.6716,190.1312,171.5188,146.2400,0.000000,0.619288,0.787850,-0.000000,0.551596,0.818511,-0.029145,0.484208,0.781570,-0.033424,0.443627,0.723118,-0.027947,0.452076,0.682010,-0.020293,0.510406,0.609042,-0.031754,0.436005,0.611895,-0.018721,0.404394,0.622997,-0.008512,0.384439,0.612996,-0.005278,0.539926,0.569436,-0.011122,0.475642,0.611907,-0.002578,0.484864,0.667977,0.004632,0.506668,0.686954,0.007509,0.560763,0.565098,0.010406,0.503773,0.601313,0.013371,0.508818,0.651864,0.014030,0.527779,0.674338,0.013267,0.575484,0.574585,0.030672,0.532898,0.598439,0.030207,0.533393,0.635785,0.028778,0.548762,0.661253,0.028046
696,1695021710.300477,0,-3.3583,-3.3583,-1.4868,-3.3002,5.0658,994.1191,78.0678,4666.3011,1.4478,109.3140,57.7016,203.4765,190.6703,171.5587,145.8965,0.000000,0.620214,0.790780,-0.000000,0.552427,0.821348,-0.031415,0.482744,0.782000,-0.036282,0.441654,0.720147,-0.031005,0.453717,0.678571,-0.023341,0.513199,0.608567,-0.033762,0.436281,0.612654,-0.023413,0.404582,0.624040,-0.014848,0.384326,0.612979,-0.012486,0.541270,0.567497,-0.012649,0.472278,0.613063,-0.007663,0.482782,0.671142,-0.001050,0.505853,0.688823,0.002534,0.559949,0.561760,0.008919,0.498483,0.605749,0.008502,0.505222,0.658142,0.009151,0.525547,0.677320,0.009632,0.572729,0.570639,0.028982,0.527427,0.599606,0.025978,0.529033,0.638569,0.024075,0.545795,0.662388,0.023774
697,1695021710.308810,0,3.0295,3.0295,3.1670,4.6538,5.1581,564.0086,7.6702,4381.8735,2.4411,110.6065,53.9513,202.0341,189.9967,171.1881,145.2995,0.000000,0.620425,0.788692,-0.000000,0.552901,0.819508,-0.032830,0.482612,0.780482,-0.037480,0.440853,0.720901,-0.031434,0.453430,0.682607,-0.022955,0.513752,0.606335,-0.035054,0.435162,0.612155,-0.024258,0.402399,0.623717,-0.015150,0.381660,0.612156,-0.012259,0.541240,0.566605,-0.012700,0.472298,0.617428,-0.007980,0.483103,0.676936,-0.001368,0.506747,0.693628,0.002639,0.558862,0.561912,0.010089,0.497355,0.609293,0.009580,0.503759,0.662547,0.009494,0.524253,0.680622,0.009811,0.570552,0.571059,0.031321,0.525376,0.601375,0.028388,0.526760,0.641273,0.026023,0.543987,0.665139,0.025647
698,1695021710.317143,0,,,0.0000,0.0000,0.0000,0.0000,68.7571,4896.1338,2.0764,111.3858,44.8165,201.9101,193.0074,177.1774,154.5045,0.000000,0.620334,0.785434,-0.000000,0.553336,0.819401,-0.033571,0.485079,0.784232,-0.040428,0.443300,0.726329,-0.036768,0.450040,0.684239,-0.030831,0.514268,0.607276,-0.037075,0.434763,0.612065,-0.029304,0.398903,0.622723,-0.023395,0.375365,0.611767,-0.022577,0.540192,0.566423,-0.015005,0.469248,0.613097,-0.011910,0.479576,0.673786,-0.006299,0.503705,0.692142,-0.003168,0.557021,0.560998,0.007437,0.493874,0.601511,0.005429,0.499572,0.656544,0.006151,0.520464,0.678386,0.007040,0.567946,0.570102,0.028282,0.521907,0.595850,0.023928,0.523250,0.635999,0.022116,0.540489,0.660767,0.022292
699,1695021710.325477,0,-14.7877,-14.7877,-2.1576,0.0000,6.7488,1964.7174,16.6135,4514.9481,2.5789,113.0316,42.5576,198.5514,190.1128,174.0272,150.4773,0.000000,0.620982,0.787927,-0.000000,0.551982,0.821364,-0.034567,0.480954,0.781706,-0.040027,0.440560,0.717948,-0.034455,0.452168,0.675681,-0.026410,0.515501,0.608764,-0.036457,0.434482,0.609933,-0.028450,0.398045,0.620571,-0.022358,0.374167,0.608560,-0.021412,0.541495,0.567849,-0.013502,0.469216,0.616710,-0.010495,0.480589,0.677913,-0.004772,0.505774,0.694111,-0.001370,0.556985,0.561910,0.009493,0.492592,0.605761,0.007870,0.499220,0.661234,0.008015,0.521043,0.680290,0.008527,0.567226,0.570230,0.030643,0.520849,0.599820,0.026861,0.522926,0.640822,0.024555,0.541659,0.665167,0.024359
700,1695021710.333810,0,-23.0923,-23.0923,-6.6766,-4.5190,10.4507,335.1045,45.1308,4704.8791,1.9817,121.9815,36.5730,195.8462,188.0159,173.4746,152.8001,0.000000,0.618773,0.786520,-0.000000,0.551235,0.820496,-0.035311,0.482937,0.781671,-0.042351,0.442950,0.718794,-0.038353,0.450187,0.675540,-0.031967,0.515580,0.608432,-0.040302,0.433005,0.607950,-0.034231,0.394197,0.615082,-0.029318,0.368734,0.601681,-0.028985,0.541135,0.567155,-0.017436,0.468511,0.610413,-0.016033,0.478300,0.668597,-0.010630,0.502758,0.684932,-0.007234,0.556359,0.561665,0.005579,0.492276,0.600680,0.002898,0.497327,0.654177,0.003489,0.518163,0.674096,0.004488,0.565759,0.570389,0.026765,0.520024,0.595479,0.022302,0.520841,0.635052,0.020383,0.538256,0.659398,0.020592
701,1695021710.342143,0,-24.6596,-24.6596,-5.3253,1.3512,10.8628,411.3973,25.9460,4430.9817,2.3014,125.8171,39.0500,190.4287,182.3442,167.2629,145.7742,0.000000,0.618926,0.783154,-0.000000,0.553598,0.819364,-0.037427,0.482195,0.782153,-0.042662,0.440176,0.718130,-0.035703,0.451202,0.673035,-0.025711,0.517318,0.612634,-0.041348,0.435333,0.606248,-0.036835,0.397486,0.610860,-0.032685,0.370422,0.596378,-0.032693,0.540881,0.567139,-0.017475,0.464963,0.615635,-0.016482,0.477815,0.678136,-0.009676,0.503874,0.691272,-0.004874,0.553145,0.556574,0.005801,0.486392,0.604895,0.002644,0.494607,0.661149,0.004008,0.516814,0.674524,0.005912,0.561139,0.561767,0.026803,0.513532,0.592051,0.022057,0.516310,0.632273,0.020165,0.535324,0.654163,0.020510
702,1695021710.350477,0,27.1294,27.1294,6.0250,11.3503,19.4705,445.6767,15.8575,4717.0984,1.5581,122.8927,30.2015,192.7387,186.4980,172.9087,152.7627,0.000000,0.618525,0.784983,-0.000000,0.551772,0.819428,-0.036314,0.480974,0.782003,-0.042625,0.440086,0.718316,-0.037581,0.449190,0.673699,-0.030140,0.516634,0.610164,-0.041094,0.432937,0.606390,-0.036478,0.393149,0.610606,-0.032606,0.365425,0.595929,-0.032977,0.541149,0.565686,-0.018203,0.467027,0.613665,-0.018065,0.478301,0.675177,-0.012262,0.503789,0.691979,-0.008167,0.554909,0.557515,0.004409,0.489214,0.601757,0.000597,0.496043,0.657906,0.001816,0.517751,0.676423,0.003713,0.563695,0.564543,0.024950,0.516611,0.591924,0.019770,0.518529,0.632417,0.018036,0.536852,0.656007,0.018577
703,1695021710.358810,0,-35.4831,-35.4831,-5.1738,-11.1988,21.6791,260.5570,56.5990,4776.4869,2.8970,126.7400,32.3838,188.8063,182.2164,168.2611,148.2839,0.000000,0.615655,0.783526,-0.000000,0.551809,0.818616,-0.039647,0.480475,0.781972,-0.046012,0.439046,0.717022,-0.040102,0.448936,0.671185,-0.031266,0.519423,0.611745,-0.044902,0.436309,0.603112,-0.043526,0.395741,0.605668,-0.041116,0.366577,0.592107,-0.041959,0.541699,0.565531,-0.020809,0.464585,0.617024,-0.023078,0.476016,0.680609,-0.016384,0.501910,0.694861,-0.011097,0.552064,0.554740,0.002230,0.483813,0.603303,-0.004391,0.490767,0.660986,-0.002627,0.512248,0.676542,0.000420,0.558513,0.559859,0.022782,0.510206,0.591327,0.015468,0.512289,0.632692,0.013530,0.530432,0.655519,0.014430
704,1695021710.367143,0,-29.3252,-29.3252,-1.5582,3.6156,22.5242,451.8827,36.6503,5114.6673,2.8114,134.6574,28.3460,183.3696,178.2897,165.6350,146.6626,0.000000,0.616340,0.785312,-0.000000,0.552490,0.820945,-0.038132,0.479893,0.783493,-0.044440,0.437449,0.716576,-0.038953,0.448795,0.672228,-0.030811,0.517633,0.615609,-0.043407,0.433589,0.600179,-0.040181,0.393433,0.600105,-0.035929,0.364034,0.584819,-0.035772,0.539657,0.566477,-0.019826,0.462249,0.613294,-0.021154,0.472890,0.678294,-0.014218,0.497979,0.695646,-0.008752,0.550570,0.553403,0.003118,0.482977,0.602763,-0.002258,0.489286,0.660599,-0.000575,0.510569,0.677576,0.002183,0.557294,0.556419,0.023739,0.508114,0.588449,0.017476,0.509416,0.630050,0.015609,0.527523,0.653320,0.016366
705,1695021710.375477,0,-30.9575,-30.9575,-1.5745,-0.0163,23.1545,441.8879,26.3765,4891.6579,2.3842,133.8897,31.9153,180.3162,174.1185,160.8123,142.1396,0.000000,0.615115,0.785645,-0.000000,0.550094,0.818400,-0.036948,0.479018,0.779288,-0.041296,0.437102,0.713636,-0.033327,0.449755,0.672753,-0.022690,0.516333,0.612403,-0.043582,0.436379,0.597650,-0.040775,0.396260,0.595884,-0.037809,0.365868,0.581510,-0.038588,0.540602,0.564330,-0.020024,0.466119,0.616242,-0.019170,0.476556,0.679621,-0.011468,0.500961,0.696890,-0.006244,0.552789,0.553146,0.002827,0.486199,0.603995,-0.001104,0.493116,0.661385,0.000512,0.513936,0.677825,0.002768,0.560575,0.557705,0.023475,0.511948,0.588722,0.017747,0.513411,0.628460,0.015648,0.531098,0.651306,0.015912
706,1695021710.383810,0,35.8622,35.8622,2.1832,3.7577,31.2559,628.7665,39.0554,5576.3774,2.7322,139.8086,31.7971,174.9718,169.4132,156.9389,139.5970,0.000000,0.615267,0.782579,-0.000000,0.550464,0.817965,-0.039514,0.480380,0.778214,-0.045341,0.439540,0.710694,-0.038587,0.447597,0.665622,-0.028794,0.518523,0.610776,-0.045556,0.436116,0.593498,-0.044730,0.394923,0.591659,-0.042910,0.365306,0.575754,-0.044056,0.541991,0.564666,-0.021234,0.463390,0.607699,-0.022692,0.472885,0.671756,-0.015661,0.498385,0.688508,-0.010453,0.553204,0.553439,0.001990,0.483637,0.595822,-0.003777,0.489412,0.654031,-0.001989,0.510941,0.671194,0.000671,0.560019,0.557609,0.022703,0.510795,0.585699,0.015681,0.512063,0.627706,0.013463,0.529849,0.651968,0.013919
707,1695021710.392143,0,-34.6459,-34.6459,0.2093,-1.9739,27.4805,732.1045,13.8668,5793.6141,2.6741,139.5864,35.0979,171.3803,165.3873,152.8093,135.5903,0.000000,0.614178,0.785497,-0.000000,0.549590,0.819389,-0.039596,0.479947,0.777752,-0.047251,0.438749,0.706362,-0.042606,0.445850,0.657081,-0.035056,0.520984,0.611123,-0.046508,0.437973,0.588282,-0.045393,0.396674,0.585372,-0.042878,0.367391,0.570397,-0.043540,0.544418,0.564816,-0.022020,0.465937,0.601784,-0.023561,0.474089,0.664621,-0.016284,0.498416,0.684240,-0.010993,0.555637,0.553691,0.001585,0.486633,0.592540,-0.004714,0.490937,0.649668,-0.002710,0.511174,0.670331,0.000214,0.561826,0.557081,0.022879,0.512693,0.582593,0.015405,0.512812,0.624410,0.013352,0.529164,0.650153,0.014028
708,1695021710.400477,0,-37.5201,-37.5201,-2.0487,-2.2580,27.7371,831.4979,13.7201,5789.2602,2.4213,147.0216,38.5684,161.0553,155.2065,143.8511,129.1551,0.000000,0.613828,0.782986,-0.000000,0.548973,0.816751,-0.039519,0.479523,0.776749,-0.047828,0.438537,0.706061,-0.044206,0.447811,0.657018,-0.037782,0.520330,0.609584,-0.047231,0.437129,0.583714,-0.047684,0.396262,0.576640,-0.046213,0.366488,0.557116,-0.047589,0.543990,0.562235,-0.023670,0.466332,0.601369,-0.027048,0.475185,0.665311,-0.019923,0.499893,0.681849,-0.014220,0.555659,0.550683,-0.001053,0.486774,0.589897,-0.008559,0.491438,0.648351,-0.005242,0.512390,0.665038,-0.001004,0.562454,0.554062,0.019151,0.512986,0.577417,0.010997,0.513255,0.619864,0.010082,0.530576,0.643381,0.011887
709,1695021710.408810,0,44.3464,44.3464,18.8260,20.8747,36.6446,1759.3522,31.4293,8069.1787,2.7880,151.8673,42.7565,154.7117,149.9976,139.9318,126.8176,0.000242,0.613803,0.782567,-0.000000,0.547786,0.815456,-0.040975,0.477799,0.772299,-0.048880,0.438581,0.698356,-0.044311,0.449621,0.652958,-0.036749,0.521639,0.606083,-0.048501,0.439717,0.578017,-0.050666,0.397416,0.569752,-0.050630,0.366826,0.549707,-0.053020,0.547629,0.560559,-0.024594,0.470974,0.606901,-0.029126,0.479919,0.673665,-0.022151,0.504986,0.689477,-0.016610,0.559933,0.549824,-0.002082,0.491459,0.594602,-0.010648,0.496511,0.654541,-0.007057,0.517910,0.669934,-0.002604,0.567570,0.554178,0.017708,0.517745,0.582679,0.008365,0.518464,0.626215,0.007209,0.536307,0.648990,0.009048
710,1695021710.417143,0,-33.9319,-33.9319,-17.4485,-36.2745,37.0894,1684.0978,49.1685,6954.4906,1.9201,146.6991,49.8975,145.2385,141.3997,131.9420,120.5966,0.001042,0.612874,0.782899,-0.000000,0.547216,0.816540,-0.039159,0.478203,0.772659,-0.046186,0.439309,0.699402,-0.040869,0.449188,0.654026,-0.032906,0.520994,0.606967,-0.049144,0.437775,0.569548,-0.047503,0.397182,0.560029,-0.043360,0.367806,0.539737,-0.042977,0.546773,0.558662,-0.024555,0.469447,0.598043,-0.025039,0.475631,0.662340,-0.015729,0.497649,0.682166,-0.009256,0.559210,0.547448,-0.000722,0.491244,0.592587,-0.006342,0.494894,0.650794,-0.003209,0.513916,0.670412,0.000220,0.565925,0.551273,0.020857,0.516391,0.582978,0.013236,0.516113,0.625544,0.011346,0.531486,0.650267,0.012131
711,1695021710.425477,0,-45.5666,-45.5666,-2.7302,14.7184,33.1631,1393.0812,49.6978,6143.4178,2.1342,146.4336,56.2468,139.5977,135.6245,127.0748,117.5458,0.001633,0.613510,0.784383,-0.000000,0.548081,0.814504,-0.039654,0.480487,0.770245,-0.048742,0.441369,0.694490,-0.045736,0.446985,0.645028,-0.040111,0.524687,0.605636,-0.050553,0.443040,0.566153,-0.053628,0.400191,0.552522,-0.053782,0.369192,0.531261,-0.055932,0.550582,0.559186,-0.026621,0.473041,0.599161,-0.030817,0.478368,0.666581,-0.022966,0.500816,0.689859,-0.017155,0.562965,0.548531,-0.003755,0.494492,0.590387,-0.012335,0.496179,0.649840,-0.008502,0.514811,0.673823,-0.004055,0.569800,0.552639,0.016781,0.519986,0.581276,0.007634,0.517893,0.625509,0.006749,0.532254,0.653170,0.008718
712,1695021710.433810,0,-31.8421,-31.8421,1.4195,4.1497,32.9585,1412.2441,53.6486,4496.1540,2.1996,142.1304,66.2185,130.1225,126.6472,118.6260,110.6416,0.003195,0.613952,0.782981,-0.000000,0.546417,0.812767,-0.038615,0.477918,0.765627,-0.046029,0.439970,0.688305,-0.041557,0.450850,0.637910,-0.034362,0.521535,0.602128,-0.046143,0.441469,0.555938,-0.044812,0.400703,0.541251,-0.041722,0.371036,0.519413,-0.041950,0.549121,0.557135,-0.022023,0.473445,0.594199,-0.022950,0.478908,0.659300,-0.014768,0.501541,0.682143,-0.008811,0.562967,0.548112,0.001219,0.496020,0.586394,-0.004637,0.498130,0.644717,-0.001826,0.517289,0.667459,0.001674,0.570926,0.552233,0.022252,0.522625,0.576879,0.015432,0.521074,0.619731,0.014281,0.536220,0.646830,0.015737
713,1695021710.442143,0,34.1648,34.1648,-2.5454,-3.9649,37.8415,1465.7227,12.3311,4295.3544,2.5149,142.1397,75.2480,123.5465,119.6975,111.9318,105.6734,0.004763,0.614177,0.781553,-0.000000,0.546104,0.811728,-0.037777,0.477960,0.763005,-0.045266,0.442415,0.684456,-0.040783,0.452485,0.635394,-0.033795,0.523070,0.600998,-0.049189,0.442442,0.549894,-0.048336,0.400927,0.532946,-0.045128,0.372400,0.508338,-0.045399,0.552339,0.556125,-0.025309,0.476295,0.591187,-0.025572,0.479586,0.658185,-0.015830,0.501425,0.682827,-0.009409,0.566938,0.547866,-0.002125,0.499946,0.583924,-0.007567,0.499930,0.642042,-0.003698,0.518149,0.667269,-0.000018,0.575148,0.553793,0.018988,0.525898,0.578319,0.011795,0.522749,0.620655,0.010962,0.536743,0.649303,0.012493
714,1695021710.450477,0,24.9514,24.9514,14.7208,17.2662,33.1238,1533.7257,40.1157,4074.2244,2.3648,144.8958,84.6673,113.9134,109.3918,102.9283,99.6087,0.005988,0.614421,0.782565,-0.000000,0.547051,0.812555,-0.037334,0.479836,0.762626,-0.044390,0.444132,0.681952,-0.039641,0.453721,0.627496,-0.032491,0.521911,0.598940,-0.045910,0.443483,0.540894,-0.041902,0.403936,0.521556,-0.036900,0.376464,0.495751,-0.036240,0.551710,0.554418,-0.021222,0.479643,0.587150,-0.019067,0.483049,0.651281,-0.009882,0.504030,0.676796,-0.004185,0.567418,0.547758,0.003043,0.503842,0.581938,0.000045,0.504198,0.637785,0.002897,0.521859,0.663641,0.005302,0.576334,0.553657,0.025365,0.529392,0.576894,0.019967,0.526758,0.618632,0.018724,0.540625,0.646915,0.019622
715,1695021710.458810,0,29.2344,29.2344,18.7002,3.9794,33.7957,1849.6369,13.8704,4110.8892,2.2495,146.0779,99.6270,102.1066,96.6148,90.0458,88.5783,0.008173,0.613616,0.777978,-0.000000,0.545057,0.806914,-0.035616,0.478594,0.757692,-0.042068,0.444658,0.678661,-0.036962,0.455843,0.626161,-0.029702,0.520434,0.596419,-0.045416,0.446463,0.536477,-0.043308,0.408151,0.512490,-0.040357,0.380895,0.483661,-0.040839,0.551265,0.551931,-0.022088,0.482126,0.580452,-0.019074,0.484485,0.643696,-0.009635,0.504920,0.670766,-0.004116,0.568328,0.544993,0.000621,0.506503,0.575292,-0.001903,0.505925,0.630566,0.000711,0.523102,0.657233,0.002803,0.578750,0.551415,0.021467,0.531894,0.571929,0.016741,0.528595,0.612521,0.015905,0.542035,0.642241,0.016869
716,1695021710.467143,0,-22.0104,-22.0104,2.4579,-16.2423,27.9457,1778.5046,39.7894,4070.5002,2.6023,151.6991,108.5057,94.8695,91.7705,87.5256,89.6665,0.011150,0.616811,0.787924,-0.000000,0.546864,0.809129,-0.034362,0.479361,0.754596,-0.037724,0.445315,0.675124,-0.028500,0.458718,0.624891,-0.016727,0.520031,0.595501,-0.045594,0.446074,0.528311,-0.039948,0.408401,0.501840,-0.034072,0.379628,0.472756,-0.032411,0.551976,0.550931,-0.020209,0.481543,0.575415,-0.012295,0.483411,0.641190,-0.000533,0.502412,0.673001,0.005979,0.569184,0.543934,0.005045,0.505862,0.573503,0.006424,0.505297,0.630182,0.008035,0.520504,0.658760,0.008769,0.578971,0.550339,0.028886,0.531669,0.567775,0.027864,0.527693,0.606173,0.026838,0.538912,0.636882,0.026905
717,1695021710.475477,0,24.1856,24.1856,-2.4948,-4.9527,20.3709,1652.1388,22.5923,4080.1590,2.3731,150.7253,115.4841,86.8734,81.7756,78.4798,84.2045,0.012339,0.615917,0.779267,-0.000000,0.546257,0.804473,-0.035098,0.479840,0.749395,-0.040715,0.445983,0.668647,-0.034709,0.458512,0.618445,-0.026414,0.522280,0.590654,-0.044631,0.449366,0.523644,-0.041251,0.411065,0.496064,-0.037319,0.384068,0.465417,-0.037139,0.555181,0.548219,-0.021087,0.485487,0.575713,-0.016528,0.486455,0.638873,-0.006500,0.506902,0.668267,-0.000797,0.573287,0.543758,0.001909,0.511149,0.571907,0.000588,0.508811,0.626222,0.002628,0.524731,0.654292,0.004136,0.584185,0.552887,0.023128,0.538121,0.569298,0.020287,0.532973,0.607382,0.019637,0.544356,0.638309,0.020374
718,1695021710.483810,0,22.4369,22.4369,-0.6286,1.8661,19.0169,1673.0019,4.8331,4218.5892,2.3945,156.3110,124.6416,80.0000,73.4090,70.7884,79.8069,0.014828,0.615187,0.772453,-0.000000,0.546609,0.800160,-0.033789,0.480438,0.747118,-0.038879,0.446392,0.668063,-0.032685,0.458780,0.617725,-0.024496,0.520236,0.588460,-0.044357,0.449061,0.517503,-0.041137,0.411149,0.485530,-0.036937,0.383958,0.453261,-0.036378,0.553253,0.544973,-0.021434,0.486301,0.573436,-0.017490,0.487104,0.637105,-0.007061,0.506836,0.668782,-0.000589,0.572178,0.539429,0.001050,0.511938,0.570129,-0.000402,0.509837,0.624170,0.002215,0.524913,0.651802,0.004344,0.583829,0.547441,0.021892,0.537218,0.567059,0.019311,0.532298,0.606119,0.019362,0.543503,0.636640,0.020724
719,1695021710.492143,0,-20.2318,-20.2318,-12.3666,-11.7379,22.8508,1282.0460,41.6047,4269.5499,3.2648,153.5718,130.5395,77.4664,69.3718,66.9172,77.7739,0.015270,0.615049,0.768802,-0.000000,0.545941,0.797300,-0.034273,0.479255,0.742092,-0.038864,0.446391,0.661559,-0.032075,0.459915,0.609837,-0.023279,0.521178,0.581958,-0.042320,0.451444,0.512925,-0.037633,0.413343,0.481188,-0.033135,0.386383,0.448748,-0.032690,0.555128,0.540796,-0.018924,0.489761,0.574307,-0.014113,0.490157,0.638590,-0.004142,0.510159,0.668697,0.001965,0.574417,0.538068,0.003999,0.514899,0.570284,0.003395,0.512202,0.624469,0.005542,0.527565,0.650492,0.007295,0.586603,0.547111,0.025218,0.540053,0.567884,0.023292,0.535237,0.606800,0.023350,0.547476,0.636004,0.024711
720,1695021710.500477,0,-25.6049,-25.6049,-0.8986,11.4679,22.5728,1121.3849,37.0289,4154.2076,2.6681,153.2145,136.7020,72.5239,62.8966,61.2403,74.2841,0.015700,0.614137,0.764687,-0.000000,0.544678,0.791613,-0.033195,0.480136,0.737694,-0.038457,0.448268,0.659219,-0.032316,0.461879,0.608478,-0.024338,0.521009,0.581349,-0.045762,0.452407,0.508425,-0.042533,0.414663,0.474894,-0.038992,0.387946,0.441884,-0.038979,0.555640,0.538503,-0.022519,0.491742,0.569247,-0.016752,0.490643,0.631911,-0.005499,0.508879,0.662307,0.000774,0.575873,0.535024,0.000448,0.517540,0.566649,0.000866,0.513681,0.619018,0.003846,0.527267,0.645558,0.005506,0.588979,0.544078,0.021922,0.543773,0.563542,0.021139,0.537711,0.599869,0.021922,0.547594,0.629303,0.023271
721,1695021710.508810,0,26.2889,26.2889,0.5258,1.4245,23.2284,1218.6889,4.5506,4327.6388,2.0674,155.7616,146.6931,66.5037,55.9048,56.1660,73.3349,0.017329,0.614143,0.766604,-0.000000,0.545368,0.790138,-0.032633,0.480563,0.734190,-0.035966,0.449428,0.654262,-0.027176,0.463271,0.602228,-0.016459,0.522614,0.580197,-0.047192,0.455063,0.503445,-0.044129,0.418040,0.467938,-0.040699,0.390501,0.432699,-0.040500,0.557015,0.536690,-0.022492,0.491506,0.563586,-0.014309,0.490059,0.627625,-0.001191,0.507496,0.658715,0.005901,0.576683,0.532209,0.001997,0.516728,0.561564,0.003783,0.512779,0.615183,0.006638,0.526073,0.642741,0.007996,0.589311,0.539651,0.025213,0.542344,0.558212,0.024945,0.535555,0.595954,0.025262,0.545139,0.626663,0.026124
722,1695021710.517143,0,-16.4656,-16.4656,-9.7256,-10.2515,22.3325,870.5170,70.6459,4036.9188,2.5860,153.5494,148.7752,66.8042,51.3357,50.0517,69.2917,0.016611,0.615114,0.768313,-0.000000,0.545400,0.788617,-0.029242,0.480825,0.728572,-0.030508,0.450098,0.649559,-0.020531,0.464754,0.601630,-0.008986,0.520734,0.573878,-0.040105,0.456810,0.498552,-0.034303,0.421468,0.463648,-0.030260,0.395137,0.429666,-0.029862,0.556253,0.534568,-0.016957,0.494610,0.559079,-0.005533,0.492267,0.621485,0.007007,0.508365,0.653518,0.013303,0.577381,0.533769,0.006161,0.520258,0.560407,0.011137,0.515481,0.613521,0.013151,0.527361,0.640083,0.013284,0.590891,0.543893,0.028184,0.546088,0.559698,0.031094,0.539750,0.596453,0.032139,0.549255,0.627105,0.032908
723,1695021710.525477,0,-13.3510,-13.3510,1.7202,11.4458,18.5367,730.3470,37.7153,4001.5998,3.2236,153.6821,151.8134,64.9591,47.7506,46.3478,66.8345,0.016041,0.615403,0.765489,-0.000000,0.545430,0.784266,-0.029084,0.481705,0.722999,-0.029725,0.451965,0.643254,-0.018297,0.467093,0.592272,-0.004918,0.520956,0.569067,-0.040091,0.458071,0.492240,-0.032416,0.422877,0.459001,-0.028052,0.396486,0.426491,-0.027629,0.557010,0.531987,-0.015115,0.495968,0.551726,0.000703,0.493897,0.613143,0.014258,0.509811,0.646390,0.020031,0.578367,0.532440,0.009981,0.522039,0.554519,0.019293,0.517856,0.606949,0.020881,0.529736,0.634711,0.019341,0.592524,0.542013,0.034092,0.548916,0.553483,0.040267,0.541958,0.589044,0.041104,0.550107,0.621206,0.040742
724,1695021710.533810,0,14.0604,14.0604,9.9163,8.1961,19.7400,630.1596,21.1720,4035.2516,2.8373,151.2361,154.8496,65.4031,44.6532,43.0475,64.8680,0.015661,0.616951,0.765684,-0.000000,0.546509,0.784109,-0.027996,0.481904,0.721482,-0.029281,0.452466,0.639334,-0.019897,0.468130,0.590052,-0.008811,0.523269,0.567702,-0.037770,0.460727,0.489151,-0.031311,0.426001,0.454306,-0.026627,0.400605,0.421724,-0.025959,0.559501,0.530287,-0.015595,0.498619,0.552362,-0.004765,0.496160,0.612949,0.007000,0.512203,0.646126,0.012770,0.581467,0.530282,0.006633,0.525603,0.555993,0.012048,0.520206,0.606600,0.014404,0.531612,0.635110,0.014431,0.595746,0.541642,0.027663,0.552034,0.556362,0.030420,0.544584,0.591539,0.031043,0.552232,0.623218,0.031498
725,1695021710.542143,0,-17.5767,-17.5767,-10.9664,-20.8827,18.0952,540.0607,29.1751,4180.1916,2.8060,150.3333,162.2898,62.4738,39.3093,38.3869,63.0232,0.015886,0.616180,0.763378,-0.000000,0.544773,0.781057,-0.027463,0.480973,0.718364,-0.029428,0.453890,0.636736,-0.020895,0.470746,0.588972,-0.010911,0.523686,0.564099,-0.039066,0.462790,0.486804,-0.033590,0.428623,0.450292,-0.030152,0.403787,0.416007,-0.030522,0.561094,0.527330,-0.017851,0.501126,0.551422,-0.006829,0.498000,0.611825,0.005344,0.513909,0.644681,0.011006,0.583403,0.529021,0.003425,0.527840,0.553461,0.009049,0.521430,0.603010,0.012246,0.532545,0.631244,0.012562,0.597781,0.542648,0.023457,0.553901,0.555733,0.026368,0.546141,0.589227,0.027805,0.553788,0.620418,0.028669
726,1695021710.550477,0,14.9511,14.9511,7.8542,18.8206,14.9128,721.3628,5.3149,4207.9427,2.6518,148.2076,167.0193,60.1051,34.1576,33.4726,61.3815,0.016037,0.616289,0.763447,-0.000000,0.545229,0.779656,-0.028069,0.481784,0.715690,-0.029677,0.455271,0.633386,-0.020314,0.472701,0.583581,-0.009345,0.525212,0.562290,-0.039787,0.464868,0.483252,-0.033922,0.431326,0.446080,-0.030401,0.406824,0.411579,-0.030663,0.562758,0.526551,-0.017453,0.502990,0.546751,-0.005149,0.498592,0.606375,0.007165,0.513331,0.640021,0.012588,0.585167,0.528716,0.004978,0.530143,0.549781,0.011729,0.523111,0.599432,0.014271,0.533576,0.628631,0.013845,0.599699,0.542323,0.026212,0.556580,0.552823,0.029911,0.548229,0.586623,0.030903,0.555231,0.618791,0.031239
727,1695021710.558810,0,-16.2575,-16.2575,-0.7266,-8.5808,14.8773,713.9227,7.7926,4284.4305,2.3433,154.4961,172.2872,55.7311,27.3053,32.2716,63.8339,0.017832,0.615922,0.759541,-0.000000,0.546274,0.777244,-0.025428,0.482851,0.713897,-0.024908,0.455646,0.632700,-0.013768,0.472630,0.587725,-0.001140,0.523271,0.563240,-0.038441,0.465054,0.479278,-0.034084,0.431828,0.438625,-0.031596,0.407452,0.402970,-0.032143,0.560496,0.524687,-0.017322,0.503055,0.547503,-0.005726,0.498486,0.607744,0.006625,0.512318,0.641210,0.012416,0.583527,0.523981,0.003936,0.529691,0.550850,0.010503,0.522967,0.600675,0.013260,0.533161,0.628031,0.013123,0.598942,0.535163,0.024080,0.555744,0.552548,0.027457,0.547459,0.587488,0.028487,0.554713,0.619264,0.029057
728,1695021710.567143,0,-18.4830,-18.4830,-8.1358,-7.4092,15.6682,892.2470,63.5011,4512.0075,1.9599,153.2840,174.8288,53.9422,25.0996,31.9253,64.0495,0.018210,0.617269,0.764772,-0.000000,0.547203,0.778567,-0.024670,0.481563,0.713184,-0.024360,0.454347,0.630677,-0.013646,0.473515,0.587716,-0.001492,0.523863,0.562544,-0.038799,0.466212,0.478265,-0.035009,0.433166,0.437764,-0.033248,0.407593,0.402017,-0.034503,0.561349,0.521933,-0.018381,0.504222,0.549468,-0.006813,0.500629,0.612062,0.005891,0.514585,0.645287,0.011732,0.584496,0.521592,0.002237,0.530998,0.552096,0.009003,0.524911,0.602482,0.012152,0.535305,0.630190,0.012088,0.600033,0.534552,0.021744,0.558263,0.553229,0.025823,0.550435,0.587485,0.027314,0.557564,0.619158,0.027990
729,1695021710.575477,0,-8.9805,-8.9805,2.1491,10.2849,12.5654,499.6127,68.1235,4170.5945,1.6880,152.3017,173.4889,52.9660,26.0026,35.3323,68.2969,0.019998,0.618225,0.763323,-0.000000,0.547301,0.777544,-0.026411,0.481608,0.711010,-0.025766,0.455146,0.625400,-0.014313,0.475904,0.578631,-0.001189,0.525605,0.560031,-0.036919,0.463939,0.475192,-0.030012,0.430145,0.436665,-0.025118,0.405441,0.401825,-0.024300,0.563009,0.522766,-0.015025,0.503537,0.545671,-0.002830,0.500610,0.608278,0.009649,0.515562,0.644062,0.015758,0.585706,0.522848,0.006999,0.530451,0.551385,0.013617,0.525551,0.604247,0.015260,0.536329,0.634383,0.014544,0.601149,0.534085,0.027940,0.557740,0.552878,0.031508,0.550518,0.589634,0.031618,0.557533,0.622941,0.031535
730,1695021710.583810,0,-21.7584,-21.7584,-9.1774,-11.3264,13.2130,648.7057,72.0076,5150.3396,1.8029,156.1157,176.9391,50.9804,22.6781,34.1800,68.1547,0.020070,0.619839,0.763217,-0.000000,0.548996,0.778808,-0.027077,0.482918,0.711100,-0.027128,0.455084,0.626423,-0.016037,0.475216,0.584690,-0.003324,0.526343,0.561459,-0.040985,0.465529,0.477463,-0.037564,0.431406,0.436492,-0.035825,0.406487,0.399183,-0.037251,0.564048,0.522870,-0.019422,0.505515,0.545066,-0.008243,0.503281,0.607159,0.004796,0.518928,0.640160,0.010763,0.586768,0.523224,0.002072,0.532689,0.548550,0.008039,0.528103,0.600216,0.011473,0.539992,0.629082,0.011573,0.601967,0.536557,0.022230,0.560002,0.552707,0.024971,0.553989,0.588292,0.025901,0.562545,0.621107,0.026228
731,1695021710.592143,0,-19.6810,-19.6810,-0.8559,8.3215,4.4020,321.0130,62.3636,5018.1619,1.0788,154.6312,178.6998,50.8445,23.3758,35.2968,69.9619,0.021211,0.618847,0.761103,-0.000000,0.548518,0.777432,-0.026093,0.482702,0.712022,-0.026149,0.454623,0.627057,-0.015452,0.474316,0.581957,-0.003284,0.524440,0.561052,-0.039220,0.464171,0.476474,-0.035089,0.430447,0.435849,-0.032744,0.405554,0.398547,-0.033626,0.560836,0.521970,-0.017844,0.504011,0.545650,-0.006489,0.502262,0.608779,0.006147,0.517781,0.642773,0.012017,0.583247,0.521415,0.003649,0.530071,0.549365,0.009661,0.526711,0.602365,0.012449,0.539130,0.631988,0.012313,0.598660,0.532415,0.024026,0.556677,0.550617,0.027301,0.551265,0.588055,0.028361,0.560397,0.620974,0.028872
732,1695021710.600477,0,-22.2566,-22.2566,-0.9434,-0.0875,4.8246,172.1682,65.4617,5001.1412,1.9155,153.1350,173.6387,48.0832,24.4645,38.7126,71.7394,0.022013,0.618557,0.759844,-0.000000,0.548329,0.777115,-0.027542,0.481613,0.711629,-0.028518,0.454543,0.624813,-0.018827,0.475124,0.579152,-0.007587,0.526473,0.562978,-0.041456,0.462832,0.476391,-0.038842,0.428586,0.435063,-0.036167,0.403578,0.398216,-0.036610,0.562718,0.522169,-0.020365,0.502555,0.545515,-0.013099,0.501107,0.607788,-0.001126,0.517225,0.642066,0.005362,0.584535,0.519186,0.000641,0.529098,0.548911,0.002865,0.525726,0.600836,0.005574,0.538308,0.630745,0.006502,0.599588,0.528552,0.020445,0.554940,0.549914,0.020570,0.549067,0.586829,0.020851,0.557674,0.619009,0.021601
733,1695021710.608810,0,28.1824,28.1824,9.2907,10.2342,19.1577,289.7639,76.4110,4465.8694,2.2123,152.9784,172.3973,48.9688,26.8216,39.0837,70.6921,0.021214,0.617854,0.762050,-0.000000,0.547501,0.779750,-0.028248,0.481825,0.713373,-0.028563,0.454822,0.627124,-0.017324,0.473926,0.579735,-0.004416,0.525464,0.565550,-0.044812,0.463933,0.480105,-0.043760,0.429114,0.437326,-0.043230,0.402741,0.400392,-0.045029,0.562417,0.523759,-0.022383,0.501013,0.543459,-0.012954,0.497272,0.605133,0.000257,0.511708,0.638912,0.006650,0.584358,0.520307,-0.000156,0.527628,0.545939,0.004487,0.521549,0.597164,0.008292,0.532546,0.626149,0.009022,0.599176,0.530319,0.020700,0.554234,0.547466,0.022327,0.545750,0.583630,0.023154,0.552898,0.616635,0.023690
734,1695021710.617143,0,29.1466,29.1466,12.7263,3.4355,24.4614,236.4103,3.0109,4055.5792,3.1902,155.0633,170.4368,47.4501,29.1093,43.4927,75.1059,0.023006,0.617311,0.760634,-0.000000,0.546332,0.779970,-0.027981,0.481821,0.717194,-0.028892,0.455297,0.633104,-0.018272,0.472751,0.582476,-0.006134,0.523270,0.567536,-0.045059,0.461284,0.481309,-0.043676,0.426152,0.438630,-0.042969,0.399619,0.401287,-0.044657,0.559955,0.526110,-0.022569,0.499945,0.546802,-0.012834,0.497122,0.610817,0.000457,0.512404,0.646678,0.006751,0.581962,0.522581,-0.000174,0.525683,0.546709,0.004257,0.521325,0.600330,0.007843,0.533627,0.631770,0.008404,0.596973,0.531603,0.021079,0.551895,0.547590,0.022723,0.544566,0.585251,0.023705,0.552820,0.619194,0.024297
735,1695021710.625477,0,27.5616,27.5616,11.8106,-0.9156,24.1542,557.6336,14.6274,3995.1805,1.9776,152.6397,160.4773,50.4595,38.0889,49.9251,77.4849,0.022915,0.615900,0.761213,-0.000000,0.545998,0.780246,-0.027129,0.481251,0.718329,-0.029012,0.453279,0.634948,-0.020139,0.470374,0.583903,-0.009959,0.521304,0.567858,-0.042555,0.457858,0.485554,-0.040642,0.421607,0.445166,-0.039579,0.394695,0.409376,-0.041120,0.557067,0.525719,-0.021101,0.499292,0.549461,-0.011385,0.498549,0.609916,0.001335,0.515148,0.642924,0.007272,0.579513,0.522509,0.000283,0.525888,0.549010,0.004507,0.522671,0.600399,0.007681,0.535294,0.630187,0.008010,0.595500,0.531052,0.020593,0.552748,0.548278,0.022517,0.546932,0.585256,0.023699,0.555841,0.618142,0.024374
736,1695021710.633810,0,-20.4168,-20.4168,0.4600,-11.3507,24.3276,574.1985,42.8749,3945.1809,2.1037,151.5193,158.2708,52.2081,43.9726,54.3988,80.1532,0.023579,0.616247,0.762790,-0.000000,0.545376,0.783857,-0.025692,0.479094,0.721812,-0.027259,0.450587,0.636048,-0.018897,0.469350,0.585790,-0.009321,0.517421,0.569885,-0.037685,0.453681,0.488064,-0.034487,0.417299,0.449380,-0.032347,0.390566,0.414737,-0.033386,0.553335,0.526872,-0.017542,0.495312,0.553732,-0.007958,0.497034,0.615296,0.004040,0.515176,0.647374,0.009725,0.576322,0.523065,0.002520,0.522493,0.554905,0.007266,0.522001,0.607853,0.010531,0.536464,0.636979,0.010837,0.592991,0.532044,0.021405,0.550232,0.554348,0.023858,0.547032,0.592799,0.025099,0.557892,0.624755,0.025858
737,1695021710.642143,0,29.6437,29.6437,0.3653,-0.0947,19.6336,741.6929,61.1723,3966.8870,2.0024,151.2708,152.6532,55.5578,51.5680,61.2023,85.4958,0.025655,0.613149,0.761262,-0.000000,0.542509,0.782730,-0.026717,0.478281,0.725627,-0.028607,0.449565,0.646702,-0.019381,0.465488,0.596107,-0.008871,0.514939,0.570099,-0.043409,0.450585,0.493453,-0.041407,0.413703,0.455183,-0.041275,0.386007,0.420258,-0.043480,0.551228,0.527591,-0.021319,0.492768,0.553544,-0.009316,0.492231,0.613313,0.004019,0.508772,0.645571,0.009688,0.574412,0.525684,0.000843,0.520371,0.553431,0.007444,0.517371,0.604179,0.010544,0.530126,0.632852,0.010118,0.590757,0.536220,0.022001,0.548377,0.553268,0.025847,0.542969,0.589309,0.027344,0.552172,0.621597,0.027726
738,1695021710.650477,0,25.0474,25.0474,-1.0248,-1.3901,19.3730,913.9239,17.6429,4255.0323,2.1561,148.2137,145.6277,58.6511,56.3450,65.0003,86.5174,0.024890,0.612755,0.761943,-0.000000,0.543615,0.787066,-0.026516,0.477267,0.731302,-0.026496,0.446024,0.654270,-0.015472,0.462033,0.608879,-0.003160,0.514141,0.573504,-0.041042,0.448933,0.498756,-0.039118,0.411315,0.461124,-0.038626,0.384206,0.427745,-0.040276,0.549376,0.530075,-0.019144,0.490736,0.557079,-0.007226,0.489415,0.615985,0.006007,0.505603,0.646728,0.011930,0.572454,0.526443,0.002550,0.518836,0.557844,0.008346,0.515111,0.608344,0.010895,0.527491,0.635273,0.010523,0.589335,0.535787,0.023160,0.546633,0.559060,0.025762,0.541428,0.596245,0.026578,0.551542,0.628456,0.026890
739,1695021710.658810,0,-17.3421,-17.3421,-11.2259,-10.2011,22.7483,918.4754,36.0170,5192.5634,2.2342,149.7670,138.3753,65.2096,65.1874,72.1908,90.9982,0.024743,0.612147,0.768317,-0.000000,0.542260,0.792409,-0.025882,0.473734,0.734885,-0.025532,0.442515,0.653246,-0.014789,0.461470,0.603968,-0.002703,0.510328,0.578115,-0.037443,0.443845,0.502893,-0.033419,0.406294,0.467316,-0.030844,0.379214,0.435333,-0.031610,0.545518,0.533323,-0.016572,0.486467,0.563595,-0.006107,0.488842,0.623644,0.006375,0.506927,0.653750,0.012300,0.568530,0.527979,0.004125,0.514047,0.563951,0.009438,0.513459,0.615038,0.012436,0.527493,0.642396,0.012464,0.585375,0.536200,0.023579,0.542087,0.562549,0.025521,0.538628,0.600377,0.025880,0.549927,0.631978,0.026035
740,1695021710.667143,0,23.0253,23.0253,10.8605,22.0865,22.0661,1048.0741,25.9369,5247.1744,2.1146,151.0509,136.0314,69.0457,72.0876,80.7035,98.2509,0.026552,0.610545,0.769404,-0.000000,0.539820,0.795867,-0.023988,0.472382,0.741568,-0.025420,0.441512,0.661385,-0.017459,0.456971,0.607616,-0.008438,0.504526,0.582930,-0.036796,0.438433,0.507801,-0.034359,0.400502,0.472286,-0.032815,0.372789,0.440663,-0.034186,0.540512,0.535933,-0.017999,0.483621,0.564810,-0.008906,0.486378,0.624082,0.002829,0.504832,0.654535,0.008137,0.565478,0.529638,0.000764,0.512320,0.563139,0.004657,0.512014,0.613874,0.008289,0.526369,0.641847,0.008776,0.583906,0.537735,0.018545,0.540676,0.560878,0.020006,0.536855,0.598682,0.021544,0.547579,0.629252,0.022541
741,1695021710.675477,0,-16.8829,-16.8829,-11.6316,-22.4922,21.1838,1157.7548,36.6161,5224.3812,1.7596,150.2562,128.6221,75.9384,76.1370,81.2786,95.8919,0.023359,0.608796,0.771243,-0.000000,0.537941,0.797912,-0.023860,0.469290,0.745033,-0.025199,0.437261,0.664804,-0.017583,0.455350,0.614060,-0.009035,0.502639,0.584543,-0.033994,0.436466,0.513254,-0.029886,0.399910,0.480661,-0.026923,0.374243,0.449217,-0.027523,0.537335,0.540156,-0.015732,0.480173,0.571820,-0.007326,0.484099,0.632148,0.003312,0.503657,0.661152,0.008331,0.561373,0.534754,0.002564,0.509318,0.571111,0.005769,0.510617,0.623947,0.008505,0.526544,0.652316,0.008874,0.579593,0.543398,0.019819,0.538343,0.569271,0.020999,0.536776,0.608163,0.021946,0.549703,0.639642,0.022807
742,1695021710.683810,0,-17.9128,-17.9128,-10.7400,0.8916,20.3021,1227.0029,9.9889,5077.5087,2.1226,150.1775,121.0089,81.3334,83.0328,87.7483,99.7202,0.021774,0.604587,0.769918,-0.000000,0.534163,0.799297,-0.024218,0.466380,0.747579,-0.023730,0.434976,0.669115,-0.013413,0.452372,0.618159,-0.002058,0.498189,0.589880,-0.034843,0.433060,0.520741,-0.029918,0.396254,0.487895,-0.027214,0.369991,0.456805,-0.028086,0.532687,0.544079,-0.015225,0.477603,0.574663,-0.003456,0.480157,0.633351,0.008214,0.498216,0.662729,0.013098,0.556828,0.537214,0.004395,0.505984,0.570227,0.010778,0.505829,0.621265,0.013070,0.520473,0.649140,0.012265,0.575878,0.543355,0.022908,0.534478,0.567430,0.025930,0.531294,0.604573,0.026538,0.543586,0.635527,0.026572
743,1695021710.692143,0,-19.8692,-19.8692,-0.6318,10.1083,16.4424,1069.8587,25.5301,4992.3003,1.5760,146.3750,110.7263,88.9988,94.5694,99.4256,109.6016,0.022992,0.602718,0.773700,-0.000000,0.534045,0.803356,-0.022544,0.464683,0.752737,-0.020877,0.430465,0.673122,-0.008688,0.446934,0.623050,0.004588,0.494610,0.598340,-0.037650,0.426977,0.529647,-0.032696,0.389751,0.496062,-0.030445,0.361558,0.464664,-0.031600,0.528069,0.547966,-0.016790,0.471523,0.576161,-0.001434,0.471986,0.634814,0.013036,0.486680,0.664279,0.019034,0.551850,0.540162,0.004505,0.500513,0.576522,0.014838,0.498440,0.625390,0.018362,0.510876,0.651592,0.017328,0.570333,0.545845,0.024911,0.528952,0.572706,0.030840,0.525029,0.608269,0.032178,0.536471,0.638044,0.031938
744,1695021710.700477,0,-17.7608,-17.7608,-10.1965,-9.5648,16.4816,1856.2761,12.6504,5035.3374,2.1375,144.7809,98.4041,98.8250,104.6253,108.2385,115.9423,0.020007,0.601296,0.774058,-0.000000,0.531352,0.807419,-0.021877,0.460934,0.759012,-0.020664,0.427634,0.680292,-0.010427,0.445741,0.632608,0.000860,0.491127,0.600702,-0.032399,0.423860,0.536113,-0.028931,0.385426,0.503449,-0.026939,0.357453,0.472533,-0.028259,0.525039,0.551383,-0.015061,0.469624,0.584650,-0.006135,0.473931,0.643374,0.005506,0.492777,0.670128,0.011166,0.548800,0.541789,0.002195,0.497518,0.579660,0.006088,0.498767,0.629097,0.009378,0.514778,0.653518,0.009921,0.567776,0.546709,0.018390,0.525488,0.573951,0.019922,0.523893,0.610933,0.021147,0.538053,0.639532,0.021980
745,1695021710.708810,0,22.8908,22.8908,9.9434,20.1400,16.4279,1868.3852,36.1208,5443.4675,2.2458,143.4769,88.3971,106.6250,114.5454,118.4139,124.3331,0.019185,0.600270,0.776500,-0.000000,0.528863,0.809746,-0.021643,0.459112,0.764015,-0.020809,0.426078,0.689091,-0.010781,0.440495,0.637369,0.000020,0.488775,0.604730,-0.035470,0.418625,0.541828,-0.032895,0.379429,0.510269,-0.031340,0.350797,0.479439,-0.032880,0.522371,0.554576,-0.017994,0.466979,0.595568,-0.010636,0.472858,0.656896,0.000738,0.492955,0.683946,0.006244,0.546012,0.544401,-0.000325,0.493481,0.587234,0.002946,0.496144,0.638771,0.006915,0.513084,0.664703,0.007782,0.564647,0.548594,0.016414,0.522988,0.581214,0.017556,0.522095,0.619894,0.019260,0.536522,0.647418,0.020518
746,1695021710.717143,0,15.9389,15.9389,8.4629,-1.4805,18.7258,1800.0625,46.6519,5395.8800,1.7300,146.5656,85.3447,111.2732,119.3833,123.0301,128.0104,0.018971,0.598864,0.779388,-0.000000,0.528264,0.814941,-0.020375,0.456716,0.768389,-0.018773,0.422674,0.687009,-0.008216,0.443227,0.634740,0.003267,0.482252,0.611025,-0.030499,0.414797,0.547222,-0.025092,0.377027,0.515764,-0.022866,0.348890,0.484942,-0.024598,0.516160,0.559617,-0.012868,0.461741,0.595027,-0.000981,0.468537,0.654314,0.010926,0.488298,0.681012,0.015849,0.540942,0.548650,0.004978,0.490252,0.587311,0.012652,0.493314,0.637438,0.016265,0.510662,0.663483,0.015873,0.561612,0.551623,0.021838,0.520216,0.579834,0.026766,0.519171,0.616435,0.028563,0.533976,0.643922,0.028996
747,1695021710.725477,0,-20.2241,-20.2241,-0.0887,-8.5516,19.1044,1325.9133,23.7228,5529.0769,2.1220,146.3048,78.7040,119.1896,127.5115,130.6803,133.8167,0.017109,0.596635,0.778689,-0.000000,0.526370,0.816892,-0.019392,0.454329,0.771404,-0.016658,0.420455,0.693043,-0.004902,0.437473,0.641564,0.007745,0.479606,0.617331,-0.031492,0.412673,0.554511,-0.027040,0.374280,0.523386,-0.025285,0.345359,0.492501,-0.027113,0.512486,0.563223,-0.014375,0.459467,0.602172,-0.002718,0.466239,0.662197,0.009543,0.486083,0.688419,0.014685,0.536645,0.550003,0.002996,0.487209,0.592236,0.010309,0.490418,0.642435,0.014079,0.507561,0.667760,0.013691,0.556431,0.552249,0.019388,0.515895,0.583713,0.023359,0.514900,0.621925,0.024884,0.529315,0.650558,0.025207
748,1695021710.733810,0,27.7043,27.7043,11.3663,11.4550,20.5281,1568.7422,63.7480,5746.3569,2.9276,151.1798,74.7097,125.0558,133.4145,136.5702,139.4043,0.016224,0.594405,0.781531,-0.000000,0.523348,0.818894,-0.020332,0.454233,0.775875,-0.018944,0.420586,0.699064,-0.007861,0.434590,0.643369,0.004179,0.475876,0.619255,-0.035858,0.408642,0.555512,-0.032238,0.370559,0.524525,-0.030878,0.341442,0.494315,-0.032722,0.509466,0.566468,-0.017564,0.455640,0.601467,-0.005158,0.462410,0.660090,0.007874,0.481361,0.686397,0.012991,0.534261,0.553948,0.001134,0.483051,0.591417,0.008774,0.486743,0.641961,0.012840,0.503389,0.667749,0.012381,0.554030,0.555581,0.019091,0.512158,0.583325,0.023604,0.511228,0.621164,0.025649,0.525160,0.648710,0.026159
749,1695021710.742143,0,-18.6710,-18.6710,-10.3904,-21.7567,20.7384,1640.0250,39.6710,5766.7143,1.7607,142.7261,65.0194,130.0840,138.8243,141.7721,143.8213,0.014201,0.592678,0.781213,-0.000000,0.521988,0.820108,-0.019993,0.450513,0.774813,-0.017212,0.417921,0.698533,-0.004729,0.436668,0.649990,0.008434,0.473846,0.620449,-0.031832,0.407502,0.559981,-0.024440,0.369041,0.531891,-0.021921,0.339436,0.502824,-0.023611,0.506700,0.566743,-0.013205,0.455644,0.609741,0.002395,0.462067,0.670054,0.015195,0.480417,0.694630,0.020009,0.531320,0.555789,0.006045,0.483633,0.599196,0.017442,0.486834,0.648058,0.020389,0.503294,0.670495,0.018531,0.551384,0.559282,0.024409,0.513395,0.591787,0.032123,0.512933,0.628296,0.034276,0.527593,0.653919,0.034308
750,1695021710.750477,0,-23.8019,-23.8019,-9.9352,0.4552,21.3219,1750.9087,71.5702,5830.1092,2.2339,145.0463,58.8258,134.5645,142.4866,144.8457,146.1970,0.012792,0.588260,0.777320,-0.000000,0.519198,0.819970,-0.020652,0.449219,0.779276,-0.021789,0.415726,0.701036,-0.015104,0.434888,0.650285,-0.007817,0.471593,0.623387,-0.029480,0.406597,0.564256,-0.027115,0.367776,0.534124,-0.026889,0.339291,0.505205,-0.029684,0.504897,0.569688,-0.014563,0.455698,0.610574,-0.007057,0.462952,0.668410,0.002940,0.483639,0.693260,0.007543,0.531013,0.557211,0.000231,0.484831,0.596747,0.003489,0.488803,0.645605,0.007245,0.507115,0.669808,0.008168,0.554041,0.559674,0.013849,0.515931,0.589351,0.015985,0.516635,0.625032,0.018539,0.532780,0.650019,0.020294
751,1695021710.758810,1,9.7767,9.7767,7.5002,17.4354,20.2983,1561.5678,75.9923,5678.7623,2.2070,146.0116,58.4128,133.5996,141.4757,143.0908,143.6193,0.011737,0.591469,0.781071,-0.000000,0.520367,0.820616,-0.019120,0.448808,0.777928,-0.016500,0.415151,0.701928,-0.004930,0.434414,0.652140,0.007261,0.468257,0.625100,-0.028146,0.403705,0.566264,-0.019329,0.367591,0.537837,-0.014985,0.340481,0.507540,-0.015278,0.501161,0.572389,-0.010813,0.451956,0.609475,0.004055,0.459259,0.667276,0.016068,0.478493,0.692326,0.021030,0.527056,0.559928,0.007102,0.480562,0.597653,0.017489,0.484547,0.646800,0.019624,0.501301,0.670567,0.017832,0.548876,0.561107,0.024248,0.510243,0.590545,0.031866,0.510084,0.626417,0.033870,0.525166,0.651847,0.033998
752,1695021710.767143,1,11.7317,11.7317,-3.9932,-11.4933,19.5284,720.1121,24.8690,5905.9836,1.1348,147.8086,58.0782,135.5120,142.4319,143.4616,143.3413,0.011623,0.590873,0.783439,-0.000000,0.520693,0.820540,-0.017714,0.448665,0.777981,-0.014302,0.414763,0.703973,-0.002503,0.433652,0.656205,0.009888,0.468251,0.626660,-0.027287,0.404063,0.568374,-0.019445,0.367730,0.539515,-0.015539,0.340762,0.509378,-0.016146,0.501238,0.573728,-0.011441,0.454501,0.613844,0.002227,0.461728,0.671451,0.013826,0.480430,0.696005,0.018448,0.527469,0.560986,0.004970,0.483230,0.600669,0.014273,0.486946,0.649050,0.016957,0.503117,0.672754,0.015560,0.549726,0.563280,0.020548,0.513456,0.591966,0.027089,0.513234,0.627536,0.029161,0.528061,0.653508,0.029446
753,1695021710.775477,1,10.3635,10.3635,7.2586,11.2518,15.7053,1317.1027,47.2895,5645.4812,0.3829,151.1559,59.2895,134.4040,142.2159,144.0180,144.3914,0.011750,0.591661,0.785192,-0.000000,0.520401,0.822385,-0.018046,0.447835,0.777176,-0.014271,0.415699,0.700939,-0.001763,0.437132,0.655014,0.011320,0.468756,0.627114,-0.026624,0.404594,0.568491,-0.018030,0.368217,0.539456,-0.014378,0.341041,0.508488,-0.015307,0.501774,0.574077,-0.010071,0.454256,0.613565,0.004908,0.462139,0.672216,0.016438,0.481202,0.696788,0.020923,0.527596,0.561664,0.007057,0.483204,0.601083,0.017747,0.487710,0.650679,0.019897,0.504395,0.673727,0.017942,0.549720,0.563548,0.023361,0.512988,0.592479,0.031170,0.513424,0.628167,0.033328,0.528732,0.653796,0.033466
754,1695021710.783810,1,21.6320,21.6320,11.3585,4.0999,15.4832,1238.4849,76.4016,5590.6205,1.4152,151.6335,57.8671,134.7231,142.6852,144.6272,145.4886,0.011454,0.590556,0.785724,-0.000000,0.520395,0.821756,-0.018863,0.450952,0.777013,-0.015417,0.417124,0.704434,-0.002448,0.431433,0.656567,0.011310,0.471366,0.627887,-0.032490,0.407028,0.568207,-0.027220,0.369836,0.537867,-0.025505,0.341446,0.507566,-0.027274,0.504183,0.573746,-0.014475,0.452809,0.610057,0.000788,0.458671,0.667435,0.014277,0.476548,0.692862,0.019347,0.529308,0.560516,0.003982,0.480671,0.598888,0.014099,0.483141,0.646518,0.017561,0.498592,0.670633,0.016238,0.549576,0.562533,0.021726,0.509624,0.590238,0.027957,0.507936,0.625968,0.029881,0.521301,0.653649,0.029855
755,1695021710.792143,1,-30.8970,-30.8970,-10.1684,-21.5269,18.2262,1065.3188,63.2723,5591.2821,1.7543,154.3094,60.3384,135.0274,141.6237,142.3875,141.9976,0.011324,0.589586,0.781623,-0.000000,0.520030,0.819150,-0.021359,0.451150,0.775543,-0.021439,0.418111,0.699336,-0.012587,0.434850,0.652261,-0.003067,0.474020,0.625653,-0.035195,0.409006,0.566766,-0.033026,0.371310,0.536474,-0.032472,0.343084,0.506661,-0.034982,0.506715,0.572282,-0.018668,0.454839,0.612985,-0.009684,0.461216,0.670679,0.001913,0.480148,0.695975,0.006930,0.531226,0.559788,-0.002031,0.482891,0.601285,0.002689,0.485829,0.648935,0.006825,0.502168,0.673327,0.007293,0.551254,0.563967,0.013470,0.512262,0.594107,0.015507,0.511493,0.629460,0.017293,0.525541,0.656598,0.018213
756,1695021710.800477,1,15.6134,15.6134,0.9704,11.1388,18.7060,197.2074,82.0313,5353.2724,2.6497,149.5571,61.7933,130.5526,137.8391,139.4149,140.1065,0.011481,0.591902,0.783300,-0.000000,0.522368,0.819057,-0.019589,0.452771,0.773899,-0.017915,0.418867,0.698959,-0.007606,0.437528,0.653171,0.003335,0.474146,0.623441,-0.029770,0.410868,0.563877,-0.023417,0.373944,0.534306,-0.020769,0.346160,0.504280,-0.022349,0.506466,0.571351,-0.013135,0.456641,0.611078,0.000666,0.462487,0.667913,0.012506,0.480128,0.692115,0.016838,0.531624,0.559464,0.003881,0.485388,0.599943,0.013558,0.487762,0.647263,0.017099,0.502644,0.670325,0.015922,0.552643,0.563084,0.019815,0.514689,0.592085,0.026497,0.513036,0.626961,0.028854,0.525952,0.653943,0.029166
757,1695021710.808810,1,12.5496,12.5496,0.5465,-0.4239,18.7616,379.8885,53.4246,5394.9427,2.9702,151.2130,67.7173,127.5216,133.6697,134.6788,135.3352,0.012431,0.593467,0.784238,-0.000000,0.523727,0.816538,-0.018022,0.454462,0.771023,-0.013554,0.421515,0.699772,0.000034,0.439078,0.655725,0.014401,0.476743,0.620153,-0.029210,0.411543,0.561555,-0.021525,0.375183,0.532292,-0.017588,0.348052,0.500693,-0.018031,0.509887,0.570993,-0.011565,0.459486,0.607483,0.003625,0.466997,0.664846,0.016403,0.485766,0.688348,0.021311,0.534864,0.560275,0.006705,0.488093,0.597773,0.017608,0.492062,0.645828,0.020591,0.508504,0.668467,0.018877,0.554991,0.564157,0.024147,0.518023,0.589939,0.030984,0.517867,0.625503,0.032157,0.532593,0.652812,0.031575
758,1695021710.817143,1,-22.1588,-22.1588,-10.9477,-11.4942,21.5068,1024.3767,45.3239,5343.9012,2.2293,154.5401,69.3652,125.4368,129.7972,129.2892,128.5774,0.010834,0.593547,0.780322,-0.000000,0.524186,0.815078,-0.019112,0.455667,0.768729,-0.017839,0.423752,0.694347,-0.008360,0.441120,0.649620,0.001844,0.480518,0.616776,-0.030151,0.417861,0.559085,-0.026968,0.381185,0.528433,-0.026170,0.354135,0.498174,-0.028647,0.514371,0.566208,-0.015016,0.464920,0.606040,-0.005103,0.470795,0.661909,0.006081,0.489494,0.685163,0.010688,0.539516,0.556556,0.000148,0.493322,0.596124,0.005658,0.495365,0.642587,0.009519,0.510922,0.664726,0.009616,0.559566,0.563266,0.014230,0.521731,0.591543,0.017304,0.521163,0.626030,0.019388,0.535078,0.652239,0.020270
759,1695021710.825477,1,-26.3622,-26.3622,1.1337,12.0814,20.0821,648.6936,32.7280,5044.0994,2.3589,157.8943,76.3715,120.5715,124.3234,123.8962,123.7470,0.011300,0.594323,0.779268,-0.000000,0.525173,0.811920,-0.021062,0.457051,0.761979,-0.020257,0.424614,0.687482,-0.010497,0.444076,0.647273,-0.000009,0.484196,0.614027,-0.032801,0.420822,0.558424,-0.030151,0.384454,0.527571,-0.030225,0.358075,0.494789,-0.033345,0.517535,0.565424,-0.016157,0.467420,0.601821,-0.006329,0.473682,0.658633,0.004820,0.492420,0.681826,0.009553,0.542036,0.557182,0.000544,0.495617,0.592272,0.006735,0.497538,0.639561,0.010578,0.513535,0.661149,0.010682,0.562040,0.564282,0.016004,0.524710,0.588342,0.019605,0.523927,0.622393,0.021452,0.538751,0.647474,0.022044
760,1695021710.833810,1,21.7550,21.7550,1.5354,0.4017,20.2985,817.6431,48.3615,5131.3385,2.5237,160.3727,81.8177,117.6400,119.1690,118.1884,119.2440,0.010924,0.597883,0.782545,-0.000000,0.528373,0.812569,-0.018663,0.461514,0.763115,-0.015034,0.429496,0.690292,-0.002049,0.444292,0.641944,0.011846,0.484096,0.611717,-0.030153,0.423042,0.553256,-0.025420,0.388203,0.522818,-0.025006,0.362551,0.490452,-0.027887,0.519352,0.565713,-0.012713,0.468749,0.599940,0.002697,0.475173,0.660407,0.015242,0.493149,0.686063,0.019332,0.545627,0.558042,0.004962,0.497388,0.592463,0.016070,0.500149,0.643475,0.020104,0.515543,0.666706,0.018631,0.566920,0.564549,0.021685,0.527881,0.589435,0.028349,0.526749,0.627143,0.030589,0.540344,0.655377,0.030632
761,1695021710.842143,1,13.1620,13.1620,0.1531,-1.3823,19.9488,778.0433,55.6313,5349.0658,2.7422,158.8194,86.5702,112.4568,113.5649,111.8489,112.4180,0.010405,0.600908,0.781260,-0.000000,0.530694,0.810577,-0.018464,0.463658,0.761004,-0.014746,0.432456,0.689667,-0.002154,0.447533,0.642900,0.011351,0.487841,0.605690,-0.027912,0.427123,0.548559,-0.021856,0.392563,0.520492,-0.019875,0.368080,0.489497,-0.021677,0.523525,0.561159,-0.011219,0.472855,0.598655,0.003590,0.478411,0.660681,0.015828,0.497259,0.686522,0.020142,0.550239,0.555071,0.005625,0.502141,0.591582,0.015641,0.504167,0.643402,0.019160,0.519856,0.666569,0.017779,0.571909,0.563632,0.021505,0.533189,0.590213,0.027478,0.531839,0.627764,0.029330,0.545605,0.656647,0.029324
762,1695021710.850477,1,-19.1880,-19.1880,0.7427,0.5896,19.9279,641.3295,57.7671,5442.0167,3.1234,154.0216,86.1293,109.9075,109.6743,106.8357,107.1307,0.009062,0.600086,0.774652,-0.000000,0.531311,0.803936,-0.020132,0.466348,0.753503,-0.018622,0.434933,0.681080,-0.008121,0.451205,0.639679,0.003057,0.492698,0.602562,-0.031396,0.432548,0.549162,-0.027683,0.397615,0.520483,-0.027737,0.372644,0.489343,-0.030862,0.527978,0.558815,-0.014525,0.480156,0.592456,-0.001913,0.483761,0.651068,0.009748,0.500784,0.676036,0.014089,0.554511,0.555216,0.002520,0.508861,0.585298,0.010834,0.508945,0.633670,0.014430,0.523859,0.655982,0.013640,0.575643,0.565567,0.018523,0.539545,0.587775,0.023085,0.537693,0.622427,0.024907,0.551524,0.648216,0.025218
763,1695021710.858810,1,17.0446,17.0446,10.8517,10.1090,19.9598,627.5514,23.6086,4204.3856,2.2347,152.5787,92.7811,106.7869,104.0015,99.5865,99.6169,0.008754,0.603957,0.779829,-0.000000,0.534352,0.805942,-0.020069,0.468350,0.749545,-0.018035,0.438571,0.671871,-0.006681,0.457955,0.631461,0.005631,0.498274,0.603143,-0.031229,0.437774,0.545385,-0.026427,0.402855,0.515257,-0.025847,0.377442,0.483591,-0.028629,0.533872,0.557104,-0.013671,0.483715,0.584933,0.000976,0.487464,0.642836,0.013134,0.503986,0.669351,0.017528,0.559340,0.550831,0.004101,0.512757,0.580246,0.014431,0.512419,0.628503,0.017380,0.526126,0.652336,0.015805,0.579279,0.559189,0.020849,0.541493,0.578502,0.028014,0.538831,0.612125,0.030074,0.551134,0.640529,0.029992
764,1695021710.867143,1,12.7393,12.7393,-2.2539,-13.1056,14.5136,742.5396,41.4609,4034.8724,2.0460,155.0293,101.9333,101.0650,95.4901,90.8048,92.8755,0.009880,0.605759,0.775415,-0.000000,0.535799,0.800829,-0.019048,0.470647,0.746953,-0.015492,0.442095,0.671873,-0.002672,0.460061,0.627803,0.011003,0.498312,0.595681,-0.028747,0.439780,0.538178,-0.022085,0.405999,0.509195,-0.020697,0.381426,0.477171,-0.023271,0.534821,0.553128,-0.011346,0.486004,0.584165,0.005158,0.489732,0.643182,0.017407,0.506457,0.668734,0.021209,0.561832,0.549805,0.006345,0.514993,0.579641,0.018069,0.515400,0.630195,0.021128,0.529875,0.653803,0.018938,0.583349,0.559256,0.023012,0.545058,0.580238,0.029574,0.542903,0.616708,0.030893,0.556107,0.645543,0.030191
765,1695021710.875477,1,-6.9707,-6.9707,-5.0332,-2.7792,14.0460,626.6819,47.6543,3903.3749,2.3383,156.3125,106.0317,99.3031,91.5734,85.3166,86.2054,0.008559,0.608850,0.774558,-0.000000,0.538747,0.798094,-0.018826,0.473975,0.742871,-0.015233,0.445832,0.669808,-0.002640,0.461847,0.625357,0.010845,0.501763,0.590746,-0.027624,0.443242,0.532330,-0.020164,0.409875,0.504893,-0.017410,0.386294,0.474542,-0.018705,0.538518,0.550155,-0.010516,0.488787,0.580512,0.005467,0.491860,0.641208,0.017618,0.509173,0.669100,0.021859,0.565502,0.547793,0.006872,0.517600,0.575885,0.017387,0.517679,0.627832,0.019820,0.531988,0.652300,0.017729,0.586479,0.558051,0.023417,0.547577,0.578954,0.029640,0.544991,0.616240,0.030967,0.557463,0.646063,0.030451
766,1695021710.883810,1,21.1057,21.1057,10.0734,15.1066,15.4448,969.6743,50.2949,3922.0964,2.0334,160.3704,114.0804,92.8574,82.0356,75.1342,78.9066,0.008965,0.612669,0.771786,-0.000000,0.541525,0.793580,-0.017149,0.479150,0.738337,-0.013084,0.451811,0.666547,0.000386,0.464445,0.625502,0.014785,0.507511,0.589897,-0.031517,0.448921,0.529948,-0.027986,0.414961,0.499272,-0.028611,0.390518,0.466783,-0.031685,0.543958,0.548429,-0.014460,0.493733,0.581711,0.001305,0.496070,0.647060,0.013863,0.512703,0.677209,0.017816,0.570057,0.544481,0.003039,0.521317,0.574805,0.013430,0.520728,0.629388,0.016488,0.535335,0.656452,0.014603,0.590027,0.553594,0.020014,0.550560,0.575907,0.026557,0.546805,0.614489,0.028833,0.558529,0.645623,0.028960
767,1695021710.892143,1,16.7264,16.7264,-0.0795,-10.1530,9.9101,961.7565,44.6165,3849.6499,2.2932,157.1258,120.1175,94.6294,82.1704,72.1084,71.0162,0.006654,0.614653,0.766588,-0.000000,0.543610,0.789637,-0.019787,0.481964,0.731711,-0.018041,0.455156,0.658395,-0.006933,0.468876,0.617105,0.005251,0.512326,0.581902,-0.031640,0.452955,0.523715,-0.026484,0.418834,0.495913,-0.024977,0.396116,0.463930,-0.026787,0.550075,0.544247,-0.014338,0.499219,0.571279,-0.000072,0.500873,0.631795,0.011628,0.518359,0.660073,0.015612,0.576935,0.544160,0.003357,0.528514,0.563998,0.012015,0.527021,0.615936,0.014767,0.541363,0.642187,0.013345,0.596962,0.556131,0.020288,0.557759,0.571740,0.025620,0.553485,0.608386,0.027532,0.564780,0.638332,0.027722
768,1695021710.900477,1,11.8860,11.8860,-0.2133,-0.1338,9.6086,885.5634,11.5217,3952.2150,2.3877,155.1759,127.8328,92.4247,74.2176,60.4565,61.8742,0.006457,0.616597,0.769017,-0.000000,0.546822,0.785848,-0.018022,0.485824,0.727240,-0.015507,0.458102,0.655533,-0.003752,0.471134,0.615319,0.009016,0.515768,0.577733,-0.030476,0.458495,0.518804,-0.024875,0.425045,0.489039,-0.023937,0.401928,0.457619,-0.026027,0.553856,0.540118,-0.013093,0.505146,0.565855,0.003076,0.505543,0.624469,0.015137,0.521211,0.654560,0.019090,0.581303,0.540501,0.004913,0.534446,0.560344,0.015691,0.531982,0.610027,0.017976,0.544651,0.636357,0.015819,0.601142,0.552325,0.022403,0.563456,0.566230,0.029737,0.558593,0.601230,0.031809,0.568669,0.630969,0.031701
769,1695021710.908810,1,-10.2736,-10.2736,-0.8257,-0.6124,12.7258,1064.8889,3.7534,4123.0856,2.0753,151.6860,136.7501,91.6353,70.5752,54.4328,54.5247,0.006020,0.620834,0.769252,-0.000000,0.549687,0.784870,-0.018351,0.487211,0.722475,-0.016417,0.460676,0.646590,-0.005909,0.475701,0.608856,0.005677,0.522375,0.574700,-0.029814,0.462869,0.516134,-0.025674,0.429189,0.486723,-0.024682,0.407022,0.453923,-0.026742,0.560361,0.538340,-0.014329,0.509081,0.563474,-0.002482,0.509234,0.623343,0.008206,0.525610,0.652009,0.012141,0.586785,0.538395,0.001554,0.538032,0.559586,0.008405,0.535221,0.609365,0.011356,0.548487,0.634944,0.010658,0.606176,0.551223,0.016651,0.566283,0.566120,0.021267,0.561118,0.601966,0.023683,0.571303,0.632654,0.024552
770,1695021710.917143,1,-15.0203,-15.0203,-9.0315,-8.2058,14.6857,1282.2383,16.0638,3819.1749,2.0336,157.4877,146.6937,88.6667,64.1725,45.6393,47.4656,0.005571,0.620864,0.768287,-0.000000,0.550141,0.780006,-0.017786,0.487716,0.713657,-0.014698,0.463423,0.634306,-0.002393,0.481880,0.593205,0.011079,0.523049,0.570933,-0.030120,0.467811,0.507299,-0.026764,0.434871,0.476648,-0.027792,0.412063,0.443603,-0.031364,0.561444,0.535430,-0.013831,0.512025,0.555676,0.001463,0.512711,0.613600,0.013478,0.528198,0.640790,0.017286,0.588141,0.536525,0.002651,0.540469,0.556268,0.013104,0.538597,0.606434,0.016317,0.551596,0.630475,0.014540,0.608155,0.549187,0.018238,0.569150,0.564251,0.024537,0.564538,0.600396,0.026504,0.574467,0.630946,0.026318
771,1695021710.925477,1,10.4791,10.4791,-1.5618,7.4697,12.8370,1135.5635,5.8881,3852.1366,1.8790,156.5409,156.6104,89.1001,58.9401,35.3062,39.3085,0.004986,0.623923,0.767506,-0.000000,0.553141,0.777636,-0.019347,0.491703,0.709463,-0.016307,0.467400,0.630144,-0.003368,0.485329,0.591027,0.010995,0.529964,0.566429,-0.033188,0.473758,0.501876,-0.029774,0.441099,0.470283,-0.029788,0.419655,0.437100,-0.032206,0.568244,0.533080,-0.015197,0.517987,0.554503,-0.000850,0.517226,0.614020,0.011321,0.532700,0.643582,0.015740,0.594039,0.535216,0.003131,0.546133,0.554398,0.012459,0.542939,0.605406,0.014936,0.555283,0.631938,0.013235,0.612923,0.548081,0.020698,0.575184,0.563854,0.026579,0.569969,0.599736,0.027957,0.579094,0.631031,0.027686
772,1695021710.933810,1,8.5115,8.5115,-0.8436,0.7182,11.3882,1283.2820,18.5666,4117.3273,2.2040,164.0116,168.3802,85.8919,52.3873,25.5786,36.5355,0.005536,0.624769,0.764776,-0.000000,0.553401,0.772782,-0.016302,0.492810,0.702808,-0.011549,0.469333,0.623137,0.003734,0.488458,0.583987,0.020271,0.529811,0.563177,-0.033401,0.476353,0.491984,-0.027228,0.445604,0.459412,-0.026565,0.424744,0.424592,-0.028915,0.568491,0.531450,-0.014085,0.519445,0.543113,0.007335,0.519840,0.600834,0.022493,0.534273,0.629819,0.027061,0.594885,0.534898,0.006098,0.547568,0.546809,0.022453,0.546308,0.598773,0.024684,0.559313,0.625274,0.020519,0.614395,0.546345,0.025967,0.576909,0.557629,0.036584,0.573159,0.594290,0.037503,0.583211,0.625662,0.035302
773,1695021710.942143,1,-4.1743,-4.1743,1.5248,2.3684,10.0885,1228.0807,36.0585,5738.2616,1.9091,160.3835,177.3354,90.6058,52.7732,18.8840,31.7292,0.004651,0.626511,0.763405,-0.000000,0.555417,0.770802,-0.018031,0.494346,0.698075,-0.015513,0.472865,0.613906,-0.004565,0.494554,0.575845,0.007509,0.537497,0.560660,-0.028327,0.484568,0.489551,-0.024159,0.452918,0.454866,-0.022962,0.432045,0.420719,-0.024947,0.575585,0.528069,-0.013343,0.524784,0.546781,-0.002370,0.522988,0.604067,0.008031,0.538296,0.632817,0.012159,0.601215,0.529841,0.001837,0.552246,0.549724,0.008298,0.548640,0.599477,0.010827,0.561384,0.625010,0.009921,0.619878,0.543079,0.016083,0.579462,0.558307,0.019943,0.574873,0.594855,0.021517,0.585206,0.625064,0.021886
774,1695021710.950477,1,7.3126,7.3126,5.5832,4.0584,9.6815,2307.1154,2.6497,6468.8499,1.8362,163.8218,190.8829,89.0293,47.1966,7.7127,36.2361,0.005159,0.626648,0.765252,-0.000000,0.556547,0.769433,-0.019041,0.496161,0.695304,-0.020103,0.473826,0.608297,-0.013293,0.498506,0.577284,-0.005772,0.540804,0.559243,-0.030886,0.487487,0.482003,-0.026941,0.457595,0.444611,-0.025043,0.438480,0.407924,-0.026900,0.579600,0.527719,-0.015981,0.528021,0.541944,-0.008328,0.527103,0.598776,0.001717,0.542490,0.628464,0.006436,0.605590,0.530825,-0.000524,0.556202,0.550597,0.004724,0.553434,0.598573,0.008352,0.566771,0.625657,0.008564,0.624027,0.545370,0.013892,0.585170,0.561704,0.016889,0.581990,0.596682,0.018249,0.593073,0.624729,0.018801
775,1695021710.958810,0,-0.2261,-0.2261,-2.6763,-8.2595,5.6082,1251.6352,37.9574,8240.9483,2.2219,154.3040,196.8016,95.1516,53.0674,15.3969,30.8557,0.002718,0.629549,0.767941,-0.000000,0.558448,0.769668,-0.019815,0.498253,0.690930,-0.018488,0.479026,0.602221,-0.008251,0.503316,0.565665,0.003305,0.545982,0.554806,-0.030572,0.494548,0.474526,-0.025101,0.464387,0.438767,-0.022093,0.444892,0.404186,-0.022989,0.585630,0.525035,-0.014604,0.532450,0.534173,-0.003248,0.529888,0.590728,0.008043,0.544721,0.621588,0.012725,0.610910,0.528201,0.001526,0.559995,0.541697,0.008323,0.556075,0.591260,0.010831,0.568031,0.619061,0.009700,0.628779,0.542100,0.016636,0.587464,0.552422,0.020436,0.582651,0.588368,0.021260,0.591637,0.619990,0.020912
776,1695021710.967143,0,0.7545,0.7545,-1.9393,0.7371,4.7813,1231.1846,9.8110,6561.9244,2.5568,153.6705,207.8787,95.4754,52.2485,18.0072,38.5414,0.003066,0.631861,0.762738,-0.000000,0.561348,0.765678,-0.019530,0.501619,0.688850,-0.018038,0.481063,0.600722,-0.007804,0.504510,0.566377,0.003590,0.548805,0.554320,-0.031154,0.498624,0.469520,-0.025611,0.468792,0.430346,-0.021807,0.448912,0.394165,-0.021907,0.587671,0.523607,-0.014903,0.535222,0.534842,-0.004189,0.532541,0.591170,0.007764,0.547393,0.623254,0.013427,0.612836,0.526511,0.001629,0.562670,0.544800,0.007845,0.559234,0.593144,0.010634,0.571514,0.621125,0.010218,0.630887,0.540261,0.017217,0.590687,0.555459,0.021095,0.586833,0.590250,0.022150,0.596583,0.620796,0.022260
777,1695021710.975477,0,9.6139,9.6139,3.4470,5.3863,5.0729,1148.1757,38.9431,5963.1336,2.2352,152.0015,212.8702,96.7139,52.6309,21.4338,42.3907,0.002804,0.635282,0.766331,-0.000000,0.562836,0.765284,-0.019250,0.503277,0.684045,-0.016793,0.485174,0.595290,-0.004981,0.509734,0.560244,0.008116,0.552366,0.548567,-0.030582,0.501689,0.462055,-0.022197,0.471427,0.423814,-0.017164,0.451760,0.387387,-0.016885,0.592397,0.521315,-0.013382,0.537884,0.530700,0.001184,0.535055,0.588803,0.014104,0.550242,0.621686,0.019413,0.617063,0.527096,0.004264,0.565488,0.540694,0.014423,0.561881,0.591399,0.016833,0.573932,0.620476,0.014802,0.634068,0.542087,0.020986,0.593635,0.552922,0.027556,0.589587,0.588518,0.028335,0.598687,0.620318,0.027320
778,1695021710.983810,0,-12.4180,-12.4180,-4.9326,-8.3797,7.6896,910.8865,0.8964,5363.1488,3.2751,146.2531,221.4087,101.7983,57.2373,30.3538,51.6215,0.002869,0.637108,0.766322,-0.000000,0.565643,0.765279,-0.021236,0.506742,0.683986,-0.019214,0.487292,0.594881,-0.007283,0.510218,0.560352,0.006205,0.556303,0.547453,-0.031987,0.505867,0.458745,-0.023955,0.476602,0.418999,-0.018903,0.457459,0.382046,-0.018146,0.596414,0.520548,-0.013028,0.540692,0.527903,0.001321,0.536850,0.586142,0.014181,0.551107,0.620491,0.019935,0.620222,0.525850,0.006272,0.567604,0.539053,0.015626,0.563277,0.589878,0.017200,0.574767,0.619149,0.015313,0.636128,0.539764,0.024714,0.595269,0.548610,0.031220,0.590320,0.584039,0.031776,0.598291,0.616778,0.030985
779,1695021710.992143,0,2.9386,2.9386,0.7912,5.7238,7.1526,3024.9840,36.0509,5147.5302,2.6711,154.3866,229.6773,100.3849,56.6209,34.9026,58.8860,0.004227,0.638927,0.766188,-0.000000,0.568198,0.763355,-0.022800,0.509834,0.683179,-0.022406,0.489060,0.593740,-0.011906,0.509539,0.556499,-0.000089,0.560884,0.548611,-0.038132,0.508531,0.452798,-0.033125,0.478618,0.408215,-0.029262,0.458511,0.368711,-0.029112,0.601159,0.519189,-0.019060,0.542550,0.527993,-0.007576,0.538650,0.586061,0.005820,0.553107,0.620610,0.012091,0.624529,0.523090,0.000348,0.568618,0.540280,0.006979,0.564645,0.589627,0.010186,0.576060,0.619334,0.009787,0.638953,0.537651,0.018771,0.597153,0.548861,0.022490,0.592607,0.583620,0.023428,0.600482,0.616005,0.023412
780,1695021711.000477,0,-8.5523,-8.5523,-2.3267,-3.1179,7.9653,848.1237,37.9900,4871.8062,2.9026,141.6798,234.9513,111.0016,67.2758,43.6496,60.7953,0.002205,0.638412,0.764598,-0.000000,0.568580,0.762038,-0.022482,0.510333,0.679772,-0.023487,0.490149,0.587118,-0.015856,0.513554,0.556195,-0.007105,0.564286,0.546107,-0.032570,0.514255,0.453401,-0.028188,0.485241,0.409411,-0.024974,0.465660,0.371637,-0.025357,0.604374,0.517167,-0.015453,0.546661,0.527892,-0.007737,0.540660,0.585718,0.002934,0.554115,0.620566,0.008511,0.627756,0.521782,0.001773,0.572603,0.540623,0.005383,0.566211,0.588278,0.008309,0.577351,0.617429,0.008904,0.642528,0.537340,0.017881,0.599430,0.549562,0.020575,0.593342,0.584040,0.022230,0.601754,0.615850,0.023354
781,1695021711.008810,0,2.7468,2.7468,-1.7168,0.6099,8.1182,3038.3470,45.4075,5211.4171,2.6559,148.4329,236.7004,106.1237,63.4121,43.4865,63.2726,0.003263,0.640777,0.764753,-0.000000,0.571249,0.758571,-0.024785,0.513065,0.677569,-0.026523,0.492449,0.586334,-0.018877,0.513069,0.550797,-0.009847,0.569476,0.545932,-0.037840,0.516499,0.447043,-0.036107,0.485552,0.400955,-0.034030,0.463874,0.362543,-0.034666,0.608869,0.517353,-0.019727,0.547028,0.529761,-0.014751,0.541126,0.588930,-0.003990,0.554664,0.624834,0.002049,0.630547,0.520630,-0.001686,0.571537,0.540529,-0.000786,0.565845,0.589530,0.002511,0.576563,0.619525,0.003910,0.643250,0.534966,0.015125,0.598427,0.548705,0.015527,0.592275,0.583897,0.017065,0.599864,0.615814,0.018599
782,1695021711.017143,0,2.5724,2.5724,3.7476,5.4644,6.6004,765.6467,12.3026,5901.8362,2.4764,154.0818,239.1628,108.6299,65.9802,45.7415,63.7033,0.002625,0.641786,0.766469,-0.000000,0.571949,0.758219,-0.024480,0.513234,0.675057,-0.025646,0.493610,0.582913,-0.017331,0.515996,0.551559,-0.007604,0.570246,0.543936,-0.037373,0.520170,0.444439,-0.036241,0.489743,0.397362,-0.035268,0.466972,0.358307,-0.036720,0.610274,0.514742,-0.019037,0.548685,0.526413,-0.013209,0.541856,0.587034,-0.002113,0.554391,0.623998,0.003977,0.632175,0.518497,-0.000856,0.573077,0.539177,0.000950,0.566414,0.588126,0.004338,0.576845,0.618624,0.005669,0.645195,0.533834,0.016069,0.599745,0.547579,0.017282,0.592945,0.582752,0.019059,0.600433,0.615592,0.020631
783,1695021711.025477,0,-1.6684,-1.6684,-1.1518,-4.8994,4.4261,480.3437,17.0365,5180.6476,2.9704,155.4923,243.6242,109.8069,67.3005,49.2152,69.4672,0.002888,0.642235,0.767326,-0.000000,0.573880,0.756759,-0.026100,0.515594,0.674111,-0.026941,0.494460,0.582641,-0.017415,0.515208,0.548378,-0.006151,0.573006,0.543360,-0.039668,0.521726,0.441148,-0.037777,0.491514,0.394082,-0.035612,0.468802,0.354223,-0.035847,0.611846,0.515402,-0.019248,0.547219,0.527820,-0.012640,0.540827,0.590068,-0.000994,0.554227,0.626612,0.005559,0.632074,0.517690,0.001110,0.570557,0.538630,0.003030,0.564027,0.589976,0.005551,0.574446,0.619895,0.006525,0.643773,0.530318,0.020376,0.597434,0.541983,0.021915,0.589931,0.578274,0.023258,0.596571,0.611562,0.024642
784,1695021711.033810,0,-10.8844,-10.8844,-0.5830,0.5687,5.6341,3297.0891,28.2153,4667.4106,2.1100,161.3526,247.2950,108.8170,67.1547,51.2200,72.3542,0.002900,0.644530,0.764309,-0.000000,0.575042,0.756522,-0.027111,0.516636,0.672685,-0.028758,0.496707,0.579746,-0.019656,0.517707,0.542301,-0.008986,0.574330,0.544778,-0.043672,0.522150,0.439039,-0.042067,0.492216,0.389827,-0.039651,0.469969,0.347250,-0.040148,0.613715,0.514203,-0.023153,0.549193,0.524273,-0.016488,0.544541,0.586074,-0.003828,0.558533,0.621705,0.002894,0.634047,0.514872,-0.002682,0.572773,0.534078,-0.000479,0.568585,0.585794,0.003431,0.579598,0.615733,0.004685,0.645276,0.526628,0.016492,0.599440,0.538579,0.017086,0.594273,0.575099,0.018370,0.601623,0.607970,0.019475
785,1695021711.042143,0,-1.8250,-1.8250,-1.1429,-0.5599,4.9464,3100.6974,76.8223,5108.6179,2.3222,163.2106,249.1367,108.9690,67.3421,53.2299,76.2405,0.003213,0.646919,0.766262,-0.000000,0.576629,0.758206,-0.026926,0.517753,0.673462,-0.027467,0.497263,0.579471,-0.017116,0.517285,0.541215,-0.004833,0.575583,0.541337,-0.040438,0.522431,0.435103,-0.036246,0.492584,0.387118,-0.031996,0.470484,0.345500,-0.031134,0.614579,0.513163,-0.018735,0.547739,0.519420,-0.010657,0.541589,0.581521,0.002037,0.555043,0.619344,0.009181,0.634442,0.515317,0.003064,0.571381,0.531701,0.006241,0.565427,0.583259,0.009083,0.575824,0.613653,0.009967,0.645248,0.527115,0.023766,0.597170,0.536607,0.025430,0.589578,0.573321,0.026279,0.595652,0.606552,0.027203
786,1695021711.050477,0,11.2240,11.2240,2.1629,3.3058,7.1709,466.2552,51.2167,5154.9784,2.2568,156.2670,251.0114,111.8772,69.8853,54.2768,75.1408,0.002904,0.647931,0.764129,-0.000000,0.577593,0.757838,-0.026456,0.517379,0.673936,-0.029563,0.497758,0.575840,-0.022963,0.520548,0.536080,-0.014610,0.576929,0.542986,-0.040411,0.524151,0.435510,-0.039413,0.495198,0.385661,-0.037180,0.473584,0.343391,-0.037735,0.616145,0.511392,-0.021303,0.550183,0.518165,-0.017428,0.544217,0.578591,-0.006151,0.557674,0.614684,0.000517,0.635957,0.511383,-0.002298,0.573338,0.528989,-0.002864,0.566999,0.578695,0.001237,0.577392,0.608091,0.003682,0.646252,0.522607,0.015470,0.598098,0.532140,0.014603,0.590295,0.567935,0.016270,0.596268,0.599169,0.018229
787,1695021711.058810,0,11.4466,11.4466,3.2787,1.1159,8.5771,3132.2213,47.7499,5808.3177,1.9602,160.4398,250.7337,108.0997,67.3455,55.0088,78.8162,0.003949,0.646773,0.763862,-0.000000,0.576790,0.755451,-0.029179,0.517400,0.671782,-0.032403,0.497402,0.573535,-0.024565,0.520132,0.534680,-0.014847,0.577954,0.541770,-0.045958,0.522618,0.431517,-0.044687,0.492776,0.382534,-0.041406,0.471030,0.340619,-0.040919,0.616826,0.511455,-0.024072,0.549546,0.515331,-0.018641,0.543650,0.577361,-0.005393,0.556962,0.614726,0.002373,0.636455,0.511870,-0.002302,0.572968,0.527541,-0.002004,0.567718,0.579568,0.001735,0.578418,0.610101,0.003694,0.647309,0.522083,0.018275,0.598648,0.531622,0.017834,0.592022,0.569239,0.018989,0.598899,0.601783,0.020405
788,1695021711.067143,0,-16.4124,-16.4124,-1.3820,-4.6608,11.3123,302.3002,41.3457,5571.7934,1.6207,159.1034,254.1930,109.1706,70.3176,59.2264,82.5040,0.003999,0.647914,0.764076,-0.000000,0.577095,0.755817,-0.028078,0.517001,0.671026,-0.029735,0.497472,0.574318,-0.019901,0.519799,0.534980,-0.008216,0.577375,0.542897,-0.048241,0.522787,0.430615,-0.048690,0.494336,0.379489,-0.046959,0.473347,0.335271,-0.047363,0.616799,0.510363,-0.026039,0.549358,0.514970,-0.019642,0.543526,0.577817,-0.005373,0.556537,0.615294,0.002557,0.636519,0.509055,-0.003902,0.572723,0.527385,-0.002514,0.567798,0.579818,0.001843,0.578409,0.611639,0.003752,0.647183,0.519294,0.017052,0.598712,0.531735,0.016323,0.592263,0.569370,0.017011,0.598436,0.603456,0.018048
789,1695021711.075477,0,-14.9740,-14.9740,-3.2873,-1.9052,12.0971,220.6597,68.9916,5173.5374,1.9427,163.1728,251.6716,106.0297,66.2040,55.9669,80.2810,0.004207,0.647091,0.762223,-0.000000,0.576849,0.754602,-0.028884,0.517256,0.667326,-0.028932,0.497350,0.572431,-0.016262,0.519253,0.533662,-0.001352,0.574788,0.536810,-0.047170,0.521547,0.427184,-0.042865,0.492914,0.378212,-0.038619,0.471696,0.334565,-0.037970,0.613774,0.507659,-0.022475,0.546762,0.512582,-0.011014,0.542217,0.577039,0.004163,0.555986,0.614182,0.011792,0.632629,0.508386,0.002405,0.569736,0.525281,0.009089,0.565450,0.579842,0.012440,0.576124,0.609699,0.012168,0.642517,0.518016,0.026072,0.595991,0.529785,0.029067,0.589438,0.568740,0.028833,0.594813,0.602302,0.028121
790,1695021711.083810,0,24.6350,24.6350,3.3528,6.6400,16.1666,302.2866,76.2692,4923.0629,1.5110,161.3573,254.2992,104.8227,65.7338,55.4502,80.2870,0.005224,0.647070,0.762954,-0.000000,0.576960,0.754507,-0.030068,0.516293,0.669705,-0.033026,0.495536,0.574815,-0.024624,0.517209,0.536996,-0.014501,0.577047,0.540903,-0.048456,0.521709,0.429639,-0.049774,0.492258,0.377513,-0.048634,0.470607,0.331957,-0.049671,0.615362,0.507463,-0.026423,0.546652,0.515294,-0.023145,0.541568,0.580178,-0.010690,0.555559,0.617537,-0.003407,0.634100,0.504683,-0.004667,0.569096,0.525398,-0.005652,0.564629,0.579614,-0.001430,0.575866,0.610823,0.000880,0.643620,0.513974,0.015594,0.594040,0.530078,0.013044,0.588195,0.569558,0.013413,0.595440,0.602888,0.014606
791,1695021711.092143,0,22.9626,22.9626,2.8790,-0.4738,17.9208,171.1055,13.7197,5351.4702,2.7567,160.1844,248.2590,100.1543,59.6559,49.3666,75.9588,0.007041,0.645107,0.759817,-0.000000,0.575075,0.752139,-0.029537,0.514661,0.667657,-0.031925,0.494616,0.570101,-0.022353,0.517360,0.530129,-0.010801,0.574057,0.537337,-0.048691,0.518676,0.426817,-0.048571,0.489298,0.376920,-0.047099,0.467055,0.333937,-0.047861,0.613655,0.504896,-0.025203,0.545733,0.511378,-0.017408,0.540680,0.573906,-0.002963,0.553922,0.610079,0.004719,0.633054,0.504634,-0.001874,0.568958,0.524337,0.000537,0.564337,0.576296,0.004364,0.574992,0.606250,0.005605,0.643601,0.515046,0.020255,0.595018,0.527175,0.020416,0.588429,0.564393,0.021019,0.594242,0.597771,0.021700
792,1695021711.100477,0,-28.0672,-28.0672,-2.9137,-5.7927,21.8513,157.6924,63.6087,4882.9255,1.6535,161.1921,250.0087,101.9532,62.3563,51.4715,76.4370,0.006893,0.644386,0.760116,-0.000000,0.574070,0.750477,-0.026221,0.513935,0.669985,-0.030194,0.491942,0.576814,-0.023818,0.513039,0.537200,-0.016050,0.575344,0.541926,-0.050427,0.516125,0.426308,-0.053850,0.488350,0.375682,-0.053168,0.468540,0.333158,-0.053677,0.614093,0.507229,-0.029949,0.543983,0.512662,-0.027074,0.538421,0.575957,-0.013604,0.552364,0.612813,-0.006006,0.633750,0.504371,-0.009176,0.568282,0.521740,-0.010859,0.563469,0.574183,-0.005584,0.574965,0.607944,-0.002589,0.643850,0.514445,0.010753,0.594900,0.525787,0.008694,0.588811,0.564036,0.010488,0.596273,0.599479,0.012602
793,1695021711.108810,0,-24.0553,-24.0553,-2.2703,0.6434,23.0164,196.3083,52.6299,5293.0869,2.1425,162.3542,248.7145,97.3641,58.9153,50.2911,77.0343,0.008200,0.644794,0.759016,-0.000001,0.573799,0.750696,-0.026745,0.512587,0.667713,-0.028319,0.490808,0.575004,-0.019054,0.512791,0.539716,-0.008322,0.573225,0.539113,-0.047648,0.515396,0.426505,-0.049462,0.486742,0.375895,-0.048344,0.466041,0.332771,-0.048937,0.611524,0.505706,-0.026568,0.541612,0.518992,-0.023484,0.535746,0.585549,-0.010737,0.549500,0.622980,-0.003342,0.630659,0.503478,-0.005364,0.564901,0.527594,-0.006520,0.560490,0.582869,-0.002183,0.572392,0.615695,0.000234,0.640532,0.513760,0.014763,0.590920,0.531369,0.012338,0.585596,0.571434,0.012956,0.594111,0.606619,0.014381
794,1695021711.117143,0,-20.2624,-20.2624,-11.2244,-8.9540,23.6147,2571.7890,34.0557,5466.3007,1.9653,157.1829,242.0469,89.9019,51.3714,45.2585,74.4244,0.010552,0.644636,0.757742,-0.000000,0.573500,0.753813,-0.029874,0.510773,0.668967,-0.031955,0.489618,0.571617,-0.022085,0.512339,0.535821,-0.010328,0.570186,0.537390,-0.047960,0.512326,0.428200,-0.046249,0.482244,0.378089,-0.043253,0.460232,0.333814,-0.043469,0.609198,0.503998,-0.024847,0.541436,0.512594,-0.017423,0.538456,0.576197,-0.003303,0.553454,0.611532,0.004183,0.628568,0.502788,-0.001820,0.565904,0.523183,0.000629,0.562753,0.575661,0.004746,0.574589,0.605677,0.006018,0.639565,0.513182,0.019812,0.592118,0.526645,0.019704,0.587322,0.564591,0.020118,0.594700,0.598150,0.020656
795,1695021711.125477,0,-33.1947,-33.1947,-14.0393,-2.8150,20.2042,2343.4498,72.7195,5037.1612,1.8367,159.2168,244.3373,83.7075,47.9020,47.7762,79.6674,0.013891,0.641656,0.758556,-0.000001,0.572259,0.753446,-0.029333,0.510866,0.673609,-0.031111,0.487816,0.580603,-0.020316,0.508144,0.538255,-0.007487,0.567839,0.539409,-0.053501,0.508960,0.424525,-0.055623,0.478133,0.373218,-0.055675,0.455275,0.330230,-0.057197,0.606626,0.505556,-0.029196,0.537558,0.512946,-0.021653,0.534576,0.576615,-0.006974,0.549311,0.612989,0.000035,0.626141,0.502970,-0.004861,0.562127,0.520848,-0.001930,0.559347,0.575219,0.002638,0.570875,0.607994,0.003571,0.636927,0.512003,0.018202,0.588826,0.525511,0.017891,0.582749,0.564563,0.017869,0.588951,0.600072,0.017831
796,1695021711.133810,0,28.9006,28.9006,14.2419,28.2813,22.5308,2311.9544,26.9924,5200.2470,1.6234,159.4653,237.0378,78.6782,41.0609,41.4915,75.8783,0.014767,0.641045,0.759256,-0.000000,0.570340,0.755926,-0.029783,0.507394,0.672772,-0.031916,0.486129,0.578168,-0.022219,0.508141,0.538652,-0.010664,0.567519,0.539468,-0.050396,0.507470,0.428857,-0.052438,0.475521,0.377810,-0.051902,0.451835,0.334553,-0.053396,0.606600,0.503189,-0.028164,0.536366,0.513178,-0.024313,0.532950,0.579075,-0.011169,0.547771,0.615776,-0.003867,0.625714,0.500165,-0.006182,0.560614,0.522429,-0.006420,0.557484,0.576319,-0.001526,0.569486,0.607723,0.000841,0.635821,0.510894,0.014294,0.586110,0.525536,0.011649,0.580110,0.563913,0.011966,0.586836,0.598505,0.012990
797,1695021711.142143,0,-33.0044,-33.0044,-2.2373,-16.4792,23.1664,432.9773,75.0557,4953.3368,1.6678,159.9815,237.8973,77.8529,41.0919,43.1971,77.9252,0.015113,0.640605,0.757154,-0.000001,0.569312,0.756493,-0.027986,0.507051,0.673968,-0.029397,0.486300,0.578051,-0.019024,0.506522,0.538577,-0.006865,0.564312,0.540671,-0.050364,0.505424,0.430811,-0.052480,0.474049,0.379226,-0.052878,0.451085,0.334407,-0.055164,0.603886,0.505019,-0.028491,0.535840,0.517223,-0.022918,0.532290,0.583391,-0.009410,0.547208,0.618641,-0.002677,0.623685,0.502296,-0.006582,0.560291,0.524573,-0.005008,0.556938,0.579350,0.000384,0.568944,0.611339,0.002254,0.634591,0.512869,0.013942,0.586662,0.529175,0.012799,0.580811,0.568415,0.013939,0.587594,0.603632,0.015109
798,1695021711.150477,0,-26.9497,-26.9497,-1.6718,0.5655,23.3875,393.9889,15.9185,5380.9661,1.6953,160.5247,234.9590,69.7787,35.4340,42.2665,78.3240,0.017117,0.638361,0.758878,-0.000000,0.567097,0.756102,-0.028273,0.503422,0.674126,-0.030377,0.483409,0.578988,-0.021264,0.508022,0.540164,-0.010483,0.562396,0.541062,-0.048611,0.501782,0.432417,-0.050451,0.469278,0.381133,-0.050159,0.445220,0.336714,-0.052061,0.601428,0.504281,-0.027718,0.533725,0.517159,-0.024142,0.531300,0.583791,-0.011534,0.546696,0.619794,-0.004585,0.621228,0.501129,-0.006939,0.558548,0.524462,-0.007111,0.556016,0.579294,-0.002269,0.568627,0.611189,0.000001,0.632516,0.511936,0.012385,0.584232,0.526974,0.010297,0.579214,0.566339,0.011219,0.587228,0.601624,0.012608
799,1695021711.158810,0,-26.9303,-26.9303,1.5661,3.2379,23.7287,597.7795,16.8630,4872.9182,2.3034,160.8187,228.0471,64.8939,28.5928,39.1281,77.0710,0.018856,0.638094,0.760161,-0.000001,0.566707,0.757928,-0.025856,0.502531,0.677490,-0.027301,0.481777,0.581736,-0.018112,0.505744,0.541201,-0.007379,0.560127,0.543851,-0.046417,0.499183,0.434620,-0.048007,0.466472,0.384385,-0.047582,0.441745,0.341845,-0.049397,0.599681,0.506045,-0.026411,0.532442,0.519194,-0.022352,0.530714,0.585592,-0.009586,0.545967,0.621899,-0.002728,0.620758,0.502149,-0.006276,0.557984,0.526232,-0.005859,0.556115,0.580495,-0.000578,0.568736,0.613408,0.001729,0.633289,0.512522,0.012637,0.584884,0.528976,0.010712,0.579927,0.568428,0.011797,0.587772,0.603679,0.013271
800,1695021711.167143,0,-45.2578,-45.2578,-18.5396,-20.1057,25.6615,1300.5032,60.9543,4384.3690,1.7243,166.2809,229.7898,63.7702,31.2046,44.2339,80.4939,0.020396,0.637278,0.758008,-0.000000,0.564954,0.759004,-0.028338,0.500941,0.678208,-0.031870,0.480398,0.580398,-0.024364,0.502340,0.542337,-0.015169,0.558973,0.543786,-0.050060,0.498021,0.434798,-0.054846,0.465313,0.381444,-0.057203,0.441321,0.336094,-0.060635,0.597961,0.504715,-0.029737,0.531994,0.518193,-0.027828,0.529231,0.583092,-0.015773,0.544470,0.619033,-0.009075,0.617954,0.500809,-0.009682,0.557327,0.524113,-0.011068,0.553948,0.577686,-0.005947,0.566208,0.609999,-0.003276,0.629711,0.511340,0.008851,0.583655,0.527467,0.006334,0.577722,0.565678,0.007651,0.584666,0.600380,0.009434
801,1695021711.175477,0,-38.5480,-38.5480,-1.3859,17.1537,7.0428,520.2741,31.5961,4688.5115,2.1302,165.2770,225.3164,57.9884,24.1246,41.2882,79.6588,0.021530,0.634877,0.757020,-0.000000,0.563673,0.758835,-0.026903,0.500466,0.680004,-0.028755,0.479098,0.585331,-0.019078,0.501030,0.544320,-0.007903,0.554877,0.540282,-0.049106,0.495578,0.436928,-0.051387,0.461948,0.385336,-0.052806,0.437339,0.341541,-0.055594,0.594859,0.503070,-0.027586,0.532868,0.518447,-0.019762,0.528590,0.583050,-0.005459,0.542854,0.620135,0.001637,0.616687,0.503818,-0.006040,0.559198,0.527067,-0.003270,0.554674,0.579547,0.001467,0.566191,0.612499,0.002921,0.630364,0.517605,0.014432,0.586151,0.533422,0.015192,0.580543,0.570898,0.017343,0.587978,0.606013,0.018982
802,1695021711.183810,0,40.5971,40.5971,16.8867,18.2726,30.8176,995.0247,49.5220,4659.2162,2.2840,166.4985,225.5298,53.6177,22.4188,44.7833,84.2839,0.023938,0.633048,0.751269,-0.000000,0.561311,0.756154,-0.027192,0.498644,0.680282,-0.029576,0.478492,0.586250,-0.020824,0.504089,0.545125,-0.010413,0.551185,0.539193,-0.046665,0.492293,0.437988,-0.051112,0.458445,0.384448,-0.054587,0.434306,0.340343,-0.058534,0.591271,0.503475,-0.026007,0.531197,0.518997,-0.020456,0.527819,0.581317,-0.007631,0.543370,0.617663,-0.000991,0.613425,0.504213,-0.005851,0.558079,0.525758,-0.004693,0.554482,0.578170,-0.000405,0.567494,0.610359,0.001372,0.628465,0.517314,0.012984,0.586595,0.533056,0.012744,0.582667,0.570223,0.014263,0.591771,0.604410,0.015819
803,1695021711.192143,0,28.1242,28.1242,13.7636,-3.1231,35.6244,843.5644,70.1574,6049.8835,2.2831,162.8318,221.3160,52.5812,19.1060,41.2226,80.2335,0.023076,0.632753,0.751087,-0.000000,0.561037,0.758704,-0.025593,0.497515,0.682297,-0.027607,0.477188,0.586062,-0.019497,0.503566,0.543222,-0.009898,0.548943,0.541282,-0.040610,0.490357,0.440744,-0.041784,0.456883,0.388262,-0.042767,0.433459,0.343770,-0.045565,0.588600,0.505440,-0.021128,0.529292,0.516053,-0.015034,0.526640,0.577331,-0.003047,0.542707,0.613173,0.003214,0.611392,0.505131,-0.001972,0.556693,0.522848,-0.000049,0.553114,0.574822,0.004146,0.566574,0.607288,0.005844,0.627467,0.516520,0.015925,0.584476,0.526896,0.016430,0.579487,0.564428,0.018091,0.588834,0.598952,0.019664
804,1695021711.200477,0,37.9461,37.9461,20.8010,7.0373,38.2327,738.0961,70.6676,7813.8668,2.1603,161.5247,215.6176,46.7975,14.1956,43.9444,84.3180,0.026276,0.630116,0.748452,-0.000000,0.558056,0.757512,-0.025251,0.497131,0.684439,-0.027555,0.476036,0.594393,-0.019380,0.498384,0.552539,-0.010117,0.545707,0.540424,-0.045117,0.488888,0.443032,-0.049039,0.453949,0.390974,-0.052810,0.429311,0.347690,-0.057179,0.586328,0.504609,-0.025261,0.528549,0.521812,-0.018867,0.523824,0.583792,-0.006479,0.538468,0.618964,-0.000518,0.610263,0.506612,-0.005529,0.556421,0.527441,-0.003155,0.551098,0.578713,0.001386,0.563679,0.610941,0.002874,0.626630,0.521080,0.013107,0.584250,0.535515,0.014051,0.578051,0.572158,0.016365,0.587005,0.605909,0.018190
805,1695021711.208810,0,-37.4039,-37.4039,0.2860,-20.5149,36.2638,372.8970,14.4662,7191.7495,2.3239,166.7755,212.4107,42.4814,12.0563,45.3053,85.7907,0.027652,0.630020,0.749852,-0.000000,0.558002,0.759741,-0.024667,0.495461,0.685727,-0.026757,0.474426,0.593416,-0.018622,0.498870,0.551851,-0.009289,0.542580,0.542565,-0.042937,0.485331,0.444365,-0.046646,0.449895,0.391794,-0.050525,0.424826,0.348468,-0.055042,0.582854,0.505222,-0.023227,0.526669,0.525953,-0.016509,0.523513,0.588488,-0.003966,0.539179,0.623570,0.002103,0.606911,0.506718,-0.003759,0.554646,0.531397,-0.000774,0.550457,0.583545,0.004023,0.563632,0.616072,0.005542,0.624118,0.520636,0.014514,0.583769,0.538444,0.016447,0.578174,0.576241,0.019021,0.587168,0.610432,0.020853
806,1695021711.217143,0,-35.7353,-35.7353,-19.0831,-19.3691,35.5816,601.0787,2.7071,7433.2619,2.6353,167.4020,208.0560,36.0687,10.9801,47.7669,87.1272,0.029323,0.629085,0.755612,-0.000000,0.557535,0.761903,-0.025894,0.493039,0.687584,-0.028538,0.471056,0.594213,-0.020754,0.497143,0.554113,-0.011706,0.545189,0.545254,-0.045720,0.483351,0.446478,-0.048818,0.447262,0.396039,-0.051073,0.421134,0.354275,-0.054598,0.584637,0.506481,-0.025872,0.525041,0.522618,-0.020813,0.521909,0.585493,-0.008156,0.537238,0.622037,-0.001647,0.607650,0.505978,-0.006098,0.552653,0.529289,-0.004859,0.548508,0.581402,0.000102,0.561172,0.614725,0.002129,0.623521,0.518450,0.012485,0.580580,0.534307,0.012635,0.575084,0.572649,0.014814,0.583955,0.606763,0.016633
807,1695021711.225477,0,-34.0848,-34.0848,-15.5523,3.5308,33.8526,627.9398,29.8929,7402.4492,1.6974,162.9082,205.3715,39.4590,6.8605,43.2632,82.7320,0.027422,0.626261,0.753510,-0.000000,0.555299,0.761022,-0.023678,0.492660,0.688630,-0.023842,0.470022,0.598874,-0.013074,0.493434,0.559426,-0.001088,0.541139,0.545743,-0.044730,0.481634,0.450517,-0.045854,0.447100,0.400939,-0.048048,0.422140,0.359819,-0.051451,0.580080,0.507665,-0.024020,0.523112,0.526953,-0.014095,0.519282,0.589195,-0.000555,0.533235,0.624867,0.005539,0.603136,0.508393,-0.002994,0.549796,0.534613,0.003025,0.544386,0.586576,0.007024,0.555671,0.618329,0.007193,0.618920,0.520586,0.017124,0.577329,0.537874,0.020999,0.570692,0.575523,0.023116,0.578412,0.610104,0.023996
808,1695021711.233810,0,38.9301,38.9301,0.2460,15.7983,36.3568,401.7535,33.0617,6461.0898,2.0821,164.7639,205.2754,31.2184,13.1562,51.2273,90.9127,0.031921,0.627531,0.757846,-0.000000,0.555423,0.764732,-0.024549,0.491528,0.690149,-0.026260,0.469640,0.595127,-0.017244,0.494302,0.549547,-0.006858,0.540202,0.547392,-0.045752,0.478072,0.449080,-0.047830,0.442539,0.399768,-0.050007,0.416831,0.358214,-0.053670,0.579932,0.507458,-0.025668,0.521915,0.523303,-0.017427,0.520082,0.585416,-0.003928,0.535386,0.621762,0.002134,0.603533,0.506865,-0.005507,0.550009,0.530317,-0.001339,0.546753,0.582794,0.003404,0.559049,0.616148,0.004167,0.619790,0.519518,0.013572,0.578420,0.535196,0.015484,0.572540,0.572827,0.017248,0.579819,0.608027,0.018027
809,1695021711.242143,0,33.5772,33.5772,17.7453,17.4993,35.3264,262.3048,42.7264,7387.1920,1.7108,161.3002,206.8469,36.7577,8.8811,46.7428,86.6187,0.030691,0.623918,0.750274,-0.000000,0.553115,0.760919,-0.023493,0.490722,0.690234,-0.022064,0.467723,0.602361,-0.009024,0.491228,0.563112,0.005450,0.537034,0.547474,-0.044467,0.479086,0.452034,-0.044831,0.445560,0.401955,-0.047187,0.420987,0.359164,-0.050847,0.575911,0.509951,-0.021594,0.517548,0.526903,-0.007858,0.513254,0.589429,0.007047,0.526657,0.624549,0.013054,0.599602,0.509504,0.001618,0.545394,0.533376,0.011758,0.540017,0.585958,0.015892,0.551769,0.616909,0.015021,0.616305,0.519680,0.023883,0.574349,0.536416,0.030408,0.566861,0.574631,0.032036,0.574391,0.608764,0.031890
810,1695021711.250477,0,-36.3993,-36.3993,-0.1660,-17.9113,35.1550,171.3114,46.4707,7606.5460,1.9061,161.0779,206.5691,30.9056,14.1959,52.4162,91.8181,0.034007,0.623118,0.750263,-0.000000,0.552358,0.761052,-0.024241,0.489283,0.690288,-0.025639,0.466617,0.599581,-0.016572,0.491458,0.557664,-0.006378,0.535323,0.546885,-0.044252,0.476299,0.451333,-0.046694,0.442499,0.399970,-0.049771,0.417930,0.357097,-0.053980,0.574925,0.508240,-0.024172,0.518906,0.523376,-0.015836,0.514499,0.583623,-0.003070,0.527543,0.619414,0.002739,0.599641,0.508681,-0.003940,0.547397,0.532455,0.000937,0.541950,0.582362,0.005557,0.553323,0.614139,0.006498,0.617534,0.521664,0.015182,0.575854,0.538485,0.017679,0.569346,0.574919,0.019868,0.577650,0.608125,0.021205
811,1695021711.258810,0,-37.8057,-37.8057,-0.9302,-0.7642,35.5045,290.5398,61.4504,7934.7273,0.9647,161.3295,204.1943,31.5223,15.0861,53.5218,92.8520,0.035246,0.621375,0.751694,-0.000000,0.550576,0.760890,-0.023017,0.487840,0.690630,-0.022532,0.464938,0.601509,-0.011035,0.489658,0.560541,0.001890,0.532257,0.548633,-0.044812,0.474851,0.451381,-0.047331,0.441965,0.399190,-0.051076,0.417336,0.356339,-0.055530,0.571441,0.509005,-0.023779,0.516069,0.521684,-0.012397,0.510855,0.580697,0.001694,0.522377,0.616735,0.007556,0.596194,0.507937,-0.002512,0.544672,0.530268,0.005157,0.538269,0.579489,0.009857,0.548099,0.611090,0.009983,0.614298,0.519566,0.017783,0.572822,0.534029,0.022362,0.564410,0.569513,0.024684,0.570444,0.603825,0.025492
812,1695021711.267143,0,-40.8433,-40.8433,-19.9433,-19.0131,36.6153,426.1736,25.8213,7152.8846,1.4625,164.6443,208.3992,28.9492,20.1360,58.2721,97.8318,0.038029,0.620328,0.753325,-0.000000,0.548947,0.761814,-0.023278,0.486218,0.690825,-0.022868,0.465077,0.598490,-0.011104,0.491002,0.554016,0.002024,0.531751,0.550347,-0.046609,0.473984,0.448437,-0.049709,0.441145,0.395165,-0.053878,0.416110,0.350069,-0.058714,0.570630,0.510789,-0.024976,0.513816,0.521286,-0.013913,0.509634,0.582547,0.000264,0.521738,0.618280,0.006083,0.594584,0.508944,-0.003002,0.541363,0.532385,0.005052,0.536068,0.584411,0.009898,0.546942,0.617627,0.009890,0.611406,0.519048,0.017992,0.569432,0.535968,0.022415,0.562479,0.573649,0.024320,0.569936,0.607182,0.024802
813,1695021711.275477,0,38.5874,38.5874,1.2526,21.1959,36.5266,340.7152,48.2670,7222.4822,1.4516,163.1914,208.6356,26.8101,19.8328,58.5923,99.1140,0.039260,0.618153,0.751887,-0.000000,0.547599,0.759607,-0.023072,0.485044,0.690994,-0.022823,0.463154,0.601384,-0.011857,0.487842,0.557283,0.000341,0.529454,0.547999,-0.044347,0.472540,0.447077,-0.047110,0.439827,0.394953,-0.050762,0.414574,0.351728,-0.055315,0.569089,0.509675,-0.023528,0.513561,0.522125,-0.013878,0.508246,0.582169,-0.000612,0.518658,0.617809,0.005064,0.594594,0.509922,-0.002411,0.542336,0.536198,0.005016,0.536572,0.586152,0.010058,0.546179,0.618591,0.010480,0.612751,0.522767,0.017554,0.571856,0.541629,0.021131,0.564452,0.578290,0.022843,0.571291,0.611320,0.023535
814,1695021711.283810,0,-33.9202,-33.9202,0.6198,-0.6328,30.4142,344.4168,43.5391,6723.0887,1.4699,158.5594,213.5742,28.8503,21.7485,59.6697,100.1816,0.040544,0.616729,0.748854,-0.000000,0.547200,0.758458,-0.022730,0.484002,0.689865,-0.022003,0.462041,0.601492,-0.010534,0.487782,0.560134,0.002177,0.528427,0.547953,-0.042337,0.473675,0.444627,-0.043548,0.441620,0.390773,-0.045752,0.417713,0.345256,-0.049445,0.567828,0.509791,-0.021701,0.513188,0.520396,-0.011574,0.509314,0.580443,0.001969,0.521622,0.612951,0.007954,0.593060,0.508860,-0.000764,0.541690,0.532608,0.006595,0.536417,0.582470,0.011621,0.546917,0.613143,0.012109,0.611334,0.519760,0.019049,0.570053,0.537723,0.022270,0.564008,0.575665,0.023839,0.572292,0.608285,0.024537
815,1695021711.292143,0,-35.0917,-35.0917,0.6785,0.0587,30.2953,408.0678,53.1467,6384.5710,1.6535,155.5424,211.9728,23.8841,25.3444,63.8809,104.0916,0.042660,0.616341,0.748354,-0.000000,0.545005,0.756504,-0.021716,0.481715,0.687162,-0.021010,0.461733,0.596800,-0.009513,0.488360,0.553790,0.003220,0.526427,0.543548,-0.043445,0.472239,0.441001,-0.045205,0.439197,0.388493,-0.048850,0.413312,0.345744,-0.053384,0.565567,0.506391,-0.022301,0.513128,0.521083,-0.010032,0.507894,0.581424,0.004098,0.518296,0.616098,0.009975,0.591366,0.507947,-0.000663,0.541566,0.532987,0.009445,0.535300,0.582231,0.014228,0.544371,0.613757,0.013930,0.609950,0.520361,0.020006,0.570563,0.538009,0.025868,0.562886,0.573023,0.027735,0.569350,0.604382,0.028157
816,1695021711.300477,0,-29.8758,-29.8758,2.7419,2.0634,29.6167,230.8346,59.8651,6428.5598,1.7192,152.5309,213.6380,26.5806,24.6833,62.7697,103.1192,0.042883,0.615217,0.743087,-0.000000,0.545264,0.755229,-0.021909,0.482885,0.690025,-0.022183,0.460862,0.602886,-0.012505,0.483973,0.559576,-0.001803,0.524295,0.541854,-0.041740,0.470781,0.440385,-0.043016,0.438773,0.386818,-0.045045,0.414644,0.342611,-0.048382,0.564159,0.504319,-0.022635,0.513133,0.521456,-0.013915,0.508057,0.580465,-0.001553,0.519299,0.613620,0.004111,0.590870,0.506420,-0.002991,0.542053,0.533997,0.003169,0.536064,0.581676,0.007836,0.545387,0.611765,0.008582,0.610116,0.520491,0.015648,0.570538,0.540324,0.018961,0.564648,0.575385,0.021419,0.572446,0.606025,0.023092
817,1695021711.308810,0,26.3242,26.3242,-3.0658,-5.8077,32.3285,333.7681,43.3659,5656.0316,1.7552,151.2971,214.1698,25.5532,28.2353,66.7039,107.0616,0.046485,0.614751,0.742178,-0.000000,0.545069,0.752917,-0.019556,0.481979,0.687046,-0.019640,0.458327,0.600695,-0.010603,0.481967,0.559388,-0.000795,0.522662,0.541152,-0.039052,0.469295,0.439628,-0.040429,0.437179,0.385563,-0.042495,0.412947,0.341768,-0.045946,0.561890,0.502055,-0.021636,0.511704,0.518742,-0.013435,0.508411,0.576032,-0.001374,0.520328,0.608582,0.004265,0.589050,0.502837,-0.003537,0.541078,0.532531,0.002705,0.536846,0.579183,0.007743,0.547182,0.608932,0.008711,0.609298,0.516856,0.013627,0.570194,0.539428,0.016761,0.565641,0.574369,0.019231,0.574218,0.604907,0.020987
818,1695021711.317143,0,-37.0069,-37.0069,-0.7717,2.2941,24.2318,141.7128,82.2222,5824.4591,1.7714,153.7045,212.5141,23.6599,26.9919,65.9664,106.9452,0.045692,0.614125,0.740387,-0.000000,0.544256,0.750960,-0.021872,0.480561,0.683246,-0.022409,0.458155,0.596359,-0.012512,0.482981,0.556452,-0.001987,0.524125,0.541024,-0.046409,0.469345,0.441336,-0.049300,0.436409,0.387351,-0.052085,0.411755,0.343033,-0.055813,0.563416,0.501592,-0.027122,0.510947,0.522645,-0.018816,0.507610,0.583993,-0.004913,0.520856,0.616844,0.001726,0.589664,0.504170,-0.007133,0.540550,0.534141,-0.000989,0.536324,0.583476,0.004539,0.548312,0.613834,0.005550,0.608807,0.520001,0.011931,0.570348,0.543875,0.014810,0.566266,0.580434,0.017151,0.576510,0.610608,0.018575
819,1695021711.325477,0,-35.8951,-35.8951,-0.2009,0.5708,24.4395,94.1490,23.7266,6467.7339,2.3435,153.8719,210.9504,20.7288,28.3589,66.9728,107.2242,0.046262,0.613676,0.737481,-0.000000,0.543228,0.748409,-0.019615,0.479475,0.681896,-0.019307,0.457220,0.597399,-0.008637,0.481592,0.558051,0.002510,0.521867,0.539407,-0.045147,0.467605,0.442558,-0.047849,0.433984,0.389328,-0.051766,0.408925,0.344306,-0.056517,0.561055,0.500242,-0.026267,0.508424,0.522386,-0.015739,0.505191,0.584876,-0.001629,0.518939,0.616746,0.004262,0.587500,0.502393,-0.006477,0.537887,0.531124,0.001721,0.534036,0.581949,0.006996,0.547018,0.611834,0.006986,0.607296,0.516790,0.012673,0.568632,0.538480,0.017384,0.564132,0.575947,0.020081,0.574604,0.606429,0.021092
820,1695021711.333810,0,31.8375,31.8375,15.4283,15.6292,31.1737,870.5886,76.9377,6250.2125,1.1910,154.3634,212.2709,19.6619,27.5383,66.0969,106.4493,0.045529,0.611498,0.738310,-0.000000,0.540652,0.745593,-0.017049,0.478172,0.678888,-0.014984,0.457090,0.595537,-0.002331,0.480706,0.556399,0.010618,0.517734,0.535968,-0.043733,0.465163,0.439455,-0.043690,0.433184,0.387167,-0.046176,0.408902,0.343441,-0.049877,0.557609,0.499356,-0.023906,0.508103,0.518922,-0.008194,0.505417,0.580027,0.007574,0.517817,0.613106,0.013587,0.585624,0.503939,-0.002656,0.538182,0.530810,0.010788,0.535148,0.581206,0.015444,0.547357,0.612789,0.013658,0.606205,0.519090,0.018267,0.569640,0.539898,0.026495,0.565061,0.576135,0.028628,0.574626,0.607747,0.028378
821,1695021711.342143,0,34.0124,34.0124,1.9221,-13.5063,33.0064,85.8717,10.1646,6917.5164,1.5506,151.7168,211.7498,18.6076,28.9942,68.1593,109.0126,0.047736,0.611338,0.735968,-0.000000,0.541356,0.746140,-0.016777,0.479210,0.681883,-0.014897,0.457602,0.599046,-0.003008,0.479509,0.557173,0.009379,0.516735,0.535509,-0.041084,0.465126,0.437994,-0.042160,0.432518,0.384755,-0.045825,0.407920,0.341143,-0.050217,0.556831,0.497855,-0.021890,0.508401,0.515430,-0.006850,0.504360,0.576145,0.008338,0.515707,0.609126,0.014235,0.585356,0.501733,-0.001534,0.539039,0.527624,0.011342,0.533892,0.576010,0.016800,0.544388,0.606964,0.015926,0.606089,0.517527,0.018374,0.569795,0.536243,0.026307,0.564222,0.571596,0.029390,0.572810,0.602928,0.030153
822,1695021711.350477,0,30.5739,30.5739,16.8952,14.9731,33.6231,925.4410,79.5699,6863.2849,1.3974,150.1505,212.7619,17.8832,28.0226,66.6123,107.0607,0.047136,0.610636,0.733479,-0.000000,0.540285,0.743572,-0.016629,0.478522,0.679648,-0.013843,0.456022,0.598137,-0.001160,0.476165,0.556777,0.012117,0.515132,0.531647,-0.038971,0.463926,0.436676,-0.039011,0.431738,0.384528,-0.041505,0.407907,0.341269,-0.044972,0.554667,0.495911,-0.020437,0.508292,0.517499,-0.006929,0.505044,0.578489,0.006912,0.517802,0.612505,0.012385,0.583379,0.500037,-0.000786,0.537934,0.526560,0.009858,0.534739,0.576751,0.013739,0.546830,0.608082,0.012506,0.604965,0.514568,0.018515,0.569336,0.535120,0.025043,0.565180,0.571827,0.027258,0.575232,0.602808,0.027818
823,1695021711.358810,0,-34.0115,-34.0115,0.4709,-16.4243,32.8933,116.2559,71.6714,6695.8717,1.1683,151.6011,213.7989,17.3703,29.8477,68.4908,108.7975,0.048301,0.610646,0.733925,-0.000000,0.539911,0.743536,-0.017640,0.476746,0.677914,-0.015568,0.454169,0.596399,-0.003754,0.474139,0.556297,0.008338,0.515624,0.530012,-0.040955,0.463553,0.435832,-0.042414,0.431048,0.383025,-0.045639,0.406661,0.339750,-0.049743,0.556848,0.492344,-0.023041,0.507052,0.520944,-0.010358,0.502321,0.581959,0.004080,0.514914,0.613807,0.009916,0.586388,0.498535,-0.004241,0.539247,0.531617,0.005304,0.533429,0.576894,0.010277,0.544642,0.605273,0.009844,0.608006,0.518797,0.014021,0.570785,0.541330,0.019045,0.564374,0.575110,0.021886,0.573641,0.605206,0.023124
824,1695021711.367143,0,-39.1709,-39.1709,-17.7521,-18.2230,33.7293,927.9433,63.9626,7286.5834,1.2169,151.1890,212.4748,19.5615,26.3806,64.4596,105.1210,0.045047,0.609967,0.732117,-0.000000,0.538460,0.741021,-0.017821,0.473885,0.672146,-0.016538,0.453886,0.588135,-0.005111,0.478284,0.552470,0.006319,0.515991,0.531178,-0.044848,0.464602,0.436156,-0.046764,0.432499,0.383593,-0.050022,0.408018,0.340108,-0.054260,0.556179,0.493077,-0.026748,0.507041,0.520483,-0.014818,0.503713,0.583564,0.000161,0.517550,0.615248,0.006293,0.584269,0.498651,-0.007511,0.537381,0.529917,0.001779,0.533152,0.577439,0.006791,0.546536,0.607190,0.006150,0.605454,0.516617,0.011292,0.568929,0.538819,0.016503,0.563669,0.573363,0.019122,0.574128,0.603797,0.019869
825,1695021711.375477,0,-32.4574,-32.4574,-16.6175,1.1346,33.1637,1051.3840,74.5026,6773.8162,1.0822,151.2045,216.7380,18.9696,28.4625,67.4692,108.0628,0.046853,0.609335,0.730754,-0.000000,0.537713,0.739863,-0.014939,0.476273,0.671586,-0.010564,0.456442,0.590679,0.004455,0.477447,0.552137,0.019623,0.512797,0.527837,-0.041283,0.463697,0.434849,-0.041019,0.432247,0.382075,-0.044177,0.408656,0.338447,-0.048139,0.553476,0.491868,-0.021406,0.506409,0.515672,-0.002983,0.503438,0.579581,0.014022,0.516368,0.613287,0.020393,0.582735,0.497728,-0.000178,0.536889,0.524398,0.015127,0.533050,0.574513,0.019769,0.545634,0.605259,0.017506,0.604103,0.514359,0.020957,0.568910,0.534587,0.030247,0.563552,0.571000,0.032538,0.573446,0.602312,0.032128
826,1695021711.383810,0,33.8033,33.8033,0.8073,17.4248,33.1105,182.4605,69.6647,6523.9390,0.9228,149.3272,216.0224,21.2333,26.7145,65.4219,106.3459,0.045468,0.607916,0.727589,-0.000000,0.536985,0.737911,-0.017645,0.474778,0.670973,-0.016408,0.455677,0.590021,-0.005425,0.478247,0.555432,0.005532,0.514227,0.526645,-0.042619,0.463839,0.435673,-0.044148,0.432051,0.382580,-0.047428,0.409259,0.338185,-0.051677,0.555278,0.489751,-0.025341,0.509551,0.519078,-0.013706,0.505839,0.583549,0.000546,0.519690,0.616152,0.006535,0.584407,0.497651,-0.007005,0.540707,0.528085,0.001713,0.535689,0.575446,0.006760,0.548086,0.605176,0.006524,0.606018,0.519121,0.010854,0.571759,0.539992,0.015652,0.566246,0.573275,0.018850,0.575903,0.603486,0.020325
827,1695021711.392143,1,-18.2666,-18.2666,3.9362,3.1289,26.8225,156.8114,76.5358,7972.6848,2.2457,146.9406,213.0744,23.2870,22.2303,60.8633,101.4251,0.042891,0.608460,0.728371,-0.000000,0.539161,0.740110,-0.017250,0.476460,0.671902,-0.013827,0.454661,0.590089,-0.001296,0.477581,0.553478,0.011654,0.511836,0.529528,-0.032906,0.464557,0.435880,-0.030834,0.433837,0.384463,-0.031388,0.411586,0.342092,-0.033935,0.552466,0.491828,-0.016157,0.506620,0.518636,-0.002755,0.502614,0.579206,0.010792,0.515007,0.610502,0.016820,0.582119,0.496588,0.001098,0.538292,0.528518,0.011026,0.533155,0.576674,0.014919,0.543571,0.604436,0.014255,0.605107,0.514880,0.017578,0.569646,0.539014,0.022914,0.563988,0.573838,0.024978,0.572634,0.604346,0.025871
828,1695021711.400477,1,-22.1591,-22.1591,4.2530,0.3167,25.8092,127.0800,59.9762,8530.8146,2.2035,150.2685,214.6744,26.7520,20.0340,59.0151,100.1814,0.040675,0.608505,0.728560,-0.000000,0.537614,0.739081,-0.015419,0.475897,0.670476,-0.012742,0.456799,0.589082,-0.001117,0.479387,0.553514,0.010435,0.511845,0.528503,-0.035978,0.465401,0.438665,-0.036150,0.435506,0.387187,-0.038970,0.413837,0.345045,-0.042906,0.553634,0.490064,-0.019879,0.510297,0.517890,-0.006138,0.506871,0.578852,0.008144,0.519651,0.610970,0.014032,0.583715,0.496907,-0.003002,0.541692,0.528177,0.007006,0.537150,0.575477,0.011258,0.548609,0.604204,0.010351,0.606273,0.517836,0.013460,0.572690,0.542720,0.019193,0.568041,0.576473,0.021960,0.577288,0.605873,0.022932
829,1695021711.408810,1,-24.1881,-24.1881,2.0673,-2.1856,23.6869,362.2175,32.9266,8192.5327,1.5762,153.5957,211.2687,28.0089,17.8572,56.6075,97.3087,0.039169,0.607945,0.730082,-0.000000,0.537843,0.739415,-0.016580,0.475590,0.669926,-0.012724,0.455893,0.589438,0.001030,0.480251,0.552316,0.015097,0.510850,0.529819,-0.037830,0.464749,0.441082,-0.037976,0.435248,0.390579,-0.040911,0.414209,0.348075,-0.044873,0.552427,0.492730,-0.020130,0.508095,0.519911,-0.005482,0.504962,0.582654,0.009333,0.518163,0.612766,0.015403,0.582551,0.499194,-0.001687,0.539959,0.527805,0.009606,0.535293,0.576554,0.014160,0.547328,0.603297,0.013200,0.605605,0.518619,0.016217,0.572068,0.541630,0.022435,0.566368,0.575704,0.024710,0.575804,0.604870,0.025228
830,1695021711.417143,1,21.0386,21.0386,-3.1912,-5.2585,24.3965,227.9784,10.0626,7501.3831,1.9678,161.8711,213.6979,31.1434,18.6566,57.1908,97.6432,0.037992,0.608191,0.726030,-0.000000,0.539186,0.739304,-0.018840,0.476910,0.670284,-0.016612,0.457930,0.587122,-0.004936,0.482422,0.547572,0.007178,0.510663,0.530547,-0.036507,0.464223,0.439644,-0.037104,0.435275,0.387921,-0.040253,0.414681,0.344377,-0.044463,0.552045,0.490813,-0.019486,0.508823,0.517654,-0.005926,0.505703,0.576670,0.008048,0.518407,0.605827,0.013945,0.581777,0.495753,-0.002343,0.540774,0.525792,0.006897,0.535290,0.572663,0.011177,0.545549,0.599218,0.010766,0.604526,0.514821,0.013878,0.570976,0.538017,0.018393,0.565433,0.571062,0.020721,0.573607,0.600881,0.021778
831,1695021711.425477,1,17.9973,17.9973,9.0660,12.2572,20.2259,687.7714,31.4017,7128.3340,1.4411,162.4668,210.7296,32.6408,16.2805,54.4368,94.9717,0.035505,0.610456,0.730875,-0.000000,0.538429,0.740037,-0.012590,0.478319,0.669980,-0.005755,0.459635,0.590277,0.012207,0.482404,0.548484,0.030389,0.508571,0.532496,-0.036524,0.464163,0.443104,-0.033423,0.435430,0.392542,-0.037388,0.414841,0.347264,-0.042506,0.550038,0.497616,-0.015271,0.506792,0.514623,0.011752,0.505291,0.578941,0.030252,0.517091,0.610019,0.035534,0.580954,0.502374,0.007395,0.538163,0.519356,0.031559,0.535329,0.572975,0.036069,0.547583,0.601297,0.031185,0.603524,0.517507,0.030047,0.570882,0.531741,0.045951,0.565035,0.569536,0.048695,0.574417,0.601181,0.046827
832,1695021711.433810,1,-25.3893,-25.3893,-0.8076,-9.8735,21.3230,189.5962,79.1716,6994.4425,1.1745,163.9290,210.7731,32.7204,15.2961,54.2741,95.7369,0.036237,0.610251,0.730818,-0.000000,0.539319,0.742380,-0.015772,0.478127,0.672809,-0.011502,0.458826,0.591029,0.003255,0.481922,0.549685,0.018396,0.509669,0.532978,-0.039314,0.464281,0.443113,-0.040187,0.435655,0.391987,-0.045084,0.414977,0.348149,-0.050446,0.551612,0.494656,-0.020333,0.507531,0.516887,-0.001813,0.505294,0.577934,0.014204,0.517588,0.607635,0.019748,0.582180,0.499582,-0.000521,0.539133,0.524219,0.014413,0.534906,0.573834,0.019161,0.546590,0.601066,0.017100,0.604880,0.516856,0.018894,0.570624,0.535693,0.027458,0.565105,0.571302,0.029942,0.574374,0.601623,0.029804
833,1695021711.442143,1,27.8555,27.8555,13.0109,13.8184,23.2902,423.3712,11.4455,7006.0939,2.0585,165.0285,209.8932,31.2839,13.4232,52.8872,95.1383,0.035013,0.611879,0.733151,-0.000000,0.540745,0.743779,-0.016151,0.479952,0.673032,-0.012197,0.461254,0.588810,0.002391,0.484605,0.547766,0.017378,0.511236,0.534602,-0.039714,0.464778,0.446022,-0.040329,0.435823,0.396099,-0.045477,0.415212,0.351815,-0.051186,0.552369,0.496244,-0.020500,0.509035,0.515656,-0.000812,0.508356,0.577845,0.015577,0.521924,0.609092,0.021029,0.582420,0.500480,-0.000481,0.539945,0.521470,0.015445,0.536691,0.573002,0.020260,0.548877,0.602469,0.017852,0.605260,0.516849,0.019109,0.571039,0.532706,0.028518,0.565805,0.569292,0.031228,0.575156,0.600980,0.030925
834,1695021711.450477,1,19.8081,19.8081,-0.3076,-13.3185,19.1188,388.9085,65.9890,6183.6017,2.1132,165.5324,209.3131,36.4352,9.3829,49.2759,91.6262,0.032869,0.612801,0.737338,-0.000000,0.540929,0.746778,-0.018689,0.479189,0.674604,-0.016044,0.459872,0.588752,-0.003110,0.485744,0.548325,0.010504,0.513629,0.535502,-0.037938,0.465510,0.445850,-0.036755,0.437530,0.397762,-0.039775,0.417654,0.354648,-0.044519,0.555750,0.497327,-0.019219,0.509889,0.516239,-0.001782,0.508132,0.576429,0.012854,0.520822,0.607756,0.017802,0.585340,0.501214,0.000027,0.541113,0.524392,0.014061,0.536930,0.573216,0.018549,0.547738,0.601822,0.016572,0.607512,0.518555,0.018363,0.571155,0.535503,0.026313,0.565873,0.570072,0.028658,0.574488,0.601970,0.028523
835,1695021711.458810,1,29.6727,29.6727,2.9188,3.2264,20.1932,392.9522,59.3078,6256.9067,2.2582,167.8904,207.0778,38.9698,5.9873,45.7721,87.5718,0.030573,0.612800,0.736789,-0.000000,0.541342,0.748530,-0.018545,0.480369,0.679182,-0.016083,0.460762,0.594500,-0.003087,0.483831,0.554774,0.010601,0.514282,0.540397,-0.042012,0.465851,0.451797,-0.044437,0.438316,0.403129,-0.049634,0.418681,0.360241,-0.055363,0.555481,0.500832,-0.023561,0.508278,0.518412,-0.008926,0.506256,0.578720,0.005711,0.518586,0.609789,0.010806,0.584349,0.502326,-0.004660,0.539184,0.525826,0.006428,0.534881,0.574556,0.011447,0.545842,0.603360,0.010278,0.606050,0.517714,0.013470,0.568634,0.535570,0.019237,0.563014,0.570376,0.021599,0.571666,0.601882,0.021706
836,1695021711.467143,1,-17.3314,-17.3314,2.0145,-0.9044,23.4696,581.9380,58.1411,4073.4615,2.2795,163.9097,203.9661,43.9987,1.0511,37.9836,79.2220,0.025570,0.615580,0.742260,-0.000000,0.543906,0.752144,-0.018356,0.482040,0.681640,-0.014667,0.461684,0.596951,-0.000169,0.485122,0.557278,0.015181,0.515644,0.540808,-0.038118,0.467459,0.453695,-0.036016,0.440375,0.408968,-0.038553,0.420631,0.367466,-0.042964,0.556772,0.502957,-0.018333,0.508982,0.518647,0.001259,0.507363,0.579550,0.016758,0.519179,0.611349,0.021722,0.585531,0.505213,0.002041,0.540044,0.527542,0.017932,0.536721,0.578134,0.021972,0.547320,0.607174,0.019085,0.607120,0.520064,0.021608,0.570016,0.539216,0.030657,0.565290,0.575010,0.032253,0.573828,0.607339,0.031129
837,1695021711.475477,1,-11.8483,-11.8483,-9.9260,-11.9404,20.1281,601.5999,54.4263,6678.7936,2.5671,168.1242,200.0116,47.1732,6.7283,34.0471,76.1850,0.024026,0.616833,0.744802,-0.000000,0.544211,0.753344,-0.017724,0.481548,0.682334,-0.012514,0.462296,0.597832,0.003702,0.487425,0.558026,0.020936,0.515030,0.539904,-0.034543,0.467752,0.456060,-0.029958,0.440978,0.413352,-0.031195,0.421739,0.373048,-0.034872,0.556667,0.504800,-0.014261,0.509718,0.523175,0.007710,0.508709,0.585008,0.023566,0.521220,0.616025,0.028597,0.586208,0.508935,0.006570,0.540859,0.531229,0.024713,0.537647,0.582944,0.027976,0.548781,0.610797,0.024140,0.608486,0.524005,0.026622,0.571431,0.543843,0.037186,0.566492,0.580489,0.038190,0.575724,0.611654,0.036315
838,1695021711.483810,1,9.9862,9.9862,-2.4555,7.4705,18.0546,840.1157,19.4252,6397.0548,2.4377,169.0355,195.6421,51.2931,11.8302,28.8250,69.7796,0.021274,0.619611,0.751519,-0.000000,0.546299,0.759019,-0.017269,0.482764,0.688129,-0.012728,0.462692,0.603651,0.002417,0.488238,0.564444,0.018669,0.519041,0.545003,-0.033716,0.470706,0.463167,-0.028038,0.443491,0.421326,-0.028769,0.424161,0.380612,-0.032460,0.559769,0.509165,-0.013883,0.512248,0.524623,0.008653,0.512303,0.585924,0.024105,0.525776,0.617238,0.028400,0.588287,0.511411,0.006716,0.542991,0.530580,0.025391,0.540390,0.582832,0.029060,0.552010,0.611361,0.025131,0.610345,0.524551,0.026549,0.573606,0.538766,0.038808,0.568926,0.576346,0.041031,0.578050,0.609797,0.039530
839,1695021711.492143,1,17.6041,17.6041,-3.0171,-0.5617,17.7377,1020.7361,43.4155,6669.1669,3.1045,168.6127,188.5449,55.8909,18.9178,24.0879,63.2080,0.017986,0.621325,0.751890,-0.000000,0.548015,0.759046,-0.012971,0.486410,0.689256,-0.006622,0.463963,0.607619,0.011225,0.483737,0.559458,0.030081,0.518050,0.546010,-0.037378,0.469741,0.467598,-0.033239,0.442350,0.428380,-0.036037,0.423569,0.389074,-0.040298,0.558594,0.512032,-0.015585,0.513178,0.520792,0.012513,0.513735,0.582793,0.031444,0.526237,0.616937,0.036453,0.587887,0.515476,0.007605,0.543213,0.526663,0.030981,0.541106,0.581533,0.035119,0.552485,0.612936,0.029909,0.609460,0.527024,0.030995,0.574341,0.536982,0.047104,0.568986,0.576038,0.049807,0.577058,0.610993,0.047335
840,1695021711.500477,1,-1.7594,-1.7594,3.8930,6.9101,13.0479,1268.0399,53.3212,4657.0039,3.5227,167.9236,179.2909,65.0413,30.7641,20.5762,53.9702,0.013611,0.622178,0.756692,-0.000000,0.549554,0.762965,-0.013074,0.488443,0.696121,-0.006552,0.465601,0.617550,0.010611,0.483899,0.574761,0.028794,0.521650,0.549903,-0.031768,0.471202,0.473588,-0.022220,0.443986,0.438072,-0.020148,0.424736,0.402093,-0.021669,0.561698,0.515394,-0.010892,0.513184,0.526502,0.018440,0.512330,0.585844,0.036717,0.524123,0.617218,0.041484,0.590170,0.518091,0.011487,0.544117,0.533050,0.035941,0.540418,0.584551,0.039461,0.550022,0.613888,0.033852,0.610911,0.529780,0.033857,0.574657,0.541366,0.050937,0.567944,0.577544,0.053521,0.574003,0.611924,0.050973
841,1695021711.508810,1,2.8834,2.8834,3.6829,-0.2101,10.0452,1362.7442,32.8856,4576.7056,3.9166,168.4838,175.8037,72.6459,39.1518,20.2259,48.1165,0.010779,0.624992,0.756335,-0.000000,0.553075,0.767761,-0.015430,0.491709,0.700286,-0.010342,0.467292,0.620264,0.004754,0.485161,0.575873,0.020980,0.523522,0.550754,-0.029058,0.472738,0.478096,-0.018513,0.444465,0.446768,-0.014581,0.426221,0.412321,-0.015165,0.563351,0.518265,-0.009837,0.515264,0.532178,0.015359,0.516367,0.590721,0.030909,0.531038,0.619781,0.035020,0.591845,0.521706,0.010510,0.546167,0.536516,0.030661,0.544838,0.589938,0.033530,0.556780,0.618323,0.028778,0.613085,0.534551,0.030396,0.577255,0.546936,0.043721,0.572760,0.584274,0.045127,0.580928,0.617386,0.042796
842,1695021711.517143,1,6.7395,6.7395,-0.8117,-4.4946,6.5584,1794.6260,3.0597,4444.3052,3.4378,162.6381,169.4813,80.5018,47.2140,21.8593,40.9886,0.008033,0.625354,0.760035,-0.000000,0.554318,0.770470,-0.017058,0.492006,0.704507,-0.013432,0.467009,0.625969,-0.000501,0.485883,0.584896,0.013467,0.525860,0.554129,-0.027154,0.475129,0.488198,-0.017389,0.446671,0.458480,-0.013807,0.428021,0.425683,-0.014674,0.564837,0.520491,-0.009293,0.517039,0.540077,0.011957,0.516781,0.598937,0.024914,0.531292,0.628557,0.028318,0.593009,0.522900,0.009454,0.547704,0.540956,0.025497,0.544713,0.593354,0.027810,0.556005,0.621409,0.024090,0.614294,0.536180,0.027509,0.577643,0.549268,0.038281,0.571930,0.586350,0.040039,0.579934,0.619053,0.038864
843,1695021711.525477,1,4.0609,4.0609,-3.3858,-2.5741,6.4628,1993.1799,3.0335,3935.4537,3.5093,163.2762,163.3046,88.5839,55.9129,28.7848,33.9196,0.004989,0.627161,0.760544,-0.000000,0.555154,0.768490,-0.011761,0.493336,0.704092,-0.003319,0.468168,0.628685,0.016862,0.486121,0.587879,0.038187,0.524440,0.557102,-0.029142,0.476240,0.495605,-0.016763,0.448993,0.467100,-0.014122,0.429607,0.434862,-0.015206,0.562769,0.526070,-0.006132,0.515186,0.542154,0.029953,0.515803,0.606509,0.049996,0.527354,0.637127,0.054970,0.590010,0.528303,0.018592,0.543808,0.544028,0.049339,0.542243,0.601864,0.051104,0.553518,0.629039,0.042890,0.609738,0.536876,0.043621,0.575090,0.551829,0.065518,0.570208,0.590653,0.067003,0.578637,0.623938,0.062603
844,1695021711.533810,1,10.5131,10.5131,3.0681,6.4539,4.0782,1551.2311,21.7045,4105.5975,2.4728,155.5270,155.7003,99.4557,68.6592,40.9831,30.7361,0.002337,0.628498,0.762275,-0.000000,0.556569,0.773813,-0.015839,0.493818,0.710485,-0.009974,0.469198,0.635789,0.005585,0.485631,0.594139,0.022334,0.528583,0.556969,-0.024129,0.477540,0.502841,-0.011824,0.449317,0.480475,-0.007392,0.430571,0.451973,-0.007804,0.567469,0.525071,-0.006119,0.519010,0.553853,0.017751,0.519248,0.613700,0.030129,0.534278,0.640860,0.032607,0.594815,0.528401,0.012894,0.547547,0.552084,0.030626,0.545843,0.605161,0.030801,0.558281,0.630426,0.025153,0.614810,0.540680,0.031432,0.576850,0.559668,0.042769,0.573182,0.596869,0.043240,0.583156,0.628094,0.040931
845,1695021711.542143,1,13.8813,13.8813,2.7495,-0.3186,4.0854,1605.6931,21.1161,4913.0189,3.1882,160.2801,149.3962,105.6872,76.4824,48.4998,29.7069,0.000849,0.630364,0.764771,-0.000000,0.558351,0.779361,-0.014950,0.494766,0.714880,-0.010427,0.469576,0.636582,0.002396,0.488916,0.598854,0.016228,0.528773,0.562902,-0.019161,0.478035,0.511011,-0.007194,0.449531,0.489218,-0.002898,0.430908,0.462157,-0.003490,0.567092,0.529015,-0.003616,0.521648,0.555147,0.018635,0.523047,0.611092,0.029965,0.538207,0.636777,0.032278,0.595449,0.530453,0.012618,0.551041,0.552095,0.028812,0.550205,0.602972,0.029174,0.563134,0.627884,0.024245,0.617027,0.543118,0.028191,0.580323,0.559023,0.039282,0.577084,0.595281,0.040470,0.587364,0.626542,0.038846
846,1695021711.550477,1,-9.2100,-9.2100,-3.9874,-6.7369,7.9361,2455.6033,36.0487,5890.4826,2.9418,164.7523,146.2795,111.5655,83.7165,56.3915,32.7800,0.000192,0.632114,0.766167,-0.000000,0.560487,0.783034,-0.018321,0.496909,0.720515,-0.016753,0.469450,0.642817,-0.006648,0.488690,0.608374,0.004572,0.532569,0.568429,-0.022476,0.478662,0.520638,-0.011774,0.450027,0.498846,-0.008019,0.431564,0.469909,-0.009180,0.569966,0.533541,-0.006218,0.519631,0.558270,0.012524,0.520616,0.614979,0.022499,0.536703,0.640971,0.024482,0.596661,0.533558,0.010646,0.548495,0.553454,0.023898,0.546741,0.603970,0.024391,0.560357,0.629357,0.020325,0.617128,0.545283,0.026642,0.577261,0.558066,0.036090,0.573555,0.593378,0.037506,0.584574,0.624195,0.036455
847,1695021711.558810,1,24.8478,24.8478,5.1967,9.1841,11.2526,1556.5215,50.7139,5298.6481,2.1032,160.8310,139.3786,120.0364,91.2285,63.2296,36.8345,0.000000,0.631695,0.776645,-0.000000,0.560064,0.787925,-0.016183,0.496124,0.723919,-0.010925,0.468860,0.646605,0.003376,0.489832,0.609529,0.019042,0.533819,0.568106,-0.017944,0.478988,0.524048,-0.000965,0.450728,0.507622,0.006881,0.431961,0.483113,0.008258,0.571459,0.535863,-0.000028,0.520468,0.563965,0.025515,0.521499,0.622255,0.037416,0.536547,0.649549,0.039789,0.598311,0.537429,0.018945,0.549879,0.560784,0.038814,0.548578,0.614437,0.038027,0.561251,0.640542,0.031688,0.618672,0.548807,0.037243,0.581067,0.564029,0.051553,0.577469,0.600599,0.051855,0.587909,0.632597,0.049014
848,1695021711.567143,1,-22.0416,-22.0416,-8.1387,-13.3354,16.8911,2705.2010,24.3433,5502.9968,2.0208,162.4552,138.3843,123.7577,94.6509,65.8106,36.4424,0.000000,0.634963,0.777110,-0.000000,0.563274,0.789852,-0.013915,0.499037,0.729468,-0.009763,0.470236,0.655924,0.002333,0.485661,0.620834,0.015627,0.531280,0.575252,-0.018205,0.478600,0.530552,-0.002929,0.450956,0.513116,0.004709,0.433186,0.487444,0.006164,0.568390,0.539770,-0.003232,0.521508,0.568744,0.019582,0.523529,0.626834,0.031116,0.539074,0.654519,0.033812,0.596612,0.539453,0.012985,0.551271,0.563783,0.029756,0.551593,0.615241,0.029714,0.564772,0.642332,0.024578,0.618312,0.551046,0.028718,0.582986,0.567773,0.040666,0.581191,0.601545,0.041583,0.591571,0.632714,0.039797
849,1695021711.575477,1,14.4672,14.4672,0.1465,8.2851,17.2844,924.3903,65.9559,5496.5012,2.2108,163.7037,136.5962,126.6688,98.6564,70.0576,38.9762,0.000000,0.634737,0.774300,-0.000000,0.562451,0.792142,-0.017228,0.497903,0.731183,-0.014339,0.470502,0.654030,-0.002366,0.489595,0.623123,0.010831,0.535590,0.579184,-0.023458,0.481736,0.535822,-0.010244,0.452900,0.518230,-0.004447,0.433414,0.491796,-0.004405,0.571331,0.543197,-0.006691,0.520473,0.570429,0.014478,0.520475,0.630444,0.025683,0.535395,0.660642,0.028122,0.596576,0.542594,0.011142,0.548024,0.564744,0.026185,0.546319,0.617609,0.025725,0.559344,0.645459,0.020591,0.615998,0.553168,0.028434,0.577503,0.566547,0.039906,0.573919,0.601301,0.041033,0.584392,0.632623,0.039213
850,1695021711.583810,1,-17.2542,-17.2542,-2.0110,-2.1575,18.3204,900.2848,22.9932,4743.3464,1.8935,164.7886,133.7876,131.8031,103.6131,75.1332,44.0870,0.000000,0.635801,0.778569,-0.000000,0.563314,0.795863,-0.017156,0.498007,0.733480,-0.014637,0.471193,0.656364,-0.004158,0.489213,0.623398,0.007480,0.537654,0.580576,-0.020149,0.480974,0.541256,-0.007401,0.451970,0.524536,-0.001249,0.433202,0.499137,-0.001130,0.574115,0.545156,-0.005430,0.521292,0.571570,0.011786,0.521106,0.629251,0.021496,0.536109,0.657842,0.023826,0.599726,0.543517,0.010034,0.549562,0.565634,0.021138,0.547321,0.615086,0.021781,0.560041,0.642158,0.018436,0.618773,0.554098,0.024738,0.576900,0.567816,0.032085,0.573138,0.602544,0.033300,0.583510,0.633705,0.032558
851,1695021711.592143,1,16.6735,16.6735,-2.0436,-0.0325,19.1443,641.9346,8.1840,4229.6336,2.1264,158.7840,131.5417,134.9086,106.5731,77.7591,45.5519,0.000000,0.634205,0.780019,-0.000000,0.564243,0.796472,-0.018807,0.499691,0.737900,-0.018009,0.470302,0.662313,-0.009188,0.486784,0.626195,0.000702,0.537766,0.583013,-0.022300,0.480318,0.545246,-0.009329,0.451940,0.529586,-0.002468,0.433815,0.504944,-0.001924,0.572892,0.546440,-0.006878,0.520136,0.576000,0.009305,0.520719,0.634227,0.018477,0.536419,0.663510,0.020640,0.598205,0.544403,0.009452,0.548879,0.570645,0.020055,0.546845,0.620776,0.020841,0.559740,0.649085,0.017728,0.617256,0.554591,0.024884,0.577523,0.570944,0.031520,0.573586,0.606084,0.032183,0.583670,0.637186,0.031238
852,1695021711.600477,1,-19.4498,-19.4498,0.6479,2.6915,17.3016,754.4177,34.6082,3976.4407,1.9853,154.2716,127.8631,138.4878,109.6651,80.9091,48.5015,0.000000,0.635355,0.781654,-0.000000,0.564694,0.799336,-0.019641,0.501161,0.741197,-0.019313,0.471728,0.666262,-0.010875,0.486706,0.631543,-0.001182,0.538040,0.584871,-0.021878,0.479928,0.548789,-0.007193,0.451710,0.534630,0.001394,0.434107,0.511817,0.003173,0.574301,0.549480,-0.005840,0.521312,0.573676,0.010986,0.521413,0.630262,0.020280,0.536750,0.659937,0.022718,0.600054,0.547909,0.011210,0.550104,0.569244,0.021964,0.547955,0.618143,0.022147,0.560638,0.646824,0.018828,0.618908,0.558387,0.027460,0.578503,0.571030,0.034228,0.574732,0.604730,0.034719,0.584527,0.635849,0.033748
853,1695021711.608810,1,-28.8101,-28.8101,-10.8193,-11.4673,18.7458,3214.8962,41.5236,3677.1003,1.9966,155.3573,128.3631,143.6388,115.5582,86.1456,51.7659,0.000000,0.634617,0.781177,-0.000000,0.564424,0.799675,-0.018288,0.501131,0.742567,-0.017704,0.471470,0.666574,-0.009390,0.487441,0.628614,0.000316,0.536107,0.586870,-0.018604,0.477497,0.551903,-0.002721,0.449971,0.539979,0.006627,0.434119,0.517994,0.009128,0.571292,0.551191,-0.002351,0.518693,0.574665,0.015941,0.519582,0.630801,0.025233,0.535838,0.660131,0.027779,0.597439,0.549536,0.015061,0.548877,0.569386,0.027156,0.546842,0.618799,0.026812,0.560499,0.648103,0.023217,0.617428,0.558804,0.031836,0.578597,0.570683,0.040338,0.574528,0.604344,0.040820,0.584730,0.635245,0.039737
854,1695021711.617143,1,18.3144,18.3144,8.8922,19.7115,19.6626,3308.4938,68.3133,3921.4734,2.2512,153.7276,126.0970,144.2737,114.6308,85.3416,52.4702,0.000000,0.635975,0.784107,-0.000000,0.564778,0.801159,-0.020109,0.501844,0.743483,-0.021311,0.470977,0.667564,-0.014492,0.487036,0.633545,-0.006406,0.539549,0.586558,-0.022747,0.480281,0.554509,-0.008472,0.452382,0.543516,-0.000367,0.435414,0.519635,0.000854,0.574534,0.551181,-0.006646,0.518115,0.579753,0.008774,0.518792,0.638743,0.017121,0.535433,0.668689,0.019147,0.599676,0.550200,0.010680,0.547672,0.574331,0.020920,0.546094,0.625033,0.021231,0.560664,0.654537,0.018199,0.618614,0.561855,0.027118,0.579823,0.575059,0.034029,0.576340,0.608851,0.034502,0.587164,0.639453,0.033595
855,1695021711.625477,1,22.5891,22.5891,1.4789,-7.4133,21.5158,738.6181,30.2301,3774.0171,2.0423,155.5725,121.8342,148.8135,119.8010,90.9628,58.4083,0.000000,0.636301,0.784973,-0.000000,0.565517,0.800990,-0.020003,0.502762,0.743803,-0.020934,0.470646,0.672203,-0.013297,0.485418,0.643845,-0.004396,0.540679,0.587579,-0.026237,0.479757,0.556486,-0.009183,0.452071,0.548014,0.002370,0.434977,0.527449,0.005857,0.575458,0.552087,-0.009004,0.519202,0.580426,0.008420,0.520138,0.640241,0.018580,0.535262,0.671068,0.021342,0.600346,0.550964,0.010056,0.548378,0.576171,0.022102,0.547385,0.626254,0.022671,0.560750,0.656228,0.019099,0.618186,0.562119,0.028512,0.579099,0.575027,0.036837,0.576012,0.608582,0.037419,0.586055,0.639103,0.035980
856,1695021711.633810,1,30.4913,30.4913,12.4853,11.0064,23.9862,3587.2849,30.2903,3541.9640,2.5516,155.2083,125.7134,158.2481,130.2669,100.9292,65.7383,0.000000,0.637027,0.785016,-0.000000,0.566329,0.801575,-0.020601,0.503746,0.744173,-0.021981,0.471401,0.671127,-0.014853,0.486021,0.638518,-0.006249,0.542236,0.586159,-0.022218,0.480402,0.560754,-0.003207,0.452952,0.557205,0.008876,0.436562,0.539028,0.012533,0.576262,0.553116,-0.004202,0.516955,0.575583,0.014128,0.518188,0.634395,0.023247,0.534640,0.665067,0.025505,0.600189,0.552990,0.015651,0.545882,0.572236,0.028577,0.544547,0.622935,0.028356,0.559129,0.653786,0.024443,0.617629,0.563505,0.034920,0.576492,0.571207,0.043956,0.572154,0.605522,0.044319,0.582737,0.636896,0.042777
857,1695021711.642143,0,39.8271,39.8271,17.1593,4.6740,23.8046,3943.3120,18.6711,4153.7980,1.6754,131.4097,120.2876,175.2944,147.9720,118.6350,82.2230,0.000000,0.635501,0.791458,-0.000000,0.568016,0.801149,-0.022993,0.504288,0.744827,-0.025032,0.470473,0.677067,-0.018318,0.483433,0.648360,-0.010049,0.543948,0.581271,-0.024654,0.481756,0.565305,-0.002552,0.454230,0.569725,0.014216,0.436761,0.563118,0.021239,0.577809,0.549901,-0.005556,0.518931,0.576266,0.013400,0.517369,0.630213,0.023914,0.529766,0.661752,0.027280,0.602230,0.553162,0.015539,0.549800,0.580049,0.028300,0.545302,0.624479,0.028397,0.554467,0.656577,0.024791,0.618818,0.567117,0.035944,0.578623,0.581686,0.043053,0.572290,0.613584,0.042427,0.578411,0.644646,0.040454
858,1695021711.650477,0,,,0.0000,0.0000,0.0000,0.0000,21.9218,4672.6210,0.9609,20.8040,131.6841,207.6043,179.2877,148.2706,108.7928,0.000000,0.635838,0.794644,-0.000000,0.565038,0.802842,-0.020807,0.503367,0.747544,-0.022567,0.469827,0.683248,-0.015834,0.481487,0.656403,-0.007073,0.542028,0.576453,-0.025649,0.481813,0.572343,0.001129,0.460627,0.592934,0.024248,0.449115,0.602638,0.035678,0.577762,0.548596,-0.007322,0.517498,0.578446,0.013407,0.513500,0.631633,0.024699,0.521733,0.664440,0.028107,0.603924,0.553696,0.014188,0.549346,0.581144,0.028552,0.543044,0.623530,0.029986,0.549535,0.658927,0.026787,0.621200,0.572274,0.035386,0.579127,0.585860,0.042647,0.570337,0.615413,0.043009,0.572415,0.647718,0.041855
859,1695021711.658810,0,,,0.0000,0.0000,0.0000,0.0000,15.2375,8841.9907,1.0433,46.7253,160.2052,250.5697,220.5089,187.3226,145.6212,0.000000,0.637623,0.790285,-0.000001,0.565230,0.802392,-0.023764,0.504353,0.748514,-0.028669,0.470051,0.683798,-0.024868,0.481947,0.651226,-0.018082,0.542802,0.577585,-0.035158,0.478414,0.587212,-0.014294,0.467283,0.630148,0.006281,0.468458,0.653418,0.016887,0.578232,0.548699,-0.016781,0.516133,0.581051,-0.001974,0.512984,0.633146,0.007675,0.524074,0.662035,0.010227,0.604330,0.552173,0.004880,0.548090,0.574818,0.014161,0.540414,0.617194,0.016104,0.549296,0.654530,0.014063,0.621842,0.571030,0.026062,0.579120,0.579089,0.029215,0.568862,0.607122,0.029609,0.571211,0.637243,0.029372
860,1695021711.667143,0,,,0.0000,0.0000,0.0000,0.0000,9.2041,9448.5539,1.2914,77.1975,172.0900,261.5063,231.0984,197.7734,155.9289,0.000000,0.637485,0.795757,-0.000001,0.564439,0.805052,-0.026894,0.505045,0.748913,-0.032777,0.469306,0.682734,-0.029030,0.482295,0.651538,-0.021936,0.543345,0.580151,-0.037648,0.479329,0.588197,-0.015745,0.471157,0.637346,0.006171,0.475975,0.665467,0.017638,0.578224,0.551580,-0.016811,0.515912,0.584237,-0.000717,0.512845,0.640047,0.009260,0.524445,0.669768,0.011682,0.603657,0.555287,0.007331,0.547325,0.579392,0.017747,0.540021,0.625925,0.019201,0.550211,0.665917,0.016494,0.620808,0.573909,0.030863,0.578733,0.583018,0.034620,0.569142,0.613641,0.034407,0.573047,0.644427,0.033645
861,1695021711.675477,0,,,0.0000,0.0000,0.0000,0.0000,30.8803,10044.8218,1.5331,82.6065,172.5072,262.2664,231.2218,197.5191,154.7429,0.000000,0.639180,0.793438,-0.000000,0.565851,0.807925,-0.024852,0.505860,0.752952,-0.030855,0.470970,0.684405,-0.028200,0.483956,0.650778,-0.022266,0.541221,0.582675,-0.034414,0.478721,0.588972,-0.014331,0.472003,0.637207,0.005466,0.477624,0.663514,0.015522,0.576577,0.551854,-0.015742,0.515270,0.580610,-0.001173,0.512964,0.634980,0.007975,0.525688,0.663378,0.010177,0.603176,0.553497,0.005995,0.546853,0.573774,0.014775,0.539665,0.620072,0.016585,0.550556,0.658922,0.014635,0.621991,0.570604,0.027172,0.579068,0.576078,0.030190,0.569097,0.607199,0.030865,0.573463,0.638152,0.031039
862,1695021711.683810,0,,,0.0000,0.0000,0.0000,0.0000,10.3112,9509.0256,0.8770,27.4722,149.4820,235.5991,206.2611,173.9664,132.9808,0.000000,0.638183,0.795217,-0.000000,0.565584,0.806500,-0.023618,0.504655,0.752372,-0.028340,0.471669,0.685865,-0.024523,0.484643,0.652521,-0.017877,0.543198,0.581093,-0.031094,0.480854,0.581115,-0.008402,0.466300,0.615722,0.013112,0.462555,0.635792,0.024147,0.578756,0.552516,-0.012481,0.516804,0.580259,0.003623,0.512017,0.631853,0.013174,0.520702,0.665364,0.015865,0.604738,0.556046,0.009213,0.548409,0.581560,0.019934,0.540367,0.622526,0.021477,0.547079,0.660824,0.019147,0.622133,0.574990,0.030354,0.579512,0.585037,0.034653,0.568595,0.612165,0.034847,0.568687,0.642892,0.034397
863,1695021711.692143,0,,,0.0000,0.0000,0.0000,0.0000,8.4121,2700.1665,1.0184,20.3009,139.8984,214.2547,184.8565,152.6105,111.5999,0.000000,0.636888,0.795974,-0.000000,0.567136,0.807272,-0.021865,0.507691,0.753497,-0.025613,0.474063,0.688134,-0.020843,0.482617,0.653246,-0.013348,0.542477,0.582593,-0.028705,0.483924,0.574151,-0.004040,0.464936,0.596591,0.018209,0.455825,0.609234,0.029547,0.578199,0.552957,-0.010623,0.520569,0.573310,0.009074,0.515141,0.619380,0.020317,0.522417,0.649711,0.023699,0.604750,0.556143,0.010539,0.552114,0.573818,0.024174,0.543364,0.612522,0.026804,0.547831,0.647448,0.024562,0.622684,0.574533,0.031254,0.582175,0.579313,0.038317,0.570658,0.603673,0.039714,0.569278,0.633221,0.039444
864,1695021711.700477,0,,,0.0000,0.0000,0.0000,0.0000,9.3003,3097.5689,1.1778,33.6914,132.4548,197.8109,169.3990,138.1487,98.4765,0.000000,0.637191,0.794961,-0.000000,0.567246,0.806802,-0.024506,0.507128,0.750171,-0.026992,0.473481,0.682609,-0.019863,0.482884,0.650751,-0.009881,0.545267,0.582291,-0.027716,0.484526,0.569472,-0.001120,0.461856,0.584138,0.022276,0.449331,0.589748,0.034030,0.580187,0.553513,-0.007066,0.520123,0.575765,0.013905,0.516659,0.629009,0.025817,0.526915,0.661059,0.029780,0.604949,0.556821,0.016265,0.549735,0.576258,0.030188,0.543466,0.621740,0.031529,0.551367,0.657990,0.028513,0.621379,0.572881,0.038994,0.579538,0.580075,0.045666,0.569937,0.610301,0.045168,0.572254,0.643141,0.043523
865,1695021711.708810,0,,,0.0000,0.0000,0.0000,0.0000,40.7234,4645.4208,1.6156,76.5779,125.4073,183.8407,156.5535,126.6527,89.5631,0.000000,0.634687,0.792185,-0.000000,0.567218,0.806093,-0.028095,0.508302,0.751256,-0.033303,0.474770,0.682729,-0.028282,0.481408,0.644451,-0.020280,0.548020,0.585732,-0.032936,0.482635,0.564378,-0.010215,0.456600,0.572773,0.010003,0.442293,0.573416,0.020208,0.582325,0.556087,-0.010669,0.520970,0.564396,0.008158,0.516071,0.611253,0.019811,0.526567,0.640968,0.024151,0.606181,0.559060,0.013826,0.551653,0.569787,0.026103,0.542490,0.610803,0.028035,0.548214,0.643497,0.026123,0.621415,0.573447,0.037464,0.579052,0.575167,0.042939,0.567404,0.601663,0.042647,0.567865,0.630715,0.041573
866,1695021711.717143,0,31.0579,31.0579,3.1859,0.0000,7.4496,307.3112,30.3154,4132.8108,1.5055,136.5069,126.9645,168.1944,140.6597,110.8217,74.3836,0.000000,0.635484,0.790324,-0.000000,0.566056,0.804875,-0.029069,0.505634,0.745272,-0.033669,0.473324,0.671673,-0.028100,0.484736,0.637756,-0.019887,0.548973,0.581766,-0.031695,0.481692,0.556535,-0.013640,0.453196,0.560297,0.001943,0.438590,0.553284,0.008795,0.582652,0.552397,-0.010042,0.516893,0.575033,0.002705,0.516455,0.633728,0.011659,0.532899,0.664212,0.015131,0.604316,0.555222,0.013073,0.544961,0.578352,0.019834,0.541257,0.629477,0.020166,0.554324,0.662284,0.018278,0.618265,0.568976,0.035109,0.573884,0.580689,0.037060,0.566824,0.616839,0.035288,0.574199,0.648833,0.033780
867,1695021711.725477,0,-22.7979,-22.7979,-11.3468,-14.5326,22.1971,1266.6031,33.0389,3723.6366,1.7702,138.9931,128.3981,161.5319,133.2906,102.9352,66.0980,0.000000,0.637990,0.792383,-0.000000,0.569241,0.805813,-0.028616,0.507098,0.743614,-0.033326,0.473515,0.667937,-0.028093,0.484250,0.636782,-0.020521,0.554578,0.584679,-0.032808,0.487815,0.551842,-0.017397,0.457452,0.550951,-0.004129,0.438506,0.542390,0.001142,0.587573,0.554193,-0.011711,0.520036,0.574094,-0.000098,0.517740,0.634658,0.009204,0.532049,0.668349,0.012585,0.607978,0.555700,0.010643,0.546727,0.574658,0.016524,0.542075,0.625249,0.018211,0.553518,0.660324,0.017006,0.620778,0.568624,0.031846,0.575204,0.575204,0.033018,0.567287,0.610887,0.031965,0.573605,0.644593,0.030877
868,1695021711.733810,0,21.6526,21.6526,-2.2097,9.1371,22.1804,72.9963,0.7117,3818.1609,1.6858,138.1975,127.8012,154.3231,126.1650,96.3115,60.7198,0.000000,0.635889,0.790678,-0.000000,0.565859,0.804009,-0.030857,0.505441,0.739070,-0.036081,0.473133,0.660853,-0.030326,0.485080,0.626103,-0.021937,0.554441,0.581771,-0.033616,0.486133,0.543913,-0.017534,0.455105,0.542202,-0.004441,0.437452,0.532081,0.001014,0.587320,0.552494,-0.010576,0.518417,0.568309,0.002556,0.517269,0.628391,0.011635,0.533635,0.659428,0.015082,0.606791,0.554297,0.013546,0.544697,0.572043,0.020906,0.541052,0.624190,0.020423,0.554611,0.655212,0.017838,0.618595,0.566077,0.036512,0.573695,0.569413,0.040079,0.567005,0.605663,0.038625,0.575294,0.637817,0.037004
869,1695021711.742143,0,6.9762,6.9762,-8.2127,-6.0030,21.9589,469.1243,40.3025,4211.2081,1.7162,137.5401,128.8437,142.6827,113.9005,84.3820,50.7142,0.000000,0.634574,0.788863,-0.000000,0.565545,0.800414,-0.032346,0.506106,0.736318,-0.036947,0.475184,0.658997,-0.029830,0.487412,0.620197,-0.020048,0.556401,0.582779,-0.035480,0.488874,0.539353,-0.023490,0.455761,0.532823,-0.014627,0.435257,0.518208,-0.011614,0.588958,0.553950,-0.011820,0.518772,0.572386,-0.000766,0.517796,0.635640,0.007179,0.535873,0.665164,0.010169,0.606163,0.554507,0.012301,0.542532,0.574041,0.018113,0.539807,0.628399,0.017042,0.555137,0.656285,0.014449,0.616200,0.564321,0.035037,0.569807,0.571844,0.037402,0.565141,0.610107,0.035840,0.576129,0.642351,0.034637
870,1695021711.750477,0,1.1916,1.1916,-7.4666,0.7461,18.5107,1606.3291,10.5452,5433.8662,2.0809,141.6574,134.4984,132.8540,103.3615,73.6638,41.4918,0.000000,0.634220,0.787117,-0.000000,0.565068,0.798160,-0.031506,0.504352,0.732434,-0.034568,0.474195,0.652989,-0.025288,0.489262,0.618129,-0.013285,0.554408,0.584247,-0.038550,0.489031,0.533595,-0.026899,0.456468,0.521419,-0.018096,0.434147,0.502253,-0.015098,0.587577,0.554141,-0.014625,0.519841,0.569751,-0.001858,0.518990,0.632080,0.008275,0.535684,0.661582,0.012340,0.604819,0.552839,0.009803,0.542626,0.570348,0.017326,0.540534,0.625009,0.016882,0.554906,0.651868,0.014165,0.615351,0.560674,0.032923,0.570227,0.566245,0.037567,0.565682,0.602693,0.036649,0.575758,0.634237,0.035254
871,1695021711.758810,0,-2.8023,-2.8023,4.9989,12.4655,14.4427,3917.5675,17.6734,6360.1571,2.0639,148.0934,140.7998,121.8270,91.3805,61.2678,31.7853,0.000000,0.632106,0.787574,-0.000000,0.562554,0.795476,-0.030406,0.503009,0.729871,-0.031300,0.474628,0.652657,-0.018123,0.488080,0.609928,-0.001933,0.552244,0.583556,-0.045164,0.488939,0.526122,-0.032534,0.456233,0.509411,-0.023497,0.432476,0.486961,-0.020302,0.586679,0.554846,-0.018835,0.519886,0.565964,-0.000464,0.518944,0.627249,0.012610,0.534329,0.656428,0.016903,0.604027,0.553884,0.008588,0.541887,0.567274,0.020952,0.540224,0.623032,0.020568,0.552981,0.649003,0.016119,0.613699,0.559725,0.035193,0.568927,0.564033,0.043657,0.564312,0.600250,0.043083,0.572652,0.630809,0.040569
872,1695021711.767143,0,1.2719,1.2719,-5.0952,-10.0941,8.5829,1890.5230,13.9985,7513.7257,1.7592,151.1489,152.8021,117.4585,83.9594,51.6828,21.4747,0.000017,0.630121,0.787876,-0.000000,0.562082,0.797075,-0.029262,0.501821,0.730592,-0.030412,0.472826,0.650108,-0.019735,0.485916,0.608279,-0.006726,0.550097,0.583428,-0.037973,0.490653,0.517423,-0.027674,0.459458,0.496015,-0.020098,0.436635,0.473370,-0.017816,0.585441,0.551209,-0.015006,0.519306,0.563568,-0.000846,0.515113,0.624845,0.011041,0.528806,0.657756,0.015888,0.604256,0.550656,0.008225,0.542726,0.566859,0.016253,0.537661,0.620115,0.017700,0.547669,0.648230,0.016058,0.614584,0.560404,0.030262,0.568347,0.567468,0.034766,0.560802,0.601710,0.034710,0.566691,0.632916,0.033741
873,1695021711.775477,0,-9.0548,-9.0548,-4.0077,1.0874,5.2986,3609.8453,11.6626,4881.9423,1.4407,154.7431,159.2153,106.5705,72.1671,39.5464,19.6157,0.000861,0.629156,0.789248,-0.000000,0.560210,0.795272,-0.027446,0.501486,0.728620,-0.027596,0.474017,0.649115,-0.015316,0.488472,0.603168,-0.000369,0.548157,0.582703,-0.037262,0.489891,0.511067,-0.024894,0.458849,0.485666,-0.016925,0.434739,0.458397,-0.014471,0.583936,0.552432,-0.012718,0.518041,0.560030,0.004995,0.516442,0.621826,0.017490,0.531575,0.655478,0.022259,0.603079,0.551692,0.012667,0.541421,0.563543,0.024408,0.538691,0.618658,0.024677,0.550584,0.647196,0.021571,0.614184,0.558681,0.037352,0.568839,0.562708,0.045755,0.562454,0.598567,0.046012,0.569329,0.629775,0.044638
874,1695021711.783810,0,7.7852,7.7852,1.6484,5.6561,5.5312,1763.3415,0.2706,3664.1407,1.5133,154.5548,162.4094,94.9604,60.3913,30.9907,28.4457,0.002854,0.629036,0.787919,-0.000000,0.559007,0.794128,-0.026576,0.500677,0.726616,-0.021727,0.473325,0.648573,-0.002111,0.486478,0.607769,0.020703,0.543126,0.577751,-0.040681,0.486137,0.501019,-0.027163,0.454273,0.474103,-0.018014,0.429788,0.447415,-0.013658,0.579035,0.553260,-0.011392,0.515377,0.564774,0.012459,0.511943,0.629865,0.029021,0.524526,0.664852,0.036034,0.597996,0.555649,0.019016,0.537055,0.571415,0.035073,0.533449,0.630993,0.033315,0.544019,0.658898,0.028130,0.608432,0.559615,0.049375,0.564234,0.572211,0.059844,0.557562,0.610796,0.057741,0.563832,0.641231,0.054305
875,1695021711.792143,0,-1.0328,-1.0328,0.4424,-1.2060,5.4808,1480.5839,45.3793,4126.4217,2.3400,154.8156,166.4845,91.2722,55.0977,25.5182,30.9363,0.004028,0.626209,0.783856,-0.000000,0.557542,0.792423,-0.027283,0.499049,0.726939,-0.027376,0.471292,0.646598,-0.015067,0.485205,0.606267,-0.000537,0.544158,0.579747,-0.041719,0.487324,0.500586,-0.032632,0.455156,0.468774,-0.026003,0.430769,0.438895,-0.023619,0.579922,0.548759,-0.016960,0.519218,0.560850,-0.000373,0.515082,0.621508,0.014043,0.528120,0.654910,0.020422,0.599371,0.550416,0.008530,0.542445,0.564280,0.018357,0.537475,0.617220,0.019264,0.547683,0.645514,0.017130,0.610454,0.559022,0.033498,0.568008,0.565115,0.040396,0.561041,0.599228,0.040797,0.567783,0.629820,0.039916
876,1695021711.800477,0,7.2002,7.2002,1.4821,1.0397,6.1565,1437.6595,39.5546,5726.5730,1.5629,154.8758,175.7860,85.5872,48.8338,17.5634,30.5832,0.004450,0.626394,0.789340,-0.000000,0.557890,0.793661,-0.026219,0.497007,0.725219,-0.024648,0.468660,0.642155,-0.010864,0.485638,0.596469,0.005041,0.542864,0.579430,-0.036599,0.487394,0.495340,-0.024419,0.456693,0.460935,-0.016866,0.432568,0.427395,-0.014334,0.578853,0.549391,-0.010946,0.517959,0.560191,0.009929,0.511775,0.622673,0.024798,0.523688,0.657484,0.030897,0.598701,0.552463,0.015520,0.541334,0.565207,0.028900,0.534799,0.620184,0.028903,0.544652,0.649166,0.025609,0.610343,0.561472,0.041584,0.567025,0.565932,0.051167,0.558975,0.602354,0.051744,0.566161,0.635691,0.050674
877,1695021711.808810,0,6.5515,6.5515,3.9016,2.4195,6.5148,1188.4990,59.3534,7030.6420,1.8003,151.5486,180.5382,84.8636,46.3431,13.1870,31.6027,0.004930,0.623744,0.783981,-0.000000,0.555790,0.792561,-0.029036,0.495886,0.724656,-0.031110,0.468418,0.640331,-0.022263,0.486076,0.597112,-0.011708,0.545507,0.579329,-0.039666,0.488921,0.494727,-0.034097,0.458096,0.457361,-0.028978,0.435462,0.422621,-0.027449,0.581310,0.545453,-0.016918,0.517760,0.563939,-0.007511,0.511833,0.627953,0.004718,0.525964,0.662109,0.011592,0.600681,0.546322,0.005855,0.541592,0.566994,0.008966,0.534482,0.621228,0.010679,0.545281,0.650705,0.011399,0.611531,0.557612,0.027654,0.566071,0.568181,0.029397,0.558258,0.604029,0.029919,0.566464,0.636133,0.030868
878,1695021711.817143,0,-15.0238,-15.0238,-5.7022,-9.6038,8.6735,1033.8651,43.0048,6900.1664,2.1927,157.0594,183.7834,79.9589,41.3921,9.6834,35.4828,0.005924,0.621872,0.777636,-0.000000,0.553622,0.786018,-0.026624,0.496408,0.720705,-0.025495,0.471845,0.641884,-0.011239,0.485158,0.593013,0.005347,0.541157,0.576731,-0.044266,0.488443,0.488398,-0.038407,0.457996,0.448977,-0.036071,0.434008,0.413249,-0.036205,0.577647,0.547781,-0.017991,0.518382,0.558949,0.000161,0.510900,0.621050,0.014557,0.521072,0.656239,0.020242,0.596832,0.549334,0.009006,0.540125,0.560878,0.021255,0.532418,0.615542,0.022554,0.540718,0.644846,0.020114,0.607696,0.555990,0.035565,0.564385,0.562984,0.044224,0.555218,0.597421,0.045272,0.560238,0.627840,0.044667
879,1695021711.825477,0,0.7691,0.7691,0.4505,6.1527,8.0208,2207.2843,51.9037,5840.1102,1.8118,165.2986,189.1381,74.9170,34.0652,3.5522,42.7530,0.008035,0.623145,0.779217,-0.000000,0.554680,0.787348,-0.026779,0.495805,0.720198,-0.024092,0.469156,0.639225,-0.008787,0.483530,0.595293,0.008670,0.539774,0.570908,-0.038192,0.485645,0.480977,-0.029040,0.456212,0.440188,-0.023696,0.434004,0.402467,-0.021906,0.576520,0.542994,-0.011666,0.516412,0.555299,0.007091,0.507956,0.619593,0.021533,0.518285,0.657901,0.028123,0.596902,0.546777,0.015350,0.539818,0.562236,0.026954,0.531007,0.618325,0.026508,0.538964,0.649983,0.023733,0.608881,0.555819,0.041907,0.565243,0.566474,0.049230,0.555967,0.603569,0.048584,0.561615,0.637153,0.047435
880,1695021711.833810,0,2.6451,2.6451,-1.1388,-1.5892,8.0889,706.3180,40.5892,7126.6691,2.7941,159.0887,192.1293,79.8838,38.0869,2.7278,40.2793,0.006917,0.622684,0.783222,-0.000000,0.553615,0.789513,-0.025794,0.492824,0.719399,-0.024860,0.466686,0.634493,-0.013289,0.483855,0.588171,-0.000344,0.540821,0.573716,-0.036263,0.487625,0.481467,-0.027626,0.459703,0.440420,-0.021370,0.438329,0.402927,-0.019475,0.578147,0.540439,-0.013516,0.516315,0.553483,0.001401,0.507354,0.615149,0.015234,0.517577,0.651227,0.021948,0.599241,0.542929,0.009650,0.541243,0.562878,0.018089,0.531253,0.613187,0.020297,0.538504,0.643572,0.019820,0.611017,0.555721,0.032016,0.565517,0.566791,0.036363,0.555583,0.601204,0.037066,0.561216,0.634969,0.037449
881,1695021711.842143,0,12.0741,12.0741,1.3807,2.5194,9.0792,840.0869,58.3491,7631.2687,1.8489,163.3951,194.5124,71.5103,29.5138,8.3229,48.4075,0.009866,0.622106,0.775909,-0.000000,0.553038,0.784314,-0.028818,0.495016,0.715512,-0.029458,0.468775,0.633679,-0.018110,0.484698,0.586963,-0.005044,0.541424,0.568610,-0.041831,0.486371,0.477151,-0.036684,0.455797,0.433292,-0.034307,0.433633,0.393432,-0.034799,0.579059,0.539820,-0.016804,0.518532,0.555861,-0.002610,0.510230,0.618913,0.010333,0.522046,0.655316,0.015995,0.599606,0.545020,0.008428,0.543086,0.561766,0.016907,0.534108,0.614490,0.018889,0.542842,0.644984,0.017985,0.612087,0.557987,0.032662,0.569023,0.566714,0.037747,0.559911,0.601564,0.038729,0.566134,0.634949,0.039059
882,1695021711.850477,0,-9.5459,-9.5459,1.3695,-0.0112,9.5259,659.0727,54.2423,8144.2898,1.8823,160.8164,199.1568,75.0508,32.7842,10.3274,48.4179,0.008842,0.620203,0.773859,-0.000000,0.551821,0.782549,-0.027243,0.494303,0.715791,-0.029289,0.469348,0.633465,-0.020610,0.486538,0.582386,-0.010526,0.540216,0.569260,-0.038142,0.488654,0.476177,-0.032879,0.459382,0.431306,-0.030211,0.438063,0.392682,-0.030461,0.577815,0.539361,-0.015260,0.519486,0.554107,-0.002720,0.511133,0.614160,0.008895,0.522377,0.650672,0.014170,0.599133,0.543636,0.007860,0.544139,0.560840,0.015469,0.535516,0.610673,0.017738,0.543943,0.641250,0.017395,0.612435,0.556948,0.029997,0.569133,0.564924,0.035004,0.560195,0.598560,0.036687,0.566296,0.631503,0.037735
883,1695021711.858810,0,4.7184,4.7184,0.9873,-0.3822,6.9861,1754.6870,75.9268,8589.9578,0.5116,156.4753,200.3143,74.4131,32.0167,10.4398,49.3321,0.009581,0.619563,0.778565,-0.000000,0.550764,0.784760,-0.025757,0.491088,0.716858,-0.025316,0.465533,0.632889,-0.014391,0.483762,0.585733,-0.002238,0.538243,0.568205,-0.035884,0.487518,0.471916,-0.027232,0.459438,0.429219,-0.021140,0.437764,0.392236,-0.019389,0.576584,0.536911,-0.013293,0.516764,0.550109,0.001848,0.507304,0.609146,0.015299,0.517007,0.644609,0.021504,0.599084,0.541599,0.009727,0.542376,0.560979,0.019023,0.532673,0.610113,0.021501,0.539542,0.639760,0.020872,0.612597,0.555963,0.031817,0.567693,0.567520,0.036718,0.557757,0.601538,0.037531,0.563109,0.634901,0.037848
884,1695021711.867143,0,1.4413,1.4413,-0.3010,-1.2883,6.9650,1844.9914,36.5384,8029.5045,1.6412,160.9877,203.6250,70.3699,27.6943,15.3617,54.7832,0.011677,0.619670,0.777864,-0.000000,0.550079,0.783788,-0.025657,0.489601,0.712407,-0.025774,0.466548,0.626709,-0.015753,0.488129,0.579908,-0.004541,0.538684,0.565274,-0.036395,0.486147,0.468277,-0.030548,0.457219,0.422971,-0.026340,0.436738,0.383936,-0.025724,0.577478,0.534984,-0.015495,0.518007,0.552856,-0.004716,0.512145,0.613225,0.007238,0.525365,0.647508,0.013340,0.599583,0.540008,0.005546,0.543104,0.563727,0.011298,0.536244,0.614425,0.013757,0.546126,0.643907,0.013942,0.613122,0.555431,0.025469,0.568371,0.571789,0.027830,0.561389,0.607580,0.028350,0.569489,0.641014,0.029069
885,1695021711.875477,0,1.1191,1.1191,-2.7388,-2.4378,6.9752,439.2160,41.3269,7697.7741,2.0988,160.4213,208.1550,72.1927,30.2482,18.4609,56.1521,0.011390,0.618354,0.777342,-0.000000,0.549597,0.783497,-0.024421,0.489810,0.713181,-0.023607,0.464974,0.630721,-0.012747,0.484613,0.586552,-0.000771,0.536826,0.566560,-0.035567,0.487634,0.467399,-0.029027,0.459925,0.421427,-0.024564,0.439227,0.382506,-0.023958,0.575832,0.535363,-0.014844,0.517456,0.552662,-0.002655,0.510685,0.613300,0.009660,0.522236,0.647183,0.015498,0.598745,0.539826,0.006186,0.542927,0.562429,0.013789,0.535066,0.612447,0.016836,0.543410,0.641209,0.016737,0.612734,0.555188,0.026119,0.568933,0.569712,0.029610,0.560673,0.604329,0.030304,0.567226,0.636987,0.030757
886,1695021711.883810,0,-2.4066,-2.4066,1.7848,4.5236,4.8609,1829.1272,39.6160,7259.8184,2.2752,159.4151,211.7478,75.7133,33.6662,20.6033,56.1766,0.010539,0.617231,0.777476,-0.000000,0.548097,0.781634,-0.023231,0.488770,0.709467,-0.020858,0.465223,0.626723,-0.007858,0.485262,0.581020,0.006316,0.534607,0.565077,-0.034879,0.488861,0.465847,-0.026557,0.462115,0.419554,-0.022167,0.441668,0.379807,-0.021685,0.574244,0.535876,-0.012745,0.519105,0.553174,0.005152,0.510735,0.613322,0.019060,0.520794,0.648301,0.024661,0.597986,0.542771,0.009950,0.544753,0.563819,0.023072,0.535924,0.614401,0.025752,0.543192,0.644239,0.023887,0.612925,0.559563,0.031691,0.571681,0.574010,0.039510,0.562592,0.609039,0.040599,0.568008,0.643040,0.040309
887,1695021711.892143,0,-9.6449,-9.6449,-3.5908,-5.3757,4.8960,1723.3899,48.4910,6495.3998,1.8957,156.3580,216.7261,74.5863,33.2773,24.8668,60.5158,0.011800,0.617656,0.777880,-0.000000,0.548183,0.782075,-0.021930,0.487576,0.710242,-0.019128,0.463316,0.627914,-0.006667,0.484424,0.585996,0.006757,0.533709,0.561301,-0.030890,0.488707,0.461425,-0.021952,0.462548,0.414386,-0.016746,0.442598,0.374568,-0.016065,0.573869,0.532424,-0.010528,0.517272,0.556508,0.004626,0.509098,0.619428,0.017175,0.519683,0.654172,0.022553,0.598264,0.539799,0.010434,0.543763,0.567979,0.021871,0.535257,0.617745,0.025246,0.543192,0.646682,0.024358,0.613842,0.558042,0.030292,0.571290,0.577054,0.036504,0.562735,0.611827,0.037650,0.569342,0.644966,0.037950
888,1695021711.900477,0,-0.5054,-0.5054,-0.4867,3.1042,4.0599,505.5723,60.5308,6363.5476,1.5157,154.9915,218.7615,72.1933,30.8459,25.6385,62.4952,0.012608,0.618064,0.774646,-0.000000,0.548295,0.778952,-0.022675,0.489246,0.708435,-0.018759,0.465671,0.627263,-0.003474,0.484628,0.581517,0.013322,0.533662,0.560102,-0.034892,0.489148,0.459323,-0.026148,0.462509,0.411913,-0.022138,0.441832,0.371518,-0.021655,0.573216,0.533955,-0.011101,0.519012,0.551134,0.009099,0.509953,0.611744,0.023633,0.519101,0.647185,0.029257,0.596760,0.542562,0.013403,0.543930,0.563111,0.028799,0.535017,0.613865,0.031117,0.541909,0.643167,0.028620,0.611495,0.558499,0.037153,0.570626,0.571390,0.046631,0.561148,0.606192,0.047642,0.566031,0.639784,0.047117
889,1695021711.908810,0,0.4039,0.4039,-0.1788,0.3079,3.9022,567.2702,11.4462,5270.6735,1.8364,154.3511,223.6290,76.8875,37.2524,30.5646,64.4326,0.012076,0.616611,0.775352,-0.000000,0.546527,0.779528,-0.023715,0.486016,0.706573,-0.022541,0.463681,0.621609,-0.011782,0.485956,0.574231,0.000033,0.534927,0.560073,-0.034166,0.489807,0.456914,-0.028082,0.464130,0.407422,-0.024038,0.445152,0.366024,-0.023717,0.575117,0.530988,-0.014604,0.519223,0.554730,-0.003322,0.511434,0.615555,0.007889,0.522850,0.649140,0.013012,0.598897,0.538061,0.005320,0.544956,0.566099,0.012838,0.536824,0.615498,0.016166,0.545266,0.644794,0.016193,0.613796,0.556918,0.023973,0.571030,0.575743,0.027374,0.563330,0.611068,0.028671,0.570499,0.645179,0.029813
890,1695021711.917143,0,-1.6629,-1.6629,0.1859,0.3647,3.5728,1779.9023,32.1577,4558.8188,1.8354,156.4352,229.9510,75.4743,37.4262,38.2882,73.6811,0.015085,0.616198,0.772147,-0.000000,0.546454,0.776515,-0.021889,0.486735,0.706127,-0.019784,0.463884,0.623839,-0.007786,0.484663,0.577687,0.005299,0.531821,0.557496,-0.034718,0.489840,0.453734,-0.029773,0.464636,0.401751,-0.027554,0.444884,0.359281,-0.028258,0.572597,0.529122,-0.014505,0.518560,0.551026,-0.000762,0.509968,0.611176,0.011889,0.519930,0.645570,0.017384,0.597064,0.537641,0.006179,0.543853,0.563330,0.015649,0.535330,0.611419,0.019152,0.543091,0.641284,0.018907,0.612570,0.557104,0.025902,0.570307,0.573848,0.030662,0.561715,0.606963,0.032051,0.567642,0.640870,0.032950
891,1695021711.925477,0,2.1578,2.1578,2.9507,2.7648,4.0926,1602.6873,63.6343,4874.6442,1.3317,154.8017,227.4136,75.7187,35.6067,33.0110,68.9418,0.013970,0.615902,0.775221,-0.000000,0.545753,0.777731,-0.021502,0.486339,0.706498,-0.018773,0.463633,0.625245,-0.006091,0.484071,0.579508,0.007576,0.532265,0.558196,-0.033258,0.489785,0.454159,-0.025851,0.464550,0.404414,-0.021799,0.445054,0.362392,-0.021266,0.572213,0.529686,-0.012450,0.517809,0.550555,0.004112,0.509286,0.611665,0.017271,0.519445,0.646299,0.022656,0.596306,0.537012,0.009011,0.543300,0.562750,0.021015,0.534876,0.613496,0.023845,0.542282,0.643445,0.022511,0.611728,0.554713,0.029639,0.569817,0.569792,0.037008,0.561332,0.605300,0.038788,0.566925,0.640795,0.039425
892,1695021711.933810,0,-0.7273,-0.7273,-0.0555,-3.0062,1.2920,1623.9043,5.7999,4904.5526,1.7205,156.9653,230.7831,78.1690,38.3154,34.3859,68.6477,0.013850,0.614809,0.770751,-0.000000,0.545278,0.777161,-0.023698,0.485290,0.706385,-0.021907,0.461848,0.624202,-0.010274,0.483231,0.581796,0.002463,0.531955,0.555729,-0.032248,0.490169,0.451830,-0.025522,0.466107,0.400194,-0.022137,0.447645,0.357668,-0.022330,0.572672,0.529881,-0.011339,0.518356,0.553673,0.002066,0.508450,0.615430,0.013366,0.517781,0.650385,0.018155,0.597390,0.539522,0.009914,0.544451,0.566955,0.019739,0.535180,0.615902,0.022725,0.542422,0.645209,0.022155,0.613512,0.559922,0.029908,0.572379,0.577567,0.034972,0.563694,0.611718,0.036067,0.569610,0.645358,0.036899
893,1695021711.942143,0,1.3549,1.3549,0.2378,0.2932,1.3772,358.6133,27.8973,4732.7695,1.2446,155.5903,231.9357,78.2572,39.6079,35.1023,68.8452,0.013450,0.613497,0.769662,-0.000000,0.544118,0.774613,-0.022106,0.484622,0.703966,-0.020104,0.462256,0.622121,-0.008602,0.484492,0.578737,0.003951,0.530499,0.554847,-0.031511,0.490112,0.451292,-0.025291,0.466183,0.398625,-0.022547,0.447856,0.356397,-0.023100,0.571372,0.528362,-0.011740,0.519323,0.551219,0.002102,0.510262,0.609523,0.013639,0.519927,0.643187,0.018451,0.596328,0.538575,0.008395,0.545332,0.563719,0.018606,0.536281,0.609469,0.021734,0.543609,0.637323,0.021132,0.612656,0.559746,0.027348,0.572529,0.575513,0.032817,0.563888,0.606981,0.034122,0.569778,0.638868,0.034930
894,1695021711.950477,0,5.4898,5.4898,1.7882,1.5504,2.4972,179.6478,12.7296,4853.5294,1.5201,150.0532,229.1966,80.4662,40.8666,34.9729,68.9074,0.012564,0.613602,0.768217,-0.000000,0.543722,0.775131,-0.023404,0.483772,0.703707,-0.021039,0.461939,0.620804,-0.008460,0.484420,0.576304,0.005389,0.530891,0.556009,-0.032617,0.490034,0.454443,-0.025246,0.466393,0.403297,-0.021824,0.448419,0.361758,-0.021900,0.571318,0.528978,-0.011161,0.519726,0.551072,0.004253,0.510345,0.610759,0.016639,0.519730,0.645832,0.021846,0.595835,0.538141,0.010649,0.545167,0.563239,0.021840,0.535213,0.609550,0.024764,0.541822,0.637876,0.023928,0.611872,0.557066,0.031340,0.570797,0.571873,0.038069,0.561003,0.604083,0.039759,0.566240,0.637214,0.040583
895,1695021711.958810,0,6.0470,6.0470,0.9723,-0.8159,2.5573,171.3310,4.1127,5485.0436,1.7885,147.0571,224.4880,79.1360,39.2652,30.6158,63.9677,0.011264,0.613613,0.768217,-0.000000,0.543856,0.774579,-0.023184,0.484558,0.702689,-0.020528,0.462392,0.620648,-0.007929,0.483132,0.579054,0.005984,0.529610,0.558139,-0.031570,0.490737,0.457420,-0.024692,0.465771,0.406568,-0.021073,0.446324,0.366163,-0.021009,0.570073,0.529974,-0.010964,0.517956,0.550291,0.003885,0.508318,0.609268,0.016459,0.518120,0.643935,0.021869,0.594953,0.537200,0.009715,0.543879,0.560074,0.020232,0.533647,0.606819,0.023570,0.540341,0.635769,0.022962,0.611524,0.555322,0.029117,0.570156,0.570143,0.035004,0.560254,0.603388,0.036407,0.565190,0.637223,0.037005
896,1695021711.967143,0,-6.2726,-6.2726,-1.3863,-2.3586,4.5049,1633.4891,11.8959,6411.5363,1.5991,146.4799,216.4484,74.8727,32.3169,25.1098,60.9517,0.012397,0.613730,0.766195,-0.000000,0.544048,0.774382,-0.021349,0.483809,0.705089,-0.019566,0.461110,0.624824,-0.008866,0.482489,0.583184,0.002848,0.528150,0.556571,-0.029606,0.488280,0.457802,-0.023450,0.462618,0.407880,-0.020528,0.443162,0.368335,-0.021142,0.568913,0.528011,-0.011538,0.518768,0.554194,0.000780,0.510467,0.613255,0.011547,0.520885,0.647152,0.016085,0.594522,0.535736,0.006792,0.545190,0.563418,0.015886,0.536107,0.609635,0.019397,0.543492,0.637751,0.019119,0.611764,0.555736,0.023837,0.571292,0.574170,0.029195,0.562620,0.607082,0.031302,0.568627,0.639719,0.032578
897,1695021711.975477,0,-14.2160,-14.2160,-3.8927,-2.5064,7.7258,502.6331,78.3234,6128.7844,0.6742,148.1674,218.2313,76.1792,34.1366,25.8806,60.9711,0.012367,0.613133,0.767711,-0.000000,0.543228,0.774266,-0.018992,0.482804,0.706019,-0.014627,0.459742,0.626388,-0.000681,0.481713,0.585958,0.014377,0.525882,0.556307,-0.027436,0.486272,0.456315,-0.018548,0.462247,0.407817,-0.014441,0.443574,0.369209,-0.014059,0.566257,0.529069,-0.007214,0.516472,0.552402,0.011522,0.506356,0.610909,0.024449,0.514900,0.646604,0.029273,0.592753,0.537459,0.013636,0.543401,0.564017,0.028636,0.533280,0.611502,0.030810,0.539472,0.640621,0.028357,0.610879,0.556295,0.033682,0.571907,0.573295,0.043849,0.562015,0.605943,0.045371,0.567151,0.639203,0.045177
898,1695021711.983810,0,12.2689,12.2689,1.6948,5.5875,9.5548,599.6527,22.6296,8774.2862,1.2594,149.0285,211.7223,73.4881,30.0718,18.0064,55.3464,0.012002,0.613840,0.771374,-0.000000,0.544021,0.776717,-0.019763,0.482491,0.706966,-0.014059,0.458889,0.629582,0.001987,0.481392,0.588313,0.019274,0.526394,0.554895,-0.025453,0.484098,0.461869,-0.014134,0.459483,0.416442,-0.009672,0.440578,0.377190,-0.009613,0.567070,0.528529,-0.003681,0.516956,0.553810,0.018124,0.509820,0.615114,0.031637,0.520391,0.650016,0.036341,0.593603,0.539428,0.018625,0.544715,0.566363,0.036325,0.536744,0.616249,0.037829,0.544845,0.645340,0.034161,0.611664,0.559401,0.040046,0.573792,0.579102,0.051245,0.565008,0.613846,0.051602,0.570978,0.646905,0.050097
899,1695021711.992143,1,-10.9450,-10.9450,-4.2480,-5.9428,10.1382,1650.8944,57.0836,8249.8644,1.1120,155.1057,212.2388,73.4380,30.3306,18.8276,56.3346,0.012080,0.613507,0.771003,-0.000000,0.543326,0.774253,-0.015528,0.483597,0.709446,-0.007445,0.458916,0.635607,0.010875,0.478437,0.593908,0.030496,0.522346,0.557530,-0.024005,0.481454,0.462182,-0.013624,0.458151,0.416362,-0.010398,0.439979,0.376748,-0.010532,0.562217,0.531016,-0.001949,0.512462,0.550203,0.024027,0.502184,0.608046,0.039164,0.508399,0.643179,0.043875,0.589788,0.539012,0.020920,0.540646,0.564014,0.042769,0.530649,0.612550,0.044416,0.535219,0.641613,0.039913,0.608525,0.556520,0.043375,0.571256,0.573193,0.058060,0.560434,0.605404,0.059005,0.563443,0.639030,0.057292
900,1695021712.000477,1,-2.3648,-2.3648,0.9770,5.2250,9.2157,575.8207,44.9163,9191.8416,2.3390,158.7477,202.4893,72.0712,29.6740,11.4792,52.3785,0.011229,0.613076,0.769197,-0.000000,0.543428,0.777560,-0.018788,0.483028,0.710644,-0.014129,0.460659,0.631937,0.000361,0.481750,0.587646,0.015970,0.520673,0.562925,-0.028945,0.479551,0.472989,-0.022247,0.454596,0.428140,-0.021068,0.435810,0.390215,-0.022806,0.561628,0.531389,-0.009469,0.513645,0.553615,0.010242,0.506801,0.610208,0.023775,0.516386,0.642183,0.028508,0.589368,0.538140,0.010286,0.542047,0.563249,0.026252,0.533557,0.609359,0.029377,0.540136,0.635522,0.027017,0.609057,0.557122,0.029050,0.570198,0.575573,0.038690,0.560748,0.607187,0.040255,0.565805,0.638903,0.039857
901,1695021712.008810,1,-3.1924,-3.1924,2.7559,1.7789,9.1665,1703.8222,67.2242,8071.3835,2.4543,163.9637,200.9035,71.5345,29.5300,11.2223,53.4006,0.011509,0.614376,0.771146,-0.000000,0.544028,0.779442,-0.017659,0.483405,0.714374,-0.012496,0.459842,0.639681,0.002368,0.478867,0.597687,0.018226,0.519912,0.564489,-0.031046,0.476608,0.477553,-0.026528,0.452084,0.432425,-0.026932,0.434017,0.393251,-0.029482,0.560646,0.532685,-0.011802,0.512454,0.555794,0.006298,0.505305,0.615824,0.019590,0.514863,0.650294,0.024242,0.589213,0.538806,0.007902,0.541783,0.563852,0.022596,0.533422,0.612126,0.025651,0.540926,0.639784,0.023407,0.609640,0.557257,0.026804,0.571704,0.575734,0.035210,0.562097,0.609480,0.036386,0.567722,0.642623,0.035915
902,1695021712.017143,1,9.3494,9.3494,-0.7299,-3.4858,8.5823,572.0573,68.7030,8112.7451,1.4397,169.0417,199.0558,71.7893,29.5098,12.0372,54.8336,0.011736,0.615777,0.773636,-0.000000,0.545229,0.782287,-0.015545,0.484410,0.717503,-0.008358,0.460534,0.642358,0.009132,0.478950,0.599377,0.027772,0.517788,0.566612,-0.028275,0.474696,0.479287,-0.019612,0.450562,0.434637,-0.017784,0.433219,0.394943,-0.018938,0.557938,0.535117,-0.007260,0.511613,0.555317,0.017935,0.506060,0.616171,0.034070,0.516247,0.650742,0.039420,0.586636,0.541265,0.014590,0.540533,0.562795,0.035205,0.533516,0.614019,0.037841,0.541349,0.642417,0.033887,0.607128,0.557616,0.036056,0.570818,0.572816,0.049403,0.562019,0.608258,0.050924,0.567921,0.642310,0.049491
903,1695021712.025477,1,3.0189,3.0189,3.4910,4.2209,6.7629,1579.7992,73.2356,7295.3904,1.6049,167.7245,198.6699,70.1909,28.4787,11.3102,54.8999,0.012152,0.614859,0.772037,-0.000000,0.544077,0.781290,-0.014702,0.483248,0.718040,-0.008137,0.459674,0.643230,0.008775,0.478022,0.599087,0.026676,0.515852,0.566213,-0.030568,0.473095,0.479439,-0.023155,0.448503,0.435101,-0.022127,0.431214,0.396283,-0.023603,0.556108,0.536139,-0.009495,0.510457,0.554538,0.016165,0.505629,0.614141,0.033270,0.516336,0.647282,0.038854,0.585388,0.543374,0.012586,0.539871,0.562076,0.033602,0.533979,0.612677,0.037221,0.542889,0.641153,0.033525,0.606770,0.559826,0.034436,0.570281,0.574560,0.047947,0.562117,0.609891,0.049985,0.568727,0.643567,0.048669
904,1695021712.033810,1,-1.3366,-1.3366,0.2571,-3.2339,4.6497,1548.0168,72.1479,7170.3030,2.1595,170.6505,195.6432,69.6311,28.3326,10.5369,53.9561,0.012146,0.613114,0.774269,-0.000000,0.542810,0.783350,-0.014640,0.483009,0.721275,-0.007944,0.459335,0.647380,0.009493,0.478018,0.601999,0.027769,0.513710,0.572070,-0.032268,0.469725,0.483958,-0.025614,0.445462,0.438350,-0.025761,0.428686,0.397229,-0.028086,0.553450,0.540468,-0.010399,0.507876,0.555982,0.016484,0.503464,0.617593,0.034373,0.513368,0.650914,0.040037,0.582663,0.546426,0.012497,0.536444,0.564841,0.035568,0.531418,0.617709,0.039325,0.540549,0.646024,0.035038,0.603422,0.561993,0.035181,0.567641,0.576030,0.050035,0.559779,0.612255,0.051857,0.566758,0.645802,0.049931
905,1695021712.042143,1,-16.7335,-16.7335,-3.3853,-3.6424,8.6336,384.7330,64.5974,7345.6792,1.8573,166.0895,188.6375,70.1742,30.5566,10.8581,52.0365,0.011876,0.615847,0.775124,-0.000000,0.544864,0.785720,-0.014721,0.485150,0.723513,-0.008365,0.460628,0.650472,0.009386,0.477859,0.603581,0.028065,0.515118,0.576838,-0.036889,0.469848,0.492231,-0.033941,0.443989,0.446796,-0.038115,0.425759,0.404722,-0.042959,0.553935,0.545042,-0.014075,0.507588,0.558802,0.013332,0.504471,0.620249,0.031429,0.515035,0.652637,0.036364,0.582092,0.549653,0.009853,0.535513,0.563783,0.033193,0.531281,0.616990,0.037830,0.541629,0.646044,0.033707,0.602277,0.563200,0.033695,0.566466,0.574296,0.048758,0.559363,0.611307,0.051560,0.567430,0.645316,0.050133
906,1695021712.050477,1,10.8642,10.8642,0.3787,3.7640,9.9098,1694.4418,24.8682,6808.0646,2.2742,162.8349,176.9016,73.4021,36.9509,14.9134,46.8251,0.010121,0.616058,0.776883,-0.000000,0.546011,0.788319,-0.013715,0.485415,0.728859,-0.007008,0.460172,0.658646,0.010141,0.476059,0.614295,0.027888,0.512215,0.579745,-0.032404,0.467620,0.498755,-0.028027,0.441262,0.455636,-0.031046,0.421513,0.416384,-0.035415,0.551042,0.545358,-0.011548,0.506131,0.572454,0.015006,0.504484,0.637482,0.031753,0.515526,0.671579,0.036212,0.579302,0.548485,0.010307,0.533427,0.576043,0.033100,0.529650,0.629785,0.037156,0.539385,0.658426,0.032915,0.600209,0.561946,0.031943,0.564182,0.584337,0.047397,0.557170,0.621559,0.050446,0.564573,0.654655,0.049339
907,1695021712.058810,1,-21.6851,-21.6851,-6.1760,-6.5547,12.2091,1017.4432,41.4480,5645.8843,2.7303,156.5664,169.0805,76.8195,44.1621,22.4648,43.9362,0.008632,0.615657,0.777102,-0.000000,0.546873,0.792007,-0.016382,0.485402,0.732207,-0.012625,0.458651,0.661486,0.000802,0.475537,0.618377,0.014653,0.513532,0.585885,-0.034825,0.467196,0.507868,-0.033379,0.439357,0.465004,-0.037477,0.419197,0.425556,-0.042819,0.551986,0.548438,-0.016612,0.507035,0.580610,0.002881,0.505595,0.644367,0.017453,0.518419,0.674459,0.021750,0.579746,0.551801,0.002153,0.534074,0.581912,0.018296,0.530663,0.633654,0.023359,0.542097,0.658437,0.021269,0.600442,0.568181,0.020210,0.564857,0.589637,0.030660,0.559101,0.625031,0.034132,0.568431,0.654493,0.034317
908,1695021712.067143,1,16.9473,16.9473,4.5710,10.7470,15.0250,2114.0999,16.3554,3673.1370,2.7214,159.1968,156.1450,82.6429,53.7103,33.6331,42.8851,0.006614,0.615163,0.776963,-0.000000,0.544903,0.791934,-0.013100,0.485363,0.734991,-0.006327,0.460404,0.665434,0.011089,0.475923,0.616373,0.029114,0.509803,0.588298,-0.032354,0.463385,0.515515,-0.028249,0.435370,0.475621,-0.032284,0.414708,0.438062,-0.037400,0.548830,0.552083,-0.011460,0.504810,0.579776,0.016865,0.503996,0.644088,0.034182,0.515311,0.676260,0.038398,0.576835,0.554007,0.010423,0.531200,0.580231,0.033965,0.528881,0.634217,0.038262,0.540275,0.662303,0.033791,0.596954,0.565492,0.032237,0.560909,0.583978,0.047484,0.555268,0.620401,0.050513,0.564253,0.652044,0.049174
909,1695021712.075477,1,13.2877,13.2877,7.5053,2.9343,16.3133,2244.3796,13.6881,3631.8739,3.0422,167.3410,144.3560,86.4175,61.2872,42.9972,46.3304,0.005704,0.615837,0.781420,-0.000000,0.546266,0.795909,-0.014279,0.485931,0.741215,-0.008587,0.459147,0.673402,0.008113,0.472716,0.626062,0.025525,0.509790,0.593461,-0.034629,0.457829,0.523179,-0.028162,0.429532,0.486886,-0.029214,0.409418,0.450610,-0.032424,0.548531,0.558259,-0.012698,0.501168,0.578587,0.015748,0.501776,0.642720,0.033679,0.514525,0.676342,0.038414,0.575906,0.559751,0.010507,0.528874,0.578648,0.033612,0.527731,0.633393,0.037217,0.539354,0.663259,0.032331,0.594899,0.569991,0.033886,0.558724,0.582823,0.049318,0.553672,0.619359,0.051896,0.561891,0.652928,0.049951
910,1695021712.083810,1,2.3779,2.3779,-2.1216,-9.6269,13.8761,1702.9304,32.1225,3586.4939,2.9830,164.6304,133.1186,97.6351,74.7066,56.0530,50.2470,0.003383,0.618036,0.784622,-0.000000,0.548188,0.805485,-0.018415,0.485256,0.749776,-0.014733,0.457981,0.677663,-0.001440,0.473628,0.631468,0.012802,0.511308,0.597200,-0.028372,0.457130,0.534254,-0.019697,0.427273,0.502283,-0.017847,0.406720,0.467188,-0.020024,0.549227,0.559529,-0.009763,0.501864,0.588178,0.011204,0.503043,0.650121,0.023865,0.519130,0.679496,0.027047,0.576222,0.560080,0.009484,0.530591,0.583065,0.025479,0.528467,0.636576,0.028248,0.541143,0.662859,0.024865,0.596158,0.572769,0.027904,0.559743,0.588616,0.038076,0.555332,0.625359,0.040073,0.565569,0.656978,0.039179
911,1695021712.092143,1,-2.5192,-2.5192,4.7915,6.9130,13.6520,1741.2072,0.6395,3606.5919,2.9590,167.5563,124.5023,103.8458,82.7500,64.4811,55.5245,0.002523,0.617134,0.788085,-0.000000,0.547974,0.807252,-0.016844,0.486164,0.755694,-0.012768,0.457058,0.687371,0.001865,0.469688,0.640453,0.017568,0.510174,0.601439,-0.031018,0.454635,0.541073,-0.020433,0.424881,0.511072,-0.017735,0.404524,0.477461,-0.019066,0.547421,0.565172,-0.009681,0.498593,0.587705,0.018731,0.501105,0.647689,0.035862,0.515977,0.673703,0.040486,0.573777,0.566709,0.012827,0.527665,0.587197,0.036214,0.525952,0.639572,0.040513,0.537319,0.663350,0.036134,0.592493,0.579158,0.034870,0.556454,0.593527,0.050748,0.551463,0.629087,0.053996,0.560440,0.659729,0.052543
912,1695021712.100477,1,-3.7443,-3.7443,-5.1729,-9.9644,8.3778,1825.6071,16.4599,4902.3488,2.5205,163.6682,113.0571,114.7292,95.2047,76.0438,61.6708,0.001188,0.618651,0.789961,-0.000000,0.550563,0.812501,-0.018214,0.487338,0.762345,-0.013632,0.457245,0.695859,0.001537,0.469493,0.653372,0.017760,0.512397,0.607271,-0.030230,0.454827,0.552630,-0.017527,0.423844,0.526385,-0.012623,0.401961,0.494106,-0.012687,0.548091,0.569970,-0.008889,0.499183,0.599356,0.017097,0.502205,0.659713,0.032161,0.517787,0.684695,0.036184,0.573186,0.570022,0.013815,0.526997,0.593987,0.034445,0.526200,0.646804,0.036908,0.538230,0.669370,0.032292,0.590849,0.580345,0.036070,0.555019,0.595674,0.050640,0.550946,0.632220,0.053227,0.561206,0.661919,0.051823
913,1695021712.108810,1,3.6348,3.6348,-2.4132,2.7597,6.0300,2363.3547,9.1898,5725.3091,2.5483,165.3395,103.7554,120.3962,101.7948,82.9680,67.0661,0.000642,0.619713,0.792194,-0.000000,0.551719,0.816622,-0.019753,0.487711,0.769231,-0.017208,0.456935,0.703227,-0.005128,0.470487,0.658675,0.008128,0.511280,0.611056,-0.028973,0.451655,0.558773,-0.018280,0.420777,0.534331,-0.013309,0.399716,0.502976,-0.013212,0.547064,0.571566,-0.009871,0.496826,0.601215,0.009840,0.500825,0.658581,0.022887,0.518677,0.682845,0.026946,0.572823,0.570028,0.010001,0.526125,0.596118,0.024060,0.525886,0.646242,0.026568,0.539438,0.668570,0.023798,0.591818,0.580833,0.029121,0.554482,0.596347,0.038867,0.550801,0.631818,0.041033,0.561799,0.661231,0.040475
914,1695021712.117143,1,-2.5220,-2.5220,-1.2250,1.1882,2.9684,1551.1224,1.2188,5808.1850,2.9638,165.2577,98.4563,127.2248,110.8425,92.4954,73.6331,0.000127,0.619044,0.796833,-0.000000,0.550818,0.820176,-0.019162,0.485824,0.771302,-0.015338,0.454542,0.703368,-0.001552,0.470670,0.660422,0.013467,0.511178,0.616927,-0.028482,0.451266,0.568223,-0.016684,0.420727,0.544290,-0.011996,0.398657,0.513065,-0.012333,0.546676,0.576162,-0.008386,0.495412,0.605430,0.013723,0.499655,0.663455,0.027360,0.516628,0.688936,0.031379,0.571530,0.573971,0.012675,0.523899,0.600603,0.029384,0.523960,0.651469,0.031479,0.537353,0.674816,0.027853,0.589225,0.584860,0.033095,0.552070,0.600013,0.045129,0.548696,0.635149,0.047250,0.559997,0.664587,0.046096
915,1695021712.125477,1,6.2963,6.2963,2.2039,3.4289,3.9830,1801.0347,6.9192,5461.1917,2.7623,160.1319,88.5011,139.3938,124.3535,106.5262,85.3760,0.000000,0.619953,0.799843,-0.000000,0.552840,0.823461,-0.021563,0.486945,0.775476,-0.018856,0.452600,0.709162,-0.006391,0.466890,0.666152,0.007191,0.513240,0.616139,-0.027900,0.449745,0.576759,-0.015463,0.417792,0.558557,-0.009480,0.396029,0.529776,-0.009046,0.546781,0.577026,-0.007732,0.494351,0.616783,0.012080,0.498238,0.679653,0.023978,0.516234,0.704938,0.027363,0.570390,0.575617,0.013278,0.522366,0.610545,0.027468,0.522356,0.664740,0.029204,0.536169,0.688212,0.025976,0.587570,0.586906,0.033351,0.550700,0.609043,0.043032,0.547684,0.646911,0.044541,0.559333,0.677540,0.043664
916,1695021712.133810,1,5.2672,5.2672,2.2529,0.0490,4.1237,2418.7293,5.5178,5709.5180,2.0663,159.5826,80.9040,147.9415,132.6320,113.6585,90.9898,0.000000,0.621475,0.802041,-0.000000,0.553580,0.825978,-0.022228,0.486522,0.780353,-0.017648,0.453262,0.714393,-0.001757,0.468519,0.675205,0.015831,0.512125,0.622504,-0.030692,0.448533,0.584089,-0.016668,0.417033,0.568246,-0.009978,0.393481,0.541461,-0.009220,0.545510,0.583117,-0.007902,0.488289,0.617455,0.015156,0.494435,0.678754,0.028757,0.512540,0.703016,0.032431,0.567898,0.579584,0.015874,0.516501,0.611244,0.033065,0.519229,0.665332,0.033835,0.534276,0.687866,0.029028,0.583986,0.587024,0.038867,0.545528,0.605410,0.050366,0.543142,0.642241,0.050473,0.555141,0.671678,0.047791
917,1695021712.142143,1,12.1474,12.1474,2.1281,-0.1247,4.7175,1598.5898,34.7249,4749.1786,2.2159,158.9020,74.1484,156.3259,142.2919,123.7698,100.7891,0.000000,0.620361,0.800403,-0.000000,0.552304,0.827108,-0.020929,0.485943,0.782386,-0.016619,0.452494,0.716858,-0.001255,0.467132,0.675306,0.015881,0.510276,0.625541,-0.027467,0.444648,0.590765,-0.010866,0.413393,0.578429,-0.002538,0.390987,0.551206,-0.000593,0.543486,0.587141,-0.004767,0.488029,0.617866,0.020217,0.495459,0.673024,0.033660,0.514807,0.693659,0.037354,0.565986,0.584584,0.019187,0.516262,0.612428,0.038583,0.520189,0.663336,0.037981,0.535756,0.682900,0.032073,0.582066,0.591311,0.042611,0.545651,0.607390,0.057401,0.544482,0.642198,0.057933,0.557195,0.669149,0.055029
918,1695021712.150477,1,-7.2031,-7.2031,-1.1703,-3.2984,6.8421,1704.0054,15.8428,4074.7091,2.3615,150.1011,69.1161,167.1769,152.6631,133.9866,110.4835,0.000000,0.619872,0.803541,-0.000000,0.553642,0.830409,-0.023182,0.485910,0.789104,-0.021483,0.449865,0.725843,-0.010223,0.463269,0.682325,0.002570,0.511392,0.626230,-0.027114,0.444126,0.599217,-0.013568,0.412665,0.588825,-0.005693,0.390320,0.565103,-0.004149,0.543006,0.585113,-0.007633,0.485167,0.624613,0.008116,0.490615,0.682304,0.018109,0.509397,0.704693,0.021450,0.565373,0.581100,0.012638,0.514729,0.619547,0.022767,0.515779,0.670864,0.023679,0.529809,0.692419,0.021318,0.581402,0.590773,0.031837,0.542918,0.614180,0.038319,0.540272,0.650265,0.038697,0.551693,0.678199,0.037753
919,1695021712.158810,1,-0.7434,-0.7434,-1.7599,-0.5897,6.5982,2688.6202,33.0949,4116.5024,2.4458,145.6713,59.2356,175.6545,162.5927,144.2537,120.0209,0.000000,0.622243,0.805561,-0.000000,0.555417,0.834725,-0.023294,0.488750,0.794311,-0.022673,0.452412,0.733750,-0.012604,0.462469,0.692979,-0.001137,0.512347,0.631991,-0.029275,0.444432,0.609463,-0.017889,0.410523,0.600897,-0.011605,0.386627,0.577432,-0.011120,0.544116,0.589434,-0.010381,0.487210,0.635042,0.003089,0.495030,0.696097,0.012524,0.515646,0.718433,0.015535,0.566196,0.583254,0.009299,0.514091,0.622707,0.017757,0.517718,0.675892,0.019150,0.534506,0.698120,0.017232,0.581983,0.591510,0.027902,0.542220,0.613845,0.033276,0.541052,0.651613,0.033970,0.554578,0.680126,0.033501
920,1695021712.167143,1,-3.1189,-3.1189,-2.0965,-0.3366,6.7735,2747.1774,15.4835,3914.9714,2.1444,144.4576,57.0556,185.1662,172.0022,153.1006,128.0520,0.000000,0.622474,0.806290,-0.000000,0.555389,0.835737,-0.025628,0.485860,0.795519,-0.023984,0.448880,0.732833,-0.012204,0.461923,0.694171,0.001114,0.511769,0.631898,-0.029094,0.441881,0.615582,-0.016594,0.408633,0.610071,-0.008789,0.384929,0.588537,-0.007269,0.542786,0.589050,-0.008964,0.482185,0.641153,0.004167,0.491700,0.702485,0.013943,0.513549,0.723302,0.017850,0.563584,0.583164,0.011584,0.509094,0.631906,0.018988,0.514171,0.683944,0.019591,0.531597,0.703013,0.017806,0.578767,0.591814,0.030858,0.537245,0.622545,0.034498,0.537376,0.659549,0.033876,0.552468,0.685622,0.032936
921,1695021712.175477,1,6.7912,6.7912,-1.3391,0.7575,6.9778,1859.7286,10.3090,3920.1739,2.7311,128.2230,58.5185,199.4278,185.4018,165.7204,139.6410,0.000000,0.621595,0.805825,-0.000000,0.554676,0.836997,-0.026412,0.485570,0.800320,-0.025881,0.447614,0.741266,-0.015514,0.458999,0.701532,-0.003562,0.509052,0.631322,-0.026194,0.439856,0.625456,-0.012430,0.407388,0.626363,-0.004462,0.384850,0.609332,-0.002855,0.540113,0.590585,-0.005947,0.480592,0.644831,0.006288,0.489926,0.704663,0.013901,0.512476,0.724833,0.016871,0.561686,0.586359,0.014829,0.508477,0.634383,0.021869,0.513771,0.686705,0.021429,0.532007,0.706487,0.019402,0.578005,0.595109,0.034311,0.537813,0.624962,0.037685,0.537660,0.662045,0.036666,0.553008,0.687412,0.035805
922,1695021712.183810,0,,,0.0000,0.0000,0.0000,0.0000,38.6520,4301.4851,1.9746,103.9552,66.5812,215.0063,200.1578,179.0384,150.4401,0.000000,0.621473,0.809511,-0.000000,0.555309,0.840487,-0.026049,0.485501,0.803905,-0.024795,0.444782,0.745013,-0.013123,0.456861,0.702928,0.000573,0.508306,0.633815,-0.024620,0.437392,0.634197,-0.004819,0.407582,0.642401,0.008572,0.387600,0.629484,0.013629,0.538068,0.594226,-0.002686,0.478753,0.652639,0.013777,0.489496,0.712117,0.022370,0.512040,0.730738,0.025469,0.558538,0.591230,0.020488,0.505212,0.644849,0.030965,0.511794,0.696572,0.029101,0.530338,0.714061,0.025365,0.573147,0.600128,0.042752,0.533323,0.631191,0.049024,0.534442,0.668310,0.047709,0.550651,0.692096,0.046061
923,1695021712.192143,0,,,0.0000,0.0000,0.0000,0.0000,6.4987,4731.4324,2.0309,74.0841,72.1720,231.9207,218.0346,196.9652,167.5305,0.000000,0.621043,0.813106,-0.000000,0.553856,0.843471,-0.026839,0.484427,0.807182,-0.025760,0.443261,0.751325,-0.013776,0.455208,0.712865,0.000528,0.506316,0.633244,-0.026339,0.435512,0.646161,-0.004830,0.406350,0.661656,0.010694,0.386455,0.653031,0.017112,0.536237,0.595360,-0.003416,0.476190,0.658642,0.013208,0.487592,0.718033,0.022042,0.509930,0.736015,0.025441,0.557219,0.593845,0.021164,0.503207,0.650887,0.031457,0.509997,0.702138,0.029110,0.529146,0.720884,0.025313,0.572096,0.604065,0.044936,0.532597,0.636980,0.050329,0.533743,0.674026,0.048144,0.550073,0.698261,0.046209
924,1695021712.200477,0,,,0.0000,0.0000,0.0000,0.0000,4.5643,4631.2585,2.0082,73.6559,72.8097,238.3383,223.9139,202.2245,171.9754,0.000000,0.620178,0.811244,-0.000000,0.553183,0.846729,-0.025732,0.483877,0.812410,-0.025889,0.441748,0.757538,-0.016413,0.454118,0.719443,-0.004843,0.504400,0.636436,-0.021742,0.433696,0.651576,-0.001288,0.404158,0.668256,0.012775,0.385104,0.659840,0.018111,0.534315,0.599078,-0.000371,0.474588,0.660077,0.014325,0.485130,0.717910,0.021781,0.507509,0.734011,0.024682,0.556161,0.597613,0.022441,0.502692,0.649939,0.031561,0.507949,0.700382,0.029954,0.527509,0.718223,0.027058,0.572364,0.608135,0.044356,0.532734,0.640082,0.049264,0.532761,0.677877,0.047711,0.549416,0.701097,0.046472
925,1695021712.208810,0,,,0.0000,0.0000,0.0000,0.0000,82.5184,4544.3326,2.9644,79.0756,71.0782,236.7116,222.9180,202.0790,172.9514,0.000000,0.619385,0.814852,-0.000000,0.551812,0.848978,-0.027179,0.479555,0.814044,-0.028355,0.439066,0.757054,-0.019804,0.454199,0.718057,-0.009491,0.506214,0.641896,-0.026924,0.433866,0.654894,-0.012678,0.403450,0.669217,-0.003422,0.382386,0.658333,-0.000933,0.534764,0.602195,-0.006486,0.470161,0.662671,0.003161,0.483086,0.720387,0.009976,0.507519,0.734191,0.013237,0.554744,0.598225,0.014800,0.497353,0.650010,0.020070,0.504591,0.700871,0.019323,0.525781,0.716296,0.017806,0.570192,0.607678,0.034858,0.527597,0.640530,0.037437,0.529195,0.677629,0.036192,0.547970,0.698345,0.035461
926,1695021712.217143,0,,,0.0000,0.0000,0.0000,0.0000,49.5098,4832.9662,2.8794,91.8403,65.4825,232.4647,220.4510,200.9049,173.0341,0.000000,0.617626,0.815467,-0.000000,0.550512,0.851592,-0.029586,0.479842,0.817283,-0.032262,0.438983,0.757920,-0.024725,0.451431,0.714406,-0.015294,0.503458,0.646169,-0.029867,0.430928,0.654212,-0.016805,0.399518,0.665856,-0.008302,0.377606,0.654315,-0.006325,0.531813,0.605620,-0.008251,0.469187,0.665040,0.001411,0.481737,0.724176,0.008306,0.505511,0.739266,0.011183,0.551705,0.601002,0.013990,0.495391,0.652016,0.018986,0.502275,0.704264,0.018762,0.523077,0.721079,0.017369,0.566993,0.609691,0.034795,0.524765,0.642651,0.036910,0.526119,0.681561,0.035904,0.544377,0.703907,0.035428
927,1695021712.225477,0,,,0.0000,0.0000,0.0000,0.0000,2.3540,4607.0828,2.8223,101.6188,59.6624,232.1558,221.3613,203.2039,177.0799,0.000000,0.615364,0.813623,-0.000000,0.548778,0.850197,-0.028298,0.480235,0.818711,-0.030181,0.439089,0.763709,-0.021760,0.446210,0.718643,-0.011214,0.501404,0.648379,-0.028935,0.428157,0.653951,-0.015170,0.395075,0.663929,-0.006743,0.372180,0.651100,-0.004834,0.529619,0.609381,-0.007047,0.466242,0.664998,0.004057,0.478355,0.723888,0.011401,0.502493,0.738568,0.014222,0.549303,0.605385,0.015616,0.491689,0.650461,0.022425,0.497528,0.703824,0.022650,0.518346,0.722388,0.021033,0.564172,0.613707,0.036934,0.521913,0.642176,0.040140,0.522053,0.681767,0.039157,0.539725,0.706332,0.038413
928,1695021712.233810,0,,,0.0000,0.0000,0.0000,0.0000,77.5221,4651.0821,2.1038,107.1875,57.6047,231.4540,221.2308,203.4998,177.7524,0.000000,0.615470,0.814109,-0.000000,0.548946,0.851852,-0.029852,0.477888,0.821261,-0.033421,0.435763,0.764004,-0.026828,0.447225,0.722582,-0.018319,0.502341,0.653419,-0.031467,0.429352,0.655640,-0.021157,0.395580,0.662710,-0.014763,0.370632,0.649321,-0.014017,0.528353,0.610131,-0.010497,0.464138,0.669702,-0.003390,0.477696,0.728227,0.003286,0.502362,0.741028,0.006572,0.545540,0.602468,0.010865,0.488048,0.654610,0.014164,0.496047,0.706166,0.014597,0.517768,0.720522,0.014114,0.558541,0.608452,0.030659,0.515995,0.639178,0.032084,0.518259,0.676720,0.031551,0.537431,0.697158,0.031586
929,1695021712.242143,0,,,0.0000,0.0000,0.0000,0.0000,55.7042,4421.8567,2.0154,105.5563,55.8927,233.3207,223.9548,206.7443,181.4523,0.000000,0.613073,0.815866,-0.000000,0.546053,0.852669,-0.029926,0.477486,0.822082,-0.032073,0.436391,0.766622,-0.023430,0.442687,0.719681,-0.012562,0.499608,0.651477,-0.030984,0.426103,0.654513,-0.017493,0.392277,0.663068,-0.009168,0.368067,0.650410,-0.007320,0.527944,0.610435,-0.008604,0.462935,0.669901,0.002090,0.475732,0.729353,0.009322,0.500814,0.743696,0.012106,0.546788,0.604969,0.014421,0.488026,0.653218,0.020904,0.495039,0.706191,0.021024,0.516220,0.723725,0.019362,0.561019,0.612300,0.035959,0.518100,0.640027,0.039232,0.519126,0.678038,0.038461,0.537112,0.701883,0.037819
930,1695021712.250477,0,,,0.0000,0.0000,0.0000,0.0000,67.2500,4595.5524,1.8677,109.3519,49.9232,230.1053,221.6544,204.8497,179.5556,0.000000,0.611155,0.819791,-0.000000,0.544716,0.853328,-0.031896,0.475060,0.820507,-0.035715,0.433034,0.762504,-0.028544,0.441309,0.716524,-0.019168,0.500356,0.651478,-0.035103,0.424528,0.653539,-0.024602,0.390185,0.660583,-0.017613,0.365228,0.646550,-0.016441,0.527141,0.609742,-0.012534,0.459953,0.666753,-0.005209,0.472798,0.727767,0.001913,0.497677,0.742535,0.005297,0.544468,0.603778,0.010468,0.483626,0.650799,0.013691,0.490424,0.705296,0.014417,0.511786,0.723053,0.014050,0.557099,0.611702,0.031821,0.512879,0.639515,0.032451,0.513760,0.679014,0.031524,0.532072,0.702764,0.031408
931,1695021712.258810,0,,,0.0000,0.0000,0.0000,0.0000,49.6149,4456.4460,2.3439,109.5648,47.5464,228.2033,220.0262,204.1273,180.6195,0.000000,0.609335,0.816227,-0.000000,0.543008,0.852852,-0.031674,0.474739,0.822208,-0.035922,0.434164,0.765165,-0.029514,0.440445,0.720683,-0.020967,0.499089,0.651302,-0.035900,0.423270,0.651860,-0.026988,0.388167,0.657715,-0.020555,0.363322,0.644000,-0.019482,0.525156,0.608888,-0.013976,0.459524,0.667179,-0.008365,0.471869,0.727892,-0.001495,0.496281,0.743960,0.001867,0.542225,0.602451,0.008243,0.482375,0.652689,0.009835,0.489909,0.706577,0.010995,0.510975,0.724721,0.011117,0.554369,0.610903,0.028775,0.510568,0.643166,0.027908,0.512413,0.683155,0.026876,0.530202,0.706957,0.026937
932,1695021712.267143,0,,,0.0000,0.0000,0.0000,0.0000,18.1093,4539.3696,2.2281,112.1173,41.8565,224.0547,216.7320,201.3443,178.5996,0.000000,0.609302,0.818907,-0.000000,0.543358,0.853539,-0.032993,0.473895,0.821033,-0.037045,0.431685,0.762765,-0.030054,0.439695,0.716245,-0.020728,0.498455,0.651363,-0.034674,0.421516,0.648448,-0.024418,0.385592,0.652579,-0.017406,0.359840,0.637499,-0.016106,0.524342,0.609229,-0.011604,0.457453,0.665924,-0.004746,0.469809,0.727710,0.002217,0.494615,0.744060,0.005742,0.540715,0.602815,0.011681,0.480384,0.651141,0.014626,0.487169,0.706018,0.015510,0.508227,0.724513,0.015391,0.552629,0.610523,0.033153,0.508882,0.640130,0.034041,0.510254,0.680189,0.033379,0.528409,0.704376,0.033527
933,1695021712.275477,0,,,0.0000,0.0000,0.0000,0.0000,63.6840,4629.7013,2.9795,115.6960,38.0232,220.8878,213.7624,198.8216,176.8417,0.000000,0.604829,0.816209,-0.000000,0.539993,0.850812,-0.033322,0.471955,0.818041,-0.038555,0.430630,0.759218,-0.032847,0.437554,0.710329,-0.024974,0.500541,0.651758,-0.038361,0.422970,0.646289,-0.031557,0.385874,0.647913,-0.026846,0.359089,0.632640,-0.026967,0.526102,0.607438,-0.015991,0.457447,0.664693,-0.011855,0.469509,0.727084,-0.005037,0.494480,0.743023,-0.001469,0.541819,0.599287,0.006396,0.480025,0.647966,0.007442,0.486753,0.703824,0.009494,0.508260,0.721924,0.010360,0.552996,0.606435,0.026827,0.509016,0.635020,0.025678,0.510035,0.675317,0.024866,0.527883,0.698952,0.025137
934,1695021712.283810,0,,,0.0000,0.0000,0.0000,0.0000,4.9156,4758.7999,2.6943,117.8187,35.1351,217.7023,210.4677,195.6839,173.8090,0.000000,0.605087,0.816942,-0.000000,0.539630,0.852688,-0.033930,0.470098,0.818730,-0.038569,0.429613,0.757822,-0.032086,0.437959,0.712026,-0.023627,0.499337,0.649524,-0.039323,0.421640,0.642323,-0.032392,0.385017,0.643116,-0.026852,0.358322,0.626871,-0.026260,0.525473,0.605111,-0.016726,0.456923,0.664671,-0.012897,0.468988,0.729330,-0.005276,0.493886,0.745662,-0.000705,0.541548,0.597695,0.005793,0.479669,0.649815,0.005571,0.486657,0.706102,0.007396,0.507891,0.722875,0.008687,0.552956,0.604984,0.026418,0.507731,0.637697,0.024104,0.508857,0.678777,0.023189,0.526777,0.701673,0.023769
935,1695021712.292143,0,,,0.0000,0.0000,0.0000,0.0000,14.2118,4443.0307,2.5763,122.9190,28.8749,211.2270,205.1008,191.2993,170.8414,0.000000,0.605015,0.814967,-0.000000,0.539045,0.850746,-0.032232,0.469555,0.816876,-0.036289,0.429549,0.756049,-0.029520,0.438506,0.708902,-0.020810,0.497720,0.650020,-0.037933,0.420590,0.637528,-0.030445,0.384279,0.636090,-0.024733,0.358179,0.618053,-0.024061,0.524515,0.605267,-0.015880,0.457923,0.660774,-0.010130,0.469407,0.722489,-0.002086,0.493797,0.738606,0.002050,0.541774,0.597221,0.006198,0.481638,0.645993,0.007844,0.488775,0.700649,0.009680,0.509828,0.717471,0.010218,0.554328,0.604030,0.026466,0.510440,0.634218,0.025636,0.512101,0.674300,0.024897,0.529903,0.697529,0.025111
936,1695021712.300477,0,,,0.0000,0.0000,0.0000,0.0000,25.8674,4580.4373,2.8922,123.3264,25.9921,207.0810,202.1607,189.5333,170.4416,0.000000,0.603410,0.816231,-0.000000,0.536685,0.850333,-0.032778,0.470598,0.815579,-0.038322,0.431526,0.755274,-0.033338,0.437340,0.706706,-0.026307,0.497865,0.647572,-0.037768,0.421161,0.634169,-0.031064,0.383938,0.631168,-0.026609,0.357580,0.612603,-0.026868,0.526125,0.604583,-0.016041,0.458340,0.652540,-0.011047,0.467442,0.713790,-0.004058,0.491234,0.732154,-0.000630,0.544565,0.597667,0.005679,0.483321,0.637993,0.007202,0.487433,0.693009,0.009456,0.507440,0.713441,0.010283,0.558065,0.605359,0.025478,0.513717,0.628067,0.024946,0.512750,0.667589,0.024832,0.528956,0.693416,0.025467
937,1695021712.308810,0,,,0.0000,0.0000,0.0000,0.0000,33.3789,4827.9720,2.6641,124.3063,22.0468,201.5498,197.2976,184.9945,166.3447,0.000000,0.603451,0.814878,-0.000000,0.537728,0.849880,-0.034142,0.470133,0.814562,-0.039789,0.430694,0.751323,-0.034580,0.438034,0.701436,-0.027211,0.500313,0.648442,-0.039985,0.422365,0.629024,-0.035325,0.384629,0.624532,-0.031194,0.357532,0.606475,-0.031279,0.526846,0.602737,-0.018211,0.457309,0.652993,-0.015868,0.467473,0.715492,-0.008466,0.491876,0.733050,-0.003961,0.542937,0.593386,0.003142,0.480265,0.637868,0.001529,0.485822,0.693584,0.003872,0.506418,0.711982,0.005705,0.554404,0.599472,0.022492,0.508608,0.626030,0.019289,0.509149,0.666284,0.018663,0.526386,0.690499,0.019545
938,1695021712.317143,0,24.4946,24.4946,7.9244,0.0000,11.1937,306.2240,20.8906,5738.9216,3.1071,130.0972,19.0123,196.2688,191.9913,180.3536,163.7197,0.000000,0.604677,0.813859,-0.000000,0.538410,0.848656,-0.032467,0.470774,0.812493,-0.037672,0.430740,0.747859,-0.032380,0.437709,0.698277,-0.025003,0.498459,0.647443,-0.037662,0.421338,0.625212,-0.032061,0.383871,0.618484,-0.027945,0.357377,0.598345,-0.028249,0.526073,0.602448,-0.016088,0.457549,0.645373,-0.011432,0.467032,0.706163,-0.003408,0.490678,0.725227,0.000862,0.543882,0.593881,0.005218,0.481836,0.632081,0.005516,0.486979,0.686725,0.008299,0.507289,0.706993,0.009808,0.556769,0.600252,0.024658,0.511160,0.622095,0.022632,0.510869,0.661928,0.022335,0.527376,0.687822,0.023064
939,1695021712.325477,0,-23.3390,-23.3390,-5.6489,-13.5733,15.4774,378.4395,13.4062,6436.3734,2.3940,136.2469,16.9327,191.2528,187.5841,176.8400,161.6573,0.000000,0.604295,0.813141,-0.000000,0.537354,0.847347,-0.031678,0.469542,0.809128,-0.035901,0.430621,0.741956,-0.029520,0.438278,0.690949,-0.020968,0.497662,0.645488,-0.036279,0.421163,0.619107,-0.030294,0.383717,0.611121,-0.026149,0.357162,0.590544,-0.026441,0.526367,0.601578,-0.014426,0.456950,0.642171,-0.009043,0.465672,0.705217,-0.001080,0.489342,0.726401,0.002980,0.544781,0.594316,0.007191,0.481786,0.630490,0.008074,0.486142,0.687652,0.010497,0.506523,0.710615,0.011643,0.558309,0.601047,0.027048,0.512194,0.623927,0.025534,0.511162,0.665257,0.024951,0.527696,0.693042,0.025362
940,1695021712.333810,0,24.6522,24.6522,6.9428,12.5917,18.0801,142.6942,19.2906,6420.2221,2.6916,136.5494,20.0622,185.2243,180.5121,169.1462,153.7875,0.000000,0.603009,0.812942,-0.000000,0.537530,0.845911,-0.031873,0.469242,0.808969,-0.037338,0.429402,0.743541,-0.032670,0.438723,0.694464,-0.026239,0.499319,0.647508,-0.039139,0.422993,0.616129,-0.033976,0.385751,0.605549,-0.029139,0.358614,0.585254,-0.028924,0.526888,0.600299,-0.018326,0.460782,0.644097,-0.014540,0.469046,0.704938,-0.006260,0.491172,0.726670,-0.001722,0.544856,0.589850,0.002318,0.485439,0.632164,0.002376,0.490238,0.685491,0.005441,0.509070,0.706595,0.007080,0.557752,0.594793,0.021096,0.512985,0.622218,0.019105,0.512401,0.661275,0.018899,0.527300,0.686727,0.019649
941,1695021712.342143,0,-22.3018,-22.3018,-7.2732,-14.2160,21.3293,245.9520,16.3429,8461.6471,2.8734,144.9468,22.2921,177.0733,173.5776,163.9944,151.0230,0.000008,0.605552,0.812767,-0.000000,0.538292,0.845544,-0.030231,0.469534,0.807029,-0.034870,0.430643,0.740189,-0.029767,0.440410,0.691683,-0.022852,0.498603,0.645458,-0.036283,0.422939,0.608676,-0.030612,0.385246,0.596344,-0.026003,0.358134,0.575118,-0.025973,0.527440,0.599009,-0.015914,0.462103,0.637908,-0.010731,0.469273,0.698962,-0.002427,0.490997,0.722743,0.001828,0.546499,0.589002,0.004348,0.488141,0.627852,0.005778,0.491386,0.681149,0.008884,0.509606,0.704912,0.010153,0.560339,0.594442,0.022819,0.515879,0.620343,0.021880,0.514130,0.659269,0.021898,0.528364,0.686670,0.022606
942,1695021712.350477,0,-23.0549,-23.0549,-11.8874,-4.6141,23.2589,1369.5922,6.6546,9611.0535,2.1382,150.3619,28.1097,169.1688,166.5053,158.2058,146.5979,0.000280,0.604713,0.806908,-0.000000,0.537942,0.845206,-0.031304,0.468499,0.806126,-0.035384,0.429543,0.734124,-0.028902,0.439412,0.684799,-0.020424,0.498428,0.644972,-0.037615,0.423511,0.602172,-0.032357,0.385375,0.587125,-0.027721,0.358002,0.565517,-0.027278,0.526937,0.596984,-0.015939,0.460700,0.633029,-0.010188,0.466963,0.692663,-0.000649,0.488399,0.715735,0.004672,0.544960,0.585857,0.005398,0.486683,0.623339,0.006311,0.489457,0.675740,0.008844,0.507708,0.698937,0.010042,0.558083,0.588837,0.025017,0.514460,0.615560,0.023424,0.513395,0.654848,0.022807,0.528165,0.681638,0.023236
943,1695021712.358810,0,22.7010,22.7010,11.5100,23.3974,22.8279,1344.4393,1.1407,9140.5940,2.2450,150.9869,31.8124,161.8038,160.7809,153.6444,142.5624,0.000709,0.605039,0.810431,-0.000000,0.537383,0.844699,-0.030876,0.466843,0.803878,-0.035640,0.428254,0.729748,-0.030513,0.441450,0.678970,-0.023471,0.499287,0.642651,-0.037146,0.422860,0.596560,-0.032019,0.385150,0.579759,-0.027409,0.357759,0.556360,-0.027236,0.528125,0.595905,-0.016505,0.462457,0.632525,-0.012130,0.470559,0.691121,-0.003683,0.492833,0.713492,0.000990,0.546678,0.585756,0.003920,0.488723,0.624464,0.004647,0.492605,0.676945,0.007764,0.511332,0.699420,0.009300,0.560112,0.590325,0.022457,0.516383,0.616517,0.021121,0.515433,0.655354,0.020940,0.530244,0.681651,0.021634
944,1695021712.367143,0,25.6630,25.6630,0.2527,-11.2573,23.0545,1065.9953,25.4127,7884.6614,2.6270,150.3519,34.4408,157.0056,156.0483,149.6333,140.6828,0.001456,0.604352,0.810023,-0.000000,0.537823,0.841341,-0.030114,0.468901,0.801839,-0.034517,0.430703,0.730430,-0.028965,0.440840,0.677581,-0.021485,0.498579,0.640572,-0.038874,0.423410,0.590984,-0.035249,0.385518,0.572696,-0.031034,0.357373,0.549770,-0.030646,0.527352,0.593573,-0.018421,0.462810,0.633268,-0.014798,0.470538,0.693409,-0.005629,0.492196,0.716907,-0.000223,0.545833,0.583327,0.001805,0.487503,0.625407,0.001250,0.491750,0.677897,0.004557,0.509720,0.701023,0.006647,0.559061,0.587972,0.020365,0.514402,0.617861,0.017871,0.513534,0.656912,0.017840,0.527265,0.683567,0.019047
945,1695021712.375477,0,22.1871,22.1871,11.1222,10.8695,22.6633,962.4022,19.0708,5767.8301,2.0573,148.1713,39.5606,150.4064,150.8612,145.7582,139.0891,0.002734,0.605986,0.814325,-0.000000,0.537588,0.844389,-0.029034,0.466149,0.801366,-0.031335,0.428285,0.727588,-0.023380,0.443146,0.677515,-0.013466,0.497739,0.641810,-0.037488,0.422650,0.587214,-0.032284,0.384444,0.565426,-0.027513,0.356000,0.539688,-0.027086,0.527496,0.593644,-0.016738,0.462154,0.627852,-0.010346,0.468563,0.688899,-0.000529,0.489256,0.715893,0.004621,0.546391,0.582101,0.003924,0.488485,0.622156,0.006311,0.490909,0.673795,0.009065,0.507706,0.699899,0.009864,0.559930,0.586466,0.022883,0.515073,0.614367,0.022701,0.513119,0.651978,0.022306,0.526431,0.681130,0.022542
946,1695021712.383810,0,25.3070,25.3070,12.0905,0.9683,18.8579,972.8319,20.7311,5339.9054,1.7590,151.3241,47.7961,143.5494,146.1994,142.9453,137.7367,0.004900,0.601265,0.806576,-0.000000,0.532992,0.840895,-0.027242,0.466556,0.799023,-0.030706,0.431013,0.726072,-0.024211,0.440999,0.670751,-0.016185,0.492895,0.642541,-0.038388,0.419957,0.582688,-0.033926,0.381929,0.557585,-0.030376,0.353582,0.530032,-0.030792,0.523580,0.592505,-0.017992,0.461337,0.620882,-0.009532,0.468067,0.678131,0.001546,0.488552,0.703648,0.006611,0.544535,0.581321,0.002432,0.487913,0.614320,0.006485,0.491796,0.665436,0.010303,0.509607,0.691298,0.011010,0.559205,0.585327,0.021469,0.515830,0.607183,0.022038,0.514774,0.645861,0.022315,0.528564,0.675069,0.022536
947,1695021712.392143,0,27.8146,27.8146,1.2784,-10.8121,2.0641,978.2114,35.6012,5450.6149,2.7975,149.1019,50.3021,141.8920,145.1560,142.7198,138.5823,0.005927,0.600846,0.804893,-0.000000,0.533393,0.839943,-0.029115,0.464308,0.798465,-0.031629,0.427637,0.724061,-0.023479,0.441506,0.670107,-0.013601,0.493612,0.640651,-0.041052,0.419961,0.581471,-0.037034,0.380967,0.554518,-0.033164,0.351528,0.526636,-0.033215,0.524434,0.590895,-0.019986,0.461792,0.624507,-0.013835,0.467539,0.682986,-0.003052,0.488270,0.710583,0.002704,0.544576,0.579779,0.001001,0.487724,0.617961,0.002915,0.490207,0.668067,0.005980,0.507193,0.693419,0.007094,0.558957,0.583927,0.020449,0.514692,0.610632,0.019801,0.512847,0.647113,0.019475,0.526538,0.674486,0.019692
948,1695021712.400477,0,29.2696,29.2696,0.9017,-0.3768,2.4126,950.6277,20.8866,5856.7646,2.7075,146.4684,53.9915,140.0687,143.5729,141.7777,139.1056,0.007188,0.600826,0.805648,-0.000000,0.532382,0.840555,-0.026921,0.462964,0.797475,-0.028927,0.426674,0.720349,-0.020997,0.440895,0.668414,-0.011580,0.491800,0.641619,-0.039053,0.419428,0.580139,-0.036098,0.379850,0.551604,-0.033497,0.349691,0.522794,-0.034581,0.523864,0.589917,-0.019613,0.463124,0.624677,-0.013471,0.468545,0.682983,-0.002679,0.488488,0.710046,0.002751,0.545394,0.578514,-0.000250,0.490193,0.617702,0.001541,0.492410,0.665546,0.005400,0.509329,0.690263,0.006816,0.561207,0.583043,0.017641,0.517211,0.609018,0.016855,0.515056,0.645160,0.017442,0.528747,0.673367,0.018279
949,1695021712.408810,0,27.3454,27.3454,1.2896,0.3879,2.4524,790.4579,17.8606,5816.0754,2.6178,147.8056,55.9789,136.3894,140.6729,139.3641,137.7134,0.008214,0.600411,0.807026,-0.000000,0.531886,0.841937,-0.026997,0.461772,0.797996,-0.029733,0.425779,0.722206,-0.022831,0.439738,0.668988,-0.014476,0.491503,0.641011,-0.038358,0.419094,0.577135,-0.035444,0.379799,0.548229,-0.032558,0.350356,0.518336,-0.033501,0.522821,0.589833,-0.018985,0.461053,0.626660,-0.012740,0.467852,0.686909,-0.001593,0.489207,0.712500,0.003937,0.543820,0.578033,0.000171,0.487912,0.618783,0.002728,0.491271,0.670486,0.007368,0.508955,0.695403,0.008912,0.559384,0.582198,0.017690,0.516214,0.611149,0.017763,0.514877,0.650231,0.018477,0.528550,0.678736,0.019144
950,1695021712.417143,0,-29.9026,-29.9026,-13.8024,-15.0920,22.9698,649.1166,47.8141,5738.0183,1.6613,152.2963,55.9149,133.7016,139.6455,139.6286,137.9538,0.009114,0.597432,0.804677,-0.000000,0.529984,0.839444,-0.025997,0.461256,0.797713,-0.029595,0.424734,0.721865,-0.024078,0.438277,0.666743,-0.017372,0.488335,0.643914,-0.037507,0.418043,0.577800,-0.036078,0.378841,0.545891,-0.034834,0.348857,0.515667,-0.036768,0.518725,0.590634,-0.019018,0.460675,0.624746,-0.013843,0.466997,0.683458,-0.003772,0.487071,0.711389,0.001179,0.540313,0.576574,-0.000673,0.487340,0.616200,0.001226,0.491062,0.666200,0.005682,0.508423,0.692550,0.007310,0.557217,0.578688,0.016158,0.515194,0.608399,0.016309,0.513771,0.647003,0.017577,0.527189,0.675207,0.018744
951,1695021712.425477,0,34.5536,34.5536,1.6848,15.4872,23.9966,432.3469,51.7101,5639.3070,2.0542,154.3603,56.9735,132.1946,139.6664,140.9185,140.6322,0.010810,0.597713,0.800411,-0.000000,0.529817,0.839818,-0.028573,0.460930,0.797899,-0.031792,0.423896,0.721224,-0.024701,0.437800,0.668219,-0.016115,0.487638,0.640617,-0.040764,0.415939,0.577016,-0.039557,0.376125,0.544926,-0.038926,0.346608,0.512609,-0.041293,0.519279,0.589160,-0.020293,0.459886,0.622241,-0.013779,0.465780,0.680114,-0.002740,0.486979,0.706990,0.002509,0.541311,0.577112,-0.000215,0.487994,0.612495,0.001883,0.491229,0.662277,0.005834,0.509321,0.688013,0.007055,0.558967,0.579792,0.018217,0.517239,0.605491,0.017887,0.516114,0.643038,0.018350,0.530460,0.671250,0.018836
952,1695021712.433810,0,35.7300,35.7300,1.6151,-0.0697,24.8499,197.4659,70.4749,5257.8577,1.9165,155.9020,55.0183,131.9149,138.9429,139.4755,138.6844,0.010279,0.595004,0.800077,-0.000000,0.526640,0.837537,-0.029100,0.457740,0.795485,-0.032349,0.422073,0.718070,-0.024762,0.435799,0.663506,-0.015506,0.485848,0.639968,-0.041706,0.414354,0.576232,-0.040793,0.374861,0.544923,-0.040560,0.345605,0.512457,-0.043017,0.516319,0.588575,-0.020457,0.455960,0.621203,-0.012567,0.461417,0.680032,-0.000683,0.481998,0.705277,0.004925,0.537112,0.576322,0.000297,0.483253,0.613080,0.003394,0.485699,0.663344,0.007351,0.503417,0.687962,0.008330,0.553879,0.578240,0.019422,0.511883,0.606915,0.019751,0.510090,0.645076,0.020437,0.523737,0.672891,0.021005
953,1695021712.442143,0,-39.1383,-39.1383,-16.6209,-18.2360,33.1085,849.4711,39.4367,5597.2759,2.2306,156.6150,58.6233,131.4963,139.1673,140.7197,141.7088,0.012310,0.592700,0.796146,-0.000000,0.524708,0.837580,-0.027838,0.457012,0.798510,-0.032492,0.421789,0.721256,-0.027540,0.433634,0.663377,-0.021145,0.484019,0.640873,-0.040409,0.411423,0.575296,-0.041838,0.371513,0.542234,-0.042848,0.342330,0.509510,-0.045915,0.514710,0.588384,-0.021294,0.455582,0.621373,-0.017616,0.461576,0.677957,-0.007689,0.482311,0.703047,-0.002704,0.536223,0.575227,-0.002700,0.482683,0.612915,-0.002954,0.486418,0.662101,0.001439,0.504966,0.686535,0.003515,0.553218,0.577254,0.014283,0.510523,0.606978,0.011858,0.509675,0.645838,0.012673,0.524130,0.673278,0.014069
954,1695021712.450477,0,-42.2309,-42.2309,-3.0821,13.5388,35.6202,279.6876,53.6491,5812.2982,1.5293,155.8981,61.5137,130.3843,139.0281,141.4779,142.5320,0.013659,0.592230,0.799711,-0.000000,0.524499,0.838164,-0.027258,0.455338,0.796772,-0.030240,0.420474,0.719285,-0.023349,0.434457,0.665248,-0.014902,0.481980,0.642401,-0.040936,0.410304,0.574909,-0.043639,0.369942,0.540768,-0.045229,0.340372,0.508125,-0.048441,0.513756,0.588706,-0.022214,0.453359,0.622364,-0.018960,0.458721,0.680168,-0.008268,0.479193,0.706123,-0.002508,0.535862,0.573692,-0.004259,0.481026,0.613781,-0.005277,0.484308,0.662239,-0.000880,0.502406,0.686007,0.001540,0.553676,0.574542,0.012064,0.509498,0.605214,0.008748,0.508110,0.643407,0.009217,0.522169,0.670817,0.010613
955,1695021712.458810,0,-42.3699,-42.3699,-19.2309,-16.1488,37.4421,1268.1090,20.4386,5371.6015,2.4821,151.8356,62.7821,131.1349,142.0045,145.5340,147.2479,0.015776,0.589720,0.800299,-0.000000,0.520479,0.838350,-0.023832,0.452330,0.797661,-0.026171,0.416976,0.719991,-0.018818,0.432510,0.668070,-0.010261,0.477458,0.643922,-0.039709,0.407423,0.575729,-0.041513,0.367696,0.540323,-0.044598,0.337343,0.506973,-0.049130,0.509840,0.588865,-0.020980,0.451994,0.616072,-0.013268,0.456849,0.673812,-0.001299,0.476328,0.702202,0.004106,0.533380,0.574295,-0.002396,0.480855,0.606051,0.000866,0.483053,0.654026,0.005442,0.501129,0.680741,0.006802,0.553238,0.574212,0.015078,0.511049,0.598714,0.016307,0.508863,0.635697,0.018349,0.522914,0.663689,0.019703
956,1695021712.467143,0,33.3912,33.3912,-0.5847,18.6462,37.1630,404.3365,63.0132,4702.4598,2.2715,143.6150,61.6559,133.6205,144.8305,148.8516,151.0975,0.015894,0.591041,0.800704,-0.000000,0.521805,0.840809,-0.022990,0.450392,0.798479,-0.024226,0.414483,0.718377,-0.016249,0.432028,0.666717,-0.007224,0.476889,0.645736,-0.036783,0.405782,0.575612,-0.036342,0.365839,0.541350,-0.036468,0.335277,0.508822,-0.039123,0.508296,0.589377,-0.018817,0.450388,0.623446,-0.012071,0.457144,0.680224,-0.000136,0.477047,0.704833,0.005974,0.530846,0.573568,-0.000912,0.477780,0.615278,0.001791,0.482147,0.661964,0.006459,0.500658,0.685157,0.008214,0.549425,0.573891,0.015831,0.506494,0.606041,0.016315,0.506037,0.643479,0.017969,0.520949,0.669683,0.019438
957,1695021712.475477,0,43.1369,43.1369,20.5688,21.1535,39.0908,1265.4007,58.4846,5119.7091,2.7454,155.4290,65.9443,129.3344,140.3986,144.4790,147.5229,0.017517,0.587301,0.797838,-0.000000,0.519329,0.838885,-0.024156,0.450818,0.797853,-0.026177,0.415383,0.722589,-0.018257,0.427439,0.667383,-0.009216,0.473573,0.647632,-0.041102,0.404094,0.574257,-0.043372,0.364440,0.537401,-0.045819,0.334613,0.503744,-0.049617,0.504728,0.590403,-0.022058,0.447907,0.623442,-0.014113,0.453747,0.681735,-0.001107,0.473107,0.707992,0.004963,0.527794,0.574200,-0.003368,0.474591,0.615210,0.000157,0.479178,0.665131,0.005502,0.497240,0.689444,0.007158,0.547033,0.573563,0.014130,0.503930,0.608184,0.014942,0.503167,0.646688,0.016884,0.516938,0.673415,0.018262
958,1695021712.483810,0,49.3886,49.3886,22.9049,2.3361,41.5987,1336.9963,56.2223,5135.7406,2.3245,151.8349,66.7093,134.1441,144.7238,149.1901,153.2444,0.018522,0.584471,0.796355,-0.000000,0.514430,0.835944,-0.025036,0.444472,0.795317,-0.027259,0.411738,0.715250,-0.018615,0.430319,0.663272,-0.008857,0.471456,0.643123,-0.045197,0.401448,0.570852,-0.047130,0.360989,0.536367,-0.049889,0.329955,0.503430,-0.053955,0.503300,0.588517,-0.024597,0.447663,0.618366,-0.015100,0.453257,0.677447,-0.000829,0.472775,0.703851,0.005868,0.526138,0.575192,-0.004056,0.475203,0.610996,0.000523,0.478798,0.659419,0.004940,0.497104,0.683440,0.005778,0.545902,0.573882,0.015527,0.505105,0.604089,0.017887,0.504430,0.641307,0.019993,0.519183,0.666772,0.021044
959,1695021712.492143,0,-46.2011,-46.2011,-0.9578,-23.8627,42.5812,340.9564,3.6337,4834.9052,2.8264,154.0934,70.7281,126.6444,139.4024,145.0264,149.8249,0.020404,0.584436,0.797799,-0.000000,0.513548,0.837975,-0.022474,0.444587,0.796620,-0.024100,0.411033,0.717948,-0.015853,0.426332,0.664108,-0.006863,0.468743,0.645195,-0.042182,0.400641,0.572059,-0.045385,0.360765,0.533313,-0.049362,0.330634,0.497804,-0.054256,0.501601,0.588410,-0.023352,0.447163,0.623913,-0.013781,0.453265,0.682728,0.000397,0.473194,0.708779,0.006580,0.526013,0.575164,-0.004680,0.475199,0.616373,-0.000072,0.478889,0.666132,0.005807,0.496923,0.691202,0.007298,0.546887,0.576867,0.013071,0.505515,0.610438,0.015167,0.504796,0.647965,0.018099,0.518837,0.675151,0.019699
960,1695021712.500477,0,37.9714,37.9714,1.1450,2.1028,35.2741,541.7985,69.9275,4607.7346,1.8392,151.7693,74.1964,125.3693,138.3624,144.2875,149.5648,0.021867,0.584020,0.802718,-0.000000,0.514380,0.839692,-0.019519,0.446603,0.798296,-0.020963,0.412072,0.725252,-0.014080,0.423208,0.670624,-0.006422,0.466036,0.645223,-0.036415,0.399076,0.569095,-0.038619,0.359858,0.529662,-0.040970,0.330446,0.494710,-0.044694,0.499443,0.588534,-0.020237,0.445577,0.622318,-0.012886,0.450173,0.679067,-0.001017,0.468432,0.705068,0.004240,0.525361,0.573870,-0.003999,0.474105,0.615438,-0.000321,0.477259,0.663952,0.005355,0.494228,0.689145,0.007066,0.546089,0.576352,0.011344,0.504719,0.606999,0.012734,0.502734,0.643914,0.015524,0.515390,0.671531,0.017554
961,1695021712.508810,0,40.3572,40.3572,-0.6949,-1.8400,35.7699,295.2452,48.7296,4220.9284,2.5293,150.0031,71.4462,126.7250,141.2228,148.4805,154.7011,0.022661,0.582629,0.801073,-0.000000,0.512288,0.840528,-0.020573,0.443310,0.799069,-0.021458,0.409183,0.721848,-0.013183,0.424632,0.665709,-0.004060,0.464187,0.646349,-0.037787,0.396147,0.571146,-0.039866,0.356538,0.530872,-0.042887,0.327161,0.494605,-0.047030,0.497163,0.589613,-0.019829,0.443299,0.618852,-0.009995,0.448882,0.674625,0.003348,0.468467,0.701679,0.009164,0.522654,0.574380,-0.001936,0.472105,0.610941,0.003637,0.476031,0.659369,0.009343,0.493734,0.685453,0.010678,0.544380,0.574308,0.015055,0.503632,0.604726,0.018101,0.502963,0.641445,0.020913,0.516710,0.668665,0.022447
962,1695021712.517143,0,-45.1732,-45.1732,-23.6405,-22.9455,43.4068,1824.8471,37.5393,4285.9987,1.8311,147.9128,70.5170,131.2317,145.4717,152.1618,157.5922,0.022846,0.581118,0.798261,-0.000000,0.511088,0.840486,-0.020288,0.441240,0.797575,-0.020758,0.407188,0.720522,-0.012660,0.421842,0.667762,-0.003771,0.464756,0.646511,-0.035781,0.397878,0.574295,-0.040237,0.357546,0.534683,-0.045070,0.327767,0.499236,-0.050362,0.498221,0.588571,-0.019798,0.443298,0.623734,-0.013738,0.448250,0.680948,-0.001659,0.468101,0.705368,0.004164,0.523135,0.572945,-0.004343,0.471450,0.612900,-0.002952,0.474881,0.661477,0.002466,0.493403,0.683937,0.004779,0.544516,0.573678,0.010136,0.502405,0.605628,0.010061,0.502025,0.643158,0.012943,0.517163,0.668782,0.015270
963,1695021712.525477,0,41.5698,41.5698,21.9427,45.5832,41.9786,1990.6330,22.4514,4284.3933,1.3706,153.1219,74.9564,129.2751,144.7033,152.5924,159.1486,0.025337,0.580585,0.799784,-0.000000,0.510462,0.841019,-0.017979,0.440980,0.799538,-0.019723,0.405845,0.723536,-0.013946,0.418322,0.667796,-0.007703,0.459749,0.648568,-0.033581,0.392972,0.571356,-0.037188,0.353107,0.529252,-0.041421,0.323516,0.492879,-0.046349,0.493110,0.589347,-0.018888,0.440685,0.622461,-0.012154,0.445703,0.679528,-0.000353,0.464526,0.706866,0.005232,0.519786,0.573513,-0.004270,0.470108,0.614136,-0.001125,0.473203,0.661381,0.005288,0.490657,0.686987,0.007878,0.542486,0.575113,0.009476,0.501539,0.605797,0.011282,0.499767,0.642688,0.015574,0.513215,0.670767,0.018818
964,1695021712.533810,0,45.6769,45.6769,1.9264,-20.0163,34.7167,286.8101,43.9283,4482.6589,1.6521,151.0910,69.1669,131.2256,145.5273,152.6206,158.4206,0.022172,0.579002,0.799656,-0.000000,0.508025,0.839954,-0.018819,0.440315,0.798434,-0.020464,0.405905,0.720538,-0.013660,0.418505,0.663381,-0.006100,0.458583,0.648133,-0.036484,0.392615,0.572916,-0.040131,0.353522,0.532608,-0.044743,0.324244,0.496581,-0.050110,0.492226,0.590149,-0.020398,0.439706,0.623385,-0.011725,0.445986,0.681325,0.000753,0.465397,0.707561,0.005726,0.518210,0.574480,-0.004396,0.467414,0.612547,0.000573,0.471829,0.662528,0.006960,0.490045,0.688744,0.008476,0.539933,0.575405,0.010731,0.498828,0.602929,0.013240,0.497888,0.639970,0.016692,0.511899,0.668238,0.018669
965,1695021712.542143,0,41.7306,41.7306,0.3433,-1.5830,35.0485,99.3068,36.6658,4398.0451,1.3834,152.7485,73.4976,128.7075,144.3043,152.5702,159.9158,0.025275,0.577080,0.796833,-0.000000,0.506435,0.838539,-0.017573,0.438849,0.796465,-0.017683,0.404478,0.720376,-0.008740,0.417626,0.664826,0.000753,0.456264,0.647715,-0.037599,0.390820,0.570246,-0.039243,0.352108,0.529467,-0.042543,0.323078,0.492665,-0.046946,0.489553,0.590559,-0.020236,0.439251,0.622188,-0.007901,0.445986,0.679915,0.006480,0.465438,0.707145,0.012078,0.515753,0.575715,-0.002552,0.466861,0.610511,0.005197,0.472358,0.660828,0.011073,0.490667,0.687877,0.011522,0.538155,0.575263,0.014683,0.498934,0.603792,0.020070,0.499169,0.640638,0.023797,0.513463,0.668634,0.025199
966,1695021712.550477,0,-35.3202,-35.3202,2.4633,2.1199,40.9240,152.3881,74.6347,4435.0850,0.5274,149.9853,73.3831,129.7321,144.9742,153.0488,160.6334,0.025638,0.576787,0.798985,-0.000000,0.505026,0.838171,-0.014630,0.436993,0.796953,-0.013625,0.403463,0.724689,-0.004789,0.416916,0.670800,0.004483,0.452669,0.647102,-0.032291,0.389468,0.570738,-0.033192,0.351350,0.529720,-0.035719,0.322980,0.492891,-0.039667,0.487357,0.590443,-0.017840,0.439281,0.625629,-0.006658,0.446772,0.681122,0.006599,0.466474,0.704532,0.011844,0.515469,0.575998,-0.003038,0.468679,0.614841,0.004104,0.473951,0.663087,0.010005,0.491737,0.686656,0.010727,0.539204,0.577506,0.011300,0.501265,0.604755,0.016428,0.501279,0.640840,0.020545,0.515491,0.667256,0.022483
967,1695021712.558810,0,-42.8458,-42.8458,-21.1039,-23.5672,40.3058,2379.2405,79.3285,4488.2067,1.8721,146.1852,72.1766,134.0876,149.3226,157.5706,165.0462,0.026090,0.572544,0.793409,-0.000000,0.501947,0.834932,-0.016944,0.433870,0.793198,-0.017188,0.400829,0.718162,-0.009341,0.415734,0.666930,-0.000981,0.452116,0.645651,-0.034288,0.387195,0.570749,-0.037844,0.348591,0.530808,-0.042214,0.320503,0.494646,-0.047004,0.486485,0.588395,-0.019278,0.435331,0.621675,-0.010582,0.440449,0.675704,0.002410,0.459257,0.699188,0.008429,0.513894,0.574185,-0.004348,0.465012,0.613643,0.000129,0.468695,0.659852,0.005828,0.486346,0.681601,0.007619,0.537554,0.575496,0.009913,0.497802,0.608362,0.012650,0.497693,0.643465,0.016402,0.512134,0.667738,0.018896
968,1695021712.567143,0,39.3500,39.3500,-1.5817,19.5222,39.9682,269.6852,79.5384,4402.2478,0.8575,148.6196,69.4757,132.4279,147.6650,155.5161,162.7233,0.024229,0.573596,0.792809,-0.000000,0.502458,0.836461,-0.016773,0.435607,0.795860,-0.016337,0.402680,0.722803,-0.007423,0.416054,0.670370,0.002130,0.451823,0.643018,-0.034272,0.386993,0.570428,-0.035660,0.348783,0.530850,-0.038671,0.321320,0.493488,-0.042473,0.486449,0.587806,-0.018007,0.436315,0.616898,-0.006984,0.441431,0.671544,0.006388,0.461195,0.697209,0.012177,0.514204,0.574938,-0.001525,0.466272,0.606536,0.004325,0.469666,0.655220,0.008908,0.487622,0.680198,0.009565,0.537577,0.576033,0.014603,0.499138,0.600775,0.019136,0.498259,0.637022,0.022600,0.512450,0.663994,0.024337
969,1695021712.575477,0,-39.4111,-39.4111,-20.2854,-18.7037,39.1407,2311.5206,7.5320,4422.0697,1.3770,148.7014,69.3987,134.8354,150.4728,157.9819,163.8030,0.024851,0.571772,0.793426,-0.000000,0.502687,0.833214,-0.016054,0.434679,0.793211,-0.016001,0.401539,0.718957,-0.008406,0.417000,0.666463,-0.000367,0.451758,0.644580,-0.031987,0.387043,0.572820,-0.034468,0.348598,0.532923,-0.037724,0.321278,0.496884,-0.041733,0.485179,0.587239,-0.017727,0.436471,0.619408,-0.009799,0.442776,0.671615,0.002108,0.462572,0.696367,0.007697,0.512338,0.571020,-0.003434,0.466875,0.608444,0.000109,0.471450,0.653488,0.004507,0.489134,0.677725,0.005657,0.535889,0.570701,0.010312,0.498838,0.601931,0.012560,0.499652,0.635768,0.015400,0.513988,0.660802,0.017294
970,1695021712.583810,0,-41.6898,-41.6898,-1.5924,18.6930,31.7710,272.7820,54.9303,4441.6467,1.1862,149.1929,67.7969,135.5104,151.2301,159.0680,164.8685,0.024229,0.570145,0.789366,-0.000000,0.500949,0.832587,-0.016605,0.432512,0.792299,-0.017072,0.400811,0.716035,-0.010318,0.417511,0.666228,-0.003117,0.450190,0.645800,-0.030677,0.387182,0.575439,-0.035307,0.349110,0.535392,-0.040237,0.321839,0.499265,-0.045330,0.483289,0.586975,-0.017517,0.434406,0.620256,-0.011747,0.440248,0.672953,-0.000598,0.459900,0.695579,0.004922,0.510266,0.569156,-0.004798,0.464145,0.606766,-0.003337,0.467914,0.652581,0.001598,0.485674,0.674679,0.003745,0.534564,0.567216,0.007103,0.496259,0.598530,0.007678,0.496449,0.633337,0.010859,0.511150,0.656902,0.013477
971,1695021712.592143,0,-33.6366,-33.6366,2.3023,3.8947,31.6577,193.8706,85.9888,4332.0507,1.3024,148.2608,67.2467,135.2504,149.4771,156.3329,162.2417,0.023391,0.571744,0.791758,-0.000000,0.502402,0.833829,-0.013382,0.434041,0.792126,-0.011888,0.401689,0.717399,-0.003543,0.416460,0.665116,0.005096,0.449468,0.646584,-0.027635,0.387982,0.574436,-0.029471,0.350503,0.534539,-0.032720,0.323249,0.498891,-0.036859,0.483027,0.588862,-0.015009,0.436132,0.621154,-0.006167,0.443018,0.672719,0.005460,0.462653,0.695348,0.010572,0.510921,0.571338,-0.002339,0.465587,0.606253,0.002042,0.470180,0.651831,0.006741,0.487857,0.675085,0.007797,0.535393,0.569030,0.009885,0.497248,0.597264,0.013180,0.497366,0.632298,0.016861,0.511763,0.656966,0.019108
972,1695021712.600477,1,32.1085,32.1085,-1.8104,-4.1127,36.4073,180.5584,14.4876,4351.4476,1.1490,145.1073,64.6682,136.7276,151.5954,158.9787,164.4079,0.021460,0.574904,0.796243,-0.000000,0.502782,0.836886,-0.014536,0.431927,0.793238,-0.013551,0.400351,0.716807,-0.005740,0.417234,0.667835,0.002270,0.450792,0.645731,-0.029838,0.388377,0.574090,-0.030778,0.350284,0.535616,-0.032418,0.322395,0.500786,-0.035947,0.485549,0.587897,-0.017905,0.437727,0.626491,-0.010728,0.444166,0.680871,0.000822,0.463634,0.703145,0.006093,0.513582,0.572901,-0.005784,0.467711,0.614202,-0.002416,0.471595,0.659626,0.003138,0.488926,0.682438,0.004727,0.537800,0.574993,0.005616,0.500110,0.607125,0.007851,0.500725,0.640786,0.011710,0.515596,0.665418,0.014196
973,1695021712.608810,1,-37.6949,-37.6949,0.4291,2.2394,28.2099,108.8750,70.7628,4421.3215,1.2540,146.6343,65.3510,135.8092,149.8631,156.4349,161.7489,0.022051,0.570791,0.790612,-0.000000,0.500539,0.833866,-0.017802,0.432534,0.791041,-0.018408,0.401367,0.714006,-0.011493,0.417502,0.665085,-0.004018,0.451025,0.642563,-0.031987,0.387410,0.574431,-0.034710,0.349738,0.536757,-0.037593,0.323089,0.501254,-0.041457,0.485783,0.584833,-0.018460,0.437275,0.617798,-0.012798,0.442815,0.671147,-0.001764,0.462303,0.695175,0.003835,0.513670,0.568977,-0.005184,0.467736,0.604342,-0.004163,0.471197,0.651148,0.000242,0.488515,0.675326,0.002108,0.537724,0.569360,0.007241,0.500478,0.598856,0.007523,0.500571,0.633432,0.010215,0.514772,0.658474,0.012480
974,1695021712.617143,1,-29.6773,-29.6773,3.0031,2.5741,27.4081,65.8519,79.2935,4339.4876,1.0367,149.6397,66.5223,134.3890,147.6971,154.0952,159.8457,0.021779,0.572017,0.795562,-0.000000,0.499813,0.833535,-0.014283,0.431140,0.788299,-0.011861,0.401810,0.712062,-0.001075,0.418621,0.662435,0.010210,0.445942,0.644416,-0.031813,0.385316,0.572721,-0.029834,0.349573,0.535036,-0.030528,0.324055,0.499436,-0.033429,0.481697,0.587991,-0.017164,0.435298,0.618635,-0.001896,0.440996,0.669506,0.012317,0.459286,0.691619,0.017623,0.511228,0.573985,-0.001967,0.466639,0.607801,0.008189,0.469508,0.653180,0.012809,0.485524,0.676557,0.012039,0.536897,0.574585,0.012763,0.499941,0.600984,0.019324,0.498819,0.634163,0.022519,0.511773,0.660814,0.023380
975,1695021712.625477,1,33.5877,33.5877,16.8061,13.8030,32.6887,2252.4817,53.7324,4166.4266,1.0804,148.8688,65.6550,137.1325,151.5888,158.4641,163.4134,0.021355,0.572394,0.793534,-0.000000,0.499968,0.832943,-0.013812,0.432568,0.785640,-0.010744,0.404293,0.709432,0.000235,0.421300,0.663097,0.011692,0.448929,0.644992,-0.030457,0.386979,0.574748,-0.030295,0.350152,0.536795,-0.032254,0.324042,0.501474,-0.036012,0.484791,0.589521,-0.016692,0.437284,0.620171,-0.005044,0.443122,0.673543,0.007535,0.461867,0.697166,0.012387,0.513802,0.574398,-0.002571,0.467992,0.609080,0.004711,0.471077,0.655657,0.009277,0.488106,0.679390,0.009100,0.538550,0.574685,0.011025,0.501167,0.602193,0.014941,0.500189,0.635849,0.017526,0.513912,0.661567,0.018462
976,1695021712.633810,1,-36.7827,-36.7827,-17.2228,-34.0289,33.2201,2097.4896,52.7897,4079.6316,1.5225,151.8094,63.6478,135.3407,148.9923,154.9700,159.3212,0.019899,0.572488,0.791718,-0.000000,0.502955,0.831836,-0.014335,0.436693,0.787996,-0.011975,0.405759,0.714527,-0.001629,0.420096,0.665525,0.009217,0.450422,0.645514,-0.031091,0.389426,0.575194,-0.032588,0.352403,0.536157,-0.035841,0.325564,0.500734,-0.039985,0.485073,0.587702,-0.016582,0.438712,0.618165,-0.004665,0.445162,0.671029,0.008973,0.464286,0.695277,0.014590,0.513910,0.571310,-0.002008,0.468797,0.604286,0.004715,0.472947,0.650824,0.009620,0.490041,0.674653,0.010017,0.538747,0.570078,0.012133,0.501831,0.596683,0.016281,0.501178,0.631459,0.019185,0.514677,0.657207,0.020354
977,1695021712.642143,1,-35.1107,-35.1107,0.6460,17.8688,27.5025,140.1074,28.5084,4048.9988,2.3841,152.2940,66.1355,133.7507,147.7023,153.8354,157.8142,0.020088,0.574338,0.793817,-0.000000,0.503844,0.830871,-0.017669,0.437670,0.785598,-0.015793,0.406968,0.711217,-0.004632,0.420426,0.660194,0.007371,0.453710,0.638332,-0.035776,0.390869,0.570006,-0.035018,0.354403,0.534448,-0.036164,0.328348,0.499160,-0.039051,0.489328,0.585179,-0.019028,0.441633,0.616863,-0.005960,0.447667,0.668783,0.007940,0.466453,0.691246,0.013423,0.517528,0.573209,-0.002030,0.471885,0.605705,0.005317,0.475829,0.652169,0.009010,0.492424,0.676171,0.008364,0.540754,0.574728,0.014410,0.504414,0.600496,0.018579,0.504403,0.634728,0.020342,0.517982,0.660653,0.020575
978,1695021712.650477,1,38.6886,38.6886,17.0915,16.4455,34.4087,2055.6941,28.0314,4230.5757,2.2651,152.5293,70.2088,131.8560,143.6307,149.2088,154.5320,0.020951,0.576246,0.794163,-0.000000,0.505801,0.831644,-0.015386,0.440329,0.786313,-0.014054,0.409384,0.713766,-0.004681,0.422207,0.666801,0.005167,0.456310,0.641454,-0.033746,0.393417,0.571550,-0.035190,0.356176,0.532558,-0.037668,0.329765,0.496288,-0.041425,0.491782,0.586979,-0.019377,0.443511,0.615134,-0.009326,0.448829,0.668007,0.003492,0.467373,0.691963,0.008672,0.520315,0.573617,-0.004710,0.473881,0.604293,0.000579,0.476699,0.650256,0.005721,0.493014,0.674100,0.006355,0.543807,0.576006,0.009494,0.505618,0.600790,0.012642,0.504593,0.634923,0.015919,0.517804,0.661470,0.017451
979,1695021712.658810,1,30.9099,30.9099,-0.6695,-17.7610,34.5550,371.7754,60.2952,4226.2229,2.3056,147.9583,67.4275,131.4487,143.3335,148.0271,151.1647,0.018173,0.579212,0.793890,-0.000000,0.507671,0.831701,-0.013050,0.440260,0.782235,-0.009791,0.410443,0.705224,0.001170,0.425979,0.655324,0.012738,0.456919,0.642048,-0.028694,0.395381,0.571217,-0.028293,0.358736,0.534464,-0.030469,0.332105,0.499737,-0.034753,0.493070,0.587164,-0.015485,0.446366,0.617001,-0.002557,0.453367,0.670576,0.010458,0.471306,0.691585,0.014890,0.521951,0.573420,-0.002014,0.476180,0.607247,0.006986,0.480168,0.653919,0.013046,0.496485,0.676201,0.013005,0.546023,0.576523,0.010799,0.508103,0.602514,0.016012,0.507857,0.636554,0.019569,0.521515,0.662394,0.020690
980,1695021712.667143,1,30.0130,30.0130,16.6989,17.3684,34.0149,1809.5807,2.7249,4848.0817,2.6012,153.1875,70.4632,127.0270,136.6911,141.1251,145.7065,0.017513,0.580857,0.797769,-0.000000,0.508315,0.830785,-0.016068,0.440145,0.779714,-0.013334,0.411596,0.702576,-0.001776,0.429637,0.656581,0.010173,0.461344,0.639352,-0.034100,0.399890,0.569239,-0.032063,0.363042,0.532783,-0.032467,0.336098,0.497897,-0.035496,0.496610,0.585921,-0.018383,0.449794,0.617696,-0.003693,0.456158,0.671737,0.010990,0.474423,0.695056,0.016340,0.524583,0.574073,-0.002298,0.479786,0.608140,0.007486,0.483590,0.654414,0.012282,0.499434,0.678325,0.011198,0.548199,0.577205,0.013158,0.512095,0.605765,0.019399,0.512368,0.639742,0.022096,0.525728,0.666334,0.022155
981,1695021712.675477,1,34.9314,34.9314,17.5105,0.8116,27.6717,1758.3360,30.0496,4777.7695,1.9713,162.5625,73.3576,122.0893,130.4403,134.3040,138.8967,0.017162,0.582155,0.794450,-0.000000,0.511339,0.827344,-0.016507,0.444517,0.777451,-0.013167,0.413918,0.703839,-0.000435,0.431046,0.660803,0.012939,0.462678,0.635021,-0.033919,0.402655,0.567757,-0.033586,0.366907,0.530789,-0.036532,0.340908,0.494132,-0.040978,0.498258,0.583318,-0.016980,0.450428,0.613420,-0.000877,0.456723,0.666942,0.014215,0.474516,0.689026,0.019589,0.526158,0.572695,0.000060,0.480909,0.604688,0.010741,0.484340,0.651031,0.015171,0.500459,0.673186,0.013938,0.549763,0.575934,0.016465,0.512997,0.601045,0.022939,0.512417,0.635629,0.025256,0.526006,0.661982,0.025119
982,1695021712.683810,1,-25.9833,-25.9833,-16.1680,-33.6785,24.0471,1504.2368,67.3588,4765.2534,2.1587,160.4259,74.6910,119.7367,125.7966,128.4258,131.8955,0.014152,0.585826,0.795287,-0.000000,0.514075,0.826956,-0.016011,0.448077,0.777070,-0.012231,0.418511,0.704942,0.000793,0.433458,0.659339,0.014458,0.468174,0.632406,-0.033156,0.407692,0.565166,-0.029910,0.372313,0.530736,-0.029662,0.346479,0.495628,-0.032225,0.504049,0.583026,-0.016537,0.455902,0.618015,-0.000221,0.462843,0.675490,0.014557,0.481493,0.698287,0.019635,0.531623,0.574064,0.000533,0.485279,0.608942,0.011838,0.489934,0.658471,0.016444,0.506225,0.680587,0.014875,0.554012,0.579571,0.017056,0.517068,0.606947,0.024192,0.517810,0.643353,0.026803,0.531582,0.670461,0.026697
983,1695021712.692143,1,-21.0545,-21.0545,-12.9911,3.1769,27.2698,1425.5305,49.7447,4404.6618,2.0532,161.2855,78.5800,117.8714,122.0181,123.1389,125.5864,0.012738,0.589356,0.800263,-0.000000,0.517512,0.828296,-0.013057,0.451928,0.775207,-0.007546,0.422255,0.700673,0.006469,0.437512,0.656175,0.020971,0.468904,0.632930,-0.028179,0.411484,0.566441,-0.024048,0.377688,0.530882,-0.024254,0.352608,0.495627,-0.027305,0.505270,0.582363,-0.012630,0.460399,0.610319,0.006347,0.467036,0.661974,0.021561,0.483432,0.683793,0.026432,0.534668,0.572557,0.003404,0.490745,0.603907,0.017162,0.494146,0.647998,0.021883,0.508754,0.669886,0.019900,0.558522,0.577524,0.018955,0.522033,0.600504,0.027412,0.521923,0.634211,0.029994,0.535055,0.661059,0.029539
984,1695021712.700477,1,-22.0249,-22.0249,-13.0095,-0.0184,27.2804,1105.8247,1.3800,4906.4933,2.0201,165.9715,83.0101,113.4162,113.7120,113.0131,114.5517,0.010178,0.591261,0.799604,-0.000000,0.519670,0.827451,-0.014599,0.452636,0.772180,-0.011471,0.424548,0.693613,-0.000669,0.445324,0.651244,0.010626,0.473192,0.629602,-0.026048,0.417607,0.564863,-0.023381,0.384823,0.530147,-0.024807,0.361165,0.494603,-0.029015,0.510644,0.579525,-0.012418,0.467055,0.610755,0.002832,0.473921,0.663067,0.015590,0.490965,0.683013,0.019691,0.540717,0.570429,0.001238,0.498766,0.604414,0.011946,0.501640,0.648793,0.016156,0.516490,0.668267,0.014687,0.566057,0.577116,0.013972,0.530854,0.601505,0.020611,0.530562,0.634568,0.023135,0.543837,0.660158,0.023175
985,1695021712.708810,1,-9.7436,-9.7436,-11.1687,1.8408,22.5107,863.5653,71.4426,4646.9720,2.5936,164.4599,84.2516,114.0038,112.9786,110.2083,109.7954,0.008428,0.593873,0.800994,-0.000000,0.522855,0.825532,-0.012945,0.456812,0.770802,-0.008101,0.428457,0.694766,0.004368,0.447061,0.651113,0.017274,0.475751,0.628081,-0.023581,0.420064,0.562390,-0.016927,0.388827,0.530030,-0.015185,0.366201,0.496204,-0.017407,0.513351,0.579380,-0.009359,0.469789,0.605386,0.008773,0.475857,0.658336,0.021907,0.491673,0.681070,0.025840,0.544078,0.570218,0.005388,0.501954,0.600772,0.018841,0.504872,0.646107,0.022291,0.518934,0.668011,0.019666,0.569388,0.575687,0.019533,0.533723,0.599243,0.028049,0.533399,0.633133,0.030019,0.546185,0.659945,0.029235
986,1695021712.717143,1,3.7737,3.7737,7.4393,18.6080,10.8326,572.8064,34.0970,3765.8621,2.4691,156.0764,87.1420,111.7720,107.5517,101.8530,98.9171,0.006283,0.597360,0.798185,-0.000000,0.526150,0.820272,-0.014029,0.462241,0.762429,-0.007596,0.436286,0.686864,0.007864,0.454578,0.646140,0.024106,0.482960,0.620437,-0.023475,0.427620,0.560365,-0.014248,0.396323,0.530921,-0.011889,0.373461,0.497703,-0.013491,0.520641,0.573873,-0.006310,0.476975,0.598033,0.017204,0.482491,0.651754,0.032305,0.497833,0.675432,0.037094,0.550615,0.567841,0.011345,0.508399,0.594644,0.029186,0.510534,0.641160,0.031298,0.523824,0.662864,0.027199,0.574845,0.574000,0.028538,0.539453,0.594419,0.041203,0.538045,0.627329,0.043256,0.550086,0.653517,0.041768
987,1695021712.725477,1,-3.5971,-3.5971,4.3643,-3.0749,9.9617,669.7207,15.4795,3612.5969,2.1031,164.3781,93.0720,110.0416,102.4884,94.1617,89.8395,0.005291,0.603019,0.802647,-0.000000,0.531003,0.821901,-0.013922,0.466218,0.761428,-0.007831,0.440108,0.683185,0.006684,0.459056,0.643574,0.021972,0.488123,0.619951,-0.022929,0.431594,0.558737,-0.014022,0.400801,0.528389,-0.011110,0.379044,0.494266,-0.012535,0.526218,0.573760,-0.007289,0.482134,0.593479,0.012729,0.488018,0.647182,0.026634,0.504096,0.671938,0.031341,0.556427,0.567301,0.008847,0.513361,0.591783,0.023596,0.515903,0.638652,0.025979,0.529860,0.660912,0.022676,0.580470,0.574101,0.024477,0.544102,0.594411,0.034275,0.543468,0.627854,0.035781,0.556225,0.653958,0.034319
988,1695021712.733810,1,-3.2327,-3.2327,4.6981,0.3337,8.6616,579.4414,3.7320,3596.8262,2.1681,168.4429,98.6096,108.3881,97.5256,87.7686,83.3439,0.004969,0.605235,0.799602,-0.000000,0.533831,0.818700,-0.014181,0.469765,0.758087,-0.008296,0.443701,0.678308,0.007185,0.464233,0.637336,0.023623,0.494329,0.615152,-0.025675,0.437321,0.553039,-0.014937,0.406254,0.524556,-0.011594,0.384312,0.491907,-0.012819,0.532834,0.572178,-0.007197,0.487980,0.590918,0.018063,0.493984,0.645546,0.034129,0.509876,0.671216,0.039056,0.562681,0.568870,0.012196,0.519593,0.592032,0.032316,0.521512,0.640670,0.034481,0.535159,0.664373,0.029540,0.586200,0.576340,0.031257,0.551100,0.596883,0.045264,0.549512,0.631451,0.046631,0.561490,0.658941,0.044036
989,1695021712.742143,1,0.4157,0.4157,2.5398,-2.1582,4.5181,494.9733,5.1185,3620.1694,1.9574,167.0370,102.3883,110.0112,93.0077,78.2478,70.6695,0.002659,0.611190,0.801905,-0.000000,0.539271,0.817392,-0.013163,0.475155,0.755322,-0.008032,0.449012,0.676719,0.005569,0.467880,0.636070,0.019990,0.502534,0.610343,-0.024681,0.445551,0.550907,-0.015828,0.414248,0.524157,-0.013037,0.392699,0.492548,-0.014494,0.541878,0.568948,-0.009302,0.495934,0.586226,0.011555,0.500874,0.638909,0.025535,0.517492,0.662476,0.029655,0.571978,0.566541,0.007001,0.527264,0.586612,0.021844,0.528325,0.634485,0.024472,0.542434,0.658584,0.021025,0.595172,0.576579,0.023023,0.557182,0.591988,0.032842,0.556319,0.626594,0.035044,0.569286,0.654881,0.034013
990,1695021712.750477,1,1.0535,1.0535,-0.6801,-3.2199,2.7716,883.0472,7.9297,4816.9257,1.6367,166.7546,111.5490,112.1882,92.1988,73.7369,61.5322,0.001213,0.615033,0.796509,-0.000000,0.542907,0.813613,-0.014284,0.477140,0.750380,-0.012219,0.450578,0.666818,-0.003213,0.474630,0.629304,0.006740,0.509907,0.605823,-0.020399,0.454624,0.551324,-0.014850,0.422882,0.524643,-0.014218,0.401834,0.492447,-0.017207,0.548424,0.565722,-0.008296,0.502601,0.588074,0.005545,0.506390,0.642572,0.015763,0.523248,0.664476,0.018854,0.578070,0.562117,0.004077,0.533942,0.581366,0.012414,0.534145,0.629642,0.015224,0.548966,0.652042,0.013874,0.602150,0.572236,0.015700,0.564317,0.582595,0.021789,0.562373,0.618296,0.024722,0.575225,0.646632,0.025490
991,1695021712.758810,1,-0.1586,-0.1586,0.8596,1.5397,1.9290,1468.3182,2.6436,5611.8710,1.9205,167.5332,128.2857,116.0354,91.0964,66.8453,45.8965,0.000232,0.618151,0.795838,-0.000000,0.545697,0.810039,-0.013963,0.483570,0.745917,-0.012633,0.459134,0.663398,-0.005210,0.478545,0.624562,0.003355,0.517017,0.600381,-0.018566,0.463574,0.547205,-0.015764,0.433139,0.520224,-0.016201,0.413750,0.488515,-0.019301,0.556389,0.564352,-0.008591,0.509445,0.581870,0.000281,0.512187,0.635281,0.008575,0.529174,0.656892,0.011582,0.586282,0.561622,0.001238,0.540343,0.576489,0.004445,0.539762,0.624312,0.007188,0.554632,0.645680,0.007244,0.609830,0.572883,0.010285,0.570394,0.581100,0.012313,0.567340,0.616361,0.014902,0.579399,0.644022,0.016454
992,1695021712.767143,1,3.4160,3.4160,1.6622,0.8025,2.1439,1360.7772,18.3101,5151.9651,2.0712,164.3904,141.2929,122.2454,92.8498,62.8373,32.9341,0.000000,0.622966,0.802423,-0.000000,0.550419,0.807941,-0.012761,0.487267,0.736346,-0.010605,0.464225,0.650020,-0.002289,0.488817,0.617938,0.007028,0.526492,0.599003,-0.018814,0.475581,0.543630,-0.014696,0.446178,0.517452,-0.014733,0.425853,0.487380,-0.018168,0.565639,0.562532,-0.009106,0.517203,0.576581,0.002126,0.518741,0.630148,0.011419,0.533535,0.653475,0.014166,0.594575,0.559670,0.000741,0.547480,0.571982,0.006872,0.546299,0.619221,0.010293,0.559696,0.642956,0.009693,0.617855,0.571642,0.009774,0.576929,0.575974,0.014303,0.573506,0.609909,0.017569,0.584509,0.639080,0.018732
993,1695021712.775477,1,17.4470,17.4470,4.2578,2.5957,6.6188,2308.6593,63.5873,4054.5064,2.0460,163.1744,148.5526,129.9234,97.1482,64.6866,27.7425,0.000000,0.627617,0.801364,-0.000000,0.554038,0.804900,-0.013173,0.491198,0.726556,-0.010744,0.471209,0.638090,-0.001971,0.496985,0.609943,0.007871,0.535806,0.591099,-0.016519,0.482627,0.536038,-0.007744,0.453971,0.515031,-0.003530,0.436718,0.489434,-0.004149,0.575825,0.559369,-0.005580,0.524575,0.569759,0.007337,0.524754,0.623737,0.017058,0.539851,0.649271,0.020375,0.604166,0.559972,0.005734,0.555435,0.571219,0.013117,0.553102,0.618900,0.015453,0.566024,0.644164,0.014081,0.626074,0.573205,0.016410,0.584585,0.579866,0.022405,0.581039,0.614451,0.024964,0.591649,0.642962,0.025349
994,1695021712.783810,0,-26.0218,-26.0218,-6.7688,-11.0267,14.0762,1247.9181,27.2504,3005.1805,1.8835,176.8696,161.4893,135.2026,100.0599,65.4424,24.0742,0.000000,0.627903,0.798992,-0.000000,0.557356,0.796819,-0.013500,0.498005,0.721492,-0.013372,0.478314,0.635776,-0.007351,0.499035,0.606890,-0.000566,0.545610,0.583754,-0.019451,0.489505,0.528971,-0.009474,0.461146,0.510642,-0.002869,0.445416,0.485651,-0.001830,0.584787,0.556200,-0.008620,0.532476,0.563792,0.001231,0.531197,0.617047,0.010102,0.545566,0.644646,0.013788,0.611998,0.559681,0.003295,0.562838,0.571055,0.007824,0.559411,0.617407,0.010364,0.570906,0.644636,0.010137,0.631302,0.573625,0.014904,0.590706,0.578560,0.017898,0.586305,0.611536,0.019953,0.595431,0.638759,0.020895
995,1695021712.792143,0,,,0.0000,0.0000,0.0000,0.0000,48.4087,6546.6445,2.7568,127.1211,170.8299,152.0772,115.6456,79.9481,37.7499,0.000000,0.632356,0.800290,-0.000000,0.560100,0.795898,-0.011725,0.502521,0.718445,-0.010867,0.483675,0.630869,-0.004206,0.505895,0.602376,0.003648,0.549728,0.576864,-0.016158,0.495309,0.516124,-0.001456,0.469677,0.509180,0.009438,0.459179,0.497498,0.013610,0.589924,0.553502,-0.004192,0.538889,0.550740,0.010118,0.536457,0.599899,0.020192,0.549187,0.628429,0.024133,0.618672,0.560836,0.009409,0.570772,0.564411,0.017786,0.565633,0.607827,0.019613,0.575243,0.639087,0.018252,0.638774,0.576552,0.023069,0.599371,0.577056,0.028419,0.593328,0.608062,0.029611,0.600171,0.636562,0.029543
996,1695021712.800477,0,,,0.0000,0.0000,0.0000,0.0000,10.8489,11301.8125,1.0564,36.1458,205.3788,233.2692,195.3272,158.3062,115.6536,0.000000,0.638863,0.803192,-0.000001,0.563263,0.793317,-0.013573,0.506977,0.713882,-0.015399,0.488240,0.621811,-0.011500,0.510636,0.593728,-0.004982,0.559160,0.565618,-0.018438,0.508005,0.520007,-0.000150,0.497135,0.557515,0.015930,0.501229,0.579831,0.023604,0.599507,0.546840,-0.005563,0.546238,0.543420,0.011264,0.542683,0.591521,0.021877,0.554198,0.617547,0.025146,0.628804,0.557355,0.009693,0.578814,0.556065,0.020649,0.573391,0.595931,0.024096,0.582542,0.630176,0.022967,0.649388,0.576668,0.024927,0.609038,0.568704,0.031409,0.602341,0.597579,0.034496,0.608190,0.625803,0.035833
997,1695021712.808810,0,,,0.0000,0.0000,0.0000,0.0000,6.5129,13217.9263,2.5945,85.1181,221.1118,254.3981,216.3772,179.0839,135.7613,0.000000,0.641737,0.802996,-0.000001,0.566005,0.787704,-0.014008,0.511287,0.708974,-0.016321,0.492588,0.619491,-0.013001,0.514912,0.595352,-0.006838,0.567129,0.564523,-0.020045,0.519620,0.526071,-0.003639,0.509428,0.569740,0.011342,0.513547,0.599334,0.018614,0.606871,0.546566,-0.007984,0.552781,0.537753,0.006785,0.546367,0.583893,0.016583,0.556350,0.612003,0.019477,0.635676,0.555364,0.006440,0.584148,0.547220,0.015435,0.576064,0.584335,0.019194,0.584238,0.619801,0.018709,0.656082,0.574723,0.020800,0.614420,0.560042,0.025538,0.605438,0.585781,0.028932,0.610399,0.613659,0.030843
998,1695021712.817143,0,,,0.0000,0.0000,0.0000,0.0000,12.8974,12599.7693,3.1498,72.4105,249.2831,286.0644,247.2093,209.7410,167.1787,0.000000,0.648647,0.803802,-0.000001,0.570710,0.786006,-0.016565,0.516244,0.704508,-0.021282,0.497998,0.613770,-0.020214,0.522781,0.592160,-0.015834,0.576214,0.562449,-0.025248,0.522366,0.532807,-0.012108,0.522291,0.590791,0.000961,0.536890,0.619860,0.006813,0.615494,0.543433,-0.013373,0.555744,0.532698,-0.002796,0.553151,0.583667,0.006897,0.567973,0.609183,0.010115,0.643216,0.550366,0.000665,0.587948,0.536972,0.006396,0.581834,0.578054,0.011885,0.594095,0.611748,0.012959,0.661928,0.569326,0.014200,0.619733,0.551013,0.016479,0.613415,0.581397,0.020237,0.623229,0.610517,0.022695
999,1695021712.825477,0,,,0.0000,0.0000,0.0000,0.0000,52.9601,12685.7597,2.4782,84.1836,254.2169,286.3037,247.0632,209.4707,167.2116,0.000000,0.651630,0.803336,-0.000001,0.573077,0.780613,-0.015889,0.520262,0.699742,-0.020201,0.502779,0.609297,-0.018607,0.527175,0.589204,-0.013764,0.581680,0.558532,-0.025517,0.528707,0.526280,-0.010243,0.526896,0.584389,0.004860,0.539655,0.615896,0.011951,0.621293,0.540612,-0.013235,0.562278,0.532015,-0.000800,0.559256,0.583390,0.009581,0.573409,0.609389,0.012770,0.648978,0.549523,0.001612,0.594538,0.539210,0.009130,0.588472,0.580938,0.014649,0.600184,0.616059,0.015186,0.667181,0.570716,0.016081,0.626026,0.553906,0.019458,0.619281,0.584709,0.023245,0.627816,0.615546,0.025456
1000,1695021712.833810,0,,,0.0000,0.0000,0.0000,0.0000,12.3824,12399.8223,2.1838,107.9622,241.7854,269.1964,229.8787,191.8533,148.6564,0.000000,0.655107,0.804131,-0.000001,0.579373,0.779856,-0.016700,0.526989,0.698176,-0.020420,0.507711,0.610233,-0.017457,0.528566,0.585089,-0.011264,0.589425,0.556740,-0.026137,0.537225,0.516589,-0.007906,0.526311,0.563275,0.009816,0.530279,0.596384,0.018714,0.628643,0.540657,-0.012015,0.570513,0.530370,0.003002,0.564002,0.578891,0.013421,0.574538,0.608250,0.016279,0.655574,0.551316,0.005002,0.601634,0.540171,0.014773,0.593098,0.579598,0.018844,0.601072,0.618266,0.017937,0.673079,0.573144,0.021806,0.632676,0.555670,0.026301,0.623353,0.583169,0.028896,0.627414,0.614257,0.030067
1001,1695021712.842143,0,,,0.0000,0.0000,0.0000,0.0000,13.7793,6176.9216,1.9453,41.0285,233.0107,247.3707,207.3734,169.7862,127.7411,0.000000,0.655737,0.799718,-0.000001,0.582367,0.775939,-0.019658,0.531048,0.692204,-0.021434,0.512408,0.604739,-0.014814,0.532968,0.582565,-0.004878,0.597047,0.553349,-0.028153,0.544339,0.508501,-0.005489,0.526375,0.541610,0.015855,0.522972,0.568099,0.027005,0.635800,0.539038,-0.010408,0.576557,0.527420,0.008999,0.565155,0.574400,0.021065,0.570976,0.606845,0.024521,0.661233,0.551140,0.010322,0.605986,0.540078,0.023450,0.593412,0.576995,0.025843,0.596806,0.616943,0.023202,0.677600,0.573001,0.030764,0.636972,0.554906,0.037143,0.624255,0.577359,0.037825,0.623392,0.608327,0.037026
1002,1695021712.850477,0,,,0.0000,0.0000,0.0000,0.0000,8.7010,3470.2307,0.4282,18.9221,233.4914,226.4835,185.2177,147.4764,106.8971,0.000000,0.657594,0.802526,-0.000000,0.585454,0.776187,-0.019663,0.534594,0.688461,-0.020844,0.517250,0.598084,-0.013731,0.537702,0.576628,-0.003622,0.602199,0.550290,-0.024358,0.553888,0.499322,0.000091,0.531288,0.514486,0.021991,0.519876,0.529247,0.033155,0.641444,0.537204,-0.006710,0.583370,0.524309,0.013188,0.569572,0.566917,0.024371,0.571197,0.600735,0.027541,0.666484,0.550440,0.013772,0.611888,0.540275,0.027434,0.597487,0.573173,0.029381,0.596871,0.610430,0.026618,0.682631,0.573193,0.033868,0.642198,0.556136,0.040530,0.627460,0.574769,0.040856,0.622556,0.603046,0.039820
1003,1695021712.858810,0,,,0.0000,0.0000,0.0000,0.0000,53.5822,4007.5092,0.6656,20.5949,236.7280,225.9535,184.6560,147.1372,107.9075,0.000000,0.661783,0.802170,-0.000001,0.590030,0.774754,-0.018856,0.538676,0.686939,-0.020477,0.522040,0.600290,-0.014404,0.540996,0.575089,-0.005547,0.605932,0.548640,-0.025384,0.556113,0.494373,-0.005307,0.532891,0.509238,0.013834,0.521992,0.524184,0.023771,0.644394,0.535492,-0.009174,0.585086,0.522922,0.006713,0.573422,0.567446,0.016839,0.577142,0.600993,0.019905,0.668846,0.547427,0.009517,0.612501,0.538725,0.019581,0.600539,0.575748,0.021270,0.602046,0.612794,0.018879,0.683199,0.569315,0.027843,0.639798,0.557816,0.031910,0.626551,0.583395,0.031875,0.623475,0.613992,0.031023
1004,1695021712.867143,0,,,0.0000,0.0000,0.0000,0.0000,32.7939,1245.8189,0.3686,15.1327,241.5164,219.2745,177.0974,140.1227,103.6738,0.000000,0.662153,0.799569,-0.000000,0.591548,0.772398,-0.022015,0.541955,0.683195,-0.023168,0.524771,0.590528,-0.015150,0.544737,0.567158,-0.003858,0.610502,0.548252,-0.025508,0.561484,0.488269,0.000235,0.537409,0.496775,0.023368,0.523749,0.505802,0.035245,0.647872,0.534827,-0.005846,0.588678,0.515035,0.014519,0.575931,0.558205,0.026095,0.578471,0.592112,0.029598,0.670655,0.546239,0.016523,0.614357,0.531130,0.030246,0.600902,0.566329,0.031522,0.601203,0.604204,0.028288,0.684787,0.566525,0.038416,0.641979,0.548338,0.044579,0.627229,0.570330,0.043856,0.622811,0.600424,0.042027
1005,1695021712.875477,0,,,0.0000,0.0000,0.0000,0.0000,19.2021,3307.6674,0.5412,20.3418,245.6190,219.6886,177.0923,140.2608,104.0032,0.000000,0.662570,0.794334,-0.000000,0.592052,0.767884,-0.021547,0.543086,0.678889,-0.022792,0.528184,0.586723,-0.014932,0.547973,0.556408,-0.003886,0.611675,0.545482,-0.026488,0.563735,0.479925,-0.002214,0.539651,0.487161,0.019953,0.526441,0.497648,0.031464,0.649762,0.532115,-0.007163,0.590413,0.510597,0.013381,0.578210,0.554125,0.025412,0.581701,0.587886,0.028988,0.673209,0.543817,0.014687,0.616618,0.529052,0.028824,0.604071,0.566536,0.030609,0.605312,0.603619,0.027345,0.687505,0.563601,0.036074,0.643980,0.546835,0.042506,0.630041,0.570896,0.042018,0.626684,0.600794,0.040150
1006,1695021712.883810,0,,,0.0000,0.0000,0.0000,0.0000,50.2065,3927.5963,0.6351,21.8040,247.2241,216.9068,174.3584,137.6121,102.8833,0.000000,0.663244,0.793190,-0.000000,0.593367,0.765885,-0.023693,0.546152,0.677524,-0.026335,0.530562,0.586803,-0.019080,0.547292,0.557146,-0.008453,0.616661,0.546295,-0.033236,0.563832,0.479229,-0.010649,0.539103,0.483616,0.011244,0.526667,0.491029,0.022712,0.653976,0.533064,-0.012997,0.593846,0.504480,0.005667,0.583018,0.547063,0.018016,0.588171,0.580453,0.021918,0.676288,0.543257,0.009929,0.620343,0.521370,0.022552,0.608224,0.558698,0.024742,0.609853,0.596699,0.021869,0.689153,0.561923,0.032277,0.647581,0.540436,0.037084,0.634289,0.564057,0.036081,0.630959,0.594206,0.033990
1007,1695021712.892143,0,,,0.0000,0.0000,0.0000,0.0000,7.8259,3844.7260,0.6295,22.2377,250.4569,213.3220,170.7066,134.7376,102.1925,0.000000,0.664761,0.791389,-0.000000,0.594596,0.765031,-0.023561,0.547932,0.676647,-0.026635,0.532545,0.584221,-0.020191,0.548123,0.552693,-0.010355,0.616566,0.544939,-0.032115,0.562819,0.472254,-0.009842,0.539110,0.474165,0.012152,0.528032,0.480741,0.023785,0.654297,0.530043,-0.012100,0.593639,0.499281,0.005280,0.583837,0.543766,0.017153,0.589911,0.578591,0.021224,0.677008,0.539190,0.010558,0.619994,0.518480,0.022241,0.608426,0.557225,0.024418,0.610693,0.595304,0.021856,0.689728,0.557258,0.032646,0.647245,0.538231,0.037045,0.633967,0.564165,0.036005,0.630911,0.594615,0.034085
1008,1695021712.900477,0,,,0.0000,0.0000,0.0000,0.0000,11.1421,4800.3219,0.7593,25.2940,251.4923,211.0445,168.6780,133.0915,100.6010,0.000000,0.664989,0.790523,-0.000000,0.594565,0.765352,-0.022858,0.547782,0.673334,-0.025060,0.533707,0.578042,-0.017841,0.549670,0.549328,-0.007287,0.617081,0.544774,-0.031050,0.564179,0.466754,-0.010090,0.539833,0.465269,0.010746,0.527766,0.471442,0.021850,0.654946,0.529681,-0.011495,0.593224,0.497008,0.005878,0.582341,0.541892,0.018083,0.587876,0.577491,0.022356,0.677766,0.538552,0.010390,0.619097,0.516229,0.022122,0.606793,0.554103,0.024660,0.608993,0.591531,0.022332,0.691097,0.556708,0.031664,0.646572,0.535935,0.036498,0.632249,0.560806,0.035832,0.628737,0.591326,0.034020
1009,1695021712.908810,0,,,0.0000,0.0000,0.0000,0.0000,4.1447,3537.8409,0.8450,26.2785,257.2674,205.4327,162.5688,127.9046,99.6824,0.000000,0.666568,0.790267,-0.000000,0.596176,0.767926,-0.021885,0.548568,0.674335,-0.021943,0.534141,0.579224,-0.012344,0.549132,0.549249,0.000429,0.618379,0.545431,-0.028514,0.569618,0.466999,-0.007470,0.544147,0.457256,0.012270,0.528651,0.455670,0.022610,0.655965,0.528883,-0.008943,0.594795,0.496548,0.010013,0.582038,0.544269,0.022826,0.586155,0.581163,0.027400,0.677721,0.536288,0.012680,0.618803,0.514741,0.025560,0.605515,0.555761,0.027975,0.607368,0.592829,0.025365,0.690125,0.553386,0.033692,0.645660,0.534026,0.039585,0.630605,0.560818,0.038901,0.626562,0.592901,0.036847
1010,1695021712.917143,0,,,0.0000,0.0000,0.0000,0.0000,52.2096,3717.9919,1.0775,34.2901,259.7526,203.8428,160.4569,126.0116,99.2903,0.000000,0.666103,0.790247,-0.000000,0.595756,0.765839,-0.022214,0.547686,0.672211,-0.024337,0.533021,0.577033,-0.017320,0.548656,0.547619,-0.007590,0.618999,0.545522,-0.031657,0.569947,0.468197,-0.014561,0.543834,0.454497,0.002249,0.527604,0.446810,0.010565,0.656477,0.528112,-0.013462,0.593346,0.497610,0.001026,0.581369,0.547676,0.012632,0.586899,0.583867,0.016896,0.677675,0.535034,0.006728,0.616979,0.515388,0.015649,0.605172,0.559452,0.018525,0.608981,0.596789,0.016951,0.689092,0.552254,0.026257,0.643567,0.534891,0.029785,0.630286,0.564757,0.029515,0.628384,0.597096,0.028159
1011,1695021712.925477,0,,,0.0000,0.0000,0.0000,0.0000,33.5177,3257.6553,1.5587,32.8434,258.8464,199.2359,156.1314,121.8862,96.2889,0.000000,0.663954,0.789172,-0.000000,0.595471,0.765316,-0.023798,0.547196,0.671413,-0.023589,0.532095,0.576860,-0.013002,0.546314,0.548096,0.000626,0.618905,0.549224,-0.031594,0.568600,0.465478,-0.012266,0.542360,0.449759,0.006258,0.525151,0.440423,0.015807,0.655909,0.530387,-0.011060,0.590580,0.493304,0.006200,0.577689,0.541351,0.019195,0.581816,0.578744,0.024295,0.676337,0.534596,0.011198,0.613662,0.512693,0.022071,0.601907,0.554982,0.023845,0.604453,0.590593,0.021350,0.687118,0.548072,0.032769,0.639343,0.528248,0.036868,0.626176,0.556451,0.035223,0.623717,0.588133,0.032742
1012,1695021712.933810,0,,,0.0000,0.0000,0.0000,0.0000,40.2619,3635.4799,1.3622,47.1543,261.4788,195.4491,151.9039,118.2669,94.5011,0.000000,0.662162,0.788805,-0.000000,0.593632,0.764739,-0.024272,0.544622,0.670646,-0.025245,0.530439,0.574208,-0.016571,0.546842,0.544998,-0.005190,0.617448,0.550214,-0.029821,0.567972,0.465403,-0.014077,0.541770,0.445571,0.000514,0.524443,0.430786,0.007399,0.654707,0.531298,-0.010431,0.589747,0.494994,0.003261,0.576964,0.544099,0.014305,0.581889,0.582180,0.018686,0.675096,0.535225,0.010143,0.612948,0.512538,0.017498,0.601311,0.555640,0.019029,0.604825,0.592070,0.017371,0.685920,0.548380,0.029864,0.638174,0.527152,0.031996,0.625379,0.555927,0.030577,0.624331,0.588215,0.028811
1013,1695021712.942143,0,,,0.0000,0.0000,0.0000,0.0000,67.4281,4069.8948,1.6474,58.9954,260.3613,188.9828,145.5505,112.7832,91.5969,0.000000,0.661856,0.785483,-0.000000,0.592419,0.762802,-0.025579,0.541698,0.667818,-0.027898,0.528225,0.571454,-0.020683,0.546763,0.544699,-0.011096,0.617833,0.552264,-0.032775,0.565655,0.467054,-0.023481,0.538074,0.442942,-0.014219,0.520588,0.423423,-0.010609,0.654575,0.531646,-0.014435,0.586109,0.495063,-0.006334,0.573759,0.546855,0.003751,0.581528,0.584447,0.008481,0.673532,0.532984,0.004349,0.608422,0.511268,0.006713,0.597381,0.556458,0.009193,0.603686,0.591288,0.009453,0.683011,0.544671,0.021989,0.632390,0.525552,0.020710,0.620447,0.555601,0.019606,0.621916,0.587286,0.018834
1014,1695021712.950477,0,,,0.0000,0.0000,0.0000,0.0000,58.3356,3758.9674,1.7465,54.5355,260.9468,185.2189,141.8264,110.0802,90.6427,0.000000,0.661491,0.784121,-0.000000,0.591826,0.762349,-0.026690,0.541673,0.669565,-0.026617,0.525690,0.575733,-0.015605,0.543898,0.547106,-0.001881,0.613506,0.547932,-0.032709,0.561281,0.464056,-0.018101,0.534364,0.439398,-0.004988,0.518654,0.417796,0.000907,0.650678,0.527824,-0.011673,0.583202,0.496405,0.002346,0.571943,0.550467,0.014658,0.581661,0.587662,0.020124,0.670070,0.529727,0.009957,0.606502,0.513052,0.017522,0.596452,0.560305,0.018697,0.604251,0.593655,0.016831,0.680427,0.541190,0.030488,0.631728,0.526988,0.033244,0.620681,0.559067,0.031552,0.623212,0.592559,0.029497
1015,1695021712.958810,0,,,0.0000,0.0000,0.0000,0.0000,65.0343,3656.5728,2.3359,58.0640,260.3333,181.0890,137.0468,104.6648,85.5496,0.000000,0.659393,0.786055,-0.000000,0.588747,0.764212,-0.027918,0.538305,0.670401,-0.029213,0.523863,0.573876,-0.019920,0.545401,0.545422,-0.007945,0.612422,0.550249,-0.033390,0.558677,0.463685,-0.021678,0.531315,0.437987,-0.010722,0.515661,0.414712,-0.006136,0.649266,0.529672,-0.012978,0.578322,0.497226,-0.003029,0.568305,0.553296,0.007579,0.580053,0.591367,0.012676,0.667752,0.530087,0.007718,0.601337,0.512461,0.011701,0.592391,0.562198,0.012792,0.602040,0.596577,0.011892,0.677020,0.540861,0.027093,0.627316,0.525013,0.027318,0.617091,0.558716,0.025372,0.621007,0.593514,0.023810
1016,1695021712.967143,0,,,0.0000,0.0000,0.0000,0.0000,1.4068,3654.5522,2.5248,61.7971,258.3277,176.3728,132.5894,100.6975,83.3436,0.000000,0.658104,0.789171,-0.000000,0.588171,0.766306,-0.026011,0.535387,0.672901,-0.025045,0.519979,0.577883,-0.013028,0.542534,0.549761,0.001705,0.607763,0.553586,-0.034566,0.557200,0.466395,-0.021795,0.530528,0.439193,-0.010200,0.512813,0.412552,-0.005436,0.644904,0.529852,-0.013971,0.576281,0.497977,-0.000998,0.566895,0.553569,0.011812,0.577157,0.591499,0.017662,0.664127,0.528605,0.007181,0.598094,0.514395,0.013663,0.590356,0.563509,0.015315,0.599081,0.596493,0.013961,0.673936,0.538128,0.027204,0.623333,0.525957,0.028872,0.613870,0.557963,0.026840,0.617129,0.591440,0.024599
1017,1695021712.975477,0,,,0.0000,0.0000,0.0000,0.0000,17.0497,3728.5242,2.1123,65.5455,257.1425,168.7698,126.0951,96.2124,82.0761,0.000000,0.656205,0.788872,-0.000000,0.585602,0.766976,-0.024881,0.532045,0.673233,-0.024314,0.516547,0.575109,-0.013539,0.540997,0.545413,-0.000497,0.603516,0.552954,-0.030831,0.554031,0.463078,-0.017923,0.527562,0.434059,-0.006892,0.509268,0.406944,-0.002575,0.641692,0.529134,-0.010876,0.573052,0.502890,0.002714,0.563715,0.558400,0.015005,0.574338,0.596726,0.020461,0.661783,0.529396,0.009485,0.596096,0.520856,0.016660,0.588645,0.569973,0.017965,0.598147,0.603003,0.016355,0.672259,0.540004,0.028783,0.621809,0.530551,0.031630,0.612875,0.563490,0.030049,0.617402,0.597195,0.028091
1018,1695021712.983810,0,,,0.0000,0.0000,0.0000,0.0000,65.1347,4418.1794,2.7109,81.4128,256.2205,162.6098,120.0748,90.5067,78.3182,0.000000,0.652749,0.792567,-0.000000,0.583575,0.769066,-0.026923,0.528583,0.674344,-0.027853,0.512624,0.573676,-0.018164,0.537972,0.544280,-0.006257,0.604711,0.559824,-0.036690,0.551643,0.465322,-0.026682,0.524298,0.433017,-0.017129,0.505014,0.402032,-0.013839,0.641782,0.533334,-0.016348,0.570571,0.506226,-0.005912,0.561114,0.563963,0.006339,0.571588,0.602865,0.012079,0.659877,0.530178,0.004381,0.592414,0.521718,0.009163,0.584552,0.572809,0.011736,0.593315,0.606567,0.011346,0.668519,0.538141,0.023869,0.616465,0.529218,0.025126,0.607094,0.563435,0.024019,0.610958,0.597078,0.022590
1019,1695021712.992143,0,,,0.0000,0.0000,0.0000,0.0000,71.0074,4698.5625,2.7360,96.8233,251.8874,156.9192,114.5008,85.6178,74.8494,0.000000,0.650510,0.791369,-0.000001,0.581396,0.770383,-0.026801,0.525664,0.676428,-0.028232,0.509620,0.577212,-0.019145,0.534055,0.546066,-0.007979,0.601012,0.563529,-0.038782,0.548269,0.466414,-0.031754,0.521095,0.432126,-0.023976,0.501400,0.400435,-0.021460,0.638577,0.535596,-0.019042,0.566370,0.511330,-0.010921,0.557123,0.570436,0.001467,0.567990,0.609547,0.007768,0.657047,0.530854,0.000903,0.588582,0.523736,0.003021,0.581448,0.575695,0.006181,0.590742,0.608548,0.006895,0.666006,0.537483,0.019704,0.612136,0.530023,0.019191,0.603632,0.565972,0.018696,0.608402,0.599293,0.018176
1020,1695021713.000477,0,,,0.0000,0.0000,0.0000,0.0000,49.7222,4817.2397,2.4328,122.1890,249.1233,150.4438,108.6319,79.6824,70.2152,0.000000,0.649927,0.788916,-0.000000,0.579036,0.770939,-0.027608,0.525066,0.678605,-0.029518,0.509366,0.581039,-0.021376,0.532436,0.551460,-0.011169,0.596027,0.561507,-0.036082,0.544389,0.468169,-0.031426,0.515841,0.431403,-0.026430,0.496069,0.399139,-0.025774,0.634266,0.534637,-0.017622,0.563264,0.510192,-0.011971,0.553980,0.567729,-0.001678,0.566419,0.605279,0.003509,0.653684,0.531220,0.000365,0.586703,0.521081,0.000754,0.579303,0.571790,0.003683,0.590489,0.604352,0.004605,0.663637,0.540244,0.016784,0.611762,0.528146,0.014638,0.603092,0.562674,0.013776,0.609218,0.596888,0.013332
1021,1695021713.008810,0,,,0.0000,0.0000,0.0000,0.0000,42.1188,6379.9509,1.9169,154.4784,241.6092,139.1986,96.7105,68.4056,63.5356,0.000000,0.648251,0.790836,-0.000000,0.578439,0.775247,-0.030821,0.521793,0.682047,-0.034706,0.505851,0.578991,-0.027866,0.531716,0.546637,-0.018630,0.594618,0.566537,-0.041347,0.537937,0.465400,-0.037850,0.508005,0.426833,-0.032651,0.487864,0.393955,-0.031753,0.632795,0.537055,-0.021094,0.559438,0.515933,-0.017226,0.551874,0.574920,-0.006679,0.565679,0.611813,-0.000926,0.651353,0.531464,-0.001336,0.582575,0.526729,-0.002089,0.576309,0.577675,0.001581,0.588274,0.608867,0.003291,0.660372,0.537915,0.016606,0.607475,0.531489,0.013589,0.599640,0.567418,0.012789,0.606432,0.600115,0.012745
1022,1695021713.017143,0,,,0.0000,0.0000,0.0000,0.0000,41.2567,6767.4942,2.3260,157.7492,237.1803,136.3643,93.6662,64.1764,58.8842,0.000000,0.646075,0.796500,-0.000000,0.575033,0.778254,-0.027188,0.519237,0.686324,-0.029425,0.504200,0.585432,-0.021440,0.528209,0.549722,-0.011296,0.589330,0.567233,-0.037642,0.534538,0.466201,-0.031727,0.505410,0.431244,-0.025406,0.485364,0.400886,-0.023807,0.628220,0.538958,-0.018042,0.557699,0.516075,-0.010258,0.549076,0.574763,0.001264,0.560512,0.613629,0.006738,0.648011,0.535437,0.001481,0.581500,0.527362,0.004006,0.574806,0.578121,0.007485,0.584675,0.612629,0.008072,0.658057,0.543401,0.019607,0.606416,0.534743,0.018764,0.597897,0.570234,0.018222,0.602972,0.604740,0.017759
1023,1695021713.025477,0,,,0.0000,0.0000,0.0000,0.0000,40.4469,6806.7109,3.0543,160.9969,234.4172,130.6730,86.6604,56.6018,54.1374,0.000000,0.645595,0.796171,-0.000001,0.574702,0.780387,-0.028089,0.517960,0.688921,-0.029330,0.501666,0.590260,-0.019572,0.523127,0.555206,-0.007553,0.588056,0.567221,-0.040083,0.531365,0.468060,-0.034049,0.501825,0.431996,-0.027556,0.482171,0.400310,-0.025609,0.626896,0.538510,-0.019067,0.554938,0.523960,-0.009972,0.545811,0.584158,0.002615,0.557762,0.622226,0.008560,0.646046,0.534945,0.001866,0.578950,0.532815,0.005112,0.571752,0.584341,0.008273,0.581501,0.616989,0.008457,0.655444,0.542777,0.021458,0.603668,0.538494,0.021582,0.595406,0.574937,0.021159,0.600684,0.609061,0.020580
1024,1695021713.033810,0,1.0846,1.0846,0.3108,0.0000,14.0771,414.0176,38.6800,6825.8161,1.9834,162.4475,232.7261,123.4264,79.6190,51.0484,53.2948,0.000000,0.642941,0.798018,-0.000001,0.571277,0.782590,-0.028979,0.514365,0.689697,-0.030920,0.498248,0.588887,-0.021247,0.521464,0.554211,-0.009286,0.585299,0.568788,-0.045412,0.525711,0.463818,-0.040514,0.496687,0.425805,-0.034051,0.478189,0.392097,-0.032073,0.624070,0.538591,-0.023495,0.549976,0.525110,-0.015155,0.541256,0.588058,-0.001574,0.553649,0.626578,0.005160,0.642295,0.534194,-0.001449,0.573135,0.535221,0.001597,0.565988,0.588678,0.005617,0.575886,0.621280,0.006377,0.650237,0.541574,0.019241,0.597439,0.540344,0.019001,0.588717,0.577431,0.018560,0.593244,0.611570,0.018046
1025,1695021713.042143,0,3.3372,3.3372,-0.0197,-0.3305,14.1803,375.7954,61.9024,7614.9622,1.5908,154.3696,228.5045,119.6592,75.2527,45.8288,48.6775,0.000040,0.640485,0.794542,-0.000000,0.569613,0.782663,-0.029098,0.512609,0.692973,-0.031518,0.494643,0.592327,-0.022769,0.517218,0.555690,-0.011918,0.581015,0.568697,-0.041400,0.522164,0.465127,-0.032928,0.493111,0.427334,-0.023826,0.474734,0.393949,-0.020399,0.619422,0.538816,-0.019268,0.547499,0.523009,-0.009123,0.539081,0.584182,0.004321,0.551468,0.623065,0.011105,0.638479,0.535873,0.003116,0.571353,0.535881,0.007553,0.564086,0.588442,0.011008,0.573581,0.620866,0.011339,0.647677,0.543299,0.024249,0.595866,0.541619,0.025275,0.587119,0.578465,0.024940,0.591892,0.611848,0.024396
1026,1695021713.050477,0,0.2928,0.2928,-4.2886,-4.2689,14.0780,389.3004,66.9860,8402.0909,1.6168,149.0802,228.0453,116.7052,73.1314,43.9359,48.4382,0.000277,0.638565,0.797341,-0.000000,0.566143,0.784488,-0.027711,0.507747,0.693754,-0.030503,0.490302,0.592937,-0.023063,0.514643,0.561273,-0.013891,0.577388,0.570299,-0.040935,0.518771,0.464795,-0.034862,0.490661,0.425894,-0.027434,0.473079,0.392049,-0.025069,0.617210,0.540190,-0.020825,0.544832,0.529181,-0.014244,0.536381,0.591558,-0.002318,0.548669,0.631605,0.003999,0.637423,0.537137,-0.000481,0.569651,0.540050,0.000814,0.562398,0.592404,0.004116,0.572342,0.625462,0.005117,0.647342,0.545269,0.018665,0.594491,0.543942,0.017821,0.585863,0.580724,0.017761,0.591314,0.614144,0.017893
1027,1695021713.058810,0,-1.4154,-1.4154,6.1516,10.4401,10.8469,354.4990,10.6163,6742.1064,2.0073,149.0432,221.2897,110.4533,66.0711,35.8219,44.3233,0.000922,0.635651,0.792437,-0.000000,0.565447,0.782884,-0.030755,0.506692,0.694391,-0.032561,0.488268,0.593567,-0.022344,0.512942,0.557252,-0.009784,0.575131,0.569365,-0.043365,0.517687,0.468229,-0.035651,0.488201,0.430176,-0.026621,0.467954,0.396594,-0.022740,0.612741,0.539864,-0.019729,0.540159,0.528411,-0.010614,0.533710,0.590539,0.003414,0.547662,0.629150,0.011559,0.630943,0.536380,0.003945,0.562836,0.541034,0.006317,0.557418,0.594907,0.008259,0.568780,0.625939,0.008810,0.640432,0.541657,0.026558,0.587075,0.544166,0.026285,0.579746,0.582063,0.025043,0.586631,0.614843,0.024501
1028,1695021713.067143,0,8.2001,8.2001,1.7789,-4.3727,3.3226,437.0837,63.6958,5019.0655,1.8696,155.4977,221.4899,105.6505,61.7560,31.6303,43.7259,0.001665,0.634933,0.798075,-0.000000,0.564078,0.786466,-0.028203,0.504241,0.698612,-0.030887,0.484772,0.598823,-0.022743,0.508670,0.563328,-0.012502,0.572743,0.573466,-0.044166,0.513679,0.466360,-0.038651,0.485144,0.427741,-0.030883,0.466108,0.394280,-0.027988,0.611353,0.541411,-0.023125,0.538449,0.532997,-0.016120,0.531392,0.596269,-0.002642,0.544469,0.634887,0.004738,0.630736,0.536599,-0.001769,0.562577,0.543290,0.000196,0.556445,0.596926,0.004340,0.566709,0.629021,0.005754,0.640766,0.543638,0.018408,0.588348,0.546034,0.017882,0.580255,0.583087,0.017962,0.585541,0.615967,0.018183
1029,1695021713.075477,0,-0.0117,-0.0117,-0.8372,-2.6161,3.4300,3336.4227,38.1070,4648.3347,1.7316,161.6906,219.9485,97.9711,54.7853,27.9162,47.5811,0.003303,0.632907,0.796861,-0.000000,0.561264,0.787987,-0.028391,0.502015,0.699795,-0.030544,0.482803,0.600880,-0.022270,0.505281,0.564035,-0.012226,0.567011,0.566741,-0.037808,0.511237,0.466247,-0.030718,0.481152,0.427034,-0.023728,0.460734,0.391836,-0.021762,0.606635,0.538404,-0.016895,0.536929,0.533320,-0.009079,0.529603,0.595601,0.002457,0.542603,0.634236,0.008667,0.627024,0.539271,0.004028,0.562274,0.547660,0.006520,0.555468,0.600925,0.009009,0.565890,0.633390,0.009476,0.637813,0.550159,0.023646,0.587186,0.553948,0.023636,0.578959,0.592065,0.023290,0.585065,0.625982,0.023309
1030,1695021713.083810,0,10.5254,10.5254,2.5582,3.3954,4.8626,3081.2089,59.2145,5027.6218,1.4477,169.7662,216.9368,87.2809,45.0485,23.5138,50.3150,0.005655,0.629430,0.795975,-0.000000,0.559372,0.787056,-0.027494,0.498949,0.701425,-0.028679,0.478756,0.604326,-0.018577,0.501691,0.567834,-0.006581,0.563094,0.571887,-0.044157,0.506581,0.465861,-0.040251,0.476700,0.422915,-0.035345,0.454455,0.385650,-0.034073,0.602496,0.539806,-0.021962,0.533414,0.537159,-0.012836,0.526441,0.600259,0.001398,0.538468,0.638381,0.008877,0.622517,0.537561,0.000416,0.557710,0.549817,0.004159,0.551411,0.602259,0.007785,0.561163,0.634808,0.008654,0.633547,0.546633,0.021754,0.583711,0.553011,0.022888,0.575534,0.589547,0.023294,0.580495,0.624022,0.023642
1031,1695021713.092143,0,-5.8152,-5.8152,-1.0999,-3.6581,6.1233,2855.2458,54.7579,5967.2845,2.9576,166.7623,212.6467,85.1419,42.4388,17.9760,47.0757,0.006125,0.626385,0.791030,-0.000000,0.554986,0.786491,-0.027218,0.496374,0.701630,-0.029453,0.478439,0.602615,-0.021116,0.503006,0.562116,-0.011022,0.557653,0.567622,-0.039102,0.501932,0.467007,-0.032749,0.471496,0.424924,-0.027167,0.450745,0.386635,-0.026141,0.598036,0.538493,-0.018036,0.533297,0.532450,-0.008435,0.527372,0.592301,0.004084,0.540907,0.629410,0.010537,0.619312,0.540052,0.003206,0.558563,0.546290,0.007864,0.552190,0.596931,0.010809,0.562933,0.628842,0.011151,0.631443,0.551101,0.023294,0.584450,0.552903,0.025454,0.576639,0.587986,0.025904,0.582931,0.621267,0.026099
1032,1695021713.100477,0,4.0952,4.0952,-1.0262,0.0737,5.8456,590.1129,17.4585,6914.3825,2.2383,166.3681,209.9078,79.8548,38.0497,17.7625,50.3677,0.007596,0.624893,0.789284,-0.000000,0.552992,0.786647,-0.026073,0.493766,0.703123,-0.028012,0.474937,0.605208,-0.019941,0.500010,0.566874,-0.010666,0.554981,0.568611,-0.038155,0.499990,0.468967,-0.032074,0.468862,0.425573,-0.027032,0.447050,0.386390,-0.026563,0.594847,0.537258,-0.017829,0.530599,0.541558,-0.008100,0.524422,0.601769,0.004327,0.538152,0.636388,0.010289,0.616249,0.539521,0.002781,0.556010,0.554083,0.007771,0.549493,0.603698,0.011393,0.560583,0.634241,0.011789,0.628960,0.552267,0.022225,0.581567,0.560170,0.024781,0.574669,0.595537,0.026063,0.582877,0.628912,0.026656
1033,1695021713.108810,0,-7.5006,-7.5006,-1.8722,-0.8460,6.5924,2396.4729,74.1570,7334.3829,1.3396,164.6451,206.1239,76.6796,35.4651,16.4673,49.5535,0.007867,0.622238,0.788864,-0.000000,0.551763,0.787240,-0.026763,0.492492,0.705884,-0.028623,0.470948,0.610155,-0.020337,0.494024,0.569987,-0.010835,0.552782,0.571110,-0.039305,0.496922,0.471961,-0.034619,0.466997,0.427125,-0.030537,0.445610,0.387308,-0.030292,0.591199,0.538173,-0.018518,0.527103,0.543356,-0.009581,0.520795,0.603083,0.002464,0.534153,0.637978,0.008405,0.612104,0.538544,0.002439,0.551583,0.553866,0.006523,0.544600,0.604235,0.009670,0.555270,0.635457,0.010155,0.624460,0.549958,0.022228,0.577144,0.558185,0.024219,0.569553,0.594196,0.025211,0.577419,0.628580,0.025846
1034,1695021713.117143,0,-7.8585,-7.8585,-4.5960,-2.7238,7.3593,2143.6562,36.3623,7018.8657,1.2327,168.2454,207.8822,75.9945,33.7703,18.0661,53.4465,0.009447,0.620424,0.790861,-0.000000,0.548730,0.787182,-0.025156,0.489230,0.706182,-0.026478,0.469293,0.609686,-0.017514,0.493897,0.570388,-0.007220,0.547037,0.570015,-0.039578,0.493741,0.471573,-0.034919,0.465265,0.425948,-0.031512,0.444468,0.385019,-0.031927,0.587282,0.536813,-0.019344,0.524134,0.539796,-0.008297,0.518128,0.600716,0.004752,0.531442,0.637178,0.010639,0.609746,0.537854,0.001170,0.550093,0.550983,0.007449,0.543182,0.602150,0.011165,0.553780,0.634784,0.011223,0.623610,0.550673,0.020588,0.577130,0.556170,0.024115,0.569072,0.590922,0.025365,0.575902,0.625418,0.025617
1035,1695021713.125477,0,-3.2100,-3.2100,0.6513,5.2473,4.3949,279.3832,34.3351,7786.2989,1.4244,167.9784,204.8048,73.4546,31.6904,14.5002,52.0222,0.010120,0.617913,0.786946,-0.000000,0.546769,0.786991,-0.025214,0.487069,0.707537,-0.027559,0.465944,0.612415,-0.020422,0.489599,0.571025,-0.012081,0.545301,0.570309,-0.037732,0.490772,0.471864,-0.032700,0.461514,0.427360,-0.028016,0.441041,0.388029,-0.027484,0.584624,0.537539,-0.018340,0.522171,0.539357,-0.009973,0.515925,0.597335,0.001917,0.529086,0.632971,0.007937,0.606997,0.538278,0.001325,0.548242,0.550321,0.004742,0.540879,0.598659,0.008119,0.550967,0.629948,0.008969,0.620610,0.550176,0.019955,0.573981,0.556774,0.021420,0.566195,0.590772,0.022424,0.573256,0.623522,0.023155
1036,1695021713.133810,0,11.8465,11.8465,1.9378,1.2865,7.5372,296.5731,67.9341,7200.2488,1.6642,169.9491,203.1894,66.4727,24.9671,17.0060,54.8486,0.012130,0.616663,0.788762,-0.000000,0.545207,0.787169,-0.024884,0.484679,0.707228,-0.027044,0.462791,0.613660,-0.019589,0.486284,0.576280,-0.011069,0.541574,0.568966,-0.039556,0.488199,0.472076,-0.036230,0.459013,0.426361,-0.033528,0.438335,0.385553,-0.034496,0.581651,0.535906,-0.020661,0.519951,0.544049,-0.011901,0.514213,0.604841,0.000488,0.527238,0.640045,0.006301,0.604711,0.537675,-0.001544,0.546187,0.554903,0.003115,0.539022,0.604437,0.007903,0.548845,0.635295,0.008947,0.618802,0.552692,0.016296,0.573554,0.562156,0.018538,0.565656,0.597025,0.020432,0.572026,0.630484,0.021483
1037,1695021713.142143,0,-8.7668,-8.7668,-0.3166,-2.2544,7.7140,331.5747,55.0978,7671.2234,1.3784,164.3495,200.5485,64.5440,22.4754,16.8611,55.7187,0.013315,0.613866,0.786782,-0.000000,0.543152,0.785340,-0.025025,0.483011,0.706464,-0.026166,0.460576,0.614756,-0.017618,0.484106,0.576173,-0.007768,0.539552,0.567087,-0.036317,0.486069,0.473519,-0.030690,0.456737,0.429100,-0.026879,0.435796,0.388291,-0.027270,0.578742,0.535615,-0.016770,0.517683,0.544424,-0.006146,0.510091,0.604240,0.005765,0.522223,0.639091,0.011164,0.601181,0.538739,0.003029,0.543957,0.554378,0.009147,0.534325,0.603110,0.012803,0.542908,0.633421,0.013116,0.615274,0.553837,0.021579,0.570059,0.561380,0.025107,0.560303,0.594438,0.026717,0.566055,0.628106,0.027493
1038,1695021713.150477,0,-16.3466,-16.3466,-2.1220,-1.8055,9.3598,404.8349,52.9652,8064.2829,1.7892,163.8549,201.4501,60.4267,17.5409,22.1200,61.8664,0.016458,0.612843,0.783951,-0.000000,0.541696,0.784936,-0.025785,0.481888,0.707417,-0.027135,0.459882,0.617688,-0.018178,0.480774,0.576531,-0.007797,0.535328,0.565979,-0.039863,0.483906,0.468918,-0.035797,0.454671,0.423100,-0.033435,0.433306,0.383107,-0.034438,0.575833,0.534348,-0.019389,0.517631,0.539658,-0.008001,0.508549,0.597030,0.004468,0.518808,0.632029,0.009949,0.599533,0.538445,0.001317,0.544726,0.550625,0.007893,0.533410,0.596810,0.011877,0.539929,0.626669,0.012254,0.614267,0.554459,0.020786,0.570881,0.559204,0.024125,0.559277,0.590274,0.025905,0.562495,0.623591,0.026842
1039,1695021713.158810,0,-17.0021,-17.0021,-3.4480,-1.3260,10.5794,422.7266,18.3104,7307.8483,1.7815,162.7253,202.0456,58.5606,16.1642,24.6579,63.4858,0.017523,0.609605,0.778940,-0.000000,0.538758,0.783061,-0.026027,0.478378,0.706925,-0.027162,0.456458,0.616937,-0.018299,0.478854,0.577087,-0.008165,0.532021,0.565508,-0.039453,0.479993,0.467699,-0.035976,0.452054,0.421073,-0.033026,0.432492,0.380132,-0.033328,0.572012,0.533098,-0.019399,0.512915,0.542503,-0.010909,0.504275,0.601076,0.000891,0.515302,0.635575,0.007012,0.595782,0.536210,0.000781,0.540114,0.555067,0.004796,0.530240,0.602717,0.008090,0.538418,0.631579,0.008995,0.610925,0.550990,0.019699,0.565798,0.564633,0.021142,0.556115,0.598222,0.022241,0.561789,0.630800,0.023391
1040,1695021713.167143,0,-11.6478,-11.6478,-5.8736,-2.4256,10.5617,1207.4234,23.4159,7190.9020,2.1708,159.9066,204.9050,57.1621,15.0093,27.3452,67.1777,0.019451,0.608421,0.780267,-0.000000,0.536827,0.783661,-0.025194,0.474860,0.705458,-0.026297,0.453965,0.611390,-0.017470,0.480519,0.572103,-0.007309,0.528886,0.565951,-0.038545,0.479198,0.465625,-0.035329,0.451431,0.418002,-0.033261,0.430657,0.377390,-0.034458,0.569124,0.532395,-0.018812,0.511698,0.540253,-0.009160,0.504050,0.599330,0.003100,0.514864,0.634228,0.009001,0.593101,0.534898,0.001036,0.538548,0.552656,0.006578,0.529780,0.600792,0.010482,0.538665,0.631267,0.011176,0.609198,0.549537,0.019577,0.564642,0.561423,0.022315,0.555870,0.595079,0.023805,0.562488,0.628348,0.024806
1041,1695021713.175477,0,13.8740,13.8740,5.6602,11.5338,11.3408,1066.6681,13.9469,7988.2175,2.3540,159.6250,204.6101,53.8263,11.4978,31.1834,71.0240,0.022675,0.604738,0.777220,-0.000000,0.534255,0.779662,-0.026456,0.473338,0.704145,-0.025800,0.451377,0.614773,-0.013703,0.475114,0.575075,0.000040,0.526768,0.562343,-0.042131,0.476824,0.462148,-0.037014,0.449503,0.414348,-0.033186,0.428973,0.372767,-0.033025,0.566357,0.531116,-0.019734,0.507662,0.539753,-0.007503,0.499600,0.599844,0.006151,0.509929,0.634360,0.012507,0.589289,0.534153,0.003037,0.533478,0.551935,0.010101,0.524554,0.600868,0.013118,0.532629,0.630905,0.012887,0.603897,0.547297,0.024719,0.558640,0.558040,0.027612,0.550184,0.591425,0.027953,0.556640,0.624688,0.027999
1042,1695021713.183810,0,-18.1854,-18.1854,-0.4597,-6.1199,12.0739,503.8319,3.3269,7893.0122,1.6822,164.3148,206.6136,47.8561,7.7507,36.8670,76.9664,0.026194,0.603403,0.776509,-0.000000,0.532526,0.780181,-0.025320,0.472222,0.704457,-0.025189,0.450655,0.614339,-0.014640,0.474986,0.575519,-0.002580,0.524449,0.561488,-0.038540,0.475699,0.459080,-0.034309,0.447080,0.409511,-0.031927,0.425638,0.367856,-0.032895,0.565099,0.530972,-0.017706,0.508344,0.540169,-0.006543,0.499640,0.598544,0.005796,0.509422,0.632882,0.011468,0.589427,0.535731,0.003358,0.535495,0.553120,0.010725,0.525476,0.600573,0.014514,0.532651,0.630194,0.014773,0.605620,0.551540,0.023053,0.562370,0.562491,0.026576,0.551836,0.594919,0.027647,0.556293,0.627603,0.028277
1043,1695021713.192143,0,9.1000,9.1000,6.5255,6.9852,13.5416,760.8362,58.2767,8135.7402,1.6623,161.7978,207.1596,47.6104,8.5121,37.6128,76.7506,0.026787,0.602838,0.779783,-0.000000,0.530578,0.779699,-0.024832,0.468386,0.703753,-0.024280,0.446945,0.614857,-0.013219,0.472507,0.579036,-0.000808,0.522953,0.558994,-0.038840,0.473351,0.456653,-0.032831,0.445288,0.408093,-0.028224,0.424221,0.365790,-0.027736,0.563250,0.528936,-0.017893,0.504020,0.539718,-0.006813,0.495450,0.601329,0.006322,0.506451,0.637019,0.012697,0.587088,0.534623,0.003560,0.530588,0.552419,0.009855,0.521628,0.602407,0.013279,0.530120,0.634872,0.013644,0.602666,0.550630,0.023950,0.558038,0.560811,0.026687,0.549549,0.594611,0.027364,0.556418,0.628613,0.027847
1044,1695021713.200477,0,-20.0209,-20.0209,-2.0933,-8.6188,14.1280,527.7981,64.3983,7831.3734,2.3006,158.5795,211.9538,49.3866,12.1474,40.4801,81.1858,0.029600,0.600510,0.774075,-0.000000,0.529632,0.775975,-0.025863,0.466637,0.701413,-0.026286,0.445347,0.613766,-0.016093,0.471672,0.575362,-0.004769,0.522193,0.557873,-0.042742,0.473376,0.459548,-0.040752,0.446118,0.407222,-0.039203,0.426330,0.362343,-0.040678,0.562633,0.526484,-0.022441,0.505069,0.546262,-0.014375,0.497992,0.608173,-0.001530,0.510028,0.641799,0.004896,0.586380,0.532550,-0.001876,0.531886,0.559817,0.002618,0.524353,0.606997,0.007387,0.534337,0.637177,0.008742,0.602333,0.551326,0.017300,0.558877,0.571111,0.017709,0.552420,0.604739,0.018728,0.560925,0.637381,0.019922
1045,1695021713.208810,0,28.3919,28.3919,3.6295,5.7227,18.8590,593.5657,42.0484,7466.3526,1.5645,159.5725,215.6164,47.6801,14.2258,43.4306,84.6310,0.031457,0.598337,0.769651,-0.000000,0.527512,0.772923,-0.025435,0.465443,0.700335,-0.026865,0.444755,0.613073,-0.018370,0.470677,0.576433,-0.008958,0.519843,0.556974,-0.042493,0.473772,0.456418,-0.042897,0.446330,0.402207,-0.042998,0.425657,0.357175,-0.045376,0.560696,0.524970,-0.023746,0.503815,0.548985,-0.018456,0.496372,0.610246,-0.006669,0.508347,0.641864,-0.000444,0.584708,0.531767,-0.004898,0.530140,0.562688,-0.003169,0.522141,0.608348,0.001711,0.532490,0.635827,0.003902,0.600731,0.551663,0.012607,0.556822,0.572269,0.011502,0.549615,0.604945,0.013125,0.558065,0.636107,0.015212
1046,1695021713.217143,0,20.3759,20.3759,9.6403,6.0109,19.7905,485.6541,54.0459,8396.4967,2.1078,154.8140,211.2285,48.1361,9.8365,39.0840,80.4416,0.029632,0.598317,0.770897,-0.000000,0.526747,0.772758,-0.025291,0.463549,0.698599,-0.025374,0.442830,0.612107,-0.015186,0.468574,0.579365,-0.004155,0.517843,0.553798,-0.039925,0.472631,0.457553,-0.037018,0.445380,0.406104,-0.035241,0.425371,0.363015,-0.036649,0.558675,0.524129,-0.020357,0.502523,0.547618,-0.011350,0.493993,0.609782,0.000946,0.506009,0.643322,0.006833,0.583589,0.533676,-0.000576,0.529914,0.561531,0.004068,0.521756,0.609410,0.007706,0.532686,0.639627,0.008351,0.601275,0.555193,0.017937,0.558685,0.573472,0.018520,0.551326,0.606388,0.019185,0.560438,0.638781,0.020089
1047,1695021713.225477,0,26.0866,26.0866,4.2467,-5.3937,17.7084,276.6826,70.2399,8313.3462,1.3026,156.7523,212.8075,46.3374,9.6840,43.2788,85.2669,0.033111,0.596389,0.771138,-0.000000,0.525873,0.773888,-0.024198,0.463783,0.700436,-0.024051,0.442007,0.615279,-0.013613,0.467154,0.579535,-0.002222,0.516482,0.554569,-0.041750,0.471565,0.456390,-0.041213,0.445009,0.404117,-0.041854,0.424804,0.360410,-0.044700,0.557573,0.524054,-0.022263,0.502494,0.549187,-0.012997,0.493842,0.611255,-0.000438,0.504428,0.643988,0.005329,0.582316,0.533333,-0.002509,0.530004,0.563766,0.003156,0.520264,0.610101,0.008042,0.528821,0.638743,0.009160,0.598796,0.555705,0.015953,0.557943,0.575915,0.017318,0.548981,0.607388,0.018840,0.555243,0.638848,0.020214
1048,1695021713.233810,0,-24.9351,-24.9351,-1.2286,-5.4752,23.4333,184.2571,41.5113,8295.4433,1.0451,158.5046,213.6763,44.2732,9.8384,45.0072,86.7688,0.034496,0.596023,0.767394,-0.000000,0.524539,0.770850,-0.022873,0.461751,0.697979,-0.022070,0.441141,0.613651,-0.010999,0.466514,0.579305,0.001028,0.512949,0.552875,-0.040447,0.469685,0.455987,-0.039237,0.443647,0.402745,-0.039742,0.423991,0.358304,-0.042468,0.554203,0.522151,-0.021107,0.501148,0.545267,-0.010194,0.493519,0.606775,0.002798,0.504996,0.639549,0.008584,0.579816,0.531070,-0.001392,0.528949,0.559927,0.005743,0.520258,0.607302,0.010102,0.529804,0.637052,0.010524,0.597478,0.552145,0.017182,0.557236,0.570978,0.019772,0.549287,0.603281,0.021087,0.556375,0.635652,0.022012
1049,1695021713.242143,0,19.0415,19.0415,-2.3376,-1.1091,19.6723,291.4615,50.5648,8107.9278,1.2981,153.1651,209.0618,40.8828,6.3954,44.5376,86.2159,0.034716,0.594383,0.766603,-0.000000,0.523762,0.769670,-0.021916,0.461164,0.696664,-0.020859,0.439545,0.612333,-0.010121,0.465108,0.577815,0.001282,0.510332,0.548808,-0.035689,0.466986,0.454849,-0.032384,0.440022,0.404018,-0.031785,0.420188,0.362037,-0.033904,0.551557,0.520692,-0.016969,0.500149,0.547760,-0.005122,0.492311,0.609892,0.007270,0.504583,0.643162,0.012804,0.578149,0.532631,0.002131,0.528209,0.562483,0.010243,0.520284,0.610281,0.013471,0.531499,0.640345,0.013080,0.597244,0.555798,0.020138,0.558277,0.574729,0.023429,0.550851,0.607188,0.024166,0.559647,0.639611,0.024678
1050,1695021713.250477,0,17.3768,17.3768,-0.7498,1.5878,18.4956,236.5884,31.0014,9419.2004,1.2314,151.7230,210.8723,40.1137,8.5114,46.5108,88.1986,0.036178,0.591705,0.760289,-0.000000,0.521975,0.766578,-0.022119,0.460595,0.696764,-0.020414,0.438040,0.613724,-0.008722,0.460645,0.578830,0.003716,0.508034,0.546605,-0.034840,0.464567,0.453439,-0.030688,0.438584,0.401865,-0.029816,0.419503,0.358837,-0.031732,0.549309,0.518550,-0.015289,0.497912,0.543468,-0.002566,0.489092,0.606543,0.009876,0.500056,0.641839,0.015341,0.576724,0.530666,0.004644,0.527086,0.556945,0.013604,0.517956,0.605619,0.016482,0.527844,0.635995,0.015775,0.596641,0.553016,0.023551,0.557824,0.569707,0.027448,0.548425,0.603656,0.028005,0.555672,0.636623,0.028278
1051,1695021713.258810,0,-11.8325,-11.8325,-9.4798,-8.7300,19.8712,156.7389,65.0821,8024.0748,1.0349,146.7199,210.4500,39.2736,6.8675,46.4710,88.5882,0.037017,0.591765,0.764719,-0.000000,0.522278,0.767509,-0.020954,0.459411,0.698238,-0.019834,0.436948,0.613748,-0.009877,0.460709,0.577330,0.000655,0.508954,0.545791,-0.030578,0.464562,0.452848,-0.025336,0.438422,0.402443,-0.023845,0.419147,0.361167,-0.025688,0.549866,0.517683,-0.012533,0.500198,0.539691,-0.000595,0.491242,0.597746,0.010283,0.501641,0.632294,0.014818,0.577256,0.529841,0.005990,0.528952,0.555064,0.014050,0.519192,0.599133,0.016641,0.528069,0.630821,0.016001,0.597125,0.553169,0.023536,0.558820,0.568754,0.026475,0.549748,0.599621,0.027069,0.556788,0.632762,0.027672
1052,1695021713.267143,0,20.9218,20.9218,11.4642,20.9440,18.8646,93.1557,60.9794,9077.2468,1.1482,153.0324,211.6592,38.3625,9.5916,47.7453,89.6903,0.038201,0.589957,0.756881,-0.000000,0.521844,0.765601,-0.021183,0.458959,0.697054,-0.020244,0.435994,0.614770,-0.010436,0.458621,0.577583,-0.000175,0.506363,0.546408,-0.033191,0.463547,0.454196,-0.031959,0.437706,0.399938,-0.033577,0.419168,0.355355,-0.037285,0.547750,0.516014,-0.016181,0.499948,0.544121,-0.007265,0.491430,0.604998,0.003212,0.502051,0.637734,0.007953,0.575669,0.526961,0.001022,0.528683,0.556580,0.006164,0.518885,0.601919,0.009804,0.528682,0.630876,0.010537,0.596564,0.550071,0.017122,0.558344,0.569090,0.017679,0.549153,0.601495,0.018938,0.556809,0.633562,0.020622
1053,1695021713.275477,0,-13.0666,-13.0666,-8.0270,-19.4912,15.5081,59.8555,59.4805,9407.8736,1.6328,144.8233,209.6776,37.0007,7.8122,47.9077,89.8493,0.038060,0.590930,0.760213,-0.000000,0.521441,0.764320,-0.021107,0.458483,0.696730,-0.019427,0.436467,0.613341,-0.008160,0.460279,0.575691,0.003819,0.506770,0.544066,-0.032412,0.462544,0.451804,-0.026949,0.437000,0.402044,-0.025428,0.418306,0.360535,-0.027073,0.546626,0.516098,-0.013007,0.498846,0.537360,0.001196,0.490976,0.595284,0.013122,0.501540,0.628882,0.017775,0.573649,0.527515,0.006962,0.526864,0.553985,0.017087,0.518405,0.599489,0.019529,0.527553,0.631005,0.018150,0.593793,0.548689,0.026043,0.556782,0.565705,0.030783,0.548331,0.597234,0.031320,0.555188,0.630185,0.031315
1054,1695021713.283810,0,-14.8023,-14.8023,-8.0448,-0.0178,15.9319,104.2057,49.4256,9304.6213,0.9040,146.4066,209.0936,37.2899,7.3335,46.9112,88.2586,0.037397,0.591284,0.759853,-0.000000,0.521685,0.764720,-0.019807,0.458245,0.695624,-0.017023,0.435518,0.613004,-0.005100,0.457993,0.574931,0.007457,0.504240,0.545786,-0.031281,0.462353,0.452541,-0.027062,0.437023,0.401158,-0.026357,0.418171,0.359430,-0.028369,0.544791,0.515635,-0.013235,0.497174,0.541553,-0.000216,0.489478,0.600879,0.011526,0.500486,0.634075,0.016410,0.572413,0.525689,0.005252,0.525893,0.556175,0.014197,0.516940,0.601227,0.017148,0.526143,0.631548,0.016474,0.593072,0.547204,0.022836,0.555936,0.566564,0.026545,0.547049,0.598214,0.027432,0.553949,0.631552,0.028049
1055,1695021713.292143,1,17.6697,17.6697,7.3756,15.4203,15.9972,178.6630,64.7529,7652.7040,1.3692,147.6281,205.8777,36.2390,7.3438,46.9396,88.7843,0.037967,0.589691,0.755568,-0.000000,0.520604,0.763112,-0.019800,0.458720,0.698005,-0.018139,0.435515,0.618431,-0.007307,0.457402,0.579134,0.004069,0.502048,0.546287,-0.033007,0.460312,0.455624,-0.029831,0.435754,0.404020,-0.030815,0.417252,0.362255,-0.034136,0.542888,0.515681,-0.014974,0.496416,0.541079,-0.001493,0.488397,0.599647,0.010246,0.498406,0.633512,0.014733,0.570878,0.526015,0.003552,0.525252,0.554070,0.013607,0.515761,0.598322,0.017240,0.523804,0.629042,0.016618,0.591318,0.548323,0.021100,0.555941,0.564712,0.025303,0.546274,0.594155,0.026278,0.551399,0.626523,0.026696
1056,1695021713.300477,1,-11.2125,-11.2125,-8.0336,-15.4091,15.9088,273.1838,11.4636,6903.1372,1.3031,151.2739,206.2791,37.8292,7.4600,47.8919,90.2135,0.038413,0.590566,0.756021,-0.000000,0.521905,0.763322,-0.019205,0.459204,0.696547,-0.015450,0.435424,0.618371,-0.001826,0.456080,0.582401,0.012450,0.501144,0.544431,-0.031934,0.459667,0.458499,-0.027998,0.435678,0.407552,-0.029812,0.417956,0.363024,-0.034050,0.541889,0.515656,-0.012776,0.495468,0.542845,0.003406,0.488464,0.605128,0.015378,0.499213,0.636754,0.019123,0.570085,0.527474,0.007004,0.524459,0.553376,0.020130,0.515825,0.600993,0.023558,0.525792,0.631153,0.021766,0.591069,0.549825,0.025809,0.555511,0.566172,0.031776,0.546305,0.598875,0.032491,0.553482,0.631590,0.032205
1057,1695021713.308810,1,-3.1690,-3.1690,2.4744,10.5080,11.9748,299.5777,55.3074,6666.9365,2.4519,157.2160,202.6996,35.5858,8.1777,47.0252,87.6209,0.037178,0.591235,0.761410,-0.000000,0.521124,0.766255,-0.019536,0.457076,0.697367,-0.015291,0.433450,0.617119,-0.001295,0.457311,0.582753,0.013197,0.502106,0.545683,-0.030270,0.457796,0.459429,-0.023820,0.433755,0.410440,-0.023169,0.415967,0.366584,-0.025821,0.541975,0.516560,-0.011138,0.491905,0.544369,0.005303,0.485292,0.607205,0.016447,0.496104,0.640324,0.019918,0.568727,0.526354,0.008762,0.520790,0.556876,0.022055,0.512931,0.605321,0.024145,0.522803,0.635732,0.021648,0.588969,0.546528,0.027725,0.551031,0.565241,0.034814,0.542730,0.597510,0.035420,0.550573,0.631624,0.034952
1058,1695021713.317143,1,14.0568,14.0568,7.2148,4.7404,13.1407,291.0241,77.6245,6983.8346,1.8955,160.6150,201.2329,36.7368,6.9865,45.2019,87.1701,0.036642,0.591176,0.758126,-0.000000,0.521540,0.765685,-0.019343,0.457838,0.699489,-0.016011,0.434299,0.620620,-0.002811,0.456874,0.581295,0.010976,0.498687,0.546355,-0.032623,0.456434,0.462779,-0.029677,0.432725,0.411914,-0.031969,0.415870,0.366670,-0.036293,0.539243,0.515889,-0.013639,0.492178,0.544621,0.001789,0.486162,0.608873,0.013654,0.497970,0.641383,0.017619,0.567568,0.526631,0.005879,0.522064,0.555205,0.018194,0.514253,0.603466,0.021055,0.525510,0.633685,0.019166,0.589009,0.548315,0.024456,0.552926,0.566222,0.030109,0.544694,0.599333,0.030645,0.553283,0.632286,0.030387
1059,1695021713.325477,1,-13.7088,-13.7088,-7.8446,-15.0594,12.8908,389.5559,1.3850,7659.4741,1.5748,154.9136,196.1614,36.0405,11.4644,43.9785,84.1138,0.034298,0.591252,0.757871,-0.000000,0.522435,0.767728,-0.018222,0.460350,0.703390,-0.016375,0.435407,0.624919,-0.005522,0.454998,0.585960,0.005649,0.498336,0.551880,-0.032118,0.455132,0.467786,-0.029083,0.430416,0.417404,-0.031004,0.412568,0.373901,-0.035139,0.538707,0.518502,-0.014971,0.492873,0.543975,-0.000339,0.487176,0.603133,0.011138,0.498179,0.634258,0.014949,0.567270,0.527206,0.002866,0.522862,0.553906,0.014151,0.514482,0.599229,0.017641,0.523742,0.628116,0.016397,0.588561,0.548349,0.019878,0.552775,0.565066,0.025512,0.544489,0.596040,0.027259,0.551835,0.627680,0.027832
1060,1695021713.333810,1,-27.0328,-27.0328,-3.9551,3.8896,13.5261,447.4234,81.6199,7085.1239,1.7049,164.3935,192.5754,35.7379,13.2337,46.5609,87.0160,0.036211,0.591255,0.759889,-0.000000,0.522335,0.768705,-0.020295,0.459830,0.705032,-0.019192,0.434706,0.625836,-0.008571,0.454975,0.587169,0.002416,0.499301,0.554316,-0.037250,0.454525,0.470758,-0.038004,0.429708,0.419440,-0.042927,0.411407,0.373861,-0.048917,0.538893,0.520273,-0.019108,0.490951,0.546360,-0.006300,0.484244,0.608549,0.004879,0.494021,0.639771,0.008297,0.566408,0.528272,-0.000418,0.520976,0.556527,0.010047,0.511553,0.602963,0.014979,0.520503,0.631905,0.014743,0.587245,0.549158,0.017137,0.551281,0.564265,0.022115,0.540975,0.595716,0.024697,0.547098,0.628086,0.026023
1061,1695021713.342143,1,-14.4896,-14.4896,-2.8302,1.1249,13.7333,582.7489,54.7341,6293.6624,2.3165,155.1088,184.6242,37.9316,18.7618,44.6755,82.1789,0.032804,0.593004,0.760074,-0.000000,0.523482,0.770092,-0.019669,0.460697,0.707074,-0.015488,0.434785,0.630716,-0.000772,0.453764,0.592455,0.014870,0.498403,0.552749,-0.034058,0.453246,0.469694,-0.030062,0.427655,0.423209,-0.031298,0.408904,0.381124,-0.034682,0.537904,0.522662,-0.013632,0.488503,0.545575,0.004037,0.482419,0.609493,0.016775,0.493076,0.642143,0.020656,0.565536,0.530809,0.007457,0.518333,0.556080,0.021449,0.510808,0.607003,0.024191,0.520886,0.636751,0.021657,0.586363,0.548249,0.027727,0.549661,0.565010,0.035106,0.541406,0.600222,0.035853,0.549419,0.633424,0.035175
1062,1695021713.350477,1,7.4591,7.4591,-1.6494,1.1807,15.1956,919.4834,31.3327,4718.8102,2.4829,149.5648,176.8030,42.8226,24.2409,43.8270,77.8442,0.029154,0.593376,0.762780,-0.000000,0.523425,0.773305,-0.020050,0.459925,0.708009,-0.015993,0.434564,0.629227,-0.001742,0.455779,0.591679,0.013363,0.498105,0.556667,-0.030615,0.451854,0.476296,-0.023890,0.425990,0.432527,-0.023508,0.406954,0.392779,-0.026227,0.537860,0.524896,-0.010601,0.488337,0.545188,0.008859,0.481807,0.605042,0.021576,0.492214,0.636388,0.025443,0.565603,0.532801,0.009921,0.519024,0.555620,0.024709,0.510952,0.605166,0.026552,0.520206,0.633861,0.023466,0.586536,0.551185,0.029541,0.549820,0.567141,0.037516,0.541376,0.600792,0.037925,0.548883,0.633998,0.036846
1063,1695021713.358810,1,1.6819,1.6819,3.8477,5.4971,12.3471,1146.7781,32.6566,3862.6416,2.6126,150.0880,166.9914,50.8453,35.0057,46.4111,76.4647,0.026301,0.594995,0.764835,-0.000000,0.526013,0.777328,-0.020322,0.461630,0.710249,-0.016766,0.434559,0.632102,-0.003603,0.455340,0.596142,0.010244,0.499362,0.559383,-0.026599,0.450517,0.484124,-0.016809,0.423281,0.443630,-0.014189,0.403694,0.405702,-0.015898,0.539180,0.527244,-0.007368,0.490099,0.550166,0.012716,0.484830,0.608630,0.024871,0.496604,0.639931,0.028556,0.566912,0.535833,0.012335,0.521328,0.556311,0.027405,0.513244,0.604927,0.028562,0.522587,0.633117,0.024988,0.587760,0.555255,0.031061,0.551723,0.568834,0.039901,0.543940,0.601073,0.040473,0.552175,0.633073,0.039247
1064,1695021713.367143,1,1.7089,1.7089,7.1854,3.3377,12.7589,1440.0480,9.7884,3908.7158,2.4560,151.0123,157.7259,57.3155,40.6690,46.4146,72.7184,0.023146,0.595550,0.767376,-0.000000,0.527202,0.778898,-0.022103,0.463701,0.715210,-0.018489,0.434483,0.638748,-0.004676,0.453736,0.597827,0.010193,0.499666,0.562770,-0.028966,0.447524,0.490792,-0.019779,0.420683,0.452407,-0.016312,0.402287,0.414292,-0.016829,0.538443,0.529612,-0.008376,0.486179,0.551679,0.010737,0.481944,0.610423,0.023497,0.494634,0.641257,0.028139,0.565658,0.535464,0.012478,0.516994,0.558005,0.025991,0.510503,0.607796,0.026970,0.520611,0.634420,0.024001,0.586016,0.552084,0.032369,0.547603,0.569609,0.040369,0.540399,0.603382,0.040606,0.549416,0.634960,0.039512
1065,1695021713.375477,1,3.1800,3.1800,4.4174,-2.7680,7.5021,1544.1769,4.6748,3720.6566,3.2732,158.4236,147.7386,65.8341,52.4147,52.7882,71.0670,0.018692,0.597181,0.769033,-0.000000,0.526625,0.782439,-0.019538,0.464082,0.717965,-0.015305,0.437452,0.642850,-0.001217,0.455658,0.602896,0.013913,0.498908,0.564602,-0.025461,0.447687,0.496785,-0.014966,0.418918,0.461567,-0.012615,0.398941,0.425894,-0.014659,0.537931,0.531865,-0.005642,0.486798,0.553644,0.016626,0.484086,0.613208,0.028871,0.497634,0.645293,0.031939,0.564885,0.536713,0.014639,0.517237,0.554353,0.031764,0.510930,0.604832,0.033200,0.520915,0.632595,0.029146,0.584909,0.552691,0.033986,0.546801,0.564431,0.044592,0.538754,0.598392,0.045351,0.546209,0.630818,0.043676
1066,1695021713.383810,1,4.2691,4.2691,-0.7975,-5.2149,2.1333,1709.8628,1.6142,3824.3114,3.2039,157.8125,135.6718,75.6912,63.4212,60.5912,72.6657,0.015449,0.598490,0.770338,-0.000000,0.528586,0.785162,-0.018543,0.466050,0.723811,-0.014853,0.437290,0.653137,-0.002439,0.452691,0.611546,0.010571,0.499191,0.568400,-0.024775,0.445565,0.507752,-0.015038,0.416461,0.476164,-0.012169,0.396802,0.441593,-0.013864,0.537873,0.533746,-0.007289,0.486578,0.560943,0.011706,0.484168,0.620436,0.023310,0.497928,0.649306,0.026585,0.565027,0.538112,0.010703,0.516861,0.560661,0.024768,0.510806,0.609955,0.027636,0.520920,0.635148,0.025311,0.584532,0.555856,0.027701,0.545795,0.568939,0.035833,0.538285,0.602496,0.037474,0.546570,0.633366,0.037071
1067,1695021713.392143,1,-16.3433,-16.3433,-4.5063,-3.7088,7.6829,1743.1807,46.9246,3602.6377,2.6723,161.4282,125.6873,85.7465,74.3938,69.2362,75.6438,0.012033,0.597903,0.768213,-0.000000,0.528248,0.784636,-0.017861,0.466516,0.726267,-0.011508,0.438048,0.654616,0.005268,0.454382,0.612330,0.023388,0.497653,0.569993,-0.020900,0.442857,0.514011,-0.003780,0.414249,0.487832,0.002624,0.394700,0.455079,0.003138,0.535505,0.539436,0.001195,0.483912,0.560270,0.030907,0.483564,0.619256,0.044281,0.497887,0.646768,0.047011,0.561854,0.544042,0.024431,0.515137,0.558256,0.048431,0.510995,0.611147,0.047886,0.522096,0.636189,0.041136,0.581105,0.556373,0.047153,0.545594,0.564718,0.063999,0.538736,0.599193,0.064557,0.547375,0.629798,0.061566
1068,1695021713.400477,1,2.5076,2.5076,0.1997,4.7060,7.7495,1770.5843,51.3035,4074.6281,3.1818,158.0934,115.5212,93.5092,82.3623,74.0607,75.1304,0.009425,0.598981,0.772174,-0.000000,0.529906,0.788992,-0.022856,0.467759,0.732769,-0.021660,0.438232,0.663931,-0.010847,0.454194,0.621098,0.000981,0.499698,0.574075,-0.027321,0.442605,0.523042,-0.015539,0.413168,0.499255,-0.010556,0.393642,0.467439,-0.010962,0.537371,0.539881,-0.007691,0.483345,0.567206,0.011602,0.483072,0.626525,0.022654,0.499410,0.653798,0.025640,0.563786,0.543556,0.012385,0.515061,0.564085,0.026289,0.511491,0.615445,0.027434,0.523738,0.640562,0.024137,0.583407,0.559617,0.031258,0.545979,0.571195,0.039644,0.540127,0.604415,0.039992,0.549516,0.634670,0.038609
1069,1695021713.408810,1,-5.6110,-5.6110,-2.1977,-2.3974,7.8029,1672.5676,13.9952,3917.0181,2.9010,156.7400,108.8616,101.9663,90.6943,80.4577,77.2784,0.006976,0.601585,0.775162,-0.000000,0.532099,0.792889,-0.020551,0.468796,0.736300,-0.016072,0.439138,0.668159,-0.001076,0.453894,0.624755,0.015158,0.501059,0.574446,-0.025830,0.443400,0.530781,-0.011641,0.412968,0.509647,-0.006786,0.392867,0.478579,-0.007484,0.539155,0.542943,-0.004247,0.485422,0.573307,0.021266,0.484963,0.638775,0.033681,0.501040,0.667581,0.036077,0.565329,0.548294,0.018299,0.516416,0.567595,0.038545,0.512552,0.623663,0.039289,0.525546,0.650770,0.033924,0.584632,0.563830,0.039967,0.548177,0.575582,0.053279,0.542343,0.610190,0.053964,0.552756,0.641115,0.051711
1070,1695021713.417143,1,1.4056,1.4056,-0.7159,1.4819,7.5781,1401.1164,17.8970,3871.4841,3.0578,160.9784,101.8436,105.3358,95.1309,86.7071,84.0287,0.006508,0.603656,0.774772,-0.000000,0.533864,0.797001,-0.022918,0.468910,0.740003,-0.019350,0.438629,0.667870,-0.004918,0.455915,0.627141,0.010886,0.500269,0.581659,-0.027951,0.440773,0.536498,-0.014639,0.410664,0.516089,-0.009047,0.390727,0.484886,-0.009060,0.536967,0.547551,-0.006125,0.481590,0.581121,0.016391,0.484900,0.643914,0.028525,0.503381,0.668489,0.031616,0.561849,0.550262,0.016287,0.511694,0.576564,0.033083,0.511362,0.632124,0.033007,0.526226,0.655118,0.028099,0.580670,0.563399,0.037670,0.543034,0.581331,0.048519,0.539954,0.616845,0.048178,0.552376,0.646210,0.045703
1071,1695021713.425477,1,-2.1495,-2.1495,3.5484,4.2643,6.7814,1449.8899,15.9182,3858.5856,2.3475,159.8603,91.4881,116.8201,107.4816,97.4383,89.8130,0.003899,0.605350,0.780640,-0.000000,0.535124,0.801501,-0.021534,0.469041,0.745283,-0.017798,0.437467,0.673795,-0.004121,0.454079,0.636430,0.011018,0.500261,0.588000,-0.025015,0.440390,0.545646,-0.011613,0.410029,0.525998,-0.005493,0.389149,0.496815,-0.005125,0.536597,0.551347,-0.005442,0.481464,0.582168,0.014515,0.484322,0.639227,0.026125,0.501734,0.662032,0.029717,0.561781,0.551965,0.014665,0.511620,0.578085,0.028954,0.510157,0.628810,0.029586,0.523535,0.650129,0.025979,0.580682,0.564694,0.033717,0.542658,0.580552,0.043019,0.538565,0.614205,0.043301,0.549905,0.642318,0.041674
1072,1695021713.433810,1,7.0447,7.0447,1.1343,-2.4142,4.2884,1648.5889,30.3877,4894.4391,2.0202,151.3657,79.9775,129.3544,119.9249,107.7534,95.8296,0.001764,0.605013,0.782650,-0.000000,0.536260,0.802105,-0.023341,0.472261,0.751459,-0.022503,0.438556,0.686507,-0.011788,0.450330,0.644432,0.000130,0.501939,0.587272,-0.028283,0.441900,0.554254,-0.017025,0.410335,0.539654,-0.013009,0.388683,0.513753,-0.014143,0.537568,0.552327,-0.008651,0.483201,0.588546,0.009783,0.485207,0.651384,0.019627,0.502730,0.678323,0.021539,0.562669,0.553909,0.011605,0.512931,0.579083,0.024741,0.512014,0.633475,0.025514,0.526450,0.659469,0.021836,0.581443,0.568147,0.030664,0.543902,0.582424,0.038565,0.540315,0.617282,0.038850,0.552073,0.647284,0.037444
1073,1695021713.442143,1,-1.9980,-1.9980,0.9032,-0.2310,4.2745,1766.1345,15.0991,6170.2344,2.6418,152.8225,72.6919,136.9898,127.7639,115.5489,102.1420,0.000679,0.606807,0.781579,-0.000000,0.537290,0.804884,-0.023735,0.471502,0.754570,-0.021927,0.438752,0.688076,-0.010216,0.452498,0.651175,0.002876,0.503353,0.593806,-0.028202,0.440285,0.561880,-0.016422,0.409044,0.549110,-0.010747,0.387555,0.524601,-0.010524,0.537252,0.555555,-0.008804,0.478613,0.591750,0.007363,0.481296,0.650949,0.017180,0.499102,0.675337,0.020069,0.560399,0.553394,0.011096,0.507594,0.584904,0.021965,0.506979,0.636717,0.022247,0.521203,0.659740,0.019135,0.577438,0.564296,0.029761,0.536946,0.582671,0.035951,0.533309,0.617241,0.035554,0.545119,0.646412,0.034070
1074,1695021713.450477,1,-4.0494,-4.0494,-1.3638,-2.2670,3.9141,1931.1355,2.3428,6299.9590,2.9098,148.8657,63.5208,149.7815,139.5737,125.8472,110.2401,0.000015,0.608408,0.784091,-0.000000,0.538330,0.807249,-0.024706,0.470353,0.758395,-0.023294,0.437612,0.691805,-0.011874,0.454214,0.657890,0.001010,0.503657,0.593634,-0.028953,0.439751,0.569303,-0.017042,0.408445,0.560213,-0.010855,0.386961,0.538094,-0.010525,0.537918,0.557381,-0.009601,0.478862,0.597070,0.005492,0.481836,0.657033,0.015133,0.499402,0.681649,0.017932,0.561331,0.557185,0.010215,0.508958,0.590903,0.019654,0.509043,0.642378,0.019848,0.523667,0.666346,0.016841,0.579281,0.570051,0.028712,0.538933,0.591784,0.033432,0.536363,0.626262,0.032550,0.548675,0.655790,0.030874
1075,1695021713.458810,1,-10.3275,-10.3275,-2.0445,-0.6807,5.5666,1894.6208,46.2967,6328.5481,2.9861,149.1181,57.9848,154.4639,145.0431,131.0370,114.5000,0.000000,0.610086,0.783200,-0.000000,0.539576,0.810534,-0.025882,0.472388,0.763498,-0.027206,0.439242,0.696084,-0.019278,0.454307,0.656478,-0.010066,0.502882,0.598036,-0.028000,0.438523,0.579666,-0.019506,0.405925,0.570657,-0.016422,0.384567,0.546114,-0.018071,0.536905,0.560285,-0.009964,0.478210,0.603100,0.001154,0.483429,0.663406,0.008483,0.504256,0.684565,0.010496,0.560262,0.558610,0.008122,0.507555,0.591800,0.014379,0.508669,0.644240,0.015062,0.525951,0.665617,0.013299,0.578279,0.571297,0.024606,0.537567,0.591526,0.027746,0.535841,0.627139,0.027921,0.550466,0.654262,0.027591
1076,1695021713.467143,1,-0.6721,-0.6721,-1.9292,0.1153,5.6057,1479.7959,43.5112,6446.1557,2.6362,146.6289,55.8769,162.5854,152.3542,137.6510,119.4762,0.000000,0.612300,0.785673,-0.000000,0.543058,0.813517,-0.027177,0.474742,0.767428,-0.027163,0.437886,0.699906,-0.017134,0.452429,0.659131,-0.005229,0.504437,0.599391,-0.026653,0.437143,0.581945,-0.014283,0.406216,0.577948,-0.007307,0.385846,0.557861,-0.006313,0.537120,0.561991,-0.006074,0.475391,0.604179,0.007092,0.481971,0.665591,0.015175,0.503317,0.688392,0.017578,0.559291,0.558742,0.014667,0.504122,0.594087,0.022026,0.507117,0.647877,0.021604,0.525326,0.671245,0.018979,0.576400,0.568395,0.033929,0.534179,0.591792,0.037271,0.533817,0.629514,0.035855,0.549309,0.658407,0.034374
1077,1695021713.475477,1,2.8468,2.8468,1.2112,3.1404,4.3652,2045.4086,13.9074,4995.0516,2.4541,137.1003,53.7305,173.3082,161.4532,145.0730,124.6403,0.000000,0.615020,0.784986,-0.000000,0.544240,0.815010,-0.026899,0.478088,0.773531,-0.028480,0.441789,0.710570,-0.020173,0.452346,0.668755,-0.009903,0.506278,0.601194,-0.028119,0.436917,0.592669,-0.016600,0.406093,0.592745,-0.010571,0.386519,0.573386,-0.010094,0.536931,0.563004,-0.008033,0.471691,0.602949,0.004468,0.478306,0.663554,0.011683,0.500632,0.685944,0.013468,0.557358,0.558934,0.012531,0.498901,0.590896,0.019308,0.501977,0.644543,0.019236,0.520830,0.667907,0.016977,0.572436,0.569075,0.031767,0.528365,0.587285,0.035183,0.527677,0.624083,0.034800,0.542926,0.652788,0.034053
1078,1695021713.483810,1,-12.2399,-12.2399,-2.0476,-3.2588,5.6911,2310.4387,30.1232,3968.2235,2.4343,130.8218,53.2344,187.1087,174.8311,157.1817,133.9841,0.000000,0.614266,0.789374,-0.000000,0.545586,0.816936,-0.031720,0.477448,0.773853,-0.032800,0.437137,0.712664,-0.022280,0.450249,0.673023,-0.008987,0.506929,0.600212,-0.030864,0.432562,0.600951,-0.014127,0.403375,0.609243,-0.001608,0.386298,0.594781,0.003261,0.537692,0.565308,-0.006515,0.469849,0.611914,0.006911,0.477891,0.674116,0.015464,0.500924,0.695029,0.018944,0.557608,0.563877,0.018495,0.498109,0.603127,0.025438,0.501836,0.657519,0.023633,0.521439,0.679824,0.020786,0.571870,0.574748,0.042093,0.528714,0.599926,0.044241,0.528521,0.637237,0.040919,0.544867,0.664248,0.038588
1079,1695021713.492143,0,,,0.0000,0.0000,0.0000,0.0000,44.7842,4885.8537,2.4188,118.0262,53.7824,203.3272,191.4940,173.6937,149.4767,0.000000,0.613873,0.789939,-0.000000,0.544683,0.816825,-0.033308,0.478400,0.776382,-0.039368,0.440239,0.719085,-0.034802,0.449658,0.681834,-0.028251,0.508360,0.597649,-0.036792,0.434098,0.611085,-0.026487,0.402291,0.625642,-0.018978,0.383321,0.616588,-0.017509,0.538255,0.562485,-0.014734,0.470346,0.612197,-0.008723,0.477337,0.673021,-0.003044,0.499568,0.694684,-0.000922,0.558377,0.562930,0.007940,0.497965,0.599227,0.008800,0.500773,0.651917,0.008799,0.519900,0.677804,0.008060,0.572544,0.577249,0.028989,0.528005,0.604351,0.025897,0.527270,0.641740,0.023291,0.542667,0.667984,0.022270
1080,1695021713.500477,0,,,0.0000,0.0000,0.0000,0.0000,28.0809,6155.3043,2.0556,58.1520,72.9917,232.2984,217.7116,196.6210,167.8086,0.000000,0.616282,0.794515,-0.000000,0.546218,0.820376,-0.032916,0.479228,0.782415,-0.038557,0.438395,0.728727,-0.032943,0.446970,0.690267,-0.024602,0.507559,0.596874,-0.037181,0.431310,0.624701,-0.018670,0.403877,0.653420,-0.002894,0.389634,0.656668,0.004044,0.536173,0.564525,-0.012621,0.465465,0.617430,-0.002053,0.473377,0.678393,0.004986,0.495045,0.699766,0.007678,0.555986,0.566643,0.014051,0.492249,0.607687,0.019241,0.494733,0.661897,0.018957,0.514136,0.691132,0.017286,0.569391,0.581799,0.039606,0.522423,0.610276,0.039208,0.520441,0.650199,0.036757,0.534952,0.679233,0.035605
1081,1695021713.508810,0,,,0.0000,0.0000,0.0000,0.0000,24.7971,7782.6669,1.1730,33.9005,102.0233,257.1971,239.1565,214.8498,181.8782,0.000000,0.619316,0.796445,-0.000000,0.549921,0.822985,-0.030769,0.483722,0.788005,-0.034664,0.440628,0.741654,-0.027260,0.443636,0.707331,-0.016443,0.509206,0.600369,-0.036415,0.435456,0.636479,-0.013570,0.415438,0.675538,0.007526,0.406019,0.689947,0.018296,0.536005,0.565567,-0.011837,0.466389,0.619091,0.001775,0.470648,0.676872,0.009875,0.486839,0.700866,0.012659,0.554509,0.564917,0.015603,0.490542,0.607047,0.023492,0.489897,0.658509,0.022689,0.504965,0.690605,0.019953,0.566601,0.579188,0.042302,0.519306,0.604914,0.043411,0.513766,0.642154,0.040647,0.523218,0.672710,0.038892
1082,1695021713.517143,0,,,0.0000,0.0000,0.0000,0.0000,8.3540,9395.8279,1.2910,33.0733,119.4716,272.2579,252.3557,226.3756,191.4895,0.000000,0.617128,0.797271,-0.000000,0.547701,0.825567,-0.033410,0.481169,0.788061,-0.039169,0.438123,0.739245,-0.033689,0.444872,0.706952,-0.024791,0.509833,0.599143,-0.038030,0.438755,0.640634,-0.017414,0.421950,0.687157,0.002506,0.416401,0.709007,0.012771,0.535131,0.565753,-0.013145,0.466341,0.627809,-0.003666,0.468998,0.688339,0.002125,0.484254,0.715937,0.004154,0.552316,0.566087,0.014379,0.488818,0.617092,0.018091,0.487422,0.669864,0.015391,0.502731,0.704574,0.012532,0.562956,0.581456,0.041035,0.516233,0.614815,0.038433,0.510598,0.654714,0.033990,0.519593,0.685868,0.031983
1083,1695021713.525477,0,,,0.0000,0.0000,0.0000,0.0000,5.7192,8583.3752,1.3838,34.8071,115.1935,268.9283,249.7063,224.1324,189.3725,0.000000,0.616073,0.791956,-0.000000,0.548603,0.825354,-0.032843,0.482396,0.789485,-0.038589,0.439128,0.739546,-0.033342,0.447073,0.705207,-0.024598,0.507371,0.601644,-0.035993,0.438219,0.641119,-0.015286,0.420032,0.683940,0.004127,0.413656,0.704376,0.013907,0.533403,0.567160,-0.011660,0.468054,0.625932,-0.001391,0.471963,0.681834,0.004748,0.488141,0.707295,0.006837,0.551450,0.566454,0.015080,0.490633,0.612352,0.019280,0.490406,0.661840,0.017174,0.506117,0.695102,0.014578,0.563513,0.581350,0.040882,0.518056,0.609957,0.039031,0.513265,0.647529,0.035257,0.522758,0.678079,0.033554
1084,1695021713.533810,0,,,0.0000,0.0000,0.0000,0.0000,1.4867,6714.9650,1.3341,35.1582,99.3005,258.8144,241.5769,217.9928,185.8601,0.000000,0.616042,0.795586,-0.000000,0.548163,0.826378,-0.034259,0.482131,0.790549,-0.038150,0.438485,0.741738,-0.029888,0.442647,0.706816,-0.018015,0.508060,0.605583,-0.035232,0.437781,0.639029,-0.013197,0.414673,0.676549,0.005976,0.402797,0.691451,0.015378,0.533481,0.571977,-0.009084,0.464772,0.625618,0.003675,0.469488,0.685696,0.010695,0.487564,0.710074,0.013266,0.550457,0.571556,0.019145,0.486639,0.614435,0.025409,0.487348,0.669048,0.022979,0.504324,0.700025,0.019907,0.562003,0.583257,0.046312,0.515637,0.608942,0.046004,0.510882,0.648667,0.041850,0.521441,0.678636,0.039456
1085,1695021713.542143,0,,,0.0000,0.0000,0.0000,0.0000,42.3260,7327.3125,1.5809,44.9614,84.8025,248.7606,233.8296,212.1886,182.2004,0.000000,0.617542,0.799771,-0.000000,0.549678,0.829036,-0.036283,0.480691,0.790774,-0.042372,0.436105,0.738764,-0.036389,0.443144,0.702275,-0.026981,0.511287,0.605852,-0.040537,0.433786,0.634801,-0.022870,0.407627,0.668128,-0.005741,0.395156,0.677548,0.002567,0.536555,0.570908,-0.014419,0.463790,0.622628,-0.006529,0.468786,0.683062,0.000425,0.488540,0.706342,0.003792,0.552766,0.570471,0.013475,0.486076,0.614479,0.015301,0.486493,0.668797,0.013916,0.504786,0.698720,0.012561,0.562802,0.583568,0.040104,0.513694,0.612173,0.036226,0.509482,0.653060,0.031878,0.522187,0.682694,0.030033
1086,1695021713.550477,0,,,0.0000,0.0000,0.0000,0.0000,8.1702,5169.0828,2.0479,77.4861,65.6283,233.1203,221.4494,202.5707,175.8214,0.000000,0.615073,0.800282,-0.000000,0.548241,0.828829,-0.033501,0.481291,0.793586,-0.037664,0.437367,0.741044,-0.029939,0.443164,0.699962,-0.018741,0.508461,0.609000,-0.036690,0.431626,0.628958,-0.017065,0.402008,0.653990,0.000143,0.383513,0.655489,0.008117,0.533391,0.572249,-0.011278,0.462729,0.616987,0.000540,0.467438,0.674247,0.008722,0.485806,0.695769,0.012328,0.549894,0.570590,0.015981,0.485755,0.610125,0.021513,0.485992,0.662311,0.020882,0.502055,0.689294,0.019320,0.560282,0.582058,0.042054,0.513651,0.604268,0.042007,0.508276,0.641291,0.038919,0.519064,0.669402,0.037220
1087,1695021713.558810,0,,,0.0000,0.0000,0.0000,0.0000,48.6710,4728.6889,1.6888,97.8974,55.1238,222.4317,212.2670,194.1571,167.8776,0.000000,0.614224,0.794091,-0.000000,0.546811,0.825778,-0.038177,0.479104,0.787225,-0.043316,0.438027,0.729130,-0.035581,0.446575,0.690170,-0.024522,0.511403,0.607642,-0.039074,0.432161,0.621291,-0.025862,0.398149,0.641330,-0.015119,0.378248,0.639305,-0.010772,0.536241,0.571379,-0.012522,0.462832,0.621503,-0.005635,0.470978,0.683626,-0.000136,0.494768,0.704955,0.002839,0.550377,0.568234,0.014556,0.485086,0.612520,0.015680,0.489865,0.668979,0.012607,0.510060,0.692253,0.010647,0.559287,0.576529,0.039947,0.512686,0.604061,0.037394,0.512929,0.644818,0.033030,0.528842,0.671596,0.031142
1088,1695021713.567143,0,,,0.0000,0.0000,0.0000,0.0000,42.2372,4468.2213,1.8506,105.8279,47.3818,215.6003,207.1777,190.8064,166.3985,0.000000,0.613215,0.793510,-0.000000,0.547256,0.825668,-0.038073,0.479811,0.785297,-0.044232,0.437867,0.725396,-0.038235,0.445744,0.688505,-0.029231,0.512709,0.609359,-0.038972,0.433892,0.616210,-0.029962,0.397451,0.631910,-0.022396,0.375469,0.629514,-0.019994,0.537752,0.571198,-0.013734,0.463819,0.616381,-0.010045,0.470440,0.679246,-0.004877,0.493386,0.701253,-0.001818,0.552084,0.566652,0.011517,0.486275,0.605897,0.009887,0.489036,0.662312,0.008621,0.508358,0.687087,0.008339,0.560956,0.574998,0.034852,0.513647,0.600990,0.029942,0.512339,0.641728,0.026071,0.527362,0.668914,0.024922
1089,1695021713.575477,0,,,0.0000,0.0000,0.0000,0.0000,22.9972,4473.8733,1.8349,118.5085,40.7420,210.2991,203.3537,188.7004,167.1395,0.000000,0.613193,0.795264,-0.000000,0.547249,0.826367,-0.038326,0.479141,0.783482,-0.045562,0.436859,0.720446,-0.040961,0.442412,0.681980,-0.033266,0.513283,0.608185,-0.040285,0.432447,0.607954,-0.033122,0.394044,0.621351,-0.026602,0.369988,0.618474,-0.024798,0.538339,0.568779,-0.015559,0.463325,0.611072,-0.014135,0.470663,0.671950,-0.009254,0.493674,0.693837,-0.006023,0.552339,0.563975,0.009122,0.485608,0.602379,0.005516,0.489220,0.657346,0.004969,0.508541,0.682136,0.005629,0.560166,0.573404,0.031826,0.512154,0.598461,0.025265,0.511094,0.638720,0.021564,0.525546,0.666185,0.020937
1090,1695021713.583810,0,,,0.0000,0.0000,0.0000,0.0000,40.8891,4694.9406,2.1471,121.7485,34.1169,203.9677,198.3038,185.0196,164.9834,0.000000,0.613194,0.793842,-0.000000,0.547765,0.823279,-0.040173,0.479502,0.783611,-0.048495,0.436941,0.722899,-0.044551,0.443443,0.681461,-0.037562,0.513763,0.607687,-0.042672,0.432074,0.604504,-0.037991,0.392981,0.615514,-0.033483,0.367311,0.609677,-0.032931,0.537501,0.566784,-0.017770,0.462434,0.609838,-0.017867,0.471730,0.671509,-0.013169,0.496355,0.690740,-0.009791,0.550442,0.560910,0.006660,0.482872,0.600352,0.001430,0.489025,0.656722,0.001036,0.509684,0.677324,0.002208,0.557828,0.569923,0.028933,0.509707,0.592506,0.021411,0.511533,0.632564,0.018149,0.528530,0.657722,0.018055
1091,1695021713.592143,0,,,0.0000,0.0000,0.0000,0.0000,67.7933,4306.8377,2.0830,120.2052,29.4357,198.9740,193.1961,180.5175,162.2450,0.000000,0.611549,0.795872,-0.000000,0.545581,0.823352,-0.039517,0.476570,0.781656,-0.045363,0.433520,0.718705,-0.038170,0.443298,0.675558,-0.027588,0.512925,0.607673,-0.041348,0.430466,0.599862,-0.031366,0.392650,0.609420,-0.022473,0.367831,0.603573,-0.019041,0.537732,0.568229,-0.014457,0.463554,0.608736,-0.009873,0.471248,0.670167,-0.003838,0.494358,0.692238,0.000053,0.550905,0.562261,0.012493,0.484376,0.600574,0.012033,0.488991,0.655889,0.010402,0.508592,0.678465,0.009896,0.558546,0.568258,0.037515,0.511090,0.590810,0.034355,0.511029,0.629720,0.030775,0.527005,0.655953,0.029750
1092,1695021713.600477,0,-15.4014,-15.4014,-1.2685,0.0000,7.0141,381.6215,4.3714,4918.0893,1.9247,119.9236,28.1859,191.2554,185.8541,173.1237,154.4172,0.000000,0.612700,0.794721,-0.000000,0.545489,0.823299,-0.038463,0.476829,0.780540,-0.043156,0.435082,0.715760,-0.035010,0.444730,0.671439,-0.023628,0.512551,0.605205,-0.038640,0.431619,0.595639,-0.029504,0.393693,0.602306,-0.022530,0.368158,0.592311,-0.020486,0.538548,0.566052,-0.012373,0.463504,0.605483,-0.007694,0.471288,0.668888,-0.001912,0.495261,0.691431,0.001833,0.552389,0.560382,0.013690,0.485159,0.598450,0.012955,0.489454,0.655369,0.011156,0.509605,0.677745,0.010742,0.560596,0.566936,0.037840,0.512244,0.589731,0.034599,0.512113,0.629324,0.031190,0.528906,0.655533,0.030393
1093,1695021713.608810,0,-23.0743,-23.0743,-5.6006,-4.3321,9.5578,403.2002,24.6134,5981.8086,2.4269,133.8434,29.1788,177.3050,172.1767,160.5982,144.2622,0.000000,0.611110,0.789425,-0.000000,0.545634,0.821532,-0.036222,0.474441,0.779889,-0.040784,0.432981,0.712117,-0.033495,0.445657,0.671270,-0.023408,0.512239,0.609155,-0.039535,0.433146,0.593012,-0.034224,0.395485,0.590848,-0.029829,0.367884,0.575451,-0.029737,0.538353,0.564285,-0.016201,0.463574,0.606473,-0.013715,0.470673,0.671396,-0.006893,0.493524,0.693416,-0.002391,0.552286,0.554655,0.006609,0.485822,0.596190,0.004098,0.489343,0.654235,0.004915,0.508495,0.674911,0.006444,0.561368,0.559268,0.027326,0.512639,0.584194,0.022987,0.511554,0.623448,0.020943,0.527151,0.648910,0.021132
1094,1695021713.617143,0,-22.3574,-22.3574,-6.3011,-0.7005,9.3921,378.2375,11.2014,7040.3356,3.1736,135.6451,31.2904,172.8000,168.1217,156.8382,141.1097,0.000000,0.610359,0.791645,-0.000000,0.544131,0.820266,-0.036028,0.472446,0.776204,-0.040883,0.431375,0.706324,-0.034212,0.445138,0.665157,-0.025051,0.512337,0.605299,-0.039302,0.433592,0.586743,-0.033564,0.395993,0.584081,-0.028978,0.368695,0.568980,-0.028940,0.539853,0.562297,-0.016245,0.466492,0.605934,-0.013724,0.473106,0.670188,-0.007165,0.495585,0.693150,-0.003036,0.555248,0.555268,0.006389,0.489849,0.597686,0.004204,0.493017,0.655537,0.005176,0.511817,0.677543,0.006554,0.565562,0.562110,0.026907,0.517606,0.587946,0.022806,0.515960,0.627753,0.020929,0.531101,0.653843,0.021116
1095,1695021713.625477,0,-31.9636,-31.9636,-4.9309,1.3701,6.8473,410.8780,36.3597,7524.8868,2.6529,141.6242,33.5290,165.3993,162.1321,153.0084,140.6767,0.000038,0.611305,0.789074,-0.000000,0.543513,0.820117,-0.037819,0.473661,0.777740,-0.044598,0.433881,0.707632,-0.039237,0.444992,0.661675,-0.030927,0.513776,0.606507,-0.043548,0.432895,0.580970,-0.040350,0.394425,0.576030,-0.037316,0.367371,0.557580,-0.038019,0.540475,0.562620,-0.019570,0.463128,0.598483,-0.018132,0.471051,0.663545,-0.010782,0.495372,0.684014,-0.006189,0.554406,0.552964,0.003759,0.485690,0.588949,0.001065,0.489499,0.647344,0.003329,0.510131,0.668882,0.005397,0.563169,0.558247,0.024754,0.513657,0.579662,0.019757,0.513366,0.620101,0.018052,0.530048,0.646302,0.018467
1096,1695021713.633810,0,33.9445,33.9445,12.3365,17.2674,23.4549,1674.3349,11.6830,8095.4972,2.1493,142.7114,35.8028,157.9923,156.3376,148.7527,137.7753,0.000693,0.610357,0.792873,-0.000000,0.542681,0.820311,-0.035900,0.475454,0.775314,-0.042394,0.436694,0.704406,-0.037338,0.443074,0.657337,-0.029794,0.511775,0.604501,-0.041831,0.434104,0.576238,-0.039401,0.393875,0.567983,-0.037957,0.365004,0.549891,-0.039750,0.541504,0.561803,-0.019114,0.468969,0.596901,-0.016949,0.473462,0.662344,-0.010207,0.494653,0.689139,-0.006553,0.558232,0.555055,0.002955,0.492470,0.587462,0.000381,0.493956,0.645366,0.002260,0.512088,0.673148,0.003837,0.569059,0.563179,0.022980,0.519982,0.581777,0.018263,0.517428,0.622482,0.017187,0.531739,0.653008,0.017968
1097,1695021713.642143,0,-32.3783,-32.3783,-2.3260,-14.6625,24.9180,1278.9080,9.6303,7346.8133,1.9682,143.0231,42.4712,150.9820,150.1123,143.5424,135.0872,0.002036,0.610297,0.789509,-0.000000,0.541665,0.820195,-0.037584,0.473408,0.774612,-0.043448,0.435369,0.702052,-0.036881,0.445373,0.654911,-0.027398,0.512125,0.603713,-0.043310,0.433374,0.568021,-0.040092,0.393379,0.558275,-0.037546,0.364927,0.539161,-0.038478,0.541860,0.560973,-0.018993,0.466593,0.594935,-0.015166,0.471094,0.659977,-0.007021,0.493031,0.682870,-0.002543,0.557950,0.553408,0.004456,0.490882,0.587132,0.003369,0.492413,0.646095,0.005386,0.511019,0.669266,0.006830,0.568685,0.559849,0.025665,0.519544,0.580146,0.022159,0.517525,0.621311,0.020998,0.532424,0.650007,0.021537
1098,1695021713.650477,0,27.5923,27.5923,12.4874,14.8134,29.5189,1503.4636,15.0557,6401.9658,2.6157,149.3295,52.5627,137.2771,138.2262,133.5826,127.0745,0.004174,0.607990,0.790266,-0.000000,0.538387,0.819615,-0.036906,0.470797,0.770693,-0.042429,0.434108,0.694264,-0.035918,0.445389,0.642912,-0.026658,0.510371,0.605313,-0.042254,0.433474,0.561220,-0.038601,0.394507,0.546374,-0.035216,0.366552,0.523460,-0.035612,0.541319,0.561500,-0.018083,0.467233,0.593693,-0.014226,0.470712,0.658642,-0.005588,0.491999,0.682620,-0.000566,0.558674,0.553998,0.005230,0.492655,0.587552,0.004115,0.493124,0.646227,0.006429,0.511063,0.669785,0.008186,0.570110,0.559586,0.026377,0.521740,0.581691,0.023044,0.519051,0.623138,0.021901,0.533247,0.651057,0.022392
1099,1695021713.658810,0,-24.7511,-24.7511,1.8031,-10.6843,29.8139,1448.8948,21.3474,6246.2785,2.7784,144.6443,62.1784,131.8669,132.8967,128.3860,122.8649,0.005324,0.606408,0.786730,-0.000000,0.537885,0.816274,-0.034128,0.470416,0.767625,-0.039334,0.432744,0.690392,-0.033244,0.445380,0.642501,-0.024786,0.508754,0.606143,-0.040703,0.433519,0.554714,-0.036326,0.395071,0.537430,-0.032468,0.367636,0.514104,-0.032584,0.539456,0.560936,-0.017576,0.468487,0.587096,-0.012257,0.472830,0.646714,-0.002901,0.493834,0.670146,0.002237,0.557538,0.552288,0.005019,0.494758,0.583340,0.005845,0.496162,0.636845,0.008548,0.513927,0.659545,0.009883,0.569813,0.557037,0.025645,0.523030,0.577193,0.023836,0.520608,0.616272,0.023096,0.534573,0.644230,0.023385
1100,1695021713.667143,0,-27.8704,-27.8704,-15.4537,-17.2569,29.1245,1506.4792,19.7057,6445.6210,2.6769,148.5116,70.9150,123.2785,124.8825,121.1997,117.6229,0.007642,0.605735,0.786517,-0.000000,0.536239,0.816476,-0.035330,0.469973,0.766092,-0.041499,0.435571,0.687119,-0.036308,0.448106,0.635579,-0.028780,0.508519,0.604097,-0.041791,0.434911,0.550630,-0.038974,0.396689,0.531077,-0.036016,0.369977,0.505630,-0.036753,0.540245,0.559335,-0.019291,0.470205,0.588032,-0.015505,0.474737,0.648808,-0.006608,0.496169,0.671807,-0.001675,0.558665,0.551507,0.002291,0.496058,0.584995,0.001587,0.497723,0.639567,0.004536,0.515649,0.661528,0.006183,0.571116,0.557907,0.021672,0.524422,0.580117,0.018189,0.522751,0.619937,0.017309,0.536666,0.648089,0.017809
1101,1695021713.675477,0,-29.0794,-29.0794,0.8247,16.2784,22.5773,1645.3150,8.0581,5651.1112,2.5144,147.0841,79.7948,115.1592,118.1900,116.9225,117.8890,0.012112,0.605087,0.787168,-0.000000,0.535478,0.815363,-0.034744,0.468640,0.763178,-0.039666,0.434204,0.682422,-0.032350,0.447073,0.632877,-0.022804,0.509200,0.603706,-0.046489,0.434185,0.546088,-0.042554,0.395572,0.523583,-0.038484,0.367877,0.495692,-0.038533,0.541855,0.557202,-0.022194,0.470119,0.587228,-0.015140,0.472614,0.650678,-0.003327,0.492554,0.677886,0.002702,0.560634,0.549678,0.001644,0.497413,0.584557,0.003172,0.497626,0.639393,0.006167,0.514004,0.664625,0.007111,0.572889,0.555014,0.023699,0.525609,0.579337,0.022353,0.522585,0.618598,0.021656,0.534862,0.647309,0.021521
1102,1695021713.683810,0,21.5926,21.5926,-1.4999,-2.3247,25.4994,1437.9650,47.6057,5612.0246,2.6514,147.4537,85.9826,111.7364,115.2073,114.5921,117.2603,0.014620,0.606847,0.789619,-0.000000,0.536549,0.816342,-0.034357,0.467239,0.761488,-0.038860,0.432783,0.677476,-0.031814,0.449958,0.628425,-0.022499,0.508204,0.603891,-0.041986,0.433657,0.542308,-0.037124,0.395256,0.517400,-0.031992,0.367569,0.488450,-0.031290,0.540816,0.558351,-0.018408,0.471044,0.587088,-0.012452,0.474912,0.648971,-0.001693,0.496234,0.675653,0.004338,0.559990,0.550901,0.004533,0.498534,0.583221,0.004759,0.499484,0.637387,0.006998,0.516983,0.662268,0.008176,0.573342,0.556213,0.025657,0.527080,0.576747,0.023662,0.524653,0.615601,0.022635,0.538149,0.644211,0.022738
1103,1695021713.692143,0,27.9580,27.9580,13.1773,14.6772,25.5974,1352.1140,47.0344,5489.7335,2.8332,148.0123,90.2875,105.7050,110.6822,112.2245,117.2309,0.017494,0.606401,0.785044,-0.000000,0.535785,0.814451,-0.033337,0.466607,0.760876,-0.036646,0.432572,0.675988,-0.027843,0.449820,0.626321,-0.016802,0.506522,0.605982,-0.045122,0.433255,0.540439,-0.042052,0.394434,0.512409,-0.038447,0.365924,0.482447,-0.038526,0.538982,0.558633,-0.021352,0.469886,0.584819,-0.013553,0.472722,0.647559,-0.000791,0.493006,0.676391,0.005886,0.558254,0.549246,0.001744,0.497039,0.581530,0.003478,0.498180,0.635959,0.006442,0.515368,0.661479,0.007437,0.572466,0.552775,0.023128,0.525223,0.576111,0.022289,0.522706,0.614629,0.021766,0.535855,0.644186,0.021705
1104,1695021713.700477,0,37.9716,37.9716,16.4605,3.2832,28.7234,1334.9448,59.0132,5608.2879,2.7143,147.0988,98.1514,98.1224,102.9221,105.7774,112.0892,0.019235,0.604476,0.782422,-0.000000,0.535071,0.812551,-0.030357,0.468594,0.762030,-0.032988,0.435251,0.681986,-0.024175,0.448136,0.631870,-0.013479,0.506258,0.607750,-0.045692,0.436362,0.539915,-0.046299,0.397439,0.508454,-0.046277,0.367969,0.478579,-0.048344,0.539353,0.557915,-0.023677,0.474236,0.584265,-0.017358,0.474231,0.644771,-0.005488,0.491298,0.673497,0.000463,0.559377,0.547217,-0.002178,0.499999,0.579529,-0.001065,0.498389,0.630845,0.002587,0.512884,0.655955,0.004110,0.573162,0.550598,0.017812,0.525930,0.572021,0.016054,0.521461,0.608183,0.016211,0.533148,0.636646,0.016906
1105,1695021713.708810,0,-31.1016,-31.1016,-0.5056,-16.9660,29.5064,918.1745,58.8972,5511.1310,2.4304,148.9722,101.5571,95.7137,99.7465,103.3146,111.1490,0.020229,0.605003,0.786467,-0.000000,0.534260,0.813545,-0.029196,0.465166,0.758591,-0.031019,0.432736,0.674055,-0.021607,0.450513,0.626933,-0.010477,0.505935,0.606585,-0.043577,0.434851,0.538098,-0.042054,0.396744,0.505594,-0.039952,0.367934,0.474059,-0.040924,0.538844,0.557056,-0.022090,0.472969,0.582932,-0.014694,0.475458,0.644801,-0.001767,0.494153,0.674273,0.004940,0.558616,0.546373,-0.001056,0.498947,0.579977,0.000771,0.499929,0.632354,0.004292,0.516447,0.657864,0.005501,0.573024,0.550495,0.018567,0.525783,0.573496,0.017729,0.523266,0.610598,0.017738,0.536502,0.639846,0.017990
1106,1695021713.717143,0,-29.5517,-29.5517,-12.7861,-12.2805,29.6174,1377.7156,1.8060,5973.9380,1.6630,150.7446,105.0222,91.8412,99.2988,105.2844,115.4423,0.024287,0.603370,0.781679,-0.000000,0.533108,0.811200,-0.028651,0.466046,0.760335,-0.032069,0.433462,0.677371,-0.024770,0.448734,0.624762,-0.015693,0.502612,0.605302,-0.042673,0.430280,0.534327,-0.041318,0.391856,0.501445,-0.039286,0.363959,0.468757,-0.040239,0.535709,0.557439,-0.021909,0.472177,0.576709,-0.015062,0.474523,0.636069,-0.002980,0.493791,0.666337,0.003029,0.556951,0.547274,-0.001485,0.499465,0.572320,-0.000339,0.499830,0.624362,0.003260,0.516540,0.652373,0.004557,0.572838,0.550142,0.017642,0.526935,0.566923,0.016136,0.523436,0.604673,0.016313,0.535754,0.634901,0.016837
1107,1695021713.725477,0,37.0531,37.0531,2.2738,15.0599,31.8706,786.8158,47.4690,5587.0393,1.9178,155.2323,109.0088,90.0707,95.1593,100.1531,108.9137,0.021886,0.601080,0.782692,-0.000000,0.530622,0.810878,-0.028599,0.463331,0.757598,-0.031088,0.431896,0.674935,-0.022523,0.450407,0.625224,-0.012518,0.503665,0.606415,-0.044735,0.434322,0.534853,-0.045028,0.396327,0.499731,-0.045138,0.367859,0.466788,-0.047560,0.536547,0.557158,-0.023435,0.473276,0.585050,-0.016480,0.475011,0.646680,-0.004337,0.493308,0.676359,0.001559,0.556892,0.546401,-0.002441,0.499216,0.580244,0.000066,0.499083,0.633212,0.004008,0.515354,0.660170,0.005231,0.572313,0.549690,0.017124,0.526372,0.573179,0.016934,0.522653,0.610873,0.017544,0.535457,0.640477,0.018185
1108,1695021713.733810,0,37.6910,37.6910,-0.0701,-2.3439,33.2683,542.6213,15.7290,5409.9901,1.5336,156.9213,110.6240,87.1714,94.3234,100.9830,113.0381,0.026337,0.601274,0.784188,-0.000000,0.530686,0.812017,-0.027540,0.462774,0.757868,-0.029845,0.430980,0.673973,-0.021297,0.450249,0.626582,-0.011348,0.501022,0.607031,-0.043734,0.432921,0.534369,-0.044450,0.393796,0.496937,-0.045458,0.364590,0.462561,-0.048601,0.535371,0.556985,-0.022822,0.474102,0.582549,-0.014722,0.475293,0.643759,-0.001757,0.492974,0.674238,0.004372,0.557529,0.547107,-0.002249,0.502237,0.579009,0.001384,0.501535,0.629540,0.005975,0.517092,0.655964,0.007188,0.574848,0.551302,0.016920,0.531034,0.573743,0.018114,0.527816,0.609508,0.019625,0.540406,0.638267,0.020486
1109,1695021713.742143,0,-33.6595,-33.6595,-0.6395,-0.5693,33.7358,576.0957,46.4877,5432.8311,2.4915,158.0201,115.4355,84.8541,90.8178,97.2627,108.9793,0.025592,0.599772,0.780919,-0.000000,0.529214,0.809924,-0.023933,0.461706,0.757180,-0.024663,0.430326,0.675892,-0.015305,0.449259,0.628300,-0.004768,0.498509,0.604340,-0.039817,0.431601,0.530022,-0.040272,0.394286,0.492892,-0.041571,0.367162,0.458613,-0.044813,0.532992,0.556936,-0.020396,0.473790,0.581679,-0.011806,0.475435,0.641050,0.000572,0.493153,0.669245,0.006110,0.555697,0.548151,-0.001120,0.501411,0.579844,0.003214,0.501081,0.630620,0.007505,0.517100,0.657175,0.008287,0.573303,0.552677,0.017000,0.530089,0.577184,0.018018,0.527334,0.614210,0.019007,0.540464,0.643498,0.019572
1110,1695021713.750477,0,35.7425,35.7425,16.3236,16.9630,33.5570,1288.2665,44.6852,5461.4828,1.7947,153.3117,113.8628,86.1950,92.5886,98.8785,110.5211,0.026454,0.597263,0.779383,-0.000000,0.528053,0.808921,-0.027184,0.460755,0.756014,-0.029634,0.429749,0.671834,-0.021272,0.449079,0.623901,-0.011762,0.498748,0.607869,-0.043396,0.431635,0.531924,-0.043465,0.393547,0.494541,-0.043879,0.365198,0.460434,-0.046625,0.532320,0.557330,-0.022612,0.472287,0.580649,-0.014212,0.473398,0.640409,-0.001271,0.490526,0.669015,0.004882,0.554137,0.546792,-0.002055,0.499727,0.579462,0.001957,0.499349,0.629325,0.006404,0.515007,0.654617,0.007446,0.571477,0.549809,0.017177,0.527524,0.573916,0.017998,0.524923,0.609688,0.019171,0.538156,0.637243,0.019830
1111,1695021713.758810,0,40.6428,40.6428,0.8974,-15.4262,28.6218,571.2077,30.9309,5129.9990,1.9002,154.7338,119.7893,79.4662,90.5845,100.7343,116.1749,0.031814,0.595978,0.779383,-0.000000,0.526106,0.807607,-0.025755,0.459804,0.756219,-0.027682,0.429731,0.673034,-0.019150,0.447713,0.622411,-0.009462,0.497127,0.606796,-0.043347,0.429316,0.529614,-0.046098,0.391377,0.488982,-0.048369,0.363139,0.452259,-0.051932,0.531545,0.556923,-0.023461,0.470168,0.580097,-0.016824,0.471536,0.640242,-0.003793,0.489347,0.668476,0.002759,0.554022,0.546428,-0.003980,0.497591,0.578990,-0.002070,0.497448,0.629806,0.002729,0.514027,0.655359,0.004647,0.571842,0.549278,0.014316,0.526261,0.573139,0.012972,0.523421,0.610174,0.013992,0.537134,0.638112,0.015155
1112,1695021713.767143,0,-39.7422,-39.7422,-19.3583,-20.2557,36.6919,1399.9890,59.9594,5395.4155,1.6708,153.2539,120.3707,80.4958,90.6191,100.3667,114.8082,0.031128,0.595373,0.781377,-0.000000,0.525858,0.809245,-0.026278,0.458696,0.755302,-0.027407,0.428254,0.672350,-0.017695,0.448000,0.625816,-0.006753,0.495993,0.608577,-0.043351,0.429584,0.529169,-0.044492,0.390948,0.489052,-0.045599,0.362330,0.453146,-0.048644,0.530571,0.558038,-0.023017,0.469664,0.578582,-0.014665,0.469877,0.639111,-0.001335,0.487034,0.668728,0.004999,0.553304,0.546327,-0.003048,0.497383,0.576340,0.000769,0.496277,0.626750,0.005233,0.511987,0.652854,0.006265,0.571405,0.548661,0.015605,0.525830,0.571029,0.015903,0.522441,0.607186,0.016734,0.535603,0.635622,0.017204
1113,1695021713.775477,0,37.3369,37.3369,17.7491,37.1074,36.6351,1279.0572,35.5567,5410.9754,1.0072,154.8966,120.7015,80.9725,90.1078,99.4688,113.3911,0.029596,0.595737,0.785610,-0.000000,0.526182,0.812012,-0.026140,0.457873,0.755542,-0.027212,0.427225,0.668773,-0.016468,0.448005,0.617323,-0.004330,0.495406,0.605088,-0.046043,0.428338,0.525824,-0.045027,0.391154,0.488923,-0.045263,0.363271,0.454225,-0.047803,0.530471,0.556776,-0.023473,0.469748,0.577993,-0.010159,0.471595,0.635812,0.005051,0.488620,0.662165,0.011352,0.553280,0.548907,-0.000783,0.498160,0.579337,0.007290,0.498156,0.629789,0.011405,0.513514,0.655346,0.010939,0.571150,0.552722,0.020894,0.527575,0.573563,0.024859,0.524769,0.609437,0.025943,0.537297,0.638372,0.025639
1114,1695021713.783810,0,-38.9610,-38.9610,-18.6759,-36.4250,37.8828,1411.3519,17.8815,5371.0308,1.4242,157.7855,122.1913,80.9372,90.6694,101.0050,116.1910,0.032671,0.594044,0.783971,-0.000000,0.524649,0.811424,-0.025095,0.457311,0.757723,-0.026945,0.426344,0.673207,-0.017208,0.446777,0.623349,-0.006637,0.493729,0.608556,-0.046682,0.426024,0.529258,-0.045464,0.389025,0.488403,-0.046114,0.360837,0.449952,-0.049097,0.528090,0.558406,-0.023947,0.469137,0.576665,-0.010170,0.470991,0.635810,0.004604,0.486965,0.664400,0.010450,0.551255,0.548683,-0.000551,0.497799,0.576050,0.008921,0.497465,0.626286,0.012911,0.512356,0.653362,0.012019,0.569301,0.550947,0.022099,0.525843,0.569955,0.027873,0.523551,0.605930,0.029946,0.536712,0.634886,0.030088
1115,1695021713.792143,0,36.6045,36.6045,-1.0096,17.6663,38.0149,69.5842,18.0077,5422.1339,2.2789,154.1443,118.6735,83.0367,93.6763,103.8221,117.9889,0.031098,0.593054,0.780733,-0.000000,0.524211,0.809900,-0.026086,0.456140,0.756142,-0.027583,0.425512,0.670255,-0.018269,0.445762,0.619299,-0.007693,0.492100,0.609005,-0.042978,0.425015,0.529481,-0.043485,0.387416,0.489622,-0.044428,0.359655,0.453741,-0.047332,0.526654,0.559396,-0.022181,0.468386,0.577870,-0.013027,0.468640,0.636424,0.000033,0.484581,0.665817,0.006101,0.549756,0.549424,-0.001538,0.496206,0.577029,0.002628,0.494578,0.626393,0.006454,0.509222,0.653339,0.007179,0.568495,0.551640,0.018019,0.523839,0.573054,0.019192,0.520157,0.608438,0.020492,0.532942,0.636745,0.021309
1116,1695021713.800477,0,-45.0964,-45.0964,-1.3386,-0.3290,38.3871,185.4873,80.2407,5361.9834,2.2891,154.8202,119.5892,81.8343,95.3061,106.6956,122.0848,0.034744,0.592363,0.779880,-0.000000,0.521879,0.811315,-0.023048,0.453873,0.758026,-0.023680,0.423938,0.674092,-0.013661,0.446118,0.627669,-0.002779,0.489767,0.609706,-0.044370,0.424143,0.528668,-0.047146,0.386068,0.488066,-0.050498,0.357651,0.453032,-0.054836,0.524514,0.558950,-0.023995,0.467451,0.583578,-0.013903,0.468838,0.642615,0.000466,0.485439,0.671125,0.006782,0.548127,0.549320,-0.003545,0.495271,0.582401,0.002259,0.495573,0.632779,0.007234,0.511658,0.659194,0.007948,0.566994,0.552606,0.016047,0.524920,0.578195,0.018570,0.522731,0.614922,0.020392,0.536211,0.642541,0.021085
1117,1695021713.808810,0,24.9802,24.9802,-3.0892,-1.7506,37.0551,317.1785,68.6540,5427.4339,2.4995,150.3827,115.4473,85.0378,96.8901,106.6347,120.2694,0.032522,0.593272,0.782585,-0.000000,0.524429,0.815030,-0.023149,0.454657,0.761908,-0.023168,0.422234,0.676755,-0.013320,0.442841,0.628175,-0.002519,0.489107,0.612959,-0.038198,0.421595,0.532412,-0.035887,0.383964,0.492451,-0.034487,0.356165,0.456399,-0.036059,0.523272,0.560835,-0.018896,0.464651,0.578900,-0.008363,0.465292,0.637657,0.004826,0.481032,0.666837,0.010954,0.547139,0.548111,0.000595,0.493991,0.575278,0.006850,0.492770,0.623763,0.011119,0.507207,0.650697,0.011660,0.566610,0.549588,0.019059,0.522532,0.570478,0.022318,0.519206,0.605748,0.024265,0.531976,0.634178,0.025244
1118,1695021713.817143,0,35.0831,35.0831,18.5110,21.6002,36.6458,1774.6650,74.0474,5171.5199,2.2975,156.8372,117.0377,84.3480,98.4144,109.8966,124.6893,0.035432,0.589487,0.777680,-0.000000,0.520077,0.811889,-0.025614,0.451483,0.760562,-0.027763,0.421483,0.676027,-0.019764,0.443378,0.628268,-0.010802,0.487376,0.612251,-0.042132,0.419161,0.533050,-0.043108,0.380943,0.491667,-0.043391,0.353355,0.454129,-0.045741,0.521924,0.559918,-0.022801,0.463916,0.580770,-0.016128,0.464965,0.639580,-0.003233,0.482210,0.667611,0.003549,0.545788,0.548346,-0.003689,0.492744,0.578196,-0.001995,0.491726,0.627026,0.002106,0.507454,0.652553,0.003786,0.565453,0.550501,0.014332,0.521264,0.574081,0.013669,0.518848,0.608748,0.014986,0.533171,0.635004,0.016329
1119,1695021713.825477,0,35.5499,35.5499,-0.2637,-18.7747,31.5410,315.0217,2.0248,5064.4402,2.0155,152.5116,112.9189,90.7607,104.3313,115.1261,127.8296,0.033149,0.590887,0.783912,-0.000000,0.520807,0.813874,-0.022543,0.452049,0.762626,-0.023078,0.421182,0.678074,-0.013557,0.443296,0.627437,-0.003029,0.485605,0.611359,-0.040498,0.417841,0.534309,-0.040631,0.379271,0.495688,-0.041670,0.351184,0.460628,-0.044766,0.520181,0.560435,-0.021333,0.462766,0.582966,-0.010565,0.464672,0.639095,0.003321,0.481721,0.666796,0.009280,0.544340,0.550075,-0.002114,0.492007,0.581660,0.003932,0.492041,0.630333,0.008379,0.507524,0.657114,0.008663,0.564573,0.553041,0.016145,0.521911,0.575825,0.018573,0.518890,0.611386,0.019919,0.531660,0.640530,0.020239
1120,1695021713.833810,0,31.6916,31.6916,19.1970,19.4607,31.0001,1967.7019,23.4723,5200.9117,2.7552,151.5015,107.6114,93.8529,107.6317,118.4631,130.9701,0.032200,0.591042,0.782955,-0.000000,0.521174,0.816607,-0.023140,0.452206,0.763874,-0.023542,0.420251,0.679159,-0.013950,0.442266,0.633575,-0.003445,0.485118,0.615611,-0.039074,0.417382,0.538526,-0.038841,0.378102,0.499805,-0.039286,0.349170,0.464790,-0.041881,0.518867,0.562640,-0.019850,0.461321,0.586642,-0.009923,0.464309,0.643816,0.003828,0.481886,0.670972,0.010352,0.542557,0.550730,-0.000737,0.490551,0.582677,0.003954,0.491983,0.631250,0.007676,0.508508,0.656813,0.008128,0.562317,0.552787,0.017461,0.520159,0.576293,0.019560,0.518629,0.611372,0.020849,0.532724,0.639098,0.021396
1121,1695021713.842143,0,-26.0346,-26.0346,-12.7537,-31.9507,23.4506,2016.0784,41.5953,4509.4450,2.3045,145.2137,104.2964,97.8084,111.5335,121.0354,131.7630,0.031127,0.591175,0.787900,-0.000000,0.521660,0.817705,-0.023088,0.452434,0.765179,-0.021941,0.420456,0.681909,-0.009855,0.440708,0.630676,0.003491,0.484233,0.616950,-0.041139,0.414474,0.540062,-0.037449,0.375929,0.503709,-0.034967,0.347015,0.469456,-0.035743,0.517980,0.564829,-0.020132,0.458644,0.586491,-0.005964,0.461104,0.642098,0.009592,0.477897,0.668944,0.016367,0.541511,0.552970,0.001222,0.487596,0.584265,0.010117,0.488642,0.631711,0.013906,0.503884,0.657115,0.013221,0.560538,0.554169,0.021739,0.517112,0.575397,0.026540,0.514623,0.609601,0.027521,0.527220,0.637877,0.027091
1122,1695021713.850477,0,27.9515,27.9515,-1.7829,10.9708,23.6000,686.0771,14.5856,5142.9930,2.0936,153.2215,100.9025,97.1420,107.9920,116.2635,126.5290,0.027280,0.591776,0.787518,-0.000000,0.520669,0.818364,-0.020244,0.451085,0.768341,-0.019935,0.418662,0.688424,-0.010616,0.437917,0.640470,-0.000386,0.482887,0.614253,-0.035492,0.416008,0.543762,-0.035012,0.378358,0.507645,-0.035369,0.351348,0.473312,-0.038089,0.517434,0.563985,-0.018570,0.462000,0.594096,-0.009792,0.466554,0.651402,0.002462,0.485662,0.678443,0.007864,0.542165,0.553079,-0.001596,0.490806,0.587749,0.002816,0.493185,0.637401,0.007055,0.510162,0.663383,0.007626,0.562775,0.555968,0.014456,0.521104,0.581883,0.016373,0.520128,0.618996,0.017916,0.534221,0.647215,0.018644
1123,1695021713.858810,0,22.3500,22.3500,-3.3000,-1.5171,22.5921,905.8450,25.9133,4856.5447,1.7490,142.5826,91.5378,103.3676,115.7481,123.9145,133.5467,0.026405,0.590477,0.786611,-0.000000,0.520586,0.818808,-0.020084,0.450653,0.768058,-0.019463,0.418275,0.684331,-0.009703,0.439296,0.636689,0.000803,0.480681,0.621965,-0.035267,0.413602,0.548011,-0.032093,0.375547,0.512650,-0.030348,0.346521,0.480223,-0.031919,0.513998,0.567911,-0.017920,0.457790,0.594647,-0.006506,0.461936,0.650306,0.006899,0.479184,0.676658,0.012769,0.538132,0.554475,-0.000232,0.486523,0.589684,0.006731,0.488802,0.636778,0.010800,0.504658,0.661667,0.010671,0.558440,0.555558,0.016621,0.515821,0.581457,0.020837,0.514259,0.616377,0.022854,0.527706,0.644042,0.023355
1124,1695021713.867143,0,-20.6928,-20.6928,-13.0961,-9.7961,25.0696,2206.6806,11.9027,4531.5475,2.3686,140.6651,82.0584,109.9109,121.7963,128.6382,136.5529,0.023725,0.589353,0.784798,-0.000000,0.518749,0.818474,-0.021427,0.449377,0.767505,-0.020952,0.417465,0.684874,-0.011503,0.439181,0.639885,-0.001037,0.480833,0.620264,-0.032758,0.412674,0.551961,-0.030219,0.373661,0.517379,-0.028734,0.345280,0.484869,-0.030263,0.514360,0.567156,-0.015646,0.458232,0.593214,-0.007082,0.462911,0.647836,0.004879,0.481823,0.674342,0.010917,0.538452,0.553929,0.001341,0.487210,0.587514,0.005110,0.489901,0.634299,0.008098,0.506800,0.659338,0.008511,0.558851,0.555166,0.017333,0.517712,0.581900,0.019020,0.517251,0.615695,0.019842,0.531678,0.642408,0.020280
1125,1695021713.875477,0,-19.6413,-19.6413,1.5983,14.6944,23.3279,856.8043,32.7348,5520.6420,2.3749,148.4059,83.9589,109.0944,119.8795,126.6147,134.1475,0.022171,0.590121,0.786820,-0.000000,0.519038,0.820715,-0.018490,0.449433,0.772799,-0.017323,0.417390,0.690356,-0.007558,0.438905,0.641020,0.003045,0.476557,0.621306,-0.030962,0.410421,0.554408,-0.027239,0.373501,0.520672,-0.026223,0.346318,0.487467,-0.028463,0.511219,0.569200,-0.014441,0.458010,0.596441,-0.002682,0.463147,0.652212,0.009592,0.481945,0.679447,0.014584,0.537013,0.556850,0.002388,0.488017,0.588735,0.009771,0.490943,0.636922,0.013415,0.508226,0.664184,0.012982,0.559103,0.557893,0.018397,0.519413,0.581377,0.023054,0.518984,0.616488,0.024803,0.533692,0.644570,0.025129
1126,1695021713.883810,0,-23.5230,-23.5230,-12.8686,-14.4669,22.8533,1868.2067,21.6566,5731.1968,2.1408,147.1752,78.2993,116.8273,126.5189,131.2317,136.2161,0.020150,0.589707,0.788967,-0.000000,0.518035,0.820672,-0.019461,0.450875,0.773997,-0.018852,0.418093,0.696554,-0.009140,0.431562,0.644971,0.001556,0.476019,0.620432,-0.034057,0.408115,0.557539,-0.030491,0.371881,0.526797,-0.029007,0.345264,0.494630,-0.030713,0.510769,0.569929,-0.016701,0.454897,0.595640,-0.005470,0.459454,0.651933,0.006589,0.477639,0.679085,0.011277,0.536721,0.558269,0.001135,0.484478,0.588359,0.008152,0.486339,0.637845,0.011980,0.502573,0.665672,0.011448,0.557789,0.560012,0.018253,0.516482,0.582581,0.022543,0.514293,0.619586,0.024344,0.527095,0.648582,0.024602
1127,1695021713.892143,0,16.0570,16.0570,-1.5732,11.2954,19.9756,846.9778,49.1488,6004.6895,2.9208,145.4444,71.8122,120.8491,129.5085,133.1594,137.5286,0.017766,0.590082,0.789395,-0.000000,0.518806,0.822802,-0.017912,0.449052,0.775640,-0.015795,0.416691,0.695788,-0.005077,0.435934,0.644526,0.006584,0.474928,0.620455,-0.029278,0.408303,0.559493,-0.023510,0.372568,0.531494,-0.020993,0.346721,0.501067,-0.022496,0.509291,0.569813,-0.012822,0.455472,0.599617,0.000365,0.461470,0.654339,0.012315,0.479975,0.678663,0.016590,0.535056,0.558291,0.004082,0.485552,0.592573,0.013499,0.488847,0.640575,0.017049,0.505066,0.665842,0.015688,0.556657,0.559727,0.020087,0.517057,0.585620,0.026063,0.516976,0.620731,0.027503,0.530856,0.648013,0.027078
1128,1695021713.900477,1,-11.0440,-11.0440,2.4122,3.9854,14.5229,659.5334,28.6554,5795.6940,2.6810,143.8449,67.6194,125.5154,132.3586,134.1248,135.6884,0.014653,0.594000,0.795541,-0.000000,0.521608,0.824619,-0.014791,0.451045,0.777003,-0.011614,0.417153,0.698976,-0.000323,0.435559,0.647429,0.011908,0.474489,0.625526,-0.027326,0.410867,0.563832,-0.020204,0.375878,0.538497,-0.016363,0.349719,0.510450,-0.017030,0.507806,0.574281,-0.012471,0.455913,0.606766,0.002023,0.464496,0.664689,0.014304,0.483504,0.689223,0.018348,0.533636,0.560003,0.003210,0.484678,0.598312,0.013449,0.491247,0.649208,0.017240,0.508150,0.674122,0.015477,0.554919,0.560173,0.018349,0.515365,0.588002,0.025517,0.517086,0.625044,0.027625,0.531173,0.653463,0.027227
1129,1695021713.908810,1,16.5574,16.5574,9.0497,6.6375,17.3194,1584.9560,59.9004,5956.7108,1.8417,149.2608,62.9644,126.6673,132.0739,132.3366,132.5967,0.012380,0.589966,0.789140,-0.000000,0.519331,0.823521,-0.017676,0.449719,0.775743,-0.016690,0.417563,0.696053,-0.007792,0.437456,0.649493,0.001814,0.474705,0.624742,-0.028640,0.411820,0.568880,-0.023980,0.376824,0.541828,-0.021796,0.351772,0.512039,-0.023543,0.509486,0.571958,-0.014238,0.459376,0.603654,-0.002751,0.465272,0.657518,0.008794,0.483765,0.680166,0.013150,0.536392,0.559608,0.000431,0.489982,0.593902,0.007088,0.492806,0.640175,0.010587,0.509125,0.663753,0.009914,0.559266,0.562406,0.014213,0.521338,0.586833,0.018373,0.521496,0.620785,0.020242,0.536065,0.647068,0.020487
1130,1695021713.917143,1,-16.5775,-16.5775,1.7364,-7.3133,16.8132,518.6304,17.9936,5833.3692,0.8089,152.5085,67.2054,124.9430,129.8853,130.8739,132.8536,0.013260,0.591570,0.790920,-0.000000,0.520011,0.823750,-0.017254,0.449985,0.775449,-0.014868,0.418052,0.696426,-0.003842,0.436953,0.648672,0.008189,0.473736,0.627633,-0.029320,0.410805,0.568114,-0.023807,0.376478,0.540441,-0.021320,0.351556,0.509767,-0.022856,0.508542,0.575974,-0.013560,0.456146,0.607251,0.000611,0.463082,0.662519,0.013823,0.481382,0.683452,0.018648,0.534926,0.563345,0.002460,0.485557,0.598010,0.012033,0.488962,0.645960,0.016029,0.505352,0.668226,0.014712,0.557082,0.565618,0.017665,0.517243,0.590220,0.023625,0.516330,0.625670,0.025274,0.529939,0.652546,0.024771
1131,1695021713.925477,1,-15.4336,-15.4336,-7.8727,-9.6091,15.1338,1213.9904,13.1026,6257.6391,2.1873,150.5201,66.2072,126.1149,130.5237,131.5368,132.5907,0.011619,0.591523,0.789050,-0.000000,0.519229,0.821827,-0.015589,0.450938,0.775121,-0.012629,0.419974,0.698704,-0.001224,0.435926,0.648252,0.011085,0.473822,0.624666,-0.028686,0.410882,0.567540,-0.022776,0.375840,0.541943,-0.020263,0.350248,0.512622,-0.021651,0.508544,0.574548,-0.013575,0.459142,0.608994,0.001221,0.466137,0.666562,0.014002,0.484747,0.689491,0.018256,0.535289,0.563369,0.002113,0.487738,0.599324,0.011653,0.491996,0.649199,0.015269,0.508586,0.672227,0.013622,0.557350,0.565692,0.017304,0.518396,0.591828,0.023816,0.518871,0.627772,0.026306,0.533329,0.654865,0.026315
1132,1695021713.933810,1,-6.1273,-6.1273,1.2292,9.1018,12.1144,118.5413,81.0141,5737.0662,2.0233,152.2230,69.1094,124.1473,129.1026,129.7644,130.8307,0.012775,0.594620,0.797072,-0.000000,0.522023,0.824048,-0.012795,0.453095,0.774965,-0.007080,0.421077,0.699539,0.007419,0.437040,0.648161,0.022762,0.473584,0.628553,-0.026906,0.411867,0.565178,-0.017581,0.377823,0.539446,-0.013083,0.351666,0.510871,-0.013358,0.508313,0.577415,-0.010296,0.456822,0.605036,0.010509,0.465051,0.661966,0.025828,0.483459,0.686872,0.030487,0.535389,0.563811,0.007363,0.485857,0.597057,0.023140,0.491302,0.646890,0.026999,0.507608,0.672015,0.023726,0.557358,0.563881,0.024837,0.517051,0.587704,0.035937,0.517369,0.624277,0.038257,0.531245,0.653414,0.036840
1133,1695021713.942143,1,18.6479,18.6479,0.5226,-0.7065,15.3018,367.6472,62.4532,5556.3711,2.0752,153.8457,72.3664,122.5729,128.5680,130.0090,131.1074,0.013714,0.591205,0.789443,-0.000000,0.520833,0.821517,-0.016283,0.452556,0.774206,-0.013684,0.420962,0.696334,-0.003038,0.440659,0.647318,0.008629,0.475488,0.624987,-0.026641,0.413807,0.564076,-0.022458,0.378506,0.535808,-0.021471,0.352699,0.506848,-0.023826,0.509953,0.574163,-0.011707,0.460571,0.601617,0.001220,0.467265,0.655450,0.012749,0.485580,0.679015,0.016738,0.536849,0.561609,0.003406,0.491111,0.593210,0.012340,0.495127,0.640390,0.015916,0.511575,0.664639,0.014680,0.559669,0.563452,0.017613,0.523044,0.587524,0.023214,0.523524,0.621782,0.024656,0.537503,0.648938,0.024291
1134,1695021713.950477,1,25.8386,25.8386,10.6040,10.0814,17.6515,1034.3917,42.1235,5190.6873,2.2737,159.7940,76.6464,119.5178,123.7404,125.8585,128.8775,0.013934,0.595964,0.791532,-0.000000,0.524238,0.823566,-0.017752,0.453411,0.773105,-0.015569,0.422284,0.692702,-0.004886,0.443163,0.647764,0.006569,0.476646,0.625327,-0.030624,0.415179,0.564196,-0.027057,0.380238,0.533406,-0.026544,0.354244,0.501640,-0.029561,0.512415,0.572518,-0.015466,0.462353,0.605572,-0.002316,0.469468,0.660429,0.010590,0.487561,0.682430,0.015243,0.539621,0.561208,-0.000206,0.493306,0.597174,0.008710,0.496591,0.642961,0.013224,0.512374,0.665318,0.012348,0.562578,0.565860,0.013998,0.524563,0.592097,0.019465,0.524791,0.625122,0.021585,0.538798,0.651125,0.021455
1135,1695021713.958810,1,18.1562,18.1562,8.3975,-2.2065,16.0201,1048.0571,82.8673,5554.3243,1.7178,154.6319,75.3101,119.9276,124.7260,126.0457,128.3342,0.014127,0.592961,0.787562,-0.000000,0.523308,0.819246,-0.017099,0.456348,0.769028,-0.013041,0.424255,0.694313,0.000336,0.441073,0.651079,0.014714,0.477429,0.622151,-0.029819,0.415510,0.563531,-0.023815,0.380161,0.533150,-0.021984,0.354437,0.501619,-0.023607,0.512497,0.570812,-0.012350,0.464473,0.599677,0.005373,0.469773,0.652986,0.019547,0.486646,0.676974,0.024630,0.540050,0.560100,0.005523,0.494938,0.590657,0.018077,0.497130,0.636319,0.021062,0.511544,0.659410,0.018765,0.562989,0.563443,0.022728,0.526677,0.586006,0.031246,0.525236,0.618933,0.032865,0.537790,0.646158,0.031992
1136,1695021713.967143,1,-13.6265,-13.6265,-1.8748,-10.2723,15.4943,469.1729,25.9267,5313.9840,2.2366,152.3765,80.0094,112.5183,116.6787,117.6739,120.0314,0.013030,0.595478,0.786614,-0.000000,0.524075,0.817033,-0.016192,0.455253,0.766616,-0.011746,0.425228,0.691075,0.001391,0.444342,0.646644,0.015258,0.478526,0.620368,-0.027866,0.419351,0.560715,-0.021628,0.385118,0.530066,-0.019589,0.360018,0.498025,-0.021590,0.514271,0.571098,-0.012332,0.466283,0.605099,0.003647,0.472638,0.661176,0.016752,0.490261,0.683133,0.021124,0.541785,0.561137,0.003558,0.496429,0.595549,0.015182,0.499770,0.642736,0.018933,0.515354,0.664033,0.016923,0.565011,0.565570,0.018580,0.528097,0.590800,0.025960,0.528396,0.624964,0.027891,0.542630,0.650842,0.027275
1137,1695021713.975477,1,-17.0837,-17.0837,-8.9329,-7.0581,17.9924,995.6515,19.8684,5288.9023,2.3717,156.8079,86.1645,109.2923,111.1244,111.7068,114.9128,0.013524,0.593812,0.782545,-0.000000,0.524408,0.814724,-0.017477,0.457481,0.764470,-0.015623,0.426797,0.687235,-0.005188,0.444489,0.641159,0.005988,0.480680,0.614720,-0.028976,0.421346,0.556162,-0.023578,0.387677,0.525259,-0.022386,0.363615,0.493048,-0.024880,0.516731,0.565608,-0.013036,0.469100,0.593633,0.002865,0.473485,0.647056,0.015586,0.490183,0.671338,0.019712,0.544896,0.557168,0.003262,0.500540,0.586391,0.014468,0.501366,0.632378,0.018150,0.515446,0.656702,0.016414,0.568273,0.563065,0.018651,0.531496,0.584389,0.025641,0.530001,0.617680,0.027608,0.542559,0.645395,0.027275
1138,1695021713.983810,1,-5.5597,-5.5597,-7.8496,1.0833,17.2846,974.6645,69.0586,5311.9331,1.8221,157.3765,92.0681,103.8012,105.0081,105.4694,109.2212,0.013577,0.596193,0.783259,-0.000000,0.523801,0.810888,-0.014153,0.457538,0.759738,-0.009192,0.428914,0.683667,0.004613,0.446026,0.632970,0.019206,0.480304,0.609297,-0.026153,0.422546,0.548162,-0.016657,0.390105,0.519671,-0.013207,0.367029,0.488630,-0.014334,0.517235,0.563981,-0.009748,0.471139,0.593158,0.012359,0.475549,0.648367,0.027062,0.491752,0.673671,0.031098,0.546199,0.558724,0.007447,0.501692,0.588794,0.023762,0.503676,0.637981,0.026923,0.517765,0.663415,0.023264,0.570013,0.565663,0.024230,0.533686,0.586023,0.035230,0.531969,0.620540,0.037455,0.544013,0.650173,0.036116
1139,1695021713.992143,1,-17.8190,-17.8190,-8.9938,-1.1442,13.3969,1278.0796,50.2047,5501.3563,1.8825,160.1235,101.0597,99.7599,99.5104,99.4675,104.1599,0.015157,0.594399,0.779547,-0.000000,0.523252,0.805926,-0.014415,0.458803,0.753547,-0.010457,0.431149,0.677958,0.002049,0.447545,0.628156,0.015033,0.481735,0.608034,-0.028840,0.425210,0.545701,-0.023612,0.392777,0.514749,-0.022994,0.369828,0.481616,-0.025726,0.518795,0.561558,-0.013529,0.474460,0.593536,0.005133,0.479390,0.651549,0.019600,0.496210,0.676183,0.024056,0.548280,0.555743,0.002269,0.505065,0.588984,0.016056,0.507482,0.639272,0.020450,0.522275,0.662980,0.018097,0.573018,0.563128,0.017447,0.538744,0.587391,0.026121,0.537718,0.622735,0.028659,0.550486,0.650548,0.028046
1140,1695021714.000477,1,12.6704,12.6704,6.5742,15.5680,11.3438,1229.6971,17.6404,5299.8723,1.9757,162.7593,107.2437,94.8481,93.1723,93.0821,98.5425,0.014795,0.596532,0.777647,-0.000000,0.525469,0.804976,-0.014671,0.460058,0.749240,-0.010408,0.433331,0.670485,0.002564,0.452524,0.622241,0.016333,0.484891,0.603094,-0.027894,0.428361,0.538068,-0.022391,0.395778,0.505938,-0.021318,0.373021,0.472422,-0.023616,0.522086,0.557771,-0.012166,0.477564,0.586635,0.006394,0.482632,0.643444,0.020821,0.499992,0.668001,0.025518,0.551183,0.552605,0.003983,0.507833,0.583706,0.017560,0.510409,0.633498,0.021518,0.525596,0.656967,0.019109,0.575633,0.559727,0.019505,0.540528,0.584125,0.028318,0.540385,0.620215,0.030611,0.553667,0.648318,0.029920
1141,1695021714.008810,1,16.7999,16.7999,8.4709,1.8967,14.5526,1144.4354,35.8743,4931.0410,1.9232,159.2106,112.4547,88.7234,84.6475,84.1433,92.5022,0.015526,0.596074,0.770739,-0.000000,0.525486,0.798456,-0.016684,0.463220,0.741335,-0.014693,0.438239,0.664232,-0.003955,0.456479,0.621926,0.007167,0.489787,0.599422,-0.031352,0.434017,0.535826,-0.027069,0.400523,0.501579,-0.026712,0.376882,0.467529,-0.029391,0.527940,0.553685,-0.015333,0.483772,0.586337,0.001079,0.486800,0.643734,0.014859,0.503372,0.669415,0.019610,0.556893,0.550542,0.001185,0.514046,0.577732,0.012490,0.514331,0.626327,0.016237,0.528373,0.650593,0.014429,0.579964,0.560721,0.017068,0.545899,0.580616,0.024361,0.543745,0.614098,0.026771,0.555395,0.640996,0.026652
1142,1695021714.017143,1,21.4190,21.4190,6.7447,-1.7262,14.8230,1280.6674,19.5786,4292.0530,2.0135,157.4059,121.4684,80.1891,76.8140,78.7063,89.9287,0.017435,0.599774,0.769579,-0.000000,0.528487,0.794912,-0.017250,0.464623,0.734108,-0.014740,0.440096,0.653051,-0.003367,0.460202,0.607070,0.009097,0.493306,0.594275,-0.031517,0.435677,0.526312,-0.030767,0.402535,0.490834,-0.031984,0.380325,0.455671,-0.035197,0.531294,0.550863,-0.016273,0.483803,0.574757,-0.004403,0.487940,0.630115,0.008608,0.506087,0.653974,0.013877,0.559335,0.545906,-0.001184,0.513682,0.569953,0.005803,0.514520,0.618641,0.010161,0.529835,0.641716,0.009965,0.582112,0.554029,0.013054,0.544801,0.572972,0.016682,0.543011,0.607715,0.018529,0.555613,0.634950,0.018804
1143,1695021714.025477,1,-22.3391,-22.3391,-1.1300,-7.8747,18.4124,1380.3673,0.1161,3654.0161,2.2255,162.3233,136.1418,70.0531,64.2641,68.0284,83.9176,0.019824,0.600694,0.772409,-0.000000,0.529921,0.794484,-0.016492,0.467249,0.729679,-0.014305,0.444788,0.644800,-0.003457,0.465958,0.596798,0.008342,0.494839,0.589975,-0.030994,0.439702,0.518016,-0.030847,0.407182,0.478547,-0.033029,0.385590,0.441762,-0.036694,0.534273,0.547257,-0.015796,0.490018,0.567995,-0.003205,0.493945,0.622442,0.010014,0.512008,0.649555,0.015459,0.563816,0.544125,-0.000742,0.521243,0.564921,0.006582,0.521465,0.613189,0.010640,0.536235,0.639227,0.010352,0.587934,0.553572,0.013635,0.552379,0.570582,0.017964,0.550436,0.605677,0.020213,0.562348,0.634469,0.020792
1144,1695021714.033810,1,15.9413,15.9413,0.8177,1.9477,15.8670,1425.6856,35.6835,3830.3329,1.6689,159.6497,144.2671,63.5305,54.0316,58.7627,78.3931,0.019654,0.599239,0.765428,-0.000000,0.528971,0.784704,-0.015365,0.469171,0.722182,-0.013554,0.448366,0.640959,-0.003360,0.471117,0.600308,0.007212,0.497216,0.583880,-0.029305,0.445404,0.511207,-0.026362,0.413011,0.469536,-0.027338,0.391298,0.432088,-0.030483,0.537314,0.543748,-0.014230,0.497533,0.570215,0.001161,0.499371,0.626548,0.014382,0.515503,0.655083,0.019281,0.567764,0.544298,0.001169,0.529123,0.564374,0.011124,0.527700,0.611921,0.014304,0.540698,0.637849,0.012775,0.592770,0.555848,0.016172,0.559928,0.569846,0.023871,0.556675,0.603309,0.027192,0.567410,0.630824,0.027869
1145,1695021714.042143,1,12.5319,12.5319,-1.0670,-1.8847,15.8605,1709.1366,8.8160,3767.4546,2.0200,159.3866,157.4206,53.3031,40.3062,48.6970,74.7381,0.021256,0.601574,0.771066,-0.000000,0.529916,0.784095,-0.012755,0.469371,0.714377,-0.007830,0.450930,0.630365,0.005838,0.474519,0.586682,0.020034,0.496257,0.578292,-0.028277,0.448231,0.496590,-0.025012,0.418153,0.455202,-0.026432,0.397001,0.418623,-0.029765,0.536365,0.538633,-0.012616,0.496278,0.559601,0.006437,0.499575,0.616518,0.021876,0.515474,0.644880,0.027548,0.567422,0.540010,0.003412,0.527086,0.563157,0.017614,0.528036,0.612286,0.021323,0.541863,0.638347,0.018897,0.593135,0.551642,0.019154,0.558775,0.571391,0.028709,0.557414,0.606679,0.031366,0.569127,0.635224,0.030944
1146,1695021714.050477,1,-33.4901,-33.4901,-13.7273,-12.6603,22.2869,1722.5748,52.0031,3575.6666,1.5190,156.8997,168.4714,50.8986,30.5608,38.9305,68.5563,0.019590,0.600869,0.766157,-0.000000,0.529520,0.778000,-0.014281,0.471487,0.706636,-0.009808,0.456153,0.622661,0.004909,0.480551,0.580112,0.020155,0.502214,0.577599,-0.036302,0.456864,0.493970,-0.037667,0.427179,0.449578,-0.043815,0.405710,0.410750,-0.050202,0.543010,0.539390,-0.018531,0.500561,0.554186,0.000240,0.500760,0.614865,0.016135,0.514272,0.645994,0.021277,0.573147,0.540754,-0.000292,0.530634,0.556167,0.015473,0.528661,0.607550,0.020580,0.541543,0.635310,0.018159,0.597693,0.552563,0.017579,0.562657,0.568000,0.027805,0.558417,0.603781,0.031017,0.568867,0.631559,0.030523
1147,1695021714.058810,1,-41.4494,-41.4494,-4.7776,8.9497,23.6771,2031.6657,13.0782,6632.7513,2.2260,168.4877,191.5926,45.9169,11.4424,34.9247,74.3850,0.023028,0.602723,0.767234,-0.000000,0.531146,0.774721,-0.014616,0.474224,0.701493,-0.010972,0.458958,0.616830,0.003704,0.483608,0.574349,0.018749,0.506254,0.573918,-0.043672,0.459053,0.483712,-0.046037,0.431953,0.432745,-0.052029,0.414287,0.387292,-0.058039,0.547836,0.538306,-0.024344,0.506771,0.548010,-0.006638,0.507172,0.608604,0.010236,0.521392,0.641967,0.016021,0.578911,0.541925,-0.003874,0.538156,0.552261,0.012250,0.536649,0.603273,0.017917,0.549954,0.634682,0.015505,0.602630,0.556230,0.016400,0.571013,0.570200,0.026757,0.566859,0.605626,0.029467,0.576766,0.634139,0.028471
1148,1695021714.067143,0,26.0481,26.0481,2.5267,7.3043,27.7342,2148.2089,44.2807,5983.0762,1.7190,161.4637,205.2288,51.4064,9.4080,31.1784,73.2917,0.021667,0.602031,0.765727,-0.000000,0.532939,0.771656,-0.012192,0.475659,0.697727,-0.008775,0.460220,0.612893,0.002535,0.486336,0.573764,0.014012,0.508930,0.575904,-0.031970,0.466829,0.475981,-0.034559,0.441469,0.418975,-0.039026,0.424791,0.372799,-0.044007,0.550821,0.537122,-0.018648,0.510754,0.548434,-0.009213,0.510144,0.606382,0.003615,0.523785,0.638056,0.009327,0.582623,0.536628,-0.004819,0.541127,0.550921,0.002999,0.539207,0.597770,0.009011,0.551818,0.627593,0.009732,0.607980,0.550179,0.008606,0.573632,0.563588,0.013807,0.569298,0.596913,0.017634,0.579069,0.624408,0.019348
1149,1695021714.075477,0,22.7669,22.7669,2.5587,0.0320,28.8325,2041.2599,19.5598,6114.6288,2.9784,155.7361,215.8027,60.8681,20.4226,27.9039,68.6977,0.017490,0.606487,0.766253,-0.000000,0.536804,0.771469,-0.012899,0.479225,0.697107,-0.008605,0.464337,0.613388,0.004658,0.488922,0.572697,0.018237,0.516173,0.570038,-0.034129,0.475016,0.469500,-0.034199,0.449988,0.410769,-0.037206,0.433460,0.364286,-0.041288,0.558067,0.533982,-0.018544,0.516466,0.549222,-0.005103,0.513607,0.607706,0.009204,0.526007,0.640404,0.014918,0.588511,0.536257,-0.002150,0.545495,0.554681,0.009432,0.542026,0.601756,0.014998,0.553374,0.632132,0.014262,0.612341,0.550893,0.013940,0.577408,0.566525,0.021874,0.571813,0.598693,0.025389,0.580014,0.626800,0.026118
1150,1695021714.083810,0,15.5962,15.5962,12.2716,9.7128,29.1807,1907.9695,46.6201,4821.6298,2.2099,148.2940,222.2517,68.7074,28.9317,29.5495,67.4712,0.014382,0.609475,0.766582,-0.000000,0.538888,0.769286,-0.010865,0.480605,0.692627,-0.005808,0.467148,0.606148,0.007146,0.495527,0.567684,0.020371,0.519948,0.567934,-0.030554,0.480913,0.461277,-0.029537,0.456704,0.403139,-0.030442,0.440153,0.357808,-0.033308,0.562127,0.532303,-0.017590,0.519648,0.546528,-0.005920,0.516895,0.605146,0.007872,0.529675,0.637514,0.013740,0.592816,0.533700,-0.003784,0.548822,0.551925,0.006370,0.545931,0.599370,0.012537,0.558144,0.630425,0.012619,0.617170,0.549031,0.009631,0.580432,0.564592,0.015987,0.575675,0.596754,0.019430,0.585234,0.625482,0.020608
1151,1695021714.092143,0,8.3131,8.3131,12.4406,0.1690,24.6236,1464.9673,25.4263,5450.1291,1.5274,142.5293,228.8834,73.7911,35.8491,35.2860,70.8198,0.012933,0.610581,0.766747,-0.000000,0.539882,0.765221,-0.012855,0.481859,0.687672,-0.009125,0.469789,0.599907,0.002885,0.500106,0.564338,0.015020,0.525056,0.561878,-0.031041,0.487095,0.455863,-0.028360,0.462466,0.398329,-0.028553,0.444726,0.353419,-0.031243,0.567410,0.529408,-0.016504,0.524635,0.541256,-0.002496,0.519770,0.598976,0.011884,0.531208,0.632666,0.017724,0.597256,0.533745,-0.001163,0.553535,0.548311,0.010621,0.548977,0.595211,0.015972,0.560009,0.627758,0.015158,0.620567,0.550525,0.013747,0.584406,0.562939,0.021399,0.578948,0.595185,0.024553,0.588146,0.625320,0.025176
1152,1695021714.100477,0,-4.7949,-4.7949,-7.7108,-20.1514,11.0390,1770.5761,11.6174,5153.2946,1.6888,149.8927,244.5383,88.4944,51.5882,48.8027,80.0805,0.010395,0.610981,0.766058,-0.000000,0.540970,0.763161,-0.010581,0.484929,0.686110,-0.004781,0.473271,0.602898,0.008866,0.500859,0.567700,0.022756,0.526519,0.557644,-0.027292,0.492347,0.450841,-0.025310,0.470637,0.390092,-0.026835,0.455104,0.343697,-0.030263,0.569497,0.527545,-0.013557,0.527760,0.541542,-0.000141,0.522561,0.600009,0.013037,0.532920,0.632920,0.018255,0.599911,0.532886,0.000976,0.556159,0.548412,0.012410,0.551160,0.595235,0.017637,0.561539,0.626863,0.017110,0.623389,0.550185,0.015200,0.586927,0.562715,0.022059,0.580684,0.594932,0.024949,0.588798,0.624781,0.025887
1153,1695021714.108810,0,4.7063,4.7063,-4.5151,3.1956,9.3994,911.8293,50.5776,5187.0399,1.8878,149.4051,246.8236,90.8675,53.3003,47.5542,78.0006,0.009233,0.613848,0.765746,-0.000000,0.542882,0.762130,-0.009679,0.487060,0.682501,-0.003400,0.475601,0.595596,0.011640,0.503987,0.558218,0.026793,0.529343,0.556088,-0.029926,0.494871,0.448883,-0.024657,0.473849,0.391382,-0.023781,0.458608,0.346189,-0.025723,0.571743,0.526397,-0.014135,0.530822,0.537775,0.005328,0.525820,0.596035,0.021536,0.535553,0.630649,0.027498,0.601922,0.532055,0.002975,0.559084,0.546492,0.020550,0.555088,0.594733,0.025267,0.565325,0.627336,0.022565,0.625138,0.548512,0.020086,0.589749,0.563210,0.032265,0.584291,0.595866,0.035028,0.592087,0.626281,0.034427
1154,1695021714.117143,0,11.6473,11.6473,-0.9872,3.5279,6.9506,1229.9527,23.6627,6034.9932,1.8062,159.8349,261.0108,102.0160,68.3620,65.2982,93.0089,0.009684,0.616244,0.764395,-0.000000,0.545596,0.762748,-0.013502,0.488123,0.681539,-0.010027,0.475225,0.594347,0.001548,0.504520,0.561724,0.013216,0.532692,0.554016,-0.032091,0.498796,0.443025,-0.031136,0.479406,0.379664,-0.032239,0.466109,0.330356,-0.035222,0.575433,0.523603,-0.017841,0.531643,0.540831,-0.007227,0.526043,0.599893,0.005723,0.537824,0.633282,0.011495,0.604709,0.530017,-0.002868,0.559767,0.552035,0.006461,0.555290,0.598980,0.011289,0.566979,0.629932,0.011058,0.627504,0.548921,0.011525,0.590357,0.567230,0.017652,0.585120,0.600831,0.020218,0.594017,0.630879,0.021175
1155,1695021714.125477,0,0.5036,0.5036,-1.9524,-0.9652,5.7815,1020.7713,80.3822,6099.3521,1.8836,158.2315,263.4892,105.5048,71.0330,67.8398,95.7725,0.008753,0.619874,0.766379,-0.000000,0.547712,0.760630,-0.011557,0.490466,0.678514,-0.006752,0.477625,0.592150,0.006515,0.505112,0.561207,0.020170,0.534991,0.553001,-0.032502,0.501654,0.438200,-0.029109,0.482193,0.378129,-0.027461,0.468285,0.330656,-0.028505,0.577347,0.524450,-0.017443,0.532186,0.534010,-0.003499,0.527185,0.592888,0.011769,0.538750,0.627679,0.018525,0.606530,0.529846,-0.001208,0.560067,0.546288,0.011429,0.556475,0.594303,0.016672,0.567730,0.626817,0.015819,0.629067,0.546080,0.014723,0.590860,0.557437,0.023263,0.585318,0.590191,0.025635,0.593255,0.621710,0.025791
1156,1695021714.133810,0,-8.3827,-8.3827,-0.8970,1.0554,7.0515,821.2552,22.3478,5916.3426,1.7221,160.5370,267.0886,103.0768,70.5420,70.5553,100.1639,0.011153,0.620319,0.761997,-0.000000,0.547903,0.759532,-0.017074,0.490735,0.674687,-0.014622,0.479147,0.583508,-0.003302,0.509648,0.549693,0.008865,0.538102,0.548733,-0.033452,0.502742,0.430699,-0.031677,0.481626,0.369422,-0.031142,0.466875,0.320252,-0.032903,0.580933,0.521069,-0.017451,0.533143,0.529931,-0.007095,0.528895,0.589007,0.006164,0.541695,0.622050,0.012513,0.608755,0.527728,-0.001059,0.560991,0.543926,0.007597,0.557990,0.594084,0.012827,0.569354,0.625538,0.013253,0.630181,0.545429,0.014360,0.590874,0.559624,0.020140,0.586585,0.594438,0.022798,0.595194,0.624871,0.023971
1157,1695021714.142143,0,-0.4606,-0.4606,-1.2917,-0.3948,6.5681,2191.0315,85.1136,6061.5557,1.0074,158.6551,268.2939,103.4780,71.2492,71.7606,101.7422,0.011294,0.620107,0.759482,-0.000000,0.549202,0.756653,-0.016312,0.492081,0.674883,-0.013387,0.478332,0.585187,-0.001498,0.506187,0.552072,0.011243,0.539979,0.546309,-0.033074,0.502478,0.429477,-0.029287,0.481752,0.369185,-0.026950,0.467325,0.319859,-0.027532,0.581973,0.519039,-0.016315,0.533681,0.528128,-0.004029,0.529117,0.586465,0.010048,0.541646,0.619587,0.016685,0.609435,0.525722,0.001177,0.561876,0.542138,0.011253,0.558248,0.591146,0.015879,0.569045,0.622582,0.015681,0.630328,0.542796,0.017967,0.591480,0.555801,0.024788,0.586388,0.590021,0.027022,0.594409,0.620874,0.027743
1158,1695021714.150477,0,-18.1631,-18.1631,-7.4526,-6.1609,9.9213,2124.7683,62.5748,5814.9452,1.5189,160.2986,271.9381,99.4747,70.3489,75.8452,107.9756,0.014396,0.621843,0.759393,-0.000000,0.550706,0.758454,-0.018523,0.493800,0.674570,-0.017324,0.480321,0.582031,-0.006159,0.509787,0.546695,0.005735,0.540310,0.548320,-0.040805,0.501307,0.427835,-0.041543,0.479320,0.363187,-0.043244,0.463930,0.310415,-0.046442,0.582720,0.517996,-0.022479,0.533548,0.522859,-0.010998,0.529783,0.583103,0.003986,0.542227,0.616708,0.010694,0.610125,0.522505,-0.003583,0.561260,0.537504,0.006402,0.558166,0.587843,0.012566,0.569433,0.620254,0.012939,0.630942,0.537342,0.014439,0.591024,0.549873,0.021350,0.586167,0.585202,0.024419,0.594207,0.616051,0.025342
1159,1695021714.158810,0,17.8230,17.8230,4.3298,11.7824,11.8594,431.1089,28.4929,5161.9016,1.3403,158.5988,267.4737,95.6870,65.2912,70.3061,103.3190,0.014865,0.624820,0.763030,-0.000000,0.552069,0.757846,-0.019209,0.494481,0.672158,-0.016003,0.482534,0.582051,-0.001240,0.511427,0.548083,0.014409,0.542442,0.542209,-0.042601,0.501430,0.427511,-0.039835,0.477908,0.367051,-0.040218,0.461672,0.315487,-0.042729,0.584537,0.516286,-0.020911,0.533370,0.521591,-0.002399,0.528419,0.584138,0.014849,0.540633,0.620044,0.021609,0.610900,0.524905,0.001643,0.560905,0.536128,0.017340,0.556880,0.590926,0.021863,0.567609,0.625460,0.019501,0.630506,0.541099,0.023591,0.590955,0.552946,0.033857,0.585333,0.591711,0.035702,0.592684,0.625933,0.034639
1160,1695021714.167143,0,-23.6894,-23.6894,-3.8267,-8.1565,14.5815,278.8226,46.8019,5010.5976,2.1113,161.8156,269.2627,94.8094,65.5073,72.8717,106.6123,0.015326,0.624849,0.756705,-0.000000,0.553068,0.756658,-0.020339,0.494622,0.672441,-0.018999,0.480723,0.580515,-0.007379,0.510375,0.545521,0.005126,0.542938,0.543201,-0.040713,0.502223,0.426732,-0.042150,0.478628,0.363054,-0.044569,0.462811,0.311156,-0.048208,0.585526,0.512972,-0.022034,0.533446,0.521156,-0.011293,0.528742,0.582090,0.003051,0.542147,0.615809,0.009536,0.611811,0.518216,-0.003179,0.560659,0.533924,0.005156,0.556382,0.585813,0.010747,0.568065,0.618118,0.011183,0.631427,0.534413,0.014655,0.589284,0.548388,0.019581,0.584269,0.585435,0.022150,0.592753,0.617978,0.023123
1161,1695021714.175477,0,21.3915,21.3915,5.4630,9.2897,18.2463,1675.3042,44.8027,4266.2629,1.3009,161.6952,263.6799,88.5647,59.7241,68.6320,103.3293,0.017561,0.625056,0.757748,-0.000000,0.553271,0.756213,-0.019329,0.494654,0.672832,-0.018562,0.480788,0.580259,-0.008185,0.512056,0.546868,0.003052,0.543636,0.543640,-0.038676,0.499733,0.426110,-0.038890,0.474971,0.363661,-0.039816,0.458557,0.311724,-0.042562,0.585425,0.512177,-0.020946,0.535256,0.516760,-0.010291,0.531971,0.575369,0.004368,0.545720,0.608526,0.011270,0.612234,0.516993,-0.002875,0.563358,0.531167,0.005374,0.560257,0.581514,0.011344,0.572074,0.614338,0.012214,0.632961,0.533884,0.014181,0.593398,0.546153,0.019544,0.589378,0.582102,0.022500,0.598410,0.614796,0.023772
1162,1695021714.183810,0,33.3330,33.3330,12.8740,7.4110,22.7552,1521.0325,63.4132,4151.3319,2.0092,165.4120,261.7874,85.8695,56.3548,65.3296,100.7808,0.021281,0.625916,0.759401,-0.000000,0.553131,0.755770,-0.018086,0.494390,0.672622,-0.017611,0.480186,0.578300,-0.007695,0.511689,0.542473,0.003120,0.543320,0.543449,-0.039918,0.498148,0.422986,-0.042604,0.473291,0.359727,-0.045594,0.456039,0.308675,-0.049464,0.585634,0.511254,-0.022669,0.533876,0.510137,-0.012465,0.530217,0.569567,0.002294,0.543177,0.605294,0.009072,0.612433,0.514666,-0.005080,0.562099,0.526505,0.002850,0.558514,0.577883,0.009308,0.569940,0.612473,0.010480,0.632989,0.530161,0.011653,0.592319,0.538178,0.016589,0.587267,0.574917,0.019710,0.594982,0.609722,0.021077
1163,1695021714.192143,0,42.7075,42.7075,6.2211,-6.6529,22.7799,476.2609,79.1219,4680.9636,1.8123,171.4707,258.4308,81.8909,54.4863,65.9319,101.5651,0.021032,0.625413,0.753825,-0.000000,0.552218,0.755386,-0.021084,0.493936,0.670808,-0.020150,0.480759,0.575786,-0.008001,0.511293,0.539494,0.005247,0.542799,0.542615,-0.045449,0.498053,0.422463,-0.047874,0.472387,0.359593,-0.050712,0.455294,0.308226,-0.054229,0.584840,0.511436,-0.024568,0.531350,0.512259,-0.012020,0.527963,0.573483,0.004307,0.541916,0.608540,0.011577,0.610958,0.514504,-0.003397,0.558639,0.525498,0.006384,0.555983,0.579250,0.012293,0.568344,0.612976,0.012492,0.630455,0.527140,0.016952,0.587769,0.537351,0.023535,0.583254,0.576173,0.026365,0.591840,0.609288,0.027004
1164,1695021714.200477,0,38.2506,38.2506,15.4850,9.2639,24.1181,1297.2306,15.3518,5254.9868,2.1983,166.2778,251.9033,76.8580,47.9071,60.2038,96.7127,0.020446,0.626223,0.754035,-0.000000,0.553071,0.754461,-0.020333,0.495334,0.671865,-0.018705,0.480292,0.579132,-0.005709,0.508972,0.544512,0.008547,0.542874,0.540578,-0.043613,0.497309,0.426531,-0.045322,0.469892,0.365595,-0.048171,0.451343,0.314970,-0.051704,0.584788,0.511393,-0.022221,0.531297,0.513368,-0.007918,0.527190,0.575800,0.008800,0.540643,0.612052,0.016010,0.610982,0.515038,-0.000530,0.559060,0.523551,0.010441,0.555568,0.578320,0.015645,0.567962,0.611976,0.015127,0.630891,0.526962,0.020504,0.589964,0.533790,0.028143,0.584680,0.572786,0.030531,0.593307,0.606708,0.030604
1165,1695021714.208810,0,-55.6865,-55.6865,-19.2695,-34.7545,36.5427,1002.9386,51.0306,4695.3571,2.0435,168.7492,248.8403,70.3921,43.0394,59.0958,97.1961,0.026152,0.625561,0.755698,-0.000000,0.551467,0.754107,-0.016980,0.493670,0.673025,-0.013351,0.478576,0.582365,0.001865,0.506096,0.546107,0.018404,0.539788,0.537876,-0.044993,0.494676,0.423217,-0.048289,0.466275,0.362292,-0.053689,0.446310,0.312002,-0.058749,0.582255,0.509545,-0.023314,0.529292,0.516394,-0.006099,0.525040,0.581800,0.011836,0.538491,0.618300,0.018663,0.608977,0.514118,-0.000931,0.557669,0.525169,0.013455,0.553825,0.582020,0.019392,0.566361,0.616418,0.018128,0.628795,0.526622,0.021142,0.589187,0.535411,0.031561,0.583378,0.576502,0.034836,0.591504,0.611791,0.034785
1166,1695021714.217143,0,49.8086,49.8086,4.1189,23.3884,39.0623,752.0818,22.8047,5090.1551,2.3328,162.3349,243.0312,66.4382,40.4007,58.6409,97.2621,0.026885,0.624207,0.752999,-0.000000,0.550445,0.754364,-0.020251,0.492466,0.672257,-0.018871,0.478303,0.578196,-0.005727,0.506787,0.538758,0.008710,0.540287,0.541014,-0.046222,0.492034,0.425804,-0.048820,0.463006,0.366144,-0.052513,0.442991,0.316199,-0.056445,0.582562,0.510922,-0.024306,0.528055,0.512980,-0.009434,0.525596,0.575829,0.007771,0.539785,0.610587,0.014928,0.608797,0.513425,-0.001979,0.556197,0.522516,0.009659,0.553772,0.578156,0.015013,0.566467,0.611378,0.014161,0.628661,0.523922,0.019811,0.586867,0.532100,0.028523,0.582288,0.572626,0.031600,0.591072,0.606662,0.031812
1167,1695021714.225477,0,48.4358,48.4358,1.4321,-2.6868,40.4072,603.1013,32.5101,5270.1340,1.6328,161.5000,240.2141,58.9721,33.6216,55.2996,94.6877,0.028705,0.623768,0.755744,-0.000000,0.550075,0.753855,-0.017332,0.491061,0.673210,-0.015156,0.475090,0.580052,-0.002070,0.504171,0.542327,0.012070,0.538053,0.538492,-0.042867,0.489689,0.425700,-0.044564,0.459377,0.366843,-0.048207,0.437530,0.318773,-0.052314,0.579831,0.506930,-0.022053,0.527129,0.514189,-0.005475,0.523762,0.577092,0.011779,0.536780,0.615047,0.018552,0.606561,0.510441,-0.000523,0.555568,0.524402,0.012771,0.552292,0.579495,0.017853,0.564132,0.615026,0.016470,0.626746,0.522695,0.020693,0.586725,0.532702,0.030732,0.581408,0.572536,0.033791,0.589424,0.608167,0.033713
1168,1695021714.233810,0,-56.1953,-56.1953,-23.6115,-25.0435,49.8553,546.1264,73.6969,5310.2727,1.3393,156.3781,238.9592,58.5661,34.6411,57.0449,96.3929,0.029993,0.622256,0.752214,-0.000000,0.549033,0.754269,-0.019406,0.490276,0.674785,-0.017755,0.473796,0.583846,-0.005156,0.502466,0.547962,0.008530,0.536334,0.536617,-0.042182,0.488818,0.427606,-0.044738,0.458559,0.368306,-0.049662,0.438149,0.319263,-0.054783,0.578220,0.506922,-0.021046,0.526748,0.519407,-0.006406,0.523279,0.584833,0.009328,0.537581,0.622772,0.015590,0.605452,0.512380,0.000470,0.555914,0.526712,0.012634,0.551927,0.583017,0.017921,0.564558,0.617701,0.017068,0.625981,0.527223,0.021280,0.587311,0.538120,0.030278,0.581307,0.579203,0.033344,0.590068,0.614452,0.033652
1169,1695021714.242143,0,-51.1201,-51.1201,1.1416,24.7531,50.7156,322.5251,66.1430,5268.9953,2.1843,159.4830,238.8018,59.1946,36.7653,58.4367,97.1895,0.029352,0.622317,0.756589,-0.000000,0.549247,0.756122,-0.019627,0.489983,0.675429,-0.017927,0.473482,0.581421,-0.003969,0.500472,0.540383,0.011149,0.536873,0.539912,-0.048575,0.486547,0.428010,-0.050476,0.456940,0.368220,-0.055025,0.435917,0.318162,-0.059759,0.578154,0.510014,-0.025311,0.525462,0.515477,-0.007168,0.522157,0.579546,0.010684,0.535045,0.618810,0.017293,0.603932,0.514717,-0.001108,0.553458,0.525663,0.013853,0.550352,0.582802,0.018703,0.562017,0.619504,0.016547,0.622814,0.526601,0.022815,0.584093,0.536329,0.033944,0.578885,0.577149,0.036957,0.586606,0.613427,0.036444
1170,1695021714.250477,0,51.3867,51.3867,0.3945,-0.7471,50.7554,167.2585,40.0703,4789.2008,1.2849,155.2114,239.7362,55.4460,36.9373,62.6386,103.2192,0.034363,0.618653,0.751642,-0.000000,0.545861,0.753526,-0.021941,0.486089,0.673432,-0.020240,0.470438,0.581481,-0.006560,0.499185,0.541747,0.008193,0.534363,0.540636,-0.047232,0.484264,0.428058,-0.049308,0.454984,0.367464,-0.052998,0.434827,0.315665,-0.057434,0.575964,0.509847,-0.024981,0.521566,0.515860,-0.011040,0.517583,0.580173,0.005194,0.530684,0.615886,0.011849,0.602008,0.513082,-0.002290,0.549748,0.526670,0.008845,0.545895,0.582346,0.014025,0.557935,0.616080,0.013212,0.621405,0.525063,0.019600,0.579144,0.537532,0.026546,0.573509,0.578235,0.028853,0.582324,0.612840,0.028915
1171,1695021714.258810,0,38.3384,38.3384,-2.5243,-2.9189,49.0659,152.6876,35.8915,5221.6388,1.8122,155.6968,234.5760,54.2306,33.2123,58.0458,97.9042,0.032969,0.617011,0.753692,-0.000000,0.545905,0.754376,-0.020088,0.484709,0.678018,-0.018586,0.467330,0.588271,-0.006186,0.495596,0.550659,0.007186,0.533285,0.542945,-0.043209,0.483381,0.432431,-0.044454,0.453996,0.372825,-0.047318,0.432770,0.322813,-0.051526,0.574408,0.509840,-0.023234,0.521145,0.518761,-0.011175,0.516814,0.581858,0.003670,0.529210,0.616135,0.009910,0.600842,0.512421,-0.002584,0.549413,0.531236,0.007889,0.544708,0.584087,0.013464,0.556038,0.616917,0.013156,0.620569,0.526218,0.017150,0.579672,0.542453,0.023008,0.573895,0.581366,0.025078,0.582910,0.614009,0.025446
1172,1695021714.267143,0,46.3127,46.3127,25.6270,28.1513,48.7062,118.3004,67.2601,4839.9452,1.9379,151.7469,236.4133,52.0939,34.8818,62.7678,103.6088,0.037640,0.616131,0.753285,-0.000000,0.544161,0.756467,-0.022222,0.483335,0.680501,-0.021380,0.465295,0.589660,-0.009267,0.491797,0.549876,0.003914,0.533460,0.546126,-0.047964,0.480801,0.431806,-0.051286,0.451451,0.371507,-0.054394,0.430132,0.320874,-0.058513,0.574728,0.510833,-0.027583,0.518190,0.518283,-0.018895,0.513798,0.580763,-0.004298,0.526176,0.614478,0.002222,0.600251,0.511254,-0.006664,0.546260,0.532360,0.000361,0.541951,0.583898,0.006826,0.553216,0.616001,0.007834,0.618570,0.523882,0.013181,0.575564,0.542105,0.016167,0.570661,0.580544,0.018348,0.579853,0.612378,0.019306
1173,1695021714.275477,0,34.8057,34.8057,21.4814,-4.1456,37.9822,199.1361,60.9935,5346.2606,2.2442,152.1073,231.7845,48.8538,30.7546,60.1689,101.6079,0.037378,0.614551,0.752963,-0.000000,0.542665,0.756125,-0.021271,0.480949,0.679642,-0.020134,0.464887,0.588313,-0.008018,0.494745,0.551494,0.004976,0.529470,0.544449,-0.044045,0.479337,0.431987,-0.044177,0.449805,0.374130,-0.045164,0.428600,0.325751,-0.048042,0.570692,0.510634,-0.023750,0.517825,0.519356,-0.011684,0.513164,0.582291,0.003730,0.525340,0.616627,0.010541,0.597211,0.513435,-0.002881,0.546272,0.533798,0.006849,0.541712,0.586487,0.012107,0.552526,0.619161,0.011827,0.616953,0.526968,0.017057,0.575766,0.543865,0.022499,0.570332,0.582547,0.024405,0.579066,0.615263,0.024660
1174,1695021714.283810,0,36.9513,36.9513,-3.6088,-25.0903,6.2672,92.0353,50.4489,4714.4440,1.7144,150.5787,235.8895,47.2802,32.7158,62.0121,103.1673,0.037802,0.613965,0.753222,-0.000000,0.541969,0.756708,-0.020142,0.480793,0.681399,-0.019027,0.462929,0.590758,-0.007161,0.491815,0.554329,0.005606,0.527080,0.546216,-0.044097,0.476993,0.433114,-0.045781,0.447739,0.372456,-0.048428,0.427033,0.322393,-0.052318,0.568397,0.510650,-0.024446,0.516483,0.518890,-0.013056,0.512502,0.580220,0.001852,0.524789,0.614750,0.008320,0.595760,0.511955,-0.004130,0.545213,0.532463,0.005273,0.541157,0.584419,0.010831,0.552209,0.617003,0.010822,0.616485,0.524818,0.015331,0.575271,0.542627,0.020972,0.570008,0.580768,0.023500,0.578502,0.613201,0.024249
1175,1695021714.292143,0,-33.0060,-33.0060,-17.8361,-14.2273,29.1044,218.5413,19.7081,5193.6011,1.2843,148.6373,227.7986,40.6132,27.5489,60.0924,101.4831,0.038831,0.613641,0.754223,-0.000000,0.541493,0.757948,-0.022062,0.479842,0.681122,-0.020535,0.461487,0.589839,-0.007386,0.490193,0.552552,0.006911,0.527647,0.546219,-0.045772,0.475236,0.433019,-0.045756,0.444765,0.376427,-0.046469,0.423073,0.328067,-0.049164,0.568820,0.511191,-0.023990,0.512933,0.517935,-0.010871,0.509232,0.582417,0.005737,0.522225,0.617008,0.013113,0.595070,0.512474,-0.001670,0.541954,0.531640,0.008860,0.538446,0.585171,0.014784,0.550132,0.617396,0.014719,0.614536,0.524400,0.019724,0.572040,0.540684,0.025455,0.566748,0.579918,0.027313,0.575489,0.613066,0.027346
1176,1695021714.300477,0,-34.0759,-34.0759,-20.0971,-2.2610,35.9230,245.0951,14.7928,5038.2767,1.7272,148.4630,233.0051,42.6002,31.6085,64.1782,106.5215,0.040983,0.612922,0.756782,-0.000000,0.540486,0.759175,-0.020592,0.479262,0.683499,-0.018698,0.461079,0.593638,-0.005501,0.487833,0.555561,0.008655,0.527459,0.547514,-0.045523,0.475159,0.434465,-0.045660,0.445557,0.374645,-0.047191,0.424190,0.323759,-0.050603,0.569041,0.513280,-0.024762,0.514534,0.520210,-0.011536,0.509318,0.583562,0.004126,0.520782,0.618515,0.010418,0.595782,0.515195,-0.003120,0.543640,0.532520,0.007907,0.538445,0.584821,0.013856,0.548628,0.618254,0.013438,0.615327,0.528369,0.017686,0.574012,0.541774,0.023826,0.567760,0.579687,0.026198,0.575698,0.613277,0.026513
1177,1695021714.308810,0,-41.6881,-41.6881,-19.1235,0.9737,35.4720,337.0900,58.3545,4889.5705,1.0294,147.0810,231.0242,40.8660,29.6431,63.0358,105.0784,0.040847,0.612000,0.755745,-0.000000,0.540672,0.759747,-0.020257,0.479437,0.685829,-0.019291,0.460431,0.596294,-0.007874,0.487570,0.558409,0.004397,0.523755,0.548119,-0.043596,0.473984,0.436345,-0.045947,0.444703,0.375733,-0.049269,0.423543,0.325746,-0.053714,0.565856,0.512478,-0.024509,0.513335,0.522058,-0.014546,0.508488,0.584350,-0.000545,0.519787,0.618942,0.005561,0.593815,0.513823,-0.004797,0.542984,0.536131,0.003533,0.537501,0.586544,0.009467,0.547289,0.618415,0.009977,0.614761,0.527559,0.013958,0.573481,0.546021,0.018234,0.566981,0.583366,0.020748,0.574342,0.615666,0.021865
1178,1695021714.317143,0,35.2597,35.2597,-0.4229,18.7005,35.5803,394.7092,5.8642,5548.2003,1.3097,151.3071,224.2679,36.7602,25.2916,60.7235,103.2137,0.041123,0.611812,0.756016,-0.000000,0.541169,0.759857,-0.019362,0.479272,0.687066,-0.017894,0.458689,0.598565,-0.005942,0.484163,0.559961,0.006816,0.525487,0.552220,-0.044098,0.473559,0.441946,-0.045946,0.443749,0.383442,-0.048461,0.421656,0.334067,-0.052381,0.565865,0.516275,-0.024936,0.511297,0.525131,-0.015476,0.507447,0.587364,-0.001366,0.520344,0.621630,0.004773,0.593153,0.516275,-0.004906,0.540752,0.535789,0.003379,0.536626,0.587194,0.009370,0.548699,0.620432,0.009781,0.613599,0.527827,0.014252,0.572473,0.543674,0.018315,0.566427,0.582239,0.020217,0.575737,0.614755,0.020771
1179,1695021714.325477,0,38.0864,38.0864,17.7731,18.1960,35.8645,528.7430,50.9702,5222.9168,1.3639,152.3781,222.6701,32.3412,25.6679,62.4021,104.4740,0.042489,0.611257,0.754213,-0.000000,0.540867,0.758458,-0.020306,0.478481,0.688374,-0.020356,0.459005,0.600588,-0.010359,0.486390,0.561873,0.000364,0.523097,0.550993,-0.043518,0.471254,0.441115,-0.047003,0.440738,0.382424,-0.050651,0.418808,0.333504,-0.055202,0.564200,0.514850,-0.025349,0.510796,0.522241,-0.017884,0.506500,0.582782,-0.004862,0.518854,0.615761,0.001154,0.591816,0.515479,-0.006581,0.540256,0.537339,-0.000250,0.535995,0.587000,0.005786,0.547256,0.618136,0.006946,0.612537,0.528836,0.011186,0.570520,0.546784,0.013771,0.565044,0.584147,0.016283,0.573945,0.615758,0.017861
1180,1695021714.333810,0,-48.1303,-48.1303,-3.5136,-21.2867,38.4666,380.7601,80.2414,5334.5602,0.6610,152.2083,221.5834,33.0893,25.5900,62.0627,103.7081,0.041720,0.610857,0.753419,-0.000000,0.539823,0.759490,-0.019083,0.478722,0.688181,-0.017341,0.459444,0.602091,-0.004043,0.486083,0.563177,0.009838,0.522597,0.550407,-0.049533,0.471822,0.442539,-0.052566,0.441516,0.383658,-0.057371,0.419354,0.333827,-0.062753,0.563556,0.516113,-0.028342,0.510710,0.528738,-0.015010,0.506332,0.593952,0.001060,0.518163,0.629447,0.007368,0.590927,0.518328,-0.005943,0.540179,0.539695,0.006894,0.535821,0.593142,0.013332,0.547190,0.626094,0.012611,0.610754,0.531305,0.015770,0.571569,0.549704,0.023210,0.565443,0.588741,0.025512,0.573453,0.621804,0.025440
1181,1695021714.342143,0,-38.6302,-38.6302,0.7645,4.2781,39.0724,338.1542,79.8564,5376.3698,1.4971,151.7454,220.9840,35.8546,24.1626,59.2161,100.3520,0.039779,0.610610,0.756419,-0.000000,0.540529,0.761468,-0.018738,0.479115,0.690220,-0.016936,0.458164,0.603148,-0.004903,0.483108,0.564179,0.007918,0.522541,0.554092,-0.042263,0.472102,0.444491,-0.045080,0.442822,0.384857,-0.049248,0.421384,0.334751,-0.054344,0.563210,0.516557,-0.023607,0.511111,0.525129,-0.013458,0.506868,0.586282,0.000148,0.517999,0.619546,0.005781,0.590785,0.515772,-0.004214,0.540542,0.537749,0.004824,0.535688,0.587392,0.011125,0.545847,0.619183,0.011650,0.611498,0.527917,0.014245,0.571464,0.545441,0.018281,0.565235,0.582770,0.020510,0.572851,0.615349,0.021433
1182,1695021714.350477,0,-43.1720,-43.1720,-19.6079,-20.3724,39.3092,507.3036,3.5653,6033.9623,2.2596,152.3032,218.5266,31.1229,23.2282,60.2858,101.4909,0.041278,0.612065,0.756210,-0.000000,0.541686,0.762779,-0.019928,0.479495,0.693505,-0.018435,0.458066,0.606703,-0.006555,0.482607,0.567842,0.006328,0.522858,0.555224,-0.043434,0.471301,0.445704,-0.046496,0.440844,0.386392,-0.049896,0.418442,0.337044,-0.054220,0.563325,0.517850,-0.024565,0.509592,0.526811,-0.016353,0.504183,0.588542,-0.003035,0.515328,0.622606,0.003018,0.590778,0.516886,-0.005038,0.538972,0.538972,0.001836,0.533629,0.588553,0.007746,0.544024,0.620205,0.008688,0.611393,0.528246,0.013560,0.569808,0.545204,0.016271,0.563350,0.582755,0.018323,0.571516,0.614772,0.019501
1183,1695021714.358810,0,45.0226,45.0226,1.7340,21.3420,41.7415,278.9722,11.7985,6937.6234,0.9872,155.8750,217.6182,32.2978,20.6496,58.4098,100.3050,0.040771,0.609486,0.752282,-0.000000,0.538821,0.759722,-0.018459,0.476394,0.688403,-0.017628,0.457095,0.600868,-0.007024,0.483299,0.561960,0.003990,0.521519,0.554604,-0.042333,0.471392,0.446551,-0.045265,0.441572,0.388363,-0.048923,0.419305,0.340233,-0.053624,0.562034,0.516192,-0.024937,0.510245,0.530905,-0.016898,0.507148,0.592732,-0.003666,0.520036,0.624985,0.002216,0.589401,0.515668,-0.006832,0.539385,0.541180,0.000378,0.536206,0.591857,0.006209,0.548756,0.622149,0.006676,0.610137,0.527797,0.010411,0.569981,0.549651,0.013791,0.565508,0.588262,0.016090,0.575704,0.618471,0.017081
1184,1695021714.367143,0,-43.1303,-43.1303,1.2500,-0.4841,35.4430,315.8675,34.7386,7448.5650,2.0682,158.8071,215.6393,30.7819,20.1636,57.8569,99.1927,0.039863,0.609643,0.752973,-0.000000,0.539959,0.761592,-0.020610,0.478153,0.691057,-0.019404,0.458589,0.603158,-0.007181,0.483754,0.563349,0.005899,0.521882,0.554771,-0.045499,0.471457,0.449362,-0.048067,0.440902,0.391978,-0.051633,0.418274,0.343960,-0.056094,0.562531,0.515691,-0.025333,0.511778,0.528295,-0.014115,0.507457,0.590177,0.000784,0.519659,0.624281,0.007131,0.590485,0.516334,-0.004492,0.541864,0.538885,0.004142,0.537238,0.588239,0.009600,0.548693,0.619489,0.009586,0.611328,0.529062,0.015622,0.572527,0.547550,0.019911,0.567209,0.584147,0.022155,0.576494,0.614672,0.022842
1185,1695021714.375477,0,-40.1860,-40.1860,-0.3889,-1.6389,34.5650,381.9375,6.1352,7081.9081,1.6943,159.2608,211.7773,27.6658,20.9267,59.3013,100.3699,0.040907,0.609809,0.751329,-0.000000,0.539549,0.759391,-0.016851,0.477610,0.691093,-0.015287,0.457436,0.606224,-0.003291,0.480371,0.565507,0.009011,0.520832,0.551262,-0.044726,0.470133,0.451056,-0.046684,0.439093,0.394720,-0.050590,0.416433,0.346995,-0.055381,0.561091,0.514592,-0.025437,0.510851,0.532700,-0.011999,0.507069,0.596177,0.004140,0.520907,0.629538,0.010659,0.589469,0.518325,-0.004963,0.540960,0.541897,0.006670,0.536380,0.591748,0.012681,0.549568,0.623380,0.012010,0.610813,0.532745,0.015151,0.572826,0.551503,0.021618,0.566709,0.589068,0.023976,0.576518,0.620038,0.024109
1186,1695021714.383810,0,43.8871,43.8871,21.7648,22.1537,42.4491,549.2608,80.8963,7205.4739,1.2114,161.7083,211.1623,27.8779,19.8542,58.8016,99.9614,0.040542,0.608602,0.747498,-0.000000,0.538395,0.756824,-0.018423,0.476760,0.689976,-0.017594,0.457559,0.606586,-0.006021,0.480479,0.567790,0.005881,0.520184,0.549757,-0.046989,0.469910,0.450486,-0.050436,0.438810,0.395046,-0.055503,0.416226,0.346762,-0.061082,0.560457,0.514514,-0.027919,0.510633,0.532672,-0.016290,0.508047,0.597926,-0.001395,0.522701,0.629544,0.004329,0.588064,0.518162,-0.007786,0.540292,0.539000,0.002030,0.536835,0.590599,0.007980,0.550967,0.620819,0.007504,0.608983,0.532568,0.011864,0.571087,0.549290,0.017317,0.566190,0.586748,0.020226,0.577063,0.616841,0.020924
1187,1695021714.392143,0,45.1774,45.1774,0.0387,-21.7261,42.3172,211.4985,22.5898,7579.8850,1.7388,157.6613,211.0840,24.9780,22.8557,61.9753,102.8281,0.043058,0.608155,0.748447,-0.000000,0.538423,0.757368,-0.018096,0.477092,0.691262,-0.016908,0.456331,0.609698,-0.005126,0.477759,0.568623,0.007012,0.517834,0.550095,-0.045849,0.467467,0.449954,-0.048999,0.436129,0.392736,-0.053835,0.413311,0.344401,-0.059086,0.558259,0.514696,-0.026608,0.508704,0.533450,-0.014955,0.505198,0.597405,0.000076,0.518919,0.629847,0.006229,0.586602,0.518763,-0.006321,0.538773,0.542614,0.003393,0.534428,0.592659,0.009259,0.547207,0.622289,0.009046,0.607651,0.533720,0.013514,0.570325,0.551435,0.018643,0.564184,0.588893,0.021269,0.573581,0.619373,0.021971
1188,1695021714.400477,0,-38.1358,-38.1358,1.2486,1.2099,41.6816,171.6698,74.2339,6961.4327,1.7635,159.1142,210.3562,27.2859,18.6575,57.5280,99.4117,0.040690,0.607720,0.751256,-0.000000,0.537786,0.760661,-0.015804,0.476862,0.693820,-0.012962,0.455605,0.610733,0.000162,0.478411,0.570556,0.013744,0.515891,0.552624,-0.040885,0.467634,0.450199,-0.042458,0.437311,0.393282,-0.046788,0.414579,0.346466,-0.051772,0.556348,0.516286,-0.021765,0.507977,0.534545,-0.007514,0.504893,0.597241,0.007590,0.517154,0.629762,0.013359,0.585048,0.518799,-0.001525,0.537989,0.542236,0.011207,0.534306,0.592698,0.016441,0.546463,0.623188,0.015154,0.606487,0.532040,0.018367,0.569986,0.550422,0.025988,0.564496,0.588065,0.028276,0.573893,0.618733,0.028294
1189,1695021714.408810,0,41.4833,41.4833,20.4173,19.1687,40.5258,570.8950,40.6236,6428.9771,1.6685,158.2091,212.8977,27.3305,21.3537,60.0872,101.5843,0.042154,0.607631,0.751094,-0.000000,0.537520,0.760892,-0.018511,0.474972,0.692751,-0.016742,0.455271,0.606800,-0.004870,0.481776,0.567844,0.007729,0.516315,0.554240,-0.042102,0.467069,0.450242,-0.045638,0.437126,0.391022,-0.050401,0.415173,0.342436,-0.055590,0.556715,0.514803,-0.023764,0.508030,0.529697,-0.012997,0.504153,0.590035,0.001369,0.516297,0.622729,0.007541,0.585053,0.515462,-0.004870,0.538279,0.539065,0.003622,0.533325,0.587014,0.009340,0.544454,0.618029,0.009756,0.606805,0.529321,0.013232,0.569716,0.548615,0.017244,0.564116,0.584017,0.019427,0.572905,0.614540,0.020337
1190,1695021714.417143,0,35.4055,35.4055,-2.1204,-22.5377,32.0261,149.7378,18.7895,6405.5919,2.0559,159.4514,211.5632,23.5465,24.4760,63.6741,105.5516,0.045153,0.606911,0.748045,-0.000000,0.536346,0.758464,-0.016207,0.475245,0.692281,-0.013105,0.454459,0.608896,0.000250,0.476396,0.567456,0.014065,0.514443,0.550820,-0.041660,0.465478,0.446977,-0.043818,0.435207,0.389676,-0.048422,0.412033,0.342200,-0.053719,0.554799,0.513559,-0.022973,0.505062,0.530368,-0.009911,0.502552,0.591867,0.005014,0.515199,0.623052,0.010800,0.583037,0.515549,-0.003306,0.534526,0.541095,0.008173,0.531505,0.590268,0.013944,0.544107,0.619547,0.013272,0.603957,0.529030,0.015852,0.566021,0.549688,0.021573,0.561102,0.586840,0.023486,0.570748,0.616347,0.023604
1191,1695021714.425477,0,38.1028,38.1028,-1.7687,0.3517,31.4425,161.8928,32.2916,5280.1265,1.7195,160.5247,214.0452,25.5151,24.6909,63.3241,105.1548,0.044837,0.606366,0.747755,-0.000000,0.536301,0.759647,-0.020772,0.474353,0.692500,-0.018945,0.453017,0.607835,-0.006379,0.477673,0.569713,0.007050,0.515572,0.550890,-0.043766,0.466251,0.446990,-0.047322,0.435991,0.388224,-0.051826,0.413724,0.338593,-0.056916,0.555621,0.513759,-0.023862,0.503725,0.535432,-0.014737,0.500107,0.601500,-0.001187,0.513516,0.634856,0.004781,0.582978,0.515665,-0.003476,0.533519,0.543693,0.004252,0.529414,0.594100,0.009871,0.542125,0.623432,0.010393,0.603020,0.530551,0.015928,0.564291,0.551475,0.019231,0.558821,0.589495,0.021018,0.568806,0.619717,0.021852
1192,1695021714.433810,0,41.0050,41.0050,19.7852,21.5539,30.9314,621.0191,77.4379,5259.1541,1.5345,159.8164,215.8950,23.5294,27.0617,66.7349,109.5879,0.047781,0.605490,0.748972,-0.000000,0.534817,0.758958,-0.016876,0.473442,0.691001,-0.013824,0.452707,0.608601,0.000609,0.478349,0.570067,0.015640,0.511055,0.550586,-0.046118,0.463280,0.447438,-0.049974,0.433218,0.387904,-0.057069,0.411224,0.337242,-0.064040,0.551490,0.514610,-0.024933,0.503397,0.529905,-0.009196,0.501514,0.595219,0.007155,0.514390,0.628631,0.012969,0.580269,0.517381,-0.002583,0.533494,0.537596,0.012677,0.530102,0.589734,0.019516,0.542543,0.621007,0.018440,0.601616,0.531398,0.019236,0.565797,0.548172,0.028231,0.559594,0.586703,0.030793,0.568197,0.617960,0.030491
1193,1695021714.442143,0,42.7602,42.7602,0.3192,-19.4660,2.6544,80.8020,48.2318,5913.2390,1.7100,160.8866,212.0931,22.5928,25.3270,64.5370,106.5132,0.046704,0.604154,0.744353,-0.000000,0.534443,0.755932,-0.016246,0.473934,0.691652,-0.014253,0.451122,0.611837,-0.001345,0.473085,0.570530,0.011985,0.509582,0.545813,-0.045845,0.462303,0.444994,-0.049294,0.432361,0.386900,-0.055466,0.410604,0.339045,-0.061419,0.550335,0.510765,-0.025027,0.503302,0.530199,-0.009034,0.500192,0.594140,0.007778,0.512639,0.627359,0.014120,0.580032,0.515868,-0.002900,0.534757,0.540634,0.012383,0.530524,0.590388,0.019149,0.542489,0.620326,0.018176,0.601652,0.532125,0.018856,0.567358,0.551909,0.028361,0.560918,0.588348,0.031296,0.569238,0.618120,0.031324
1194,1695021714.450477,0,-39.6245,-39.6245,-18.7575,-19.0767,31.6767,805.3851,59.2759,5750.9074,1.3605,156.7647,215.6424,20.5928,28.7855,68.3257,110.3475,0.049058,0.603986,0.744554,-0.000000,0.533413,0.757059,-0.017545,0.471397,0.690938,-0.015352,0.450865,0.608654,-0.002814,0.476580,0.571427,0.010151,0.509592,0.546905,-0.042195,0.461649,0.445250,-0.045040,0.431290,0.385905,-0.050229,0.409302,0.336926,-0.055843,0.550426,0.509725,-0.023136,0.502747,0.530740,-0.010711,0.499748,0.593947,0.004170,0.513057,0.626298,0.010256,0.579240,0.513452,-0.003240,0.532978,0.539267,0.007506,0.528857,0.588262,0.013528,0.541296,0.617980,0.013479,0.600573,0.529658,0.016003,0.564327,0.548659,0.021599,0.558815,0.584926,0.023933,0.568366,0.614717,0.024535
1195,1695021714.458810,0,-31.0610,-31.0610,-17.2910,1.4665,37.3433,748.2798,68.7919,5850.6314,0.8475,157.5378,214.8081,19.7917,28.9923,67.9294,109.9535,0.049085,0.603944,0.744073,-0.000000,0.533323,0.757599,-0.017361,0.470691,0.690370,-0.014344,0.449335,0.607498,-0.001123,0.474925,0.572380,0.012586,0.506873,0.545206,-0.038843,0.460435,0.443092,-0.040590,0.430822,0.384049,-0.045393,0.409371,0.335288,-0.050836,0.547751,0.508701,-0.019634,0.500407,0.529347,-0.006443,0.497800,0.593696,0.007984,0.510938,0.625706,0.013952,0.577153,0.512766,0.000297,0.531364,0.538232,0.012356,0.527833,0.588593,0.017758,0.540579,0.617783,0.017176,0.599471,0.529068,0.019476,0.563518,0.549866,0.026068,0.558256,0.587149,0.027967,0.568095,0.616954,0.028231
1196,1695021714.467143,0,30.4036,30.4036,-2.6503,14.6406,36.3069,228.9522,11.2637,6155.9455,2.4586,158.5502,212.2330,19.2899,28.1416,67.0774,108.2797,0.047683,0.602274,0.739324,-0.000000,0.531359,0.754321,-0.016711,0.469850,0.689512,-0.012436,0.449386,0.607770,0.002373,0.472065,0.569584,0.017768,0.506432,0.542384,-0.038605,0.459552,0.443152,-0.039676,0.428727,0.385695,-0.044249,0.406706,0.338431,-0.049318,0.547264,0.508094,-0.018559,0.501902,0.531595,-0.003632,0.498455,0.595553,0.011589,0.512226,0.628310,0.017820,0.577523,0.514020,0.002290,0.533429,0.540975,0.015539,0.528648,0.589914,0.020400,0.541275,0.619079,0.019235,0.599784,0.531205,0.022600,0.565321,0.553605,0.029850,0.559289,0.591407,0.031552,0.569260,0.620838,0.031562
1197,1695021714.475477,0,29.1849,29.1849,-3.3938,-0.7435,34.4643,218.7208,31.6344,5498.9684,2.2220,155.4699,207.7207,18.5125,26.5072,65.5547,106.6638,0.046496,0.600718,0.736172,-0.000000,0.530632,0.752782,-0.017510,0.469985,0.689950,-0.014235,0.448833,0.610130,-0.000715,0.469808,0.573016,0.013356,0.505998,0.540042,-0.038753,0.458935,0.443329,-0.039112,0.427932,0.387621,-0.042561,0.405778,0.341670,-0.046828,0.546836,0.505316,-0.019216,0.503275,0.533324,-0.005434,0.498896,0.597895,0.009003,0.512053,0.630685,0.015100,0.577237,0.512670,0.001228,0.534814,0.541282,0.012913,0.529198,0.589574,0.017626,0.540660,0.618129,0.016956,0.599405,0.532070,0.021134,0.566231,0.553564,0.027819,0.559516,0.588825,0.030057,0.568309,0.617443,0.030777
1198,1695021714.483810,0,34.2429,34.2429,18.4668,21.8607,32.7916,950.1447,56.8148,5994.7845,1.1968,159.0077,210.9820,17.8571,28.6689,67.8523,109.3447,0.047957,0.601192,0.736439,-0.000000,0.529944,0.752096,-0.016489,0.469540,0.687953,-0.011536,0.449349,0.608847,0.005063,0.472013,0.570011,0.022332,0.504440,0.539709,-0.041665,0.458484,0.441535,-0.041941,0.427787,0.385339,-0.046817,0.405083,0.338395,-0.052017,0.544606,0.506387,-0.018792,0.499885,0.527131,0.001305,0.495724,0.594436,0.018816,0.507389,0.628306,0.025341,0.574907,0.512904,0.005272,0.530926,0.534121,0.024437,0.525727,0.585541,0.029868,0.537044,0.614513,0.027480,0.596476,0.529861,0.028973,0.563623,0.547543,0.041075,0.555170,0.585254,0.043107,0.562781,0.614594,0.042147
1199,1695021714.492143,0,-22.3956,-22.3956,2.1664,-16.3005,28.5973,195.5831,75.1754,5849.4387,0.7121,158.5702,210.2884,18.2073,28.8578,68.1766,109.7412,0.049207,0.599944,0.731856,-0.000000,0.529902,0.749962,-0.016273,0.468377,0.688437,-0.012378,0.448148,0.609075,0.001352,0.470505,0.571461,0.015444,0.502420,0.537832,-0.036110,0.457055,0.440313,-0.035806,0.426883,0.383744,-0.038848,0.404943,0.338488,-0.042796,0.543353,0.501224,-0.017576,0.500706,0.528262,-0.002882,0.496694,0.593039,0.012125,0.509939,0.626268,0.018726,0.574274,0.507598,0.001743,0.532219,0.536586,0.013533,0.526922,0.586289,0.017843,0.538985,0.615386,0.017045,0.597786,0.525933,0.020622,0.564488,0.547543,0.026771,0.557881,0.584168,0.028522,0.567239,0.614110,0.029046
1200,1695021714.500477,0,-23.7887,-23.7887,-13.5481,-15.7144,26.6913,948.9019,3.3299,6125.6438,1.7210,154.9421,208.8184,18.5480,25.3095,63.4629,104.3120,0.045848,0.599077,0.732424,-0.000000,0.529816,0.749724,-0.016134,0.469980,0.688032,-0.010936,0.447852,0.611514,0.004455,0.467491,0.573628,0.020524,0.502307,0.537564,-0.035481,0.457248,0.443027,-0.035282,0.427139,0.387307,-0.038840,0.406049,0.340737,-0.042880,0.542607,0.502732,-0.015325,0.499879,0.533209,0.000693,0.494439,0.598827,0.015558,0.506460,0.632173,0.021849,0.573815,0.508558,0.005676,0.532025,0.539055,0.019676,0.525037,0.587904,0.024207,0.534936,0.615331,0.023202,0.596759,0.526123,0.026189,0.564717,0.548521,0.034623,0.555820,0.585100,0.036744,0.562836,0.614239,0.037290
1201,1695021714.508810,1,28.1037,28.1037,-0.2703,13.2778,26.3452,36.7262,63.6972,6112.8987,1.2825,157.4792,208.6388,18.2386,25.8700,64.6116,105.7415,0.045890,0.601135,0.733674,-0.000000,0.529639,0.748774,-0.015492,0.469468,0.686350,-0.009798,0.448218,0.610583,0.006775,0.469285,0.573243,0.023744,0.502801,0.535340,-0.037966,0.456836,0.443026,-0.037067,0.426798,0.387892,-0.041163,0.405209,0.342305,-0.045900,0.542987,0.501868,-0.016320,0.498611,0.527256,0.003629,0.493640,0.593308,0.020143,0.505997,0.628404,0.026169,0.574166,0.509475,0.006492,0.530568,0.532873,0.024575,0.524944,0.582976,0.029124,0.537065,0.613315,0.026581,0.596861,0.528450,0.029045,0.563707,0.546607,0.039621,0.555589,0.583118,0.041105,0.564511,0.613087,0.040172
1202,1695021714.517143,1,-30.6149,-30.6149,-16.2144,-15.9441,28.0191,985.8850,60.3266,6918.3672,1.8834,162.4275,205.3876,17.4265,26.1938,64.4088,105.1704,0.045952,0.601431,0.732862,-0.000000,0.530540,0.748871,-0.016462,0.468412,0.686574,-0.011004,0.446554,0.610675,0.005018,0.468107,0.571943,0.021621,0.500398,0.536024,-0.037901,0.455852,0.445267,-0.038654,0.425854,0.389449,-0.043375,0.404555,0.343896,-0.048537,0.541141,0.499791,-0.018161,0.499465,0.532218,-0.002131,0.496736,0.598131,0.012761,0.510573,0.630389,0.018555,0.572425,0.506615,0.002414,0.531253,0.536978,0.016004,0.526395,0.585805,0.020473,0.538976,0.613100,0.019084,0.595628,0.526182,0.022497,0.563387,0.548675,0.029213,0.556982,0.584299,0.030548,0.566884,0.612601,0.030505
1203,1695021714.525477,1,-25.1294,-25.1294,-0.6835,15.5310,21.6149,403.7875,45.4065,6065.7922,2.1320,163.4460,201.0944,20.4545,25.0973,62.4818,102.4343,0.043692,0.603074,0.734744,-0.000000,0.531009,0.750555,-0.013501,0.470364,0.686431,-0.005124,0.447872,0.611596,0.014420,0.465625,0.571309,0.034406,0.500157,0.537538,-0.034905,0.455267,0.448628,-0.032268,0.425676,0.395261,-0.036070,0.404143,0.350963,-0.040703,0.540412,0.502364,-0.012663,0.496617,0.529867,0.011020,0.493055,0.595328,0.027909,0.504587,0.628562,0.033282,0.571938,0.507990,0.010924,0.528478,0.534097,0.032262,0.523221,0.584210,0.036418,0.534701,0.612449,0.032776,0.594414,0.524409,0.034445,0.561505,0.543308,0.046895,0.553628,0.580692,0.048295,0.562743,0.610191,0.046873
1204,1695021714.533810,1,-27.2408,-27.2408,-0.8630,-0.1796,22.0397,515.7457,46.3043,6674.5386,1.6238,158.8002,195.6461,21.8783,25.7422,60.7303,99.2662,0.041264,0.599801,0.731345,-0.000000,0.530051,0.749056,-0.016331,0.468939,0.687621,-0.010960,0.447837,0.610872,0.004555,0.468192,0.571652,0.020594,0.500428,0.537486,-0.035216,0.454827,0.452004,-0.035731,0.424208,0.399897,-0.040783,0.402382,0.356701,-0.046254,0.541375,0.501944,-0.016412,0.499672,0.530184,0.000565,0.495747,0.594868,0.014922,0.508442,0.626528,0.019934,0.572969,0.508628,0.002965,0.532292,0.533918,0.016828,0.526148,0.584202,0.021285,0.537930,0.611752,0.019701,0.597091,0.527276,0.021701,0.565429,0.545360,0.028654,0.558473,0.581839,0.030486,0.568491,0.612079,0.030650
1205,1695021714.542143,1,-27.8689,-27.8689,-13.9932,-13.1302,22.3955,1027.7663,16.9160,6330.0555,1.7921,162.6258,193.9885,23.6722,26.1209,60.1094,98.5183,0.040730,0.599781,0.732693,-0.000000,0.530829,0.749856,-0.014953,0.471019,0.689039,-0.009286,0.449000,0.613511,0.006438,0.467118,0.571772,0.022601,0.499993,0.537682,-0.034017,0.454497,0.453450,-0.034259,0.424206,0.401690,-0.039833,0.402636,0.358645,-0.045674,0.541333,0.501112,-0.015066,0.500115,0.528547,0.004213,0.496262,0.592188,0.019528,0.508003,0.623365,0.024647,0.573287,0.507881,0.004534,0.532709,0.533785,0.020438,0.526410,0.583645,0.025452,0.537491,0.610991,0.023688,0.597539,0.526409,0.023609,0.566419,0.545485,0.032004,0.559077,0.581893,0.034233,0.568185,0.612151,0.034299
1206,1695021714.550477,1,-18.3008,-18.3008,3.0785,17.0717,4.1526,607.9973,63.6503,4997.4607,2.0540,154.7816,190.9448,26.5735,27.1269,58.7337,96.1562,0.038431,0.604076,0.733115,-0.000000,0.533491,0.751906,-0.017847,0.469980,0.686873,-0.012633,0.449028,0.607924,0.002511,0.472775,0.570762,0.018289,0.500975,0.539286,-0.031654,0.454392,0.454456,-0.028945,0.423771,0.405049,-0.030904,0.402061,0.362913,-0.034749,0.542041,0.501556,-0.013151,0.499004,0.530482,0.004308,0.496110,0.594093,0.018917,0.509573,0.623936,0.024674,0.573154,0.507942,0.005573,0.532212,0.534833,0.018709,0.526735,0.584830,0.022252,0.538814,0.611484,0.020553,0.597228,0.527187,0.023399,0.564505,0.548553,0.029455,0.558425,0.583549,0.030177,0.568781,0.612463,0.029771
1207,1695021714.558810,1,25.2242,25.2242,12.5884,9.5099,20.2305,942.1784,69.9401,4739.6495,1.5310,158.3773,188.5074,28.8048,26.3580,57.0601,94.3933,0.037540,0.603179,0.733118,-0.000000,0.533386,0.750849,-0.016744,0.472034,0.688989,-0.011527,0.449264,0.612293,0.004076,0.469510,0.573276,0.020396,0.501868,0.538997,-0.035175,0.453901,0.456156,-0.034030,0.423916,0.407319,-0.037786,0.402618,0.364787,-0.042458,0.542666,0.501611,-0.015069,0.500445,0.529102,0.004041,0.496571,0.592638,0.019268,0.508301,0.623497,0.024606,0.574528,0.507724,0.005763,0.534077,0.531010,0.021337,0.527206,0.580592,0.025612,0.537150,0.608657,0.023666,0.598382,0.526837,0.026032,0.566838,0.544583,0.034893,0.557950,0.579540,0.036834,0.565319,0.609347,0.036682
1208,1695021714.567143,1,28.1284,28.1284,13.8423,1.2539,25.3008,959.6542,17.9455,3893.8064,2.2538,154.4360,181.0752,33.7063,30.0234,55.9490,91.5968,0.034424,0.608022,0.735984,-0.000000,0.537482,0.752528,-0.017484,0.474445,0.686995,-0.011596,0.451111,0.609212,0.004917,0.470315,0.568936,0.022279,0.504943,0.542044,-0.036022,0.454847,0.460687,-0.035309,0.423759,0.414086,-0.039382,0.401322,0.372819,-0.044647,0.545359,0.502864,-0.016531,0.498638,0.531137,0.002077,0.496861,0.594691,0.017723,0.510152,0.624156,0.023171,0.574935,0.507273,0.003315,0.530080,0.534435,0.017389,0.524820,0.584744,0.022065,0.536045,0.611877,0.020312,0.597356,0.524787,0.022435,0.561768,0.547095,0.028817,0.555456,0.582643,0.030130,0.564842,0.613308,0.029609
1209,1695021714.575477,1,6.9207,6.9207,8.6974,-5.1449,22.5707,1102.2641,60.3349,3750.6429,2.8935,154.4352,175.0114,40.3876,32.3110,53.0037,85.6303,0.030742,0.607581,0.735108,-0.000000,0.537812,0.750742,-0.016829,0.474959,0.687574,-0.010244,0.450961,0.610959,0.006543,0.470420,0.569050,0.024184,0.504063,0.537934,-0.028644,0.453208,0.460863,-0.021850,0.423277,0.420643,-0.021242,0.401986,0.383532,-0.023554,0.544834,0.501582,-0.008960,0.498493,0.525991,0.012745,0.496334,0.585599,0.027656,0.508601,0.614567,0.032779,0.575541,0.507544,0.011221,0.531394,0.533029,0.027909,0.526677,0.581774,0.030186,0.536978,0.607532,0.026769,0.598844,0.523862,0.030826,0.563320,0.544563,0.039468,0.557177,0.578074,0.039610,0.566159,0.607995,0.038014
1210,1695021714.583810,1,14.7673,14.7673,8.2670,-0.4304,16.6402,1082.8484,49.9280,3630.3650,2.6688,153.8071,170.3392,46.0680,33.9575,49.2668,80.1814,0.026979,0.611551,0.738167,-0.000000,0.542292,0.754032,-0.017201,0.479010,0.692681,-0.013474,0.452507,0.616392,-0.000333,0.469585,0.572902,0.013516,0.508436,0.541137,-0.031291,0.457471,0.466880,-0.027279,0.426121,0.426992,-0.028789,0.403106,0.390852,-0.032727,0.547909,0.501527,-0.013724,0.502183,0.533878,0.004452,0.501200,0.594671,0.018012,0.515055,0.624295,0.022333,0.577249,0.505969,0.004381,0.533329,0.534740,0.017720,0.528555,0.583287,0.021572,0.539125,0.609706,0.019632,0.599462,0.523581,0.021762,0.564054,0.544366,0.028984,0.557826,0.578850,0.031158,0.566487,0.609528,0.031219
1211,1695021714.592143,1,9.8110,9.8110,-3.8533,-12.1203,8.3634,1320.0987,17.4350,3810.1864,3.0859,155.0185,158.6395,54.7213,42.9410,51.0243,76.2738,0.022801,0.611314,0.738495,-0.000000,0.542720,0.753527,-0.014564,0.481148,0.693707,-0.008051,0.454326,0.620913,0.008634,0.470123,0.580741,0.026205,0.509022,0.543266,-0.029362,0.456514,0.473889,-0.023359,0.425121,0.437484,-0.024608,0.402080,0.402619,-0.028221,0.547807,0.505100,-0.009620,0.500339,0.531765,0.014656,0.498811,0.591522,0.030269,0.510526,0.619919,0.034708,0.576451,0.508390,0.011016,0.531672,0.532533,0.030399,0.526331,0.581113,0.033745,0.535468,0.605905,0.030007,0.597483,0.522741,0.031349,0.562199,0.540431,0.043124,0.554776,0.574573,0.044964,0.562158,0.604344,0.043674
1212,1695021714.600477,1,7.2002,7.2002,-5.2320,-1.3788,7.9005,1419.7264,0.6621,3725.5523,3.2128,155.7307,148.8970,64.5459,52.2381,53.4486,73.3943,0.019367,0.615776,0.741382,-0.000000,0.545922,0.756463,-0.015238,0.483313,0.695649,-0.008301,0.456138,0.624063,0.008902,0.470109,0.583505,0.027190,0.511684,0.542619,-0.029395,0.456307,0.481724,-0.023274,0.424108,0.450371,-0.023921,0.400822,0.417904,-0.027083,0.550679,0.505495,-0.010038,0.501324,0.532284,0.012281,0.501482,0.592612,0.027245,0.515413,0.621282,0.031844,0.578875,0.509037,0.010083,0.532477,0.533070,0.027574,0.527932,0.583024,0.030672,0.538406,0.607468,0.027253,0.599412,0.524214,0.029803,0.562775,0.542177,0.040062,0.555606,0.577319,0.041291,0.563759,0.607134,0.039769
1213,1695021714.608810,1,-2.9948,-2.9948,-2.4789,2.7532,5.7979,1625.2033,23.6371,3969.6686,3.2487,158.1659,137.3380,78.3977,64.8065,59.6416,69.9870,0.013529,0.618346,0.742678,-0.000000,0.549136,0.759722,-0.016594,0.485471,0.700420,-0.011086,0.456498,0.629016,0.004170,0.470136,0.590150,0.020426,0.513505,0.546758,-0.026936,0.454929,0.493473,-0.018596,0.422743,0.466105,-0.016861,0.400372,0.434804,-0.018638,0.551968,0.507831,-0.008105,0.501869,0.536711,0.013642,0.503690,0.595135,0.027939,0.518801,0.621485,0.032656,0.580335,0.510267,0.011387,0.533447,0.537465,0.027405,0.530277,0.586568,0.029829,0.541353,0.608871,0.026710,0.601164,0.524635,0.030394,0.563779,0.543820,0.040062,0.557927,0.578743,0.041420,0.567037,0.607627,0.040343
1214,1695021714.617143,1,5.2476,5.2476,-2.3799,0.0990,5.8490,1950.4062,2.8146,3834.0326,3.0993,157.7809,126.7379,89.1478,73.8426,63.0864,67.1528,0.009470,0.619972,0.743092,-0.000000,0.550564,0.759666,-0.015990,0.487876,0.703875,-0.010458,0.458581,0.636817,0.004805,0.470183,0.596539,0.021038,0.514497,0.549740,-0.027825,0.456370,0.501824,-0.018538,0.424414,0.478791,-0.016051,0.402108,0.450170,-0.017477,0.552360,0.510666,-0.009340,0.503119,0.542113,0.013254,0.505093,0.600977,0.027367,0.520423,0.626434,0.031457,0.580586,0.512457,0.010094,0.534542,0.540460,0.027196,0.531643,0.590514,0.029383,0.542874,0.613327,0.025493,0.601442,0.526586,0.029082,0.565657,0.546335,0.039264,0.559990,0.581187,0.040177,0.568710,0.610578,0.038483
1215,1695021714.625477,1,-1.1071,-1.1071,-2.7295,-0.3496,4.8969,2050.0638,15.3449,3616.8369,3.1178,156.6489,115.7962,102.0074,87.3262,74.4932,69.8170,0.005161,0.625282,0.749958,-0.000001,0.554336,0.763909,-0.015410,0.489626,0.708180,-0.007029,0.459927,0.641630,0.012273,0.472271,0.603919,0.032908,0.518166,0.547963,-0.026311,0.458399,0.509522,-0.013447,0.426542,0.493226,-0.010245,0.402653,0.467668,-0.011734,0.555934,0.512857,-0.005351,0.502362,0.546123,0.022657,0.505250,0.609695,0.037526,0.519838,0.635605,0.040685,0.582879,0.515817,0.016947,0.533495,0.543893,0.039348,0.532234,0.599306,0.040445,0.544425,0.623070,0.034271,0.602313,0.528886,0.038969,0.565454,0.545603,0.052926,0.560436,0.583236,0.053205,0.570219,0.614522,0.050032
1216,1695021714.633810,1,-6.7492,-6.7492,-3.4874,-0.7578,5.1888,2030.9018,32.7368,3993.4902,3.1372,153.6397,109.6557,110.4015,94.8700,79.8566,70.2766,0.003129,0.628435,0.751747,-0.000001,0.557631,0.768365,-0.018402,0.490878,0.714244,-0.013369,0.458682,0.648008,0.001925,0.473004,0.610093,0.018536,0.520048,0.551572,-0.027741,0.459539,0.519890,-0.018570,0.427464,0.505945,-0.017221,0.404129,0.480909,-0.019971,0.556563,0.514415,-0.008463,0.501253,0.551235,0.013074,0.505100,0.616161,0.025501,0.521709,0.641331,0.028086,0.582892,0.515443,0.011640,0.532445,0.545104,0.028114,0.531573,0.600280,0.030516,0.545029,0.623718,0.026640,0.602934,0.529489,0.030927,0.563827,0.548492,0.040993,0.559181,0.587246,0.042297,0.570099,0.618180,0.040822
1217,1695021714.642143,1,-9.3976,-9.3976,-1.6007,1.8866,5.0318,1914.5787,11.7906,5193.0307,2.6410,155.6960,102.6013,119.5625,103.2910,86.6773,73.0777,0.001042,0.630644,0.747960,-0.000000,0.559791,0.769855,-0.020269,0.493500,0.716956,-0.018223,0.461276,0.647337,-0.006914,0.476587,0.610486,0.005609,0.522461,0.556923,-0.027063,0.461940,0.530248,-0.019526,0.429156,0.518120,-0.018617,0.406338,0.492521,-0.021892,0.557796,0.519721,-0.010273,0.503531,0.558024,0.006093,0.508296,0.620615,0.015730,0.526889,0.643194,0.017243,0.583512,0.519318,0.006942,0.533319,0.548515,0.018458,0.534140,0.603115,0.020619,0.550005,0.625693,0.017639,0.604288,0.532307,0.022932,0.565248,0.551516,0.030137,0.562566,0.589228,0.031690,0.575519,0.618306,0.030900
1218,1695021714.650477,1,3.5409,3.5409,-0.4267,1.1740,5.6716,1719.5603,19.4552,6004.8847,2.3130,159.3279,98.7801,126.0478,109.9111,92.2630,74.8170,0.000223,0.633396,0.749991,-0.000000,0.562918,0.773033,-0.021731,0.496166,0.721878,-0.019796,0.461775,0.654778,-0.008230,0.474206,0.618000,0.004654,0.524213,0.558697,-0.027313,0.461407,0.536709,-0.018009,0.429017,0.527311,-0.015447,0.406830,0.502964,-0.017548,0.559161,0.521016,-0.009500,0.503338,0.564957,0.007715,0.508546,0.628734,0.017678,0.528299,0.651514,0.019585,0.584640,0.520601,0.008758,0.533694,0.553864,0.020475,0.534659,0.608589,0.022078,0.550915,0.631246,0.018927,0.604884,0.533917,0.025744,0.565757,0.555093,0.032541,0.563404,0.592721,0.033476,0.576833,0.622271,0.032514
1219,1695021714.658810,1,1.1216,1.1216,0.5572,0.9838,4.8411,1869.6588,29.7107,6012.5625,3.1920,156.4483,95.5573,133.9591,117.4100,98.5633,78.7356,0.000022,0.633739,0.755041,-0.000000,0.562919,0.776512,-0.020909,0.495122,0.726043,-0.017180,0.461579,0.657063,-0.003555,0.478750,0.620248,0.011740,0.523703,0.563376,-0.023860,0.460573,0.544951,-0.013008,0.429282,0.536980,-0.010043,0.407512,0.512097,-0.011838,0.557860,0.526687,-0.005193,0.501274,0.569601,0.013741,0.507729,0.633924,0.023305,0.527392,0.656016,0.024956,0.582336,0.525052,0.013992,0.530660,0.557841,0.027621,0.532793,0.614774,0.028194,0.549948,0.636640,0.024299,0.602264,0.535119,0.032002,0.562363,0.556449,0.041201,0.560491,0.595366,0.042117,0.575052,0.623697,0.040895
1220,1695021714.667143,1,4.9486,4.9486,2.9244,2.3673,5.7203,1363.2712,22.6365,6050.5047,2.6390,153.0671,89.1796,143.3968,128.0687,110.0226,89.1474,0.000000,0.633821,0.758393,-0.000000,0.565642,0.780725,-0.023871,0.497102,0.732869,-0.021241,0.460607,0.665524,-0.007821,0.477215,0.624413,0.007442,0.525018,0.567082,-0.028089,0.459187,0.549574,-0.014301,0.428551,0.545267,-0.007130,0.407320,0.524439,-0.005977,0.557623,0.527327,-0.006964,0.500421,0.573383,0.013079,0.507301,0.637457,0.024220,0.527223,0.661330,0.027073,0.580708,0.524583,0.014905,0.529232,0.564043,0.028813,0.532782,0.619371,0.028541,0.549377,0.641204,0.024068,0.598427,0.534385,0.035667,0.560293,0.560649,0.044916,0.560524,0.597941,0.044662,0.574985,0.626028,0.042520
1221,1695021714.675477,1,19.7991,19.7991,7.2992,4.3748,9.3649,1459.4192,41.1167,5017.2541,2.1205,147.9992,83.0292,153.9891,138.0829,119.2553,96.2541,0.000000,0.636899,0.760664,-0.000000,0.568071,0.783476,-0.023502,0.498507,0.735963,-0.017988,0.461342,0.672640,-0.000823,0.476330,0.634969,0.018578,0.525725,0.566220,-0.024522,0.458337,0.557730,-0.004916,0.427956,0.558557,0.006109,0.406939,0.540214,0.009565,0.558436,0.531955,-0.001380,0.498363,0.579105,0.023666,0.505980,0.643816,0.035636,0.525837,0.668146,0.038588,0.581165,0.531355,0.022940,0.527906,0.570669,0.041599,0.532023,0.627633,0.039975,0.548784,0.650283,0.033708,0.598694,0.541109,0.046319,0.559734,0.569010,0.058626,0.559739,0.608167,0.057450,0.574125,0.637315,0.054171
1222,1695021714.683810,1,30.0939,30.0939,6.6382,-0.6609,11.2052,2561.2202,44.7143,3655.3771,2.3190,149.6057,78.0378,163.5515,147.9583,129.0249,104.8997,0.000000,0.637042,0.764232,-0.000000,0.566945,0.784335,-0.020594,0.498906,0.740153,-0.012618,0.462060,0.679639,0.007166,0.475844,0.639046,0.029406,0.522925,0.570169,-0.020564,0.456304,0.564107,0.003031,0.427111,0.566883,0.015965,0.406504,0.550166,0.020692,0.556236,0.536464,0.003495,0.496904,0.582073,0.034367,0.505264,0.645230,0.047297,0.524288,0.669103,0.049782,0.579355,0.535118,0.029185,0.526428,0.574416,0.053455,0.531648,0.630484,0.050477,0.547983,0.652447,0.041964,0.596242,0.543111,0.054314,0.557940,0.567875,0.071380,0.557580,0.606199,0.070127,0.571194,0.636322,0.065715
1223,1695021714.692143,1,-20.9116,-20.9116,-5.5083,-12.1465,17.4067,2961.0414,34.6622,3690.4520,2.8873,142.7724,77.2400,175.0972,157.9863,136.9423,110.5871,0.000000,0.638364,0.765578,-0.000000,0.568186,0.788579,-0.028042,0.496799,0.741989,-0.025804,0.458758,0.677917,-0.012073,0.476676,0.638644,0.003879,0.527389,0.568583,-0.027102,0.455854,0.573561,-0.008166,0.426517,0.582671,0.004370,0.406755,0.567790,0.008829,0.559134,0.533348,-0.003562,0.492908,0.590147,0.013743,0.502807,0.655497,0.022878,0.524868,0.676588,0.026195,0.580281,0.533509,0.021104,0.522404,0.583542,0.032379,0.528178,0.639250,0.030263,0.547349,0.659652,0.026266,0.596280,0.545247,0.044603,0.553204,0.579512,0.050602,0.553882,0.618808,0.048354,0.570787,0.645753,0.046161
1224,1695021714.700477,0,11.7708,11.7708,1.7056,7.2139,17.2062,1963.1216,27.8098,3905.9896,1.8142,139.0748,68.4203,187.9442,172.4657,151.6299,124.4172,0.000000,0.636987,0.765334,-0.000000,0.568679,0.789365,-0.027866,0.500531,0.748665,-0.028988,0.460558,0.693288,-0.019566,0.470592,0.656746,-0.008488,0.526637,0.572501,-0.032277,0.452726,0.581674,-0.015994,0.420897,0.594663,-0.003532,0.401083,0.585140,0.001081,0.558788,0.535236,-0.010489,0.494775,0.588326,0.003809,0.503107,0.649820,0.013681,0.524494,0.671318,0.017332,0.581665,0.535417,0.012606,0.525196,0.583294,0.021099,0.529388,0.635421,0.021723,0.546966,0.657831,0.019458,0.598315,0.549093,0.034591,0.555859,0.581053,0.037875,0.555966,0.619150,0.036706,0.571011,0.646288,0.035299
1225,1695021714.708810,0,4.4935,4.4935,-3.8264,-5.5320,17.2293,2041.8645,24.5714,5286.5293,2.2257,88.3449,78.3685,203.2936,185.6377,162.7809,132.8301,0.000000,0.636900,0.766230,-0.000000,0.568672,0.789632,-0.031253,0.500430,0.748864,-0.034026,0.459702,0.694275,-0.025241,0.470547,0.658275,-0.014243,0.529298,0.570576,-0.036969,0.456212,0.591023,-0.023344,0.425160,0.611512,-0.012648,0.405671,0.604492,-0.009029,0.559700,0.536074,-0.014158,0.494309,0.593864,-0.002736,0.503880,0.654632,0.005871,0.525551,0.671128,0.008850,0.580502,0.537117,0.009775,0.522266,0.585281,0.014952,0.528053,0.637989,0.015003,0.547420,0.657504,0.013067,0.595899,0.550906,0.032402,0.552015,0.584525,0.033243,0.553723,0.622791,0.031689,0.570545,0.647056,0.030500
1226,1695021714.717143,0,,,0.0000,0.0000,0.0000,0.0000,36.5675,5399.9137,1.1323,69.6636,79.8228,210.8566,193.2401,170.3419,140.0199,0.000000,0.636740,0.769210,-0.000000,0.568695,0.794382,-0.032203,0.499899,0.754054,-0.035755,0.457401,0.699393,-0.027597,0.465978,0.660817,-0.017086,0.530237,0.572052,-0.037360,0.455322,0.593898,-0.020681,0.425095,0.617241,-0.006552,0.405952,0.614726,-0.000831,0.559370,0.537256,-0.013334,0.491214,0.594634,-0.002012,0.500006,0.656786,0.006636,0.521070,0.676913,0.009958,0.579193,0.538455,0.012271,0.518365,0.587309,0.017183,0.523351,0.641246,0.017256,0.542144,0.664291,0.015604,0.592676,0.552236,0.036738,0.547241,0.585065,0.036634,0.547755,0.625896,0.034511,0.563296,0.652456,0.033144
1227,1695021714.725477,0,-5.9833,-5.9833,-9.0193,0.0000,17.0981,2806.0982,51.4368,4375.2423,2.2288,80.5162,80.2826,208.3199,189.8999,166.3804,135.7793,0.000000,0.636454,0.770558,-0.000000,0.567355,0.795978,-0.032768,0.499064,0.755124,-0.037626,0.457793,0.698879,-0.031110,0.468685,0.658065,-0.022468,0.530423,0.572543,-0.036789,0.456492,0.596253,-0.022536,0.426669,0.617828,-0.011413,0.406638,0.610163,-0.007813,0.558989,0.538508,-0.013633,0.489776,0.602545,-0.004662,0.501201,0.665064,0.002540,0.524742,0.680857,0.005484,0.578106,0.540132,0.010810,0.516062,0.594378,0.014226,0.523129,0.648533,0.014287,0.544326,0.666850,0.013229,0.591422,0.554825,0.033879,0.546274,0.588800,0.033202,0.548743,0.628235,0.031547,0.566705,0.650522,0.030954
1228,1695021714.733810,0,-8.3192,-8.3192,3.1481,12.1674,11.2181,1048.6788,69.7211,4357.1686,1.9531,79.1119,81.7685,208.0135,189.7491,166.3460,135.9033,0.000000,0.636630,0.767016,-0.000000,0.568422,0.796637,-0.034926,0.499281,0.754393,-0.039064,0.457251,0.695101,-0.031067,0.468697,0.653508,-0.020257,0.530869,0.576393,-0.035246,0.454201,0.598663,-0.020686,0.425323,0.619969,-0.009863,0.406502,0.609850,-0.006118,0.558240,0.540625,-0.009812,0.486328,0.594781,-0.000890,0.497338,0.656850,0.005780,0.521052,0.671580,0.009312,0.575058,0.539903,0.016537,0.511311,0.587222,0.019502,0.517462,0.641946,0.017983,0.539204,0.659133,0.016941,0.585958,0.551266,0.041493,0.539277,0.579340,0.040664,0.540832,0.619283,0.038145,0.559868,0.641793,0.037561
1229,1695021714.742143,0,2.0215,2.0215,-2.4373,-5.5854,7.2755,2774.2404,75.0224,4447.5239,2.2196,85.2693,78.7912,206.0727,188.2798,165.2926,135.0831,0.000000,0.635649,0.766539,-0.000000,0.567351,0.796710,-0.036101,0.498851,0.754627,-0.041840,0.458143,0.694820,-0.035640,0.467487,0.653584,-0.027064,0.533534,0.579176,-0.037910,0.457358,0.597860,-0.025844,0.426086,0.617659,-0.017148,0.405766,0.608167,-0.014953,0.559904,0.542629,-0.012956,0.488707,0.597077,-0.006443,0.499516,0.660308,-0.000332,0.523962,0.675943,0.002797,0.575869,0.541075,0.012627,0.511572,0.586278,0.014141,0.517451,0.642083,0.013534,0.539679,0.660704,0.012936,0.586529,0.551396,0.036554,0.539199,0.580437,0.034261,0.540781,0.621441,0.031705,0.560248,0.643930,0.031045
1230,1695021714.750477,0,-16.9168,-16.9168,-5.3526,-2.9153,7.6604,33.4535,65.3184,4488.6432,1.6674,95.9282,72.4449,201.7312,185.5652,163.9371,135.5565,0.000000,0.634667,0.770912,-0.000000,0.568452,0.799180,-0.038419,0.499471,0.756010,-0.045472,0.457271,0.696244,-0.040306,0.465848,0.653202,-0.032498,0.537441,0.578724,-0.041826,0.458036,0.594259,-0.034816,0.424260,0.612330,-0.029173,0.402143,0.602467,-0.028376,0.562071,0.542231,-0.017031,0.486943,0.598109,-0.015893,0.498674,0.661506,-0.010443,0.524456,0.672775,-0.006522,0.575163,0.540919,0.007790,0.507428,0.589091,0.004202,0.514023,0.644685,0.004307,0.536797,0.657733,0.005657,0.582763,0.552479,0.030688,0.533917,0.581533,0.025038,0.536324,0.622549,0.022804,0.556331,0.642525,0.023260
1231,1695021714.758810,0,20.8316,20.8316,6.7037,12.0563,12.7689,224.5195,40.2331,4754.0983,1.9285,104.8796,70.9191,198.9021,182.8046,161.1511,132.6544,0.000000,0.633201,0.768287,-0.000000,0.566914,0.799320,-0.039612,0.497865,0.756782,-0.048224,0.456415,0.694434,-0.045053,0.467845,0.651497,-0.039132,0.537217,0.582373,-0.041444,0.457449,0.593701,-0.036653,0.423486,0.609443,-0.032426,0.401922,0.598089,-0.032523,0.560755,0.543436,-0.017313,0.485157,0.592156,-0.018946,0.496064,0.654613,-0.014529,0.521696,0.666626,-0.010742,0.573067,0.538742,0.006447,0.505376,0.582690,0.000461,0.511764,0.638765,0.001033,0.534391,0.652214,0.003391,0.580263,0.547893,0.028008,0.531128,0.573960,0.020412,0.533487,0.614879,0.017972,0.553162,0.634831,0.018726
1232,1695021714.767143,0,-20.4446,-20.4446,-3.0314,-9.7351,14.8808,3646.3591,7.5563,4588.5185,1.6380,109.4336,64.6180,193.4501,179.2373,159.3261,132.6844,0.000000,0.632913,0.771032,-0.000000,0.567400,0.798912,-0.038831,0.498882,0.755833,-0.046086,0.457853,0.693390,-0.041043,0.467375,0.652074,-0.033044,0.538314,0.583533,-0.042468,0.457493,0.588565,-0.036708,0.421744,0.601079,-0.031492,0.397397,0.589901,-0.030727,0.560828,0.543258,-0.017723,0.484514,0.591082,-0.016790,0.495794,0.655412,-0.010894,0.521220,0.669807,-0.006409,0.572100,0.537666,0.006859,0.504484,0.583076,0.003106,0.511439,0.641065,0.003510,0.533399,0.656507,0.005352,0.578282,0.545733,0.029354,0.531377,0.571749,0.024239,0.532927,0.612376,0.022122,0.550764,0.634301,0.022654
1233,1695021714.775477,0,-17.5105,-17.5105,-4.8830,-1.8516,15.7720,3607.7667,20.7359,4500.1411,2.3556,115.5772,65.1311,190.7040,175.9874,155.5478,128.9455,0.000000,0.632653,0.772250,-0.000000,0.567138,0.797527,-0.040597,0.499300,0.754045,-0.048219,0.456981,0.690520,-0.042392,0.467510,0.644404,-0.033385,0.537899,0.582153,-0.044833,0.456676,0.587278,-0.036770,0.421900,0.599711,-0.030381,0.397458,0.585015,-0.029085,0.560926,0.543401,-0.017779,0.484480,0.590822,-0.014163,0.497219,0.656175,-0.007996,0.523787,0.668464,-0.003832,0.571955,0.538526,0.009428,0.504267,0.582332,0.009186,0.512224,0.641938,0.008564,0.535386,0.654801,0.008748,0.578187,0.545585,0.034559,0.531620,0.567519,0.032821,0.534289,0.608205,0.030688,0.554034,0.628810,0.030518
1234,1695021714.783810,0,-29.9848,-29.9848,-3.2670,1.6160,17.4584,720.8438,57.2728,4669.4221,1.9678,123.7369,57.1644,185.1394,172.0079,153.3507,129.0091,0.000000,0.632397,0.772823,-0.000000,0.566809,0.800225,-0.039963,0.499704,0.756854,-0.048116,0.459323,0.691311,-0.043879,0.466843,0.646888,-0.036782,0.539999,0.585785,-0.045088,0.458506,0.583794,-0.042138,0.419401,0.591263,-0.039508,0.391886,0.578392,-0.040554,0.563031,0.544067,-0.020631,0.485422,0.585935,-0.021078,0.494659,0.649526,-0.015411,0.519126,0.665172,-0.011479,0.574340,0.537355,0.003335,0.505447,0.576373,-0.001423,0.510728,0.634031,-0.000245,0.531873,0.651150,0.001831,0.580873,0.544696,0.024967,0.532108,0.567539,0.018794,0.532963,0.607530,0.016878,0.550724,0.629887,0.017459
1235,1695021714.792143,0,-30.8681,-30.8681,-12.9249,-9.6579,18.9442,3348.1572,30.3769,4888.6444,2.3679,126.4259,57.7941,183.1386,170.2266,151.7297,126.8791,0.000000,0.631599,0.773048,-0.000000,0.566860,0.799671,-0.040314,0.500187,0.755634,-0.049530,0.459176,0.688985,-0.046444,0.467203,0.644610,-0.040536,0.541335,0.585964,-0.046878,0.458830,0.582952,-0.044864,0.419982,0.589234,-0.042245,0.392743,0.574991,-0.043222,0.563737,0.543711,-0.022424,0.484858,0.583686,-0.024782,0.494841,0.648048,-0.019293,0.520011,0.663994,-0.014941,0.574648,0.536379,0.001665,0.504734,0.575057,-0.004716,0.510522,0.633982,-0.002915,0.532413,0.651902,0.000171,0.580440,0.543917,0.023437,0.531598,0.565396,0.015843,0.532672,0.606489,0.013860,0.550688,0.629290,0.014812
1236,1695021714.800477,0,-30.3684,-30.3684,-2.4809,10.4440,5.6826,602.7485,5.8457,4688.7274,2.0268,126.1412,57.5294,180.1978,166.9809,148.4064,124.2612,0.000000,0.631494,0.772476,-0.000000,0.566005,0.799893,-0.038591,0.499458,0.755296,-0.047443,0.460152,0.686473,-0.044592,0.469640,0.641957,-0.038931,0.541346,0.588078,-0.045074,0.459849,0.580309,-0.043856,0.420468,0.585120,-0.041765,0.392823,0.570889,-0.043005,0.563708,0.544573,-0.022150,0.485721,0.580361,-0.024512,0.495196,0.643603,-0.018856,0.519644,0.660337,-0.014456,0.574686,0.535604,0.000308,0.505373,0.571984,-0.006200,0.511120,0.630310,-0.004097,0.532441,0.648692,-0.000846,0.580717,0.542457,0.020485,0.531860,0.563189,0.013190,0.532473,0.603955,0.011779,0.549535,0.627776,0.013051
1237,1695021714.808810,0,25.1485,25.1485,10.6647,13.1457,21.5221,2937.7360,72.5874,4509.9588,2.0229,125.0664,58.0091,177.6547,165.4095,147.7713,123.9379,0.000000,0.632217,0.770864,-0.000000,0.566031,0.799319,-0.037262,0.497396,0.754667,-0.044577,0.457042,0.685184,-0.040126,0.466415,0.643821,-0.033424,0.540938,0.589388,-0.043885,0.459924,0.579619,-0.039808,0.420720,0.583280,-0.035905,0.393408,0.568518,-0.036265,0.564769,0.546176,-0.020235,0.487893,0.580420,-0.019230,0.494801,0.643565,-0.012495,0.517889,0.662439,-0.008281,0.577414,0.537040,0.003238,0.509148,0.569926,-0.000241,0.512085,0.626920,0.001001,0.532341,0.647449,0.002547,0.585398,0.541376,0.024720,0.535342,0.563116,0.019404,0.534788,0.604118,0.017440,0.552224,0.628365,0.017512
1238,1695021714.817143,0,31.5277,31.5277,15.3781,4.7134,28.8511,2731.5634,49.3154,4929.4450,2.4083,128.6659,58.0238,174.4075,162.3824,144.6326,121.5717,0.000000,0.633134,0.773366,-0.000000,0.567016,0.800531,-0.038613,0.499955,0.752328,-0.046803,0.459606,0.682513,-0.042886,0.468981,0.640489,-0.035960,0.541821,0.587340,-0.045815,0.459331,0.575870,-0.044625,0.419714,0.578502,-0.042256,0.392317,0.563147,-0.043211,0.565578,0.543565,-0.022484,0.486565,0.576401,-0.024050,0.495148,0.639251,-0.017833,0.518926,0.657015,-0.013363,0.577438,0.533824,0.000365,0.507099,0.567596,-0.005819,0.512518,0.625104,-0.003808,0.533230,0.643808,-0.000873,0.583973,0.540804,0.021021,0.533891,0.560214,0.013835,0.534332,0.600171,0.012284,0.550641,0.624956,0.013308
1239,1695021714.825477,0,45.6794,45.6794,19.1369,3.7587,32.4036,2655.3556,66.9811,4932.1880,2.3911,135.2238,54.7998,171.7893,161.0059,144.5313,122.6465,0.000000,0.633017,0.770546,-0.000000,0.566615,0.800035,-0.040194,0.500121,0.753109,-0.049934,0.461247,0.681821,-0.047413,0.471482,0.639505,-0.041877,0.542539,0.588666,-0.049989,0.459300,0.575880,-0.052207,0.419009,0.576317,-0.052326,0.390933,0.559019,-0.054855,0.566080,0.543070,-0.026922,0.485926,0.577583,-0.030656,0.495175,0.640286,-0.024388,0.519738,0.655536,-0.019876,0.577617,0.531586,-0.004658,0.506581,0.566434,-0.012253,0.512629,0.624437,-0.008971,0.534263,0.640699,-0.005198,0.584583,0.537341,0.015093,0.533984,0.557101,0.006790,0.535043,0.597909,0.005876,0.552345,0.621706,0.007435
1240,1695021714.833810,0,38.9016,38.9016,17.3175,-1.8194,27.1638,2526.1175,73.7453,4738.5548,1.9811,135.9406,54.1357,169.4016,158.8559,143.0492,122.4656,0.000000,0.632573,0.773386,-0.000000,0.567375,0.799387,-0.037761,0.500483,0.751729,-0.045694,0.460614,0.679891,-0.041584,0.469031,0.636905,-0.034583,0.541776,0.589950,-0.047401,0.460309,0.572642,-0.047848,0.419948,0.571910,-0.046511,0.391257,0.556648,-0.048061,0.565882,0.543567,-0.024650,0.487367,0.575938,-0.025707,0.495552,0.638276,-0.018551,0.518507,0.657701,-0.014051,0.578127,0.531796,-0.002496,0.508045,0.567167,-0.008412,0.513622,0.623878,-0.005603,0.533547,0.643788,-0.002642,0.585496,0.537109,0.017500,0.534399,0.558525,0.010465,0.534571,0.598527,0.009457,0.549765,0.624739,0.010529
1241,1695021714.842143,0,39.8942,39.8942,3.6864,-13.6311,7.1381,519.0814,15.6576,5348.1069,2.4518,139.3380,54.5914,165.1798,154.9780,139.5696,120.1212,0.000000,0.632112,0.769215,-0.000000,0.565416,0.797521,-0.037325,0.499754,0.749412,-0.045594,0.461643,0.678814,-0.041701,0.471012,0.635855,-0.034932,0.540648,0.588043,-0.048975,0.458439,0.570773,-0.049241,0.418762,0.569673,-0.048014,0.391124,0.552173,-0.049693,0.565473,0.543128,-0.026281,0.486596,0.571783,-0.026722,0.495225,0.632769,-0.019311,0.518815,0.649631,-0.014809,0.578686,0.532060,-0.003962,0.508541,0.563139,-0.008844,0.514215,0.620311,-0.005746,0.535030,0.638507,-0.002921,0.586949,0.537383,0.016219,0.536655,0.556607,0.010045,0.537333,0.597272,0.009280,0.553617,0.622653,0.010296
1242,1695021714.850477,0,40.2128,40.2128,2.1713,-1.5152,4.5262,460.2710,8.2818,5524.8300,2.8098,142.1644,55.2839,162.6873,153.4021,138.3292,119.1924,0.000000,0.633548,0.766558,-0.000000,0.566984,0.797491,-0.036873,0.501157,0.750602,-0.045636,0.462608,0.677687,-0.042951,0.470965,0.635765,-0.037374,0.541869,0.591720,-0.046920,0.460494,0.568856,-0.048180,0.419626,0.565095,-0.047398,0.390852,0.547915,-0.049315,0.566029,0.544112,-0.025342,0.487605,0.569509,-0.027846,0.495903,0.629974,-0.020878,0.519325,0.647915,-0.016020,0.578635,0.530750,-0.004341,0.509231,0.560569,-0.010910,0.514383,0.616339,-0.007355,0.534782,0.634779,-0.003640,0.586136,0.534926,0.014444,0.536389,0.552646,0.006928,0.536462,0.592732,0.006332,0.552136,0.618223,0.007926
1243,1695021714.858810,0,33.8161,33.8161,-2.9658,-5.1371,3.7765,351.7299,82.4123,5987.6616,0.9787,137.6111,56.8852,161.7582,151.3489,135.6951,115.5240,0.000000,0.633306,0.767085,-0.000000,0.567130,0.796175,-0.037424,0.500716,0.748448,-0.046003,0.461567,0.676623,-0.042984,0.469722,0.631154,-0.037266,0.540515,0.586519,-0.045222,0.459336,0.566456,-0.044699,0.419002,0.564378,-0.042994,0.391131,0.547459,-0.044396,0.566119,0.541642,-0.022838,0.488378,0.567956,-0.024598,0.496180,0.629345,-0.018399,0.519856,0.647846,-0.013980,0.580159,0.531394,-0.000969,0.510630,0.560884,-0.007130,0.515059,0.617206,-0.004629,0.535579,0.636044,-0.001522,0.588708,0.536639,0.018819,0.537799,0.552693,0.011477,0.537712,0.593651,0.010419,0.554306,0.619488,0.011721
1244,1695021714.867143,0,-47.6185,-47.6185,-21.6300,-18.6642,34.4073,2083.9385,59.6604,5945.1816,3.2042,145.3156,58.9546,155.6126,146.0249,131.5461,113.7151,0.000000,0.632298,0.767414,-0.000000,0.566074,0.796075,-0.037798,0.502109,0.750023,-0.048688,0.464147,0.678265,-0.048285,0.471447,0.635145,-0.045288,0.543945,0.590491,-0.050590,0.461455,0.567348,-0.054467,0.420471,0.560604,-0.054912,0.391395,0.541482,-0.057336,0.567756,0.541824,-0.029353,0.488287,0.572437,-0.034282,0.496317,0.633061,-0.027680,0.519501,0.650953,-0.022896,0.579934,0.527908,-0.008731,0.509456,0.562595,-0.017142,0.514683,0.618934,-0.013087,0.534902,0.637692,-0.008804,0.586903,0.532635,0.009627,0.535920,0.554117,0.001131,0.536467,0.594962,0.000949,0.552147,0.620124,0.003021
1245,1695021714.875477,0,-44.7854,-44.7854,-21.1699,0.4601,41.3105,1951.8623,66.8752,6096.4409,1.6506,144.2253,59.1670,155.0193,145.1978,130.9406,113.7300,0.000000,0.631689,0.765212,-0.000000,0.566607,0.794131,-0.038127,0.499804,0.745033,-0.046964,0.461259,0.669831,-0.043811,0.471119,0.626603,-0.037656,0.544059,0.590528,-0.049541,0.462084,0.561987,-0.052918,0.421405,0.556639,-0.052466,0.392072,0.539707,-0.053873,0.568305,0.542073,-0.027394,0.488269,0.569185,-0.031878,0.497729,0.632217,-0.024319,0.522109,0.649784,-0.018095,0.580191,0.527400,-0.006178,0.509259,0.560230,-0.014817,0.515198,0.618233,-0.011682,0.536289,0.635214,-0.007256,0.587121,0.529571,0.012850,0.536486,0.549844,0.004468,0.537383,0.591129,0.003711,0.554028,0.615434,0.005667
1246,1695021714.883810,0,46.2822,46.2822,1.5174,22.6873,42.4738,450.0528,54.2032,6212.1419,1.7968,145.2377,62.4726,152.5540,142.4411,127.5673,109.2245,0.000000,0.632027,0.765892,-0.000000,0.566629,0.794430,-0.038913,0.501709,0.746783,-0.049526,0.462765,0.674219,-0.048433,0.470205,0.629348,-0.044629,0.545049,0.589094,-0.050653,0.462540,0.562501,-0.054419,0.421161,0.555794,-0.054957,0.391713,0.537467,-0.057440,0.569304,0.541549,-0.028436,0.488897,0.567398,-0.033295,0.496444,0.629294,-0.026568,0.519885,0.648773,-0.021438,0.581862,0.528407,-0.007013,0.509978,0.558634,-0.015684,0.514944,0.615965,-0.011815,0.535608,0.635461,-0.007323,0.589240,0.532164,0.012116,0.537592,0.550440,0.002893,0.537629,0.592314,0.002223,0.553623,0.618127,0.004170
1247,1695021714.892143,0,-41.7763,-41.7763,-18.8981,-20.4155,41.7591,1869.1743,50.5418,6329.0151,2.0270,148.5594,62.9612,148.3127,139.0892,125.7051,109.4610,0.000000,0.632147,0.768555,-0.000000,0.564938,0.794989,-0.036897,0.496437,0.743903,-0.044507,0.459559,0.665027,-0.040478,0.472255,0.618717,-0.033752,0.544865,0.588917,-0.047283,0.463228,0.559910,-0.049501,0.422024,0.552181,-0.049295,0.392098,0.532021,-0.051595,0.569871,0.541120,-0.025788,0.488646,0.565722,-0.028895,0.496068,0.628370,-0.021450,0.520036,0.647778,-0.016118,0.582008,0.527750,-0.005165,0.509470,0.556115,-0.012748,0.513877,0.613725,-0.009226,0.534643,0.632801,-0.005195,0.589394,0.531256,0.013224,0.536839,0.548620,0.005280,0.536444,0.589894,0.004646,0.552898,0.615718,0.006174
1248,1695021714.900477,0,47.9862,47.9862,23.9012,42.7993,45.0436,1805.4200,81.2253,6874.4859,1.1103,146.6698,65.4970,147.6996,137.6338,123.9821,108.1525,0.000004,0.633098,0.769079,-0.000000,0.566616,0.794679,-0.036088,0.501215,0.746900,-0.046283,0.463318,0.672325,-0.045533,0.470746,0.628008,-0.042415,0.547137,0.588248,-0.050424,0.464915,0.560306,-0.054739,0.422656,0.552022,-0.055743,0.391999,0.532918,-0.058640,0.571332,0.540719,-0.030028,0.490396,0.570388,-0.035305,0.497261,0.631825,-0.028378,0.520232,0.651585,-0.023541,0.583433,0.528396,-0.010122,0.511424,0.560225,-0.018821,0.515476,0.615990,-0.014219,0.535280,0.635991,-0.009680,0.590027,0.533752,0.007670,0.537972,0.552032,-0.000698,0.537119,0.593186,-0.000358,0.552198,0.619075,0.001820
1249,1695021714.908810,0,49.3703,49.3703,23.5389,-0.3622,44.6802,1794.3523,3.5620,6439.2390,2.1086,147.0116,67.9792,146.4018,135.5506,121.1427,104.9144,0.000000,0.631982,0.767945,-0.000000,0.567214,0.795680,-0.037915,0.502649,0.747264,-0.048844,0.463530,0.672744,-0.048436,0.470029,0.626900,-0.045534,0.546969,0.592078,-0.051810,0.464748,0.560682,-0.056012,0.423085,0.550562,-0.056558,0.393191,0.530176,-0.059170,0.571348,0.543333,-0.030282,0.490664,0.567062,-0.035171,0.496991,0.628147,-0.027829,0.519703,0.648972,-0.022616,0.584109,0.529777,-0.009390,0.511865,0.557666,-0.017966,0.515770,0.614072,-0.013180,0.535714,0.634812,-0.008375,0.591401,0.533553,0.009282,0.539116,0.549150,0.000289,0.537748,0.590304,0.000166,0.552772,0.616816,0.002197
1250,1695021714.917143,0,46.0171,46.0171,-0.0663,-23.6052,35.6968,414.0765,38.9791,6913.5938,2.4620,152.0255,71.6971,142.0362,130.6994,115.9997,99.9718,0.000028,0.631272,0.768957,-0.000000,0.565069,0.796216,-0.036081,0.498610,0.746445,-0.045006,0.462081,0.668974,-0.042906,0.472629,0.621678,-0.038363,0.545548,0.592699,-0.048088,0.466025,0.558954,-0.052321,0.424891,0.547536,-0.053612,0.394814,0.526895,-0.056881,0.571027,0.543778,-0.028037,0.490865,0.567114,-0.032758,0.497035,0.628264,-0.025708,0.519908,0.647846,-0.020724,0.583783,0.529857,-0.008900,0.511234,0.557159,-0.017557,0.514589,0.613034,-0.012911,0.534853,0.631791,-0.008211,0.591280,0.533750,0.008001,0.537724,0.548992,-0.001030,0.535989,0.590605,-0.000897,0.551777,0.617166,0.001252
1251,1695021714.925477,0,-48.3593,-48.3593,-1.6458,-1.5795,45.5515,334.9873,54.8176,6916.4655,1.5874,152.4923,70.0862,141.8763,131.1427,117.0523,101.0646,0.000047,0.631258,0.767750,-0.000000,0.565781,0.796482,-0.036149,0.501269,0.747596,-0.046089,0.463898,0.670404,-0.044786,0.472313,0.622898,-0.040959,0.545127,0.595323,-0.051223,0.463696,0.557656,-0.056141,0.422130,0.546585,-0.057201,0.391992,0.527126,-0.059858,0.570443,0.545145,-0.030161,0.490834,0.562908,-0.034321,0.497269,0.622466,-0.026340,0.519328,0.642804,-0.020772,0.583681,0.529915,-0.009715,0.511909,0.555154,-0.017659,0.516046,0.609260,-0.012728,0.535833,0.629271,-0.007953,0.591087,0.532273,0.008668,0.538585,0.548424,-0.000030,0.537691,0.588861,-0.000026,0.552631,0.615154,0.002097
1252,1695021714.933810,0,42.5243,42.5243,-1.3655,0.2803,38.0033,303.1906,73.3646,7268.9811,1.3901,154.5903,71.9374,139.8400,128.9281,114.8116,99.6018,0.000161,0.631179,0.770037,-0.000000,0.566164,0.797528,-0.035807,0.501414,0.747744,-0.045662,0.463834,0.671157,-0.044596,0.471561,0.625549,-0.041184,0.544918,0.592146,-0.049171,0.462522,0.557014,-0.052101,0.421090,0.546101,-0.051922,0.391644,0.525389,-0.054141,0.570419,0.543581,-0.028401,0.490787,0.563971,-0.032141,0.497288,0.623882,-0.024702,0.519453,0.644000,-0.019574,0.583971,0.529997,-0.008091,0.512372,0.556484,-0.015361,0.516316,0.611443,-0.010537,0.535973,0.631209,-0.006089,0.591651,0.533554,0.010149,0.539156,0.549835,0.002006,0.537845,0.591056,0.002042,0.552636,0.617534,0.004029
1253,1695021714.942143,0,45.8490,45.8490,-0.8803,0.4852,37.7819,344.4312,34.2682,6960.8847,1.4410,156.6181,71.7010,138.2093,128.9908,116.3339,101.0614,0.000173,0.630590,0.773882,-0.000000,0.564850,0.796990,-0.037149,0.498929,0.745409,-0.046164,0.461974,0.667766,-0.043629,0.471884,0.623850,-0.038667,0.545429,0.590921,-0.049352,0.463849,0.555308,-0.052648,0.422289,0.543990,-0.053226,0.392023,0.523282,-0.055946,0.571694,0.544443,-0.027764,0.490989,0.567016,-0.031409,0.496373,0.630324,-0.024152,0.518694,0.653693,-0.019161,0.584983,0.532645,-0.006945,0.512311,0.559842,-0.014595,0.515198,0.617536,-0.010647,0.534683,0.640228,-0.006593,0.592936,0.537060,0.011681,0.539498,0.554046,0.003373,0.537280,0.596408,0.002867,0.552005,0.624879,0.004446
1254,1695021714.950477,0,47.6670,47.6670,0.4125,1.2928,37.5866,304.0857,33.2230,7249.1197,2.4291,155.7755,77.8470,136.2847,124.7987,110.2320,94.6835,0.000244,0.631412,0.771278,-0.000000,0.565629,0.796726,-0.035252,0.501121,0.747879,-0.045114,0.464028,0.670891,-0.044188,0.472738,0.623349,-0.040862,0.546562,0.594335,-0.049502,0.465628,0.555704,-0.054500,0.424561,0.542238,-0.055921,0.394373,0.520698,-0.058987,0.571984,0.545127,-0.029417,0.491379,0.565939,-0.034302,0.497460,0.627028,-0.026852,0.519523,0.648332,-0.021605,0.585168,0.530733,-0.009954,0.512440,0.557487,-0.018260,0.516304,0.612987,-0.012998,0.536110,0.633824,-0.007975,0.592763,0.534283,0.007412,0.539694,0.551648,-0.001121,0.538422,0.592948,-0.000672,0.553392,0.619614,0.001726
1255,1695021714.958810,0,-57.7069,-57.7069,-2.3369,-2.7494,48.3148,367.6064,75.2319,6291.7503,1.0198,154.0517,75.4659,135.3031,123.1698,108.5412,94.2446,0.000365,0.631542,0.769098,-0.000000,0.565404,0.796090,-0.036334,0.501133,0.745292,-0.046377,0.463358,0.666276,-0.045001,0.471871,0.623195,-0.040837,0.546965,0.594454,-0.052762,0.464589,0.554839,-0.060023,0.422575,0.541663,-0.062956,0.392639,0.520024,-0.066598,0.573097,0.545225,-0.031890,0.492706,0.568563,-0.036706,0.499492,0.628871,-0.028288,0.522393,0.645903,-0.022656,0.585896,0.530875,-0.011955,0.513641,0.558734,-0.020864,0.517796,0.614529,-0.015868,0.538228,0.632367,-0.010968,0.593678,0.534922,0.005905,0.540553,0.550832,-0.002467,0.539591,0.591127,-0.001789,0.554892,0.617726,0.000699
1256,1695021714.967143,0,50.8983,50.8983,2.0935,4.4304,41.8644,394.0691,51.0988,6384.6721,1.4555,157.0934,79.3613,132.2697,120.7393,106.3277,92.3505,0.000618,0.631743,0.772438,-0.000000,0.566591,0.797217,-0.037249,0.501584,0.745390,-0.046753,0.464090,0.667507,-0.044520,0.472200,0.622103,-0.039663,0.546469,0.592253,-0.051120,0.465786,0.551115,-0.056297,0.423709,0.536673,-0.058289,0.392834,0.515265,-0.061611,0.573147,0.544651,-0.029335,0.493199,0.566007,-0.032385,0.498185,0.628016,-0.024166,0.520160,0.649695,-0.018871,0.586848,0.531937,-0.008473,0.514654,0.557870,-0.015866,0.517643,0.614578,-0.011168,0.537076,0.634984,-0.006836,0.595190,0.536171,0.010230,0.542171,0.551421,0.002418,0.540259,0.593719,0.002937,0.554927,0.622071,0.005162
1257,1695021714.975477,0,-57.2177,-57.2177,-25.7667,-27.8602,51.7589,1639.4087,64.1488,7602.7501,1.5571,157.5108,82.1787,132.4933,117.6373,101.8307,88.0309,0.000399,0.632415,0.768251,-0.000000,0.566356,0.796486,-0.036131,0.500749,0.744281,-0.046188,0.465038,0.663389,-0.045281,0.473350,0.619567,-0.041776,0.548618,0.594986,-0.052032,0.468059,0.552819,-0.060933,0.425497,0.536873,-0.064681,0.394792,0.514124,-0.068818,0.574559,0.544264,-0.032289,0.493947,0.566355,-0.039418,0.499160,0.627877,-0.031290,0.521272,0.646359,-0.025372,0.587137,0.528829,-0.013774,0.514703,0.556022,-0.025215,0.518076,0.611363,-0.019704,0.537815,0.629187,-0.013919,0.594142,0.532263,0.002580,0.540627,0.549870,-0.008152,0.539583,0.590784,-0.007462,0.554327,0.616274,-0.004506
1258,1695021714.983810,0,53.0480,53.0480,1.3453,27.1119,52.9370,302.2046,60.0104,8059.6896,1.7361,155.1427,84.3929,130.9140,117.9349,102.4684,87.3081,0.000475,0.630880,0.773265,-0.000000,0.565199,0.797111,-0.038474,0.501160,0.745341,-0.049809,0.464809,0.665883,-0.049559,0.474619,0.619125,-0.046638,0.549439,0.591838,-0.053147,0.468577,0.546908,-0.060701,0.425915,0.532710,-0.063401,0.394722,0.512871,-0.066754,0.575438,0.543167,-0.031423,0.493700,0.566853,-0.038118,0.499790,0.630832,-0.030409,0.522415,0.651960,-0.024488,0.587485,0.529225,-0.010809,0.513596,0.560213,-0.020919,0.517760,0.618437,-0.015681,0.537614,0.638290,-0.010109,0.593810,0.532907,0.007503,0.540090,0.554087,-0.002259,0.539696,0.597260,-0.001844,0.554697,0.623724,0.001027
1259,1695021714.992143,0,55.7859,55.7859,28.3732,27.0279,54.2572,1483.5891,20.6285,6718.6202,2.1544,159.8850,86.3462,127.2730,114.3649,99.0340,85.2460,0.000916,0.630798,0.771497,-0.000000,0.564803,0.796084,-0.037518,0.501350,0.744486,-0.049361,0.465879,0.665358,-0.050037,0.473734,0.618318,-0.048180,0.549975,0.591535,-0.053516,0.468700,0.546810,-0.061794,0.425992,0.530571,-0.065157,0.394815,0.507981,-0.069062,0.576121,0.543137,-0.032626,0.495306,0.559694,-0.039446,0.499492,0.622471,-0.031721,0.520812,0.644848,-0.026089,0.589147,0.529701,-0.012733,0.516280,0.551553,-0.023550,0.518432,0.608612,-0.017994,0.537421,0.630206,-0.012265,0.595972,0.533832,0.005011,0.543041,0.547029,-0.005440,0.540385,0.589829,-0.004752,0.554071,0.617875,-0.001758
1260,1695021715.000477,0,62.6840,62.6840,2.9464,-25.4268,45.3031,446.7826,63.4483,7863.6003,1.8418,157.6327,90.1233,127.0909,112.7472,97.1587,83.2776,0.000764,0.632552,0.771650,-0.000000,0.566961,0.797106,-0.038774,0.501585,0.742593,-0.050139,0.464931,0.659394,-0.049778,0.473884,0.615040,-0.046703,0.552117,0.594326,-0.056097,0.471630,0.547533,-0.066662,0.428243,0.529456,-0.071199,0.396210,0.506399,-0.075583,0.577993,0.543829,-0.034711,0.494703,0.567861,-0.043354,0.499946,0.632537,-0.034869,0.522533,0.653405,-0.028291,0.589604,0.528474,-0.014710,0.514745,0.557855,-0.027433,0.517810,0.615603,-0.021747,0.537448,0.635004,-0.015335,0.595349,0.531569,0.003018,0.540912,0.550411,-0.008169,0.539220,0.592961,-0.007448,0.553478,0.619130,-0.004249
1261,1695021715.008810,0,-56.2533,-56.2533,0.2411,-2.7053,55.8925,400.4782,69.4650,7431.0408,2.2698,155.5347,92.3784,124.2226,108.4525,92.1879,78.6124,0.000730,0.630164,0.771282,-0.000000,0.565417,0.796118,-0.035755,0.501210,0.742496,-0.045199,0.465647,0.658972,-0.043599,0.474509,0.613831,-0.039200,0.551459,0.597465,-0.051199,0.473526,0.547664,-0.060960,0.430148,0.527288,-0.065337,0.398141,0.503937,-0.069647,0.577403,0.546483,-0.031480,0.496864,0.565105,-0.038793,0.500487,0.626888,-0.030515,0.521325,0.647916,-0.024274,0.588931,0.529476,-0.013189,0.515667,0.555847,-0.024693,0.517570,0.610639,-0.019352,0.535767,0.629577,-0.013462,0.594509,0.531339,0.002958,0.540125,0.548954,-0.007265,0.537714,0.589574,-0.006503,0.550910,0.615820,-0.003513
1262,1695021715.017143,0,50.4544,50.4544,-0.6484,-0.8895,44.8842,479.1958,41.0531,7307.1280,2.5125,157.1073,96.8001,121.5653,104.2107,86.9831,74.2545,0.001016,0.631202,0.766303,-0.000000,0.566995,0.796057,-0.038006,0.502162,0.744390,-0.048569,0.465287,0.660803,-0.047577,0.472929,0.615751,-0.043568,0.552676,0.596423,-0.052910,0.473600,0.543293,-0.061050,0.430734,0.523099,-0.063437,0.399899,0.499507,-0.066330,0.578220,0.547003,-0.031730,0.498555,0.564567,-0.038953,0.501932,0.627034,-0.030652,0.523351,0.648573,-0.024078,0.589426,0.530824,-0.011930,0.517805,0.556553,-0.023409,0.519378,0.612892,-0.018705,0.537709,0.632228,-0.013079,0.595090,0.531559,0.005680,0.542572,0.548554,-0.004497,0.540344,0.589576,-0.004355,0.553652,0.615234,-0.001711
1263,1695021715.025477,0,55.6991,55.6991,-0.0217,0.6267,45.1312,607.0297,42.6745,7619.1908,2.0558,159.1281,104.8395,121.1193,101.7730,83.4868,69.8249,0.000826,0.632206,0.768249,-0.000000,0.567994,0.797217,-0.037668,0.502451,0.742759,-0.047888,0.465588,0.656894,-0.046774,0.474246,0.614945,-0.042824,0.553056,0.598406,-0.053451,0.475308,0.542879,-0.063805,0.432985,0.520999,-0.067703,0.402410,0.496158,-0.071555,0.579027,0.547668,-0.032869,0.497700,0.565644,-0.041393,0.500374,0.628993,-0.033046,0.521168,0.650705,-0.026517,0.590501,0.530422,-0.013926,0.517502,0.556893,-0.026462,0.518710,0.613268,-0.021452,0.536773,0.633717,-0.015548,0.596380,0.532340,0.002689,0.542748,0.551734,-0.008547,0.539965,0.592499,-0.008872,0.552654,0.619359,-0.006433
1264,1695021715.033810,0,-49.0478,-49.0478,-27.9329,-27.9113,53.5538,2035.0351,63.1584,6356.2604,2.7631,159.4606,105.9919,116.3273,97.8101,80.2960,67.9181,0.001307,0.629633,0.770170,-0.000000,0.565054,0.795935,-0.037511,0.500953,0.741692,-0.047124,0.466063,0.658306,-0.045037,0.475109,0.612850,-0.040101,0.552273,0.597317,-0.053045,0.474807,0.539561,-0.060272,0.433310,0.517653,-0.062117,0.403518,0.492306,-0.064817,0.578823,0.548020,-0.031626,0.498942,0.560788,-0.037147,0.501275,0.623070,-0.028283,0.521558,0.645747,-0.021874,0.590858,0.531418,-0.011475,0.518929,0.553455,-0.021140,0.519670,0.609583,-0.016320,0.537071,0.630763,-0.011293,0.596867,0.532169,0.006447,0.544009,0.548489,-0.003031,0.540908,0.589324,-0.003244,0.553253,0.616245,-0.001139
1265,1695021715.042143,0,55.5233,55.5233,27.9442,55.8771,52.2788,2072.9257,60.1173,6420.3819,1.7024,160.4900,109.0094,115.3197,95.1674,77.0937,65.6180,0.001472,0.629613,0.770116,-0.000000,0.566344,0.796437,-0.037480,0.501838,0.742335,-0.047400,0.466433,0.657839,-0.045608,0.474410,0.611473,-0.040997,0.553519,0.600582,-0.054976,0.477402,0.540167,-0.064748,0.435399,0.515558,-0.068168,0.404280,0.489398,-0.071725,0.579663,0.549472,-0.034123,0.499377,0.562851,-0.041421,0.500895,0.626426,-0.032398,0.520717,0.650630,-0.025707,0.591223,0.530882,-0.014757,0.518467,0.554261,-0.026128,0.519131,0.610725,-0.020681,0.536465,0.632539,-0.014914,0.596900,0.530427,0.002355,0.543000,0.547492,-0.008175,0.539565,0.588633,-0.008025,0.551647,0.615929,-0.005536
1266,1695021715.050477,0,52.8688,52.8688,0.6036,-27.3406,41.1188,370.5780,80.4244,6131.7652,1.0507,156.2469,107.0118,115.1411,95.9980,78.7100,67.4805,0.001313,0.629702,0.768676,-0.000000,0.566737,0.796538,-0.038023,0.502802,0.743154,-0.048892,0.465904,0.657992,-0.048211,0.473162,0.612311,-0.044651,0.554982,0.600293,-0.054368,0.477695,0.541178,-0.063065,0.435415,0.516553,-0.065776,0.404903,0.489613,-0.069199,0.580799,0.548704,-0.033116,0.501361,0.560207,-0.040215,0.502594,0.621813,-0.031513,0.521890,0.645005,-0.025107,0.591945,0.530002,-0.013193,0.520347,0.552476,-0.024188,0.520438,0.607269,-0.018632,0.537223,0.628382,-0.012918,0.597009,0.529417,0.004478,0.544486,0.545678,-0.006110,0.541157,0.585638,-0.006162,0.553042,0.611737,-0.003813
1267,1695021715.058810,0,59.6092,59.6092,0.9775,0.3739,42.0442,384.8204,56.3507,6383.4086,2.1395,157.6613,111.6150,111.6545,92.7025,74.1128,61.7528,0.001663,0.628855,0.774452,-0.000000,0.566120,0.794940,-0.041669,0.503672,0.740748,-0.052746,0.466809,0.660533,-0.049703,0.473941,0.614834,-0.043546,0.555018,0.597569,-0.065072,0.477486,0.536573,-0.072920,0.436722,0.513091,-0.074937,0.406133,0.485646,-0.077493,0.581377,0.548465,-0.039070,0.500065,0.565859,-0.041330,0.502878,0.631406,-0.029247,0.523282,0.655283,-0.021715,0.592292,0.531847,-0.013989,0.519139,0.557786,-0.020829,0.520851,0.616627,-0.015265,0.538176,0.637433,-0.010725,0.597367,0.530617,0.008962,0.545146,0.548132,0.002580,0.542668,0.590190,0.003445,0.554770,0.616772,0.005417
1268,1695021715.067143,0,-51.2995,-51.2995,-0.5629,-1.5405,52.0636,296.3541,81.1677,6111.1487,1.1317,152.4869,112.5697,112.3333,92.7101,74.4678,62.6776,0.001582,0.628798,0.769168,-0.000000,0.566307,0.794929,-0.038506,0.503264,0.741894,-0.050285,0.466896,0.656106,-0.050971,0.473513,0.606427,-0.048836,0.556121,0.599430,-0.053747,0.478529,0.538465,-0.062485,0.436783,0.512785,-0.064537,0.406716,0.486339,-0.067367,0.581751,0.549146,-0.032976,0.501145,0.558243,-0.042334,0.502177,0.618300,-0.034953,0.521469,0.642910,-0.028834,0.592974,0.531083,-0.013562,0.520596,0.551821,-0.026586,0.520503,0.605740,-0.021585,0.537028,0.627717,-0.015609,0.597597,0.529845,0.003571,0.544611,0.544756,-0.008610,0.540629,0.585398,-0.009352,0.551754,0.611903,-0.007084
1269,1695021715.075477,0,-52.3687,-52.3687,-26.9730,-26.4101,52.8726,2102.1227,16.0087,5595.5396,2.4714,156.1790,115.8389,111.5339,90.7037,71.3475,58.9080,0.001492,0.632119,0.771457,-0.000000,0.567306,0.798436,-0.037320,0.503444,0.742646,-0.048236,0.469334,0.654528,-0.047758,0.477366,0.608417,-0.044463,0.554035,0.601160,-0.054880,0.478908,0.537291,-0.063779,0.438563,0.511277,-0.066125,0.409525,0.483412,-0.069211,0.580914,0.550064,-0.034624,0.500949,0.560257,-0.042408,0.503927,0.620970,-0.033624,0.524472,0.642414,-0.027131,0.592566,0.531579,-0.015702,0.520333,0.552282,-0.027294,0.522353,0.605997,-0.021914,0.540149,0.624377,-0.016447,0.598156,0.531334,0.001002,0.544518,0.546640,-0.009718,0.542457,0.586117,-0.009717,0.554738,0.611568,-0.007468
1270,1695021715.083810,0,49.2556,49.2556,-0.9033,26.0697,51.9120,343.2008,72.7073,5194.3882,1.1112,151.3789,115.6896,110.2666,89.5381,70.9224,59.8035,0.001676,0.628833,0.769270,-0.000000,0.565722,0.795155,-0.038718,0.502189,0.739619,-0.049838,0.465617,0.652428,-0.048916,0.474605,0.604958,-0.044970,0.553842,0.602763,-0.056551,0.478242,0.536171,-0.063746,0.438323,0.510684,-0.064297,0.409398,0.483965,-0.066133,0.580779,0.551065,-0.034300,0.500908,0.557197,-0.040284,0.502682,0.619283,-0.030696,0.521995,0.643226,-0.023742,0.592556,0.531371,-0.013166,0.520754,0.551475,-0.023151,0.521029,0.607444,-0.018118,0.537773,0.629410,-0.012995,0.597980,0.528853,0.005819,0.545460,0.542619,-0.004220,0.541672,0.583541,-0.004917,0.552747,0.611504,-0.003195
1271,1695021715.092143,0,-51.5923,-51.5923,-27.8004,-26.8971,52.1244,2004.9438,4.9373,4590.6635,1.6379,157.6520,121.8841,103.7333,83.0198,65.3670,58.0567,0.003065,0.631085,0.777061,-0.000000,0.565502,0.797484,-0.041311,0.502569,0.738208,-0.052638,0.467525,0.653156,-0.050338,0.475589,0.602325,-0.045160,0.555586,0.595292,-0.062434,0.476923,0.529252,-0.067281,0.436623,0.503679,-0.066307,0.407472,0.474461,-0.067117,0.583278,0.548402,-0.036887,0.500537,0.562673,-0.039564,0.502615,0.627798,-0.027926,0.523366,0.653186,-0.020175,0.594589,0.534094,-0.012053,0.519788,0.556815,-0.019425,0.521389,0.616402,-0.014406,0.538946,0.638163,-0.010014,0.599466,0.534145,0.010786,0.545712,0.550416,0.003886,0.543605,0.593858,0.004284,0.556016,0.622015,0.006066
1272,1695021715.100477,0,49.8370,49.8370,25.2841,53.0845,49.6281,1989.4058,7.7685,4853.5800,2.2923,154.8843,123.4701,102.2976,81.0551,62.4986,54.7099,0.003040,0.630103,0.772854,-0.000000,0.566006,0.797883,-0.038581,0.502730,0.740515,-0.049297,0.468344,0.652033,-0.048083,0.477217,0.603809,-0.043946,0.553622,0.602508,-0.055715,0.478983,0.531950,-0.063765,0.438827,0.502919,-0.065363,0.409537,0.473445,-0.067851,0.581381,0.551580,-0.033670,0.501368,0.557335,-0.040112,0.503009,0.619316,-0.030713,0.522727,0.644328,-0.023718,0.593663,0.532603,-0.012935,0.521413,0.551562,-0.023394,0.522108,0.607297,-0.018126,0.539035,0.629908,-0.012631,0.599649,0.530681,0.005565,0.546676,0.544734,-0.004687,0.543199,0.585170,-0.005154,0.554185,0.612907,-0.003096
1273,1695021715.108810,0,47.6887,47.6887,25.0144,-0.2697,49.4400,2022.2708,36.8837,4493.9339,2.4578,155.6157,127.7632,99.1004,76.6979,57.6165,51.3372,0.003337,0.630997,0.775376,-0.000000,0.567237,0.799523,-0.036994,0.503366,0.742344,-0.047645,0.468454,0.654726,-0.047243,0.476800,0.607933,-0.044151,0.555755,0.602639,-0.053351,0.480105,0.531041,-0.061056,0.439848,0.499265,-0.062041,0.410594,0.467961,-0.064213,0.582996,0.552305,-0.033076,0.502853,0.556903,-0.040858,0.502130,0.619497,-0.032094,0.520407,0.646277,-0.025138,0.595335,0.533721,-0.013980,0.522135,0.550307,-0.025566,0.520944,0.606247,-0.019767,0.537027,0.629812,-0.013538,0.600879,0.532568,0.002937,0.546027,0.545258,-0.007791,0.541036,0.586406,-0.007511,0.552058,0.614377,-0.004722
1274,1695021715.117143,0,52.5246,52.5246,0.8172,-24.1971,40.5975,598.5521,38.8309,4678.1418,2.1171,156.0216,131.6590,99.4142,74.7264,55.6158,51.6366,0.003574,0.631306,0.777193,-0.000000,0.565928,0.800621,-0.037189,0.502729,0.741392,-0.048660,0.469726,0.649862,-0.049001,0.478612,0.596322,-0.046568,0.554684,0.601950,-0.054183,0.480622,0.526869,-0.062980,0.440602,0.495882,-0.064794,0.412064,0.465076,-0.067420,0.582877,0.552163,-0.033601,0.501190,0.554830,-0.041980,0.503100,0.615721,-0.033067,0.523762,0.639644,-0.026109,0.595485,0.534048,-0.014294,0.521332,0.549842,-0.026541,0.522154,0.604819,-0.020718,0.539775,0.625557,-0.014586,0.601044,0.532642,0.002861,0.546380,0.545068,-0.008646,0.542955,0.587122,-0.008757,0.554567,0.613856,-0.006252
1275,1695021715.125477,0,-47.7755,-47.7755,0.9542,0.1370,48.8821,453.8198,60.6580,4474.7268,1.7176,156.4028,133.3212,96.2047,73.2127,56.1247,54.6915,0.004598,0.631274,0.777884,-0.000000,0.565591,0.799740,-0.037144,0.503698,0.740559,-0.048682,0.470069,0.651712,-0.049051,0.476592,0.595765,-0.046770,0.553865,0.597520,-0.053253,0.478180,0.522672,-0.059283,0.438859,0.492607,-0.059183,0.410820,0.461745,-0.060706,0.582897,0.550240,-0.031876,0.501391,0.554429,-0.038489,0.503164,0.616257,-0.029439,0.523249,0.642035,-0.022393,0.596594,0.534866,-0.011426,0.522773,0.551481,-0.021813,0.523425,0.607279,-0.016343,0.540745,0.630140,-0.010686,0.602907,0.534270,0.007018,0.549146,0.547089,-0.003440,0.545503,0.589764,-0.003730,0.556991,0.617446,-0.001340
1276,1695021715.133810,0,-47.9717,-47.9717,-24.4522,-25.4064,47.9808,1922.7912,31.1507,4269.0959,1.8627,156.6427,135.6039,95.8797,72.6136,54.5578,51.2924,0.004137,0.629670,0.777744,-0.000000,0.563707,0.800842,-0.036364,0.501526,0.740549,-0.047407,0.469297,0.649094,-0.046951,0.477605,0.594694,-0.043900,0.551903,0.601881,-0.055293,0.478331,0.521921,-0.061499,0.440005,0.490998,-0.061360,0.412623,0.459971,-0.062719,0.581753,0.551965,-0.033375,0.502167,0.552872,-0.037337,0.503586,0.614434,-0.026287,0.523004,0.640115,-0.018778,0.596068,0.535512,-0.012317,0.523604,0.551571,-0.020563,0.524476,0.607581,-0.014530,0.541210,0.629971,-0.009423,0.603364,0.534726,0.006882,0.549982,0.549592,-0.001446,0.546762,0.591946,-0.001164,0.557718,0.619632,0.000779
1277,1695021715.142143,0,-48.7444,-48.7444,-24.1083,0.3439,48.1679,1854.3142,34.7099,4392.5757,0.8233,156.4676,135.6669,95.0247,70.4268,52.4614,51.9068,0.004733,0.629252,0.776157,-0.000000,0.565399,0.798965,-0.037116,0.502066,0.739913,-0.047750,0.467429,0.651569,-0.047069,0.476592,0.603338,-0.043796,0.552706,0.602690,-0.053410,0.478973,0.524665,-0.060626,0.440206,0.490916,-0.061476,0.412065,0.458988,-0.063434,0.581617,0.552464,-0.032071,0.501860,0.554551,-0.038201,0.501261,0.616187,-0.028792,0.519561,0.643481,-0.021696,0.595238,0.534905,-0.011884,0.522918,0.550342,-0.021890,0.521701,0.605591,-0.016297,0.537650,0.630351,-0.010575,0.601784,0.534348,0.006195,0.548384,0.547582,-0.003589,0.543886,0.588115,-0.003702,0.554724,0.616603,-0.001364
1278,1695021715.150477,0,55.9671,55.9671,0.8606,24.9689,50.1832,332.5907,49.8196,4473.5372,0.9192,159.5772,133.3189,92.6335,68.8638,51.8357,52.3563,0.005102,0.630616,0.777199,-0.000000,0.564360,0.799242,-0.035673,0.501079,0.740720,-0.046451,0.468652,0.650190,-0.046257,0.477199,0.597368,-0.043582,0.554687,0.601767,-0.054519,0.478778,0.523631,-0.062103,0.439226,0.490221,-0.063301,0.410507,0.457611,-0.065802,0.583747,0.551141,-0.034357,0.502145,0.553925,-0.041212,0.502622,0.614694,-0.031645,0.521825,0.641319,-0.024717,0.597174,0.533672,-0.015115,0.523152,0.550078,-0.025265,0.523197,0.604530,-0.018451,0.540004,0.628494,-0.012327,0.603458,0.532741,0.002049,0.548501,0.546960,-0.008352,0.544523,0.588278,-0.007990,0.555559,0.616452,-0.005481
1279,1695021715.158810,0,-53.4950,-53.4950,-1.4299,-2.2905,42.2372,138.2904,12.0018,4528.5026,0.8376,154.6991,136.1271,92.6830,69.0666,50.8862,50.0372,0.004809,0.630093,0.776258,-0.000000,0.564416,0.798850,-0.036521,0.501901,0.740984,-0.047581,0.469314,0.651943,-0.047611,0.477564,0.599745,-0.045224,0.553809,0.600703,-0.054247,0.478205,0.524298,-0.062129,0.439553,0.490231,-0.063669,0.411603,0.456933,-0.066235,0.582643,0.551374,-0.033905,0.502990,0.553683,-0.041128,0.502597,0.614795,-0.032031,0.521020,0.642252,-0.025253,0.596478,0.534020,-0.014664,0.523785,0.547020,-0.025621,0.523208,0.602251,-0.019544,0.539874,0.627627,-0.013610,0.603260,0.533027,0.002475,0.548630,0.544753,-0.008530,0.544156,0.586776,-0.008448,0.555636,0.615644,-0.005904
1280,1695021715.167143,0,-50.1864,-50.1864,-0.5537,0.8762,42.4687,104.8558,72.6048,4370.6559,0.6663,154.7500,137.0839,92.7747,69.6005,51.4953,50.5936,0.004876,0.628164,0.774301,-0.000000,0.562789,0.799512,-0.036951,0.499936,0.739928,-0.047429,0.468244,0.647835,-0.046278,0.478494,0.594453,-0.042405,0.551749,0.604519,-0.055673,0.478483,0.522427,-0.063089,0.439661,0.488762,-0.063414,0.411451,0.457140,-0.064826,0.580691,0.552978,-0.034160,0.501469,0.551976,-0.039541,0.501776,0.612549,-0.029007,0.520559,0.638086,-0.021414,0.593842,0.533693,-0.013754,0.521349,0.548924,-0.023318,0.521531,0.604738,-0.017358,0.537983,0.627201,-0.011768,0.600077,0.530906,0.004611,0.546232,0.545314,-0.004887,0.542860,0.587003,-0.004813,0.554022,0.614620,-0.002647
1281,1695021715.175477,0,-54.3871,-54.3871,-1.4107,-0.8570,43.1179,227.7650,27.8485,4561.1708,1.7328,160.2215,136.6836,90.1073,67.4623,51.3065,52.9248,0.005615,0.630218,0.778047,-0.000000,0.563491,0.799465,-0.036078,0.500698,0.739759,-0.046991,0.468302,0.649139,-0.046812,0.477051,0.595740,-0.044220,0.553078,0.601285,-0.054889,0.477872,0.522038,-0.062993,0.438734,0.487134,-0.064714,0.410534,0.452591,-0.067423,0.582440,0.552451,-0.034410,0.501772,0.555329,-0.041603,0.502561,0.617260,-0.032228,0.522325,0.644232,-0.025262,0.596302,0.535810,-0.014901,0.522736,0.550614,-0.025593,0.523470,0.605925,-0.019239,0.541333,0.630079,-0.013192,0.603333,0.534978,0.002579,0.548422,0.547448,-0.008123,0.544826,0.589734,-0.007796,0.556980,0.618679,-0.005112
1282,1695021715.183810,0,48.2045,48.2045,-1.9406,-0.5300,51.4069,238.3959,75.4750,4415.7160,0.7565,157.1366,137.9240,91.0083,69.1152,53.7096,54.4561,0.005620,0.627407,0.776419,-0.000000,0.562752,0.797907,-0.036392,0.500947,0.740771,-0.048579,0.468034,0.650530,-0.050000,0.476075,0.594009,-0.048886,0.552200,0.602802,-0.054218,0.476912,0.522117,-0.061840,0.438313,0.486905,-0.062143,0.410624,0.453284,-0.063754,0.581410,0.552781,-0.033799,0.500230,0.553885,-0.041868,0.500144,0.614408,-0.032931,0.518844,0.642833,-0.025877,0.595759,0.534008,-0.014295,0.521607,0.549323,-0.025773,0.521293,0.603638,-0.019695,0.537973,0.629438,-0.013512,0.602951,0.530729,0.003206,0.547440,0.544075,-0.008573,0.542695,0.586070,-0.009037,0.553418,0.614837,-0.006561
1283,1695021715.192143,0,47.3801,47.3801,25.2188,27.1594,49.2464,1566.5062,73.4138,4707.1376,0.4528,157.2307,134.9984,91.3607,69.1922,52.9014,52.9018,0.005072,0.627206,0.777436,-0.000000,0.561118,0.798241,-0.036297,0.500305,0.738293,-0.047152,0.468914,0.649193,-0.046399,0.476388,0.595066,-0.043173,0.549837,0.599821,-0.055553,0.476146,0.518807,-0.060608,0.437986,0.486540,-0.059859,0.410431,0.453806,-0.060969,0.580140,0.551134,-0.033444,0.500095,0.554876,-0.036648,0.501408,0.617799,-0.025480,0.520716,0.644495,-0.017964,0.594496,0.535335,-0.012013,0.521704,0.554120,-0.018734,0.522555,0.611049,-0.012507,0.539085,0.634578,-0.007667,0.601503,0.534412,0.007493,0.547995,0.550839,0.000216,0.544794,0.594120,0.000809,0.555419,0.622724,0.002862
1284,1695021715.200477,0,52.1901,52.1901,25.5941,0.3753,49.7910,1590.3453,55.7333,4233.7018,1.3293,157.0100,138.7965,90.1777,67.5345,50.5364,50.5386,0.005151,0.628415,0.777953,-0.000000,0.562288,0.798700,-0.035798,0.500031,0.739344,-0.046753,0.468289,0.649278,-0.046962,0.476828,0.596149,-0.044773,0.552808,0.602042,-0.053764,0.478688,0.520745,-0.062108,0.440214,0.485057,-0.063588,0.412083,0.451603,-0.065953,0.582084,0.552179,-0.033841,0.501180,0.553903,-0.041622,0.500108,0.615490,-0.032460,0.518246,0.644110,-0.025445,0.595944,0.534623,-0.015002,0.522051,0.549979,-0.026224,0.521044,0.605240,-0.019792,0.537329,0.630404,-0.013482,0.602345,0.533551,0.001762,0.546936,0.547284,-0.009058,0.542066,0.589310,-0.008690,0.552967,0.617788,-0.005916
1285,1695021715.208810,0,46.7650,46.7650,25.2880,-0.3061,41.2522,1582.2979,75.1232,4169.9058,0.7314,155.6613,138.7092,89.8901,66.6873,50.2473,51.3057,0.005343,0.627537,0.775725,-0.000000,0.561874,0.797033,-0.035639,0.500014,0.737985,-0.046807,0.468370,0.647632,-0.047383,0.476483,0.594506,-0.045497,0.552263,0.602434,-0.053107,0.478894,0.520655,-0.061245,0.440600,0.484967,-0.062444,0.412498,0.451248,-0.064667,0.581608,0.552612,-0.033169,0.501475,0.552138,-0.041243,0.501009,0.613377,-0.032372,0.519331,0.641925,-0.025431,0.595527,0.534594,-0.014274,0.522173,0.547926,-0.025873,0.521433,0.602948,-0.019663,0.537714,0.629024,-0.013331,0.601974,0.532396,0.002600,0.547384,0.544479,-0.008899,0.542820,0.586202,-0.009071,0.553491,0.614814,-0.006498
1286,1695021715.217143,0,-47.1113,-47.1113,-23.8290,-49.1170,38.3452,1755.3258,81.9136,4284.2343,0.7589,155.4745,139.7556,91.5577,67.8028,50.2120,50.9053,0.005320,0.627572,0.773028,-0.000000,0.561794,0.796978,-0.036205,0.499880,0.736937,-0.046954,0.468288,0.644388,-0.046647,0.476234,0.587732,-0.043615,0.551921,0.603814,-0.054205,0.479317,0.519760,-0.062915,0.440406,0.484491,-0.064221,0.412339,0.451485,-0.066373,0.581246,0.553828,-0.033868,0.501391,0.551731,-0.041788,0.502285,0.611477,-0.032500,0.521916,0.636976,-0.025379,0.595022,0.534955,-0.014744,0.522040,0.547466,-0.026165,0.522639,0.601611,-0.019815,0.539917,0.624274,-0.013608,0.601719,0.532093,0.002268,0.547569,0.544699,-0.009041,0.543768,0.586302,-0.009214,0.554899,0.613884,-0.006814
1287,1695021715.225477,0,47.2837,47.2837,-0.0241,23.8048,38.2569,215.9197,42.5533,4384.6189,1.4482,157.6049,139.7695,88.6652,65.7587,50.1805,52.9813,0.006011,0.626622,0.777804,-0.000000,0.560322,0.797629,-0.035405,0.499065,0.736709,-0.046510,0.468253,0.644638,-0.046839,0.476422,0.590567,-0.044735,0.551236,0.601368,-0.053799,0.477793,0.517160,-0.060916,0.439552,0.481620,-0.061265,0.411630,0.447943,-0.063012,0.581303,0.551636,-0.033261,0.500556,0.552638,-0.040198,0.500452,0.614137,-0.030644,0.518765,0.643413,-0.023453,0.595743,0.534023,-0.013554,0.522236,0.551328,-0.023579,0.521874,0.605984,-0.017439,0.537740,0.631991,-0.011667,0.602818,0.531774,0.004175,0.548302,0.548232,-0.005915,0.543680,0.590316,-0.006129,0.553450,0.618684,-0.003938
1288,1695021715.233810,0,-46.3789,-46.3789,-24.6423,-24.6181,46.8199,1550.3922,32.6641,4322.3160,0.6505,159.4128,139.2247,88.4566,64.5132,47.0208,49.1690,0.005498,0.627856,0.777655,-0.000000,0.561860,0.796909,-0.034302,0.501054,0.736352,-0.044608,0.469372,0.647588,-0.043560,0.476810,0.592971,-0.040214,0.549525,0.601927,-0.056146,0.477426,0.516180,-0.062367,0.440073,0.481144,-0.062452,0.412433,0.447360,-0.063878,0.579401,0.552579,-0.034665,0.500868,0.551925,-0.037242,0.501785,0.613216,-0.025508,0.520160,0.640267,-0.018025,0.594204,0.535597,-0.013692,0.521859,0.551690,-0.019688,0.522727,0.607561,-0.012836,0.538773,0.631461,-0.007933,0.601785,0.533807,0.005537,0.548347,0.547593,-0.000690,0.544823,0.590245,0.000602,0.555332,0.618894,0.002789
1289,1695021715.242143,0,44.1431,44.1431,-0.6555,23.9868,45.4800,58.2008,28.2821,4423.1823,0.7977,158.0795,136.3373,88.6988,66.5102,49.9026,50.4666,0.005360,0.626394,0.775367,-0.000000,0.560000,0.796989,-0.034166,0.499963,0.736050,-0.044365,0.469969,0.645272,-0.043213,0.476380,0.588206,-0.039650,0.548904,0.600742,-0.055577,0.476289,0.515124,-0.061306,0.438478,0.481673,-0.061006,0.410997,0.448864,-0.062305,0.580154,0.551719,-0.034323,0.501522,0.547869,-0.037222,0.502727,0.607904,-0.025816,0.521124,0.634018,-0.018416,0.595607,0.535100,-0.013532,0.523400,0.547838,-0.020091,0.524513,0.602015,-0.013440,0.540811,0.625575,-0.008525,0.603363,0.533246,0.005567,0.549937,0.545068,-0.002085,0.546310,0.586732,-0.001391,0.556413,0.615152,0.000682
1290,1695021715.250477,0,-43.8110,-43.8110,0.8251,1.4805,44.8405,206.9450,74.8530,4284.5730,0.9561,160.5702,139.0185,89.7307,65.4543,48.1775,50.6028,0.005214,0.627471,0.775307,-0.000000,0.560989,0.796403,-0.032885,0.499509,0.735424,-0.042822,0.469153,0.644432,-0.042454,0.478358,0.592808,-0.039844,0.548310,0.601048,-0.050663,0.476637,0.516948,-0.056709,0.439581,0.481630,-0.056823,0.412427,0.448564,-0.058423,0.579080,0.552565,-0.031220,0.501738,0.548143,-0.036156,0.501715,0.607323,-0.026413,0.519361,0.635517,-0.019476,0.594971,0.535911,-0.012449,0.523741,0.547845,-0.020942,0.523646,0.601288,-0.015063,0.539621,0.626664,-0.009845,0.603618,0.534205,0.004594,0.550060,0.545039,-0.004147,0.545826,0.586206,-0.003817,0.556224,0.614983,-0.001577
1291,1695021715.258810,0,42.1657,42.1657,-1.2795,-2.1046,43.9453,70.8490,1.5033,4577.5005,0.7845,157.1937,139.8282,90.1123,67.0677,49.6539,49.0535,0.004845,0.629983,0.781581,-0.000000,0.561898,0.799622,-0.032867,0.498373,0.736976,-0.042682,0.467306,0.644309,-0.042208,0.477187,0.590637,-0.039291,0.551602,0.599632,-0.049988,0.478695,0.517235,-0.056284,0.440731,0.482356,-0.056588,0.412999,0.449114,-0.058486,0.581808,0.552651,-0.030992,0.501481,0.553109,-0.037386,0.502631,0.613302,-0.028147,0.521862,0.639918,-0.021407,0.596643,0.536801,-0.012732,0.523098,0.552253,-0.022574,0.523586,0.607003,-0.016346,0.540089,0.630758,-0.010662,0.604068,0.535892,0.003736,0.549084,0.549110,-0.005875,0.545477,0.591993,-0.005470,0.556257,0.619746,-0.003024
1292,1695021715.267143,0,41.4705,41.4705,21.9624,23.2418,42.9748,1678.5861,11.8354,4520.4856,0.7107,155.6713,138.7504,90.9089,67.7082,50.7703,50.7141,0.004800,0.627408,0.778821,-0.000000,0.561596,0.799126,-0.033945,0.499996,0.737169,-0.043678,0.469073,0.645878,-0.043018,0.477231,0.592747,-0.039930,0.549289,0.600809,-0.050339,0.478377,0.516670,-0.056731,0.440408,0.482280,-0.056705,0.412949,0.450729,-0.058073,0.579212,0.553572,-0.030794,0.500824,0.552899,-0.036974,0.500748,0.612357,-0.027818,0.518750,0.639772,-0.021028,0.594132,0.537334,-0.012170,0.522075,0.552279,-0.022174,0.521824,0.605622,-0.016534,0.537377,0.629889,-0.011086,0.601724,0.536341,0.004582,0.547196,0.548702,-0.005141,0.542836,0.590584,-0.004956,0.552929,0.618924,-0.002533
1293,1695021715.275477,0,45.7890,45.7890,0.4115,-21.5509,34.9142,148.7678,61.1060,4380.0552,0.9037,159.1952,142.3041,90.2886,67.2868,50.9547,51.6759,0.005370,0.628803,0.778084,-0.000000,0.561937,0.796261,-0.034168,0.500413,0.736581,-0.045019,0.468884,0.646021,-0.045275,0.478585,0.592239,-0.043052,0.551301,0.598920,-0.051926,0.478121,0.517633,-0.059171,0.440313,0.482377,-0.060426,0.412336,0.448308,-0.062679,0.581161,0.551232,-0.031772,0.501492,0.551940,-0.038025,0.503372,0.611564,-0.028631,0.523017,0.638412,-0.021589,0.595711,0.535278,-0.012396,0.523093,0.550188,-0.021873,0.524231,0.604050,-0.015835,0.541345,0.627397,-0.010091,0.602945,0.533913,0.005160,0.549486,0.545201,-0.003876,0.546255,0.586966,-0.003299,0.557481,0.614819,-0.000639
1294,1695021715.283810,0,-45.3284,-45.3284,-0.3794,-0.7908,42.9974,136.8281,30.9167,4240.5023,1.2627,158.5039,139.2954,91.9089,67.0549,48.5188,48.1310,0.004353,0.628443,0.778548,-0.000000,0.562484,0.799136,-0.032851,0.500600,0.737509,-0.043208,0.468561,0.646392,-0.043521,0.476854,0.592278,-0.041530,0.551132,0.604140,-0.049868,0.479348,0.521117,-0.057245,0.441736,0.485150,-0.058282,0.414237,0.451581,-0.060487,0.580987,0.554391,-0.031061,0.502407,0.550598,-0.037896,0.501879,0.610588,-0.028874,0.519722,0.638466,-0.021955,0.596009,0.536236,-0.013047,0.523550,0.549019,-0.023184,0.523117,0.602728,-0.016578,0.539465,0.627441,-0.010298,0.603688,0.533789,0.003183,0.549307,0.544882,-0.006836,0.544719,0.586819,-0.006067,0.555538,0.615310,-0.003054
1295,1695021715.292143,0,-46.8056,-46.8056,-22.2428,-21.8635,43.7303,1669.6857,72.8031,4392.9215,0.5832,157.4537,138.7232,91.3013,67.4190,50.0759,50.0559,0.004967,0.627491,0.775979,-0.000000,0.561498,0.794447,-0.034000,0.500169,0.734901,-0.044590,0.468161,0.644371,-0.044533,0.478150,0.590850,-0.042036,0.550374,0.601623,-0.052337,0.477855,0.520516,-0.059610,0.440818,0.484858,-0.060834,0.413552,0.450911,-0.063069,0.580267,0.553099,-0.032143,0.502544,0.552948,-0.037731,0.503513,0.611532,-0.028089,0.522110,0.639403,-0.021105,0.595190,0.536071,-0.012690,0.524406,0.549440,-0.021702,0.525154,0.601951,-0.015601,0.542015,0.627196,-0.009963,0.603287,0.533829,0.004980,0.550671,0.545288,-0.004142,0.547192,0.585802,-0.003706,0.558286,0.614479,-0.001135
1296,1695021715.300477,0,55.7459,55.7459,3.5689,25.8117,46.1560,84.4988,58.5380,4222.8369,1.3115,157.5085,141.3192,92.0661,65.9889,46.4857,46.7807,0.004557,0.628307,0.776627,-0.000000,0.561892,0.797329,-0.034961,0.499513,0.736691,-0.045797,0.468658,0.643813,-0.045623,0.478629,0.590767,-0.042994,0.552391,0.604130,-0.055612,0.479891,0.520183,-0.063984,0.442499,0.483378,-0.065264,0.414977,0.449230,-0.067509,0.582159,0.554371,-0.035711,0.502031,0.552925,-0.042454,0.502044,0.613280,-0.032282,0.520417,0.641095,-0.024924,0.596213,0.535958,-0.016705,0.522729,0.549501,-0.026939,0.522837,0.603611,-0.020206,0.539394,0.627587,-0.014090,0.603105,0.533337,0.000375,0.547521,0.545980,-0.009676,0.543467,0.586986,-0.009132,0.554494,0.614758,-0.006573
1297,1695021715.308810,0,-50.3262,-50.3262,-24.0288,-27.5977,48.2647,1686.4805,66.6526,4169.8969,1.0017,157.0170,140.8809,92.7359,67.4907,48.0454,47.4735,0.004425,0.627802,0.779713,-0.000000,0.561797,0.797122,-0.034464,0.500080,0.735467,-0.045205,0.468051,0.644319,-0.045529,0.477439,0.590710,-0.043558,0.553393,0.600458,-0.051544,0.479796,0.520832,-0.058134,0.442386,0.485325,-0.059142,0.415410,0.451413,-0.061710,0.583720,0.552856,-0.031821,0.504538,0.553055,-0.038153,0.503902,0.612255,-0.029215,0.521673,0.640473,-0.022823,0.598572,0.537313,-0.012893,0.526479,0.548999,-0.022261,0.525373,0.600882,-0.015644,0.541335,0.626421,-0.009811,0.605570,0.536994,0.004057,0.551853,0.547021,-0.005903,0.546767,0.586869,-0.005601,0.557139,0.615409,-0.003145
1298,1695021715.317143,0,-47.3345,-47.3345,-0.5015,23.5273,41.3098,216.7681,20.8742,4321.0817,1.8637,157.5957,143.7452,90.6358,63.8423,44.4521,46.3131,0.004990,0.628364,0.780056,-0.000000,0.561523,0.798161,-0.032533,0.498995,0.735950,-0.042570,0.468885,0.643147,-0.042468,0.479546,0.589588,-0.039936,0.551427,0.603287,-0.050988,0.480745,0.518489,-0.059283,0.443288,0.481347,-0.060954,0.415614,0.447091,-0.063556,0.582057,0.555423,-0.032540,0.503698,0.552190,-0.039422,0.503366,0.610942,-0.029977,0.521397,0.637275,-0.023170,0.597220,0.538348,-0.015027,0.525471,0.550313,-0.025116,0.524708,0.602682,-0.018432,0.540545,0.626045,-0.012450,0.605001,0.536744,0.000637,0.550713,0.547369,-0.009069,0.545734,0.587999,-0.008394,0.555681,0.615656,-0.005785
1299,1695021715.325477,0,49.2324,49.2324,24.0095,24.5110,49.3632,1711.5049,29.2996,4224.1769,1.1433,160.3380,142.5326,91.0362,65.4775,46.0507,46.3181,0.004596,0.627352,0.778527,-0.000000,0.560787,0.798862,-0.032667,0.499482,0.736896,-0.042367,0.470201,0.644824,-0.041678,0.479075,0.590009,-0.038656,0.549954,0.604472,-0.051138,0.480285,0.518053,-0.058706,0.442773,0.482060,-0.060080,0.415208,0.448893,-0.062363,0.580824,0.556739,-0.031953,0.503275,0.553164,-0.037385,0.503539,0.611733,-0.027528,0.521941,0.638031,-0.020589,0.596396,0.540048,-0.013645,0.524820,0.552073,-0.022590,0.525068,0.605030,-0.016223,0.541466,0.628475,-0.010713,0.604820,0.538156,0.002885,0.550731,0.549739,-0.006162,0.546581,0.590964,-0.005484,0.557062,0.618776,-0.003000
1300,1695021715.333810,0,45.5326,45.5326,-2.5533,-26.5628,48.6196,103.1660,83.3585,4083.3318,0.2467,159.3819,142.0849,89.5808,64.6571,45.5307,46.0085,0.004991,0.626346,0.780284,-0.000000,0.560399,0.797933,-0.033985,0.499970,0.735694,-0.044052,0.469681,0.645214,-0.042553,0.478238,0.590909,-0.038828,0.549892,0.604665,-0.056582,0.479099,0.518314,-0.062596,0.442460,0.483036,-0.062863,0.415064,0.448907,-0.064532,0.580611,0.555787,-0.034875,0.501768,0.554888,-0.036721,0.501760,0.617050,-0.024548,0.519452,0.646239,-0.016949,0.595580,0.539168,-0.013592,0.523399,0.554926,-0.018809,0.523677,0.610905,-0.011779,0.539322,0.636443,-0.006982,0.603276,0.537084,0.006006,0.549943,0.551840,0.000320,0.545887,0.594398,0.001649,0.555786,0.623542,0.003667
1301,1695021715.342143,0,-54.9029,-54.9029,-1.1442,1.4092,48.2007,219.0904,74.6671,4257.9624,0.5909,159.2616,144.5046,89.6202,64.0603,44.8795,46.3791,0.005153,0.625848,0.779584,-0.000000,0.560167,0.798011,-0.035349,0.500026,0.736360,-0.045873,0.469908,0.645501,-0.044554,0.478738,0.591250,-0.040812,0.551701,0.605083,-0.058014,0.480141,0.519812,-0.065861,0.443075,0.483708,-0.067520,0.415833,0.448886,-0.069986,0.582044,0.556623,-0.036279,0.502779,0.554056,-0.039689,0.502402,0.614632,-0.028144,0.520535,0.642041,-0.020763,0.596260,0.540043,-0.015255,0.523315,0.552719,-0.022216,0.523428,0.608163,-0.015179,0.539646,0.632233,-0.009898,0.603684,0.538574,0.003917,0.549549,0.550960,-0.003391,0.545357,0.592825,-0.002242,0.555670,0.621855,-0.000014
1302,1695021715.350477,0,49.2444,49.2444,24.1447,25.2889,48.6374,1943.9020,42.0281,4221.8463,1.1769,157.1605,143.6789,90.9772,64.1290,42.3989,41.2036,0.004199,0.627283,0.778966,-0.000000,0.561943,0.798806,-0.035121,0.501371,0.738587,-0.045856,0.470041,0.648083,-0.045234,0.478975,0.594087,-0.042372,0.551551,0.607260,-0.055865,0.481434,0.523930,-0.063402,0.445082,0.486617,-0.064978,0.418047,0.450982,-0.067603,0.581013,0.558293,-0.034944,0.503915,0.557490,-0.039366,0.503510,0.617379,-0.028779,0.521207,0.645081,-0.021711,0.595307,0.540883,-0.014779,0.524369,0.555206,-0.022827,0.524582,0.609710,-0.016083,0.540846,0.634184,-0.010614,0.602891,0.538820,0.003514,0.549882,0.551153,-0.004897,0.546134,0.592794,-0.003989,0.557178,0.621478,-0.001576
1303,1695021715.358810,0,54.3892,54.3892,1.2892,-22.8555,41.8960,147.8217,68.0887,4303.2523,0.9930,156.9753,144.6426,91.0876,64.3288,43.3150,42.7854,0.004501,0.626623,0.781065,-0.000000,0.561221,0.800152,-0.034159,0.500506,0.739659,-0.044866,0.469892,0.646681,-0.044925,0.479659,0.593342,-0.042573,0.552455,0.610358,-0.053801,0.482181,0.525281,-0.063239,0.445040,0.486410,-0.065968,0.417068,0.450996,-0.069302,0.581651,0.560402,-0.034741,0.503278,0.554142,-0.042450,0.503153,0.613155,-0.033332,0.520974,0.641967,-0.026534,0.595625,0.540533,-0.016653,0.523610,0.550534,-0.027092,0.523603,0.603611,-0.020210,0.539726,0.628834,-0.013945,0.602701,0.536453,-0.000626,0.548511,0.545907,-0.011316,0.544065,0.587134,-0.011077,0.554376,0.615684,-0.008595
1304,1695021715.367143,0,-52.2244,-52.2244,-24.4392,-25.7284,50.6847,1886.2632,76.9319,4328.8565,0.5016,157.0262,145.9857,91.3189,64.5174,44.2926,44.7240,0.004778,0.628475,0.783100,-0.000000,0.562521,0.802112,-0.032958,0.500548,0.740869,-0.043202,0.470208,0.649074,-0.043287,0.479563,0.595219,-0.041062,0.552157,0.608612,-0.051474,0.481399,0.524284,-0.060118,0.444280,0.486422,-0.062215,0.416729,0.451150,-0.065186,0.582060,0.559268,-0.032890,0.502998,0.555838,-0.040256,0.502738,0.615566,-0.030996,0.520619,0.643602,-0.024146,0.596809,0.541260,-0.015239,0.524425,0.553439,-0.025741,0.523907,0.606715,-0.018819,0.539832,0.631959,-0.012494,0.604052,0.539443,0.000490,0.550167,0.550876,-0.010072,0.545398,0.591986,-0.009588,0.555452,0.620257,-0.006879
1305,1695021715.375477,0,-47.6242,-47.6242,1.8197,26.2589,50.7353,165.6805,66.4746,4227.3487,1.2705,159.2184,141.6233,91.1368,64.5558,44.1834,44.6984,0.004494,0.626976,0.784995,-0.000000,0.560453,0.801458,-0.033142,0.500736,0.738959,-0.042720,0.470590,0.648263,-0.041209,0.480570,0.594612,-0.037263,0.549074,0.604063,-0.052355,0.478984,0.519907,-0.057486,0.442548,0.486078,-0.057332,0.415679,0.453197,-0.058541,0.580073,0.558391,-0.031100,0.502794,0.557244,-0.032909,0.503929,0.617123,-0.021648,0.522444,0.643982,-0.014275,0.595524,0.544199,-0.010338,0.524726,0.558978,-0.016048,0.524988,0.613702,-0.010304,0.540916,0.637764,-0.005804,0.603725,0.544026,0.008848,0.551858,0.554938,0.003096,0.547980,0.596522,0.004119,0.558116,0.625508,0.006319
1306,1695021715.383810,0,63.9688,63.9688,3.6811,1.8614,52.0625,74.4220,77.8671,4231.8847,0.6417,160.2299,144.8167,92.0998,65.0206,44.5021,44.2274,0.004599,0.625454,0.782335,-0.000000,0.561542,0.799608,-0.037336,0.501063,0.739415,-0.048485,0.468714,0.650953,-0.047229,0.477916,0.597154,-0.043542,0.553091,0.609298,-0.061547,0.482149,0.526323,-0.071002,0.445124,0.489040,-0.074035,0.416947,0.453198,-0.077315,0.582029,0.559504,-0.038636,0.503011,0.560166,-0.042374,0.501668,0.621730,-0.030252,0.518876,0.649732,-0.022552,0.595152,0.541611,-0.016620,0.523116,0.555225,-0.024190,0.522209,0.610248,-0.016738,0.537801,0.634830,-0.010914,0.601323,0.538561,0.003427,0.547626,0.548709,-0.004050,0.542428,0.589595,-0.002468,0.552576,0.618233,0.000167
1307,1695021715.392143,0,46.6532,46.6532,-1.9340,-5.6151,51.7164,18.8797,74.7903,4255.8215,0.9611,159.2623,144.1451,90.8882,64.3818,43.7731,43.1697,0.004454,0.627601,0.783439,-0.000000,0.561735,0.802466,-0.033413,0.500547,0.741264,-0.043784,0.469908,0.650301,-0.043958,0.479372,0.598411,-0.041821,0.551410,0.607783,-0.050682,0.480045,0.524208,-0.058352,0.442608,0.488000,-0.059812,0.415493,0.453673,-0.062312,0.581471,0.560130,-0.031713,0.503415,0.556596,-0.038750,0.503964,0.616425,-0.029678,0.522455,0.643985,-0.022687,0.596456,0.543655,-0.013656,0.524728,0.555793,-0.023859,0.525241,0.609661,-0.017420,0.542022,0.633970,-0.011280,0.604129,0.542334,0.002512,0.550592,0.553837,-0.007683,0.546942,0.595415,-0.007200,0.557911,0.623422,-0.004416
1308,1695021715.400477,0,-50.1299,-50.1299,0.5236,2.4576,51.8983,102.9466,51.8638,4161.1557,1.4220,158.6782,146.3832,91.7637,64.3418,43.6685,43.6095,0.004629,0.625778,0.785165,-0.000000,0.560515,0.801752,-0.033095,0.499165,0.740237,-0.043203,0.467972,0.648216,-0.042851,0.479470,0.595503,-0.040113,0.550906,0.609900,-0.051252,0.481457,0.528091,-0.059738,0.445271,0.489749,-0.062751,0.417729,0.453594,-0.066551,0.581165,0.560705,-0.032026,0.503815,0.558150,-0.037826,0.503521,0.616856,-0.028345,0.520816,0.644262,-0.021814,0.595852,0.542986,-0.013696,0.524663,0.554465,-0.022501,0.524077,0.606551,-0.015136,0.539849,0.631225,-0.008891,0.603149,0.541007,0.002707,0.549134,0.549613,-0.006291,0.544372,0.589432,-0.005018,0.554698,0.617487,-0.002082
1309,1695021715.408810,0,-53.9597,-53.9597,-1.5839,-2.1075,52.1987,102.8199,7.4378,4364.1026,1.6165,153.8094,141.9596,94.5399,67.2984,45.5605,42.5404,0.003742,0.626139,0.781511,-0.000000,0.561485,0.802377,-0.034620,0.499426,0.743089,-0.045884,0.467118,0.651617,-0.047003,0.477704,0.596657,-0.045527,0.552717,0.612446,-0.051481,0.482399,0.528934,-0.061084,0.444938,0.492084,-0.063674,0.416917,0.458121,-0.066921,0.581802,0.562588,-0.032717,0.503911,0.560810,-0.041836,0.504185,0.620229,-0.033358,0.522079,0.646381,-0.026622,0.595852,0.543901,-0.015156,0.524318,0.557077,-0.027291,0.523875,0.610484,-0.019985,0.540221,0.634203,-0.012811,0.602803,0.541468,0.000280,0.549114,0.552465,-0.011466,0.544664,0.593628,-0.010863,0.555806,0.621131,-0.007675
1310,1695021715.417143,0,52.0765,52.0765,-2.9731,-1.3892,52.3797,64.2528,11.4356,4460.8336,0.7999,156.5679,143.9457,92.5803,65.1197,43.2786,42.7967,0.004571,0.624543,0.781646,-0.000000,0.559364,0.800090,-0.034686,0.498782,0.740511,-0.046096,0.467294,0.649867,-0.047155,0.477321,0.594558,-0.045952,0.551882,0.609747,-0.053020,0.480580,0.528905,-0.061725,0.443726,0.491013,-0.064117,0.416090,0.455085,-0.067452,0.581586,0.560589,-0.033740,0.503309,0.559302,-0.041501,0.502659,0.618465,-0.032516,0.520086,0.645712,-0.025781,0.596074,0.543043,-0.015412,0.524526,0.555268,-0.026308,0.523585,0.607606,-0.019075,0.539804,0.631561,-0.012286,0.603029,0.540192,0.000941,0.548528,0.548945,-0.009736,0.543437,0.589654,-0.008695,0.554493,0.617193,-0.005490
1311,1695021715.425477,0,-55.9995,-55.9995,-25.6632,-22.6901,50.3906,1966.3110,71.0803,4322.1118,0.2240,157.2917,143.8900,92.2168,65.1064,43.5694,42.7179,0.004518,0.623824,0.782129,-0.000000,0.558861,0.799552,-0.035367,0.498719,0.737490,-0.045920,0.467415,0.645282,-0.045213,0.478867,0.590834,-0.042043,0.550565,0.610594,-0.054276,0.480480,0.527712,-0.062559,0.443739,0.490550,-0.065199,0.416142,0.454767,-0.068650,0.580595,0.561455,-0.033363,0.503235,0.559707,-0.038686,0.503904,0.619358,-0.028681,0.522388,0.646351,-0.021736,0.595150,0.543707,-0.013423,0.524526,0.555777,-0.022074,0.525354,0.609358,-0.015413,0.542568,0.632980,-0.009599,0.603084,0.540551,0.004540,0.549935,0.549743,-0.004341,0.546126,0.590462,-0.003601,0.557583,0.618689,-0.001083
1312,1695021715.433810,0,-52.1696,-52.1696,-0.5099,25.1532,42.1012,64.7656,82.1376,4056.4252,0.6743,158.3889,145.1001,92.2396,63.5695,42.0092,42.7708,0.004401,0.624512,0.782321,-0.000000,0.559655,0.800998,-0.033387,0.498758,0.740030,-0.042947,0.469075,0.648714,-0.041876,0.479692,0.596477,-0.038405,0.549761,0.610979,-0.051873,0.480642,0.527240,-0.060358,0.444311,0.489486,-0.062725,0.416815,0.454408,-0.065792,0.579887,0.562946,-0.032755,0.502675,0.559784,-0.039092,0.502550,0.618995,-0.029773,0.520347,0.647501,-0.023045,0.594517,0.545335,-0.014611,0.523201,0.556797,-0.024576,0.523544,0.609742,-0.018047,0.540089,0.635210,-0.011981,0.602278,0.543316,0.001622,0.548366,0.552664,-0.008632,0.544536,0.593454,-0.008062,0.555655,0.622957,-0.005308
1313,1695021715.442143,0,-50.9560,-50.9560,0.7509,1.2609,42.1734,82.7726,41.8713,4237.2402,0.6248,158.5895,144.0356,92.2657,64.7792,42.4704,40.2695,0.003855,0.624634,0.781169,-0.000000,0.559037,0.801024,-0.032878,0.497713,0.740030,-0.043106,0.468498,0.646418,-0.043068,0.479065,0.594034,-0.040835,0.550852,0.611151,-0.052757,0.481065,0.528324,-0.061530,0.444279,0.490559,-0.063804,0.416933,0.455760,-0.066983,0.580208,0.562730,-0.034519,0.503410,0.558989,-0.041830,0.503136,0.616558,-0.032591,0.520591,0.643320,-0.025993,0.594270,0.545106,-0.017133,0.523654,0.555181,-0.027764,0.523787,0.606725,-0.020683,0.539930,0.630358,-0.014434,0.601487,0.542928,-0.001621,0.547416,0.552590,-0.012364,0.543271,0.592779,-0.011534,0.554009,0.620368,-0.008760
1314,1695021715.450477,0,-52.6455,-52.6455,-26.1805,-26.9314,42.0409,2037.2257,10.6973,4381.7599,1.1180,157.4545,143.4064,90.4564,63.3487,42.3528,43.2240,0.004840,0.623485,0.783605,-0.000000,0.558626,0.801843,-0.033086,0.498632,0.740742,-0.043214,0.468698,0.649551,-0.042868,0.477562,0.595862,-0.040234,0.549611,0.610177,-0.052690,0.479463,0.525874,-0.061647,0.442383,0.488973,-0.064123,0.414831,0.454482,-0.067137,0.580068,0.562022,-0.033644,0.501815,0.558739,-0.040096,0.501533,0.618828,-0.030325,0.519413,0.646515,-0.023310,0.595226,0.544864,-0.015503,0.522986,0.556835,-0.025398,0.522940,0.611442,-0.018297,0.539357,0.636028,-0.011967,0.603399,0.543277,0.000816,0.549129,0.554137,-0.009007,0.544710,0.596311,-0.007893,0.555436,0.624799,-0.004874
1315,1695021715.458810,0,49.5584,49.5584,26.3895,52.5700,41.0345,1983.9452,74.4452,4346.1223,0.8464,157.3364,144.1185,90.7464,63.1478,41.4731,41.3747,0.004440,0.625798,0.785601,-0.000000,0.559536,0.803135,-0.033086,0.497330,0.741704,-0.043165,0.467682,0.649078,-0.043239,0.478098,0.596821,-0.040920,0.549599,0.608559,-0.049837,0.479791,0.526447,-0.058585,0.443096,0.489075,-0.061476,0.415440,0.453958,-0.065199,0.579814,0.561321,-0.031665,0.502228,0.558457,-0.039013,0.502029,0.618404,-0.030225,0.519669,0.646811,-0.023876,0.594838,0.544868,-0.014625,0.523527,0.554096,-0.025258,0.523341,0.607628,-0.018153,0.539460,0.633568,-0.011751,0.602726,0.543833,0.000367,0.548501,0.551524,-0.010621,0.543816,0.591917,-0.010061,0.554221,0.620290,-0.007290
1316,1695021715.467143,0,-48.6319,-48.6319,0.8844,-25.5050,40.2876,25.9761,81.4192,4260.1893,0.7863,156.6829,143.9968,91.0607,63.5090,42.0118,41.6372,0.004359,0.625111,0.783749,-0.000000,0.559113,0.800441,-0.032108,0.497819,0.739516,-0.041923,0.467315,0.649500,-0.041943,0.477413,0.597628,-0.039711,0.549067,0.607934,-0.048712,0.478792,0.527289,-0.056606,0.442816,0.489799,-0.059024,0.415798,0.454327,-0.062456,0.579277,0.560405,-0.030684,0.502356,0.560481,-0.037581,0.501771,0.618491,-0.029110,0.518901,0.645819,-0.022972,0.594312,0.544546,-0.013579,0.523535,0.557321,-0.023601,0.523039,0.607970,-0.016902,0.538933,0.632472,-0.010820,0.601653,0.544173,0.001640,0.548056,0.554618,-0.008533,0.543705,0.594067,-0.007805,0.554286,0.621985,-0.004997
1317,1695021715.475477,0,49.2826,49.2826,25.0597,24.1752,49.0872,1986.9972,32.6421,4387.8121,1.3850,155.6867,141.0554,92.7376,67.1174,46.2140,42.8673,0.003808,0.622916,0.784334,-0.000000,0.558853,0.801894,-0.033573,0.499591,0.742666,-0.044261,0.468043,0.653804,-0.044497,0.477380,0.598731,-0.042258,0.547333,0.611683,-0.051202,0.478519,0.528549,-0.059406,0.442199,0.492450,-0.061723,0.414930,0.458203,-0.064682,0.577270,0.562591,-0.031529,0.501689,0.558517,-0.036883,0.502451,0.617480,-0.027229,0.520218,0.643941,-0.020420,0.592536,0.545126,-0.012792,0.522860,0.556147,-0.021455,0.522789,0.608840,-0.014680,0.538711,0.632604,-0.008740,0.600235,0.543271,0.004058,0.548581,0.551971,-0.004739,0.544293,0.591964,-0.003751,0.554744,0.619801,-0.000888
1318,1695021715.483810,0,56.8967,56.8967,27.3855,2.3259,50.3298,2016.0802,73.5315,4058.2859,0.7436,158.8218,142.7720,92.4247,65.0723,42.4855,40.7131,0.004250,0.621199,0.782460,-0.000000,0.558934,0.799365,-0.035672,0.499897,0.741131,-0.047181,0.468060,0.653554,-0.046980,0.475369,0.598501,-0.044373,0.548703,0.613604,-0.059519,0.480322,0.528134,-0.068962,0.443709,0.491135,-0.071375,0.415738,0.456994,-0.074037,0.577991,0.563142,-0.037658,0.501156,0.562981,-0.041753,0.499521,0.623470,-0.029825,0.515694,0.652530,-0.022158,0.592089,0.544645,-0.016639,0.521928,0.560619,-0.024254,0.520603,0.614439,-0.017139,0.534849,0.640145,-0.011667,0.598961,0.541324,0.002538,0.547357,0.555886,-0.005060,0.541603,0.596830,-0.004005,0.550122,0.625318,-0.001765
1319,1695021715.492143,0,-46.1499,-46.1499,-23.9271,-51.3126,48.7315,1947.8865,85.0510,3923.1998,0.8769,158.0802,144.1132,92.7777,65.3207,42.3038,38.6460,0.003547,0.624029,0.784779,-0.000000,0.558779,0.802064,-0.031618,0.498471,0.740676,-0.041274,0.467882,0.649778,-0.040810,0.479045,0.597169,-0.038111,0.546679,0.610699,-0.048908,0.479904,0.529546,-0.056750,0.444432,0.492348,-0.059632,0.417620,0.457071,-0.063192,0.577247,0.562910,-0.030291,0.503524,0.556586,-0.034452,0.502396,0.614403,-0.024887,0.518946,0.641747,-0.018490,0.593335,0.546678,-0.012518,0.525320,0.554002,-0.020465,0.524050,0.605045,-0.013954,0.539610,0.630021,-0.008408,0.602246,0.546042,0.003569,0.550121,0.551542,-0.004435,0.545156,0.590149,-0.002931,0.555833,0.619161,0.000053
1320,1695021715.500477,0,49.2664,49.2664,24.4746,48.4016,48.6868,1964.3547,43.0229,4439.1112,1.5543,156.5941,140.8013,93.8981,67.5222,45.1375,40.8217,0.003526,0.621730,0.781512,-0.000000,0.557245,0.800544,-0.032994,0.497671,0.741580,-0.044202,0.467386,0.650223,-0.045745,0.477211,0.595266,-0.045117,0.547921,0.612129,-0.049683,0.479517,0.530270,-0.058785,0.442953,0.493016,-0.061521,0.415584,0.458566,-0.065036,0.578041,0.562991,-0.031802,0.501227,0.561248,-0.040070,0.501000,0.620181,-0.031696,0.518729,0.647391,-0.025310,0.593444,0.545313,-0.014973,0.522540,0.556828,-0.026595,0.522255,0.609606,-0.019466,0.538767,0.633940,-0.012665,0.601560,0.542849,-0.000054,0.547716,0.551885,-0.011632,0.542990,0.593042,-0.010846,0.553964,0.620731,-0.007686
1321,1695021715.508810,0,-49.4985,-49.4985,-24.6953,-49.1699,48.9039,2040.4960,52.1696,4417.9121,0.7639,155.8580,141.9502,95.0136,67.9249,45.0075,39.6910,0.003420,0.622652,0.783857,-0.000000,0.558858,0.802056,-0.034971,0.498873,0.742308,-0.046353,0.467056,0.652087,-0.047130,0.477369,0.598606,-0.045421,0.548206,0.609697,-0.052428,0.478732,0.529301,-0.061252,0.442769,0.493878,-0.064003,0.416171,0.459992,-0.067235,0.577735,0.561477,-0.032180,0.501937,0.559061,-0.038616,0.502157,0.617214,-0.029436,0.519685,0.643740,-0.022799,0.592524,0.545251,-0.012961,0.523254,0.555509,-0.023022,0.522735,0.607034,-0.016637,0.538756,0.631456,-0.010582,0.599915,0.544365,0.004341,0.548570,0.552401,-0.005464,0.544239,0.591513,-0.004792,0.555049,0.619506,-0.001939
1322,1695021715.517143,0,48.0826,48.0826,-2.2035,22.4918,48.7227,205.9436,55.6738,4003.0489,1.0445,159.5486,139.3098,92.8429,66.2622,44.4111,41.6388,0.003633,0.624637,0.783727,-0.000000,0.559208,0.803226,-0.032277,0.497560,0.742126,-0.042332,0.467428,0.650089,-0.042671,0.478137,0.595729,-0.040687,0.548042,0.610852,-0.048551,0.479060,0.528415,-0.057530,0.442321,0.491474,-0.060496,0.414955,0.458127,-0.064053,0.578270,0.563292,-0.030666,0.502022,0.560934,-0.038266,0.501702,0.618970,-0.029907,0.519421,0.646173,-0.023662,0.593527,0.547422,-0.013890,0.523346,0.558304,-0.024708,0.522775,0.609858,-0.017853,0.539137,0.634159,-0.011435,0.601371,0.547215,0.000971,0.548828,0.556906,-0.009697,0.544200,0.596957,-0.008946,0.555130,0.624834,-0.005971
1323,1695021715.525477,0,46.2835,46.2835,23.1084,25.3119,46.9056,1818.5681,40.3432,4113.3272,0.8263,162.9838,141.0279,90.0403,64.7572,44.5496,43.4683,0.004284,0.624456,0.784096,-0.000000,0.557857,0.802196,-0.031865,0.497637,0.740046,-0.040667,0.468430,0.649451,-0.038290,0.478051,0.597485,-0.033640,0.544924,0.609086,-0.053232,0.477243,0.524372,-0.059022,0.441200,0.489817,-0.059871,0.413900,0.455863,-0.061933,0.575480,0.563281,-0.032422,0.501570,0.561855,-0.033024,0.502939,0.621407,-0.021024,0.520649,0.647736,-0.013886,0.590841,0.548364,-0.012055,0.522622,0.562493,-0.016266,0.524076,0.616886,-0.009661,0.539804,0.640127,-0.005441,0.599676,0.546831,0.006759,0.548455,0.558528,0.002165,0.545964,0.599991,0.003853,0.556573,0.628183,0.005926
1324,1695021715.533810,0,42.5029,42.5029,-1.6909,-24.7992,38.4810,59.5418,16.7316,4153.3385,1.4835,157.2068,139.2736,94.4008,68.5094,46.5096,41.2187,0.003401,0.623197,0.783493,-0.000000,0.557663,0.802944,-0.031346,0.496886,0.741501,-0.040681,0.467475,0.648960,-0.040317,0.478252,0.595316,-0.037631,0.546753,0.612026,-0.047543,0.478908,0.528809,-0.055467,0.442213,0.493590,-0.057471,0.415070,0.461011,-0.060287,0.577380,0.564179,-0.029478,0.502688,0.562576,-0.035272,0.503140,0.620865,-0.026185,0.520687,0.646950,-0.019786,0.593001,0.547215,-0.012420,0.523794,0.560790,-0.021699,0.524040,0.612985,-0.015204,0.540151,0.637225,-0.009474,0.601860,0.546055,0.002845,0.549342,0.557669,-0.006562,0.545615,0.598252,-0.005819,0.556360,0.626517,-0.003112
1325,1695021715.542143,0,46.1252,46.1252,23.9059,25.5968,38.1419,2162.0822,72.6775,4282.0851,0.5948,158.2315,142.4267,94.4536,68.1726,45.8808,41.1171,0.003528,0.622918,0.784967,-0.000000,0.558671,0.802610,-0.033902,0.498924,0.742497,-0.044304,0.467307,0.652042,-0.043853,0.476320,0.597713,-0.041006,0.547506,0.612706,-0.052918,0.479301,0.530409,-0.060790,0.443137,0.494486,-0.063104,0.415645,0.460615,-0.066248,0.577551,0.564807,-0.032480,0.501914,0.562115,-0.036347,0.500766,0.622169,-0.026013,0.517403,0.651656,-0.019371,0.592642,0.549154,-0.012856,0.523115,0.560516,-0.020476,0.521850,0.614110,-0.013439,0.537073,0.641730,-0.007792,0.600979,0.548858,0.004936,0.549552,0.558313,-0.003116,0.544463,0.598362,-0.002018,0.554424,0.628304,0.000518
1326,1695021715.550477,0,-46.5674,-46.5674,-23.6625,-47.5684,36.9708,1787.1663,41.2226,4185.7657,0.9324,159.7377,140.2769,92.0498,65.9873,44.5348,41.4205,0.003793,0.623972,0.786108,-0.000000,0.558340,0.802769,-0.032160,0.497052,0.742300,-0.042225,0.466858,0.651183,-0.042424,0.478929,0.600293,-0.040312,0.547019,0.610541,-0.049141,0.477264,0.528893,-0.057453,0.441187,0.492717,-0.060222,0.414245,0.458319,-0.063798,0.577531,0.562489,-0.030992,0.502093,0.560689,-0.037142,0.502792,0.618495,-0.028287,0.520448,0.645743,-0.022094,0.593313,0.546194,-0.013835,0.524101,0.558431,-0.022959,0.524702,0.609031,-0.016327,0.541147,0.633647,-0.010563,0.602065,0.545570,0.001379,0.549932,0.554886,-0.008025,0.545933,0.593297,-0.007301,0.556434,0.621540,-0.004644
1327,1695021715.558810,0,-54.9036,-54.9036,-25.2968,-1.6343,46.9797,1643.0455,36.3540,3966.4181,1.1668,159.1705,138.1323,97.0505,69.1257,45.3039,39.1394,0.002766,0.623154,0.784827,-0.000000,0.557702,0.800577,-0.032567,0.496699,0.739873,-0.042314,0.466617,0.649201,-0.041762,0.477428,0.596600,-0.038961,0.549848,0.611855,-0.050877,0.480575,0.534935,-0.059380,0.444821,0.498049,-0.062672,0.417321,0.462243,-0.066826,0.579468,0.563604,-0.032525,0.502896,0.563457,-0.038387,0.503131,0.621388,-0.029126,0.520590,0.647720,-0.022952,0.593673,0.546574,-0.015127,0.523722,0.557475,-0.024199,0.523762,0.608684,-0.017143,0.539846,0.632481,-0.011241,0.600738,0.545176,0.000339,0.548158,0.552806,-0.009271,0.543911,0.591425,-0.008376,0.554724,0.618345,-0.005808
1328,1695021715.567143,0,-56.8958,-56.8958,-24.8497,0.4471,47.7104,1863.1530,68.9530,4154.7955,0.9502,158.5887,139.2318,95.0218,68.0629,44.9581,39.6221,0.003102,0.622412,0.784513,-0.000000,0.557678,0.802838,-0.034347,0.497487,0.742200,-0.044768,0.467629,0.650364,-0.044295,0.478142,0.599832,-0.041438,0.549243,0.613793,-0.054150,0.479973,0.533790,-0.063691,0.443311,0.496822,-0.067034,0.415901,0.461652,-0.070803,0.579025,0.566186,-0.034752,0.501944,0.562485,-0.041099,0.500869,0.621413,-0.031504,0.518209,0.648967,-0.024815,0.593235,0.549075,-0.016382,0.522278,0.558294,-0.026509,0.521459,0.611332,-0.019639,0.537499,0.636274,-0.013420,0.600594,0.547700,0.000047,0.546976,0.555139,-0.010142,0.542425,0.594637,-0.009192,0.553275,0.623050,-0.006311
1329,1695021715.575477,0,-53.6928,-53.6928,-24.9545,-0.1048,39.8087,2067.7501,11.2748,4256.1726,0.7177,159.8742,140.3486,93.6195,67.4886,45.7126,40.8229,0.003350,0.621794,0.786905,-0.000000,0.557280,0.802643,-0.033506,0.497581,0.744025,-0.044906,0.466688,0.655420,-0.046201,0.476028,0.601478,-0.045303,0.548746,0.614350,-0.052378,0.479230,0.535772,-0.062644,0.442576,0.497552,-0.066403,0.414954,0.460897,-0.070479,0.578265,0.566202,-0.034350,0.501515,0.566120,-0.042802,0.500935,0.624875,-0.034210,0.518223,0.651759,-0.027747,0.592918,0.548949,-0.017353,0.522047,0.561658,-0.029280,0.521618,0.614558,-0.022037,0.537719,0.638920,-0.015059,0.600262,0.547566,-0.002247,0.545812,0.556796,-0.013649,0.541284,0.597521,-0.012221,0.552418,0.625405,-0.008598
1330,1695021715.583810,0,-48.4200,-48.4200,-0.4632,24.4913,3.9383,194.2609,73.0130,4334.5440,0.8248,159.2014,142.9216,95.7533,68.2521,44.7239,39.1468,0.003281,0.623571,0.787762,-0.000000,0.557920,0.804938,-0.032415,0.496366,0.743538,-0.041702,0.466150,0.652472,-0.040831,0.477226,0.601353,-0.037641,0.546994,0.614326,-0.049543,0.478505,0.533601,-0.058257,0.442522,0.497239,-0.061269,0.415323,0.462331,-0.065011,0.577135,0.566615,-0.031607,0.500372,0.566983,-0.038121,0.501582,0.626529,-0.029099,0.520140,0.652765,-0.022738,0.592140,0.549336,-0.014810,0.521246,0.562209,-0.024537,0.522658,0.616058,-0.017567,0.539657,0.639650,-0.011450,0.600457,0.548047,-0.000024,0.546496,0.558154,-0.009928,0.543276,0.598579,-0.008991,0.554707,0.626470,-0.006181
1331,1695021715.592143,0,-51.0562,-51.0562,0.9619,1.4250,2.9677,298.9526,33.8235,4081.8355,1.1748,159.7423,143.1002,94.2433,67.1723,44.9026,41.3513,0.003775,0.622391,0.789205,-0.000000,0.556525,0.805503,-0.032484,0.496134,0.744148,-0.042453,0.466073,0.654000,-0.042209,0.476609,0.602415,-0.039603,0.545334,0.612532,-0.049791,0.477096,0.531714,-0.058687,0.440775,0.495947,-0.062143,0.413500,0.461682,-0.066002,0.576267,0.565951,-0.031173,0.499813,0.565569,-0.036785,0.500516,0.625021,-0.027485,0.518794,0.651059,-0.021101,0.591886,0.550820,-0.013598,0.521246,0.563452,-0.022577,0.521703,0.616805,-0.015659,0.538222,0.640303,-0.009721,0.600506,0.551590,0.002097,0.547593,0.561108,-0.006742,0.544030,0.601447,-0.005234,0.554977,0.629756,-0.002108
1332,1695021715.600477,0,-46.9369,-46.9369,2.4897,1.5279,3.5883,274.4546,23.6085,4533.2192,1.5698,156.2230,142.1839,97.6115,69.6357,45.2149,37.5734,0.002890,0.618838,0.786425,-0.000000,0.554833,0.803036,-0.032048,0.494913,0.744370,-0.042267,0.464194,0.655359,-0.042820,0.474726,0.602578,-0.041098,0.546969,0.615322,-0.049017,0.478255,0.536613,-0.057648,0.442002,0.499949,-0.060430,0.414671,0.466395,-0.063926,0.576411,0.566865,-0.031236,0.500022,0.565306,-0.038427,0.498674,0.622736,-0.029938,0.515309,0.650180,-0.023745,0.591299,0.549120,-0.014414,0.521057,0.560526,-0.024595,0.519269,0.612140,-0.017500,0.534458,0.637660,-0.010970,0.598611,0.547164,0.000510,0.545311,0.555105,-0.009497,0.539544,0.594134,-0.008410,0.549490,0.621821,-0.005292
1333,1695021715.608810,0,42.6911,42.6911,24.0960,21.6062,37.1587,2046.9506,57.2507,4256.3364,1.0570,155.8395,140.9509,96.4721,69.3027,45.9467,39.4430,0.003046,0.620432,0.788206,-0.000000,0.555161,0.806200,-0.030892,0.494453,0.745711,-0.040060,0.464736,0.655004,-0.039822,0.475129,0.601798,-0.037255,0.543052,0.614845,-0.045784,0.475978,0.534860,-0.053836,0.440066,0.498538,-0.056528,0.413037,0.465370,-0.059956,0.573734,0.567583,-0.028897,0.498823,0.564192,-0.035639,0.498429,0.622186,-0.027550,0.515652,0.649904,-0.021542,0.589770,0.551025,-0.013089,0.520312,0.560882,-0.023359,0.519477,0.612394,-0.016900,0.535117,0.637076,-0.010769,0.598387,0.550234,0.000901,0.545083,0.557349,-0.009051,0.540075,0.596838,-0.007931,0.550426,0.625388,-0.004785
1334,1695021715.617143,0,47.5532,47.5532,23.9933,-0.1027,46.0590,2022.6096,64.9255,4035.3833,1.0902,158.4622,137.4348,95.0581,68.1719,45.5444,41.0237,0.003339,0.619294,0.788455,-0.000000,0.554230,0.805053,-0.032657,0.493582,0.744591,-0.042049,0.463971,0.654575,-0.041087,0.474977,0.603713,-0.037892,0.543800,0.612640,-0.050185,0.474104,0.533981,-0.057849,0.438260,0.498543,-0.060267,0.411119,0.464829,-0.063679,0.573909,0.566471,-0.031522,0.497225,0.566819,-0.036781,0.497738,0.625002,-0.027526,0.515296,0.652037,-0.021312,0.588870,0.550813,-0.013837,0.518101,0.563722,-0.022542,0.518974,0.615848,-0.015901,0.535149,0.640300,-0.010295,0.596935,0.550547,0.001891,0.543145,0.560904,-0.007632,0.539562,0.600569,-0.007076,0.550400,0.628817,-0.004675
1335,1695021715.625477,0,53.2241,53.2241,26.0701,2.0768,47.5665,1885.0216,84.9494,3989.2718,0.4646,161.8827,135.3747,95.1399,66.9302,44.4228,40.8007,0.002966,0.618179,0.790430,-0.000000,0.553053,0.803072,-0.033654,0.493314,0.741832,-0.043336,0.463427,0.653917,-0.041269,0.473707,0.602538,-0.036958,0.543452,0.612736,-0.057001,0.473923,0.534457,-0.064175,0.438820,0.499912,-0.066472,0.411365,0.465183,-0.069758,0.573687,0.566449,-0.035782,0.496858,0.565674,-0.037324,0.497430,0.623865,-0.025651,0.514373,0.651693,-0.018918,0.588306,0.551102,-0.015079,0.517296,0.563083,-0.020252,0.518679,0.615678,-0.013243,0.534292,0.640691,-0.008562,0.595913,0.549833,0.003889,0.542525,0.560090,-0.002336,0.539019,0.599778,-0.001116,0.549019,0.627960,0.000719
1336,1695021715.633810,0,-50.6761,-50.6761,-0.9348,-27.0049,47.4705,57.4186,68.9149,4224.9971,0.7915,159.7994,141.8398,96.2196,68.5837,45.1317,39.9972,0.003278,0.618709,0.790543,-0.000000,0.552735,0.804931,-0.031081,0.491940,0.744621,-0.040746,0.462025,0.655166,-0.039682,0.472736,0.603291,-0.036390,0.541534,0.614597,-0.052866,0.474198,0.535150,-0.061058,0.439362,0.500015,-0.064606,0.411791,0.465263,-0.068981,0.572168,0.567873,-0.033909,0.496208,0.565372,-0.036332,0.497215,0.624341,-0.025512,0.514323,0.651364,-0.019533,0.587671,0.551763,-0.015490,0.517065,0.562687,-0.021026,0.518226,0.615968,-0.013054,0.533892,0.641545,-0.007913,0.596526,0.551124,0.001181,0.543361,0.558769,-0.005393,0.539474,0.598722,-0.003488,0.549364,0.627721,-0.001148
1337,1695021715.642143,0,43.1654,43.1654,0.1186,1.0534,39.1179,23.8486,79.4910,4351.2842,0.8610,158.3310,140.2952,96.9173,69.6049,46.1915,39.2715,0.002843,0.617736,0.787622,-0.000000,0.552511,0.804432,-0.032007,0.492883,0.744046,-0.041833,0.462434,0.655078,-0.041298,0.473204,0.602414,-0.038718,0.540640,0.615306,-0.050742,0.472441,0.536500,-0.056936,0.437841,0.500930,-0.058206,0.412233,0.466193,-0.060882,0.571176,0.568894,-0.031824,0.497550,0.565746,-0.035366,0.497354,0.623127,-0.025441,0.514050,0.650231,-0.019002,0.587340,0.553860,-0.013469,0.519572,0.564627,-0.020653,0.519554,0.615574,-0.014159,0.535469,0.639686,-0.009006,0.596412,0.553718,0.003240,0.544336,0.562348,-0.004568,0.540573,0.601291,-0.003265,0.551921,0.629283,-0.000621
1338,1695021715.650477,0,-52.7338,-52.7338,-25.0717,-25.1903,48.9442,1835.7522,73.2341,3887.6976,1.5289,157.2978,137.0685,97.7970,71.4985,48.6625,40.8169,0.002802,0.617769,0.787804,-0.000000,0.552969,0.805655,-0.032155,0.492121,0.745138,-0.041887,0.462016,0.654460,-0.041317,0.472020,0.601607,-0.038507,0.543540,0.616583,-0.051471,0.473695,0.537776,-0.060081,0.437649,0.501701,-0.063247,0.410580,0.468063,-0.067018,0.573222,0.568134,-0.032889,0.497497,0.564884,-0.038329,0.497341,0.620855,-0.028805,0.514301,0.646809,-0.022534,0.587910,0.551340,-0.015169,0.518452,0.560934,-0.023879,0.518255,0.610020,-0.016833,0.534019,0.633214,-0.011062,0.595383,0.549814,0.000745,0.542424,0.558277,-0.008278,0.537947,0.596202,-0.007116,0.548344,0.623015,-0.004469
1339,1695021715.658810,0,-44.7997,-44.7997,-24.5059,0.5658,47.9894,1805.8418,68.5750,4294.2769,1.0489,156.7971,137.2758,95.9944,70.2247,47.7296,41.3572,0.003015,0.619106,0.788404,-0.000000,0.553582,0.808114,-0.031641,0.492746,0.747190,-0.041627,0.462251,0.655827,-0.041780,0.471749,0.602551,-0.039670,0.540776,0.615198,-0.048758,0.471376,0.535347,-0.056639,0.435286,0.501210,-0.058800,0.409180,0.467853,-0.061835,0.570966,0.569052,-0.030596,0.496109,0.566646,-0.036337,0.497090,0.625245,-0.027190,0.515268,0.650708,-0.020842,0.586757,0.554145,-0.013298,0.517856,0.565124,-0.022398,0.518107,0.617852,-0.015382,0.534628,0.641385,-0.009435,0.595601,0.554437,0.002222,0.543677,0.563901,-0.006910,0.539969,0.604150,-0.005687,0.551124,0.631446,-0.002760
1340,1695021715.667143,0,-48.8393,-48.8393,0.4592,24.9651,37.0633,283.7195,40.3918,4478.6536,2.0249,152.9753,135.7223,99.9248,73.4190,49.8874,41.0375,0.002441,0.617273,0.784727,-0.000000,0.553386,0.806743,-0.032738,0.492342,0.747795,-0.042778,0.461866,0.657657,-0.042718,0.471342,0.605129,-0.040220,0.540961,0.619940,-0.050186,0.472534,0.538739,-0.059385,0.436230,0.504395,-0.062149,0.409504,0.472245,-0.065328,0.570398,0.570685,-0.031776,0.495877,0.565783,-0.038520,0.496502,0.622379,-0.029683,0.513936,0.647392,-0.023400,0.585130,0.552114,-0.014481,0.516402,0.562134,-0.024677,0.516535,0.612655,-0.018272,0.532356,0.635910,-0.012490,0.592727,0.549712,0.000885,0.540539,0.560081,-0.009675,0.536724,0.599163,-0.009433,0.547145,0.626450,-0.006964
1341,1695021715.675477,0,49.7069,49.7069,1.6354,1.1762,46.7647,87.7153,34.0123,4408.2986,1.3250,156.8650,137.2907,98.5134,71.7655,48.0342,39.2883,0.002480,0.617453,0.790189,-0.000000,0.552779,0.807684,-0.031655,0.491741,0.747918,-0.041861,0.461354,0.657385,-0.042314,0.471521,0.605907,-0.040502,0.539855,0.617488,-0.048673,0.473614,0.539141,-0.058330,0.437942,0.503496,-0.062568,0.410348,0.470249,-0.067143,0.570214,0.569440,-0.031439,0.495728,0.563821,-0.038038,0.495247,0.621969,-0.029663,0.511812,0.649637,-0.023842,0.585970,0.553010,-0.015262,0.517087,0.561964,-0.025176,0.516234,0.613211,-0.018167,0.531489,0.638297,-0.012041,0.594511,0.553093,-0.000974,0.541765,0.560939,-0.010941,0.537176,0.599769,-0.009547,0.547558,0.628211,-0.006412
1342,1695021715.683810,0,-51.0034,-51.0034,0.4326,-1.2028,39.7090,88.1565,9.1678,4329.8901,1.2956,159.2130,137.7403,96.6644,69.5829,46.7361,41.5817,0.003324,0.614108,0.786456,-0.000000,0.550178,0.804618,-0.031857,0.490728,0.745872,-0.042205,0.459821,0.654687,-0.042337,0.470048,0.599011,-0.040285,0.539084,0.617795,-0.051012,0.471110,0.537798,-0.059837,0.435472,0.502123,-0.063388,0.408588,0.468498,-0.067402,0.569275,0.568974,-0.032323,0.494552,0.562942,-0.036572,0.494423,0.619897,-0.026592,0.511309,0.646277,-0.020247,0.585334,0.552790,-0.014466,0.516734,0.560699,-0.022517,0.516210,0.610929,-0.015298,0.532341,0.635050,-0.009521,0.594398,0.551901,0.001714,0.542295,0.559415,-0.006788,0.537774,0.597738,-0.005246,0.548946,0.625573,-0.002382
1343,1695021715.692143,0,-49.2207,-49.2207,-1.1053,-1.5379,39.3215,203.9665,4.1761,4591.9052,1.6017,157.4537,137.7476,99.3385,72.4905,48.7173,39.1095,0.002441,0.612657,0.786367,-0.000000,0.548970,0.804537,-0.033000,0.489875,0.746317,-0.043243,0.459676,0.658660,-0.043045,0.468943,0.605678,-0.040734,0.539612,0.616478,-0.052080,0.471961,0.539912,-0.060708,0.436409,0.505148,-0.063951,0.409664,0.472247,-0.067730,0.568965,0.568046,-0.033126,0.493156,0.564755,-0.037528,0.491461,0.623297,-0.027444,0.507985,0.650661,-0.021000,0.583866,0.551668,-0.015163,0.513897,0.561531,-0.023271,0.511963,0.614536,-0.015873,0.527044,0.639551,-0.009968,0.591587,0.551026,0.000909,0.538611,0.559387,-0.007535,0.532950,0.598791,-0.006013,0.543139,0.626812,-0.003252
1344,1695021715.700477,0,50.2072,50.2072,24.7616,25.8669,48.8215,2137.3330,40.2013,4687.4170,1.3125,156.5818,135.6287,99.9190,73.0446,49.5293,40.1593,0.002272,0.614669,0.790252,-0.000000,0.550223,0.808288,-0.031839,0.490019,0.750110,-0.042675,0.459677,0.659735,-0.043849,0.469892,0.607475,-0.042882,0.538513,0.620030,-0.049959,0.470519,0.540254,-0.059255,0.435144,0.505009,-0.062635,0.408592,0.472069,-0.066562,0.568657,0.570504,-0.032379,0.493617,0.566448,-0.038899,0.493173,0.625142,-0.029956,0.509936,0.653103,-0.023855,0.584628,0.553420,-0.015747,0.514960,0.563629,-0.025515,0.514215,0.615759,-0.018065,0.530012,0.641750,-0.011735,0.593595,0.552559,-0.000976,0.540424,0.561092,-0.011013,0.535538,0.600195,-0.009782,0.546078,0.628449,-0.006774
1345,1695021715.708810,0,-51.8894,-51.8894,-25.3991,-50.1607,49.3216,1878.8326,69.0974,3871.4805,0.7254,155.1458,133.8797,99.5595,72.0787,48.6446,40.7631,0.002271,0.614410,0.786457,-0.000000,0.549697,0.806065,-0.031876,0.488409,0.746518,-0.042425,0.458204,0.654774,-0.043432,0.469767,0.601761,-0.042323,0.538842,0.617176,-0.048499,0.470165,0.541358,-0.056851,0.435280,0.505958,-0.059457,0.409258,0.472872,-0.063005,0.568209,0.568941,-0.031191,0.493193,0.564071,-0.038531,0.493256,0.619417,-0.030311,0.510176,0.645584,-0.024259,0.583537,0.552358,-0.014828,0.515042,0.561630,-0.025543,0.514938,0.610973,-0.018815,0.531016,0.633686,-0.012552,0.591521,0.550837,-0.000269,0.538824,0.559490,-0.011007,0.535034,0.598067,-0.010226,0.546469,0.623530,-0.007400
1346,1695021715.717143,0,48.2015,48.2015,24.8012,50.2003,48.9568,2042.0372,35.5883,4709.2694,1.7812,153.6157,134.3926,99.0552,74.5493,52.5905,42.7944,0.002542,0.611745,0.783480,-0.000000,0.548163,0.803027,-0.034436,0.487722,0.742835,-0.043244,0.456615,0.653774,-0.039652,0.469516,0.604590,-0.033839,0.539313,0.616692,-0.059888,0.467914,0.538091,-0.064240,0.432824,0.506253,-0.063434,0.406300,0.474223,-0.064675,0.567661,0.568208,-0.036871,0.490845,0.565762,-0.036022,0.490231,0.624500,-0.022598,0.507022,0.651103,-0.014905,0.581139,0.551572,-0.013988,0.511601,0.563760,-0.017091,0.511127,0.615152,-0.010042,0.526533,0.638423,-0.005637,0.587953,0.548487,0.007286,0.536153,0.557029,0.002492,0.531155,0.593913,0.003304,0.541218,0.619998,0.004519
1347,1695021715.725477,0,-52.5054,-52.5054,-0.8212,-25.6224,49.2069,131.7655,47.0182,4356.3107,1.3728,158.5255,136.2169,96.8072,70.9232,48.8250,41.9847,0.003083,0.611603,0.785335,-0.000000,0.546915,0.803312,-0.032390,0.487634,0.745863,-0.043095,0.457546,0.656607,-0.043298,0.467795,0.603692,-0.041237,0.537591,0.618869,-0.053400,0.469193,0.540376,-0.062696,0.433506,0.504701,-0.066208,0.406535,0.469818,-0.070135,0.567240,0.569801,-0.034943,0.491500,0.565097,-0.040043,0.491491,0.621317,-0.030163,0.508866,0.646475,-0.023825,0.581988,0.551667,-0.017260,0.512299,0.560948,-0.025598,0.512323,0.611682,-0.018239,0.528237,0.634283,-0.012430,0.589972,0.549030,-0.001381,0.537183,0.555890,-0.009570,0.532980,0.594621,-0.007693,0.543603,0.621821,-0.004777
1348,1695021715.733810,0,-48.2486,-48.2486,-24.6139,-23.7928,49.0573,2095.0716,37.2677,4276.7332,1.6585,158.3989,133.2671,97.8251,72.3017,51.1261,45.6805,0.003231,0.612386,0.787357,-0.000000,0.547927,0.804862,-0.033827,0.488137,0.744918,-0.043917,0.456988,0.654638,-0.042491,0.468317,0.601265,-0.038669,0.535920,0.616676,-0.054638,0.466466,0.536578,-0.061774,0.431199,0.503785,-0.064105,0.404580,0.471818,-0.067240,0.566324,0.568264,-0.033044,0.491017,0.564597,-0.034302,0.491709,0.622572,-0.022861,0.508934,0.649342,-0.016061,0.581691,0.552523,-0.012090,0.512979,0.564449,-0.016829,0.513592,0.615900,-0.009986,0.529538,0.640178,-0.005281,0.590357,0.551322,0.007117,0.539283,0.561562,0.001272,0.535623,0.600054,0.002417,0.546169,0.628187,0.004402
1349,1695021715.742143,0,-41.8851,-41.8851,2.5011,27.1150,38.9170,186.2021,67.2218,4449.4961,1.2154,154.5463,131.2258,100.0844,74.3803,52.4650,44.1450,0.002460,0.612896,0.787211,-0.000000,0.547641,0.804612,-0.032445,0.486508,0.743741,-0.041306,0.455957,0.654178,-0.039648,0.468196,0.605572,-0.035730,0.537500,0.616312,-0.050041,0.467269,0.540422,-0.055415,0.432227,0.507475,-0.056021,0.405920,0.474934,-0.058457,0.567253,0.568567,-0.030863,0.491883,0.566576,-0.033994,0.492550,0.622613,-0.024071,0.509866,0.649086,-0.017788,0.582355,0.552179,-0.012381,0.513872,0.564123,-0.019126,0.514499,0.612966,-0.012901,0.530351,0.635848,-0.008042,0.590693,0.550644,0.004274,0.538663,0.559171,-0.003379,0.534772,0.596046,-0.002809,0.545310,0.622969,-0.000928
1350,1779367065.505532,0,-53.2323,-53.2323,-25.3584,-27.8595,39.0766,0.0000,66.7600,4570.6147,1.5270,157.5926,133.4474,101.5165,74.9628,51.7652,41.2603,0.002029,0.611190,0.784332,-0.000000,0.546403,0.803525,-0.031604,0.486772,0.746468,-0.041885,0.457430,0.656364,-0.042312,0.467767,0.604912,-0.040618,0.536576,0.618599,-0.050491,0.469672,0.541515,-0.059871,0.434594,0.506224,-0.063488,0.408174,0.473345,-0.067524,0.566743,0.569705,-0.033369,0.491917,0.564427,-0.039325,0.490615,0.620448,-0.030263,0.507153,0.647109,-0.024315,0.582572,0.552233,-0.017247,0.513976,0.560646,-0.026702,0.512413,0.610683,-0.019655,0.527644,0.634834,-0.013777,0.591595,0.550994,-0.002966,0.538989,0.558227,-0.012217,0.533713,0.595393,-0.010729,0.543848,0.622580,-0.007887
1351,1779367065.610543,0,48.9037,48.9037,25.3523,50.7107,39.3559,0.0000,29.3631,4528.8782,1.4748,155.0586,131.6269,100.6483,76.8997,55.3735,45.5243,0.002508,0.611568,0.784660,-0.000000,0.547422,0.804040,-0.034239,0.487634,0.746059,-0.045004,0.456673,0.656144,-0.045047,0.466595,0.602828,-0.042584,0.537449,0.616205,-0.052954,0.467463,0.539723,-0.060837,0.431739,0.506067,-0.062690,0.405377,0.473384,-0.065516,0.567086,0.567647,-0.033504,0.490195,0.564330,-0.039227,0.490183,0.621536,-0.029744,0.507968,0.647157,-0.023185,0.581869,0.550823,-0.014951,0.511703,0.561343,-0.024563,0.511038,0.612236,-0.018193,0.527121,0.635125,-0.012462,0.589544,0.549245,0.001747,0.536899,0.557348,-0.008000,0.531941,0.595783,-0.007397,0.542310,0.623133,-0.004900
