frame_id,timestamp,contact_label,dist_raw,dist_local,v_n,a_n,sigma_d,v_t,approach_theta,shadow_score,flow_mag,brightness_contact,dist2d_palm_0,dist2d_palm_5,dist2d_palm_9,dist2d_palm_13,dist2d_palm_17,hull_overlap_ratio,lm_0_x,lm_0_y,lm_0_z,lm_1_x,lm_1_y,lm_1_z,lm_2_x,lm_2_y,lm_2_z,lm_3_x,lm_3_y,lm_3_z,lm_4_x,lm_4_y,lm_4_z,lm_5_x,lm_5_y,lm_5_z,lm_6_x,lm_6_y,lm_6_z,lm_7_x,lm_7_y,lm_7_z,lm_8_x,lm_8_y,lm_8_z,lm_9_x,lm_9_y,lm_9_z,lm_10_x,lm_10_y,lm_10_z,lm_11_x,lm_11_y,lm_11_z,lm_12_x,lm_12_y,lm_12_z,lm_13_x,lm_13_y,lm_13_z,lm_14_x,lm_14_y,lm_14_z,lm_15_x,lm_15_y,lm_15_z,lm_16_x,lm_16_y,lm_16_z,lm_17_x,lm_17_y,lm_17_z,lm_18_x,lm_18_y,lm_18_z,lm_19_x,lm_19_y,lm_19_z,lm_20_x,lm_20_y,lm_20_z
0,1694846645.029085,0,,,0.0000,0.0000,0.0000,0.0000,,,,,,,,,,,0.000000,0.000000,0.000000,0.000000,0.000000,0.000000,0.000000,0.000000,0.000000,0.000000,0.000000,0.000000,0.000000,0.000000,0.000000,0.000000,0.000000,0.000000,0.000000,0.000000,0.000000,0.000000,0.000000,0.000000,0.000000,0.000000,0.000000,0.000000,0.000000,0.000000,0.000000,0.000000,0.000000,0.000000,0.000000,0.000000,0.000000,0.000000,0.000000,0.000000,0.000000,0.000000,0.000000,0.000000,0.000000,0.000000,0.000000,0.000000,0.000000,0.000000,0.000000,0.000000,0.000000,0.000000,0.000000,0.000000,0.000000,0.000000,0.000000,0.000000,0.000000,0.000000,0.000000
1,1694846645.037418,0,,,0.0000,0.0000,0.0000,0.0000,,,,,,,,,,,0.000000,0.000000,0.000000,0.000000,0.000000,0.000000,0.000000,0.000000,0.000000,0.000000,0.000000,0.000000,0.000000,0.000000,0.000000,0.000000,0.000000,0.000000,0.000000,0.000000,0.000000,0.000000,0.000000,0.000000,0.000000,0.000000,0.000000,0.000000,0.000000,0.000000,0.000000,0.000000,0.000000,0.000000,0.000000,0.000000,0.000000,0.000000,0.000000,0.000000,0.000000,0.000000,0.000000,0.000000,0.000000,0.000000,0.000000,0.000000,0.000000,0.000000,0.000000,0.000000,0.000000,0.000000,0.000000,0.000000,0.000000,0.000000,0.000000,0.000000,0.000000,0.000000,0.000000
2,1694846645.045751,0,,,0.0000,0.0000,0.0000,0.0000,,,,,,,,,,,0.000000,0.000000,0.000000,0.000000,0.000000,0.000000,0.000000,0.000000,0.000000,0.000000,0.000000,0.000000,0.000000,0.000000,0.000000,0.000000,0.000000,0.000000,0.000000,0.000000,0.000000,0.000000,0.000000,0.000000,0.000000,0.000000,0.000000,0.000000,0.000000,0.000000,0.000000,0.000000,0.000000,0.000000,0.000000,0.000000,0.000000,0.000000,0.000000,0.000000,0.000000,0.000000,0.000000,0.000000,0.000000,0.000000,0.000000,0.000000,0.000000,0.000000,0.000000,0.000000,0.000000,0.000000,0.000000,0.000000,0.000000,0.000000,0.000000,0.000000,0.000000,0.000000,0.000000
3,1694846645.054085,0,,,0.0000,0.0000,0.0000,0.0000,,,,,,,,,,,0.000000,0.000000,0.000000,0.000000,0.000000,0.000000,0.000000,0.000000,0.000000,0.000000,0.000000,0.000000,0.000000,0.000000,0.000000,0.000000,0.000000,0.000000,0.000000,0.000000,0.000000,0.000000,0.000000,0.000000,0.000000,0.000000,0.000000,0.000000,0.000000,0.000000,0.000000,0.000000,0.000000,0.000000,0.000000,0.000000,0.000000,0.000000,0.000000,0.000000,0.000000,0.000000,0.000000,0.000000,0.000000,0.000000,0.000000,0.000000,0.000000,0.000000,0.000000,0.000000,0.000000,0.000000,0.000000,0.000000,0.000000,0.000000,0.000000,0.000000,0.000000,0.000000,0.000000
4,1694846645.062418,0,,,0.0000,0.0000,0.0000,0.0000,,,,,,,,,,,0.000000,0.000000,0.000000,0.000000,0.000000,0.000000,0.000000,0.000000,0.000000,0.000000,0.000000,0.000000,0.000000,0.000000,0.000000,0.000000,0.000000,0.000000,0.000000,0.000000,0.000000,0.000000,0.000000,0.000000,0.000000,0.000000,0.000000,0.000000,0.000000,0.000000,0.000000,0.000000,0.000000,0.000000,0.000000,0.000000,0.000000,0.000000,0.000000,0.000000,0.000000,0.000000,0.000000,0.000000,0.000000,0.000000,0.000000,0.000000,0.000000,0.000000,0.000000,0.000000,0.000000,0.000000,0.000000,0.000000,0.000000,0.000000,0.000000,0.000000,0.000000,0.000000,0.000000
5,1694846645.070751,0,,,0.0000,0.0000,0.0000,0.0000,,,,,,,,,,,0.000000,0.000000,0.000000,0.000000,0.000000,0.000000,0.000000,0.000000,0.000000,0.000000,0.000000,0.000000,0.000000,0.000000,0.000000,0.000000,0.000000,0.000000,0.000000,0.000000,0.000000,0.000000,0.000000,0.000000,0.000000,0.000000,0.000000,0.000000,0.000000,0.000000,0.000000,0.000000,0.000000,0.000000,0.000000,0.000000,0.000000,0.000000,0.000000,0.000000,0.000000,0.000000,0.000000,0.000000,0.000000,0.000000,0.000000,0.000000,0.000000,0.000000,0.000000,0.000000,0.000000,0.000000,0.000000,0.000000,0.000000,0.000000,0.000000,0.000000,0.000000,0.000000,0.000000
6,1694846645.079085,0,,,0.0000,0.0000,0.0000,0.0000,,,,,,,,,,,0.000000,0.000000,0.000000,0.000000,0.000000,0.000000,0.000000,0.000000,0.000000,0.000000,0.000000,0.000000,0.000000,0.000000,0.000000,0.000000,0.000000,0.000000,0.000000,0.000000,0.000000,0.000000,0.000000,0.000000,0.000000,0.000000,0.000000,0.000000,0.000000,0.000000,0.000000,0.000000,0.000000,0.000000,0.000000,0.000000,0.000000,0.000000,0.000000,0.000000,0.000000,0.000000,0.000000,0.000000,0.000000,0.000000,0.000000,0.000000,0.000000,0.000000,0.000000,0.000000,0.000000,0.000000,0.000000,0.000000,0.000000,0.000000,0.000000,0.000000,0.000000,0.000000,0.000000
7,1694846645.087418,0,,,0.0000,0.0000,0.0000,0.0000,,,,,,,,,,,0.000000,0.000000,0.000000,0.000000,0.000000,0.000000,0.000000,0.000000,0.000000,0.000000,0.000000,0.000000,0.000000,0.000000,0.000000,0.000000,0.000000,0.000000,0.000000,0.000000,0.000000,0.000000,0.000000,0.000000,0.000000,0.000000,0.000000,0.000000,0.000000,0.000000,0.000000,0.000000,0.000000,0.000000,0.000000,0.000000,0.000000,0.000000,0.000000,0.000000,0.000000,0.000000,0.000000,0.000000,0.000000,0.000000,0.000000,0.000000,0.000000,0.000000,0.000000,0.000000,0.000000,0.000000,0.000000,0.000000,0.000000,0.000000,0.000000,0.000000,0.000000,0.000000,0.000000
8,1694846645.095751,0,,,0.0000,0.0000,0.0000,0.0000,,,,,,,,,,,0.000000,0.000000,0.000000,0.000000,0.000000,0.000000,0.000000,0.000000,0.000000,0.000000,0.000000,0.000000,0.000000,0.000000,0.000000,0.000000,0.000000,0.000000,0.000000,0.000000,0.000000,0.000000,0.000000,0.000000,0.000000,0.000000,0.000000,0.000000,0.000000,0.000000,0.000000,0.000000,0.000000,0.000000,0.000000,0.000000,0.000000,0.000000,0.000000,0.000000,0.000000,0.000000,0.000000,0.000000,0.000000,0.000000,0.000000,0.000000,0.000000,0.000000,0.000000,0.000000,0.000000,0.000000,0.000000,0.000000,0.000000,0.000000,0.000000,0.000000,0.000000,0.000000,0.000000
9,1694846645.104085,0,,,0.0000,0.0000,0.0000,0.0000,,,,,,,,,,,0.000000,0.000000,0.000000,0.000000,0.000000,0.000000,0.000000,0.000000,0.000000,0.000000,0.000000,0.000000,0.000000,0.000000,0.000000,0.000000,0.000000,0.000000,0.000000,0.000000,0.000000,0.000000,0.000000,0.000000,0.000000,0.000000,0.000000,0.000000,0.000000,0.000000,0.000000,0.000000,0.000000,0.000000,0.000000,0.000000,0.000000,0.000000,0.000000,0.000000,0.000000,0.000000,0.000000,0.000000,0.000000,0.000000,0.000000,0.000000,0.000000,0.000000,0.000000,0.000000,0.000000,0.000000,0.000000,0.000000,0.000000,0.000000,0.000000,0.000000,0.000000,0.000000,0.000000
10,1694846645.112418,0,,,0.0000,0.0000,0.0000,0.0000,,,,,,,,,,,0.000000,0.000000,0.000000,0.000000,0.000000,0.000000,0.000000,0.000000,0.000000,0.000000,0.000000,0.000000,0.000000,0.000000,0.000000,0.000000,0.000000,0.000000,0.000000,0.000000,0.000000,0.000000,0.000000,0.000000,0.000000,0.000000,0.000000,0.000000,0.000000,0.000000,0.000000,0.000000,0.000000,0.000000,0.000000,0.000000,0.000000,0.000000,0.000000,0.000000,0.000000,0.000000,0.000000,0.000000,0.000000,0.000000,0.000000,0.000000,0.000000,0.000000,0.000000,0.000000,0.000000,0.000000,0.000000,0.000000,0.000000,0.000000,0.000000,0.000000,0.000000,0.000000,0.000000
11,1694846645.120751,0,,,0.0000,0.0000,0.0000,0.0000,,,,,,,,,,,0.000000,0.000000,0.000000,0.000000,0.000000,0.000000,0.000000,0.000000,0.000000,0.000000,0.000000,0.000000,0.000000,0.000000,0.000000,0.000000,0.000000,0.000000,0.000000,0.000000,0.000000,0.000000,0.000000,0.000000,0.000000,0.000000,0.000000,0.000000,0.000000,0.000000,0.000000,0.000000,0.000000,0.000000,0.000000,0.000000,0.000000,0.000000,0.000000,0.000000,0.000000,0.000000,0.000000,0.000000,0.000000,0.000000,0.000000,0.000000,0.000000,0.000000,0.000000,0.000000,0.000000,0.000000,0.000000,0.000000,0.000000,0.000000,0.000000,0.000000,0.000000,0.000000,0.000000
12,1694846645.129085,0,,,0.0000,0.0000,0.0000,0.0000,,,,,,,,,,,0.000000,0.000000,0.000000,0.000000,0.000000,0.000000,0.000000,0.000000,0.000000,0.000000,0.000000,0.000000,0.000000,0.000000,0.000000,0.000000,0.000000,0.000000,0.000000,0.000000,0.000000,0.000000,0.000000,0.000000,0.000000,0.000000,0.000000,0.000000,0.000000,0.000000,0.000000,0.000000,0.000000,0.000000,0.000000,0.000000,0.000000,0.000000,0.000000,0.000000,0.000000,0.000000,0.000000,0.000000,0.000000,0.000000,0.000000,0.000000,0.000000,0.000000,0.000000,0.000000,0.000000,0.000000,0.000000,0.000000,0.000000,0.000000,0.000000,0.000000,0.000000,0.000000,0.000000
13,1694846645.137418,0,,,0.0000,0.0000,0.0000,0.0000,,,,,,,,,,,0.000000,0.000000,0.000000,0.000000,0.000000,0.000000,0.000000,0.000000,0.000000,0.000000,0.000000,0.000000,0.000000,0.000000,0.000000,0.000000,0.000000,0.000000,0.000000,0.000000,0.000000,0.000000,0.000000,0.000000,0.000000,0.000000,0.000000,0.000000,0.000000,0.000000,0.000000,0.000000,0.000000,0.000000,0.000000,0.000000,0.000000,0.000000,0.000000,0.000000,0.000000,0.000000,0.000000,0.000000,0.000000,0.000000,0.000000,0.000000,0.000000,0.000000,0.000000,0.000000,0.000000,0.000000,0.000000,0.000000,0.000000,0.000000,0.000000,0.000000,0.000000,0.000000,0.000000
14,1694846645.145751,0,,,0.0000,0.0000,0.0000,0.0000,,,,,,,,,,,0.000000,0.000000,0.000000,0.000000,0.000000,0.000000,0.000000,0.000000,0.000000,0.000000,0.000000,0.000000,0.000000,0.000000,0.000000,0.000000,0.000000,0.000000,0.000000,0.000000,0.000000,0.000000,0.000000,0.000000,0.000000,0.000000,0.000000,0.000000,0.000000,0.000000,0.000000,0.000000,0.000000,0.000000,0.000000,0.000000,0.000000,0.000000,0.000000,0.000000,0.000000,0.000000,0.000000,0.000000,0.000000,0.000000,0.000000,0.000000,0.000000,0.000000,0.000000,0.000000,0.000000,0.000000,0.000000,0.000000,0.000000,0.000000,0.000000,0.000000,0.000000,0.000000,0.000000
15,1694846645.154085,0,,,0.0000,0.0000,0.0000,0.0000,,,,,,,,,,,0.000000,0.000000,0.000000,0.000000,0.000000,0.000000,0.000000,0.000000,0.000000,0.000000,0.000000,0.000000,0.000000,0.000000,0.000000,0.000000,0.000000,0.000000,0.000000,0.000000,0.000000,0.000000,0.000000,0.000000,0.000000,0.000000,0.000000,0.000000,0.000000,0.000000,0.000000,0.000000,0.000000,0.000000,0.000000,0.000000,0.000000,0.000000,0.000000,0.000000,0.000000,0.000000,0.000000,0.000000,0.000000,0.000000,0.000000,0.000000,0.000000,0.000000,0.000000,0.000000,0.000000,0.000000,0.000000,0.000000,0.000000,0.000000,0.000000,0.000000,0.000000,0.000000,0.000000
16,1694846645.162418,0,,,0.0000,0.0000,0.0000,0.0000,,,,,,,,,,,0.000000,0.000000,0.000000,0.000000,0.000000,0.000000,0.000000,0.000000,0.000000,0.000000,0.000000,0.000000,0.000000,0.000000,0.000000,0.000000,0.000000,0.000000,0.000000,0.000000,0.000000,0.000000,0.000000,0.000000,0.000000,0.000000,0.000000,0.000000,0.000000,0.000000,0.000000,0.000000,0.000000,0.000000,0.000000,0.000000,0.000000,0.000000,0.000000,0.000000,0.000000,0.000000,0.000000,0.000000,0.000000,0.000000,0.000000,0.000000,0.000000,0.000000,0.000000,0.000000,0.000000,0.000000,0.000000,0.000000,0.000000,0.000000,0.000000,0.000000,0.000000,0.000000,0.000000
17,1694846645.170751,0,,,0.0000,0.0000,0.0000,0.0000,,,,,,,,,,,0.000000,0.000000,0.000000,0.000000,0.000000,0.000000,0.000000,0.000000,0.000000,0.000000,0.000000,0.000000,0.000000,0.000000,0.000000,0.000000,0.000000,0.000000,0.000000,0.000000,0.000000,0.000000,0.000000,0.000000,0.000000,0.000000,0.000000,0.000000,0.000000,0.000000,0.000000,0.000000,0.000000,0.000000,0.000000,0.000000,0.000000,0.000000,0.000000,0.000000,0.000000,0.000000,0.000000,0.000000,0.000000,0.000000,0.000000,0.000000,0.000000,0.000000,0.000000,0.000000,0.000000,0.000000,0.000000,0.000000,0.000000,0.000000,0.000000,0.000000,0.000000,0.000000,0.000000
18,1694846645.179085,0,,,0.0000,0.0000,0.0000,0.0000,,,,,,,,,,,0.000000,0.000000,0.000000,0.000000,0.000000,0.000000,0.000000,0.000000,0.000000,0.000000,0.000000,0.000000,0.000000,0.000000,0.000000,0.000000,0.000000,0.000000,0.000000,0.000000,0.000000,0.000000,0.000000,0.000000,0.000000,0.000000,0.000000,0.000000,0.000000,0.000000,0.000000,0.000000,0.000000,0.000000,0.000000,0.000000,0.000000,0.000000,0.000000,0.000000,0.000000,0.000000,0.000000,0.000000,0.000000,0.000000,0.000000,0.000000,0.000000,0.000000,0.000000,0.000000,0.000000,0.000000,0.000000,0.000000,0.000000,0.000000,0.000000,0.000000,0.000000,0.000000,0.000000
19,1694846645.187418,0,,,0.0000,0.0000,0.0000,0.0000,,,,,,,,,,,0.000000,0.000000,0.000000,0.000000,0.000000,0.000000,0.000000,0.000000,0.000000,0.000000,0.000000,0.000000,0.000000,0.000000,0.000000,0.000000,0.000000,0.000000,0.000000,0.000000,0.000000,0.000000,0.000000,0.000000,0.000000,0.000000,0.000000,0.000000,0.000000,0.000000,0.000000,0.000000,0.000000,0.000000,0.000000,0.000000,0.000000,0.000000,0.000000,0.000000,0.000000,0.000000,0.000000,0.000000,0.000000,0.000000,0.000000,0.000000,0.000000,0.000000,0.000000,0.000000,0.000000,0.000000,0.000000,0.000000,0.000000,0.000000,0.000000,0.000000,0.000000,0.000000,0.000000
20,1694846645.195751,0,,,0.0000,0.0000,0.0000,0.0000,,,,,,,,,,,0.000000,0.000000,0.000000,0.000000,0.000000,0.000000,0.000000,0.000000,0.000000,0.000000,0.000000,0.000000,0.000000,0.000000,0.000000,0.000000,0.000000,0.000000,0.000000,0.000000,0.000000,0.000000,0.000000,0.000000,0.000000,0.000000,0.000000,0.000000,0.000000,0.000000,0.000000,0.000000,0.000000,0.000000,0.000000,0.000000,0.000000,0.000000,0.000000,0.000000,0.000000,0.000000,0.000000,0.000000,0.000000,0.000000,0.000000,0.000000,0.000000,0.000000,0.000000,0.000000,0.000000,0.000000,0.000000,0.000000,0.000000,0.000000,0.000000,0.000000,0.000000,0.000000,0.000000
21,1694846645.204085,0,,,0.0000,0.0000,0.0000,0.0000,,,,,,,,,,,0.000000,0.000000,0.000000,0.000000,0.000000,0.000000,0.000000,0.000000,0.000000,0.000000,0.000000,0.000000,0.000000,0.000000,0.000000,0.000000,0.000000,0.000000,0.000000,0.000000,0.000000,0.000000,0.000000,0.000000,0.000000,0.000000,0.000000,0.000000,0.000000,0.000000,0.000000,0.000000,0.000000,0.000000,0.000000,0.000000,0.000000,0.000000,0.000000,0.000000,0.000000,0.000000,0.000000,0.000000,0.000000,0.000000,0.000000,0.000000,0.000000,0.000000,0.000000,0.000000,0.000000,0.000000,0.000000,0.000000,0.000000,0.000000,0.000000,0.000000,0.000000,0.000000,0.000000
22,1694846645.212418,0,,,0.0000,0.0000,0.0000,0.0000,,,,,,,,,,,0.000000,0.000000,0.000000,0.000000,0.000000,0.000000,0.000000,0.000000,0.000000,0.000000,0.000000,0.000000,0.000000,0.000000,0.000000,0.000000,0.000000,0.000000,0.000000,0.000000,0.000000,0.000000,0.000000,0.000000,0.000000,0.000000,0.000000,0.000000,0.000000,0.000000,0.000000,0.000000,0.000000,0.000000,0.000000,0.000000,0.000000,0.000000,0.000000,0.000000,0.000000,0.000000,0.000000,0.000000,0.000000,0.000000,0.000000,0.000000,0.000000,0.000000,0.000000,0.000000,0.000000,0.000000,0.000000,0.000000,0.000000,0.000000,0.000000,0.000000,0.000000,0.000000,0.000000
23,1694846645.220751,0,,,0.0000,0.0000,0.0000,0.0000,,,,,,,,,,,0.000000,0.000000,0.000000,0.000000,0.000000,0.000000,0.000000,0.000000,0.000000,0.000000,0.000000,0.000000,0.000000,0.000000,0.000000,0.000000,0.000000,0.000000,0.000000,0.000000,0.000000,0.000000,0.000000,0.000000,0.000000,0.000000,0.000000,0.000000,0.000000,0.000000,0.000000,0.000000,0.000000,0.000000,0.000000,0.000000,0.000000,0.000000,0.000000,0.000000,0.000000,0.000000,0.000000,0.000000,0.000000,0.000000,0.000000,0.000000,0.000000,0.000000,0.000000,0.000000,0.000000,0.000000,0.000000,0.000000,0.000000,0.000000,0.000000,0.000000,0.000000,0.000000,0.000000
24,1694846645.229085,0,,,0.0000,0.0000,0.0000,0.0000,,,,,,,,,,,0.000000,0.000000,0.000000,0.000000,0.000000,0.000000,0.000000,0.000000,0.000000,0.000000,0.000000,0.000000,0.000000,0.000000,0.000000,0.000000,0.000000,0.000000,0.000000,0.000000,0.000000,0.000000,0.000000,0.000000,0.000000,0.000000,0.000000,0.000000,0.000000,0.000000,0.000000,0.000000,0.000000,0.000000,0.000000,0.000000,0.000000,0.000000,0.000000,0.000000,0.000000,0.000000,0.000000,0.000000,0.000000,0.000000,0.000000,0.000000,0.000000,0.000000,0.000000,0.000000,0.000000,0.000000,0.000000,0.000000,0.000000,0.000000,0.000000,0.000000,0.000000,0.000000,0.000000
25,1694846645.237418,0,,,0.0000,0.0000,0.0000,0.0000,,,,,,,,,,,0.000000,0.000000,0.000000,0.000000,0.000000,0.000000,0.000000,0.000000,0.000000,0.000000,0.000000,0.000000,0.000000,0.000000,0.000000,0.000000,0.000000,0.000000,0.000000,0.000000,0.000000,0.000000,0.000000,0.000000,0.000000,0.000000,0.000000,0.000000,0.000000,0.000000,0.000000,0.000000,0.000000,0.000000,0.000000,0.000000,0.000000,0.000000,0.000000,0.000000,0.000000,0.000000,0.000000,0.000000,0.000000,0.000000,0.000000,0.000000,0.000000,0.000000,0.000000,0.000000,0.000000,0.000000,0.000000,0.000000,0.000000,0.000000,0.000000,0.000000,0.000000,0.000000,0.000000
26,1694846645.245751,0,,,0.0000,0.0000,0.0000,0.0000,,,,,,,,,,,0.000000,0.000000,0.000000,0.000000,0.000000,0.000000,0.000000,0.000000,0.000000,0.000000,0.000000,0.000000,0.000000,0.000000,0.000000,0.000000,0.000000,0.000000,0.000000,0.000000,0.000000,0.000000,0.000000,0.000000,0.000000,0.000000,0.000000,0.000000,0.000000,0.000000,0.000000,0.000000,0.000000,0.000000,0.000000,0.000000,0.000000,0.000000,0.000000,0.000000,0.000000,0.000000,0.000000,0.000000,0.000000,0.000000,0.000000,0.000000,0.000000,0.000000,0.000000,0.000000,0.000000,0.000000,0.000000,0.000000,0.000000,0.000000,0.000000,0.000000,0.000000,0.000000,0.000000
27,1694846645.254085,0,,,0.0000,0.0000,0.0000,0.0000,,,,,,,,,,,0.000000,0.000000,0.000000,0.000000,0.000000,0.000000,0.000000,0.000000,0.000000,0.000000,0.000000,0.000000,0.000000,0.000000,0.000000,0.000000,0.000000,0.000000,0.000000,0.000000,0.000000,0.000000,0.000000,0.000000,0.000000,0.000000,0.000000,0.000000,0.000000,0.000000,0.000000,0.000000,0.000000,0.000000,0.000000,0.000000,0.000000,0.000000,0.000000,0.000000,0.000000,0.000000,0.000000,0.000000,0.000000,0.000000,0.000000,0.000000,0.000000,0.000000,0.000000,0.000000,0.000000,0.000000,0.000000,0.000000,0.000000,0.000000,0.000000,0.000000,0.000000,0.000000,0.000000
28,1694846645.262418,0,,,0.0000,0.0000,0.0000,0.0000,,,,,,,,,,,0.000000,0.000000,0.000000,0.000000,0.000000,0.000000,0.000000,0.000000,0.000000,0.000000,0.000000,0.000000,0.000000,0.000000,0.000000,0.000000,0.000000,0.000000,0.000000,0.000000,0.000000,0.000000,0.000000,0.000000,0.000000,0.000000,0.000000,0.000000,0.000000,0.000000,0.000000,0.000000,0.000000,0.000000,0.000000,0.000000,0.000000,0.000000,0.000000,0.000000,0.000000,0.000000,0.000000,0.000000,0.000000,0.000000,0.000000,0.000000,0.000000,0.000000,0.000000,0.000000,0.000000,0.000000,0.000000,0.000000,0.000000,0.000000,0.000000,0.000000,0.000000,0.000000,0.000000
29,1694846645.270751,0,,,0.0000,0.0000,0.0000,0.0000,,,,,,,,,,,0.000000,0.000000,0.000000,0.000000,0.000000,0.000000,0.000000,0.000000,0.000000,0.000000,0.000000,0.000000,0.000000,0.000000,0.000000,0.000000,0.000000,0.000000,0.000000,0.000000,0.000000,0.000000,0.000000,0.000000,0.000000,0.000000,0.000000,0.000000,0.000000,0.000000,0.000000,0.000000,0.000000,0.000000,0.000000,0.000000,0.000000,0.000000,0.000000,0.000000,0.000000,0.000000,0.000000,0.000000,0.000000,0.000000,0.000000,0.000000,0.000000,0.000000,0.000000,0.000000,0.000000,0.000000,0.000000,0.000000,0.000000,0.000000,0.000000,0.000000,0.000000,0.000000,0.000000
30,1694846645.279085,0,,,0.0000,0.0000,0.0000,0.0000,,,,,,,,,,,0.000000,0.000000,0.000000,0.000000,0.000000,0.000000,0.000000,0.000000,0.000000,0.000000,0.000000,0.000000,0.000000,0.000000,0.000000,0.000000,0.000000,0.000000,0.000000,0.000000,0.000000,0.000000,0.000000,0.000000,0.000000,0.000000,0.000000,0.000000,0.000000,0.000000,0.000000,0.000000,0.000000,0.000000,0.000000,0.000000,0.000000,0.000000,0.000000,0.000000,0.000000,0.000000,0.000000,0.000000,0.000000,0.000000,0.000000,0.000000,0.000000,0.000000,0.000000,0.000000,0.000000,0.000000,0.000000,0.000000,0.000000,0.000000,0.000000,0.000000,0.000000,0.000000,0.000000
31,1694846645.287418,0,,,0.0000,0.0000,0.0000,0.0000,,,,,,,,,,,0.000000,0.000000,0.000000,0.000000,0.000000,0.000000,0.000000,0.000000,0.000000,0.000000,0.000000,0.000000,0.000000,0.000000,0.000000,0.000000,0.000000,0.000000,0.000000,0.000000,0.000000,0.000000,0.000000,0.000000,0.000000,0.000000,0.000000,0.000000,0.000000,0.000000,0.000000,0.000000,0.000000,0.000000,0.000000,0.000000,0.000000,0.000000,0.000000,0.000000,0.000000,0.000000,0.000000,0.000000,0.000000,0.000000,0.000000,0.000000,0.000000,0.000000,0.000000,0.000000,0.000000,0.000000,0.000000,0.000000,0.000000,0.000000,0.000000,0.000000,0.000000,0.000000,0.000000
32,1694846645.295751,0,,,0.0000,0.0000,0.0000,0.0000,,,,,,,,,,,0.000000,0.000000,0.000000,0.000000,0.000000,0.000000,0.000000,0.000000,0.000000,0.000000,0.000000,0.000000,0.000000,0.000000,0.000000,0.000000,0.000000,0.000000,0.000000,0.000000,0.000000,0.000000,0.000000,0.000000,0.000000,0.000000,0.000000,0.000000,0.000000,0.000000,0.000000,0.000000,0.000000,0.000000,0.000000,0.000000,0.000000,0.000000,0.000000,0.000000,0.000000,0.000000,0.000000,0.000000,0.000000,0.000000,0.000000,0.000000,0.000000,0.000000,0.000000,0.000000,0.000000,0.000000,0.000000,0.000000,0.000000,0.000000,0.000000,0.000000,0.000000,0.000000,0.000000
33,1694846645.304085,0,,,0.0000,0.0000,0.0000,0.0000,,,,,,,,,,,0.000000,0.000000,0.000000,0.000000,0.000000,0.000000,0.000000,0.000000,0.000000,0.000000,0.000000,0.000000,0.000000,0.000000,0.000000,0.000000,0.000000,0.000000,0.000000,0.000000,0.000000,0.000000,0.000000,0.000000,0.000000,0.000000,0.000000,0.000000,0.000000,0.000000,0.000000,0.000000,0.000000,0.000000,0.000000,0.000000,0.000000,0.000000,0.000000,0.000000,0.000000,0.000000,0.000000,0.000000,0.000000,0.000000,0.000000,0.000000,0.000000,0.000000,0.000000,0.000000,0.000000,0.000000,0.000000,0.000000,0.000000,0.000000,0.000000,0.000000,0.000000,0.000000,0.000000
34,1694846645.312418,0,,,0.0000,0.0000,0.0000,0.0000,,,,,,,,,,,0.000000,0.000000,0.000000,0.000000,0.000000,0.000000,0.000000,0.000000,0.000000,0.000000,0.000000,0.000000,0.000000,0.000000,0.000000,0.000000,0.000000,0.000000,0.000000,0.000000,0.000000,0.000000,0.000000,0.000000,0.000000,0.000000,0.000000,0.000000,0.000000,0.000000,0.000000,0.000000,0.000000,0.000000,0.000000,0.000000,0.000000,0.000000,0.000000,0.000000,0.000000,0.000000,0.000000,0.000000,0.000000,0.000000,0.000000,0.000000,0.000000,0.000000,0.000000,0.000000,0.000000,0.000000,0.000000,0.000000,0.000000,0.000000,0.000000,0.000000,0.000000,0.000000,0.000000
35,1694846645.320751,0,,,0.0000,0.0000,0.0000,0.0000,,,,,,,,,,,0.000000,0.000000,0.000000,0.000000,0.000000,0.000000,0.000000,0.000000,0.000000,0.000000,0.000000,0.000000,0.000000,0.000000,0.000000,0.000000,0.000000,0.000000,0.000000,0.000000,0.000000,0.000000,0.000000,0.000000,0.000000,0.000000,0.000000,0.000000,0.000000,0.000000,0.000000,0.000000,0.000000,0.000000,0.000000,0.000000,0.000000,0.000000,0.000000,0.000000,0.000000,0.000000,0.000000,0.000000,0.000000,0.000000,0.000000,0.000000,0.000000,0.000000,0.000000,0.000000,0.000000,0.000000,0.000000,0.000000,0.000000,0.000000,0.000000,0.000000,0.000000,0.000000,0.000000
36,1694846645.329085,0,,,0.0000,0.0000,0.0000,0.0000,,,,,,,,,,,0.000000,0.000000,0.000000,0.000000,0.000000,0.000000,0.000000,0.000000,0.000000,0.000000,0.000000,0.000000,0.000000,0.000000,0.000000,0.000000,0.000000,0.000000,0.000000,0.000000,0.000000,0.000000,0.000000,0.000000,0.000000,0.000000,0.000000,0.000000,0.000000,0.000000,0.000000,0.000000,0.000000,0.000000,0.000000,0.000000,0.000000,0.000000,0.000000,0.000000,0.000000,0.000000,0.000000,0.000000,0.000000,0.000000,0.000000,0.000000,0.000000,0.000000,0.000000,0.000000,0.000000,0.000000,0.000000,0.000000,0.000000,0.000000,0.000000,0.000000,0.000000,0.000000,0.000000
37,1694846645.337418,0,,,0.0000,0.0000,0.0000,0.0000,,,,,,,,,,,0.000000,0.000000,0.000000,0.000000,0.000000,0.000000,0.000000,0.000000,0.000000,0.000000,0.000000,0.000000,0.000000,0.000000,0.000000,0.000000,0.000000,0.000000,0.000000,0.000000,0.000000,0.000000,0.000000,0.000000,0.000000,0.000000,0.000000,0.000000,0.000000,0.000000,0.000000,0.000000,0.000000,0.000000,0.000000,0.000000,0.000000,0.000000,0.000000,0.000000,0.000000,0.000000,0.000000,0.000000,0.000000,0.000000,0.000000,0.000000,0.000000,0.000000,0.000000,0.000000,0.000000,0.000000,0.000000,0.000000,0.000000,0.000000,0.000000,0.000000,0.000000,0.000000,0.000000
38,1694846645.345751,0,,,0.0000,0.0000,0.0000,0.0000,,,,,,,,,,,0.000000,0.000000,0.000000,0.000000,0.000000,0.000000,0.000000,0.000000,0.000000,0.000000,0.000000,0.000000,0.000000,0.000000,0.000000,0.000000,0.000000,0.000000,0.000000,0.000000,0.000000,0.000000,0.000000,0.000000,0.000000,0.000000,0.000000,0.000000,0.000000,0.000000,0.000000,0.000000,0.000000,0.000000,0.000000,0.000000,0.000000,0.000000,0.000000,0.000000,0.000000,0.000000,0.000000,0.000000,0.000000,0.000000,0.000000,0.000000,0.000000,0.000000,0.000000,0.000000,0.000000,0.000000,0.000000,0.000000,0.000000,0.000000,0.000000,0.000000,0.000000,0.000000,0.000000
39,1694846645.354085,0,,,0.0000,0.0000,0.0000,0.0000,,,,,,,,,,,0.000000,0.000000,0.000000,0.000000,0.000000,0.000000,0.000000,0.000000,0.000000,0.000000,0.000000,0.000000,0.000000,0.000000,0.000000,0.000000,0.000000,0.000000,0.000000,0.000000,0.000000,0.000000,0.000000,0.000000,0.000000,0.000000,0.000000,0.000000,0.000000,0.000000,0.000000,0.000000,0.000000,0.000000,0.000000,0.000000,0.000000,0.000000,0.000000,0.000000,0.000000,0.000000,0.000000,0.000000,0.000000,0.000000,0.000000,0.000000,0.000000,0.000000,0.000000,0.000000,0.000000,0.000000,0.000000,0.000000,0.000000,0.000000,0.000000,0.000000,0.000000,0.000000,0.000000
40,1694846645.362418,0,,,0.0000,0.0000,0.0000,0.0000,,,,,,,,,,,0.000000,0.000000,0.000000,0.000000,0.000000,0.000000,0.000000,0.000000,0.000000,0.000000,0.000000,0.000000,0.000000,0.000000,0.000000,0.000000,0.000000,0.000000,0.000000,0.000000,0.000000,0.000000,0.000000,0.000000,0.000000,0.000000,0.000000,0.000000,0.000000,0.000000,0.000000,0.000000,0.000000,0.000000,0.000000,0.000000,0.000000,0.000000,0.000000,0.000000,0.000000,0.000000,0.000000,0.000000,0.000000,0.000000,0.000000,0.000000,0.000000,0.000000,0.000000,0.000000,0.000000,0.000000,0.000000,0.000000,0.000000,0.000000,0.000000,0.000000,0.000000,0.000000,0.000000
41,1694846645.370751,0,,,0.0000,0.0000,0.0000,0.0000,,,,,,,,,,,0.000000,0.000000,0.000000,0.000000,0.000000,0.000000,0.000000,0.000000,0.000000,0.000000,0.000000,0.000000,0.000000,0.000000,0.000000,0.000000,0.000000,0.000000,0.000000,0.000000,0.000000,0.000000,0.000000,0.000000,0.000000,0.000000,0.000000,0.000000,0.000000,0.000000,0.000000,0.000000,0.000000,0.000000,0.000000,0.000000,0.000000,0.000000,0.000000,0.000000,0.000000,0.000000,0.000000,0.000000,0.000000,0.000000,0.000000,0.000000,0.000000,0.000000,0.000000,0.000000,0.000000,0.000000,0.000000,0.000000,0.000000,0.000000,0.000000,0.000000,0.000000,0.000000,0.000000
42,1694846645.379085,0,,,0.0000,0.0000,0.0000,0.0000,,,,,,,,,,,0.000000,0.000000,0.000000,0.000000,0.000000,0.000000,0.000000,0.000000,0.000000,0.000000,0.000000,0.000000,0.000000,0.000000,0.000000,0.000000,0.000000,0.000000,0.000000,0.000000,0.000000,0.000000,0.000000,0.000000,0.000000,0.000000,0.000000,0.000000,0.000000,0.000000,0.000000,0.000000,0.000000,0.000000,0.000000,0.000000,0.000000,0.000000,0.000000,0.000000,0.000000,0.000000,0.000000,0.000000,0.000000,0.000000,0.000000,0.000000,0.000000,0.000000,0.000000,0.000000,0.000000,0.000000,0.000000,0.000000,0.000000,0.000000,0.000000,0.000000,0.000000,0.000000,0.000000
43,1694846645.387418,0,,,0.0000,0.0000,0.0000,0.0000,,,,,,,,,,,0.000000,0.000000,0.000000,0.000000,0.000000,0.000000,0.000000,0.000000,0.000000,0.000000,0.000000,0.000000,0.000000,0.000000,0.000000,0.000000,0.000000,0.000000,0.000000,0.000000,0.000000,0.000000,0.000000,0.000000,0.000000,0.000000,0.000000,0.000000,0.000000,0.000000,0.000000,0.000000,0.000000,0.000000,0.000000,0.000000,0.000000,0.000000,0.000000,0.000000,0.000000,0.000000,0.000000,0.000000,0.000000,0.000000,0.000000,0.000000,0.000000,0.000000,0.000000,0.000000,0.000000,0.000000,0.000000,0.000000,0.000000,0.000000,0.000000,0.000000,0.000000,0.000000,0.000000
44,1694846645.395751,0,,,0.0000,0.0000,0.0000,0.0000,,,,,,,,,,,0.000000,0.000000,0.000000,0.000000,0.000000,0.000000,0.000000,0.000000,0.000000,0.000000,0.000000,0.000000,0.000000,0.000000,0.000000,0.000000,0.000000,0.000000,0.000000,0.000000,0.000000,0.000000,0.000000,0.000000,0.000000,0.000000,0.000000,0.000000,0.000000,0.000000,0.000000,0.000000,0.000000,0.000000,0.000000,0.000000,0.000000,0.000000,0.000000,0.000000,0.000000,0.000000,0.000000,0.000000,0.000000,0.000000,0.000000,0.000000,0.000000,0.000000,0.000000,0.000000,0.000000,0.000000,0.000000,0.000000,0.000000,0.000000,0.000000,0.000000,0.000000,0.000000,0.000000
45,1694846645.404085,0,,,0.0000,0.0000,0.0000,0.0000,,,,,,,,,,,0.000000,0.000000,0.000000,0.000000,0.000000,0.000000,0.000000,0.000000,0.000000,0.000000,0.000000,0.000000,0.000000,0.000000,0.000000,0.000000,0.000000,0.000000,0.000000,0.000000,0.000000,0.000000,0.000000,0.000000,0.000000,0.000000,0.000000,0.000000,0.000000,0.000000,0.000000,0.000000,0.000000,0.000000,0.000000,0.000000,0.000000,0.000000,0.000000,0.000000,0.000000,0.000000,0.000000,0.000000,0.000000,0.000000,0.000000,0.000000,0.000000,0.000000,0.000000,0.000000,0.000000,0.000000,0.000000,0.000000,0.000000,0.000000,0.000000,0.000000,0.000000,0.000000,0.000000
46,1694846645.412418,0,,,0.0000,0.0000,0.0000,0.0000,,,,,,,,,,,0.000000,0.000000,0.000000,0.000000,0.000000,0.000000,0.000000,0.000000,0.000000,0.000000,0.000000,0.000000,0.000000,0.000000,0.000000,0.000000,0.000000,0.000000,0.000000,0.000000,0.000000,0.000000,0.000000,0.000000,0.000000,0.000000,0.000000,0.000000,0.000000,0.000000,0.000000,0.000000,0.000000,0.000000,0.000000,0.000000,0.000000,0.000000,0.000000,0.000000,0.000000,0.000000,0.000000,0.000000,0.000000,0.000000,0.000000,0.000000,0.000000,0.000000,0.000000,0.000000,0.000000,0.000000,0.000000,0.000000,0.000000,0.000000,0.000000,0.000000,0.000000,0.000000,0.000000
47,1694846645.420751,0,,,0.0000,0.0000,0.0000,0.0000,,,,,,,,,,,0.000000,0.000000,0.000000,0.000000,0.000000,0.000000,0.000000,0.000000,0.000000,0.000000,0.000000,0.000000,0.000000,0.000000,0.000000,0.000000,0.000000,0.000000,0.000000,0.000000,0.000000,0.000000,0.000000,0.000000,0.000000,0.000000,0.000000,0.000000,0.000000,0.000000,0.000000,0.000000,0.000000,0.000000,0.000000,0.000000,0.000000,0.000000,0.000000,0.000000,0.000000,0.000000,0.000000,0.000000,0.000000,0.000000,0.000000,0.000000,0.000000,0.000000,0.000000,0.000000,0.000000,0.000000,0.000000,0.000000,0.000000,0.000000,0.000000,0.000000,0.000000,0.000000,0.000000
48,1694846645.429085,0,,,0.0000,0.0000,0.0000,0.0000,,,,,,,,,,,0.000000,0.000000,0.000000,0.000000,0.000000,0.000000,0.000000,0.000000,0.000000,0.000000,0.000000,0.000000,0.000000,0.000000,0.000000,0.000000,0.000000,0.000000,0.000000,0.000000,0.000000,0.000000,0.000000,0.000000,0.000000,0.000000,0.000000,0.000000,0.000000,0.000000,0.000000,0.000000,0.000000,0.000000,0.000000,0.000000,0.000000,0.000000,0.000000,0.000000,0.000000,0.000000,0.000000,0.000000,0.000000,0.000000,0.000000,0.000000,0.000000,0.000000,0.000000,0.000000,0.000000,0.000000,0.000000,0.000000,0.000000,0.000000,0.000000,0.000000,0.000000,0.000000,0.000000
49,1694846645.437418,0,,,0.0000,0.0000,0.0000,0.0000,,,,,,,,,,,0.000000,0.000000,0.000000,0.000000,0.000000,0.000000,0.000000,0.000000,0.000000,0.000000,0.000000,0.000000,0.000000,0.000000,0.000000,0.000000,0.000000,0.000000,0.000000,0.000000,0.000000,0.000000,0.000000,0.000000,0.000000,0.000000,0.000000,0.000000,0.000000,0.000000,0.000000,0.000000,0.000000,0.000000,0.000000,0.000000,0.000000,0.000000,0.000000,0.000000,0.000000,0.000000,0.000000,0.000000,0.000000,0.000000,0.000000,0.000000,0.000000,0.000000,0.000000,0.000000,0.000000,0.000000,0.000000,0.000000,0.000000,0.000000,0.000000,0.000000,0.000000,0.000000,0.000000
50,1694846645.445751,0,,,0.0000,0.0000,0.0000,0.0000,,,,,,,,,,,0.000000,0.000000,0.000000,0.000000,0.000000,0.000000,0.000000,0.000000,0.000000,0.000000,0.000000,0.000000,0.000000,0.000000,0.000000,0.000000,0.000000,0.000000,0.000000,0.000000,0.000000,0.000000,0.000000,0.000000,0.000000,0.000000,0.000000,0.000000,0.000000,0.000000,0.000000,0.000000,0.000000,0.000000,0.000000,0.000000,0.000000,0.000000,0.000000,0.000000,0.000000,0.000000,0.000000,0.000000,0.000000,0.000000,0.000000,0.000000,0.000000,0.000000,0.000000,0.000000,0.000000,0.000000,0.000000,0.000000,0.000000,0.000000,0.000000,0.000000,0.000000,0.000000,0.000000
51,1694846645.454085,0,,,0.0000,0.0000,0.0000,0.0000,,,,,,,,,,,0.000000,0.000000,0.000000,0.000000,0.000000,0.000000,0.000000,0.000000,0.000000,0.000000,0.000000,0.000000,0.000000,0.000000,0.000000,0.000000,0.000000,0.000000,0.000000,0.000000,0.000000,0.000000,0.000000,0.000000,0.000000,0.000000,0.000000,0.000000,0.000000,0.000000,0.000000,0.000000,0.000000,0.000000,0.000000,0.000000,0.000000,0.000000,0.000000,0.000000,0.000000,0.000000,0.000000,0.000000,0.000000,0.000000,0.000000,0.000000,0.000000,0.000000,0.000000,0.000000,0.000000,0.000000,0.000000,0.000000,0.000000,0.000000,0.000000,0.000000,0.000000,0.000000,0.000000
52,1694846645.462418,0,,,0.0000,0.0000,0.0000,0.0000,,,,,,,,,,,0.000000,0.000000,0.000000,0.000000,0.000000,0.000000,0.000000,0.000000,0.000000,0.000000,0.000000,0.000000,0.000000,0.000000,0.000000,0.000000,0.000000,0.000000,0.000000,0.000000,0.000000,0.000000,0.000000,0.000000,0.000000,0.000000,0.000000,0.000000,0.000000,0.000000,0.000000,0.000000,0.000000,0.000000,0.000000,0.000000,0.000000,0.000000,0.000000,0.000000,0.000000,0.000000,0.000000,0.000000,0.000000,0.000000,0.000000,0.000000,0.000000,0.000000,0.000000,0.000000,0.000000,0.000000,0.000000,0.000000,0.000000,0.000000,0.000000,0.000000,0.000000,0.000000,0.000000
53,1694846645.470751,0,,,0.0000,0.0000,0.0000,0.0000,,,,,,,,,,,0.000000,0.000000,0.000000,0.000000,0.000000,0.000000,0.000000,0.000000,0.000000,0.000000,0.000000,0.000000,0.000000,0.000000,0.000000,0.000000,0.000000,0.000000,0.000000,0.000000,0.000000,0.000000,0.000000,0.000000,0.000000,0.000000,0.000000,0.000000,0.000000,0.000000,0.000000,0.000000,0.000000,0.000000,0.000000,0.000000,0.000000,0.000000,0.000000,0.000000,0.000000,0.000000,0.000000,0.000000,0.000000,0.000000,0.000000,0.000000,0.000000,0.000000,0.000000,0.000000,0.000000,0.000000,0.000000,0.000000,0.000000,0.000000,0.000000,0.000000,0.000000,0.000000,0.000000
54,1694846645.479085,0,,,0.0000,0.0000,0.0000,0.0000,,,,,,,,,,,0.000000,0.000000,0.000000,0.000000,0.000000,0.000000,0.000000,0.000000,0.000000,0.000000,0.000000,0.000000,0.000000,0.000000,0.000000,0.000000,0.000000,0.000000,0.000000,0.000000,0.000000,0.000000,0.000000,0.000000,0.000000,0.000000,0.000000,0.000000,0.000000,0.000000,0.000000,0.000000,0.000000,0.000000,0.000000,0.000000,0.000000,0.000000,0.000000,0.000000,0.000000,0.000000,0.000000,0.000000,0.000000,0.000000,0.000000,0.000000,0.000000,0.000000,0.000000,0.000000,0.000000,0.000000,0.000000,0.000000,0.000000,0.000000,0.000000,0.000000,0.000000,0.000000,0.000000
55,1694846645.487418,0,,,0.0000,0.0000,0.0000,0.0000,,,,,,,,,,,0.000000,0.000000,0.000000,0.000000,0.000000,0.000000,0.000000,0.000000,0.000000,0.000000,0.000000,0.000000,0.000000,0.000000,0.000000,0.000000,0.000000,0.000000,0.000000,0.000000,0.000000,0.000000,0.000000,0.000000,0.000000,0.000000,0.000000,0.000000,0.000000,0.000000,0.000000,0.000000,0.000000,0.000000,0.000000,0.000000,0.000000,0.000000,0.000000,0.000000,0.000000,0.000000,0.000000,0.000000,0.000000,0.000000,0.000000,0.000000,0.000000,0.000000,0.000000,0.000000,0.000000,0.000000,0.000000,0.000000,0.000000,0.000000,0.000000,0.000000,0.000000,0.000000,0.000000
56,1694846645.495751,0,,,0.0000,0.0000,0.0000,0.0000,,,,,,,,,,,0.000000,0.000000,0.000000,0.000000,0.000000,0.000000,0.000000,0.000000,0.000000,0.000000,0.000000,0.000000,0.000000,0.000000,0.000000,0.000000,0.000000,0.000000,0.000000,0.000000,0.000000,0.000000,0.000000,0.000000,0.000000,0.000000,0.000000,0.000000,0.000000,0.000000,0.000000,0.000000,0.000000,0.000000,0.000000,0.000000,0.000000,0.000000,0.000000,0.000000,0.000000,0.000000,0.000000,0.000000,0.000000,0.000000,0.000000,0.000000,0.000000,0.000000,0.000000,0.000000,0.000000,0.000000,0.000000,0.000000,0.000000,0.000000,0.000000,0.000000,0.000000,0.000000,0.000000
57,1694846645.504085,0,,,0.0000,0.0000,0.0000,0.0000,,,,,,,,,,,0.000000,0.000000,0.000000,0.000000,0.000000,0.000000,0.000000,0.000000,0.000000,0.000000,0.000000,0.000000,0.000000,0.000000,0.000000,0.000000,0.000000,0.000000,0.000000,0.000000,0.000000,0.000000,0.000000,0.000000,0.000000,0.000000,0.000000,0.000000,0.000000,0.000000,0.000000,0.000000,0.000000,0.000000,0.000000,0.000000,0.000000,0.000000,0.000000,0.000000,0.000000,0.000000,0.000000,0.000000,0.000000,0.000000,0.000000,0.000000,0.000000,0.000000,0.000000,0.000000,0.000000,0.000000,0.000000,0.000000,0.000000,0.000000,0.000000,0.000000,0.000000,0.000000,0.000000
58,1694846645.512418,0,,,0.0000,0.0000,0.0000,0.0000,,,,,,,,,,,0.000000,0.000000,0.000000,0.000000,0.000000,0.000000,0.000000,0.000000,0.000000,0.000000,0.000000,0.000000,0.000000,0.000000,0.000000,0.000000,0.000000,0.000000,0.000000,0.000000,0.000000,0.000000,0.000000,0.000000,0.000000,0.000000,0.000000,0.000000,0.000000,0.000000,0.000000,0.000000,0.000000,0.000000,0.000000,0.000000,0.000000,0.000000,0.000000,0.000000,0.000000,0.000000,0.000000,0.000000,0.000000,0.000000,0.000000,0.000000,0.000000,0.000000,0.000000,0.000000,0.000000,0.000000,0.000000,0.000000,0.000000,0.000000,0.000000,0.000000,0.000000,0.000000,0.000000
59,1694846645.520751,0,,,0.0000,0.0000,0.0000,0.0000,,,,,,,,,,,0.000000,0.000000,0.000000,0.000000,0.000000,0.000000,0.000000,0.000000,0.000000,0.000000,0.000000,0.000000,0.000000,0.000000,0.000000,0.000000,0.000000,0.000000,0.000000,0.000000,0.000000,0.000000,0.000000,0.000000,0.000000,0.000000,0.000000,0.000000,0.000000,0.000000,0.000000,0.000000,0.000000,0.000000,0.000000,0.000000,0.000000,0.000000,0.000000,0.000000,0.000000,0.000000,0.000000,0.000000,0.000000,0.000000,0.000000,0.000000,0.000000,0.000000,0.000000,0.000000,0.000000,0.000000,0.000000,0.000000,0.000000,0.000000,0.000000,0.000000,0.000000,0.000000,0.000000
60,1694846645.529085,0,,,0.0000,0.0000,0.0000,0.0000,,,,,,,,,,,0.000000,0.000000,0.000000,0.000000,0.000000,0.000000,0.000000,0.000000,0.000000,0.000000,0.000000,0.000000,0.000000,0.000000,0.000000,0.000000,0.000000,0.000000,0.000000,0.000000,0.000000,0.000000,0.000000,0.000000,0.000000,0.000000,0.000000,0.000000,0.000000,0.000000,0.000000,0.000000,0.000000,0.000000,0.000000,0.000000,0.000000,0.000000,0.000000,0.000000,0.000000,0.000000,0.000000,0.000000,0.000000,0.000000,0.000000,0.000000,0.000000,0.000000,0.000000,0.000000,0.000000,0.000000,0.000000,0.000000,0.000000,0.000000,0.000000,0.000000,0.000000,0.000000,0.000000
61,1694846645.537418,0,,,0.0000,0.0000,0.0000,0.0000,,,,,,,,,,,0.000000,0.000000,0.000000,0.000000,0.000000,0.000000,0.000000,0.000000,0.000000,0.000000,0.000000,0.000000,0.000000,0.000000,0.000000,0.000000,0.000000,0.000000,0.000000,0.000000,0.000000,0.000000,0.000000,0.000000,0.000000,0.000000,0.000000,0.000000,0.000000,0.000000,0.000000,0.000000,0.000000,0.000000,0.000000,0.000000,0.000000,0.000000,0.000000,0.000000,0.000000,0.000000,0.000000,0.000000,0.000000,0.000000,0.000000,0.000000,0.000000,0.000000,0.000000,0.000000,0.000000,0.000000,0.000000,0.000000,0.000000,0.000000,0.000000,0.000000,0.000000,0.000000,0.000000
62,1694846645.545751,0,,,0.0000,0.0000,0.0000,0.0000,,,,,,,,,,,0.000000,0.000000,0.000000,0.000000,0.000000,0.000000,0.000000,0.000000,0.000000,0.000000,0.000000,0.000000,0.000000,0.000000,0.000000,0.000000,0.000000,0.000000,0.000000,0.000000,0.000000,0.000000,0.000000,0.000000,0.000000,0.000000,0.000000,0.000000,0.000000,0.000000,0.000000,0.000000,0.000000,0.000000,0.000000,0.000000,0.000000,0.000000,0.000000,0.000000,0.000000,0.000000,0.000000,0.000000,0.000000,0.000000,0.000000,0.000000,0.000000,0.000000,0.000000,0.000000,0.000000,0.000000,0.000000,0.000000,0.000000,0.000000,0.000000,0.000000,0.000000,0.000000,0.000000
63,1694846645.554085,0,,,0.0000,0.0000,0.0000,0.0000,,,,,,,,,,,0.000000,0.000000,0.000000,0.000000,0.000000,0.000000,0.000000,0.000000,0.000000,0.000000,0.000000,0.000000,0.000000,0.000000,0.000000,0.000000,0.000000,0.000000,0.000000,0.000000,0.000000,0.000000,0.000000,0.000000,0.000000,0.000000,0.000000,0.000000,0.000000,0.000000,0.000000,0.000000,0.000000,0.000000,0.000000,0.000000,0.000000,0.000000,0.000000,0.000000,0.000000,0.000000,0.000000,0.000000,0.000000,0.000000,0.000000,0.000000,0.000000,0.000000,0.000000,0.000000,0.000000,0.000000,0.000000,0.000000,0.000000,0.000000,0.000000,0.000000,0.000000,0.000000,0.000000
64,1694846645.562418,0,,,0.0000,0.0000,0.0000,0.0000,,,,,,,,,,,0.000000,0.000000,0.000000,0.000000,0.000000,0.000000,0.000000,0.000000,0.000000,0.000000,0.000000,0.000000,0.000000,0.000000,0.000000,0.000000,0.000000,0.000000,0.000000,0.000000,0.000000,0.000000,0.000000,0.000000,0.000000,0.000000,0.000000,0.000000,0.000000,0.000000,0.000000,0.000000,0.000000,0.000000,0.000000,0.000000,0.000000,0.000000,0.000000,0.000000,0.000000,0.000000,0.000000,0.000000,0.000000,0.000000,0.000000,0.000000,0.000000,0.000000,0.000000,0.000000,0.000000,0.000000,0.000000,0.000000,0.000000,0.000000,0.000000,0.000000,0.000000,0.000000,0.000000
65,1694846645.570751,0,,,0.0000,0.0000,0.0000,0.0000,,,,,,,,,,,0.000000,0.000000,0.000000,0.000000,0.000000,0.000000,0.000000,0.000000,0.000000,0.000000,0.000000,0.000000,0.000000,0.000000,0.000000,0.000000,0.000000,0.000000,0.000000,0.000000,0.000000,0.000000,0.000000,0.000000,0.000000,0.000000,0.000000,0.000000,0.000000,0.000000,0.000000,0.000000,0.000000,0.000000,0.000000,0.000000,0.000000,0.000000,0.000000,0.000000,0.000000,0.000000,0.000000,0.000000,0.000000,0.000000,0.000000,0.000000,0.000000,0.000000,0.000000,0.000000,0.000000,0.000000,0.000000,0.000000,0.000000,0.000000,0.000000,0.000000,0.000000,0.000000,0.000000
66,1694846645.579085,0,,,0.0000,0.0000,0.0000,0.0000,,,,,,,,,,,0.000000,0.000000,0.000000,0.000000,0.000000,0.000000,0.000000,0.000000,0.000000,0.000000,0.000000,0.000000,0.000000,0.000000,0.000000,0.000000,0.000000,0.000000,0.000000,0.000000,0.000000,0.000000,0.000000,0.000000,0.000000,0.000000,0.000000,0.000000,0.000000,0.000000,0.000000,0.000000,0.000000,0.000000,0.000000,0.000000,0.000000,0.000000,0.000000,0.000000,0.000000,0.000000,0.000000,0.000000,0.000000,0.000000,0.000000,0.000000,0.000000,0.000000,0.000000,0.000000,0.000000,0.000000,0.000000,0.000000,0.000000,0.000000,0.000000,0.000000,0.000000,0.000000,0.000000
67,1694846645.587418,0,,,0.0000,0.0000,0.0000,0.0000,,,,,,,,,,,0.000000,0.000000,0.000000,0.000000,0.000000,0.000000,0.000000,0.000000,0.000000,0.000000,0.000000,0.000000,0.000000,0.000000,0.000000,0.000000,0.000000,0.000000,0.000000,0.000000,0.000000,0.000000,0.000000,0.000000,0.000000,0.000000,0.000000,0.000000,0.000000,0.000000,0.000000,0.000000,0.000000,0.000000,0.000000,0.000000,0.000000,0.000000,0.000000,0.000000,0.000000,0.000000,0.000000,0.000000,0.000000,0.000000,0.000000,0.000000,0.000000,0.000000,0.000000,0.000000,0.000000,0.000000,0.000000,0.000000,0.000000,0.000000,0.000000,0.000000,0.000000,0.000000,0.000000
68,1694846645.595751,0,,,0.0000,0.0000,0.0000,0.0000,,,,,,,,,,,0.000000,0.000000,0.000000,0.000000,0.000000,0.000000,0.000000,0.000000,0.000000,0.000000,0.000000,0.000000,0.000000,0.000000,0.000000,0.000000,0.000000,0.000000,0.000000,0.000000,0.000000,0.000000,0.000000,0.000000,0.000000,0.000000,0.000000,0.000000,0.000000,0.000000,0.000000,0.000000,0.000000,0.000000,0.000000,0.000000,0.000000,0.000000,0.000000,0.000000,0.000000,0.000000,0.000000,0.000000,0.000000,0.000000,0.000000,0.000000,0.000000,0.000000,0.000000,0.000000,0.000000,0.000000,0.000000,0.000000,0.000000,0.000000,0.000000,0.000000,0.000000,0.000000,0.000000
69,1694846645.604085,0,,,0.0000,0.0000,0.0000,0.0000,,,,,,,,,,,0.000000,0.000000,0.000000,0.000000,0.000000,0.000000,0.000000,0.000000,0.000000,0.000000,0.000000,0.000000,0.000000,0.000000,0.000000,0.000000,0.000000,0.000000,0.000000,0.000000,0.000000,0.000000,0.000000,0.000000,0.000000,0.000000,0.000000,0.000000,0.000000,0.000000,0.000000,0.000000,0.000000,0.000000,0.000000,0.000000,0.000000,0.000000,0.000000,0.000000,0.000000,0.000000,0.000000,0.000000,0.000000,0.000000,0.000000,0.000000,0.000000,0.000000,0.000000,0.000000,0.000000,0.000000,0.000000,0.000000,0.000000,0.000000,0.000000,0.000000,0.000000,0.000000,0.000000
70,1694846645.612418,0,,,0.0000,0.0000,0.0000,0.0000,,,,,,,,,,,0.000000,0.000000,0.000000,0.000000,0.000000,0.000000,0.000000,0.000000,0.000000,0.000000,0.000000,0.000000,0.000000,0.000000,0.000000,0.000000,0.000000,0.000000,0.000000,0.000000,0.000000,0.000000,0.000000,0.000000,0.000000,0.000000,0.000000,0.000000,0.000000,0.000000,0.000000,0.000000,0.000000,0.000000,0.000000,0.000000,0.000000,0.000000,0.000000,0.000000,0.000000,0.000000,0.000000,0.000000,0.000000,0.000000,0.000000,0.000000,0.000000,0.000000,0.000000,0.000000,0.000000,0.000000,0.000000,0.000000,0.000000,0.000000,0.000000,0.000000,0.000000,0.000000,0.000000
71,1694846645.620751,0,,,0.0000,0.0000,0.0000,0.0000,,,,,,,,,,,0.000000,0.000000,0.000000,0.000000,0.000000,0.000000,0.000000,0.000000,0.000000,0.000000,0.000000,0.000000,0.000000,0.000000,0.000000,0.000000,0.000000,0.000000,0.000000,0.000000,0.000000,0.000000,0.000000,0.000000,0.000000,0.000000,0.000000,0.000000,0.000000,0.000000,0.000000,0.000000,0.000000,0.000000,0.000000,0.000000,0.000000,0.000000,0.000000,0.000000,0.000000,0.000000,0.000000,0.000000,0.000000,0.000000,0.000000,0.000000,0.000000,0.000000,0.000000,0.000000,0.000000,0.000000,0.000000,0.000000,0.000000,0.000000,0.000000,0.000000,0.000000,0.000000,0.000000
72,1694846645.629085,0,,,0.0000,0.0000,0.0000,0.0000,,,,,,,,,,,0.000000,0.000000,0.000000,0.000000,0.000000,0.000000,0.000000,0.000000,0.000000,0.000000,0.000000,0.000000,0.000000,0.000000,0.000000,0.000000,0.000000,0.000000,0.000000,0.000000,0.000000,0.000000,0.000000,0.000000,0.000000,0.000000,0.000000,0.000000,0.000000,0.000000,0.000000,0.000000,0.000000,0.000000,0.000000,0.000000,0.000000,0.000000,0.000000,0.000000,0.000000,0.000000,0.000000,0.000000,0.000000,0.000000,0.000000,0.000000,0.000000,0.000000,0.000000,0.000000,0.000000,0.000000,0.000000,0.000000,0.000000,0.000000,0.000000,0.000000,0.000000,0.000000,0.000000
73,1694846645.637418,0,,,0.0000,0.0000,0.0000,0.0000,,,,,,,,,,,0.000000,0.000000,0.000000,0.000000,0.000000,0.000000,0.000000,0.000000,0.000000,0.000000,0.000000,0.000000,0.000000,0.000000,0.000000,0.000000,0.000000,0.000000,0.000000,0.000000,0.000000,0.000000,0.000000,0.000000,0.000000,0.000000,0.000000,0.000000,0.000000,0.000000,0.000000,0.000000,0.000000,0.000000,0.000000,0.000000,0.000000,0.000000,0.000000,0.000000,0.000000,0.000000,0.000000,0.000000,0.000000,0.000000,0.000000,0.000000,0.000000,0.000000,0.000000,0.000000,0.000000,0.000000,0.000000,0.000000,0.000000,0.000000,0.000000,0.000000,0.000000,0.000000,0.000000
74,1694846645.645751,0,,,0.0000,0.0000,0.0000,0.0000,,,,,,,,,,,0.000000,0.000000,0.000000,0.000000,0.000000,0.000000,0.000000,0.000000,0.000000,0.000000,0.000000,0.000000,0.000000,0.000000,0.000000,0.000000,0.000000,0.000000,0.000000,0.000000,0.000000,0.000000,0.000000,0.000000,0.000000,0.000000,0.000000,0.000000,0.000000,0.000000,0.000000,0.000000,0.000000,0.000000,0.000000,0.000000,0.000000,0.000000,0.000000,0.000000,0.000000,0.000000,0.000000,0.000000,0.000000,0.000000,0.000000,0.000000,0.000000,0.000000,0.000000,0.000000,0.000000,0.000000,0.000000,0.000000,0.000000,0.000000,0.000000,0.000000,0.000000,0.000000,0.000000
75,1694846645.654085,0,,,0.0000,0.0000,0.0000,0.0000,,,,,,,,,,,0.000000,0.000000,0.000000,0.000000,0.000000,0.000000,0.000000,0.000000,0.000000,0.000000,0.000000,0.000000,0.000000,0.000000,0.000000,0.000000,0.000000,0.000000,0.000000,0.000000,0.000000,0.000000,0.000000,0.000000,0.000000,0.000000,0.000000,0.000000,0.000000,0.000000,0.000000,0.000000,0.000000,0.000000,0.000000,0.000000,0.000000,0.000000,0.000000,0.000000,0.000000,0.000000,0.000000,0.000000,0.000000,0.000000,0.000000,0.000000,0.000000,0.000000,0.000000,0.000000,0.000000,0.000000,0.000000,0.000000,0.000000,0.000000,0.000000,0.000000,0.000000,0.000000,0.000000
76,1694846645.662418,0,,,0.0000,0.0000,0.0000,0.0000,,,,,,,,,,,0.000000,0.000000,0.000000,0.000000,0.000000,0.000000,0.000000,0.000000,0.000000,0.000000,0.000000,0.000000,0.000000,0.000000,0.000000,0.000000,0.000000,0.000000,0.000000,0.000000,0.000000,0.000000,0.000000,0.000000,0.000000,0.000000,0.000000,0.000000,0.000000,0.000000,0.000000,0.000000,0.000000,0.000000,0.000000,0.000000,0.000000,0.000000,0.000000,0.000000,0.000000,0.000000,0.000000,0.000000,0.000000,0.000000,0.000000,0.000000,0.000000,0.000000,0.000000,0.000000,0.000000,0.000000,0.000000,0.000000,0.000000,0.000000,0.000000,0.000000,0.000000,0.000000,0.000000
77,1694846645.670751,0,,,0.0000,0.0000,0.0000,0.0000,,,,,,,,,,,0.000000,0.000000,0.000000,0.000000,0.000000,0.000000,0.000000,0.000000,0.000000,0.000000,0.000000,0.000000,0.000000,0.000000,0.000000,0.000000,0.000000,0.000000,0.000000,0.000000,0.000000,0.000000,0.000000,0.000000,0.000000,0.000000,0.000000,0.000000,0.000000,0.000000,0.000000,0.000000,0.000000,0.000000,0.000000,0.000000,0.000000,0.000000,0.000000,0.000000,0.000000,0.000000,0.000000,0.000000,0.000000,0.000000,0.000000,0.000000,0.000000,0.000000,0.000000,0.000000,0.000000,0.000000,0.000000,0.000000,0.000000,0.000000,0.000000,0.000000,0.000000,0.000000,0.000000
78,1694846645.679085,0,-61.1145,-61.1145,0.0000,0.0000,0.0000,0.0000,,3314.5363,0.9213,145.3457,89.0179,130.1215,143.4471,150.6855,160.7437,0.026028,0.457889,0.981114,-0.000000,0.389898,0.996476,-0.013673,0.329803,0.940843,-0.020897,0.308973,0.844829,-0.023821,0.320256,0.785209,-0.026204,0.347026,0.838197,-0.034015,0.300183,0.722357,-0.046310,0.279531,0.657184,-0.051851,0.263981,0.604965,-0.056062,0.384778,0.789699,-0.026639,0.333306,0.743495,-0.034339,0.330057,0.781036,-0.026283,0.338992,0.816501,-0.019792,0.414372,0.769998,-0.019285,0.365952,0.757504,-0.028850,0.364695,0.790811,-0.021084,0.375051,0.825201,-0.014211,0.437703,0.761106,-0.012353,0.396719,0.756162,-0.021309,0.391373,0.787557,-0.018055,0.397834,0.815833,-0.013180
79,1694846645.687418,0,,,0.0000,0.0000,0.0000,0.0000,,,,,,,,,,,0.000000,0.000000,0.000000,0.000000,0.000000,0.000000,0.000000,0.000000,0.000000,0.000000,0.000000,0.000000,0.000000,0.000000,0.000000,0.000000,0.000000,0.000000,0.000000,0.000000,0.000000,0.000000,0.000000,0.000000,0.000000,0.000000,0.000000,0.000000,0.000000,0.000000,0.000000,0.000000,0.000000,0.000000,0.000000,0.000000,0.000000,0.000000,0.000000,0.000000,0.000000,0.000000,0.000000,0.000000,0.000000,0.000000,0.000000,0.000000,0.000000,0.000000,0.000000,0.000000,0.000000,0.000000,0.000000,0.000000,0.000000,0.000000,0.000000,0.000000,0.000000,0.000000,0.000000
80,1694846645.695751,0,,,0.0000,0.0000,0.0000,0.0000,,,,,,,,,,,0.000000,0.000000,0.000000,0.000000,0.000000,0.000000,0.000000,0.000000,0.000000,0.000000,0.000000,0.000000,0.000000,0.000000,0.000000,0.000000,0.000000,0.000000,0.000000,0.000000,0.000000,0.000000,0.000000,0.000000,0.000000,0.000000,0.000000,0.000000,0.000000,0.000000,0.000000,0.000000,0.000000,0.000000,0.000000,0.000000,0.000000,0.000000,0.000000,0.000000,0.000000,0.000000,0.000000,0.000000,0.000000,0.000000,0.000000,0.000000,0.000000,0.000000,0.000000,0.000000,0.000000,0.000000,0.000000,0.000000,0.000000,0.000000,0.000000,0.000000,0.000000,0.000000,0.000000
81,1694846645.704085,0,,,0.0000,0.0000,0.0000,0.0000,,,,,,,,,,,0.000000,0.000000,0.000000,0.000000,0.000000,0.000000,0.000000,0.000000,0.000000,0.000000,0.000000,0.000000,0.000000,0.000000,0.000000,0.000000,0.000000,0.000000,0.000000,0.000000,0.000000,0.000000,0.000000,0.000000,0.000000,0.000000,0.000000,0.000000,0.000000,0.000000,0.000000,0.000000,0.000000,0.000000,0.000000,0.000000,0.000000,0.000000,0.000000,0.000000,0.000000,0.000000,0.000000,0.000000,0.000000,0.000000,0.000000,0.000000,0.000000,0.000000,0.000000,0.000000,0.000000,0.000000,0.000000,0.000000,0.000000,0.000000,0.000000,0.000000,0.000000,0.000000,0.000000
82,1694846645.712418,0,,,0.0000,0.0000,0.0000,0.0000,,,,,,,,,,,0.000000,0.000000,0.000000,0.000000,0.000000,0.000000,0.000000,0.000000,0.000000,0.000000,0.000000,0.000000,0.000000,0.000000,0.000000,0.000000,0.000000,0.000000,0.000000,0.000000,0.000000,0.000000,0.000000,0.000000,0.000000,0.000000,0.000000,0.000000,0.000000,0.000000,0.000000,0.000000,0.000000,0.000000,0.000000,0.000000,0.000000,0.000000,0.000000,0.000000,0.000000,0.000000,0.000000,0.000000,0.000000,0.000000,0.000000,0.000000,0.000000,0.000000,0.000000,0.000000,0.000000,0.000000,0.000000,0.000000,0.000000,0.000000,0.000000,0.000000,0.000000,0.000000,0.000000
83,1694846645.720751,0,,,0.0000,0.0000,0.0000,0.0000,,,,,,,,,,,0.000000,0.000000,0.000000,0.000000,0.000000,0.000000,0.000000,0.000000,0.000000,0.000000,0.000000,0.000000,0.000000,0.000000,0.000000,0.000000,0.000000,0.000000,0.000000,0.000000,0.000000,0.000000,0.000000,0.000000,0.000000,0.000000,0.000000,0.000000,0.000000,0.000000,0.000000,0.000000,0.000000,0.000000,0.000000,0.000000,0.000000,0.000000,0.000000,0.000000,0.000000,0.000000,0.000000,0.000000,0.000000,0.000000,0.000000,0.000000,0.000000,0.000000,0.000000,0.000000,0.000000,0.000000,0.000000,0.000000,0.000000,0.000000,0.000000,0.000000,0.000000,0.000000,0.000000
84,1694846645.729085,0,,,0.0000,0.0000,0.0000,0.0000,,,,,,,,,,,0.000000,0.000000,0.000000,0.000000,0.000000,0.000000,0.000000,0.000000,0.000000,0.000000,0.000000,0.000000,0.000000,0.000000,0.000000,0.000000,0.000000,0.000000,0.000000,0.000000,0.000000,0.000000,0.000000,0.000000,0.000000,0.000000,0.000000,0.000000,0.000000,0.000000,0.000000,0.000000,0.000000,0.000000,0.000000,0.000000,0.000000,0.000000,0.000000,0.000000,0.000000,0.000000,0.000000,0.000000,0.000000,0.000000,0.000000,0.000000,0.000000,0.000000,0.000000,0.000000,0.000000,0.000000,0.000000,0.000000,0.000000,0.000000,0.000000,0.000000,0.000000,0.000000,0.000000
85,1694846645.737418,1,,,0.0000,0.0000,0.0000,0.0000,,,,,,,,,,,0.000000,0.000000,0.000000,0.000000,0.000000,0.000000,0.000000,0.000000,0.000000,0.000000,0.000000,0.000000,0.000000,0.000000,0.000000,0.000000,0.000000,0.000000,0.000000,0.000000,0.000000,0.000000,0.000000,0.000000,0.000000,0.000000,0.000000,0.000000,0.000000,0.000000,0.000000,0.000000,0.000000,0.000000,0.000000,0.000000,0.000000,0.000000,0.000000,0.000000,0.000000,0.000000,0.000000,0.000000,0.000000,0.000000,0.000000,0.000000,0.000000,0.000000,0.000000,0.000000,0.000000,0.000000,0.000000,0.000000,0.000000,0.000000,0.000000,0.000000,0.000000,0.000000,0.000000
86,1694846645.745751,1,,,0.0000,0.0000,0.0000,0.0000,,,,,,,,,,,0.000000,0.000000,0.000000,0.000000,0.000000,0.000000,0.000000,0.000000,0.000000,0.000000,0.000000,0.000000,0.000000,0.000000,0.000000,0.000000,0.000000,0.000000,0.000000,0.000000,0.000000,0.000000,0.000000,0.000000,0.000000,0.000000,0.000000,0.000000,0.000000,0.000000,0.000000,0.000000,0.000000,0.000000,0.000000,0.000000,0.000000,0.000000,0.000000,0.000000,0.000000,0.000000,0.000000,0.000000,0.000000,0.000000,0.000000,0.000000,0.000000,0.000000,0.000000,0.000000,0.000000,0.000000,0.000000,0.000000,0.000000,0.000000,0.000000,0.000000,0.000000,0.000000,0.000000
87,1694846645.754085,1,,,0.0000,0.0000,0.0000,0.0000,,,,,,,,,,,0.000000,0.000000,0.000000,0.000000,0.000000,0.000000,0.000000,0.000000,0.000000,0.000000,0.000000,0.000000,0.000000,0.000000,0.000000,0.000000,0.000000,0.000000,0.000000,0.000000,0.000000,0.000000,0.000000,0.000000,0.000000,0.000000,0.000000,0.000000,0.000000,0.000000,0.000000,0.000000,0.000000,0.000000,0.000000,0.000000,0.000000,0.000000,0.000000,0.000000,0.000000,0.000000,0.000000,0.000000,0.000000,0.000000,0.000000,0.000000,0.000000,0.000000,0.000000,0.000000,0.000000,0.000000,0.000000,0.000000,0.000000,0.000000,0.000000,0.000000,0.000000,0.000000,0.000000
88,1694846645.762418,1,,,0.0000,0.0000,0.0000,0.0000,,,,,,,,,,,0.000000,0.000000,0.000000,0.000000,0.000000,0.000000,0.000000,0.000000,0.000000,0.000000,0.000000,0.000000,0.000000,0.000000,0.000000,0.000000,0.000000,0.000000,0.000000,0.000000,0.000000,0.000000,0.000000,0.000000,0.000000,0.000000,0.000000,0.000000,0.000000,0.000000,0.000000,0.000000,0.000000,0.000000,0.000000,0.000000,0.000000,0.000000,0.000000,0.000000,0.000000,0.000000,0.000000,0.000000,0.000000,0.000000,0.000000,0.000000,0.000000,0.000000,0.000000,0.000000,0.000000,0.000000,0.000000,0.000000,0.000000,0.000000,0.000000,0.000000,0.000000,0.000000,0.000000
89,1694846645.770751,1,,,0.0000,0.0000,0.0000,0.0000,,,,,,,,,,,0.000000,0.000000,0.000000,0.000000,0.000000,0.000000,0.000000,0.000000,0.000000,0.000000,0.000000,0.000000,0.000000,0.000000,0.000000,0.000000,0.000000,0.000000,0.000000,0.000000,0.000000,0.000000,0.000000,0.000000,0.000000,0.000000,0.000000,0.000000,0.000000,0.000000,0.000000,0.000000,0.000000,0.000000,0.000000,0.000000,0.000000,0.000000,0.000000,0.000000,0.000000,0.000000,0.000000,0.000000,0.000000,0.000000,0.000000,0.000000,0.000000,0.000000,0.000000,0.000000,0.000000,0.000000,0.000000,0.000000,0.000000,0.000000,0.000000,0.000000,0.000000,0.000000,0.000000
90,1694846645.779085,1,,,0.0000,0.0000,0.0000,0.0000,,,,,,,,,,,0.000000,0.000000,0.000000,0.000000,0.000000,0.000000,0.000000,0.000000,0.000000,0.000000,0.000000,0.000000,0.000000,0.000000,0.000000,0.000000,0.000000,0.000000,0.000000,0.000000,0.000000,0.000000,0.000000,0.000000,0.000000,0.000000,0.000000,0.000000,0.000000,0.000000,0.000000,0.000000,0.000000,0.000000,0.000000,0.000000,0.000000,0.000000,0.000000,0.000000,0.000000,0.000000,0.000000,0.000000,0.000000,0.000000,0.000000,0.000000,0.000000,0.000000,0.000000,0.000000,0.000000,0.000000,0.000000,0.000000,0.000000,0.000000,0.000000,0.000000,0.000000,0.000000,0.000000
91,1694846645.787418,1,,,0.0000,0.0000,0.0000,0.0000,,,,,,,,,,,0.000000,0.000000,0.000000,0.000000,0.000000,0.000000,0.000000,0.000000,0.000000,0.000000,0.000000,0.000000,0.000000,0.000000,0.000000,0.000000,0.000000,0.000000,0.000000,0.000000,0.000000,0.000000,0.000000,0.000000,0.000000,0.000000,0.000000,0.000000,0.000000,0.000000,0.000000,0.000000,0.000000,0.000000,0.000000,0.000000,0.000000,0.000000,0.000000,0.000000,0.000000,0.000000,0.000000,0.000000,0.000000,0.000000,0.000000,0.000000,0.000000,0.000000,0.000000,0.000000,0.000000,0.000000,0.000000,0.000000,0.000000,0.000000,0.000000,0.000000,0.000000,0.000000,0.000000
92,1694846645.795751,1,,,0.0000,0.0000,0.0000,0.0000,,,,,,,,,,,0.000000,0.000000,0.000000,0.000000,0.000000,0.000000,0.000000,0.000000,0.000000,0.000000,0.000000,0.000000,0.000000,0.000000,0.000000,0.000000,0.000000,0.000000,0.000000,0.000000,0.000000,0.000000,0.000000,0.000000,0.000000,0.000000,0.000000,0.000000,0.000000,0.000000,0.000000,0.000000,0.000000,0.000000,0.000000,0.000000,0.000000,0.000000,0.000000,0.000000,0.000000,0.000000,0.000000,0.000000,0.000000,0.000000,0.000000,0.000000,0.000000,0.000000,0.000000,0.000000,0.000000,0.000000,0.000000,0.000000,0.000000,0.000000,0.000000,0.000000,0.000000,0.000000,0.000000
93,1694846645.804085,1,,,0.0000,0.0000,0.0000,0.0000,,,,,,,,,,,0.000000,0.000000,0.000000,0.000000,0.000000,0.000000,0.000000,0.000000,0.000000,0.000000,0.000000,0.000000,0.000000,0.000000,0.000000,0.000000,0.000000,0.000000,0.000000,0.000000,0.000000,0.000000,0.000000,0.000000,0.000000,0.000000,0.000000,0.000000,0.000000,0.000000,0.000000,0.000000,0.000000,0.000000,0.000000,0.000000,0.000000,0.000000,0.000000,0.000000,0.000000,0.000000,0.000000,0.000000,0.000000,0.000000,0.000000,0.000000,0.000000,0.000000,0.000000,0.000000,0.000000,0.000000,0.000000,0.000000,0.000000,0.000000,0.000000,0.000000,0.000000,0.000000,0.000000
94,1694846645.812418,1,,,0.0000,0.0000,0.0000,0.0000,,,,,,,,,,,0.000000,0.000000,0.000000,0.000000,0.000000,0.000000,0.000000,0.000000,0.000000,0.000000,0.000000,0.000000,0.000000,0.000000,0.000000,0.000000,0.000000,0.000000,0.000000,0.000000,0.000000,0.000000,0.000000,0.000000,0.000000,0.000000,0.000000,0.000000,0.000000,0.000000,0.000000,0.000000,0.000000,0.000000,0.000000,0.000000,0.000000,0.000000,0.000000,0.000000,0.000000,0.000000,0.000000,0.000000,0.000000,0.000000,0.000000,0.000000,0.000000,0.000000,0.000000,0.000000,0.000000,0.000000,0.000000,0.000000,0.000000,0.000000,0.000000,0.000000,0.000000,0.000000,0.000000
95,1694846645.820751,1,,,0.0000,0.0000,0.0000,0.0000,,,,,,,,,,,0.000000,0.000000,0.000000,0.000000,0.000000,0.000000,0.000000,0.000000,0.000000,0.000000,0.000000,0.000000,0.000000,0.000000,0.000000,0.000000,0.000000,0.000000,0.000000,0.000000,0.000000,0.000000,0.000000,0.000000,0.000000,0.000000,0.000000,0.000000,0.000000,0.000000,0.000000,0.000000,0.000000,0.000000,0.000000,0.000000,0.000000,0.000000,0.000000,0.000000,0.000000,0.000000,0.000000,0.000000,0.000000,0.000000,0.000000,0.000000,0.000000,0.000000,0.000000,0.000000,0.000000,0.000000,0.000000,0.000000,0.000000,0.000000,0.000000,0.000000,0.000000,0.000000,0.000000
96,1694846645.829085,1,,,0.0000,0.0000,0.0000,0.0000,,,,,,,,,,,0.000000,0.000000,0.000000,0.000000,0.000000,0.000000,0.000000,0.000000,0.000000,0.000000,0.000000,0.000000,0.000000,0.000000,0.000000,0.000000,0.000000,0.000000,0.000000,0.000000,0.000000,0.000000,0.000000,0.000000,0.000000,0.000000,0.000000,0.000000,0.000000,0.000000,0.000000,0.000000,0.000000,0.000000,0.000000,0.000000,0.000000,0.000000,0.000000,0.000000,0.000000,0.000000,0.000000,0.000000,0.000000,0.000000,0.000000,0.000000,0.000000,0.000000,0.000000,0.000000,0.000000,0.000000,0.000000,0.000000,0.000000,0.000000,0.000000,0.000000,0.000000,0.000000,0.000000
97,1694846645.837418,1,,,0.0000,0.0000,0.0000,0.0000,,,,,,,,,,,0.000000,0.000000,0.000000,0.000000,0.000000,0.000000,0.000000,0.000000,0.000000,0.000000,0.000000,0.000000,0.000000,0.000000,0.000000,0.000000,0.000000,0.000000,0.000000,0.000000,0.000000,0.000000,0.000000,0.000000,0.000000,0.000000,0.000000,0.000000,0.000000,0.000000,0.000000,0.000000,0.000000,0.000000,0.000000,0.000000,0.000000,0.000000,0.000000,0.000000,0.000000,0.000000,0.000000,0.000000,0.000000,0.000000,0.000000,0.000000,0.000000,0.000000,0.000000,0.000000,0.000000,0.000000,0.000000,0.000000,0.000000,0.000000,0.000000,0.000000,0.000000,0.000000,0.000000
98,1694846645.845751,1,,,0.0000,0.0000,0.0000,0.0000,,,,,,,,,,,0.000000,0.000000,0.000000,0.000000,0.000000,0.000000,0.000000,0.000000,0.000000,0.000000,0.000000,0.000000,0.000000,0.000000,0.000000,0.000000,0.000000,0.000000,0.000000,0.000000,0.000000,0.000000,0.000000,0.000000,0.000000,0.000000,0.000000,0.000000,0.000000,0.000000,0.000000,0.000000,0.000000,0.000000,0.000000,0.000000,0.000000,0.000000,0.000000,0.000000,0.000000,0.000000,0.000000,0.000000,0.000000,0.000000,0.000000,0.000000,0.000000,0.000000,0.000000,0.000000,0.000000,0.000000,0.000000,0.000000,0.000000,0.000000,0.000000,0.000000,0.000000,0.000000,0.000000
99,1694846645.854085,0,,,0.0000,0.0000,0.0000,0.0000,,,,,,,,,,,0.000000,0.000000,0.000000,0.000000,0.000000,0.000000,0.000000,0.000000,0.000000,0.000000,0.000000,0.000000,0.000000,0.000000,0.000000,0.000000,0.000000,0.000000,0.000000,0.000000,0.000000,0.000000,0.000000,0.000000,0.000000,0.000000,0.000000,0.000000,0.000000,0.000000,0.000000,0.000000,0.000000,0.000000,0.000000,0.000000,0.000000,0.000000,0.000000,0.000000,0.000000,0.000000,0.000000,0.000000,0.000000,0.000000,0.000000,0.000000,0.000000,0.000000,0.000000,0.000000,0.000000,0.000000,0.000000,0.000000,0.000000,0.000000,0.000000,0.000000,0.000000,0.000000,0.000000
100,1694846645.862418,0,,,0.0000,0.0000,0.0000,0.0000,,,,,,,,,,,0.000000,0.000000,0.000000,0.000000,0.000000,0.000000,0.000000,0.000000,0.000000,0.000000,0.000000,0.000000,0.000000,0.000000,0.000000,0.000000,0.000000,0.000000,0.000000,0.000000,0.000000,0.000000,0.000000,0.000000,0.000000,0.000000,0.000000,0.000000,0.000000,0.000000,0.000000,0.000000,0.000000,0.000000,0.000000,0.000000,0.000000,0.000000,0.000000,0.000000,0.000000,0.000000,0.000000,0.000000,0.000000,0.000000,0.000000,0.000000,0.000000,0.000000,0.000000,0.000000,0.000000,0.000000,0.000000,0.000000,0.000000,0.000000,0.000000,0.000000,0.000000,0.000000,0.000000
101,1694846645.870751,0,,,0.0000,0.0000,0.0000,0.0000,,,,,,,,,,,0.000000,0.000000,0.000000,0.000000,0.000000,0.000000,0.000000,0.000000,0.000000,0.000000,0.000000,0.000000,0.000000,0.000000,0.000000,0.000000,0.000000,0.000000,0.000000,0.000000,0.000000,0.000000,0.000000,0.000000,0.000000,0.000000,0.000000,0.000000,0.000000,0.000000,0.000000,0.000000,0.000000,0.000000,0.000000,0.000000,0.000000,0.000000,0.000000,0.000000,0.000000,0.000000,0.000000,0.000000,0.000000,0.000000,0.000000,0.000000,0.000000,0.000000,0.000000,0.000000,0.000000,0.000000,0.000000,0.000000,0.000000,0.000000,0.000000,0.000000,0.000000,0.000000,0.000000
102,1694846645.879085,0,,,0.0000,0.0000,0.0000,0.0000,,,,,,,,,,,0.000000,0.000000,0.000000,0.000000,0.000000,0.000000,0.000000,0.000000,0.000000,0.000000,0.000000,0.000000,0.000000,0.000000,0.000000,0.000000,0.000000,0.000000,0.000000,0.000000,0.000000,0.000000,0.000000,0.000000,0.000000,0.000000,0.000000,0.000000,0.000000,0.000000,0.000000,0.000000,0.000000,0.000000,0.000000,0.000000,0.000000,0.000000,0.000000,0.000000,0.000000,0.000000,0.000000,0.000000,0.000000,0.000000,0.000000,0.000000,0.000000,0.000000,0.000000,0.000000,0.000000,0.000000,0.000000,0.000000,0.000000,0.000000,0.000000,0.000000,0.000000,0.000000,0.000000
103,1694846645.887418,0,,,0.0000,0.0000,0.0000,0.0000,,,,,,,,,,,0.000000,0.000000,0.000000,0.000000,0.000000,0.000000,0.000000,0.000000,0.000000,0.000000,0.000000,0.000000,0.000000,0.000000,0.000000,0.000000,0.000000,0.000000,0.000000,0.000000,0.000000,0.000000,0.000000,0.000000,0.000000,0.000000,0.000000,0.000000,0.000000,0.000000,0.000000,0.000000,0.000000,0.000000,0.000000,0.000000,0.000000,0.000000,0.000000,0.000000,0.000000,0.000000,0.000000,0.000000,0.000000,0.000000,0.000000,0.000000,0.000000,0.000000,0.000000,0.000000,0.000000,0.000000,0.000000,0.000000,0.000000,0.000000,0.000000,0.000000,0.000000,0.000000,0.000000
104,1694846645.895751,0,,,0.0000,0.0000,0.0000,0.0000,,,,,,,,,,,0.000000,0.000000,0.000000,0.000000,0.000000,0.000000,0.000000,0.000000,0.000000,0.000000,0.000000,0.000000,0.000000,0.000000,0.000000,0.000000,0.000000,0.000000,0.000000,0.000000,0.000000,0.000000,0.000000,0.000000,0.000000,0.000000,0.000000,0.000000,0.000000,0.000000,0.000000,0.000000,0.000000,0.000000,0.000000,0.000000,0.000000,0.000000,0.000000,0.000000,0.000000,0.000000,0.000000,0.000000,0.000000,0.000000,0.000000,0.000000,0.000000,0.000000,0.000000,0.000000,0.000000,0.000000,0.000000,0.000000,0.000000,0.000000,0.000000,0.000000,0.000000,0.000000,0.000000
105,1694846645.904085,0,,,0.0000,0.0000,0.0000,0.0000,,,,,,,,,,,0.000000,0.000000,0.000000,0.000000,0.000000,0.000000,0.000000,0.000000,0.000000,0.000000,0.000000,0.000000,0.000000,0.000000,0.000000,0.000000,0.000000,0.000000,0.000000,0.000000,0.000000,0.000000,0.000000,0.000000,0.000000,0.000000,0.000000,0.000000,0.000000,0.000000,0.000000,0.000000,0.000000,0.000000,0.000000,0.000000,0.000000,0.000000,0.000000,0.000000,0.000000,0.000000,0.000000,0.000000,0.000000,0.000000,0.000000,0.000000,0.000000,0.000000,0.000000,0.000000,0.000000,0.000000,0.000000,0.000000,0.000000,0.000000,0.000000,0.000000,0.000000,0.000000,0.000000
106,1694846645.912418,0,,,0.0000,0.0000,0.0000,0.0000,,,,,,,,,,,0.000000,0.000000,0.000000,0.000000,0.000000,0.000000,0.000000,0.000000,0.000000,0.000000,0.000000,0.000000,0.000000,0.000000,0.000000,0.000000,0.000000,0.000000,0.000000,0.000000,0.000000,0.000000,0.000000,0.000000,0.000000,0.000000,0.000000,0.000000,0.000000,0.000000,0.000000,0.000000,0.000000,0.000000,0.000000,0.000000,0.000000,0.000000,0.000000,0.000000,0.000000,0.000000,0.000000,0.000000,0.000000,0.000000,0.000000,0.000000,0.000000,0.000000,0.000000,0.000000,0.000000,0.000000,0.000000,0.000000,0.000000,0.000000,0.000000,0.000000,0.000000,0.000000,0.000000
107,1694846645.920751,0,,,0.0000,0.0000,0.0000,0.0000,,,,,,,,,,,0.000000,0.000000,0.000000,0.000000,0.000000,0.000000,0.000000,0.000000,0.000000,0.000000,0.000000,0.000000,0.000000,0.000000,0.000000,0.000000,0.000000,0.000000,0.000000,0.000000,0.000000,0.000000,0.000000,0.000000,0.000000,0.000000,0.000000,0.000000,0.000000,0.000000,0.000000,0.000000,0.000000,0.000000,0.000000,0.000000,0.000000,0.000000,0.000000,0.000000,0.000000,0.000000,0.000000,0.000000,0.000000,0.000000,0.000000,0.000000,0.000000,0.000000,0.000000,0.000000,0.000000,0.000000,0.000000,0.000000,0.000000,0.000000,0.000000,0.000000,0.000000,0.000000,0.000000
108,1694846645.929085,0,,,0.0000,0.0000,0.0000,0.0000,,,,,,,,,,,0.000000,0.000000,0.000000,0.000000,0.000000,0.000000,0.000000,0.000000,0.000000,0.000000,0.000000,0.000000,0.000000,0.000000,0.000000,0.000000,0.000000,0.000000,0.000000,0.000000,0.000000,0.000000,0.000000,0.000000,0.000000,0.000000,0.000000,0.000000,0.000000,0.000000,0.000000,0.000000,0.000000,0.000000,0.000000,0.000000,0.000000,0.000000,0.000000,0.000000,0.000000,0.000000,0.000000,0.000000,0.000000,0.000000,0.000000,0.000000,0.000000,0.000000,0.000000,0.000000,0.000000,0.000000,0.000000,0.000000,0.000000,0.000000,0.000000,0.000000,0.000000,0.000000,0.000000
109,1694846645.937418,0,,,0.0000,0.0000,0.0000,0.0000,,,,,,,,,,,0.000000,0.000000,0.000000,0.000000,0.000000,0.000000,0.000000,0.000000,0.000000,0.000000,0.000000,0.000000,0.000000,0.000000,0.000000,0.000000,0.000000,0.000000,0.000000,0.000000,0.000000,0.000000,0.000000,0.000000,0.000000,0.000000,0.000000,0.000000,0.000000,0.000000,0.000000,0.000000,0.000000,0.000000,0.000000,0.000000,0.000000,0.000000,0.000000,0.000000,0.000000,0.000000,0.000000,0.000000,0.000000,0.000000,0.000000,0.000000,0.000000,0.000000,0.000000,0.000000,0.000000,0.000000,0.000000,0.000000,0.000000,0.000000,0.000000,0.000000,0.000000,0.000000,0.000000
110,1694846645.945751,0,,,0.0000,0.0000,0.0000,0.0000,,,,,,,,,,,0.000000,0.000000,0.000000,0.000000,0.000000,0.000000,0.000000,0.000000,0.000000,0.000000,0.000000,0.000000,0.000000,0.000000,0.000000,0.000000,0.000000,0.000000,0.000000,0.000000,0.000000,0.000000,0.000000,0.000000,0.000000,0.000000,0.000000,0.000000,0.000000,0.000000,0.000000,0.000000,0.000000,0.000000,0.000000,0.000000,0.000000,0.000000,0.000000,0.000000,0.000000,0.000000,0.000000,0.000000,0.000000,0.000000,0.000000,0.000000,0.000000,0.000000,0.000000,0.000000,0.000000,0.000000,0.000000,0.000000,0.000000,0.000000,0.000000,0.000000,0.000000,0.000000,0.000000
111,1694846645.954085,0,,,0.0000,0.0000,0.0000,0.0000,,,,,,,,,,,0.000000,0.000000,0.000000,0.000000,0.000000,0.000000,0.000000,0.000000,0.000000,0.000000,0.000000,0.000000,0.000000,0.000000,0.000000,0.000000,0.000000,0.000000,0.000000,0.000000,0.000000,0.000000,0.000000,0.000000,0.000000,0.000000,0.000000,0.000000,0.000000,0.000000,0.000000,0.000000,0.000000,0.000000,0.000000,0.000000,0.000000,0.000000,0.000000,0.000000,0.000000,0.000000,0.000000,0.000000,0.000000,0.000000,0.000000,0.000000,0.000000,0.000000,0.000000,0.000000,0.000000,0.000000,0.000000,0.000000,0.000000,0.000000,0.000000,0.000000,0.000000,0.000000,0.000000
112,1694846645.962418,0,,,0.0000,0.0000,0.0000,0.0000,,,,,,,,,,,0.000000,0.000000,0.000000,0.000000,0.000000,0.000000,0.000000,0.000000,0.000000,0.000000,0.000000,0.000000,0.000000,0.000000,0.000000,0.000000,0.000000,0.000000,0.000000,0.000000,0.000000,0.000000,0.000000,0.000000,0.000000,0.000000,0.000000,0.000000,0.000000,0.000000,0.000000,0.000000,0.000000,0.000000,0.000000,0.000000,0.000000,0.000000,0.000000,0.000000,0.000000,0.000000,0.000000,0.000000,0.000000,0.000000,0.000000,0.000000,0.000000,0.000000,0.000000,0.000000,0.000000,0.000000,0.000000,0.000000,0.000000,0.000000,0.000000,0.000000,0.000000,0.000000,0.000000
113,1694846645.970751,0,,,0.0000,0.0000,0.0000,0.0000,,,,,,,,,,,0.000000,0.000000,0.000000,0.000000,0.000000,0.000000,0.000000,0.000000,0.000000,0.000000,0.000000,0.000000,0.000000,0.000000,0.000000,0.000000,0.000000,0.000000,0.000000,0.000000,0.000000,0.000000,0.000000,0.000000,0.000000,0.000000,0.000000,0.000000,0.000000,0.000000,0.000000,0.000000,0.000000,0.000000,0.000000,0.000000,0.000000,0.000000,0.000000,0.000000,0.000000,0.000000,0.000000,0.000000,0.000000,0.000000,0.000000,0.000000,0.000000,0.000000,0.000000,0.000000,0.000000,0.000000,0.000000,0.000000,0.000000,0.000000,0.000000,0.000000,0.000000,0.000000,0.000000
114,1694846645.979085,0,,,0.0000,0.0000,0.0000,0.0000,,,,,,,,,,,0.000000,0.000000,0.000000,0.000000,0.000000,0.000000,0.000000,0.000000,0.000000,0.000000,0.000000,0.000000,0.000000,0.000000,0.000000,0.000000,0.000000,0.000000,0.000000,0.000000,0.000000,0.000000,0.000000,0.000000,0.000000,0.000000,0.000000,0.000000,0.000000,0.000000,0.000000,0.000000,0.000000,0.000000,0.000000,0.000000,0.000000,0.000000,0.000000,0.000000,0.000000,0.000000,0.000000,0.000000,0.000000,0.000000,0.000000,0.000000,0.000000,0.000000,0.000000,0.000000,0.000000,0.000000,0.000000,0.000000,0.000000,0.000000,0.000000,0.000000,0.000000,0.000000,0.000000
115,1694846645.987418,0,,,0.0000,0.0000,0.0000,0.0000,,,,,,,,,,,0.000000,0.000000,0.000000,0.000000,0.000000,0.000000,0.000000,0.000000,0.000000,0.000000,0.000000,0.000000,0.000000,0.000000,0.000000,0.000000,0.000000,0.000000,0.000000,0.000000,0.000000,0.000000,0.000000,0.000000,0.000000,0.000000,0.000000,0.000000,0.000000,0.000000,0.000000,0.000000,0.000000,0.000000,0.000000,0.000000,0.000000,0.000000,0.000000,0.000000,0.000000,0.000000,0.000000,0.000000,0.000000,0.000000,0.000000,0.000000,0.000000,0.000000,0.000000,0.000000,0.000000,0.000000,0.000000,0.000000,0.000000,0.000000,0.000000,0.000000,0.000000,0.000000,0.000000
116,1694846645.995751,0,,,0.0000,0.0000,0.0000,0.0000,,,,,,,,,,,0.000000,0.000000,0.000000,0.000000,0.000000,0.000000,0.000000,0.000000,0.000000,0.000000,0.000000,0.000000,0.000000,0.000000,0.000000,0.000000,0.000000,0.000000,0.000000,0.000000,0.000000,0.000000,0.000000,0.000000,0.000000,0.000000,0.000000,0.000000,0.000000,0.000000,0.000000,0.000000,0.000000,0.000000,0.000000,0.000000,0.000000,0.000000,0.000000,0.000000,0.000000,0.000000,0.000000,0.000000,0.000000,0.000000,0.000000,0.000000,0.000000,0.000000,0.000000,0.000000,0.000000,0.000000,0.000000,0.000000,0.000000,0.000000,0.000000,0.000000,0.000000,0.000000,0.000000
117,1694846646.004085,0,,,0.0000,0.0000,0.0000,0.0000,,,,,,,,,,,0.000000,0.000000,0.000000,0.000000,0.000000,0.000000,0.000000,0.000000,0.000000,0.000000,0.000000,0.000000,0.000000,0.000000,0.000000,0.000000,0.000000,0.000000,0.000000,0.000000,0.000000,0.000000,0.000000,0.000000,0.000000,0.000000,0.000000,0.000000,0.000000,0.000000,0.000000,0.000000,0.000000,0.000000,0.000000,0.000000,0.000000,0.000000,0.000000,0.000000,0.000000,0.000000,0.000000,0.000000,0.000000,0.000000,0.000000,0.000000,0.000000,0.000000,0.000000,0.000000,0.000000,0.000000,0.000000,0.000000,0.000000,0.000000,0.000000,0.000000,0.000000,0.000000,0.000000
118,1694846646.012418,0,,,0.0000,0.0000,0.0000,0.0000,,,,,,,,,,,0.000000,0.000000,0.000000,0.000000,0.000000,0.000000,0.000000,0.000000,0.000000,0.000000,0.000000,0.000000,0.000000,0.000000,0.000000,0.000000,0.000000,0.000000,0.000000,0.000000,0.000000,0.000000,0.000000,0.000000,0.000000,0.000000,0.000000,0.000000,0.000000,0.000000,0.000000,0.000000,0.000000,0.000000,0.000000,0.000000,0.000000,0.000000,0.000000,0.000000,0.000000,0.000000,0.000000,0.000000,0.000000,0.000000,0.000000,0.000000,0.000000,0.000000,0.000000,0.000000,0.000000,0.000000,0.000000,0.000000,0.000000,0.000000,0.000000,0.000000,0.000000,0.000000,0.000000
119,1694846646.020751,1,,,0.0000,0.0000,0.0000,0.0000,,,,,,,,,,,0.000000,0.000000,0.000000,0.000000,0.000000,0.000000,0.000000,0.000000,0.000000,0.000000,0.000000,0.000000,0.000000,0.000000,0.000000,0.000000,0.000000,0.000000,0.000000,0.000000,0.000000,0.000000,0.000000,0.000000,0.000000,0.000000,0.000000,0.000000,0.000000,0.000000,0.000000,0.000000,0.000000,0.000000,0.000000,0.000000,0.000000,0.000000,0.000000,0.000000,0.000000,0.000000,0.000000,0.000000,0.000000,0.000000,0.000000,0.000000,0.000000,0.000000,0.000000,0.000000,0.000000,0.000000,0.000000,0.000000,0.000000,0.000000,0.000000,0.000000,0.000000,0.000000,0.000000
120,1694846646.029085,1,-27.5756,-27.5756,33.5389,0.0000,16.7695,293.7175,,3718.3470,3.4618,140.1682,114.7466,148.0773,120.7406,91.9631,59.3803,0.000000,0.480434,0.958034,-0.000000,0.420273,0.967342,-0.005811,0.370510,0.897632,-0.009142,0.356386,0.804008,-0.011017,0.370983,0.753334,-0.013316,0.394987,0.791878,-0.018102,0.379753,0.677485,-0.026405,0.374325,0.605150,-0.032185,0.372036,0.550303,-0.037226,0.434352,0.758962,-0.016574,0.406725,0.738724,-0.023733,0.404693,0.779391,-0.018160,0.415194,0.811592,-0.013230,0.466634,0.755363,-0.014977,0.436338,0.751339,-0.023134,0.434527,0.783570,-0.015368,0.444447,0.815703,-0.008873,0.492783,0.761783,-0.013546,0.465452,0.761036,-0.019752,0.463144,0.792838,-0.014164,0.470857,0.820625,-0.007887
121,1694846646.037418,1,,,0.0000,0.0000,0.0000,0.0000,,,,,,,,,,,0.000000,0.000000,0.000000,0.000000,0.000000,0.000000,0.000000,0.000000,0.000000,0.000000,0.000000,0.000000,0.000000,0.000000,0.000000,0.000000,0.000000,0.000000,0.000000,0.000000,0.000000,0.000000,0.000000,0.000000,0.000000,0.000000,0.000000,0.000000,0.000000,0.000000,0.000000,0.000000,0.000000,0.000000,0.000000,0.000000,0.000000,0.000000,0.000000,0.000000,0.000000,0.000000,0.000000,0.000000,0.000000,0.000000,0.000000,0.000000,0.000000,0.000000,0.000000,0.000000,0.000000,0.000000,0.000000,0.000000,0.000000,0.000000,0.000000,0.000000,0.000000,0.000000,0.000000
122,1694846646.045751,1,,,0.0000,0.0000,0.0000,0.0000,,,,,,,,,,,0.000000,0.000000,0.000000,0.000000,0.000000,0.000000,0.000000,0.000000,0.000000,0.000000,0.000000,0.000000,0.000000,0.000000,0.000000,0.000000,0.000000,0.000000,0.000000,0.000000,0.000000,0.000000,0.000000,0.000000,0.000000,0.000000,0.000000,0.000000,0.000000,0.000000,0.000000,0.000000,0.000000,0.000000,0.000000,0.000000,0.000000,0.000000,0.000000,0.000000,0.000000,0.000000,0.000000,0.000000,0.000000,0.000000,0.000000,0.000000,0.000000,0.000000,0.000000,0.000000,0.000000,0.000000,0.000000,0.000000,0.000000,0.000000,0.000000,0.000000,0.000000,0.000000,0.000000
123,1694846646.054085,1,,,0.0000,0.0000,0.0000,0.0000,,,,,,,,,,,0.000000,0.000000,0.000000,0.000000,0.000000,0.000000,0.000000,0.000000,0.000000,0.000000,0.000000,0.000000,0.000000,0.000000,0.000000,0.000000,0.000000,0.000000,0.000000,0.000000,0.000000,0.000000,0.000000,0.000000,0.000000,0.000000,0.000000,0.000000,0.000000,0.000000,0.000000,0.000000,0.000000,0.000000,0.000000,0.000000,0.000000,0.000000,0.000000,0.000000,0.000000,0.000000,0.000000,0.000000,0.000000,0.000000,0.000000,0.000000,0.000000,0.000000,0.000000,0.000000,0.000000,0.000000,0.000000,0.000000,0.000000,0.000000,0.000000,0.000000,0.000000,0.000000,0.000000
124,1694846646.062418,1,,,0.0000,0.0000,0.0000,0.0000,,,,,,,,,,,0.000000,0.000000,0.000000,0.000000,0.000000,0.000000,0.000000,0.000000,0.000000,0.000000,0.000000,0.000000,0.000000,0.000000,0.000000,0.000000,0.000000,0.000000,0.000000,0.000000,0.000000,0.000000,0.000000,0.000000,0.000000,0.000000,0.000000,0.000000,0.000000,0.000000,0.000000,0.000000,0.000000,0.000000,0.000000,0.000000,0.000000,0.000000,0.000000,0.000000,0.000000,0.000000,0.000000,0.000000,0.000000,0.000000,0.000000,0.000000,0.000000,0.000000,0.000000,0.000000,0.000000,0.000000,0.000000,0.000000,0.000000,0.000000,0.000000,0.000000,0.000000,0.000000,0.000000
125,1694846646.070751,1,,,0.0000,0.0000,0.0000,0.0000,,,,,,,,,,,0.000000,0.000000,0.000000,0.000000,0.000000,0.000000,0.000000,0.000000,0.000000,0.000000,0.000000,0.000000,0.000000,0.000000,0.000000,0.000000,0.000000,0.000000,0.000000,0.000000,0.000000,0.000000,0.000000,0.000000,0.000000,0.000000,0.000000,0.000000,0.000000,0.000000,0.000000,0.000000,0.000000,0.000000,0.000000,0.000000,0.000000,0.000000,0.000000,0.000000,0.000000,0.000000,0.000000,0.000000,0.000000,0.000000,0.000000,0.000000,0.000000,0.000000,0.000000,0.000000,0.000000,0.000000,0.000000,0.000000,0.000000,0.000000,0.000000,0.000000,0.000000,0.000000,0.000000
126,1694846646.079085,1,,,0.0000,0.0000,0.0000,0.0000,,,,,,,,,,,0.000000,0.000000,0.000000,0.000000,0.000000,0.000000,0.000000,0.000000,0.000000,0.000000,0.000000,0.000000,0.000000,0.000000,0.000000,0.000000,0.000000,0.000000,0.000000,0.000000,0.000000,0.000000,0.000000,0.000000,0.000000,0.000000,0.000000,0.000000,0.000000,0.000000,0.000000,0.000000,0.000000,0.000000,0.000000,0.000000,0.000000,0.000000,0.000000,0.000000,0.000000,0.000000,0.000000,0.000000,0.000000,0.000000,0.000000,0.000000,0.000000,0.000000,0.000000,0.000000,0.000000,0.000000,0.000000,0.000000,0.000000,0.000000,0.000000,0.000000,0.000000,0.000000,0.000000
127,1694846646.087418,1,,,0.0000,0.0000,0.0000,0.0000,,,,,,,,,,,0.000000,0.000000,0.000000,0.000000,0.000000,0.000000,0.000000,0.000000,0.000000,0.000000,0.000000,0.000000,0.000000,0.000000,0.000000,0.000000,0.000000,0.000000,0.000000,0.000000,0.000000,0.000000,0.000000,0.000000,0.000000,0.000000,0.000000,0.000000,0.000000,0.000000,0.000000,0.000000,0.000000,0.000000,0.000000,0.000000,0.000000,0.000000,0.000000,0.000000,0.000000,0.000000,0.000000,0.000000,0.000000,0.000000,0.000000,0.000000,0.000000,0.000000,0.000000,0.000000,0.000000,0.000000,0.000000,0.000000,0.000000,0.000000,0.000000,0.000000,0.000000,0.000000,0.000000
128,1694846646.095751,1,,,0.0000,0.0000,0.0000,0.0000,,,,,,,,,,,0.000000,0.000000,0.000000,0.000000,0.000000,0.000000,0.000000,0.000000,0.000000,0.000000,0.000000,0.000000,0.000000,0.000000,0.000000,0.000000,0.000000,0.000000,0.000000,0.000000,0.000000,0.000000,0.000000,0.000000,0.000000,0.000000,0.000000,0.000000,0.000000,0.000000,0.000000,0.000000,0.000000,0.000000,0.000000,0.000000,0.000000,0.000000,0.000000,0.000000,0.000000,0.000000,0.000000,0.000000,0.000000,0.000000,0.000000,0.000000,0.000000,0.000000,0.000000,0.000000,0.000000,0.000000,0.000000,0.000000,0.000000,0.000000,0.000000,0.000000,0.000000,0.000000,0.000000
129,1694846646.104085,0,,,0.0000,0.0000,0.0000,0.0000,,,,,,,,,,,0.000000,0.000000,0.000000,0.000000,0.000000,0.000000,0.000000,0.000000,0.000000,0.000000,0.000000,0.000000,0.000000,0.000000,0.000000,0.000000,0.000000,0.000000,0.000000,0.000000,0.000000,0.000000,0.000000,0.000000,0.000000,0.000000,0.000000,0.000000,0.000000,0.000000,0.000000,0.000000,0.000000,0.000000,0.000000,0.000000,0.000000,0.000000,0.000000,0.000000,0.000000,0.000000,0.000000,0.000000,0.000000,0.000000,0.000000,0.000000,0.000000,0.000000,0.000000,0.000000,0.000000,0.000000,0.000000,0.000000,0.000000,0.000000,0.000000,0.000000,0.000000,0.000000,0.000000
130,1694846646.112418,0,,,0.0000,0.0000,0.0000,0.0000,,,,,,,,,,,0.000000,0.000000,0.000000,0.000000,0.000000,0.000000,0.000000,0.000000,0.000000,0.000000,0.000000,0.000000,0.000000,0.000000,0.000000,0.000000,0.000000,0.000000,0.000000,0.000000,0.000000,0.000000,0.000000,0.000000,0.000000,0.000000,0.000000,0.000000,0.000000,0.000000,0.000000,0.000000,0.000000,0.000000,0.000000,0.000000,0.000000,0.000000,0.000000,0.000000,0.000000,0.000000,0.000000,0.000000,0.000000,0.000000,0.000000,0.000000,0.000000,0.000000,0.000000,0.000000,0.000000,0.000000,0.000000,0.000000,0.000000,0.000000,0.000000,0.000000,0.000000,0.000000,0.000000
131,1694846646.120751,0,,,0.0000,0.0000,0.0000,0.0000,,,,,,,,,,,0.000000,0.000000,0.000000,0.000000,0.000000,0.000000,0.000000,0.000000,0.000000,0.000000,0.000000,0.000000,0.000000,0.000000,0.000000,0.000000,0.000000,0.000000,0.000000,0.000000,0.000000,0.000000,0.000000,0.000000,0.000000,0.000000,0.000000,0.000000,0.000000,0.000000,0.000000,0.000000,0.000000,0.000000,0.000000,0.000000,0.000000,0.000000,0.000000,0.000000,0.000000,0.000000,0.000000,0.000000,0.000000,0.000000,0.000000,0.000000,0.000000,0.000000,0.000000,0.000000,0.000000,0.000000,0.000000,0.000000,0.000000,0.000000,0.000000,0.000000,0.000000,0.000000,0.000000
132,1694846646.129085,0,,,0.0000,0.0000,0.0000,0.0000,,,,,,,,,,,0.000000,0.000000,0.000000,0.000000,0.000000,0.000000,0.000000,0.000000,0.000000,0.000000,0.000000,0.000000,0.000000,0.000000,0.000000,0.000000,0.000000,0.000000,0.000000,0.000000,0.000000,0.000000,0.000000,0.000000,0.000000,0.000000,0.000000,0.000000,0.000000,0.000000,0.000000,0.000000,0.000000,0.000000,0.000000,0.000000,0.000000,0.000000,0.000000,0.000000,0.000000,0.000000,0.000000,0.000000,0.000000,0.000000,0.000000,0.000000,0.000000,0.000000,0.000000,0.000000,0.000000,0.000000,0.000000,0.000000,0.000000,0.000000,0.000000,0.000000,0.000000,0.000000,0.000000
133,1694846646.137418,0,,,0.0000,0.0000,0.0000,0.0000,,,,,,,,,,,0.000000,0.000000,0.000000,0.000000,0.000000,0.000000,0.000000,0.000000,0.000000,0.000000,0.000000,0.000000,0.000000,0.000000,0.000000,0.000000,0.000000,0.000000,0.000000,0.000000,0.000000,0.000000,0.000000,0.000000,0.000000,0.000000,0.000000,0.000000,0.000000,0.000000,0.000000,0.000000,0.000000,0.000000,0.000000,0.000000,0.000000,0.000000,0.000000,0.000000,0.000000,0.000000,0.000000,0.000000,0.000000,0.000000,0.000000,0.000000,0.000000,0.000000,0.000000,0.000000,0.000000,0.000000,0.000000,0.000000,0.000000,0.000000,0.000000,0.000000,0.000000,0.000000,0.000000
134,1694846646.145751,0,,,0.0000,0.0000,0.0000,0.0000,,,,,,,,,,,0.000000,0.000000,0.000000,0.000000,0.000000,0.000000,0.000000,0.000000,0.000000,0.000000,0.000000,0.000000,0.000000,0.000000,0.000000,0.000000,0.000000,0.000000,0.000000,0.000000,0.000000,0.000000,0.000000,0.000000,0.000000,0.000000,0.000000,0.000000,0.000000,0.000000,0.000000,0.000000,0.000000,0.000000,0.000000,0.000000,0.000000,0.000000,0.000000,0.000000,0.000000,0.000000,0.000000,0.000000,0.000000,0.000000,0.000000,0.000000,0.000000,0.000000,0.000000,0.000000,0.000000,0.000000,0.000000,0.000000,0.000000,0.000000,0.000000,0.000000,0.000000,0.000000,0.000000
135,1694846646.154085,0,,,0.0000,0.0000,0.0000,0.0000,,,,,,,,,,,0.000000,0.000000,0.000000,0.000000,0.000000,0.000000,0.000000,0.000000,0.000000,0.000000,0.000000,0.000000,0.000000,0.000000,0.000000,0.000000,0.000000,0.000000,0.000000,0.000000,0.000000,0.000000,0.000000,0.000000,0.000000,0.000000,0.000000,0.000000,0.000000,0.000000,0.000000,0.000000,0.000000,0.000000,0.000000,0.000000,0.000000,0.000000,0.000000,0.000000,0.000000,0.000000,0.000000,0.000000,0.000000,0.000000,0.000000,0.000000,0.000000,0.000000,0.000000,0.000000,0.000000,0.000000,0.000000,0.000000,0.000000,0.000000,0.000000,0.000000,0.000000,0.000000,0.000000
136,1694846646.162418,0,,,0.0000,0.0000,0.0000,0.0000,,,,,,,,,,,0.000000,0.000000,0.000000,0.000000,0.000000,0.000000,0.000000,0.000000,0.000000,0.000000,0.000000,0.000000,0.000000,0.000000,0.000000,0.000000,0.000000,0.000000,0.000000,0.000000,0.000000,0.000000,0.000000,0.000000,0.000000,0.000000,0.000000,0.000000,0.000000,0.000000,0.000000,0.000000,0.000000,0.000000,0.000000,0.000000,0.000000,0.000000,0.000000,0.000000,0.000000,0.000000,0.000000,0.000000,0.000000,0.000000,0.000000,0.000000,0.000000,0.000000,0.000000,0.000000,0.000000,0.000000,0.000000,0.000000,0.000000,0.000000,0.000000,0.000000,0.000000,0.000000,0.000000
137,1694846646.170751,0,,,0.0000,0.0000,0.0000,0.0000,,,,,,,,,,,0.000000,0.000000,0.000000,0.000000,0.000000,0.000000,0.000000,0.000000,0.000000,0.000000,0.000000,0.000000,0.000000,0.000000,0.000000,0.000000,0.000000,0.000000,0.000000,0.000000,0.000000,0.000000,0.000000,0.000000,0.000000,0.000000,0.000000,0.000000,0.000000,0.000000,0.000000,0.000000,0.000000,0.000000,0.000000,0.000000,0.000000,0.000000,0.000000,0.000000,0.000000,0.000000,0.000000,0.000000,0.000000,0.000000,0.000000,0.000000,0.000000,0.000000,0.000000,0.000000,0.000000,0.000000,0.000000,0.000000,0.000000,0.000000,0.000000,0.000000,0.000000,0.000000,0.000000
138,1694846646.179085,0,,,0.0000,0.0000,0.0000,0.0000,,,,,,,,,,,0.000000,0.000000,0.000000,0.000000,0.000000,0.000000,0.000000,0.000000,0.000000,0.000000,0.000000,0.000000,0.000000,0.000000,0.000000,0.000000,0.000000,0.000000,0.000000,0.000000,0.000000,0.000000,0.000000,0.000000,0.000000,0.000000,0.000000,0.000000,0.000000,0.000000,0.000000,0.000000,0.000000,0.000000,0.000000,0.000000,0.000000,0.000000,0.000000,0.000000,0.000000,0.000000,0.000000,0.000000,0.000000,0.000000,0.000000,0.000000,0.000000,0.000000,0.000000,0.000000,0.000000,0.000000,0.000000,0.000000,0.000000,0.000000,0.000000,0.000000,0.000000,0.000000,0.000000
139,1694846646.187418,0,,,0.0000,0.0000,0.0000,0.0000,,,,,,,,,,,0.000000,0.000000,0.000000,0.000000,0.000000,0.000000,0.000000,0.000000,0.000000,0.000000,0.000000,0.000000,0.000000,0.000000,0.000000,0.000000,0.000000,0.000000,0.000000,0.000000,0.000000,0.000000,0.000000,0.000000,0.000000,0.000000,0.000000,0.000000,0.000000,0.000000,0.000000,0.000000,0.000000,0.000000,0.000000,0.000000,0.000000,0.000000,0.000000,0.000000,0.000000,0.000000,0.000000,0.000000,0.000000,0.000000,0.000000,0.000000,0.000000,0.000000,0.000000,0.000000,0.000000,0.000000,0.000000,0.000000,0.000000,0.000000,0.000000,0.000000,0.000000,0.000000,0.000000
140,1694846646.195751,0,,,0.0000,0.0000,0.0000,0.0000,,,,,,,,,,,0.000000,0.000000,0.000000,0.000000,0.000000,0.000000,0.000000,0.000000,0.000000,0.000000,0.000000,0.000000,0.000000,0.000000,0.000000,0.000000,0.000000,0.000000,0.000000,0.000000,0.000000,0.000000,0.000000,0.000000,0.000000,0.000000,0.000000,0.000000,0.000000,0.000000,0.000000,0.000000,0.000000,0.000000,0.000000,0.000000,0.000000,0.000000,0.000000,0.000000,0.000000,0.000000,0.000000,0.000000,0.000000,0.000000,0.000000,0.000000,0.000000,0.000000,0.000000,0.000000,0.000000,0.000000,0.000000,0.000000,0.000000,0.000000,0.000000,0.000000,0.000000,0.000000,0.000000
141,1694846646.204085,0,,,0.0000,0.0000,0.0000,0.0000,,,,,,,,,,,0.000000,0.000000,0.000000,0.000000,0.000000,0.000000,0.000000,0.000000,0.000000,0.000000,0.000000,0.000000,0.000000,0.000000,0.000000,0.000000,0.000000,0.000000,0.000000,0.000000,0.000000,0.000000,0.000000,0.000000,0.000000,0.000000,0.000000,0.000000,0.000000,0.000000,0.000000,0.000000,0.000000,0.000000,0.000000,0.000000,0.000000,0.000000,0.000000,0.000000,0.000000,0.000000,0.000000,0.000000,0.000000,0.000000,0.000000,0.000000,0.000000,0.000000,0.000000,0.000000,0.000000,0.000000,0.000000,0.000000,0.000000,0.000000,0.000000,0.000000,0.000000,0.000000,0.000000
142,1694846646.212418,0,,,0.0000,0.0000,0.0000,0.0000,,,,,,,,,,,0.000000,0.000000,0.000000,0.000000,0.000000,0.000000,0.000000,0.000000,0.000000,0.000000,0.000000,0.000000,0.000000,0.000000,0.000000,0.000000,0.000000,0.000000,0.000000,0.000000,0.000000,0.000000,0.000000,0.000000,0.000000,0.000000,0.000000,0.000000,0.000000,0.000000,0.000000,0.000000,0.000000,0.000000,0.000000,0.000000,0.000000,0.000000,0.000000,0.000000,0.000000,0.000000,0.000000,0.000000,0.000000,0.000000,0.000000,0.000000,0.000000,0.000000,0.000000,0.000000,0.000000,0.000000,0.000000,0.000000,0.000000,0.000000,0.000000,0.000000,0.000000,0.000000,0.000000
143,1694846646.220751,0,,,0.0000,0.0000,0.0000,0.0000,,,,,,,,,,,0.000000,0.000000,0.000000,0.000000,0.000000,0.000000,0.000000,0.000000,0.000000,0.000000,0.000000,0.000000,0.000000,0.000000,0.000000,0.000000,0.000000,0.000000,0.000000,0.000000,0.000000,0.000000,0.000000,0.000000,0.000000,0.000000,0.000000,0.000000,0.000000,0.000000,0.000000,0.000000,0.000000,0.000000,0.000000,0.000000,0.000000,0.000000,0.000000,0.000000,0.000000,0.000000,0.000000,0.000000,0.000000,0.000000,0.000000,0.000000,0.000000,0.000000,0.000000,0.000000,0.000000,0.000000,0.000000,0.000000,0.000000,0.000000,0.000000,0.000000,0.000000,0.000000,0.000000
144,1694846646.229085,0,,,0.0000,0.0000,0.0000,0.0000,,,,,,,,,,,0.000000,0.000000,0.000000,0.000000,0.000000,0.000000,0.000000,0.000000,0.000000,0.000000,0.000000,0.000000,0.000000,0.000000,0.000000,0.000000,0.000000,0.000000,0.000000,0.000000,0.000000,0.000000,0.000000,0.000000,0.000000,0.000000,0.000000,0.000000,0.000000,0.000000,0.000000,0.000000,0.000000,0.000000,0.000000,0.000000,0.000000,0.000000,0.000000,0.000000,0.000000,0.000000,0.000000,0.000000,0.000000,0.000000,0.000000,0.000000,0.000000,0.000000,0.000000,0.000000,0.000000,0.000000,0.000000,0.000000,0.000000,0.000000,0.000000,0.000000,0.000000,0.000000,0.000000
145,1694846646.237418,0,,,0.0000,0.0000,0.0000,0.0000,,,,,,,,,,,0.000000,0.000000,0.000000,0.000000,0.000000,0.000000,0.000000,0.000000,0.000000,0.000000,0.000000,0.000000,0.000000,0.000000,0.000000,0.000000,0.000000,0.000000,0.000000,0.000000,0.000000,0.000000,0.000000,0.000000,0.000000,0.000000,0.000000,0.000000,0.000000,0.000000,0.000000,0.000000,0.000000,0.000000,0.000000,0.000000,0.000000,0.000000,0.000000,0.000000,0.000000,0.000000,0.000000,0.000000,0.000000,0.000000,0.000000,0.000000,0.000000,0.000000,0.000000,0.000000,0.000000,0.000000,0.000000,0.000000,0.000000,0.000000,0.000000,0.000000,0.000000,0.000000,0.000000
146,1694846646.245751,0,,,0.0000,0.0000,0.0000,0.0000,,,,,,,,,,,0.000000,0.000000,0.000000,0.000000,0.000000,0.000000,0.000000,0.000000,0.000000,0.000000,0.000000,0.000000,0.000000,0.000000,0.000000,0.000000,0.000000,0.000000,0.000000,0.000000,0.000000,0.000000,0.000000,0.000000,0.000000,0.000000,0.000000,0.000000,0.000000,0.000000,0.000000,0.000000,0.000000,0.000000,0.000000,0.000000,0.000000,0.000000,0.000000,0.000000,0.000000,0.000000,0.000000,0.000000,0.000000,0.000000,0.000000,0.000000,0.000000,0.000000,0.000000,0.000000,0.000000,0.000000,0.000000,0.000000,0.000000,0.000000,0.000000,0.000000,0.000000,0.000000,0.000000
147,1694846646.254085,0,,,0.0000,0.0000,0.0000,0.0000,,,,,,,,,,,0.000000,0.000000,0.000000,0.000000,0.000000,0.000000,0.000000,0.000000,0.000000,0.000000,0.000000,0.000000,0.000000,0.000000,0.000000,0.000000,0.000000,0.000000,0.000000,0.000000,0.000000,0.000000,0.000000,0.000000,0.000000,0.000000,0.000000,0.000000,0.000000,0.000000,0.000000,0.000000,0.000000,0.000000,0.000000,0.000000,0.000000,0.000000,0.000000,0.000000,0.000000,0.000000,0.000000,0.000000,0.000000,0.000000,0.000000,0.000000,0.000000,0.000000,0.000000,0.000000,0.000000,0.000000,0.000000,0.000000,0.000000,0.000000,0.000000,0.000000,0.000000,0.000000,0.000000
148,1694846646.262418,0,,,0.0000,0.0000,0.0000,0.0000,,,,,,,,,,,0.000000,0.000000,0.000000,0.000000,0.000000,0.000000,0.000000,0.000000,0.000000,0.000000,0.000000,0.000000,0.000000,0.000000,0.000000,0.000000,0.000000,0.000000,0.000000,0.000000,0.000000,0.000000,0.000000,0.000000,0.000000,0.000000,0.000000,0.000000,0.000000,0.000000,0.000000,0.000000,0.000000,0.000000,0.000000,0.000000,0.000000,0.000000,0.000000,0.000000,0.000000,0.000000,0.000000,0.000000,0.000000,0.000000,0.000000,0.000000,0.000000,0.000000,0.000000,0.000000,0.000000,0.000000,0.000000,0.000000,0.000000,0.000000,0.000000,0.000000,0.000000,0.000000,0.000000
149,1694846646.270751,0,,,0.0000,0.0000,0.0000,0.0000,,,,,,,,,,,0.000000,0.000000,0.000000,0.000000,0.000000,0.000000,0.000000,0.000000,0.000000,0.000000,0.000000,0.000000,0.000000,0.000000,0.000000,0.000000,0.000000,0.000000,0.000000,0.000000,0.000000,0.000000,0.000000,0.000000,0.000000,0.000000,0.000000,0.000000,0.000000,0.000000,0.000000,0.000000,0.000000,0.000000,0.000000,0.000000,0.000000,0.000000,0.000000,0.000000,0.000000,0.000000,0.000000,0.000000,0.000000,0.000000,0.000000,0.000000,0.000000,0.000000,0.000000,0.000000,0.000000,0.000000,0.000000,0.000000,0.000000,0.000000,0.000000,0.000000,0.000000,0.000000,0.000000
150,1694846646.279085,0,,,0.0000,0.0000,0.0000,0.0000,,,,,,,,,,,0.000000,0.000000,0.000000,0.000000,0.000000,0.000000,0.000000,0.000000,0.000000,0.000000,0.000000,0.000000,0.000000,0.000000,0.000000,0.000000,0.000000,0.000000,0.000000,0.000000,0.000000,0.000000,0.000000,0.000000,0.000000,0.000000,0.000000,0.000000,0.000000,0.000000,0.000000,0.000000,0.000000,0.000000,0.000000,0.000000,0.000000,0.000000,0.000000,0.000000,0.000000,0.000000,0.000000,0.000000,0.000000,0.000000,0.000000,0.000000,0.000000,0.000000,0.000000,0.000000,0.000000,0.000000,0.000000,0.000000,0.000000,0.000000,0.000000,0.000000,0.000000,0.000000,0.000000
151,1694846646.287418,0,,,0.0000,0.0000,0.0000,0.0000,,,,,,,,,,,0.000000,0.000000,0.000000,0.000000,0.000000,0.000000,0.000000,0.000000,0.000000,0.000000,0.000000,0.000000,0.000000,0.000000,0.000000,0.000000,0.000000,0.000000,0.000000,0.000000,0.000000,0.000000,0.000000,0.000000,0.000000,0.000000,0.000000,0.000000,0.000000,0.000000,0.000000,0.000000,0.000000,0.000000,0.000000,0.000000,0.000000,0.000000,0.000000,0.000000,0.000000,0.000000,0.000000,0.000000,0.000000,0.000000,0.000000,0.000000,0.000000,0.000000,0.000000,0.000000,0.000000,0.000000,0.000000,0.000000,0.000000,0.000000,0.000000,0.000000,0.000000,0.000000,0.000000
152,1694846646.295751,0,,,0.0000,0.0000,0.0000,0.0000,,,,,,,,,,,0.000000,0.000000,0.000000,0.000000,0.000000,0.000000,0.000000,0.000000,0.000000,0.000000,0.000000,0.000000,0.000000,0.000000,0.000000,0.000000,0.000000,0.000000,0.000000,0.000000,0.000000,0.000000,0.000000,0.000000,0.000000,0.000000,0.000000,0.000000,0.000000,0.000000,0.000000,0.000000,0.000000,0.000000,0.000000,0.000000,0.000000,0.000000,0.000000,0.000000,0.000000,0.000000,0.000000,0.000000,0.000000,0.000000,0.000000,0.000000,0.000000,0.000000,0.000000,0.000000,0.000000,0.000000,0.000000,0.000000,0.000000,0.000000,0.000000,0.000000,0.000000,0.000000,0.000000
153,1694846646.304085,0,,,0.0000,0.0000,0.0000,0.0000,,,,,,,,,,,0.000000,0.000000,0.000000,0.000000,0.000000,0.000000,0.000000,0.000000,0.000000,0.000000,0.000000,0.000000,0.000000,0.000000,0.000000,0.000000,0.000000,0.000000,0.000000,0.000000,0.000000,0.000000,0.000000,0.000000,0.000000,0.000000,0.000000,0.000000,0.000000,0.000000,0.000000,0.000000,0.000000,0.000000,0.000000,0.000000,0.000000,0.000000,0.000000,0.000000,0.000000,0.000000,0.000000,0.000000,0.000000,0.000000,0.000000,0.000000,0.000000,0.000000,0.000000,0.000000,0.000000,0.000000,0.000000,0.000000,0.000000,0.000000,0.000000,0.000000,0.000000,0.000000,0.000000
154,1694846646.312418,0,,,0.0000,0.0000,0.0000,0.0000,,,,,,,,,,,0.000000,0.000000,0.000000,0.000000,0.000000,0.000000,0.000000,0.000000,0.000000,0.000000,0.000000,0.000000,0.000000,0.000000,0.000000,0.000000,0.000000,0.000000,0.000000,0.000000,0.000000,0.000000,0.000000,0.000000,0.000000,0.000000,0.000000,0.000000,0.000000,0.000000,0.000000,0.000000,0.000000,0.000000,0.000000,0.000000,0.000000,0.000000,0.000000,0.000000,0.000000,0.000000,0.000000,0.000000,0.000000,0.000000,0.000000,0.000000,0.000000,0.000000,0.000000,0.000000,0.000000,0.000000,0.000000,0.000000,0.000000,0.000000,0.000000,0.000000,0.000000,0.000000,0.000000
155,1694846646.320751,0,,,0.0000,0.0000,0.0000,0.0000,,,,,,,,,,,0.000000,0.000000,0.000000,0.000000,0.000000,0.000000,0.000000,0.000000,0.000000,0.000000,0.000000,0.000000,0.000000,0.000000,0.000000,0.000000,0.000000,0.000000,0.000000,0.000000,0.000000,0.000000,0.000000,0.000000,0.000000,0.000000,0.000000,0.000000,0.000000,0.000000,0.000000,0.000000,0.000000,0.000000,0.000000,0.000000,0.000000,0.000000,0.000000,0.000000,0.000000,0.000000,0.000000,0.000000,0.000000,0.000000,0.000000,0.000000,0.000000,0.000000,0.000000,0.000000,0.000000,0.000000,0.000000,0.000000,0.000000,0.000000,0.000000,0.000000,0.000000,0.000000,0.000000
156,1694846646.329085,0,,,0.0000,0.0000,0.0000,0.0000,,,,,,,,,,,0.000000,0.000000,0.000000,0.000000,0.000000,0.000000,0.000000,0.000000,0.000000,0.000000,0.000000,0.000000,0.000000,0.000000,0.000000,0.000000,0.000000,0.000000,0.000000,0.000000,0.000000,0.000000,0.000000,0.000000,0.000000,0.000000,0.000000,0.000000,0.000000,0.000000,0.000000,0.000000,0.000000,0.000000,0.000000,0.000000,0.000000,0.000000,0.000000,0.000000,0.000000,0.000000,0.000000,0.000000,0.000000,0.000000,0.000000,0.000000,0.000000,0.000000,0.000000,0.000000,0.000000,0.000000,0.000000,0.000000,0.000000,0.000000,0.000000,0.000000,0.000000,0.000000,0.000000
157,1694846646.337418,0,,,0.0000,0.0000,0.0000,0.0000,,,,,,,,,,,0.000000,0.000000,0.000000,0.000000,0.000000,0.000000,0.000000,0.000000,0.000000,0.000000,0.000000,0.000000,0.000000,0.000000,0.000000,0.000000,0.000000,0.000000,0.000000,0.000000,0.000000,0.000000,0.000000,0.000000,0.000000,0.000000,0.000000,0.000000,0.000000,0.000000,0.000000,0.000000,0.000000,0.000000,0.000000,0.000000,0.000000,0.000000,0.000000,0.000000,0.000000,0.000000,0.000000,0.000000,0.000000,0.000000,0.000000,0.000000,0.000000,0.000000,0.000000,0.000000,0.000000,0.000000,0.000000,0.000000,0.000000,0.000000,0.000000,0.000000,0.000000,0.000000,0.000000
158,1694846646.345751,0,,,0.0000,0.0000,0.0000,0.0000,,,,,,,,,,,0.000000,0.000000,0.000000,0.000000,0.000000,0.000000,0.000000,0.000000,0.000000,0.000000,0.000000,0.000000,0.000000,0.000000,0.000000,0.000000,0.000000,0.000000,0.000000,0.000000,0.000000,0.000000,0.000000,0.000000,0.000000,0.000000,0.000000,0.000000,0.000000,0.000000,0.000000,0.000000,0.000000,0.000000,0.000000,0.000000,0.000000,0.000000,0.000000,0.000000,0.000000,0.000000,0.000000,0.000000,0.000000,0.000000,0.000000,0.000000,0.000000,0.000000,0.000000,0.000000,0.000000,0.000000,0.000000,0.000000,0.000000,0.000000,0.000000,0.000000,0.000000,0.000000,0.000000
159,1694846646.354085,1,,,0.0000,0.0000,0.0000,0.0000,,,,,,,,,,,0.000000,0.000000,0.000000,0.000000,0.000000,0.000000,0.000000,0.000000,0.000000,0.000000,0.000000,0.000000,0.000000,0.000000,0.000000,0.000000,0.000000,0.000000,0.000000,0.000000,0.000000,0.000000,0.000000,0.000000,0.000000,0.000000,0.000000,0.000000,0.000000,0.000000,0.000000,0.000000,0.000000,0.000000,0.000000,0.000000,0.000000,0.000000,0.000000,0.000000,0.000000,0.000000,0.000000,0.000000,0.000000,0.000000,0.000000,0.000000,0.000000,0.000000,0.000000,0.000000,0.000000,0.000000,0.000000,0.000000,0.000000,0.000000,0.000000,0.000000,0.000000,0.000000,0.000000
160,1694846646.362418,1,,,0.0000,0.0000,0.0000,0.0000,,,,,,,,,,,0.000000,0.000000,0.000000,0.000000,0.000000,0.000000,0.000000,0.000000,0.000000,0.000000,0.000000,0.000000,0.000000,0.000000,0.000000,0.000000,0.000000,0.000000,0.000000,0.000000,0.000000,0.000000,0.000000,0.000000,0.000000,0.000000,0.000000,0.000000,0.000000,0.000000,0.000000,0.000000,0.000000,0.000000,0.000000,0.000000,0.000000,0.000000,0.000000,0.000000,0.000000,0.000000,0.000000,0.000000,0.000000,0.000000,0.000000,0.000000,0.000000,0.000000,0.000000,0.000000,0.000000,0.000000,0.000000,0.000000,0.000000,0.000000,0.000000,0.000000,0.000000,0.000000,0.000000
161,1694846646.370751,1,,,0.0000,0.0000,0.0000,0.0000,,,,,,,,,,,0.000000,0.000000,0.000000,0.000000,0.000000,0.000000,0.000000,0.000000,0.000000,0.000000,0.000000,0.000000,0.000000,0.000000,0.000000,0.000000,0.000000,0.000000,0.000000,0.000000,0.000000,0.000000,0.000000,0.000000,0.000000,0.000000,0.000000,0.000000,0.000000,0.000000,0.000000,0.000000,0.000000,0.000000,0.000000,0.000000,0.000000,0.000000,0.000000,0.000000,0.000000,0.000000,0.000000,0.000000,0.000000,0.000000,0.000000,0.000000,0.000000,0.000000,0.000000,0.000000,0.000000,0.000000,0.000000,0.000000,0.000000,0.000000,0.000000,0.000000,0.000000,0.000000,0.000000
162,1694846646.379085,1,55.0115,55.0115,58.0630,0.0000,48.7975,88.3346,,5859.2104,2.4387,142.3573,46.3102,139.1174,142.1489,139.2776,138.9445,0.009379,0.481025,0.930115,-0.000000,0.418137,0.963199,-0.012452,0.360122,0.909939,-0.017139,0.340306,0.822235,-0.017962,0.347881,0.767791,-0.018704,0.375854,0.802599,-0.028077,0.331467,0.703572,-0.040691,0.309742,0.639365,-0.049599,0.294664,0.588252,-0.056484,0.412042,0.752998,-0.022981,0.364433,0.721738,-0.031278,0.363137,0.761535,-0.025242,0.376723,0.792293,-0.019690,0.441598,0.736393,-0.018473,0.396462,0.730547,-0.027470,0.394616,0.764170,-0.019368,0.407906,0.792552,-0.012322,0.465849,0.734345,-0.014779,0.429949,0.734825,-0.022482,0.426949,0.765373,-0.017757,0.436555,0.790489,-0.012227
163,1694846646.387418,1,-51.1244,-51.1244,3.3300,-54.7330,45.6549,60.5490,27.0990,4479.0373,1.5485,140.1960,48.2676,139.0280,138.6176,133.2907,130.2373,0.007475,0.485320,0.930694,-0.000000,0.423117,0.962002,-0.011095,0.365285,0.905302,-0.014768,0.345189,0.818333,-0.014582,0.352962,0.767008,-0.014245,0.380720,0.800482,-0.026981,0.336799,0.699597,-0.038761,0.316599,0.635952,-0.047111,0.302866,0.585266,-0.053643,0.417327,0.751433,-0.021411,0.370929,0.718599,-0.028068,0.369333,0.759867,-0.020800,0.381982,0.791661,-0.014606,0.447253,0.735329,-0.016286,0.402758,0.730369,-0.023241,0.400642,0.764588,-0.014686,0.413536,0.793427,-0.007816,0.471604,0.733816,-0.011886,0.436494,0.736425,-0.018227,0.433091,0.767361,-0.013767,0.442278,0.792502,-0.008739
164,1694846646.395751,1,36.7585,36.7585,24.4683,21.1382,46.9572,55.8805,53.3658,5866.8780,1.5273,139.3935,56.5761,132.3059,129.3982,122.6022,118.2207,0.005289,0.490225,0.940605,-0.000000,0.425534,0.964011,-0.008994,0.368994,0.902785,-0.010937,0.349671,0.814467,-0.009137,0.356971,0.762087,-0.007052,0.384860,0.797715,-0.024473,0.343115,0.691153,-0.032476,0.324641,0.627900,-0.037273,0.311785,0.577214,-0.041248,0.421860,0.752350,-0.018555,0.376816,0.715255,-0.021882,0.375579,0.757504,-0.012644,0.387790,0.792221,-0.005278,0.452195,0.737530,-0.012692,0.407072,0.727177,-0.018058,0.405476,0.763017,-0.010096,0.418157,0.794571,-0.003563,0.476748,0.735085,-0.007041,0.440918,0.730468,-0.011563,0.436682,0.762685,-0.007047,0.445028,0.791372,-0.002162
165,1694846646.404085,1,-38.8351,-38.8351,-2.8149,-27.2831,42.7246,156.4481,10.9309,6483.9884,2.5955,135.8187,57.5385,134.6540,126.8689,114.8180,104.4570,0.001392,0.495894,0.942142,-0.000000,0.432443,0.966528,-0.008855,0.375769,0.902254,-0.011474,0.357204,0.812113,-0.010965,0.366945,0.761889,-0.010287,0.391155,0.796233,-0.022570,0.353994,0.690669,-0.032584,0.335707,0.627154,-0.039449,0.323592,0.576536,-0.045172,0.428618,0.751809,-0.017452,0.388900,0.724546,-0.023691,0.390286,0.770544,-0.016092,0.404581,0.802461,-0.009641,0.459577,0.739044,-0.012667,0.421163,0.733203,-0.020576,0.420693,0.770967,-0.012241,0.434058,0.802099,-0.005100,0.485355,0.739197,-0.008198,0.453959,0.737104,-0.014988,0.451505,0.770020,-0.010649,0.461424,0.797082,-0.005455
166,1694846646.412418,1,42.3402,42.3402,-3.1678,-0.3530,44.5020,1261.7844,17.3289,6282.9191,2.0442,135.9807,64.3691,136.1637,123.8375,108.3686,95.0941,0.000339,0.497838,0.938000,-0.000000,0.435411,0.962456,-0.009959,0.379465,0.898348,-0.013147,0.362184,0.807783,-0.012868,0.374952,0.757946,-0.012566,0.399479,0.795539,-0.024997,0.363823,0.690378,-0.035517,0.345787,0.625731,-0.043035,0.333158,0.573721,-0.049527,0.437450,0.750919,-0.019835,0.395953,0.727460,-0.026539,0.396508,0.773844,-0.019003,0.411263,0.802786,-0.012818,0.467643,0.738026,-0.015021,0.427973,0.735625,-0.022861,0.427066,0.771862,-0.014026,0.440919,0.799559,-0.006866,0.492373,0.739026,-0.010709,0.460122,0.739277,-0.017801,0.458211,0.771534,-0.013318,0.469074,0.796002,-0.008156
167,1694846646.420751,1,40.1487,40.1487,22.8183,25.9861,41.7279,1093.3893,16.7999,5578.0829,2.3235,139.1481,76.1151,135.9701,121.1258,103.7106,87.7827,0.000044,0.502521,0.942316,-0.000000,0.438660,0.963140,-0.009476,0.382102,0.895703,-0.013039,0.366274,0.801659,-0.013163,0.382234,0.752159,-0.013246,0.404424,0.793677,-0.025707,0.370640,0.683878,-0.034843,0.353822,0.618650,-0.041227,0.341415,0.566258,-0.047334,0.443751,0.750133,-0.020637,0.403799,0.723912,-0.026516,0.403990,0.771064,-0.018446,0.417387,0.802540,-0.012100,0.474672,0.739396,-0.015623,0.436203,0.736871,-0.022246,0.435917,0.772826,-0.013330,0.449436,0.802002,-0.006568,0.499632,0.742201,-0.011034,0.468345,0.742689,-0.017233,0.466962,0.773913,-0.012867,0.477621,0.797984,-0.008104
168,1694846646.429085,1,-43.6128,-43.6128,-20.0928,-42.9111,39.7371,1313.2116,17.9437,5928.4767,2.0983,146.2878,85.7296,136.7646,119.3265,99.1727,79.0456,0.000000,0.508088,0.944831,-0.000000,0.445347,0.966616,-0.010737,0.388713,0.899464,-0.015072,0.373163,0.803863,-0.016137,0.389348,0.753640,-0.017153,0.410325,0.792561,-0.024959,0.377999,0.682012,-0.036119,0.361120,0.613838,-0.044322,0.348651,0.560296,-0.051519,0.450104,0.751210,-0.020093,0.410804,0.728966,-0.029102,0.411178,0.776492,-0.022541,0.425392,0.806277,-0.016656,0.480858,0.741906,-0.015673,0.442954,0.737560,-0.025855,0.441967,0.774755,-0.017023,0.455090,0.803619,-0.009453,0.505867,0.745413,-0.011793,0.473459,0.743940,-0.020829,0.471658,0.778523,-0.016184,0.482241,0.804109,-0.010488
169,1694846646.437418,1,36.8728,36.8728,18.9270,39.0198,39.7540,1919.3486,41.1407,4754.6842,2.1143,140.8711,94.0560,143.5434,122.0275,98.1137,72.9876,0.000000,0.512912,0.946758,-0.000000,0.449189,0.964207,-0.009515,0.393659,0.897529,-0.013091,0.379053,0.801979,-0.013860,0.396383,0.750232,-0.014434,0.416726,0.791081,-0.023259,0.386323,0.680083,-0.032406,0.370386,0.613412,-0.038339,0.358971,0.559557,-0.044033,0.455953,0.751087,-0.018830,0.418690,0.729008,-0.026058,0.418418,0.773946,-0.018929,0.431792,0.804051,-0.013085,0.486600,0.741583,-0.014605,0.450175,0.737993,-0.022935,0.448887,0.772975,-0.014240,0.461200,0.802638,-0.007255,0.510953,0.744904,-0.010924,0.480787,0.745045,-0.018588,0.478854,0.777448,-0.014476,0.488941,0.803033,-0.009435
170,1694846646.445751,1,34.5662,34.5662,-1.9435,-20.8704,32.9461,1391.3725,18.1868,3580.0594,2.4535,141.2461,111.3690,147.6747,124.3628,97.3722,65.4794,0.000000,0.517650,0.947981,-0.000000,0.451285,0.963550,-0.009769,0.396663,0.894083,-0.012904,0.382345,0.799921,-0.013379,0.399333,0.750734,-0.013631,0.422041,0.787344,-0.021606,0.393292,0.676012,-0.030208,0.379757,0.609069,-0.035617,0.370429,0.554960,-0.040821,0.462345,0.749152,-0.017266,0.423550,0.724699,-0.024367,0.421677,0.769365,-0.017642,0.434567,0.800331,-0.012005,0.493129,0.740988,-0.013301,0.454638,0.735229,-0.021317,0.452522,0.770454,-0.013010,0.464791,0.800278,-0.006312,0.517088,0.746139,-0.010014,0.485860,0.744243,-0.016506,0.483518,0.775596,-0.012158,0.493464,0.802344,-0.007145
171,1694846646.454085,1,,,0.0000,0.0000,0.0000,0.0000,,,,,,,,,,,0.000000,0.000000,0.000000,0.000000,0.000000,0.000000,0.000000,0.000000,0.000000,0.000000,0.000000,0.000000,0.000000,0.000000,0.000000,0.000000,0.000000,0.000000,0.000000,0.000000,0.000000,0.000000,0.000000,0.000000,0.000000,0.000000,0.000000,0.000000,0.000000,0.000000,0.000000,0.000000,0.000000,0.000000,0.000000,0.000000,0.000000,0.000000,0.000000,0.000000,0.000000,0.000000,0.000000,0.000000,0.000000,0.000000,0.000000,0.000000,0.000000,0.000000,0.000000,0.000000,0.000000,0.000000,0.000000,0.000000,0.000000,0.000000,0.000000,0.000000,0.000000,0.000000,0.000000
172,1694846646.462418,0,,,0.0000,0.0000,0.0000,0.0000,,,,,,,,,,,0.000000,0.000000,0.000000,0.000000,0.000000,0.000000,0.000000,0.000000,0.000000,0.000000,0.000000,0.000000,0.000000,0.000000,0.000000,0.000000,0.000000,0.000000,0.000000,0.000000,0.000000,0.000000,0.000000,0.000000,0.000000,0.000000,0.000000,0.000000,0.000000,0.000000,0.000000,0.000000,0.000000,0.000000,0.000000,0.000000,0.000000,0.000000,0.000000,0.000000,0.000000,0.000000,0.000000,0.000000,0.000000,0.000000,0.000000,0.000000,0.000000,0.000000,0.000000,0.000000,0.000000,0.000000,0.000000,0.000000,0.000000,0.000000,0.000000,0.000000,0.000000,0.000000,0.000000
173,1694846646.470751,0,,,0.0000,0.0000,0.0000,0.0000,,,,,,,,,,,0.000000,0.000000,0.000000,0.000000,0.000000,0.000000,0.000000,0.000000,0.000000,0.000000,0.000000,0.000000,0.000000,0.000000,0.000000,0.000000,0.000000,0.000000,0.000000,0.000000,0.000000,0.000000,0.000000,0.000000,0.000000,0.000000,0.000000,0.000000,0.000000,0.000000,0.000000,0.000000,0.000000,0.000000,0.000000,0.000000,0.000000,0.000000,0.000000,0.000000,0.000000,0.000000,0.000000,0.000000,0.000000,0.000000,0.000000,0.000000,0.000000,0.000000,0.000000,0.000000,0.000000,0.000000,0.000000,0.000000,0.000000,0.000000,0.000000,0.000000,0.000000,0.000000,0.000000
174,1694846646.479085,0,,,0.0000,0.0000,0.0000,0.0000,,,,,,,,,,,0.000000,0.000000,0.000000,0.000000,0.000000,0.000000,0.000000,0.000000,0.000000,0.000000,0.000000,0.000000,0.000000,0.000000,0.000000,0.000000,0.000000,0.000000,0.000000,0.000000,0.000000,0.000000,0.000000,0.000000,0.000000,0.000000,0.000000,0.000000,0.000000,0.000000,0.000000,0.000000,0.000000,0.000000,0.000000,0.000000,0.000000,0.000000,0.000000,0.000000,0.000000,0.000000,0.000000,0.000000,0.000000,0.000000,0.000000,0.000000,0.000000,0.000000,0.000000,0.000000,0.000000,0.000000,0.000000,0.000000,0.000000,0.000000,0.000000,0.000000,0.000000,0.000000,0.000000
175,1694846646.487418,0,,,0.0000,0.0000,0.0000,0.0000,,,,,,,,,,,0.000000,0.000000,0.000000,0.000000,0.000000,0.000000,0.000000,0.000000,0.000000,0.000000,0.000000,0.000000,0.000000,0.000000,0.000000,0.000000,0.000000,0.000000,0.000000,0.000000,0.000000,0.000000,0.000000,0.000000,0.000000,0.000000,0.000000,0.000000,0.000000,0.000000,0.000000,0.000000,0.000000,0.000000,0.000000,0.000000,0.000000,0.000000,0.000000,0.000000,0.000000,0.000000,0.000000,0.000000,0.000000,0.000000,0.000000,0.000000,0.000000,0.000000,0.000000,0.000000,0.000000,0.000000,0.000000,0.000000,0.000000,0.000000,0.000000,0.000000,0.000000,0.000000,0.000000
176,1694846646.495751,0,,,0.0000,0.0000,0.0000,0.0000,,,,,,,,,,,0.000000,0.000000,0.000000,0.000000,0.000000,0.000000,0.000000,0.000000,0.000000,0.000000,0.000000,0.000000,0.000000,0.000000,0.000000,0.000000,0.000000,0.000000,0.000000,0.000000,0.000000,0.000000,0.000000,0.000000,0.000000,0.000000,0.000000,0.000000,0.000000,0.000000,0.000000,0.000000,0.000000,0.000000,0.000000,0.000000,0.000000,0.000000,0.000000,0.000000,0.000000,0.000000,0.000000,0.000000,0.000000,0.000000,0.000000,0.000000,0.000000,0.000000,0.000000,0.000000,0.000000,0.000000,0.000000,0.000000,0.000000,0.000000,0.000000,0.000000,0.000000,0.000000,0.000000
177,1694846646.504085,0,,,0.0000,0.0000,0.0000,0.0000,,,,,,,,,,,0.000000,0.000000,0.000000,0.000000,0.000000,0.000000,0.000000,0.000000,0.000000,0.000000,0.000000,0.000000,0.000000,0.000000,0.000000,0.000000,0.000000,0.000000,0.000000,0.000000,0.000000,0.000000,0.000000,0.000000,0.000000,0.000000,0.000000,0.000000,0.000000,0.000000,0.000000,0.000000,0.000000,0.000000,0.000000,0.000000,0.000000,0.000000,0.000000,0.000000,0.000000,0.000000,0.000000,0.000000,0.000000,0.000000,0.000000,0.000000,0.000000,0.000000,0.000000,0.000000,0.000000,0.000000,0.000000,0.000000,0.000000,0.000000,0.000000,0.000000,0.000000,0.000000,0.000000
178,1694846646.512418,0,,,0.0000,0.0000,0.0000,0.0000,,,,,,,,,,,0.000000,0.000000,0.000000,0.000000,0.000000,0.000000,0.000000,0.000000,0.000000,0.000000,0.000000,0.000000,0.000000,0.000000,0.000000,0.000000,0.000000,0.000000,0.000000,0.000000,0.000000,0.000000,0.000000,0.000000,0.000000,0.000000,0.000000,0.000000,0.000000,0.000000,0.000000,0.000000,0.000000,0.000000,0.000000,0.000000,0.000000,0.000000,0.000000,0.000000,0.000000,0.000000,0.000000,0.000000,0.000000,0.000000,0.000000,0.000000,0.000000,0.000000,0.000000,0.000000,0.000000,0.000000,0.000000,0.000000,0.000000,0.000000,0.000000,0.000000,0.000000,0.000000,0.000000
179,1694846646.520751,0,,,0.0000,0.0000,0.0000,0.0000,,,,,,,,,,,0.000000,0.000000,0.000000,0.000000,0.000000,0.000000,0.000000,0.000000,0.000000,0.000000,0.000000,0.000000,0.000000,0.000000,0.000000,0.000000,0.000000,0.000000,0.000000,0.000000,0.000000,0.000000,0.000000,0.000000,0.000000,0.000000,0.000000,0.000000,0.000000,0.000000,0.000000,0.000000,0.000000,0.000000,0.000000,0.000000,0.000000,0.000000,0.000000,0.000000,0.000000,0.000000,0.000000,0.000000,0.000000,0.000000,0.000000,0.000000,0.000000,0.000000,0.000000,0.000000,0.000000,0.000000,0.000000,0.000000,0.000000,0.000000,0.000000,0.000000,0.000000,0.000000,0.000000
180,1694846646.529085,0,,,0.0000,0.0000,0.0000,0.0000,,,,,,,,,,,0.000000,0.000000,0.000000,0.000000,0.000000,0.000000,0.000000,0.000000,0.000000,0.000000,0.000000,0.000000,0.000000,0.000000,0.000000,0.000000,0.000000,0.000000,0.000000,0.000000,0.000000,0.000000,0.000000,0.000000,0.000000,0.000000,0.000000,0.000000,0.000000,0.000000,0.000000,0.000000,0.000000,0.000000,0.000000,0.000000,0.000000,0.000000,0.000000,0.000000,0.000000,0.000000,0.000000,0.000000,0.000000,0.000000,0.000000,0.000000,0.000000,0.000000,0.000000,0.000000,0.000000,0.000000,0.000000,0.000000,0.000000,0.000000,0.000000,0.000000,0.000000,0.000000,0.000000
181,1694846646.537418,0,,,0.0000,0.0000,0.0000,0.0000,,,,,,,,,,,0.000000,0.000000,0.000000,0.000000,0.000000,0.000000,0.000000,0.000000,0.000000,0.000000,0.000000,0.000000,0.000000,0.000000,0.000000,0.000000,0.000000,0.000000,0.000000,0.000000,0.000000,0.000000,0.000000,0.000000,0.000000,0.000000,0.000000,0.000000,0.000000,0.000000,0.000000,0.000000,0.000000,0.000000,0.000000,0.000000,0.000000,0.000000,0.000000,0.000000,0.000000,0.000000,0.000000,0.000000,0.000000,0.000000,0.000000,0.000000,0.000000,0.000000,0.000000,0.000000,0.000000,0.000000,0.000000,0.000000,0.000000,0.000000,0.000000,0.000000,0.000000,0.000000,0.000000
182,1694846646.545751,0,,,0.0000,0.0000,0.0000,0.0000,,,,,,,,,,,0.000000,0.000000,0.000000,0.000000,0.000000,0.000000,0.000000,0.000000,0.000000,0.000000,0.000000,0.000000,0.000000,0.000000,0.000000,0.000000,0.000000,0.000000,0.000000,0.000000,0.000000,0.000000,0.000000,0.000000,0.000000,0.000000,0.000000,0.000000,0.000000,0.000000,0.000000,0.000000,0.000000,0.000000,0.000000,0.000000,0.000000,0.000000,0.000000,0.000000,0.000000,0.000000,0.000000,0.000000,0.000000,0.000000,0.000000,0.000000,0.000000,0.000000,0.000000,0.000000,0.000000,0.000000,0.000000,0.000000,0.000000,0.000000,0.000000,0.000000,0.000000,0.000000,0.000000
183,1694846646.554085,0,,,0.0000,0.0000,0.0000,0.0000,,,,,,,,,,,0.000000,0.000000,0.000000,0.000000,0.000000,0.000000,0.000000,0.000000,0.000000,0.000000,0.000000,0.000000,0.000000,0.000000,0.000000,0.000000,0.000000,0.000000,0.000000,0.000000,0.000000,0.000000,0.000000,0.000000,0.000000,0.000000,0.000000,0.000000,0.000000,0.000000,0.000000,0.000000,0.000000,0.000000,0.000000,0.000000,0.000000,0.000000,0.000000,0.000000,0.000000,0.000000,0.000000,0.000000,0.000000,0.000000,0.000000,0.000000,0.000000,0.000000,0.000000,0.000000,0.000000,0.000000,0.000000,0.000000,0.000000,0.000000,0.000000,0.000000,0.000000,0.000000,0.000000
184,1694846646.562418,0,,,0.0000,0.0000,0.0000,0.0000,,,,,,,,,,,0.000000,0.000000,0.000000,0.000000,0.000000,0.000000,0.000000,0.000000,0.000000,0.000000,0.000000,0.000000,0.000000,0.000000,0.000000,0.000000,0.000000,0.000000,0.000000,0.000000,0.000000,0.000000,0.000000,0.000000,0.000000,0.000000,0.000000,0.000000,0.000000,0.000000,0.000000,0.000000,0.000000,0.000000,0.000000,0.000000,0.000000,0.000000,0.000000,0.000000,0.000000,0.000000,0.000000,0.000000,0.000000,0.000000,0.000000,0.000000,0.000000,0.000000,0.000000,0.000000,0.000000,0.000000,0.000000,0.000000,0.000000,0.000000,0.000000,0.000000,0.000000,0.000000,0.000000
185,1694846646.570751,0,,,0.0000,0.0000,0.0000,0.0000,,,,,,,,,,,0.000000,0.000000,0.000000,0.000000,0.000000,0.000000,0.000000,0.000000,0.000000,0.000000,0.000000,0.000000,0.000000,0.000000,0.000000,0.000000,0.000000,0.000000,0.000000,0.000000,0.000000,0.000000,0.000000,0.000000,0.000000,0.000000,0.000000,0.000000,0.000000,0.000000,0.000000,0.000000,0.000000,0.000000,0.000000,0.000000,0.000000,0.000000,0.000000,0.000000,0.000000,0.000000,0.000000,0.000000,0.000000,0.000000,0.000000,0.000000,0.000000,0.000000,0.000000,0.000000,0.000000,0.000000,0.000000,0.000000,0.000000,0.000000,0.000000,0.000000,0.000000,0.000000,0.000000
186,1694846646.579085,0,,,0.0000,0.0000,0.0000,0.0000,,,,,,,,,,,0.000000,0.000000,0.000000,0.000000,0.000000,0.000000,0.000000,0.000000,0.000000,0.000000,0.000000,0.000000,0.000000,0.000000,0.000000,0.000000,0.000000,0.000000,0.000000,0.000000,0.000000,0.000000,0.000000,0.000000,0.000000,0.000000,0.000000,0.000000,0.000000,0.000000,0.000000,0.000000,0.000000,0.000000,0.000000,0.000000,0.000000,0.000000,0.000000,0.000000,0.000000,0.000000,0.000000,0.000000,0.000000,0.000000,0.000000,0.000000,0.000000,0.000000,0.000000,0.000000,0.000000,0.000000,0.000000,0.000000,0.000000,0.000000,0.000000,0.000000,0.000000,0.000000,0.000000
187,1694846646.587418,0,,,0.0000,0.0000,0.0000,0.0000,,4353.4074,2.3030,88.1265,171.4515,194.9483,160.5050,123.7208,77.4520,0.000000,0.525854,0.949154,-0.000000,0.459208,0.956123,-0.009931,0.408641,0.877495,-0.011696,0.399352,0.781334,-0.010285,0.419211,0.734943,-0.008666,0.442063,0.772357,-0.021448,0.428996,0.653815,-0.027518,0.425023,0.582908,-0.030992,0.422852,0.528391,-0.034675,0.483743,0.742080,-0.015861,0.446689,0.716055,-0.020664,0.440638,0.759114,-0.013507,0.449878,0.793031,-0.007879,0.513847,0.737995,-0.010441,0.474677,0.727346,-0.016490,0.470091,0.761382,-0.008830,0.479034,0.794995,-0.002738,0.536303,0.745483,-0.005635,0.502985,0.740080,-0.010691,0.498123,0.770072,-0.006637,0.505066,0.799613,-0.001771
188,1694846646.595751,0,,,0.0000,0.0000,0.0000,0.0000,,,,,,,,,,,0.000000,0.000000,0.000000,0.000000,0.000000,0.000000,0.000000,0.000000,0.000000,0.000000,0.000000,0.000000,0.000000,0.000000,0.000000,0.000000,0.000000,0.000000,0.000000,0.000000,0.000000,0.000000,0.000000,0.000000,0.000000,0.000000,0.000000,0.000000,0.000000,0.000000,0.000000,0.000000,0.000000,0.000000,0.000000,0.000000,0.000000,0.000000,0.000000,0.000000,0.000000,0.000000,0.000000,0.000000,0.000000,0.000000,0.000000,0.000000,0.000000,0.000000,0.000000,0.000000,0.000000,0.000000,0.000000,0.000000,0.000000,0.000000,0.000000,0.000000,0.000000,0.000000,0.000000
189,1694846646.604085,0,,,0.0000,0.0000,0.0000,0.0000,,,,,,,,,,,0.000000,0.000000,0.000000,0.000000,0.000000,0.000000,0.000000,0.000000,0.000000,0.000000,0.000000,0.000000,0.000000,0.000000,0.000000,0.000000,0.000000,0.000000,0.000000,0.000000,0.000000,0.000000,0.000000,0.000000,0.000000,0.000000,0.000000,0.000000,0.000000,0.000000,0.000000,0.000000,0.000000,0.000000,0.000000,0.000000,0.000000,0.000000,0.000000,0.000000,0.000000,0.000000,0.000000,0.000000,0.000000,0.000000,0.000000,0.000000,0.000000,0.000000,0.000000,0.000000,0.000000,0.000000,0.000000,0.000000,0.000000,0.000000,0.000000,0.000000,0.000000,0.000000,0.000000
190,1694846646.612418,0,,,0.0000,0.0000,0.0000,0.0000,,,,,,,,,,,0.000000,0.000000,0.000000,0.000000,0.000000,0.000000,0.000000,0.000000,0.000000,0.000000,0.000000,0.000000,0.000000,0.000000,0.000000,0.000000,0.000000,0.000000,0.000000,0.000000,0.000000,0.000000,0.000000,0.000000,0.000000,0.000000,0.000000,0.000000,0.000000,0.000000,0.000000,0.000000,0.000000,0.000000,0.000000,0.000000,0.000000,0.000000,0.000000,0.000000,0.000000,0.000000,0.000000,0.000000,0.000000,0.000000,0.000000,0.000000,0.000000,0.000000,0.000000,0.000000,0.000000,0.000000,0.000000,0.000000,0.000000,0.000000,0.000000,0.000000,0.000000,0.000000,0.000000
191,1694846646.620751,0,,,0.0000,0.0000,0.0000,0.0000,,3641.9759,3.6711,78.4969,150.8024,175.4430,142.8465,107.5438,63.7726,0.000000,0.516006,0.948315,-0.000000,0.449468,0.958026,-0.008995,0.396511,0.879901,-0.011006,0.384373,0.778713,-0.010318,0.401296,0.724047,-0.009281,0.427093,0.771904,-0.019432,0.413358,0.651732,-0.025791,0.408769,0.579262,-0.029166,0.405900,0.523956,-0.032683,0.468321,0.739927,-0.014691,0.432257,0.711969,-0.019971,0.427104,0.752366,-0.012929,0.436753,0.784818,-0.007331,0.498565,0.734897,-0.010187,0.460927,0.722247,-0.016680,0.457243,0.755150,-0.008995,0.466706,0.787305,-0.002920,0.521789,0.740525,-0.006195,0.489391,0.735302,-0.011008,0.486153,0.765483,-0.006694,0.494281,0.793150,-0.001805
192,1694846646.629085,0,,,0.0000,0.0000,0.0000,0.0000,,,,,,,,,,,0.000000,0.000000,0.000000,0.000000,0.000000,0.000000,0.000000,0.000000,0.000000,0.000000,0.000000,0.000000,0.000000,0.000000,0.000000,0.000000,0.000000,0.000000,0.000000,0.000000,0.000000,0.000000,0.000000,0.000000,0.000000,0.000000,0.000000,0.000000,0.000000,0.000000,0.000000,0.000000,0.000000,0.000000,0.000000,0.000000,0.000000,0.000000,0.000000,0.000000,0.000000,0.000000,0.000000,0.000000,0.000000,0.000000,0.000000,0.000000,0.000000,0.000000,0.000000,0.000000,0.000000,0.000000,0.000000,0.000000,0.000000,0.000000,0.000000,0.000000,0.000000,0.000000,0.000000
193,1694846646.637418,0,,,0.0000,0.0000,0.0000,0.0000,,3950.5514,3.7121,101.3148,139.0091,161.7884,131.2428,97.4982,56.2041,0.000000,0.511254,0.944870,-0.000000,0.442855,0.959264,-0.009912,0.388286,0.882145,-0.012034,0.375373,0.778984,-0.011361,0.392637,0.724697,-0.010160,0.417452,0.772980,-0.018898,0.401876,0.650962,-0.024716,0.396171,0.579544,-0.027427,0.392540,0.524076,-0.030517,0.458932,0.738355,-0.013596,0.420892,0.713490,-0.019604,0.416892,0.757201,-0.012509,0.427970,0.789799,-0.006350,0.489139,0.731734,-0.008652,0.449790,0.723336,-0.016035,0.446782,0.759491,-0.008572,0.457341,0.791115,-0.002177,0.512398,0.735493,-0.004274,0.478607,0.732769,-0.009581,0.475517,0.764558,-0.005648,0.484090,0.791410,-0.000810
194,1694846646.645751,1,,,0.0000,0.0000,0.0000,0.0000,42.4330,3781.8798,3.0722,113.6782,127.9090,158.5322,129.1567,96.9977,58.4774,0.000000,0.508184,0.940754,-0.000000,0.440650,0.960578,-0.009193,0.384661,0.885777,-0.012039,0.370623,0.783379,-0.012247,0.386952,0.726891,-0.012295,0.413892,0.779988,-0.019982,0.396219,0.659122,-0.027267,0.389634,0.585247,-0.031722,0.385878,0.527282,-0.036172,0.454819,0.742498,-0.015365,0.416033,0.711859,-0.021693,0.412703,0.755372,-0.014337,0.425082,0.787609,-0.008176,0.484577,0.734349,-0.011106,0.444089,0.721810,-0.017897,0.440513,0.755516,-0.009245,0.451737,0.786355,-0.002579,0.506971,0.736952,-0.007436,0.471897,0.733157,-0.012778,0.468839,0.763780,-0.008365,0.477880,0.790322,-0.003553
195,1694846646.654085,1,-27.4263,-27.4263,-16.8937,0.0000,36.0327,383.6992,1.1388,3937.1074,2.2743,138.5147,113.6538,149.1955,120.7772,91.1687,58.2398,0.000000,0.503807,0.941123,-0.000000,0.436430,0.961791,-0.009908,0.380263,0.886951,-0.012973,0.366636,0.784259,-0.013304,0.383472,0.727420,-0.013378,0.407990,0.777858,-0.020157,0.387926,0.658187,-0.027070,0.380598,0.586287,-0.030985,0.376215,0.530143,-0.035095,0.448463,0.740287,-0.015163,0.409357,0.714439,-0.021564,0.406314,0.758756,-0.014256,0.418763,0.789948,-0.008139,0.478276,0.732328,-0.010626,0.438170,0.722541,-0.017885,0.434878,0.757452,-0.009818,0.446178,0.788215,-0.003416,0.500909,0.735275,-0.006716,0.466358,0.733825,-0.012551,0.462892,0.765121,-0.008769,0.471577,0.791605,-0.004248
196,1694846646.662418,1,30.4378,30.4378,18.5126,35.4064,34.4818,367.4844,5.8558,3678.6184,2.0156,148.0772,101.1232,144.5780,119.7308,93.2322,64.9694,0.000000,0.498166,0.937389,-0.000000,0.431886,0.962447,-0.010047,0.375165,0.890013,-0.013123,0.360522,0.788128,-0.013463,0.376575,0.731362,-0.013562,0.402119,0.781705,-0.019606,0.380594,0.664747,-0.026710,0.371896,0.593350,-0.031174,0.367004,0.536617,-0.035761,0.442005,0.743013,-0.015043,0.403244,0.720017,-0.022665,0.401000,0.766458,-0.016214,0.414560,0.796965,-0.010355,0.472028,0.733594,-0.010941,0.432273,0.725176,-0.019504,0.429021,0.761564,-0.011366,0.441217,0.791506,-0.004489,0.495539,0.734955,-0.007439,0.460439,0.731914,-0.014072,0.456911,0.764264,-0.009673,0.466522,0.790473,-0.004442
197,1694846646.670751,1,28.6310,28.6310,-2.0604,-20.5731,24.1978,11.5572,9.2402,4244.8336,1.9798,149.5733,95.3525,139.1480,117.9028,94.1025,69.7523,0.000000,0.493397,0.936877,-0.000000,0.428492,0.962364,-0.009234,0.373317,0.894583,-0.010736,0.354944,0.801738,-0.009758,0.363326,0.747960,-0.008322,0.394396,0.779410,-0.016690,0.372051,0.666271,-0.024232,0.362611,0.596354,-0.029267,0.358193,0.541094,-0.033748,0.433309,0.742120,-0.012570,0.396084,0.723528,-0.019815,0.394274,0.768110,-0.014051,0.408517,0.796236,-0.008642,0.463772,0.733738,-0.009077,0.425223,0.729937,-0.017908,0.423365,0.765292,-0.010056,0.436470,0.792135,-0.003072,0.487611,0.737955,-0.006167,0.454029,0.736403,-0.012888,0.452009,0.767972,-0.007836,0.462625,0.793338,-0.001820
198,1694846646.679085,1,-27.2323,-27.2323,-15.4496,-13.3892,28.7436,375.1484,11.9754,5719.6420,2.0757,144.5448,78.2114,134.3870,117.4022,98.0618,81.6399,0.000000,0.489661,0.941818,-0.000000,0.424379,0.961820,-0.007677,0.369146,0.895002,-0.008985,0.349783,0.803211,-0.008297,0.357184,0.748923,-0.007290,0.385803,0.782700,-0.016109,0.361989,0.670382,-0.024777,0.352104,0.602460,-0.030505,0.346068,0.548895,-0.035292,0.424432,0.743497,-0.012641,0.386438,0.719999,-0.019031,0.385822,0.763699,-0.012990,0.398679,0.793514,-0.007677,0.455085,0.733153,-0.009750,0.415461,0.727411,-0.017402,0.415011,0.762280,-0.009365,0.427749,0.790967,-0.002556,0.479361,0.735832,-0.007400,0.444685,0.733045,-0.012811,0.441597,0.764424,-0.007565,0.450689,0.791942,-0.001692
199,1694846646.687418,1,29.9527,29.9527,14.3448,29.7944,27.9320,2391.6720,6.5092,5633.0998,1.5594,141.0139,65.7114,131.5006,120.7850,106.8686,95.6002,0.001331,0.486353,0.941512,-0.000000,0.421802,0.961381,-0.006764,0.365001,0.896622,-0.007975,0.342773,0.806506,-0.007343,0.348127,0.750934,-0.006303,0.377715,0.786101,-0.016087,0.350453,0.675097,-0.025396,0.339228,0.607673,-0.031276,0.331856,0.554622,-0.036015,0.415614,0.745485,-0.012750,0.376543,0.721967,-0.018723,0.377480,0.763353,-0.012071,0.390645,0.791050,-0.006481,0.446654,0.734239,-0.009977,0.406788,0.728801,-0.017405,0.407985,0.761835,-0.008931,0.420917,0.788866,-0.001894,0.471598,0.736098,-0.007693,0.438356,0.733707,-0.012994,0.436658,0.764442,-0.007670,0.445866,0.791635,-0.001803
200,1694846646.695751,1,-36.7698,-36.7698,-16.8019,-31.1467,30.3703,1764.4488,28.9924,4785.2280,1.8231,135.7647,63.3596,129.0099,123.9423,115.0503,109.0408,0.004319,0.482090,0.937045,-0.000000,0.416974,0.963897,-0.007911,0.359449,0.905251,-0.009651,0.335795,0.818678,-0.009092,0.339851,0.763505,-0.008232,0.371182,0.792850,-0.018359,0.340670,0.683386,-0.029000,0.327993,0.614539,-0.036164,0.319918,0.559915,-0.041498,0.408429,0.748294,-0.014333,0.365472,0.717562,-0.019577,0.364687,0.755973,-0.012335,0.377434,0.784056,-0.006538,0.438630,0.734661,-0.010988,0.395658,0.725226,-0.017695,0.394746,0.756705,-0.008550,0.407062,0.783777,-0.001203,0.462282,0.735298,-0.008258,0.427726,0.730445,-0.013196,0.425397,0.759858,-0.007421,0.434365,0.787177,-0.001387
201,1694846646.704085,1,-29.5237,-29.5237,-14.5387,2.2632,29.7925,1426.9198,25.9768,4872.8849,1.7868,136.4066,56.3598,134.3500,132.0446,125.4938,121.5068,0.007902,0.471522,0.934669,-0.000000,0.411141,0.963670,-0.006535,0.354835,0.911339,-0.007509,0.329581,0.828715,-0.006476,0.329770,0.774624,-0.005295,0.363635,0.795397,-0.016382,0.332786,0.688339,-0.024214,0.318720,0.621336,-0.029030,0.310379,0.568687,-0.032589,0.399415,0.751819,-0.013417,0.360030,0.726148,-0.018602,0.359645,0.766995,-0.012586,0.373198,0.797078,-0.007070,0.429924,0.737304,-0.010634,0.389990,0.731865,-0.017865,0.389904,0.765145,-0.010596,0.403023,0.793226,-0.003950,0.454475,0.736144,-0.008050,0.421269,0.732860,-0.013123,0.419812,0.762885,-0.007509,0.429853,0.790195,-0.001159
202,1694846646.712418,1,,,0.0000,0.0000,0.0000,0.0000,,,,,,,,,,,0.000000,0.000000,0.000000,0.000000,0.000000,0.000000,0.000000,0.000000,0.000000,0.000000,0.000000,0.000000,0.000000,0.000000,0.000000,0.000000,0.000000,0.000000,0.000000,0.000000,0.000000,0.000000,0.000000,0.000000,0.000000,0.000000,0.000000,0.000000,0.000000,0.000000,0.000000,0.000000,0.000000,0.000000,0.000000,0.000000,0.000000,0.000000,0.000000,0.000000,0.000000,0.000000,0.000000,0.000000,0.000000,0.000000,0.000000,0.000000,0.000000,0.000000,0.000000,0.000000,0.000000,0.000000,0.000000,0.000000,0.000000,0.000000,0.000000,0.000000,0.000000,0.000000,0.000000
203,1694846646.720751,1,-36.1489,-36.1489,-2.2292,0.0000,25.2202,1876.6944,,5940.9346,1.4218,129.3318,46.8554,161.3613,168.8381,167.5661,166.3162,0.004385,0.466404,0.939014,-0.000000,0.404384,0.971745,-0.007746,0.346203,0.924347,-0.007906,0.318543,0.845588,-0.005844,0.314235,0.791309,-0.003268,0.352255,0.806805,-0.014878,0.316641,0.709833,-0.022591,0.297169,0.650268,-0.027664,0.282019,0.604838,-0.031722,0.386250,0.757311,-0.011934,0.339864,0.730994,-0.016726,0.338278,0.769790,-0.011256,0.350007,0.799293,-0.006372,0.414358,0.737085,-0.009565,0.367706,0.730305,-0.016037,0.365221,0.763566,-0.008564,0.376341,0.791662,-0.002176,0.436363,0.731625,-0.007831,0.397733,0.731802,-0.012823,0.392460,0.759106,-0.008013,0.399325,0.785526,-0.002580
204,1694846646.729085,1,-48.4101,-48.4101,-19.5907,-17.3616,27.7408,1406.3583,40.2091,9614.5606,1.8341,133.8380,57.9213,171.2635,181.6952,182.7233,184.1940,0.000157,0.461430,0.945862,-0.000000,0.398675,0.975982,-0.009001,0.340953,0.933657,-0.011850,0.312383,0.854648,-0.012112,0.304994,0.799454,-0.012095,0.344775,0.813957,-0.021127,0.305003,0.717540,-0.030074,0.283979,0.657926,-0.036281,0.267141,0.612490,-0.041236,0.377846,0.762937,-0.017081,0.329971,0.732839,-0.019726,0.326647,0.766449,-0.013275,0.334874,0.795911,-0.008932,0.406231,0.741904,-0.013241,0.359049,0.734222,-0.016181,0.355313,0.764066,-0.007085,0.364320,0.793742,-0.001080,0.428746,0.736062,-0.010295,0.389678,0.736219,-0.013710,0.383269,0.763908,-0.008286,0.388522,0.791588,-0.002927
205,1694846646.737418,0,,,0.0000,0.0000,0.0000,0.0000,,,,,,,,,,,0.000000,0.000000,0.000000,0.000000,0.000000,0.000000,0.000000,0.000000,0.000000,0.000000,0.000000,0.000000,0.000000,0.000000,0.000000,0.000000,0.000000,0.000000,0.000000,0.000000,0.000000,0.000000,0.000000,0.000000,0.000000,0.000000,0.000000,0.000000,0.000000,0.000000,0.000000,0.000000,0.000000,0.000000,0.000000,0.000000,0.000000,0.000000,0.000000,0.000000,0.000000,0.000000,0.000000,0.000000,0.000000,0.000000,0.000000,0.000000,0.000000,0.000000,0.000000,0.000000,0.000000,0.000000,0.000000,0.000000,0.000000,0.000000,0.000000,0.000000,0.000000,0.000000,0.000000
206,1694846646.745751,0,,,0.0000,0.0000,0.0000,0.0000,,,,,,,,,,,0.000000,0.000000,0.000000,0.000000,0.000000,0.000000,0.000000,0.000000,0.000000,0.000000,0.000000,0.000000,0.000000,0.000000,0.000000,0.000000,0.000000,0.000000,0.000000,0.000000,0.000000,0.000000,0.000000,0.000000,0.000000,0.000000,0.000000,0.000000,0.000000,0.000000,0.000000,0.000000,0.000000,0.000000,0.000000,0.000000,0.000000,0.000000,0.000000,0.000000,0.000000,0.000000,0.000000,0.000000,0.000000,0.000000,0.000000,0.000000,0.000000,0.000000,0.000000,0.000000,0.000000,0.000000,0.000000,0.000000,0.000000,0.000000,0.000000,0.000000,0.000000,0.000000,0.000000
207,1694846646.754085,0,,,0.0000,0.0000,0.0000,0.0000,,,,,,,,,,,0.000000,0.000000,0.000000,0.000000,0.000000,0.000000,0.000000,0.000000,0.000000,0.000000,0.000000,0.000000,0.000000,0.000000,0.000000,0.000000,0.000000,0.000000,0.000000,0.000000,0.000000,0.000000,0.000000,0.000000,0.000000,0.000000,0.000000,0.000000,0.000000,0.000000,0.000000,0.000000,0.000000,0.000000,0.000000,0.000000,0.000000,0.000000,0.000000,0.000000,0.000000,0.000000,0.000000,0.000000,0.000000,0.000000,0.000000,0.000000,0.000000,0.000000,0.000000,0.000000,0.000000,0.000000,0.000000,0.000000,0.000000,0.000000,0.000000,0.000000,0.000000,0.000000,0.000000
208,1694846646.762418,0,,,0.0000,0.0000,0.0000,0.0000,,,,,,,,,,,0.000000,0.000000,0.000000,0.000000,0.000000,0.000000,0.000000,0.000000,0.000000,0.000000,0.000000,0.000000,0.000000,0.000000,0.000000,0.000000,0.000000,0.000000,0.000000,0.000000,0.000000,0.000000,0.000000,0.000000,0.000000,0.000000,0.000000,0.000000,0.000000,0.000000,0.000000,0.000000,0.000000,0.000000,0.000000,0.000000,0.000000,0.000000,0.000000,0.000000,0.000000,0.000000,0.000000,0.000000,0.000000,0.000000,0.000000,0.000000,0.000000,0.000000,0.000000,0.000000,0.000000,0.000000,0.000000,0.000000,0.000000,0.000000,0.000000,0.000000,0.000000,0.000000,0.000000
209,1694846646.770751,0,,,0.0000,0.0000,0.0000,0.0000,,,,,,,,,,,0.000000,0.000000,0.000000,0.000000,0.000000,0.000000,0.000000,0.000000,0.000000,0.000000,0.000000,0.000000,0.000000,0.000000,0.000000,0.000000,0.000000,0.000000,0.000000,0.000000,0.000000,0.000000,0.000000,0.000000,0.000000,0.000000,0.000000,0.000000,0.000000,0.000000,0.000000,0.000000,0.000000,0.000000,0.000000,0.000000,0.000000,0.000000,0.000000,0.000000,0.000000,0.000000,0.000000,0.000000,0.000000,0.000000,0.000000,0.000000,0.000000,0.000000,0.000000,0.000000,0.000000,0.000000,0.000000,0.000000,0.000000,0.000000,0.000000,0.000000,0.000000,0.000000,0.000000
210,1694846646.779085,0,,,0.0000,0.0000,0.0000,0.0000,,,,,,,,,,,0.000000,0.000000,0.000000,0.000000,0.000000,0.000000,0.000000,0.000000,0.000000,0.000000,0.000000,0.000000,0.000000,0.000000,0.000000,0.000000,0.000000,0.000000,0.000000,0.000000,0.000000,0.000000,0.000000,0.000000,0.000000,0.000000,0.000000,0.000000,0.000000,0.000000,0.000000,0.000000,0.000000,0.000000,0.000000,0.000000,0.000000,0.000000,0.000000,0.000000,0.000000,0.000000,0.000000,0.000000,0.000000,0.000000,0.000000,0.000000,0.000000,0.000000,0.000000,0.000000,0.000000,0.000000,0.000000,0.000000,0.000000,0.000000,0.000000,0.000000,0.000000,0.000000,0.000000
211,1694846646.787418,0,,,0.0000,0.0000,0.0000,0.0000,,,,,,,,,,,0.000000,0.000000,0.000000,0.000000,0.000000,0.000000,0.000000,0.000000,0.000000,0.000000,0.000000,0.000000,0.000000,0.000000,0.000000,0.000000,0.000000,0.000000,0.000000,0.000000,0.000000,0.000000,0.000000,0.000000,0.000000,0.000000,0.000000,0.000000,0.000000,0.000000,0.000000,0.000000,0.000000,0.000000,0.000000,0.000000,0.000000,0.000000,0.000000,0.000000,0.000000,0.000000,0.000000,0.000000,0.000000,0.000000,0.000000,0.000000,0.000000,0.000000,0.000000,0.000000,0.000000,0.000000,0.000000,0.000000,0.000000,0.000000,0.000000,0.000000,0.000000,0.000000,0.000000
212,1694846646.795751,0,,,0.0000,0.0000,0.0000,0.0000,,,,,,,,,,,0.000000,0.000000,0.000000,0.000000,0.000000,0.000000,0.000000,0.000000,0.000000,0.000000,0.000000,0.000000,0.000000,0.000000,0.000000,0.000000,0.000000,0.000000,0.000000,0.000000,0.000000,0.000000,0.000000,0.000000,0.000000,0.000000,0.000000,0.000000,0.000000,0.000000,0.000000,0.000000,0.000000,0.000000,0.000000,0.000000,0.000000,0.000000,0.000000,0.000000,0.000000,0.000000,0.000000,0.000000,0.000000,0.000000,0.000000,0.000000,0.000000,0.000000,0.000000,0.000000,0.000000,0.000000,0.000000,0.000000,0.000000,0.000000,0.000000,0.000000,0.000000,0.000000,0.000000
213,1694846646.804085,0,,,0.0000,0.0000,0.0000,0.0000,,,,,,,,,,,0.000000,0.000000,0.000000,0.000000,0.000000,0.000000,0.000000,0.000000,0.000000,0.000000,0.000000,0.000000,0.000000,0.000000,0.000000,0.000000,0.000000,0.000000,0.000000,0.000000,0.000000,0.000000,0.000000,0.000000,0.000000,0.000000,0.000000,0.000000,0.000000,0.000000,0.000000,0.000000,0.000000,0.000000,0.000000,0.000000,0.000000,0.000000,0.000000,0.000000,0.000000,0.000000,0.000000,0.000000,0.000000,0.000000,0.000000,0.000000,0.000000,0.000000,0.000000,0.000000,0.000000,0.000000,0.000000,0.000000,0.000000,0.000000,0.000000,0.000000,0.000000,0.000000,0.000000
214,1694846646.812418,0,,,0.0000,0.0000,0.0000,0.0000,,,,,,,,,,,0.000000,0.000000,0.000000,0.000000,0.000000,0.000000,0.000000,0.000000,0.000000,0.000000,0.000000,0.000000,0.000000,0.000000,0.000000,0.000000,0.000000,0.000000,0.000000,0.000000,0.000000,0.000000,0.000000,0.000000,0.000000,0.000000,0.000000,0.000000,0.000000,0.000000,0.000000,0.000000,0.000000,0.000000,0.000000,0.000000,0.000000,0.000000,0.000000,0.000000,0.000000,0.000000,0.000000,0.000000,0.000000,0.000000,0.000000,0.000000,0.000000,0.000000,0.000000,0.000000,0.000000,0.000000,0.000000,0.000000,0.000000,0.000000,0.000000,0.000000,0.000000,0.000000,0.000000
215,1694846646.820751,0,,,0.0000,0.0000,0.0000,0.0000,,,,,,,,,,,0.000000,0.000000,0.000000,0.000000,0.000000,0.000000,0.000000,0.000000,0.000000,0.000000,0.000000,0.000000,0.000000,0.000000,0.000000,0.000000,0.000000,0.000000,0.000000,0.000000,0.000000,0.000000,0.000000,0.000000,0.000000,0.000000,0.000000,0.000000,0.000000,0.000000,0.000000,0.000000,0.000000,0.000000,0.000000,0.000000,0.000000,0.000000,0.000000,0.000000,0.000000,0.000000,0.000000,0.000000,0.000000,0.000000,0.000000,0.000000,0.000000,0.000000,0.000000,0.000000,0.000000,0.000000,0.000000,0.000000,0.000000,0.000000,0.000000,0.000000,0.000000,0.000000,0.000000
216,1694846646.829085,0,,,0.0000,0.0000,0.0000,0.0000,,,,,,,,,,,0.000000,0.000000,0.000000,0.000000,0.000000,0.000000,0.000000,0.000000,0.000000,0.000000,0.000000,0.000000,0.000000,0.000000,0.000000,0.000000,0.000000,0.000000,0.000000,0.000000,0.000000,0.000000,0.000000,0.000000,0.000000,0.000000,0.000000,0.000000,0.000000,0.000000,0.000000,0.000000,0.000000,0.000000,0.000000,0.000000,0.000000,0.000000,0.000000,0.000000,0.000000,0.000000,0.000000,0.000000,0.000000,0.000000,0.000000,0.000000,0.000000,0.000000,0.000000,0.000000,0.000000,0.000000,0.000000,0.000000,0.000000,0.000000,0.000000,0.000000,0.000000,0.000000,0.000000
217,1694846646.837418,0,,,0.0000,0.0000,0.0000,0.0000,,,,,,,,,,,0.000000,0.000000,0.000000,0.000000,0.000000,0.000000,0.000000,0.000000,0.000000,0.000000,0.000000,0.000000,0.000000,0.000000,0.000000,0.000000,0.000000,0.000000,0.000000,0.000000,0.000000,0.000000,0.000000,0.000000,0.000000,0.000000,0.000000,0.000000,0.000000,0.000000,0.000000,0.000000,0.000000,0.000000,0.000000,0.000000,0.000000,0.000000,0.000000,0.000000,0.000000,0.000000,0.000000,0.000000,0.000000,0.000000,0.000000,0.000000,0.000000,0.000000,0.000000,0.000000,0.000000,0.000000,0.000000,0.000000,0.000000,0.000000,0.000000,0.000000,0.000000,0.000000,0.000000
218,1694846646.845751,0,,,0.0000,0.0000,0.0000,0.0000,,,,,,,,,,,0.000000,0.000000,0.000000,0.000000,0.000000,0.000000,0.000000,0.000000,0.000000,0.000000,0.000000,0.000000,0.000000,0.000000,0.000000,0.000000,0.000000,0.000000,0.000000,0.000000,0.000000,0.000000,0.000000,0.000000,0.000000,0.000000,0.000000,0.000000,0.000000,0.000000,0.000000,0.000000,0.000000,0.000000,0.000000,0.000000,0.000000,0.000000,0.000000,0.000000,0.000000,0.000000,0.000000,0.000000,0.000000,0.000000,0.000000,0.000000,0.000000,0.000000,0.000000,0.000000,0.000000,0.000000,0.000000,0.000000,0.000000,0.000000,0.000000,0.000000,0.000000,0.000000,0.000000
219,1694846646.854085,0,,,0.0000,0.0000,0.0000,0.0000,,,,,,,,,,,0.000000,0.000000,0.000000,0.000000,0.000000,0.000000,0.000000,0.000000,0.000000,0.000000,0.000000,0.000000,0.000000,0.000000,0.000000,0.000000,0.000000,0.000000,0.000000,0.000000,0.000000,0.000000,0.000000,0.000000,0.000000,0.000000,0.000000,0.000000,0.000000,0.000000,0.000000,0.000000,0.000000,0.000000,0.000000,0.000000,0.000000,0.000000,0.000000,0.000000,0.000000,0.000000,0.000000,0.000000,0.000000,0.000000,0.000000,0.000000,0.000000,0.000000,0.000000,0.000000,0.000000,0.000000,0.000000,0.000000,0.000000,0.000000,0.000000,0.000000,0.000000,0.000000,0.000000
220,1694846646.862418,0,,,0.0000,0.0000,0.0000,0.0000,,,,,,,,,,,0.000000,0.000000,0.000000,0.000000,0.000000,0.000000,0.000000,0.000000,0.000000,0.000000,0.000000,0.000000,0.000000,0.000000,0.000000,0.000000,0.000000,0.000000,0.000000,0.000000,0.000000,0.000000,0.000000,0.000000,0.000000,0.000000,0.000000,0.000000,0.000000,0.000000,0.000000,0.000000,0.000000,0.000000,0.000000,0.000000,0.000000,0.000000,0.000000,0.000000,0.000000,0.000000,0.000000,0.000000,0.000000,0.000000,0.000000,0.000000,0.000000,0.000000,0.000000,0.000000,0.000000,0.000000,0.000000,0.000000,0.000000,0.000000,0.000000,0.000000,0.000000,0.000000,0.000000
221,1694846646.870751,0,,,0.0000,0.0000,0.0000,0.0000,,,,,,,,,,,0.000000,0.000000,0.000000,0.000000,0.000000,0.000000,0.000000,0.000000,0.000000,0.000000,0.000000,0.000000,0.000000,0.000000,0.000000,0.000000,0.000000,0.000000,0.000000,0.000000,0.000000,0.000000,0.000000,0.000000,0.000000,0.000000,0.000000,0.000000,0.000000,0.000000,0.000000,0.000000,0.000000,0.000000,0.000000,0.000000,0.000000,0.000000,0.000000,0.000000,0.000000,0.000000,0.000000,0.000000,0.000000,0.000000,0.000000,0.000000,0.000000,0.000000,0.000000,0.000000,0.000000,0.000000,0.000000,0.000000,0.000000,0.000000,0.000000,0.000000,0.000000,0.000000,0.000000
222,1694846646.879085,0,,,0.0000,0.0000,0.0000,0.0000,,,,,,,,,,,0.000000,0.000000,0.000000,0.000000,0.000000,0.000000,0.000000,0.000000,0.000000,0.000000,0.000000,0.000000,0.000000,0.000000,0.000000,0.000000,0.000000,0.000000,0.000000,0.000000,0.000000,0.000000,0.000000,0.000000,0.000000,0.000000,0.000000,0.000000,0.000000,0.000000,0.000000,0.000000,0.000000,0.000000,0.000000,0.000000,0.000000,0.000000,0.000000,0.000000,0.000000,0.000000,0.000000,0.000000,0.000000,0.000000,0.000000,0.000000,0.000000,0.000000,0.000000,0.000000,0.000000,0.000000,0.000000,0.000000,0.000000,0.000000,0.000000,0.000000,0.000000,0.000000,0.000000
223,1694846646.887418,0,,,0.0000,0.0000,0.0000,0.0000,,,,,,,,,,,0.000000,0.000000,0.000000,0.000000,0.000000,0.000000,0.000000,0.000000,0.000000,0.000000,0.000000,0.000000,0.000000,0.000000,0.000000,0.000000,0.000000,0.000000,0.000000,0.000000,0.000000,0.000000,0.000000,0.000000,0.000000,0.000000,0.000000,0.000000,0.000000,0.000000,0.000000,0.000000,0.000000,0.000000,0.000000,0.000000,0.000000,0.000000,0.000000,0.000000,0.000000,0.000000,0.000000,0.000000,0.000000,0.000000,0.000000,0.000000,0.000000,0.000000,0.000000,0.000000,0.000000,0.000000,0.000000,0.000000,0.000000,0.000000,0.000000,0.000000,0.000000,0.000000,0.000000
224,1694846646.895751,0,,,0.0000,0.0000,0.0000,0.0000,,,,,,,,,,,0.000000,0.000000,0.000000,0.000000,0.000000,0.000000,0.000000,0.000000,0.000000,0.000000,0.000000,0.000000,0.000000,0.000000,0.000000,0.000000,0.000000,0.000000,0.000000,0.000000,0.000000,0.000000,0.000000,0.000000,0.000000,0.000000,0.000000,0.000000,0.000000,0.000000,0.000000,0.000000,0.000000,0.000000,0.000000,0.000000,0.000000,0.000000,0.000000,0.000000,0.000000,0.000000,0.000000,0.000000,0.000000,0.000000,0.000000,0.000000,0.000000,0.000000,0.000000,0.000000,0.000000,0.000000,0.000000,0.000000,0.000000,0.000000,0.000000,0.000000,0.000000,0.000000,0.000000
225,1694846646.904085,0,,,0.0000,0.0000,0.0000,0.0000,,,,,,,,,,,0.000000,0.000000,0.000000,0.000000,0.000000,0.000000,0.000000,0.000000,0.000000,0.000000,0.000000,0.000000,0.000000,0.000000,0.000000,0.000000,0.000000,0.000000,0.000000,0.000000,0.000000,0.000000,0.000000,0.000000,0.000000,0.000000,0.000000,0.000000,0.000000,0.000000,0.000000,0.000000,0.000000,0.000000,0.000000,0.000000,0.000000,0.000000,0.000000,0.000000,0.000000,0.000000,0.000000,0.000000,0.000000,0.000000,0.000000,0.000000,0.000000,0.000000,0.000000,0.000000,0.000000,0.000000,0.000000,0.000000,0.000000,0.000000,0.000000,0.000000,0.000000,0.000000,0.000000
226,1694846646.912418,0,,,0.0000,0.0000,0.0000,0.0000,,,,,,,,,,,0.000000,0.000000,0.000000,0.000000,0.000000,0.000000,0.000000,0.000000,0.000000,0.000000,0.000000,0.000000,0.000000,0.000000,0.000000,0.000000,0.000000,0.000000,0.000000,0.000000,0.000000,0.000000,0.000000,0.000000,0.000000,0.000000,0.000000,0.000000,0.000000,0.000000,0.000000,0.000000,0.000000,0.000000,0.000000,0.000000,0.000000,0.000000,0.000000,0.000000,0.000000,0.000000,0.000000,0.000000,0.000000,0.000000,0.000000,0.000000,0.000000,0.000000,0.000000,0.000000,0.000000,0.000000,0.000000,0.000000,0.000000,0.000000,0.000000,0.000000,0.000000,0.000000,0.000000
227,1694846646.920751,0,,,0.0000,0.0000,0.0000,0.0000,,,,,,,,,,,0.000000,0.000000,0.000000,0.000000,0.000000,0.000000,0.000000,0.000000,0.000000,0.000000,0.000000,0.000000,0.000000,0.000000,0.000000,0.000000,0.000000,0.000000,0.000000,0.000000,0.000000,0.000000,0.000000,0.000000,0.000000,0.000000,0.000000,0.000000,0.000000,0.000000,0.000000,0.000000,0.000000,0.000000,0.000000,0.000000,0.000000,0.000000,0.000000,0.000000,0.000000,0.000000,0.000000,0.000000,0.000000,0.000000,0.000000,0.000000,0.000000,0.000000,0.000000,0.000000,0.000000,0.000000,0.000000,0.000000,0.000000,0.000000,0.000000,0.000000,0.000000,0.000000,0.000000
228,1694846646.929085,0,,,0.0000,0.0000,0.0000,0.0000,,,,,,,,,,,0.000000,0.000000,0.000000,0.000000,0.000000,0.000000,0.000000,0.000000,0.000000,0.000000,0.000000,0.000000,0.000000,0.000000,0.000000,0.000000,0.000000,0.000000,0.000000,0.000000,0.000000,0.000000,0.000000,0.000000,0.000000,0.000000,0.000000,0.000000,0.000000,0.000000,0.000000,0.000000,0.000000,0.000000,0.000000,0.000000,0.000000,0.000000,0.000000,0.000000,0.000000,0.000000,0.000000,0.000000,0.000000,0.000000,0.000000,0.000000,0.000000,0.000000,0.000000,0.000000,0.000000,0.000000,0.000000,0.000000,0.000000,0.000000,0.000000,0.000000,0.000000,0.000000,0.000000
229,1694846646.937418,0,,,0.0000,0.0000,0.0000,0.0000,,,,,,,,,,,0.000000,0.000000,0.000000,0.000000,0.000000,0.000000,0.000000,0.000000,0.000000,0.000000,0.000000,0.000000,0.000000,0.000000,0.000000,0.000000,0.000000,0.000000,0.000000,0.000000,0.000000,0.000000,0.000000,0.000000,0.000000,0.000000,0.000000,0.000000,0.000000,0.000000,0.000000,0.000000,0.000000,0.000000,0.000000,0.000000,0.000000,0.000000,0.000000,0.000000,0.000000,0.000000,0.000000,0.000000,0.000000,0.000000,0.000000,0.000000,0.000000,0.000000,0.000000,0.000000,0.000000,0.000000,0.000000,0.000000,0.000000,0.000000,0.000000,0.000000,0.000000,0.000000,0.000000
230,1694846646.945751,0,,,0.0000,0.0000,0.0000,0.0000,,,,,,,,,,,0.000000,0.000000,0.000000,0.000000,0.000000,0.000000,0.000000,0.000000,0.000000,0.000000,0.000000,0.000000,0.000000,0.000000,0.000000,0.000000,0.000000,0.000000,0.000000,0.000000,0.000000,0.000000,0.000000,0.000000,0.000000,0.000000,0.000000,0.000000,0.000000,0.000000,0.000000,0.000000,0.000000,0.000000,0.000000,0.000000,0.000000,0.000000,0.000000,0.000000,0.000000,0.000000,0.000000,0.000000,0.000000,0.000000,0.000000,0.000000,0.000000,0.000000,0.000000,0.000000,0.000000,0.000000,0.000000,0.000000,0.000000,0.000000,0.000000,0.000000,0.000000,0.000000,0.000000
231,1694846646.954085,1,,,0.0000,0.0000,0.0000,0.0000,,,,,,,,,,,0.000000,0.000000,0.000000,0.000000,0.000000,0.000000,0.000000,0.000000,0.000000,0.000000,0.000000,0.000000,0.000000,0.000000,0.000000,0.000000,0.000000,0.000000,0.000000,0.000000,0.000000,0.000000,0.000000,0.000000,0.000000,0.000000,0.000000,0.000000,0.000000,0.000000,0.000000,0.000000,0.000000,0.000000,0.000000,0.000000,0.000000,0.000000,0.000000,0.000000,0.000000,0.000000,0.000000,0.000000,0.000000,0.000000,0.000000,0.000000,0.000000,0.000000,0.000000,0.000000,0.000000,0.000000,0.000000,0.000000,0.000000,0.000000,0.000000,0.000000,0.000000,0.000000,0.000000
232,1694846646.962418,1,,,0.0000,0.0000,0.0000,0.0000,,,,,,,,,,,0.000000,0.000000,0.000000,0.000000,0.000000,0.000000,0.000000,0.000000,0.000000,0.000000,0.000000,0.000000,0.000000,0.000000,0.000000,0.000000,0.000000,0.000000,0.000000,0.000000,0.000000,0.000000,0.000000,0.000000,0.000000,0.000000,0.000000,0.000000,0.000000,0.000000,0.000000,0.000000,0.000000,0.000000,0.000000,0.000000,0.000000,0.000000,0.000000,0.000000,0.000000,0.000000,0.000000,0.000000,0.000000,0.000000,0.000000,0.000000,0.000000,0.000000,0.000000,0.000000,0.000000,0.000000,0.000000,0.000000,0.000000,0.000000,0.000000,0.000000,0.000000,0.000000,0.000000
233,1694846646.970751,1,,,0.0000,0.0000,0.0000,0.0000,,,,,,,,,,,0.000000,0.000000,0.000000,0.000000,0.000000,0.000000,0.000000,0.000000,0.000000,0.000000,0.000000,0.000000,0.000000,0.000000,0.000000,0.000000,0.000000,0.000000,0.000000,0.000000,0.000000,0.000000,0.000000,0.000000,0.000000,0.000000,0.000000,0.000000,0.000000,0.000000,0.000000,0.000000,0.000000,0.000000,0.000000,0.000000,0.000000,0.000000,0.000000,0.000000,0.000000,0.000000,0.000000,0.000000,0.000000,0.000000,0.000000,0.000000,0.000000,0.000000,0.000000,0.000000,0.000000,0.000000,0.000000,0.000000,0.000000,0.000000,0.000000,0.000000,0.000000,0.000000,0.000000
234,1694846646.979085,1,-48.6300,-48.6300,-2.9650,0.0000,7.4856,158.1187,,5543.4480,2.4769,140.7461,30.9596,149.1768,148.7117,142.4252,137.0514,0.003840,0.478183,0.929016,-0.000000,0.418916,0.963493,-0.010026,0.360673,0.912490,-0.014405,0.338208,0.828078,-0.016067,0.341379,0.772902,-0.017826,0.372257,0.805216,-0.024076,0.334355,0.708304,-0.036071,0.314994,0.644670,-0.044436,0.301702,0.595542,-0.051018,0.407973,0.754619,-0.021093,0.363390,0.724714,-0.030753,0.363244,0.766400,-0.025755,0.377131,0.797862,-0.020375,0.438403,0.737033,-0.018531,0.395848,0.730992,-0.028559,0.394714,0.766455,-0.020317,0.407686,0.794924,-0.012797,0.463516,0.735063,-0.016494,0.429765,0.738554,-0.024414,0.427277,0.768310,-0.019301,0.437022,0.791202,-0.013323
235,1694846646.987418,1,-38.6837,-38.6837,-2.2900,0.6750,7.3639,17.6966,20.2607,4592.5269,1.5310,144.2577,59.2497,128.9246,127.3906,121.7013,118.2958,0.006828,0.487059,0.942163,-0.000000,0.421750,0.965894,-0.006844,0.365404,0.906832,-0.007891,0.341508,0.819903,-0.006102,0.342153,0.766060,-0.004016,0.375466,0.795707,-0.022100,0.336967,0.686277,-0.032563,0.320559,0.620385,-0.038787,0.309080,0.568265,-0.042993,0.412897,0.749885,-0.017438,0.366164,0.710077,-0.020457,0.363608,0.748838,-0.010562,0.374423,0.781907,-0.002876,0.444233,0.735898,-0.013074,0.397865,0.722545,-0.019198,0.395670,0.757067,-0.010405,0.407233,0.788633,-0.002938,0.469339,0.735293,-0.008801,0.432717,0.730272,-0.012938,0.427602,0.761581,-0.007253,0.434568,0.791114,-0.001382
236,1694846646.995751,1,-32.0455,-32.0455,1.0259,3.3159,6.6630,199.8033,27.6452,5675.1195,1.5932,134.5123,59.3732,132.9077,126.0523,115.0636,106.3163,0.002455,0.492020,0.939469,-0.000000,0.427890,0.964704,-0.007286,0.370989,0.904247,-0.008714,0.349316,0.816632,-0.007560,0.355997,0.762557,-0.006143,0.383004,0.794334,-0.019805,0.347994,0.685001,-0.027928,0.332905,0.620085,-0.032864,0.322393,0.568985,-0.037077,0.420204,0.748567,-0.015414,0.378937,0.725441,-0.020025,0.380038,0.768894,-0.012226,0.393230,0.800944,-0.005934,0.451435,0.734016,-0.011229,0.409819,0.731592,-0.016989,0.409212,0.766074,-0.008599,0.421227,0.796729,-0.001935,0.476681,0.733095,-0.007415,0.443044,0.735618,-0.011693,0.438964,0.767329,-0.006853,0.446275,0.795687,-0.001644
237,1694846647.004085,1,42.0301,42.0301,22.6101,21.5842,34.1649,199.2781,44.8335,5361.7002,2.4456,137.2531,66.2344,137.9833,126.4367,110.9131,96.2170,0.000217,0.495101,0.936384,-0.000000,0.433051,0.963123,-0.008030,0.376362,0.901631,-0.010563,0.358096,0.810472,-0.009962,0.369756,0.759510,-0.009353,0.391334,0.796982,-0.023760,0.359612,0.687106,-0.035101,0.343834,0.620515,-0.043406,0.332353,0.568759,-0.050151,0.429576,0.751110,-0.018964,0.391759,0.727028,-0.025081,0.393030,0.773208,-0.016687,0.406487,0.805337,-0.009886,0.460655,0.737816,-0.014521,0.424275,0.737307,-0.022328,0.424402,0.773457,-0.013445,0.437381,0.804675,-0.006083,0.486627,0.737508,-0.010320,0.457150,0.742706,-0.017317,0.455784,0.776268,-0.012866,0.465296,0.802575,-0.007587
238,1694846647.012418,1,40.6585,40.6585,22.3221,-0.2879,40.0972,1668.7373,21.9065,5981.1231,1.7820,140.2106,75.1618,140.6846,125.3948,106.9918,89.2119,0.000000,0.500074,0.932583,-0.000000,0.437599,0.959652,-0.008373,0.382387,0.898705,-0.011322,0.365090,0.809676,-0.011821,0.376292,0.758938,-0.012417,0.399089,0.793027,-0.022034,0.368140,0.684822,-0.033105,0.352473,0.617014,-0.040836,0.341501,0.563642,-0.047182,0.437580,0.748061,-0.018732,0.399963,0.728970,-0.027358,0.400236,0.773130,-0.021235,0.414348,0.801721,-0.015596,0.468829,0.735089,-0.015813,0.431991,0.735578,-0.025758,0.431680,0.769596,-0.017467,0.445358,0.797426,-0.010042,0.494695,0.735413,-0.013264,0.464417,0.737047,-0.021050,0.463240,0.768314,-0.015916,0.473843,0.793472,-0.009858
239,1694846647.020751,1,35.2962,35.2962,18.4950,-3.8271,36.7211,1261.2468,28.0578,5307.5596,2.0812,145.6497,89.0517,142.4028,123.8844,102.2582,79.5870,0.000000,0.506951,0.937422,-0.000000,0.442678,0.961132,-0.009078,0.387485,0.897336,-0.011587,0.369602,0.806195,-0.011532,0.380860,0.753897,-0.011336,0.407376,0.786726,-0.019828,0.377469,0.677789,-0.028789,0.362881,0.610419,-0.035209,0.352937,0.556147,-0.040946,0.446001,0.745010,-0.015736,0.407911,0.725658,-0.022657,0.407241,0.770282,-0.016493,0.421142,0.798934,-0.011248,0.476766,0.734161,-0.012078,0.439210,0.733334,-0.019753,0.438376,0.768031,-0.011636,0.451973,0.795629,-0.005128,0.501679,0.736718,-0.009058,0.470538,0.738050,-0.015304,0.469377,0.769570,-0.010638,0.480427,0.794836,-0.005342
240,1694846647.029085,1,41.2840,41.2840,18.3324,-0.1626,28.8430,1910.7179,26.5918,3773.3931,2.2899,146.3349,101.7332,146.0576,124.7626,100.5998,73.5047,0.000000,0.513629,0.939104,-0.000000,0.450241,0.959954,-0.008694,0.395070,0.895619,-0.012264,0.378001,0.799882,-0.012862,0.388510,0.742356,-0.013275,0.416479,0.790341,-0.025209,0.386309,0.675115,-0.034521,0.371945,0.606280,-0.040530,0.361091,0.552216,-0.046168,0.455708,0.747689,-0.020997,0.413646,0.724879,-0.028255,0.413285,0.770369,-0.020990,0.426687,0.800933,-0.015243,0.485392,0.737537,-0.016686,0.444209,0.737077,-0.023879,0.443042,0.771338,-0.014678,0.456278,0.800255,-0.007940,0.508297,0.740150,-0.012812,0.474223,0.744922,-0.019327,0.472757,0.775330,-0.014763,0.483281,0.798662,-0.009785
241,1694846647.037418,1,27.8645,27.8645,-3.5414,-21.8738,5.3384,1456.7607,35.4050,3934.0761,2.5908,120.6412,116.9375,157.9772,133.7310,105.5715,70.7290,0.000000,0.519075,0.943018,-0.000000,0.455323,0.959302,-0.008832,0.400222,0.892981,-0.011883,0.385031,0.799025,-0.012632,0.400395,0.745631,-0.013025,0.422584,0.784403,-0.020251,0.396630,0.673264,-0.028010,0.384450,0.606202,-0.032754,0.376403,0.552862,-0.037541,0.461848,0.746384,-0.016720,0.424212,0.728720,-0.024402,0.423810,0.773924,-0.018606,0.437631,0.803911,-0.013462,0.492308,0.738475,-0.013348,0.454937,0.738697,-0.021465,0.454134,0.774476,-0.013483,0.466664,0.803467,-0.006999,0.516631,0.743317,-0.010568,0.485484,0.746765,-0.017063,0.484307,0.777618,-0.012810,0.494822,0.802007,-0.007747
242,1694846647.045751,0,,,0.0000,0.0000,0.0000,0.0000,29.8628,4082.7394,3.3168,96.2122,128.3456,175.9496,148.1552,116.4714,76.2318,0.000000,0.524746,0.944020,-0.000000,0.458965,0.959204,-0.007741,0.406565,0.890582,-0.009028,0.391063,0.799909,-0.008433,0.402526,0.750511,-0.007675,0.428670,0.779285,-0.014822,0.406607,0.675847,-0.021605,0.396700,0.611867,-0.026450,0.390571,0.560601,-0.031084,0.467734,0.744619,-0.011468,0.432020,0.725234,-0.016501,0.429504,0.768033,-0.010782,0.441235,0.798219,-0.006087,0.498468,0.738630,-0.008652,0.461980,0.735973,-0.015208,0.460116,0.771797,-0.008136,0.471689,0.801194,-0.002437,0.523198,0.745932,-0.006419,0.492783,0.745666,-0.010741,0.490635,0.776369,-0.006085,0.500188,0.803153,-0.001133
243,1694846647.054085,0,,,0.0000,0.0000,0.0000,0.0000,58.0377,3969.9079,2.7343,73.0471,136.8663,186.4202,157.2574,124.6547,82.7852,0.000000,0.529487,0.950563,-0.000000,0.462573,0.956852,-0.007246,0.410980,0.884147,-0.007295,0.397486,0.793395,-0.005343,0.412185,0.744963,-0.002707,0.434782,0.773687,-0.012507,0.413992,0.669104,-0.015809,0.405083,0.610348,-0.017521,0.400161,0.561663,-0.020359,0.474907,0.744260,-0.009260,0.437675,0.717104,-0.013140,0.434258,0.762101,-0.007277,0.445700,0.795726,-0.002244,0.505472,0.741003,-0.006359,0.466870,0.733014,-0.011057,0.464131,0.770104,-0.004587,0.475272,0.800741,0.000477,0.529345,0.750067,-0.004107,0.497025,0.747602,-0.007129,0.493621,0.777705,-0.003420,0.502039,0.805877,0.000593
244,1694846647.062418,0,,,0.0000,0.0000,0.0000,0.0000,19.4797,3964.5602,3.2369,66.4853,146.2850,196.3442,164.5617,130.2495,86.5493,0.000000,0.529445,0.949466,-0.000000,0.466819,0.955806,-0.007227,0.417374,0.886634,-0.007721,0.403436,0.799340,-0.006297,0.414788,0.752871,-0.004459,0.439337,0.773570,-0.013058,0.420735,0.672891,-0.018167,0.413015,0.612263,-0.021538,0.408876,0.564313,-0.025001,0.477796,0.743755,-0.009826,0.445233,0.720785,-0.013435,0.442251,0.759867,-0.008383,0.451695,0.791148,-0.004261,0.508674,0.740330,-0.006983,0.474411,0.734958,-0.012592,0.472693,0.768359,-0.006739,0.482335,0.799215,-0.001815,0.533812,0.749347,-0.004672,0.504892,0.746452,-0.008427,0.501977,0.774952,-0.004378,0.509405,0.803369,0.000216
245,1694846647.070751,0,,,0.0000,0.0000,0.0000,0.0000,,,,,,,,,,,0.000000,0.000000,0.000000,0.000000,0.000000,0.000000,0.000000,0.000000,0.000000,0.000000,0.000000,0.000000,0.000000,0.000000,0.000000,0.000000,0.000000,0.000000,0.000000,0.000000,0.000000,0.000000,0.000000,0.000000,0.000000,0.000000,0.000000,0.000000,0.000000,0.000000,0.000000,0.000000,0.000000,0.000000,0.000000,0.000000,0.000000,0.000000,0.000000,0.000000,0.000000,0.000000,0.000000,0.000000,0.000000,0.000000,0.000000,0.000000,0.000000,0.000000,0.000000,0.000000,0.000000,0.000000,0.000000,0.000000,0.000000,0.000000,0.000000,0.000000,0.000000,0.000000,0.000000
246,1694846647.079085,0,,,0.0000,0.0000,0.0000,0.0000,,,,,,,,,,,0.000000,0.000000,0.000000,0.000000,0.000000,0.000000,0.000000,0.000000,0.000000,0.000000,0.000000,0.000000,0.000000,0.000000,0.000000,0.000000,0.000000,0.000000,0.000000,0.000000,0.000000,0.000000,0.000000,0.000000,0.000000,0.000000,0.000000,0.000000,0.000000,0.000000,0.000000,0.000000,0.000000,0.000000,0.000000,0.000000,0.000000,0.000000,0.000000,0.000000,0.000000,0.000000,0.000000,0.000000,0.000000,0.000000,0.000000,0.000000,0.000000,0.000000,0.000000,0.000000,0.000000,0.000000,0.000000,0.000000,0.000000,0.000000,0.000000,0.000000,0.000000,0.000000,0.000000
247,1694846647.087418,0,,,0.0000,0.0000,0.0000,0.0000,,,,,,,,,,,0.000000,0.000000,0.000000,0.000000,0.000000,0.000000,0.000000,0.000000,0.000000,0.000000,0.000000,0.000000,0.000000,0.000000,0.000000,0.000000,0.000000,0.000000,0.000000,0.000000,0.000000,0.000000,0.000000,0.000000,0.000000,0.000000,0.000000,0.000000,0.000000,0.000000,0.000000,0.000000,0.000000,0.000000,0.000000,0.000000,0.000000,0.000000,0.000000,0.000000,0.000000,0.000000,0.000000,0.000000,0.000000,0.000000,0.000000,0.000000,0.000000,0.000000,0.000000,0.000000,0.000000,0.000000,0.000000,0.000000,0.000000,0.000000,0.000000,0.000000,0.000000,0.000000,0.000000
248,1694846647.095751,0,,,0.0000,0.0000,0.0000,0.0000,,,,,,,,,,,0.000000,0.000000,0.000000,0.000000,0.000000,0.000000,0.000000,0.000000,0.000000,0.000000,0.000000,0.000000,0.000000,0.000000,0.000000,0.000000,0.000000,0.000000,0.000000,0.000000,0.000000,0.000000,0.000000,0.000000,0.000000,0.000000,0.000000,0.000000,0.000000,0.000000,0.000000,0.000000,0.000000,0.000000,0.000000,0.000000,0.000000,0.000000,0.000000,0.000000,0.000000,0.000000,0.000000,0.000000,0.000000,0.000000,0.000000,0.000000,0.000000,0.000000,0.000000,0.000000,0.000000,0.000000,0.000000,0.000000,0.000000,0.000000,0.000000,0.000000,0.000000,0.000000,0.000000
249,1694846647.104085,0,,,0.0000,0.0000,0.0000,0.0000,,,,,,,,,,,0.000000,0.000000,0.000000,0.000000,0.000000,0.000000,0.000000,0.000000,0.000000,0.000000,0.000000,0.000000,0.000000,0.000000,0.000000,0.000000,0.000000,0.000000,0.000000,0.000000,0.000000,0.000000,0.000000,0.000000,0.000000,0.000000,0.000000,0.000000,0.000000,0.000000,0.000000,0.000000,0.000000,0.000000,0.000000,0.000000,0.000000,0.000000,0.000000,0.000000,0.000000,0.000000,0.000000,0.000000,0.000000,0.000000,0.000000,0.000000,0.000000,0.000000,0.000000,0.000000,0.000000,0.000000,0.000000,0.000000,0.000000,0.000000,0.000000,0.000000,0.000000,0.000000,0.000000
250,1694846647.112418,0,,,0.0000,0.0000,0.0000,0.0000,,,,,,,,,,,0.000000,0.000000,0.000000,0.000000,0.000000,0.000000,0.000000,0.000000,0.000000,0.000000,0.000000,0.000000,0.000000,0.000000,0.000000,0.000000,0.000000,0.000000,0.000000,0.000000,0.000000,0.000000,0.000000,0.000000,0.000000,0.000000,0.000000,0.000000,0.000000,0.000000,0.000000,0.000000,0.000000,0.000000,0.000000,0.000000,0.000000,0.000000,0.000000,0.000000,0.000000,0.000000,0.000000,0.000000,0.000000,0.000000,0.000000,0.000000,0.000000,0.000000,0.000000,0.000000,0.000000,0.000000,0.000000,0.000000,0.000000,0.000000,0.000000,0.000000,0.000000,0.000000,0.000000
251,1694846647.120751,0,,,0.0000,0.0000,0.0000,0.0000,,,,,,,,,,,0.000000,0.000000,0.000000,0.000000,0.000000,0.000000,0.000000,0.000000,0.000000,0.000000,0.000000,0.000000,0.000000,0.000000,0.000000,0.000000,0.000000,0.000000,0.000000,0.000000,0.000000,0.000000,0.000000,0.000000,0.000000,0.000000,0.000000,0.000000,0.000000,0.000000,0.000000,0.000000,0.000000,0.000000,0.000000,0.000000,0.000000,0.000000,0.000000,0.000000,0.000000,0.000000,0.000000,0.000000,0.000000,0.000000,0.000000,0.000000,0.000000,0.000000,0.000000,0.000000,0.000000,0.000000,0.000000,0.000000,0.000000,0.000000,0.000000,0.000000,0.000000,0.000000,0.000000
252,1694846647.129085,0,,,0.0000,0.0000,0.0000,0.0000,,,,,,,,,,,0.000000,0.000000,0.000000,0.000000,0.000000,0.000000,0.000000,0.000000,0.000000,0.000000,0.000000,0.000000,0.000000,0.000000,0.000000,0.000000,0.000000,0.000000,0.000000,0.000000,0.000000,0.000000,0.000000,0.000000,0.000000,0.000000,0.000000,0.000000,0.000000,0.000000,0.000000,0.000000,0.000000,0.000000,0.000000,0.000000,0.000000,0.000000,0.000000,0.000000,0.000000,0.000000,0.000000,0.000000,0.000000,0.000000,0.000000,0.000000,0.000000,0.000000,0.000000,0.000000,0.000000,0.000000,0.000000,0.000000,0.000000,0.000000,0.000000,0.000000,0.000000,0.000000,0.000000
253,1694846647.137418,0,,,0.0000,0.0000,0.0000,0.0000,,,,,,,,,,,0.000000,0.000000,0.000000,0.000000,0.000000,0.000000,0.000000,0.000000,0.000000,0.000000,0.000000,0.000000,0.000000,0.000000,0.000000,0.000000,0.000000,0.000000,0.000000,0.000000,0.000000,0.000000,0.000000,0.000000,0.000000,0.000000,0.000000,0.000000,0.000000,0.000000,0.000000,0.000000,0.000000,0.000000,0.000000,0.000000,0.000000,0.000000,0.000000,0.000000,0.000000,0.000000,0.000000,0.000000,0.000000,0.000000,0.000000,0.000000,0.000000,0.000000,0.000000,0.000000,0.000000,0.000000,0.000000,0.000000,0.000000,0.000000,0.000000,0.000000,0.000000,0.000000,0.000000
254,1694846647.145751,0,,,0.0000,0.0000,0.0000,0.0000,,,,,,,,,,,0.000000,0.000000,0.000000,0.000000,0.000000,0.000000,0.000000,0.000000,0.000000,0.000000,0.000000,0.000000,0.000000,0.000000,0.000000,0.000000,0.000000,0.000000,0.000000,0.000000,0.000000,0.000000,0.000000,0.000000,0.000000,0.000000,0.000000,0.000000,0.000000,0.000000,0.000000,0.000000,0.000000,0.000000,0.000000,0.000000,0.000000,0.000000,0.000000,0.000000,0.000000,0.000000,0.000000,0.000000,0.000000,0.000000,0.000000,0.000000,0.000000,0.000000,0.000000,0.000000,0.000000,0.000000,0.000000,0.000000,0.000000,0.000000,0.000000,0.000000,0.000000,0.000000,0.000000
255,1694846647.154085,0,,,0.0000,0.0000,0.0000,0.0000,,,,,,,,,,,0.000000,0.000000,0.000000,0.000000,0.000000,0.000000,0.000000,0.000000,0.000000,0.000000,0.000000,0.000000,0.000000,0.000000,0.000000,0.000000,0.000000,0.000000,0.000000,0.000000,0.000000,0.000000,0.000000,0.000000,0.000000,0.000000,0.000000,0.000000,0.000000,0.000000,0.000000,0.000000,0.000000,0.000000,0.000000,0.000000,0.000000,0.000000,0.000000,0.000000,0.000000,0.000000,0.000000,0.000000,0.000000,0.000000,0.000000,0.000000,0.000000,0.000000,0.000000,0.000000,0.000000,0.000000,0.000000,0.000000,0.000000,0.000000,0.000000,0.000000,0.000000,0.000000,0.000000
256,1694846647.162418,0,,,0.0000,0.0000,0.0000,0.0000,,,,,,,,,,,0.000000,0.000000,0.000000,0.000000,0.000000,0.000000,0.000000,0.000000,0.000000,0.000000,0.000000,0.000000,0.000000,0.000000,0.000000,0.000000,0.000000,0.000000,0.000000,0.000000,0.000000,0.000000,0.000000,0.000000,0.000000,0.000000,0.000000,0.000000,0.000000,0.000000,0.000000,0.000000,0.000000,0.000000,0.000000,0.000000,0.000000,0.000000,0.000000,0.000000,0.000000,0.000000,0.000000,0.000000,0.000000,0.000000,0.000000,0.000000,0.000000,0.000000,0.000000,0.000000,0.000000,0.000000,0.000000,0.000000,0.000000,0.000000,0.000000,0.000000,0.000000,0.000000,0.000000
257,1694846647.170751,0,,,0.0000,0.0000,0.0000,0.0000,,,,,,,,,,,0.000000,0.000000,0.000000,0.000000,0.000000,0.000000,0.000000,0.000000,0.000000,0.000000,0.000000,0.000000,0.000000,0.000000,0.000000,0.000000,0.000000,0.000000,0.000000,0.000000,0.000000,0.000000,0.000000,0.000000,0.000000,0.000000,0.000000,0.000000,0.000000,0.000000,0.000000,0.000000,0.000000,0.000000,0.000000,0.000000,0.000000,0.000000,0.000000,0.000000,0.000000,0.000000,0.000000,0.000000,0.000000,0.000000,0.000000,0.000000,0.000000,0.000000,0.000000,0.000000,0.000000,0.000000,0.000000,0.000000,0.000000,0.000000,0.000000,0.000000,0.000000,0.000000,0.000000
258,1694846647.179085,0,,,0.0000,0.0000,0.0000,0.0000,,,,,,,,,,,0.000000,0.000000,0.000000,0.000000,0.000000,0.000000,0.000000,0.000000,0.000000,0.000000,0.000000,0.000000,0.000000,0.000000,0.000000,0.000000,0.000000,0.000000,0.000000,0.000000,0.000000,0.000000,0.000000,0.000000,0.000000,0.000000,0.000000,0.000000,0.000000,0.000000,0.000000,0.000000,0.000000,0.000000,0.000000,0.000000,0.000000,0.000000,0.000000,0.000000,0.000000,0.000000,0.000000,0.000000,0.000000,0.000000,0.000000,0.000000,0.000000,0.000000,0.000000,0.000000,0.000000,0.000000,0.000000,0.000000,0.000000,0.000000,0.000000,0.000000,0.000000,0.000000,0.000000
259,1694846647.187418,0,,,0.0000,0.0000,0.0000,0.0000,,,,,,,,,,,0.000000,0.000000,0.000000,0.000000,0.000000,0.000000,0.000000,0.000000,0.000000,0.000000,0.000000,0.000000,0.000000,0.000000,0.000000,0.000000,0.000000,0.000000,0.000000,0.000000,0.000000,0.000000,0.000000,0.000000,0.000000,0.000000,0.000000,0.000000,0.000000,0.000000,0.000000,0.000000,0.000000,0.000000,0.000000,0.000000,0.000000,0.000000,0.000000,0.000000,0.000000,0.000000,0.000000,0.000000,0.000000,0.000000,0.000000,0.000000,0.000000,0.000000,0.000000,0.000000,0.000000,0.000000,0.000000,0.000000,0.000000,0.000000,0.000000,0.000000,0.000000,0.000000,0.000000
260,1694846647.195751,0,,,0.0000,0.0000,0.0000,0.0000,,,,,,,,,,,0.000000,0.000000,0.000000,0.000000,0.000000,0.000000,0.000000,0.000000,0.000000,0.000000,0.000000,0.000000,0.000000,0.000000,0.000000,0.000000,0.000000,0.000000,0.000000,0.000000,0.000000,0.000000,0.000000,0.000000,0.000000,0.000000,0.000000,0.000000,0.000000,0.000000,0.000000,0.000000,0.000000,0.000000,0.000000,0.000000,0.000000,0.000000,0.000000,0.000000,0.000000,0.000000,0.000000,0.000000,0.000000,0.000000,0.000000,0.000000,0.000000,0.000000,0.000000,0.000000,0.000000,0.000000,0.000000,0.000000,0.000000,0.000000,0.000000,0.000000,0.000000,0.000000,0.000000
261,1694846647.204085,0,,,0.0000,0.0000,0.0000,0.0000,,,,,,,,,,,0.000000,0.000000,0.000000,0.000000,0.000000,0.000000,0.000000,0.000000,0.000000,0.000000,0.000000,0.000000,0.000000,0.000000,0.000000,0.000000,0.000000,0.000000,0.000000,0.000000,0.000000,0.000000,0.000000,0.000000,0.000000,0.000000,0.000000,0.000000,0.000000,0.000000,0.000000,0.000000,0.000000,0.000000,0.000000,0.000000,0.000000,0.000000,0.000000,0.000000,0.000000,0.000000,0.000000,0.000000,0.000000,0.000000,0.000000,0.000000,0.000000,0.000000,0.000000,0.000000,0.000000,0.000000,0.000000,0.000000,0.000000,0.000000,0.000000,0.000000,0.000000,0.000000,0.000000
262,1694846647.212418,0,,,0.0000,0.0000,0.0000,0.0000,,,,,,,,,,,0.000000,0.000000,0.000000,0.000000,0.000000,0.000000,0.000000,0.000000,0.000000,0.000000,0.000000,0.000000,0.000000,0.000000,0.000000,0.000000,0.000000,0.000000,0.000000,0.000000,0.000000,0.000000,0.000000,0.000000,0.000000,0.000000,0.000000,0.000000,0.000000,0.000000,0.000000,0.000000,0.000000,0.000000,0.000000,0.000000,0.000000,0.000000,0.000000,0.000000,0.000000,0.000000,0.000000,0.000000,0.000000,0.000000,0.000000,0.000000,0.000000,0.000000,0.000000,0.000000,0.000000,0.000000,0.000000,0.000000,0.000000,0.000000,0.000000,0.000000,0.000000,0.000000,0.000000
263,1694846647.220751,0,,,0.0000,0.0000,0.0000,0.0000,,,,,,,,,,,0.000000,0.000000,0.000000,0.000000,0.000000,0.000000,0.000000,0.000000,0.000000,0.000000,0.000000,0.000000,0.000000,0.000000,0.000000,0.000000,0.000000,0.000000,0.000000,0.000000,0.000000,0.000000,0.000000,0.000000,0.000000,0.000000,0.000000,0.000000,0.000000,0.000000,0.000000,0.000000,0.000000,0.000000,0.000000,0.000000,0.000000,0.000000,0.000000,0.000000,0.000000,0.000000,0.000000,0.000000,0.000000,0.000000,0.000000,0.000000,0.000000,0.000000,0.000000,0.000000,0.000000,0.000000,0.000000,0.000000,0.000000,0.000000,0.000000,0.000000,0.000000,0.000000,0.000000
264,1694846647.229085,0,,,0.0000,0.0000,0.0000,0.0000,,3668.0785,3.9379,75.8079,158.3064,183.4147,150.6964,115.3713,70.0143,0.000000,0.523998,0.939955,-0.000000,0.457009,0.952013,-0.010030,0.404016,0.875950,-0.012863,0.391981,0.775077,-0.012259,0.409114,0.720806,-0.011255,0.437533,0.769988,-0.023990,0.419292,0.647430,-0.031033,0.412444,0.576229,-0.034664,0.407756,0.520360,-0.038474,0.478647,0.736014,-0.018067,0.438196,0.700673,-0.022598,0.433052,0.744757,-0.013776,0.443704,0.778578,-0.007292,0.507795,0.729819,-0.012325,0.466186,0.712852,-0.018071,0.461733,0.747452,-0.009162,0.471952,0.780072,-0.002682,0.529344,0.734293,-0.007139,0.494540,0.725878,-0.012132,0.490127,0.756137,-0.008132,0.497982,0.784031,-0.003809
265,1694846647.237418,0,,,0.0000,0.0000,0.0000,0.0000,5.0620,3652.8064,3.1174,77.2199,147.1809,175.9633,143.5093,108.7736,65.1644,0.000000,0.521094,0.941263,-0.000000,0.454517,0.952909,-0.008083,0.401684,0.880030,-0.010286,0.388544,0.779328,-0.008986,0.405328,0.724104,-0.007349,0.433914,0.772472,-0.024181,0.413191,0.649677,-0.030484,0.405639,0.578144,-0.033444,0.400302,0.522640,-0.036508,0.474026,0.737263,-0.018339,0.432213,0.700488,-0.021164,0.427182,0.744298,-0.011244,0.437376,0.779915,-0.004089,0.502720,0.729847,-0.012239,0.460007,0.712238,-0.016824,0.455335,0.746550,-0.007606,0.464836,0.780752,-0.000905,0.523956,0.732634,-0.006340,0.488142,0.722532,-0.010173,0.483260,0.753298,-0.005326,0.490236,0.782393,-0.000426
266,1694846647.245751,0,,,0.0000,0.0000,0.0000,0.0000,11.4400,3698.2335,3.6672,87.5440,139.2588,170.9323,140.2180,106.3323,64.0355,0.000000,0.518766,0.938890,-0.000000,0.452142,0.954022,-0.010455,0.397106,0.878864,-0.013306,0.382860,0.778001,-0.013378,0.400238,0.722630,-0.012907,0.426789,0.769688,-0.020752,0.407711,0.650953,-0.027596,0.399849,0.579893,-0.030872,0.394958,0.525198,-0.034285,0.466614,0.735196,-0.015483,0.428569,0.708364,-0.022156,0.424681,0.750989,-0.015157,0.436135,0.783233,-0.009211,0.496205,0.727765,-0.010599,0.457493,0.715549,-0.018726,0.453327,0.750150,-0.010697,0.463192,0.781850,-0.003925,0.518970,0.731070,-0.006351,0.485530,0.723608,-0.012289,0.480003,0.754507,-0.008067,0.487125,0.782411,-0.003050
267,1694846647.254085,0,,,0.0000,0.0000,0.0000,0.0000,28.5692,3950.9851,3.0668,103.0880,126.8648,161.8565,133.5065,101.4343,62.9708,0.000000,0.514675,0.931111,-0.000000,0.447476,0.949884,-0.009930,0.393209,0.877277,-0.013092,0.379430,0.776002,-0.013092,0.393090,0.718446,-0.012856,0.423730,0.769199,-0.023008,0.401717,0.651537,-0.030194,0.392618,0.581073,-0.034005,0.386475,0.525674,-0.037764,0.463809,0.733634,-0.017651,0.421551,0.706589,-0.023681,0.418240,0.752002,-0.015535,0.430965,0.783836,-0.009008,0.492608,0.726671,-0.012525,0.449989,0.714457,-0.019971,0.446510,0.750606,-0.011329,0.458250,0.781765,-0.004531,0.514335,0.729926,-0.007834,0.477858,0.723788,-0.013271,0.473773,0.755671,-0.008590,0.482665,0.782829,-0.003572
268,1694846647.262418,1,30.6588,30.6588,-2.4999,0.0000,5.3149,183.1755,4.9643,4028.5019,3.1389,130.4444,122.6587,152.4500,125.2929,95.6449,59.2109,0.000000,0.509897,0.935209,-0.000000,0.443358,0.949550,-0.010312,0.389268,0.878251,-0.012808,0.373781,0.781458,-0.012007,0.387955,0.727586,-0.010631,0.416464,0.767718,-0.022737,0.393869,0.651005,-0.030011,0.384255,0.581191,-0.034008,0.377906,0.525577,-0.037907,0.456942,0.731430,-0.017285,0.418001,0.703600,-0.022049,0.414338,0.748068,-0.014126,0.425907,0.779775,-0.008176,0.486808,0.723577,-0.012166,0.447045,0.711856,-0.018185,0.443359,0.746685,-0.009617,0.453839,0.777671,-0.003209,0.509449,0.728111,-0.007708,0.476368,0.720215,-0.011833,0.471643,0.749568,-0.006839,0.478965,0.777935,-0.001759
269,1694846647.270751,1,-32.1835,-32.1835,-16.8699,-14.3700,26.7726,382.1472,12.0480,3562.5975,2.5405,141.5980,114.4596,148.9583,124.3187,96.6669,64.2774,0.000000,0.507271,0.932171,-0.000000,0.440774,0.953219,-0.010320,0.384066,0.879355,-0.012898,0.368677,0.780052,-0.012708,0.385527,0.727071,-0.012138,0.410656,0.772991,-0.019815,0.387074,0.658585,-0.026875,0.377001,0.588678,-0.031010,0.370683,0.533004,-0.035341,0.450289,0.735754,-0.015060,0.412677,0.705860,-0.021861,0.409824,0.749499,-0.015160,0.422099,0.780619,-0.009461,0.480483,0.725915,-0.010816,0.442361,0.712025,-0.018898,0.439208,0.746338,-0.010568,0.450317,0.777122,-0.003753,0.503798,0.727196,-0.007291,0.470556,0.717786,-0.013584,0.466636,0.749132,-0.009199,0.475099,0.776814,-0.004231
270,1694846647.279085,1,28.6007,28.6007,-3.1708,13.6991,26.1638,34.0896,3.5629,4088.7744,2.5252,145.7091,97.5058,143.6706,119.7795,94.2801,68.2946,0.000000,0.501106,0.933062,-0.000000,0.433301,0.954392,-0.010483,0.378068,0.880843,-0.012519,0.363627,0.781672,-0.011515,0.379206,0.727744,-0.010062,0.405419,0.770842,-0.019107,0.381143,0.657714,-0.025686,0.370397,0.589349,-0.030036,0.363473,0.533801,-0.034513,0.445040,0.733498,-0.013505,0.406609,0.710249,-0.018863,0.403800,0.755713,-0.011657,0.416622,0.786372,-0.005824,0.474872,0.725216,-0.008510,0.436164,0.716886,-0.015685,0.432556,0.752905,-0.007959,0.444228,0.783404,-0.001667,0.497918,0.728373,-0.004179,0.464727,0.724549,-0.009677,0.460967,0.756031,-0.005520,0.470153,0.783235,-0.000777
271,1694846647.287418,1,-32.1060,-32.1060,-14.9926,-11.8218,29.9890,417.2002,30.2794,5356.2813,2.6747,148.8349,92.1165,136.2433,115.0409,91.8012,70.1843,0.000000,0.495299,0.932403,-0.000000,0.428833,0.952946,-0.009329,0.375363,0.884010,-0.011172,0.359403,0.789584,-0.010078,0.370362,0.736454,-0.008699,0.397338,0.769963,-0.020238,0.372709,0.658470,-0.028258,0.362122,0.590471,-0.033801,0.355645,0.536042,-0.038733,0.436704,0.732176,-0.015132,0.399828,0.708142,-0.019855,0.396992,0.751827,-0.012740,0.408854,0.782074,-0.007392,0.467375,0.723866,-0.010473,0.429897,0.716464,-0.016555,0.426840,0.750914,-0.008252,0.437826,0.781472,-0.001978,0.491300,0.728537,-0.006458,0.460268,0.725124,-0.011093,0.456808,0.756056,-0.006187,0.465171,0.784142,-0.001021
272,1694846647.295751,1,-29.0829,-29.0829,-14.9354,0.0572,29.7913,2802.4402,14.0510,5661.7632,2.2454,138.8951,78.9772,132.5669,116.6881,98.5932,83.6887,0.000082,0.490543,0.929606,-0.000000,0.426053,0.953713,-0.008599,0.371534,0.887270,-0.010503,0.351745,0.793536,-0.009894,0.358401,0.738283,-0.009016,0.389318,0.773118,-0.018003,0.363030,0.664396,-0.025456,0.351211,0.597192,-0.030335,0.344403,0.543211,-0.034641,0.427832,0.734950,-0.013530,0.392505,0.709210,-0.018525,0.390347,0.752729,-0.011519,0.403163,0.783296,-0.005783,0.459229,0.726836,-0.009495,0.423469,0.717188,-0.016919,0.420660,0.752064,-0.009176,0.432703,0.781824,-0.002680,0.484377,0.730862,-0.005845,0.453786,0.725519,-0.010921,0.450670,0.757239,-0.005733,0.460309,0.784842,-0.000179
273,1694846647.304085,1,30.3015,30.3015,15.6213,30.5567,29.7016,2427.8402,22.5757,5903.5026,2.2392,137.1034,66.3592,130.3754,118.9147,104.6102,93.2228,0.000823,0.484371,0.941346,-0.000000,0.419599,0.952271,-0.005242,0.366373,0.883370,-0.006317,0.346265,0.793206,-0.004856,0.351507,0.739789,-0.003229,0.382820,0.780189,-0.020616,0.353066,0.666986,-0.028805,0.341439,0.600559,-0.033991,0.333342,0.548491,-0.038335,0.421260,0.738553,-0.016343,0.380975,0.703325,-0.018192,0.378871,0.743347,-0.009132,0.388542,0.775760,-0.002971,0.452269,0.726713,-0.011965,0.410307,0.715127,-0.015147,0.408215,0.746838,-0.006169,0.418229,0.779644,0.000016,0.475791,0.728109,-0.007772,0.442091,0.720279,-0.010732,0.436599,0.748857,-0.005802,0.441886,0.778897,-0.000916
274,1694846647.312418,1,35.1496,35.1496,1.6372,-13.9840,30.4378,1404.0919,13.8839,4152.0879,1.8623,140.5733,61.9038,124.8257,119.4856,110.5219,105.3351,0.005299,0.478931,0.935657,-0.000000,0.414848,0.952534,-0.009504,0.359727,0.885963,-0.012014,0.339051,0.794332,-0.011379,0.343976,0.737952,-0.010261,0.376329,0.781145,-0.022638,0.342775,0.668929,-0.031520,0.329757,0.601652,-0.036625,0.321155,0.549016,-0.040622,0.413938,0.738906,-0.016952,0.371487,0.702264,-0.021604,0.369757,0.742526,-0.013482,0.380859,0.776108,-0.006900,0.444215,0.726587,-0.011608,0.400433,0.713615,-0.018218,0.398673,0.747390,-0.010160,0.409882,0.779233,-0.003399,0.467416,0.726826,-0.006665,0.432214,0.719859,-0.011969,0.427215,0.749880,-0.007488,0.433849,0.778938,-0.002291
275,1694846647.320751,1,31.3448,31.3448,15.8627,14.2255,30.8520,1212.7370,21.3749,4926.1249,2.6082,142.5571,65.0359,128.0456,125.7266,119.6508,116.7839,0.008248,0.475194,0.935900,-0.000000,0.410508,0.957002,-0.007998,0.354173,0.893198,-0.009690,0.331673,0.801752,-0.008390,0.336790,0.745967,-0.006690,0.369456,0.785263,-0.020741,0.333839,0.672399,-0.027917,0.320489,0.606503,-0.031599,0.311195,0.554252,-0.034611,0.406322,0.741581,-0.015109,0.362190,0.703273,-0.017599,0.361624,0.743631,-0.008463,0.373263,0.776998,-0.001382,0.436307,0.728396,-0.009594,0.391666,0.715620,-0.014473,0.391041,0.749920,-0.006414,0.402728,0.781710,0.000072,0.459227,0.727892,-0.004300,0.423941,0.722091,-0.008003,0.420292,0.752040,-0.003483,0.427583,0.780811,0.001392
276,1694846647.329085,1,-37.2969,-37.2969,-2.0535,-17.9162,32.2119,1448.7519,13.2663,5860.5200,2.1659,138.1906,48.1478,143.3485,144.1788,139.4215,136.7999,0.009758,0.468786,0.930383,-0.000000,0.406577,0.954782,-0.008188,0.349445,0.897742,-0.010235,0.326288,0.811152,-0.009812,0.330470,0.758362,-0.008969,0.364313,0.791318,-0.018426,0.328909,0.690557,-0.027441,0.312202,0.627716,-0.033231,0.300237,0.577737,-0.037926,0.399743,0.745935,-0.014398,0.355277,0.715397,-0.019664,0.354960,0.755679,-0.012841,0.368168,0.785215,-0.007082,0.428765,0.730269,-0.010832,0.385282,0.721342,-0.018346,0.384049,0.755392,-0.010433,0.396351,0.783870,-0.003588,0.452097,0.727993,-0.007642,0.417370,0.723728,-0.013310,0.414110,0.752603,-0.008522,0.422904,0.779061,-0.003181
277,1694846647.337418,1,36.6117,36.6117,1.5775,3.6310,28.3556,1596.3160,1.6625,5486.5307,1.7149,128.1914,49.8231,147.8882,155.0379,154.4905,153.9973,0.009494,0.467164,0.935825,-0.000000,0.402500,0.964297,-0.010806,0.345622,0.911613,-0.011834,0.320872,0.830003,-0.009595,0.316597,0.776158,-0.006589,0.354800,0.791758,-0.018633,0.316997,0.692112,-0.026041,0.298260,0.631617,-0.030960,0.283629,0.584453,-0.035044,0.389913,0.745667,-0.013169,0.340756,0.705019,-0.015670,0.336548,0.740838,-0.008689,0.346309,0.772389,-0.003211,0.418498,0.729638,-0.008487,0.368875,0.713349,-0.012966,0.364377,0.746283,-0.005371,0.374251,0.775430,0.000613,0.440518,0.727668,-0.004750,0.400524,0.720481,-0.009033,0.392468,0.747725,-0.005229,0.397218,0.775499,-0.000888
278,1694846647.345751,0,49.0894,49.0894,3.4850,1.9074,30.7210,1926.7443,28.5475,8644.4708,1.4799,133.5085,56.2770,164.0190,174.6416,176.1900,178.0839,0.000729,0.463645,0.936289,-0.000000,0.400855,0.969024,-0.008435,0.343276,0.921525,-0.010210,0.317639,0.840800,-0.008988,0.314646,0.787663,-0.007405,0.349562,0.803942,-0.020885,0.308219,0.707965,-0.030839,0.286470,0.647996,-0.038101,0.269165,0.602431,-0.043699,0.384101,0.752112,-0.016103,0.337410,0.729583,-0.019391,0.337753,0.768524,-0.011990,0.350729,0.797603,-0.006820,0.412604,0.732553,-0.011836,0.367301,0.727703,-0.017095,0.366589,0.759739,-0.009080,0.379118,0.789239,-0.003165,0.435129,0.727948,-0.008108,0.398564,0.726729,-0.013008,0.395553,0.754950,-0.008543,0.404327,0.782774,-0.003744
279,1694846647.354085,0,,,0.0000,0.0000,0.0000,0.0000,,,,,,,,,,,0.000000,0.000000,0.000000,0.000000,0.000000,0.000000,0.000000,0.000000,0.000000,0.000000,0.000000,0.000000,0.000000,0.000000,0.000000,0.000000,0.000000,0.000000,0.000000,0.000000,0.000000,0.000000,0.000000,0.000000,0.000000,0.000000,0.000000,0.000000,0.000000,0.000000,0.000000,0.000000,0.000000,0.000000,0.000000,0.000000,0.000000,0.000000,0.000000,0.000000,0.000000,0.000000,0.000000,0.000000,0.000000,0.000000,0.000000,0.000000,0.000000,0.000000,0.000000,0.000000,0.000000,0.000000,0.000000,0.000000,0.000000,0.000000,0.000000,0.000000,0.000000,0.000000,0.000000
280,1694846647.362418,0,,,0.0000,0.0000,0.0000,0.0000,,,,,,,,,,,0.000000,0.000000,0.000000,0.000000,0.000000,0.000000,0.000000,0.000000,0.000000,0.000000,0.000000,0.000000,0.000000,0.000000,0.000000,0.000000,0.000000,0.000000,0.000000,0.000000,0.000000,0.000000,0.000000,0.000000,0.000000,0.000000,0.000000,0.000000,0.000000,0.000000,0.000000,0.000000,0.000000,0.000000,0.000000,0.000000,0.000000,0.000000,0.000000,0.000000,0.000000,0.000000,0.000000,0.000000,0.000000,0.000000,0.000000,0.000000,0.000000,0.000000,0.000000,0.000000,0.000000,0.000000,0.000000,0.000000,0.000000,0.000000,0.000000,0.000000,0.000000,0.000000,0.000000
281,1694846647.370751,0,,,0.0000,0.0000,0.0000,0.0000,,,,,,,,,,,0.000000,0.000000,0.000000,0.000000,0.000000,0.000000,0.000000,0.000000,0.000000,0.000000,0.000000,0.000000,0.000000,0.000000,0.000000,0.000000,0.000000,0.000000,0.000000,0.000000,0.000000,0.000000,0.000000,0.000000,0.000000,0.000000,0.000000,0.000000,0.000000,0.000000,0.000000,0.000000,0.000000,0.000000,0.000000,0.000000,0.000000,0.000000,0.000000,0.000000,0.000000,0.000000,0.000000,0.000000,0.000000,0.000000,0.000000,0.000000,0.000000,0.000000,0.000000,0.000000,0.000000,0.000000,0.000000,0.000000,0.000000,0.000000,0.000000,0.000000,0.000000,0.000000,0.000000
282,1694846647.379085,0,,,0.0000,0.0000,0.0000,0.0000,,,,,,,,,,,0.000000,0.000000,0.000000,0.000000,0.000000,0.000000,0.000000,0.000000,0.000000,0.000000,0.000000,0.000000,0.000000,0.000000,0.000000,0.000000,0.000000,0.000000,0.000000,0.000000,0.000000,0.000000,0.000000,0.000000,0.000000,0.000000,0.000000,0.000000,0.000000,0.000000,0.000000,0.000000,0.000000,0.000000,0.000000,0.000000,0.000000,0.000000,0.000000,0.000000,0.000000,0.000000,0.000000,0.000000,0.000000,0.000000,0.000000,0.000000,0.000000,0.000000,0.000000,0.000000,0.000000,0.000000,0.000000,0.000000,0.000000,0.000000,0.000000,0.000000,0.000000,0.000000,0.000000
283,1694846647.387418,0,,,0.0000,0.0000,0.0000,0.0000,,,,,,,,,,,0.000000,0.000000,0.000000,0.000000,0.000000,0.000000,0.000000,0.000000,0.000000,0.000000,0.000000,0.000000,0.000000,0.000000,0.000000,0.000000,0.000000,0.000000,0.000000,0.000000,0.000000,0.000000,0.000000,0.000000,0.000000,0.000000,0.000000,0.000000,0.000000,0.000000,0.000000,0.000000,0.000000,0.000000,0.000000,0.000000,0.000000,0.000000,0.000000,0.000000,0.000000,0.000000,0.000000,0.000000,0.000000,0.000000,0.000000,0.000000,0.000000,0.000000,0.000000,0.000000,0.000000,0.000000,0.000000,0.000000,0.000000,0.000000,0.000000,0.000000,0.000000,0.000000,0.000000
284,1694846647.395751,0,,,0.0000,0.0000,0.0000,0.0000,,,,,,,,,,,0.000000,0.000000,0.000000,0.000000,0.000000,0.000000,0.000000,0.000000,0.000000,0.000000,0.000000,0.000000,0.000000,0.000000,0.000000,0.000000,0.000000,0.000000,0.000000,0.000000,0.000000,0.000000,0.000000,0.000000,0.000000,0.000000,0.000000,0.000000,0.000000,0.000000,0.000000,0.000000,0.000000,0.000000,0.000000,0.000000,0.000000,0.000000,0.000000,0.000000,0.000000,0.000000,0.000000,0.000000,0.000000,0.000000,0.000000,0.000000,0.000000,0.000000,0.000000,0.000000,0.000000,0.000000,0.000000,0.000000,0.000000,0.000000,0.000000,0.000000,0.000000,0.000000,0.000000
285,1694846647.404085,0,,,0.0000,0.0000,0.0000,0.0000,,,,,,,,,,,0.000000,0.000000,0.000000,0.000000,0.000000,0.000000,0.000000,0.000000,0.000000,0.000000,0.000000,0.000000,0.000000,0.000000,0.000000,0.000000,0.000000,0.000000,0.000000,0.000000,0.000000,0.000000,0.000000,0.000000,0.000000,0.000000,0.000000,0.000000,0.000000,0.000000,0.000000,0.000000,0.000000,0.000000,0.000000,0.000000,0.000000,0.000000,0.000000,0.000000,0.000000,0.000000,0.000000,0.000000,0.000000,0.000000,0.000000,0.000000,0.000000,0.000000,0.000000,0.000000,0.000000,0.000000,0.000000,0.000000,0.000000,0.000000,0.000000,0.000000,0.000000,0.000000,0.000000
286,1694846647.412418,0,,,0.0000,0.0000,0.0000,0.0000,,,,,,,,,,,0.000000,0.000000,0.000000,0.000000,0.000000,0.000000,0.000000,0.000000,0.000000,0.000000,0.000000,0.000000,0.000000,0.000000,0.000000,0.000000,0.000000,0.000000,0.000000,0.000000,0.000000,0.000000,0.000000,0.000000,0.000000,0.000000,0.000000,0.000000,0.000000,0.000000,0.000000,0.000000,0.000000,0.000000,0.000000,0.000000,0.000000,0.000000,0.000000,0.000000,0.000000,0.000000,0.000000,0.000000,0.000000,0.000000,0.000000,0.000000,0.000000,0.000000,0.000000,0.000000,0.000000,0.000000,0.000000,0.000000,0.000000,0.000000,0.000000,0.000000,0.000000,0.000000,0.000000
287,1694846647.420751,0,,,0.0000,0.0000,0.0000,0.0000,,,,,,,,,,,0.000000,0.000000,0.000000,0.000000,0.000000,0.000000,0.000000,0.000000,0.000000,0.000000,0.000000,0.000000,0.000000,0.000000,0.000000,0.000000,0.000000,0.000000,0.000000,0.000000,0.000000,0.000000,0.000000,0.000000,0.000000,0.000000,0.000000,0.000000,0.000000,0.000000,0.000000,0.000000,0.000000,0.000000,0.000000,0.000000,0.000000,0.000000,0.000000,0.000000,0.000000,0.000000,0.000000,0.000000,0.000000,0.000000,0.000000,0.000000,0.000000,0.000000,0.000000,0.000000,0.000000,0.000000,0.000000,0.000000,0.000000,0.000000,0.000000,0.000000,0.000000,0.000000,0.000000
288,1694846647.429085,0,,,0.0000,0.0000,0.0000,0.0000,,,,,,,,,,,0.000000,0.000000,0.000000,0.000000,0.000000,0.000000,0.000000,0.000000,0.000000,0.000000,0.000000,0.000000,0.000000,0.000000,0.000000,0.000000,0.000000,0.000000,0.000000,0.000000,0.000000,0.000000,0.000000,0.000000,0.000000,0.000000,0.000000,0.000000,0.000000,0.000000,0.000000,0.000000,0.000000,0.000000,0.000000,0.000000,0.000000,0.000000,0.000000,0.000000,0.000000,0.000000,0.000000,0.000000,0.000000,0.000000,0.000000,0.000000,0.000000,0.000000,0.000000,0.000000,0.000000,0.000000,0.000000,0.000000,0.000000,0.000000,0.000000,0.000000,0.000000,0.000000,0.000000
289,1694846647.437418,0,,,0.0000,0.0000,0.0000,0.0000,,,,,,,,,,,0.000000,0.000000,0.000000,0.000000,0.000000,0.000000,0.000000,0.000000,0.000000,0.000000,0.000000,0.000000,0.000000,0.000000,0.000000,0.000000,0.000000,0.000000,0.000000,0.000000,0.000000,0.000000,0.000000,0.000000,0.000000,0.000000,0.000000,0.000000,0.000000,0.000000,0.000000,0.000000,0.000000,0.000000,0.000000,0.000000,0.000000,0.000000,0.000000,0.000000,0.000000,0.000000,0.000000,0.000000,0.000000,0.000000,0.000000,0.000000,0.000000,0.000000,0.000000,0.000000,0.000000,0.000000,0.000000,0.000000,0.000000,0.000000,0.000000,0.000000,0.000000,0.000000,0.000000
290,1694846647.445751,0,,,0.0000,0.0000,0.0000,0.0000,,,,,,,,,,,0.000000,0.000000,0.000000,0.000000,0.000000,0.000000,0.000000,0.000000,0.000000,0.000000,0.000000,0.000000,0.000000,0.000000,0.000000,0.000000,0.000000,0.000000,0.000000,0.000000,0.000000,0.000000,0.000000,0.000000,0.000000,0.000000,0.000000,0.000000,0.000000,0.000000,0.000000,0.000000,0.000000,0.000000,0.000000,0.000000,0.000000,0.000000,0.000000,0.000000,0.000000,0.000000,0.000000,0.000000,0.000000,0.000000,0.000000,0.000000,0.000000,0.000000,0.000000,0.000000,0.000000,0.000000,0.000000,0.000000,0.000000,0.000000,0.000000,0.000000,0.000000,0.000000,0.000000
291,1694846647.454085,0,,,0.0000,0.0000,0.0000,0.0000,,,,,,,,,,,0.000000,0.000000,0.000000,0.000000,0.000000,0.000000,0.000000,0.000000,0.000000,0.000000,0.000000,0.000000,0.000000,0.000000,0.000000,0.000000,0.000000,0.000000,0.000000,0.000000,0.000000,0.000000,0.000000,0.000000,0.000000,0.000000,0.000000,0.000000,0.000000,0.000000,0.000000,0.000000,0.000000,0.000000,0.000000,0.000000,0.000000,0.000000,0.000000,0.000000,0.000000,0.000000,0.000000,0.000000,0.000000,0.000000,0.000000,0.000000,0.000000,0.000000,0.000000,0.000000,0.000000,0.000000,0.000000,0.000000,0.000000,0.000000,0.000000,0.000000,0.000000,0.000000,0.000000
292,1694846647.462418,0,,,0.0000,0.0000,0.0000,0.0000,,,,,,,,,,,0.000000,0.000000,0.000000,0.000000,0.000000,0.000000,0.000000,0.000000,0.000000,0.000000,0.000000,0.000000,0.000000,0.000000,0.000000,0.000000,0.000000,0.000000,0.000000,0.000000,0.000000,0.000000,0.000000,0.000000,0.000000,0.000000,0.000000,0.000000,0.000000,0.000000,0.000000,0.000000,0.000000,0.000000,0.000000,0.000000,0.000000,0.000000,0.000000,0.000000,0.000000,0.000000,0.000000,0.000000,0.000000,0.000000,0.000000,0.000000,0.000000,0.000000,0.000000,0.000000,0.000000,0.000000,0.000000,0.000000,0.000000,0.000000,0.000000,0.000000,0.000000,0.000000,0.000000
293,1694846647.470751,0,,,0.0000,0.0000,0.0000,0.0000,,,,,,,,,,,0.000000,0.000000,0.000000,0.000000,0.000000,0.000000,0.000000,0.000000,0.000000,0.000000,0.000000,0.000000,0.000000,0.000000,0.000000,0.000000,0.000000,0.000000,0.000000,0.000000,0.000000,0.000000,0.000000,0.000000,0.000000,0.000000,0.000000,0.000000,0.000000,0.000000,0.000000,0.000000,0.000000,0.000000,0.000000,0.000000,0.000000,0.000000,0.000000,0.000000,0.000000,0.000000,0.000000,0.000000,0.000000,0.000000,0.000000,0.000000,0.000000,0.000000,0.000000,0.000000,0.000000,0.000000,0.000000,0.000000,0.000000,0.000000,0.000000,0.000000,0.000000,0.000000,0.000000
294,1694846647.479085,0,,,0.0000,0.0000,0.0000,0.0000,,,,,,,,,,,0.000000,0.000000,0.000000,0.000000,0.000000,0.000000,0.000000,0.000000,0.000000,0.000000,0.000000,0.000000,0.000000,0.000000,0.000000,0.000000,0.000000,0.000000,0.000000,0.000000,0.000000,0.000000,0.000000,0.000000,0.000000,0.000000,0.000000,0.000000,0.000000,0.000000,0.000000,0.000000,0.000000,0.000000,0.000000,0.000000,0.000000,0.000000,0.000000,0.000000,0.000000,0.000000,0.000000,0.000000,0.000000,0.000000,0.000000,0.000000,0.000000,0.000000,0.000000,0.000000,0.000000,0.000000,0.000000,0.000000,0.000000,0.000000,0.000000,0.000000,0.000000,0.000000,0.000000
295,1694846647.487418,0,,,0.0000,0.0000,0.0000,0.0000,,,,,,,,,,,0.000000,0.000000,0.000000,0.000000,0.000000,0.000000,0.000000,0.000000,0.000000,0.000000,0.000000,0.000000,0.000000,0.000000,0.000000,0.000000,0.000000,0.000000,0.000000,0.000000,0.000000,0.000000,0.000000,0.000000,0.000000,0.000000,0.000000,0.000000,0.000000,0.000000,0.000000,0.000000,0.000000,0.000000,0.000000,0.000000,0.000000,0.000000,0.000000,0.000000,0.000000,0.000000,0.000000,0.000000,0.000000,0.000000,0.000000,0.000000,0.000000,0.000000,0.000000,0.000000,0.000000,0.000000,0.000000,0.000000,0.000000,0.000000,0.000000,0.000000,0.000000,0.000000,0.000000
296,1694846647.495751,0,,,0.0000,0.0000,0.0000,0.0000,,,,,,,,,,,0.000000,0.000000,0.000000,0.000000,0.000000,0.000000,0.000000,0.000000,0.000000,0.000000,0.000000,0.000000,0.000000,0.000000,0.000000,0.000000,0.000000,0.000000,0.000000,0.000000,0.000000,0.000000,0.000000,0.000000,0.000000,0.000000,0.000000,0.000000,0.000000,0.000000,0.000000,0.000000,0.000000,0.000000,0.000000,0.000000,0.000000,0.000000,0.000000,0.000000,0.000000,0.000000,0.000000,0.000000,0.000000,0.000000,0.000000,0.000000,0.000000,0.000000,0.000000,0.000000,0.000000,0.000000,0.000000,0.000000,0.000000,0.000000,0.000000,0.000000,0.000000,0.000000,0.000000
297,1694846647.504085,0,,,0.0000,0.0000,0.0000,0.0000,,,,,,,,,,,0.000000,0.000000,0.000000,0.000000,0.000000,0.000000,0.000000,0.000000,0.000000,0.000000,0.000000,0.000000,0.000000,0.000000,0.000000,0.000000,0.000000,0.000000,0.000000,0.000000,0.000000,0.000000,0.000000,0.000000,0.000000,0.000000,0.000000,0.000000,0.000000,0.000000,0.000000,0.000000,0.000000,0.000000,0.000000,0.000000,0.000000,0.000000,0.000000,0.000000,0.000000,0.000000,0.000000,0.000000,0.000000,0.000000,0.000000,0.000000,0.000000,0.000000,0.000000,0.000000,0.000000,0.000000,0.000000,0.000000,0.000000,0.000000,0.000000,0.000000,0.000000,0.000000,0.000000
298,1694846647.512418,0,,,0.0000,0.0000,0.0000,0.0000,,,,,,,,,,,0.000000,0.000000,0.000000,0.000000,0.000000,0.000000,0.000000,0.000000,0.000000,0.000000,0.000000,0.000000,0.000000,0.000000,0.000000,0.000000,0.000000,0.000000,0.000000,0.000000,0.000000,0.000000,0.000000,0.000000,0.000000,0.000000,0.000000,0.000000,0.000000,0.000000,0.000000,0.000000,0.000000,0.000000,0.000000,0.000000,0.000000,0.000000,0.000000,0.000000,0.000000,0.000000,0.000000,0.000000,0.000000,0.000000,0.000000,0.000000,0.000000,0.000000,0.000000,0.000000,0.000000,0.000000,0.000000,0.000000,0.000000,0.000000,0.000000,0.000000,0.000000,0.000000,0.000000
299,1694846647.520751,0,,,0.0000,0.0000,0.0000,0.0000,,,,,,,,,,,0.000000,0.000000,0.000000,0.000000,0.000000,0.000000,0.000000,0.000000,0.000000,0.000000,0.000000,0.000000,0.000000,0.000000,0.000000,0.000000,0.000000,0.000000,0.000000,0.000000,0.000000,0.000000,0.000000,0.000000,0.000000,0.000000,0.000000,0.000000,0.000000,0.000000,0.000000,0.000000,0.000000,0.000000,0.000000,0.000000,0.000000,0.000000,0.000000,0.000000,0.000000,0.000000,0.000000,0.000000,0.000000,0.000000,0.000000,0.000000,0.000000,0.000000,0.000000,0.000000,0.000000,0.000000,0.000000,0.000000,0.000000,0.000000,0.000000,0.000000,0.000000,0.000000,0.000000
300,1694846647.529085,0,,,0.0000,0.0000,0.0000,0.0000,,,,,,,,,,,0.000000,0.000000,0.000000,0.000000,0.000000,0.000000,0.000000,0.000000,0.000000,0.000000,0.000000,0.000000,0.000000,0.000000,0.000000,0.000000,0.000000,0.000000,0.000000,0.000000,0.000000,0.000000,0.000000,0.000000,0.000000,0.000000,0.000000,0.000000,0.000000,0.000000,0.000000,0.000000,0.000000,0.000000,0.000000,0.000000,0.000000,0.000000,0.000000,0.000000,0.000000,0.000000,0.000000,0.000000,0.000000,0.000000,0.000000,0.000000,0.000000,0.000000,0.000000,0.000000,0.000000,0.000000,0.000000,0.000000,0.000000,0.000000,0.000000,0.000000,0.000000,0.000000,0.000000
301,1694846647.537418,0,55.7244,55.7244,6.0949,0.0000,33.3417,263.6518,,9833.7021,2.0391,139.0795,78.0926,154.2548,169.3405,176.2983,184.6993,0.002209,0.454054,0.945156,-0.000000,0.386871,0.974010,-0.009981,0.327793,0.927718,-0.014069,0.301030,0.843975,-0.014808,0.299230,0.784617,-0.015354,0.333650,0.813214,-0.027866,0.291812,0.703028,-0.038344,0.271491,0.636195,-0.044182,0.255504,0.584888,-0.048664,0.368835,0.760106,-0.022756,0.321865,0.722807,-0.026689,0.320209,0.760177,-0.018124,0.330940,0.796153,-0.012119,0.399097,0.737145,-0.017738,0.352599,0.723196,-0.022714,0.352352,0.755335,-0.013564,0.364401,0.789566,-0.007047,0.423412,0.727442,-0.013343,0.383580,0.724646,-0.018427,0.379715,0.755577,-0.013744,0.387458,0.784806,-0.008719
302,1694846647.545751,0,,,0.0000,0.0000,0.0000,0.0000,,,,,,,,,,,0.000000,0.000000,0.000000,0.000000,0.000000,0.000000,0.000000,0.000000,0.000000,0.000000,0.000000,0.000000,0.000000,0.000000,0.000000,0.000000,0.000000,0.000000,0.000000,0.000000,0.000000,0.000000,0.000000,0.000000,0.000000,0.000000,0.000000,0.000000,0.000000,0.000000,0.000000,0.000000,0.000000,0.000000,0.000000,0.000000,0.000000,0.000000,0.000000,0.000000,0.000000,0.000000,0.000000,0.000000,0.000000,0.000000,0.000000,0.000000,0.000000,0.000000,0.000000,0.000000,0.000000,0.000000,0.000000,0.000000,0.000000,0.000000,0.000000,0.000000,0.000000,0.000000,0.000000
303,1694846647.554085,1,,,0.0000,0.0000,0.0000,0.0000,,,,,,,,,,,0.000000,0.000000,0.000000,0.000000,0.000000,0.000000,0.000000,0.000000,0.000000,0.000000,0.000000,0.000000,0.000000,0.000000,0.000000,0.000000,0.000000,0.000000,0.000000,0.000000,0.000000,0.000000,0.000000,0.000000,0.000000,0.000000,0.000000,0.000000,0.000000,0.000000,0.000000,0.000000,0.000000,0.000000,0.000000,0.000000,0.000000,0.000000,0.000000,0.000000,0.000000,0.000000,0.000000,0.000000,0.000000,0.000000,0.000000,0.000000,0.000000,0.000000,0.000000,0.000000,0.000000,0.000000,0.000000,0.000000,0.000000,0.000000,0.000000,0.000000,0.000000,0.000000,0.000000
304,1694846647.562418,1,,,0.0000,0.0000,0.0000,0.0000,,,,,,,,,,,0.000000,0.000000,0.000000,0.000000,0.000000,0.000000,0.000000,0.000000,0.000000,0.000000,0.000000,0.000000,0.000000,0.000000,0.000000,0.000000,0.000000,0.000000,0.000000,0.000000,0.000000,0.000000,0.000000,0.000000,0.000000,0.000000,0.000000,0.000000,0.000000,0.000000,0.000000,0.000000,0.000000,0.000000,0.000000,0.000000,0.000000,0.000000,0.000000,0.000000,0.000000,0.000000,0.000000,0.000000,0.000000,0.000000,0.000000,0.000000,0.000000,0.000000,0.000000,0.000000,0.000000,0.000000,0.000000,0.000000,0.000000,0.000000,0.000000,0.000000,0.000000,0.000000,0.000000
305,1694846647.570751,1,-36.8124,-36.8124,0.1211,0.0000,41.7021,107.3411,,3923.4877,2.3708,134.9583,68.7779,126.7283,136.2334,138.7250,144.3240,0.019320,0.467528,0.929747,-0.000000,0.400825,0.956872,-0.008792,0.342009,0.899100,-0.010173,0.318185,0.809245,-0.008432,0.322318,0.751384,-0.006406,0.351040,0.784582,-0.021355,0.313478,0.673524,-0.028719,0.295367,0.606272,-0.033318,0.280891,0.554479,-0.037414,0.387985,0.738191,-0.015969,0.342966,0.699208,-0.017686,0.341528,0.736162,-0.008799,0.352262,0.771682,-0.002413,0.418997,0.722907,-0.010862,0.373551,0.709949,-0.014625,0.372246,0.741346,-0.006550,0.383473,0.774213,-0.000658,0.443915,0.720640,-0.006282,0.406544,0.716393,-0.010040,0.401149,0.746348,-0.005855,0.407335,0.776336,-0.001444
306,1694846647.579085,1,-36.7533,-36.7533,-18.3412,-18.4624,41.5701,205.4540,4.9137,5385.6018,2.2553,138.6875,61.9247,125.8172,132.8780,133.7365,138.4197,0.016490,0.473037,0.923704,-0.000000,0.406525,0.954208,-0.007413,0.346774,0.895224,-0.008418,0.320434,0.806943,-0.006560,0.321301,0.753173,-0.004608,0.357487,0.782459,-0.020862,0.319209,0.670949,-0.029470,0.300010,0.603737,-0.034786,0.285398,0.551452,-0.038960,0.394852,0.734897,-0.016031,0.349521,0.695539,-0.019352,0.347876,0.734676,-0.010317,0.360032,0.770033,-0.002912,0.426824,0.719151,-0.011378,0.381910,0.707907,-0.016908,0.380717,0.740336,-0.008621,0.393453,0.772415,-0.001622,0.452996,0.715890,-0.006935,0.417590,0.713016,-0.011045,0.414012,0.744093,-0.006028,0.422808,0.772983,-0.000614
307,1694846647.587418,1,41.1781,41.1781,-1.9778,16.3634,42.1128,235.7757,20.8187,5257.3601,2.0114,141.0563,65.1435,119.9559,123.7667,123.1247,127.5643,0.016037,0.475088,0.923524,-0.000000,0.409501,0.949626,-0.006844,0.351175,0.887944,-0.008592,0.326608,0.797464,-0.007603,0.329731,0.742647,-0.006881,0.364335,0.779782,-0.023344,0.325709,0.667987,-0.033457,0.307106,0.599208,-0.040118,0.293866,0.544302,-0.045212,0.402287,0.732814,-0.019403,0.357574,0.696202,-0.023802,0.355754,0.737005,-0.015174,0.368360,0.771218,-0.008361,0.434306,0.717932,-0.015401,0.390966,0.707592,-0.022035,0.390196,0.741141,-0.013326,0.404171,0.773199,-0.006176,0.460157,0.716527,-0.011450,0.424996,0.712643,-0.016690,0.423019,0.745819,-0.010803,0.433568,0.775620,-0.004696
308,1694846647.595751,1,42.2764,42.2764,-3.3620,-1.3842,41.0684,925.8521,2.8937,4943.0781,1.8726,134.8310,61.9447,125.5056,123.3963,117.9975,116.5402,0.009218,0.478227,0.916910,-0.000000,0.415034,0.949353,-0.009483,0.357267,0.886604,-0.012356,0.335293,0.794401,-0.012424,0.336922,0.735860,-0.012718,0.371798,0.778266,-0.023125,0.336301,0.672680,-0.033693,0.318620,0.603812,-0.041219,0.306728,0.550305,-0.047250,0.410292,0.731047,-0.019627,0.370374,0.701303,-0.027810,0.366886,0.742433,-0.022336,0.378756,0.774615,-0.017211,0.442354,0.715609,-0.016414,0.402519,0.709922,-0.025376,0.398627,0.744622,-0.017224,0.410829,0.775048,-0.010285,0.468066,0.714473,-0.013623,0.433801,0.716533,-0.020483,0.430265,0.749635,-0.014544,0.440110,0.775829,-0.008197
309,1694846647.604085,1,34.3526,34.3526,17.7913,21.1533,37.3565,652.4786,36.8766,4304.7517,1.9577,129.5100,61.6280,124.9106,117.9275,108.3419,103.1458,0.004164,0.487080,0.920748,-0.000000,0.422622,0.947976,-0.007466,0.364523,0.883604,-0.009713,0.343329,0.790712,-0.009725,0.350208,0.735604,-0.009741,0.376980,0.776574,-0.019784,0.344456,0.666856,-0.029262,0.328373,0.599034,-0.035396,0.317300,0.546143,-0.040482,0.415642,0.730229,-0.016416,0.377829,0.700600,-0.023338,0.376961,0.744920,-0.016264,0.389629,0.778491,-0.009856,0.448448,0.715824,-0.013300,0.410600,0.710003,-0.021869,0.409358,0.745581,-0.013571,0.422230,0.776663,-0.006250,0.475475,0.714863,-0.010387,0.443881,0.714656,-0.016623,0.441382,0.747217,-0.011176,0.451244,0.773484,-0.005116
310,1694846647.612418,1,-33.9506,-33.9506,0.7007,-17.0906,36.6681,1423.1058,4.1259,4724.2975,2.4209,137.7068,79.8231,120.6758,108.8230,95.2478,87.5149,0.003622,0.492649,0.927229,-0.000000,0.426853,0.951341,-0.006958,0.371276,0.884176,-0.008950,0.350445,0.790747,-0.008480,0.351618,0.734203,-0.007918,0.381957,0.770500,-0.020604,0.351679,0.655690,-0.030052,0.337059,0.587030,-0.036024,0.327429,0.532638,-0.040714,0.421607,0.726383,-0.016616,0.384791,0.697306,-0.021974,0.384450,0.743147,-0.013897,0.397205,0.777396,-0.007184,0.455420,0.714334,-0.012841,0.417684,0.708051,-0.020467,0.417520,0.745650,-0.012221,0.430660,0.778093,-0.005114,0.483422,0.714989,-0.009136,0.451596,0.713327,-0.014461,0.449112,0.747423,-0.009053,0.458784,0.775782,-0.003044
311,1694846647.620751,1,-31.5723,-31.5723,-18.1876,-18.8883,35.3999,1011.5685,5.3488,4941.9599,2.3380,145.2361,91.8882,121.2685,106.0199,88.8243,75.8676,0.001133,0.498214,0.923442,-0.000000,0.431751,0.947409,-0.008152,0.375435,0.879305,-0.010228,0.356336,0.784147,-0.009646,0.363435,0.729372,-0.009003,0.391788,0.764622,-0.020842,0.360927,0.650716,-0.029531,0.346595,0.581617,-0.035482,0.337682,0.525631,-0.040727,0.431769,0.723514,-0.016421,0.395444,0.696476,-0.022208,0.394369,0.742549,-0.014919,0.407450,0.775127,-0.009010,0.464882,0.713534,-0.012188,0.427664,0.708024,-0.019706,0.426869,0.744384,-0.011248,0.440347,0.775346,-0.004404,0.491968,0.716122,-0.008270,0.459910,0.714389,-0.014359,0.458355,0.748213,-0.009230,0.469245,0.775561,-0.003578
312,1694846647.629085,1,30.4162,30.4162,-2.9651,15.2225,33.7555,1298.4060,10.9838,5848.0133,1.8201,137.8951,90.6595,130.6736,112.7354,92.2043,73.8938,0.000040,0.504175,0.920018,-0.000000,0.439420,0.943726,-0.008049,0.382982,0.878775,-0.010572,0.363583,0.783763,-0.010075,0.375271,0.728932,-0.009360,0.404114,0.765186,-0.023065,0.371647,0.652780,-0.030417,0.355872,0.585329,-0.034981,0.344996,0.531205,-0.039503,0.443566,0.724027,-0.018562,0.402702,0.700956,-0.023818,0.402279,0.747995,-0.015909,0.416451,0.778902,-0.009705,0.474359,0.714664,-0.013878,0.433911,0.711129,-0.020180,0.431866,0.746823,-0.011648,0.445268,0.775362,-0.005145,0.498315,0.717339,-0.009440,0.464194,0.716290,-0.014332,0.462073,0.747382,-0.009273,0.473016,0.772195,-0.004062
313,1694846647.637418,1,33.5264,33.5264,-0.2066,2.7585,32.1369,1460.3370,2.1061,5749.1916,1.9612,147.5193,101.3063,134.8828,111.4033,86.3488,63.1649,0.000000,0.510031,0.922913,-0.000000,0.442955,0.943561,-0.009505,0.385716,0.871914,-0.012492,0.370529,0.773853,-0.012236,0.387220,0.721076,-0.011971,0.411436,0.764937,-0.024951,0.379710,0.648129,-0.032120,0.365242,0.579617,-0.036368,0.355373,0.523936,-0.041126,0.452174,0.723955,-0.020060,0.410780,0.700722,-0.026693,0.410100,0.748890,-0.019321,0.424263,0.780498,-0.013409,0.482728,0.714550,-0.015028,0.442067,0.712737,-0.021765,0.440387,0.749141,-0.013330,0.453651,0.778681,-0.007070,0.505909,0.717493,-0.010475,0.471217,0.719810,-0.016449,0.470012,0.751215,-0.012324,0.481243,0.774962,-0.007765
314,1694846647.645751,1,-25.9813,-25.9813,1.9923,2.1989,30.7302,1344.3264,32.4101,3807.8514,2.0495,141.4529,116.4185,142.2793,115.6298,87.2217,56.4455,0.000000,0.516329,0.923185,-0.000000,0.448846,0.942561,-0.009688,0.392400,0.870610,-0.012300,0.377959,0.772059,-0.011865,0.394417,0.719494,-0.011080,0.416734,0.758490,-0.021352,0.389089,0.644791,-0.027334,0.375891,0.577503,-0.030788,0.367466,0.523290,-0.034963,0.457212,0.721493,-0.016312,0.419470,0.698846,-0.022117,0.418663,0.745544,-0.014761,0.432532,0.777434,-0.008749,0.488486,0.714473,-0.011370,0.450588,0.711765,-0.017947,0.448585,0.748681,-0.009748,0.461052,0.779284,-0.003496,0.512952,0.718546,-0.007028,0.480418,0.721726,-0.012784,0.478977,0.754351,-0.008842,0.489784,0.779451,-0.004312
315,1694846647.654085,1,-21.0727,-21.0727,2.6249,0.6326,28.7121,1219.7990,31.5090,3827.0555,2.5673,130.6744,125.9439,150.7205,122.5904,91.6605,54.6639,0.000000,0.520968,0.934732,-0.000000,0.453978,0.947620,-0.009426,0.399171,0.872606,-0.011454,0.383338,0.771689,-0.010856,0.393695,0.714882,-0.009700,0.421546,0.757983,-0.018523,0.397270,0.643139,-0.023778,0.385874,0.575291,-0.026192,0.378451,0.521348,-0.029253,0.462163,0.722407,-0.013694,0.426490,0.699054,-0.018757,0.424571,0.743997,-0.012172,0.436387,0.777826,-0.006696,0.494742,0.716411,-0.009042,0.458473,0.711679,-0.016205,0.457134,0.748337,-0.009093,0.468354,0.781121,-0.003148,0.521102,0.722075,-0.004861,0.490266,0.721483,-0.010286,0.487739,0.753978,-0.006433,0.496672,0.782212,-0.001753
316,1694846647.662418,0,,,0.0000,0.0000,0.0000,0.0000,32.5937,3849.7056,2.5639,105.4969,138.3440,166.9573,136.3990,103.2904,61.6553,0.000000,0.525361,0.937739,-0.000000,0.456944,0.946816,-0.008219,0.403384,0.869661,-0.009165,0.389196,0.769889,-0.007790,0.399831,0.713702,-0.005905,0.427208,0.755939,-0.015318,0.406877,0.644089,-0.018806,0.397525,0.579259,-0.019886,0.391530,0.527808,-0.022060,0.468019,0.722916,-0.010797,0.432547,0.696235,-0.014018,0.428949,0.739966,-0.007135,0.439621,0.773731,-0.001773,0.500462,0.717831,-0.006464,0.463506,0.709171,-0.012412,0.460824,0.746444,-0.005775,0.471364,0.779503,-0.000397,0.526453,0.723510,-0.002491,0.494544,0.720956,-0.006828,0.491395,0.753598,-0.003083,0.500177,0.782166,0.001235
317,1694846647.670751,0,,,0.0000,0.0000,0.0000,0.0000,4.3183,4102.4026,3.3210,73.1281,148.4789,179.5333,147.8232,112.9614,68.3030,0.000000,0.527166,0.935350,-0.000000,0.458925,0.940164,-0.008267,0.406832,0.861345,-0.009115,0.395847,0.762999,-0.007582,0.411715,0.710696,-0.005437,0.435441,0.751388,-0.014953,0.416061,0.644402,-0.018791,0.407393,0.582339,-0.021030,0.402103,0.531284,-0.024485,0.477430,0.721039,-0.011095,0.440051,0.694252,-0.014935,0.437169,0.739370,-0.008811,0.449152,0.771313,-0.004061,0.508673,0.717980,-0.007544,0.470208,0.707271,-0.013107,0.466805,0.745104,-0.006360,0.477563,0.776476,-0.001211,0.532793,0.726368,-0.004539,0.500407,0.721927,-0.008867,0.497775,0.751790,-0.005330,0.507112,0.778696,-0.001421
318,1694846647.679085,0,,,0.0000,0.0000,0.0000,0.0000,26.2068,4015.6366,3.1705,64.5201,161.2811,186.5828,155.1245,120.7219,76.3511,0.000000,0.531100,0.934233,-0.000000,0.463883,0.940194,-0.007082,0.412870,0.863025,-0.007361,0.400773,0.765239,-0.004662,0.418538,0.717912,-0.001423,0.441303,0.751096,-0.016132,0.423705,0.642995,-0.018129,0.415851,0.581636,-0.019210,0.410731,0.531501,-0.021820,0.482851,0.720539,-0.010917,0.446324,0.691481,-0.009785,0.442409,0.735475,-0.000651,0.452606,0.768789,0.005397,0.514018,0.718609,-0.005627,0.475560,0.708703,-0.006991,0.471357,0.745236,0.000123,0.480799,0.777579,0.004714,0.538026,0.727501,-0.000614,0.506724,0.723729,-0.001790,0.503659,0.752614,0.001960,0.511687,0.779731,0.005390
319,1694846647.687418,0,,,0.0000,0.0000,0.0000,0.0000,27.9060,3900.3457,2.7638,64.9136,171.5491,197.9835,164.1016,127.8684,81.9698,0.000000,0.533463,0.939940,-0.000000,0.466313,0.939684,-0.008585,0.415171,0.857968,-0.009254,0.404870,0.758430,-0.007743,0.420673,0.706235,-0.005428,0.444749,0.746402,-0.012632,0.429184,0.639562,-0.015419,0.423327,0.578280,-0.016472,0.420249,0.529115,-0.018832,0.486627,0.718896,-0.008583,0.452233,0.694292,-0.012360,0.448921,0.738460,-0.006953,0.458851,0.772470,-0.002358,0.518357,0.717157,-0.004932,0.481809,0.707726,-0.011127,0.478691,0.745386,-0.005528,0.487638,0.778806,-0.000603,0.543100,0.726175,-0.001787,0.511935,0.721607,-0.006087,0.508502,0.752284,-0.002818,0.515982,0.781232,0.001281
320,1694846647.695751,0,,,0.0000,0.0000,0.0000,0.0000,7.0944,4488.9974,3.3524,73.8210,174.5024,201.8146,167.8518,131.2769,85.2138,0.000000,0.537692,0.931084,-0.000000,0.469697,0.936671,-0.008020,0.418995,0.855184,-0.008685,0.408391,0.755345,-0.006756,0.426254,0.706696,-0.004485,0.452223,0.744886,-0.014403,0.434891,0.639480,-0.016389,0.427362,0.577824,-0.017377,0.423225,0.528247,-0.019840,0.493740,0.717056,-0.009554,0.459225,0.693430,-0.011479,0.454822,0.736908,-0.004642,0.465242,0.770137,0.000542,0.524497,0.716291,-0.004809,0.488776,0.707093,-0.009622,0.484048,0.743344,-0.003911,0.493572,0.776366,0.000689,0.547785,0.725581,-0.000346,0.517896,0.721026,-0.004016,0.514246,0.751507,-0.000974,0.522820,0.779872,0.002633
321,1694846647.704085,0,,,0.0000,0.0000,0.0000,0.0000,,,,,,,,,,,0.000000,0.000000,0.000000,0.000000,0.000000,0.000000,0.000000,0.000000,0.000000,0.000000,0.000000,0.000000,0.000000,0.000000,0.000000,0.000000,0.000000,0.000000,0.000000,0.000000,0.000000,0.000000,0.000000,0.000000,0.000000,0.000000,0.000000,0.000000,0.000000,0.000000,0.000000,0.000000,0.000000,0.000000,0.000000,0.000000,0.000000,0.000000,0.000000,0.000000,0.000000,0.000000,0.000000,0.000000,0.000000,0.000000,0.000000,0.000000,0.000000,0.000000,0.000000,0.000000,0.000000,0.000000,0.000000,0.000000,0.000000,0.000000,0.000000,0.000000,0.000000,0.000000,0.000000
322,1694846647.712418,0,,,0.0000,0.0000,0.0000,0.0000,,,,,,,,,,,0.000000,0.000000,0.000000,0.000000,0.000000,0.000000,0.000000,0.000000,0.000000,0.000000,0.000000,0.000000,0.000000,0.000000,0.000000,0.000000,0.000000,0.000000,0.000000,0.000000,0.000000,0.000000,0.000000,0.000000,0.000000,0.000000,0.000000,0.000000,0.000000,0.000000,0.000000,0.000000,0.000000,0.000000,0.000000,0.000000,0.000000,0.000000,0.000000,0.000000,0.000000,0.000000,0.000000,0.000000,0.000000,0.000000,0.000000,0.000000,0.000000,0.000000,0.000000,0.000000,0.000000,0.000000,0.000000,0.000000,0.000000,0.000000,0.000000,0.000000,0.000000,0.000000,0.000000
323,1694846647.720751,0,,,0.0000,0.0000,0.0000,0.0000,,4065.9465,2.7668,76.5980,202.7873,216.0177,179.3405,142.0668,96.7488,0.000000,0.543137,0.931773,-0.000000,0.474365,0.931231,-0.007972,0.425890,0.846502,-0.007674,0.416791,0.747396,-0.004402,0.434827,0.703992,-0.000802,0.460120,0.738487,-0.014780,0.445522,0.624775,-0.015944,0.441192,0.561566,-0.015862,0.440036,0.510471,-0.017230,0.502166,0.713605,-0.008915,0.467351,0.685675,-0.009438,0.462093,0.729548,-0.001701,0.471505,0.763033,0.004139,0.533029,0.714409,-0.002990,0.495793,0.703390,-0.006353,0.491560,0.740446,-0.000306,0.500414,0.773114,0.004473,0.556468,0.725032,0.002706,0.525468,0.716221,0.000629,0.521479,0.747027,0.004548,0.528549,0.776394,0.008772
324,1694846647.729085,0,,,0.0000,0.0000,0.0000,0.0000,2.9527,3922.8601,2.4443,73.0023,207.1840,217.6314,180.4755,143.2335,98.7663,0.000000,0.544532,0.930118,-0.000000,0.476015,0.926112,-0.008101,0.428355,0.841242,-0.008200,0.421334,0.742293,-0.005094,0.440581,0.696559,-0.001500,0.464874,0.734489,-0.016820,0.450194,0.618176,-0.017494,0.445470,0.555393,-0.016776,0.443309,0.505428,-0.017906,0.507814,0.711077,-0.010954,0.471037,0.683979,-0.010745,0.465284,0.726954,-0.002552,0.474529,0.760601,0.003058,0.538042,0.713171,-0.004952,0.499263,0.701694,-0.007261,0.495236,0.737674,-0.001384,0.504323,0.770373,0.002654,0.560090,0.724312,0.000800,0.528166,0.716112,-0.000783,0.524461,0.745045,0.002533,0.531755,0.773597,0.005960
325,1694846647.737418,0,,,0.0000,0.0000,0.0000,0.0000,,,,,,,,,,,0.000000,0.000000,0.000000,0.000000,0.000000,0.000000,0.000000,0.000000,0.000000,0.000000,0.000000,0.000000,0.000000,0.000000,0.000000,0.000000,0.000000,0.000000,0.000000,0.000000,0.000000,0.000000,0.000000,0.000000,0.000000,0.000000,0.000000,0.000000,0.000000,0.000000,0.000000,0.000000,0.000000,0.000000,0.000000,0.000000,0.000000,0.000000,0.000000,0.000000,0.000000,0.000000,0.000000,0.000000,0.000000,0.000000,0.000000,0.000000,0.000000,0.000000,0.000000,0.000000,0.000000,0.000000,0.000000,0.000000,0.000000,0.000000,0.000000,0.000000,0.000000,0.000000,0.000000
326,1694846647.745751,0,,,0.0000,0.0000,0.0000,0.0000,,,,,,,,,,,0.000000,0.000000,0.000000,0.000000,0.000000,0.000000,0.000000,0.000000,0.000000,0.000000,0.000000,0.000000,0.000000,0.000000,0.000000,0.000000,0.000000,0.000000,0.000000,0.000000,0.000000,0.000000,0.000000,0.000000,0.000000,0.000000,0.000000,0.000000,0.000000,0.000000,0.000000,0.000000,0.000000,0.000000,0.000000,0.000000,0.000000,0.000000,0.000000,0.000000,0.000000,0.000000,0.000000,0.000000,0.000000,0.000000,0.000000,0.000000,0.000000,0.000000,0.000000,0.000000,0.000000,0.000000,0.000000,0.000000,0.000000,0.000000,0.000000,0.000000,0.000000,0.000000,0.000000
327,1694846647.754085,0,,,0.0000,0.0000,0.0000,0.0000,,,,,,,,,,,0.000000,0.000000,0.000000,0.000000,0.000000,0.000000,0.000000,0.000000,0.000000,0.000000,0.000000,0.000000,0.000000,0.000000,0.000000,0.000000,0.000000,0.000000,0.000000,0.000000,0.000000,0.000000,0.000000,0.000000,0.000000,0.000000,0.000000,0.000000,0.000000,0.000000,0.000000,0.000000,0.000000,0.000000,0.000000,0.000000,0.000000,0.000000,0.000000,0.000000,0.000000,0.000000,0.000000,0.000000,0.000000,0.000000,0.000000,0.000000,0.000000,0.000000,0.000000,0.000000,0.000000,0.000000,0.000000,0.000000,0.000000,0.000000,0.000000,0.000000,0.000000,0.000000,0.000000
328,1694846647.762418,0,,,0.0000,0.0000,0.0000,0.0000,,,,,,,,,,,0.000000,0.000000,0.000000,0.000000,0.000000,0.000000,0.000000,0.000000,0.000000,0.000000,0.000000,0.000000,0.000000,0.000000,0.000000,0.000000,0.000000,0.000000,0.000000,0.000000,0.000000,0.000000,0.000000,0.000000,0.000000,0.000000,0.000000,0.000000,0.000000,0.000000,0.000000,0.000000,0.000000,0.000000,0.000000,0.000000,0.000000,0.000000,0.000000,0.000000,0.000000,0.000000,0.000000,0.000000,0.000000,0.000000,0.000000,0.000000,0.000000,0.000000,0.000000,0.000000,0.000000,0.000000,0.000000,0.000000,0.000000,0.000000,0.000000,0.000000,0.000000,0.000000,0.000000
329,1694846647.770751,0,,,0.0000,0.0000,0.0000,0.0000,,4287.4984,1.4763,87.5147,218.3295,224.6335,187.4127,150.0128,105.8332,0.000000,0.542028,0.917732,-0.000000,0.474628,0.915769,-0.008207,0.428526,0.831568,-0.008968,0.421897,0.735579,-0.006132,0.440936,0.692583,-0.003132,0.465679,0.726142,-0.020879,0.453221,0.611291,-0.023727,0.449434,0.546296,-0.024936,0.448371,0.494561,-0.027109,0.508432,0.702646,-0.014767,0.475198,0.669978,-0.014626,0.468238,0.712353,-0.005212,0.476767,0.747355,0.001176,0.539342,0.705800,-0.008482,0.503102,0.690114,-0.011274,0.497324,0.724542,-0.004810,0.505647,0.759509,-0.000287,0.562332,0.717218,-0.002326,0.532295,0.706954,-0.004682,0.527621,0.735719,-0.001150,0.533877,0.765942,0.002443
330,1694846647.779085,0,,,0.0000,0.0000,0.0000,0.0000,,,,,,,,,,,0.000000,0.000000,0.000000,0.000000,0.000000,0.000000,0.000000,0.000000,0.000000,0.000000,0.000000,0.000000,0.000000,0.000000,0.000000,0.000000,0.000000,0.000000,0.000000,0.000000,0.000000,0.000000,0.000000,0.000000,0.000000,0.000000,0.000000,0.000000,0.000000,0.000000,0.000000,0.000000,0.000000,0.000000,0.000000,0.000000,0.000000,0.000000,0.000000,0.000000,0.000000,0.000000,0.000000,0.000000,0.000000,0.000000,0.000000,0.000000,0.000000,0.000000,0.000000,0.000000,0.000000,0.000000,0.000000,0.000000,0.000000,0.000000,0.000000,0.000000,0.000000,0.000000,0.000000
331,1694846647.787418,0,,,0.0000,0.0000,0.0000,0.0000,,,,,,,,,,,0.000000,0.000000,0.000000,0.000000,0.000000,0.000000,0.000000,0.000000,0.000000,0.000000,0.000000,0.000000,0.000000,0.000000,0.000000,0.000000,0.000000,0.000000,0.000000,0.000000,0.000000,0.000000,0.000000,0.000000,0.000000,0.000000,0.000000,0.000000,0.000000,0.000000,0.000000,0.000000,0.000000,0.000000,0.000000,0.000000,0.000000,0.000000,0.000000,0.000000,0.000000,0.000000,0.000000,0.000000,0.000000,0.000000,0.000000,0.000000,0.000000,0.000000,0.000000,0.000000,0.000000,0.000000,0.000000,0.000000,0.000000,0.000000,0.000000,0.000000,0.000000,0.000000,0.000000
332,1694846647.795751,0,,,0.0000,0.0000,0.0000,0.0000,,,,,,,,,,,0.000000,0.000000,0.000000,0.000000,0.000000,0.000000,0.000000,0.000000,0.000000,0.000000,0.000000,0.000000,0.000000,0.000000,0.000000,0.000000,0.000000,0.000000,0.000000,0.000000,0.000000,0.000000,0.000000,0.000000,0.000000,0.000000,0.000000,0.000000,0.000000,0.000000,0.000000,0.000000,0.000000,0.000000,0.000000,0.000000,0.000000,0.000000,0.000000,0.000000,0.000000,0.000000,0.000000,0.000000,0.000000,0.000000,0.000000,0.000000,0.000000,0.000000,0.000000,0.000000,0.000000,0.000000,0.000000,0.000000,0.000000,0.000000,0.000000,0.000000,0.000000,0.000000,0.000000
333,1694846647.804085,0,,,0.0000,0.0000,0.0000,0.0000,,3906.1979,3.0905,77.8318,211.4928,215.6907,177.2119,139.6701,95.3145,0.000000,0.539866,0.922153,-0.000000,0.471003,0.924276,-0.007004,0.420561,0.838549,-0.008223,0.411398,0.735823,-0.006348,0.430659,0.685883,-0.004519,0.456310,0.730044,-0.021158,0.444808,0.606688,-0.023981,0.441393,0.536177,-0.024643,0.439838,0.482205,-0.026546,0.499118,0.701979,-0.015901,0.464199,0.676375,-0.017090,0.458525,0.719871,-0.007924,0.467244,0.754480,-0.001607,0.530291,0.702205,-0.010100,0.491907,0.693250,-0.013486,0.488441,0.728880,-0.005851,0.497414,0.763306,-0.000616,0.553431,0.711844,-0.004341,0.520020,0.709122,-0.006853,0.517666,0.739821,-0.002168,0.525972,0.768127,0.002467
334,1694846647.812418,0,,,0.0000,0.0000,0.0000,0.0000,61.2632,3908.6387,3.5661,82.8735,208.1169,209.4189,171.6263,134.1424,89.7741,0.000000,0.536125,0.915428,-0.000000,0.468253,0.923855,-0.007006,0.417040,0.839186,-0.009247,0.408394,0.736448,-0.008220,0.429849,0.686824,-0.007479,0.454162,0.734510,-0.023093,0.440379,0.611410,-0.027597,0.436601,0.538434,-0.029857,0.435324,0.482639,-0.032705,0.497115,0.704096,-0.017772,0.460646,0.671198,-0.019417,0.453678,0.715555,-0.009291,0.462907,0.751061,-0.002087,0.527600,0.702378,-0.012012,0.488054,0.688721,-0.015065,0.481916,0.723536,-0.007001,0.491229,0.757498,-0.001456,0.550145,0.709902,-0.006236,0.514671,0.703700,-0.008015,0.510193,0.734637,-0.003005,0.518531,0.762608,0.001602
335,1694846647.820751,0,,,0.0000,0.0000,0.0000,0.0000,27.5893,4116.0677,3.3650,81.6042,204.4006,206.0433,168.2220,130.1600,84.9058,0.000000,0.534967,0.920130,-0.000000,0.466004,0.925505,-0.007377,0.414011,0.841881,-0.009550,0.404274,0.736273,-0.008684,0.425332,0.683656,-0.007782,0.449244,0.732735,-0.022418,0.435898,0.606088,-0.026220,0.432841,0.534212,-0.027225,0.431611,0.479582,-0.029269,0.492202,0.702378,-0.017063,0.455912,0.671486,-0.019315,0.450112,0.715169,-0.010057,0.458984,0.751108,-0.003487,0.523458,0.699629,-0.011130,0.484508,0.687613,-0.015157,0.480490,0.723078,-0.006903,0.489597,0.758715,-0.001072,0.547062,0.706457,-0.005263,0.513152,0.701651,-0.008037,0.510260,0.732728,-0.003039,0.518594,0.761826,0.001911
336,1694846647.829085,0,,,0.0000,0.0000,0.0000,0.0000,20.7305,3958.6466,2.9318,85.3063,198.1898,201.0948,163.6341,125.7746,80.3999,0.000000,0.530762,0.916650,-0.000000,0.462268,0.925856,-0.008614,0.409764,0.840993,-0.011515,0.399530,0.733679,-0.011182,0.420142,0.680879,-0.010860,0.445951,0.733208,-0.023192,0.431889,0.607054,-0.027285,0.427940,0.535913,-0.028214,0.426421,0.480699,-0.030190,0.488462,0.702872,-0.017570,0.452945,0.668001,-0.020493,0.447619,0.712674,-0.010808,0.457520,0.748157,-0.003634,0.519440,0.700159,-0.011633,0.481139,0.685290,-0.016351,0.477019,0.721508,-0.007972,0.486621,0.755567,-0.001885,0.542517,0.706089,-0.005869,0.509194,0.699694,-0.009190,0.506411,0.732276,-0.004438,0.515083,0.760597,0.000291
337,1694846647.837418,0,,,0.0000,0.0000,0.0000,0.0000,4.0293,3877.3252,2.7581,87.7631,193.8158,195.3169,158.3099,120.6677,74.7801,0.000000,0.527989,0.916020,-0.000000,0.459247,0.924177,-0.007795,0.406872,0.839807,-0.009944,0.396915,0.734045,-0.008911,0.417550,0.681982,-0.007783,0.440319,0.734873,-0.022890,0.426850,0.609027,-0.026412,0.423131,0.538058,-0.027315,0.421435,0.483673,-0.029663,0.483519,0.702407,-0.017643,0.448693,0.671544,-0.019650,0.443807,0.714550,-0.010078,0.453450,0.748256,-0.003589,0.515114,0.698844,-0.011955,0.477823,0.687158,-0.015517,0.474317,0.721924,-0.007072,0.484049,0.755324,-0.001555,0.538723,0.705279,-0.006465,0.506592,0.699527,-0.009413,0.503938,0.730200,-0.004986,0.512507,0.758184,-0.000781
338,1694846647.845751,0,,,0.0000,0.0000,0.0000,0.0000,18.2564,4074.2417,2.5092,86.8796,181.8138,187.7528,151.7024,113.9754,67.6102,0.000000,0.525256,0.916111,-0.000000,0.454322,0.923589,-0.007144,0.401902,0.843889,-0.008951,0.391236,0.740140,-0.007687,0.409178,0.686548,-0.006206,0.435870,0.734645,-0.022072,0.420843,0.613149,-0.026569,0.416360,0.541206,-0.028264,0.413446,0.486015,-0.030714,0.478438,0.702142,-0.017134,0.439703,0.668544,-0.019144,0.433443,0.710275,-0.009759,0.442172,0.744423,-0.003199,0.509210,0.697777,-0.011765,0.468265,0.681486,-0.015571,0.461703,0.715564,-0.006954,0.469569,0.749310,-0.000871,0.532296,0.703733,-0.006498,0.495202,0.694895,-0.008554,0.489096,0.724312,-0.003261,0.495479,0.752749,0.001642
339,1694846647.854085,0,,,0.0000,0.0000,0.0000,0.0000,50.0539,4213.0871,3.4768,89.0424,177.5054,184.3581,148.5576,111.5453,65.8988,0.000000,0.520346,0.920505,-0.000000,0.449790,0.926830,-0.007329,0.397380,0.844082,-0.008523,0.386190,0.739484,-0.007071,0.404072,0.687283,-0.005424,0.429750,0.735085,-0.018368,0.415338,0.615124,-0.021834,0.412217,0.543124,-0.022993,0.410919,0.488343,-0.025104,0.472233,0.702392,-0.013907,0.434363,0.670486,-0.017279,0.428991,0.713787,-0.009563,0.437916,0.749915,-0.003206,0.503855,0.697830,-0.009210,0.463133,0.686435,-0.013623,0.457762,0.720104,-0.006499,0.465634,0.753569,-0.000817,0.527667,0.703983,-0.004742,0.491164,0.699785,-0.007023,0.485003,0.728535,-0.002670,0.490446,0.755744,0.001909
340,1694846647.862418,0,,,0.0000,0.0000,0.0000,0.0000,21.6330,3881.1637,3.1375,78.9907,164.7459,171.5331,137.1775,100.9724,55.7562,0.000000,0.517676,0.919462,-0.000000,0.446354,0.926858,-0.006421,0.394002,0.845362,-0.006747,0.382547,0.743024,-0.003890,0.399114,0.689954,-0.000586,0.424774,0.739174,-0.020536,0.408433,0.615529,-0.024347,0.403296,0.543719,-0.025355,0.399773,0.488763,-0.027209,0.467751,0.705625,-0.015340,0.430612,0.665844,-0.016005,0.424807,0.706870,-0.005660,0.433394,0.741668,0.001571,0.499370,0.700532,-0.009820,0.459738,0.683132,-0.012253,0.453929,0.716448,-0.003769,0.461991,0.750349,0.001971,0.522681,0.705763,-0.004404,0.488610,0.696805,-0.005541,0.482845,0.725684,-0.000659,0.488417,0.754481,0.003699
341,1694846647.870751,0,,,0.0000,0.0000,0.0000,0.0000,11.8983,3932.3400,3.4973,97.4707,156.1057,163.3269,131.4909,96.9329,53.6968,0.000000,0.515933,0.917613,-0.000000,0.445425,0.932042,-0.007414,0.390793,0.853742,-0.008016,0.376664,0.750026,-0.005345,0.392399,0.693740,-0.002324,0.419418,0.742744,-0.020087,0.401140,0.623717,-0.023901,0.395196,0.551937,-0.025509,0.391681,0.496053,-0.027984,0.461746,0.706222,-0.014706,0.423549,0.672670,-0.015507,0.419087,0.714615,-0.005802,0.429187,0.747775,0.000894,0.492842,0.699296,-0.009171,0.453028,0.685804,-0.011618,0.447881,0.719007,-0.003588,0.457222,0.750721,0.001673,0.516131,0.703008,-0.003878,0.481163,0.698813,-0.005240,0.476972,0.727944,-0.000718,0.484428,0.754604,0.003311
342,1694846647.879085,1,,,0.0000,0.0000,0.0000,0.0000,13.5695,3903.0963,2.5923,114.8966,143.6913,154.2508,123.3049,90.4894,49.5729,0.000000,0.511103,0.916304,-0.000000,0.441277,0.935715,-0.007188,0.385875,0.862209,-0.009380,0.371037,0.758007,-0.008819,0.386850,0.701020,-0.008079,0.414858,0.745815,-0.019955,0.394505,0.625863,-0.024785,0.386520,0.554167,-0.026752,0.381688,0.499083,-0.029155,0.456740,0.709342,-0.015198,0.417087,0.682309,-0.018256,0.414042,0.726469,-0.009094,0.426440,0.759200,-0.002095,0.487472,0.703261,-0.010293,0.447163,0.694454,-0.015411,0.443628,0.729907,-0.007285,0.454878,0.761944,-0.001064,0.510696,0.707332,-0.005440,0.475862,0.703013,-0.008174,0.472973,0.733821,-0.002886,0.482129,0.761195,0.002280
343,1694846647.887418,1,-16.4857,-16.4857,-11.7255,0.0000,26.2297,371.6255,2.7729,3537.1723,3.1746,139.8326,124.8480,147.7060,118.8486,87.5232,51.9512,0.000000,0.505706,0.915220,-0.000000,0.437661,0.937641,-0.006811,0.381116,0.865825,-0.007843,0.364820,0.764872,-0.006117,0.381659,0.711018,-0.004129,0.407270,0.748316,-0.018454,0.384785,0.631207,-0.023125,0.376242,0.560222,-0.025124,0.371775,0.506052,-0.027391,0.448338,0.711415,-0.014000,0.408882,0.686490,-0.017409,0.406047,0.730700,-0.008638,0.418552,0.763263,-0.001500,0.479367,0.704539,-0.009514,0.438530,0.699230,-0.014969,0.435947,0.734464,-0.007396,0.447726,0.764259,-0.001209,0.503281,0.708576,-0.005061,0.466752,0.707925,-0.007755,0.464483,0.739300,-0.002370,0.474113,0.765464,0.002961
344,1694846647.895751,1,20.6525,20.6525,-3.2185,8.5070,24.1822,59.5715,26.9970,4022.1902,2.1592,137.4113,117.3063,143.1895,117.6766,89.2089,56.9285,0.000000,0.500511,0.916160,-0.000000,0.432803,0.942221,-0.007556,0.376322,0.871591,-0.009413,0.359480,0.770466,-0.008869,0.372644,0.713114,-0.008165,0.399477,0.755562,-0.016357,0.378981,0.641405,-0.022702,0.369205,0.569973,-0.027243,0.362993,0.513557,-0.031699,0.439477,0.715777,-0.012098,0.403318,0.689823,-0.015614,0.401859,0.733569,-0.007894,0.415014,0.764126,-0.001943,0.470526,0.706935,-0.008206,0.432591,0.698175,-0.013952,0.429835,0.733366,-0.006299,0.442141,0.762644,-0.000402,0.494850,0.709131,-0.004594,0.461072,0.705908,-0.008580,0.459053,0.737943,-0.003632,0.469828,0.764768,0.001356
345,1694846647.904085,1,28.7817,28.7817,13.6907,16.9092,22.8297,389.2238,43.4831,4775.6081,2.1511,148.2708,107.5493,135.4108,111.6894,85.9325,60.5304,0.000000,0.494999,0.914834,-0.000000,0.428372,0.943482,-0.007925,0.371065,0.877397,-0.010121,0.351990,0.779158,-0.009531,0.363133,0.723039,-0.008846,0.393580,0.759020,-0.019714,0.370252,0.642464,-0.027518,0.360520,0.569218,-0.033189,0.354731,0.512187,-0.038261,0.434393,0.718045,-0.015469,0.396546,0.697192,-0.020406,0.395286,0.741471,-0.012982,0.408986,0.769884,-0.007282,0.465731,0.708960,-0.011494,0.426762,0.705644,-0.018080,0.424633,0.739564,-0.010009,0.437568,0.767108,-0.003819,0.490079,0.711546,-0.007786,0.455952,0.710680,-0.012634,0.454464,0.741482,-0.007374,0.465357,0.766746,-0.001930
346,1694846647.912418,1,24.9433,24.9433,11.5040,-2.1867,21.5490,363.2457,17.5106,5267.1840,1.4489,146.5008,92.3131,126.6115,109.3684,90.2552,74.2908,0.000179,0.491875,0.922133,-0.000000,0.423471,0.948581,-0.008472,0.366840,0.879730,-0.009248,0.346802,0.784458,-0.007568,0.351266,0.728224,-0.005634,0.383337,0.760372,-0.017114,0.359529,0.644992,-0.023726,0.347946,0.576076,-0.027831,0.340546,0.521414,-0.031747,0.423205,0.720133,-0.012697,0.386605,0.701817,-0.017581,0.385931,0.745876,-0.011181,0.399628,0.773876,-0.006061,0.455292,0.709704,-0.008691,0.417126,0.708181,-0.015359,0.417046,0.743733,-0.007933,0.430179,0.772060,-0.001921,0.480729,0.711801,-0.005201,0.447574,0.711506,-0.009862,0.446277,0.743549,-0.004869,0.456926,0.770738,0.000632
347,1694846647.920751,1,-25.1355,-25.1355,-2.1624,-13.6665,22.6542,1452.2625,8.2332,5505.1902,1.6319,141.4228,84.3056,124.5575,113.1659,99.6445,90.0797,0.003028,0.488074,0.926907,-0.000000,0.419726,0.952048,-0.009258,0.360270,0.884730,-0.010699,0.337055,0.787719,-0.009492,0.341732,0.726825,-0.007683,0.377152,0.766438,-0.018619,0.346975,0.649826,-0.025298,0.334021,0.582414,-0.028636,0.325885,0.528443,-0.032029,0.417255,0.723986,-0.014230,0.374536,0.693774,-0.020248,0.373509,0.736979,-0.013707,0.387540,0.766662,-0.008092,0.448848,0.711414,-0.010243,0.404932,0.700620,-0.017596,0.403382,0.734465,-0.009812,0.416521,0.762696,-0.003423,0.472622,0.711478,-0.006836,0.435202,0.707421,-0.012265,0.432634,0.738947,-0.007614,0.443187,0.766591,-0.002388
348,1694846647.929085,1,-27.1942,-27.1942,-11.9617,-9.7992,25.1045,2141.2788,12.8693,4997.1048,2.3256,137.0008,74.6579,128.6587,120.4267,109.7989,102.9400,0.004116,0.483636,0.925609,-0.000000,0.416757,0.953068,-0.008784,0.356585,0.890350,-0.009868,0.332676,0.796421,-0.008578,0.335537,0.736503,-0.006626,0.369301,0.772781,-0.017739,0.338010,0.660553,-0.024974,0.325062,0.592294,-0.029317,0.316451,0.537789,-0.033213,0.407194,0.729455,-0.013511,0.366962,0.705310,-0.019034,0.366788,0.746829,-0.012859,0.380214,0.775659,-0.007738,0.437483,0.715858,-0.009737,0.396526,0.712040,-0.016354,0.395865,0.745670,-0.008638,0.408712,0.773366,-0.002469,0.461058,0.714989,-0.006677,0.425547,0.716165,-0.011113,0.423520,0.747350,-0.005987,0.433355,0.774939,-0.000549
349,1694846647.937418,1,25.3004,25.3004,-0.8703,11.0914,25.7661,1759.7876,3.9214,5288.7386,2.4506,137.8843,62.4473,130.4890,127.9345,121.4662,117.5988,0.007485,0.477392,0.924768,-0.000000,0.411220,0.956334,-0.008530,0.351807,0.896059,-0.008808,0.324981,0.806361,-0.006631,0.324201,0.748785,-0.004051,0.360979,0.777118,-0.016653,0.328805,0.666083,-0.023534,0.314927,0.598659,-0.027225,0.305914,0.545014,-0.030205,0.398254,0.732182,-0.012082,0.354671,0.700790,-0.016022,0.353034,0.741588,-0.008603,0.366067,0.773506,-0.002255,0.428881,0.717691,-0.008080,0.384955,0.708708,-0.014450,0.384106,0.742584,-0.007055,0.397255,0.770834,-0.000541,0.452610,0.716487,-0.004562,0.415700,0.713871,-0.008507,0.413409,0.744392,-0.003333,0.423585,0.771663,0.002261
350,1694846647.945751,1,-36.4438,-36.4438,-15.3468,-14.4765,27.0734,1755.6857,24.6542,5888.6448,3.1813,134.1065,44.7093,144.5955,145.3869,140.3987,136.9691,0.007916,0.468784,0.919801,-0.000000,0.405434,0.954521,-0.008694,0.345130,0.900269,-0.011499,0.318994,0.812826,-0.012007,0.322676,0.757622,-0.012365,0.355722,0.792137,-0.018946,0.324096,0.684734,-0.027795,0.308641,0.617930,-0.033283,0.297651,0.565465,-0.037987,0.391458,0.742434,-0.015478,0.347526,0.710820,-0.022196,0.347535,0.749531,-0.016459,0.361465,0.778887,-0.011301,0.421354,0.722523,-0.012350,0.377159,0.712168,-0.020063,0.376682,0.743636,-0.012007,0.389732,0.771741,-0.005237,0.445045,0.715948,-0.009748,0.408015,0.713835,-0.015803,0.405962,0.742362,-0.011014,0.416198,0.767249,-0.005584
351,1694846647.954085,1,-34.5872,-34.5872,-2.3629,12.9839,22.8591,2221.4652,4.0427,5956.3276,1.7524,125.8735,47.5798,149.6874,156.4537,155.7151,155.8500,0.008460,0.467399,0.924324,-0.000000,0.404076,0.960741,-0.007733,0.344063,0.910044,-0.008358,0.315164,0.826249,-0.006576,0.310252,0.769199,-0.004430,0.349124,0.793663,-0.017294,0.313587,0.689236,-0.025167,0.295396,0.624866,-0.029753,0.281722,0.575708,-0.033302,0.383383,0.742751,-0.013851,0.336029,0.708621,-0.018217,0.334571,0.747786,-0.011349,0.347070,0.779373,-0.005470,0.412188,0.722383,-0.010811,0.364741,0.709812,-0.017001,0.362905,0.742633,-0.009064,0.374991,0.771982,-0.002444,0.434529,0.716195,-0.008269,0.395051,0.713354,-0.012941,0.390763,0.741737,-0.007986,0.398847,0.769342,-0.002560
352,1694846647.962418,1,-59.1432,-59.1432,-7.9872,-5.6243,27.9771,2274.6168,58.3927,7138.0622,1.9243,140.0756,56.0954,160.9357,170.7776,172.5797,174.6507,0.001425,0.459027,0.925918,-0.000000,0.397323,0.964420,-0.011079,0.337837,0.917567,-0.014854,0.311167,0.833270,-0.014978,0.309398,0.774013,-0.015025,0.345113,0.805078,-0.028090,0.305749,0.701178,-0.039789,0.284394,0.636054,-0.047646,0.267143,0.586540,-0.053666,0.378655,0.750093,-0.022562,0.328100,0.722650,-0.027422,0.326195,0.761631,-0.019420,0.338499,0.791147,-0.013690,0.406155,0.726809,-0.017428,0.356198,0.719909,-0.023000,0.353100,0.752221,-0.013433,0.364602,0.781260,-0.006660,0.427837,0.717908,-0.013070,0.386793,0.717793,-0.018408,0.380850,0.747041,-0.013245,0.387653,0.773547,-0.007959
353,1694846647.970751,0,-53.4919,-53.4919,-19.6981,-11.7109,30.0263,2234.4982,18.3131,8254.4461,3.3226,131.3951,64.0937,172.1464,183.8403,187.3034,190.7102,0.000000,0.455158,0.930786,-0.000000,0.391765,0.968727,-0.009841,0.331458,0.924051,-0.012229,0.303375,0.842305,-0.011748,0.300660,0.785377,-0.011014,0.336719,0.807382,-0.022131,0.295631,0.708017,-0.032549,0.273823,0.645069,-0.039834,0.256553,0.596715,-0.045722,0.369950,0.753583,-0.017628,0.321526,0.732037,-0.022423,0.320854,0.771171,-0.015268,0.332848,0.799994,-0.009996,0.397922,0.731844,-0.013744,0.349940,0.731003,-0.019893,0.348453,0.764620,-0.010723,0.360667,0.792961,-0.003839,0.420261,0.725535,-0.010697,0.379902,0.728992,-0.016535,0.374170,0.760170,-0.011599,0.381163,0.787185,-0.006206
354,1694846647.979085,0,60.8758,60.8758,24.3299,44.0280,43.7586,2160.8312,25.9445,4758.0325,3.5293,108.2716,82.9663,180.4075,195.5070,201.2371,206.9007,0.000000,0.450670,0.933290,-0.000000,0.387325,0.971524,-0.010268,0.326007,0.928604,-0.013909,0.296287,0.843944,-0.013851,0.293842,0.782617,-0.013629,0.330332,0.817575,-0.027552,0.284450,0.717780,-0.037976,0.261517,0.654222,-0.044679,0.243518,0.605750,-0.049903,0.363408,0.760091,-0.021824,0.313224,0.731200,-0.024447,0.312290,0.767124,-0.015179,0.323904,0.798082,-0.008859,0.392024,0.735184,-0.016372,0.343387,0.732624,-0.020991,0.343392,0.763763,-0.011872,0.356380,0.793162,-0.005400,0.414898,0.724800,-0.011457,0.374741,0.730234,-0.016309,0.371615,0.760986,-0.011422,0.380115,0.787669,-0.006439
355,1694846647.987418,0,,,0.0000,0.0000,0.0000,0.0000,,,,,,,,,,,0.000000,0.000000,0.000000,0.000000,0.000000,0.000000,0.000000,0.000000,0.000000,0.000000,0.000000,0.000000,0.000000,0.000000,0.000000,0.000000,0.000000,0.000000,0.000000,0.000000,0.000000,0.000000,0.000000,0.000000,0.000000,0.000000,0.000000,0.000000,0.000000,0.000000,0.000000,0.000000,0.000000,0.000000,0.000000,0.000000,0.000000,0.000000,0.000000,0.000000,0.000000,0.000000,0.000000,0.000000,0.000000,0.000000,0.000000,0.000000,0.000000,0.000000,0.000000,0.000000,0.000000,0.000000,0.000000,0.000000,0.000000,0.000000,0.000000,0.000000,0.000000,0.000000,0.000000
356,1694846647.995751,0,,,0.0000,0.0000,0.0000,0.0000,,,,,,,,,,,0.000000,0.000000,0.000000,0.000000,0.000000,0.000000,0.000000,0.000000,0.000000,0.000000,0.000000,0.000000,0.000000,0.000000,0.000000,0.000000,0.000000,0.000000,0.000000,0.000000,0.000000,0.000000,0.000000,0.000000,0.000000,0.000000,0.000000,0.000000,0.000000,0.000000,0.000000,0.000000,0.000000,0.000000,0.000000,0.000000,0.000000,0.000000,0.000000,0.000000,0.000000,0.000000,0.000000,0.000000,0.000000,0.000000,0.000000,0.000000,0.000000,0.000000,0.000000,0.000000,0.000000,0.000000,0.000000,0.000000,0.000000,0.000000,0.000000,0.000000,0.000000,0.000000,0.000000
357,1694846648.004085,0,,,0.0000,0.0000,0.0000,0.0000,,,,,,,,,,,0.000000,0.000000,0.000000,0.000000,0.000000,0.000000,0.000000,0.000000,0.000000,0.000000,0.000000,0.000000,0.000000,0.000000,0.000000,0.000000,0.000000,0.000000,0.000000,0.000000,0.000000,0.000000,0.000000,0.000000,0.000000,0.000000,0.000000,0.000000,0.000000,0.000000,0.000000,0.000000,0.000000,0.000000,0.000000,0.000000,0.000000,0.000000,0.000000,0.000000,0.000000,0.000000,0.000000,0.000000,0.000000,0.000000,0.000000,0.000000,0.000000,0.000000,0.000000,0.000000,0.000000,0.000000,0.000000,0.000000,0.000000,0.000000,0.000000,0.000000,0.000000,0.000000,0.000000
358,1694846648.012418,0,,,0.0000,0.0000,0.0000,0.0000,,,,,,,,,,,0.000000,0.000000,0.000000,0.000000,0.000000,0.000000,0.000000,0.000000,0.000000,0.000000,0.000000,0.000000,0.000000,0.000000,0.000000,0.000000,0.000000,0.000000,0.000000,0.000000,0.000000,0.000000,0.000000,0.000000,0.000000,0.000000,0.000000,0.000000,0.000000,0.000000,0.000000,0.000000,0.000000,0.000000,0.000000,0.000000,0.000000,0.000000,0.000000,0.000000,0.000000,0.000000,0.000000,0.000000,0.000000,0.000000,0.000000,0.000000,0.000000,0.000000,0.000000,0.000000,0.000000,0.000000,0.000000,0.000000,0.000000,0.000000,0.000000,0.000000,0.000000,0.000000,0.000000
359,1694846648.020751,0,,,0.0000,0.0000,0.0000,0.0000,,,,,,,,,,,0.000000,0.000000,0.000000,0.000000,0.000000,0.000000,0.000000,0.000000,0.000000,0.000000,0.000000,0.000000,0.000000,0.000000,0.000000,0.000000,0.000000,0.000000,0.000000,0.000000,0.000000,0.000000,0.000000,0.000000,0.000000,0.000000,0.000000,0.000000,0.000000,0.000000,0.000000,0.000000,0.000000,0.000000,0.000000,0.000000,0.000000,0.000000,0.000000,0.000000,0.000000,0.000000,0.000000,0.000000,0.000000,0.000000,0.000000,0.000000,0.000000,0.000000,0.000000,0.000000,0.000000,0.000000,0.000000,0.000000,0.000000,0.000000,0.000000,0.000000,0.000000,0.000000,0.000000
360,1694846648.029085,0,,,0.0000,0.0000,0.0000,0.0000,,,,,,,,,,,0.000000,0.000000,0.000000,0.000000,0.000000,0.000000,0.000000,0.000000,0.000000,0.000000,0.000000,0.000000,0.000000,0.000000,0.000000,0.000000,0.000000,0.000000,0.000000,0.000000,0.000000,0.000000,0.000000,0.000000,0.000000,0.000000,0.000000,0.000000,0.000000,0.000000,0.000000,0.000000,0.000000,0.000000,0.000000,0.000000,0.000000,0.000000,0.000000,0.000000,0.000000,0.000000,0.000000,0.000000,0.000000,0.000000,0.000000,0.000000,0.000000,0.000000,0.000000,0.000000,0.000000,0.000000,0.000000,0.000000,0.000000,0.000000,0.000000,0.000000,0.000000,0.000000,0.000000
361,1694846648.037418,0,,,0.0000,0.0000,0.0000,0.0000,,,,,,,,,,,0.000000,0.000000,0.000000,0.000000,0.000000,0.000000,0.000000,0.000000,0.000000,0.000000,0.000000,0.000000,0.000000,0.000000,0.000000,0.000000,0.000000,0.000000,0.000000,0.000000,0.000000,0.000000,0.000000,0.000000,0.000000,0.000000,0.000000,0.000000,0.000000,0.000000,0.000000,0.000000,0.000000,0.000000,0.000000,0.000000,0.000000,0.000000,0.000000,0.000000,0.000000,0.000000,0.000000,0.000000,0.000000,0.000000,0.000000,0.000000,0.000000,0.000000,0.000000,0.000000,0.000000,0.000000,0.000000,0.000000,0.000000,0.000000,0.000000,0.000000,0.000000,0.000000,0.000000
362,1694846648.045751,0,,,0.0000,0.0000,0.0000,0.0000,,,,,,,,,,,0.000000,0.000000,0.000000,0.000000,0.000000,0.000000,0.000000,0.000000,0.000000,0.000000,0.000000,0.000000,0.000000,0.000000,0.000000,0.000000,0.000000,0.000000,0.000000,0.000000,0.000000,0.000000,0.000000,0.000000,0.000000,0.000000,0.000000,0.000000,0.000000,0.000000,0.000000,0.000000,0.000000,0.000000,0.000000,0.000000,0.000000,0.000000,0.000000,0.000000,0.000000,0.000000,0.000000,0.000000,0.000000,0.000000,0.000000,0.000000,0.000000,0.000000,0.000000,0.000000,0.000000,0.000000,0.000000,0.000000,0.000000,0.000000,0.000000,0.000000,0.000000,0.000000,0.000000
363,1694846648.054085,0,,,0.0000,0.0000,0.0000,0.0000,,,,,,,,,,,0.000000,0.000000,0.000000,0.000000,0.000000,0.000000,0.000000,0.000000,0.000000,0.000000,0.000000,0.000000,0.000000,0.000000,0.000000,0.000000,0.000000,0.000000,0.000000,0.000000,0.000000,0.000000,0.000000,0.000000,0.000000,0.000000,0.000000,0.000000,0.000000,0.000000,0.000000,0.000000,0.000000,0.000000,0.000000,0.000000,0.000000,0.000000,0.000000,0.000000,0.000000,0.000000,0.000000,0.000000,0.000000,0.000000,0.000000,0.000000,0.000000,0.000000,0.000000,0.000000,0.000000,0.000000,0.000000,0.000000,0.000000,0.000000,0.000000,0.000000,0.000000,0.000000,0.000000
364,1694846648.062418,0,,,0.0000,0.0000,0.0000,0.0000,,,,,,,,,,,0.000000,0.000000,0.000000,0.000000,0.000000,0.000000,0.000000,0.000000,0.000000,0.000000,0.000000,0.000000,0.000000,0.000000,0.000000,0.000000,0.000000,0.000000,0.000000,0.000000,0.000000,0.000000,0.000000,0.000000,0.000000,0.000000,0.000000,0.000000,0.000000,0.000000,0.000000,0.000000,0.000000,0.000000,0.000000,0.000000,0.000000,0.000000,0.000000,0.000000,0.000000,0.000000,0.000000,0.000000,0.000000,0.000000,0.000000,0.000000,0.000000,0.000000,0.000000,0.000000,0.000000,0.000000,0.000000,0.000000,0.000000,0.000000,0.000000,0.000000,0.000000,0.000000,0.000000
365,1694846648.070751,0,,,0.0000,0.0000,0.0000,0.0000,,,,,,,,,,,0.000000,0.000000,0.000000,0.000000,0.000000,0.000000,0.000000,0.000000,0.000000,0.000000,0.000000,0.000000,0.000000,0.000000,0.000000,0.000000,0.000000,0.000000,0.000000,0.000000,0.000000,0.000000,0.000000,0.000000,0.000000,0.000000,0.000000,0.000000,0.000000,0.000000,0.000000,0.000000,0.000000,0.000000,0.000000,0.000000,0.000000,0.000000,0.000000,0.000000,0.000000,0.000000,0.000000,0.000000,0.000000,0.000000,0.000000,0.000000,0.000000,0.000000,0.000000,0.000000,0.000000,0.000000,0.000000,0.000000,0.000000,0.000000,0.000000,0.000000,0.000000,0.000000,0.000000
366,1694846648.079085,0,,,0.0000,0.0000,0.0000,0.0000,,,,,,,,,,,0.000000,0.000000,0.000000,0.000000,0.000000,0.000000,0.000000,0.000000,0.000000,0.000000,0.000000,0.000000,0.000000,0.000000,0.000000,0.000000,0.000000,0.000000,0.000000,0.000000,0.000000,0.000000,0.000000,0.000000,0.000000,0.000000,0.000000,0.000000,0.000000,0.000000,0.000000,0.000000,0.000000,0.000000,0.000000,0.000000,0.000000,0.000000,0.000000,0.000000,0.000000,0.000000,0.000000,0.000000,0.000000,0.000000,0.000000,0.000000,0.000000,0.000000,0.000000,0.000000,0.000000,0.000000,0.000000,0.000000,0.000000,0.000000,0.000000,0.000000,0.000000,0.000000,0.000000
367,1694846648.087418,0,,,0.0000,0.0000,0.0000,0.0000,,,,,,,,,,,0.000000,0.000000,0.000000,0.000000,0.000000,0.000000,0.000000,0.000000,0.000000,0.000000,0.000000,0.000000,0.000000,0.000000,0.000000,0.000000,0.000000,0.000000,0.000000,0.000000,0.000000,0.000000,0.000000,0.000000,0.000000,0.000000,0.000000,0.000000,0.000000,0.000000,0.000000,0.000000,0.000000,0.000000,0.000000,0.000000,0.000000,0.000000,0.000000,0.000000,0.000000,0.000000,0.000000,0.000000,0.000000,0.000000,0.000000,0.000000,0.000000,0.000000,0.000000,0.000000,0.000000,0.000000,0.000000,0.000000,0.000000,0.000000,0.000000,0.000000,0.000000,0.000000,0.000000
368,1694846648.095751,0,,,0.0000,0.0000,0.0000,0.0000,,,,,,,,,,,0.000000,0.000000,0.000000,0.000000,0.000000,0.000000,0.000000,0.000000,0.000000,0.000000,0.000000,0.000000,0.000000,0.000000,0.000000,0.000000,0.000000,0.000000,0.000000,0.000000,0.000000,0.000000,0.000000,0.000000,0.000000,0.000000,0.000000,0.000000,0.000000,0.000000,0.000000,0.000000,0.000000,0.000000,0.000000,0.000000,0.000000,0.000000,0.000000,0.000000,0.000000,0.000000,0.000000,0.000000,0.000000,0.000000,0.000000,0.000000,0.000000,0.000000,0.000000,0.000000,0.000000,0.000000,0.000000,0.000000,0.000000,0.000000,0.000000,0.000000,0.000000,0.000000,0.000000
369,1694846648.104085,0,,,0.0000,0.0000,0.0000,0.0000,,,,,,,,,,,0.000000,0.000000,0.000000,0.000000,0.000000,0.000000,0.000000,0.000000,0.000000,0.000000,0.000000,0.000000,0.000000,0.000000,0.000000,0.000000,0.000000,0.000000,0.000000,0.000000,0.000000,0.000000,0.000000,0.000000,0.000000,0.000000,0.000000,0.000000,0.000000,0.000000,0.000000,0.000000,0.000000,0.000000,0.000000,0.000000,0.000000,0.000000,0.000000,0.000000,0.000000,0.000000,0.000000,0.000000,0.000000,0.000000,0.000000,0.000000,0.000000,0.000000,0.000000,0.000000,0.000000,0.000000,0.000000,0.000000,0.000000,0.000000,0.000000,0.000000,0.000000,0.000000,0.000000
370,1694846648.112418,0,,,0.0000,0.0000,0.0000,0.0000,,,,,,,,,,,0.000000,0.000000,0.000000,0.000000,0.000000,0.000000,0.000000,0.000000,0.000000,0.000000,0.000000,0.000000,0.000000,0.000000,0.000000,0.000000,0.000000,0.000000,0.000000,0.000000,0.000000,0.000000,0.000000,0.000000,0.000000,0.000000,0.000000,0.000000,0.000000,0.000000,0.000000,0.000000,0.000000,0.000000,0.000000,0.000000,0.000000,0.000000,0.000000,0.000000,0.000000,0.000000,0.000000,0.000000,0.000000,0.000000,0.000000,0.000000,0.000000,0.000000,0.000000,0.000000,0.000000,0.000000,0.000000,0.000000,0.000000,0.000000,0.000000,0.000000,0.000000,0.000000,0.000000
371,1694846648.120751,0,,,0.0000,0.0000,0.0000,0.0000,,,,,,,,,,,0.000000,0.000000,0.000000,0.000000,0.000000,0.000000,0.000000,0.000000,0.000000,0.000000,0.000000,0.000000,0.000000,0.000000,0.000000,0.000000,0.000000,0.000000,0.000000,0.000000,0.000000,0.000000,0.000000,0.000000,0.000000,0.000000,0.000000,0.000000,0.000000,0.000000,0.000000,0.000000,0.000000,0.000000,0.000000,0.000000,0.000000,0.000000,0.000000,0.000000,0.000000,0.000000,0.000000,0.000000,0.000000,0.000000,0.000000,0.000000,0.000000,0.000000,0.000000,0.000000,0.000000,0.000000,0.000000,0.000000,0.000000,0.000000,0.000000,0.000000,0.000000,0.000000,0.000000
372,1694846648.129085,0,,,0.0000,0.0000,0.0000,0.0000,,,,,,,,,,,0.000000,0.000000,0.000000,0.000000,0.000000,0.000000,0.000000,0.000000,0.000000,0.000000,0.000000,0.000000,0.000000,0.000000,0.000000,0.000000,0.000000,0.000000,0.000000,0.000000,0.000000,0.000000,0.000000,0.000000,0.000000,0.000000,0.000000,0.000000,0.000000,0.000000,0.000000,0.000000,0.000000,0.000000,0.000000,0.000000,0.000000,0.000000,0.000000,0.000000,0.000000,0.000000,0.000000,0.000000,0.000000,0.000000,0.000000,0.000000,0.000000,0.000000,0.000000,0.000000,0.000000,0.000000,0.000000,0.000000,0.000000,0.000000,0.000000,0.000000,0.000000,0.000000,0.000000
373,1694846648.137418,0,,,0.0000,0.0000,0.0000,0.0000,,,,,,,,,,,0.000000,0.000000,0.000000,0.000000,0.000000,0.000000,0.000000,0.000000,0.000000,0.000000,0.000000,0.000000,0.000000,0.000000,0.000000,0.000000,0.000000,0.000000,0.000000,0.000000,0.000000,0.000000,0.000000,0.000000,0.000000,0.000000,0.000000,0.000000,0.000000,0.000000,0.000000,0.000000,0.000000,0.000000,0.000000,0.000000,0.000000,0.000000,0.000000,0.000000,0.000000,0.000000,0.000000,0.000000,0.000000,0.000000,0.000000,0.000000,0.000000,0.000000,0.000000,0.000000,0.000000,0.000000,0.000000,0.000000,0.000000,0.000000,0.000000,0.000000,0.000000,0.000000,0.000000
374,1694846648.145751,0,,,0.0000,0.0000,0.0000,0.0000,,,,,,,,,,,0.000000,0.000000,0.000000,0.000000,0.000000,0.000000,0.000000,0.000000,0.000000,0.000000,0.000000,0.000000,0.000000,0.000000,0.000000,0.000000,0.000000,0.000000,0.000000,0.000000,0.000000,0.000000,0.000000,0.000000,0.000000,0.000000,0.000000,0.000000,0.000000,0.000000,0.000000,0.000000,0.000000,0.000000,0.000000,0.000000,0.000000,0.000000,0.000000,0.000000,0.000000,0.000000,0.000000,0.000000,0.000000,0.000000,0.000000,0.000000,0.000000,0.000000,0.000000,0.000000,0.000000,0.000000,0.000000,0.000000,0.000000,0.000000,0.000000,0.000000,0.000000,0.000000,0.000000
375,1694846648.154085,0,,,0.0000,0.0000,0.0000,0.0000,,,,,,,,,,,0.000000,0.000000,0.000000,0.000000,0.000000,0.000000,0.000000,0.000000,0.000000,0.000000,0.000000,0.000000,0.000000,0.000000,0.000000,0.000000,0.000000,0.000000,0.000000,0.000000,0.000000,0.000000,0.000000,0.000000,0.000000,0.000000,0.000000,0.000000,0.000000,0.000000,0.000000,0.000000,0.000000,0.000000,0.000000,0.000000,0.000000,0.000000,0.000000,0.000000,0.000000,0.000000,0.000000,0.000000,0.000000,0.000000,0.000000,0.000000,0.000000,0.000000,0.000000,0.000000,0.000000,0.000000,0.000000,0.000000,0.000000,0.000000,0.000000,0.000000,0.000000,0.000000,0.000000
376,1694846648.162418,0,,,0.0000,0.0000,0.0000,0.0000,,,,,,,,,,,0.000000,0.000000,0.000000,0.000000,0.000000,0.000000,0.000000,0.000000,0.000000,0.000000,0.000000,0.000000,0.000000,0.000000,0.000000,0.000000,0.000000,0.000000,0.000000,0.000000,0.000000,0.000000,0.000000,0.000000,0.000000,0.000000,0.000000,0.000000,0.000000,0.000000,0.000000,0.000000,0.000000,0.000000,0.000000,0.000000,0.000000,0.000000,0.000000,0.000000,0.000000,0.000000,0.000000,0.000000,0.000000,0.000000,0.000000,0.000000,0.000000,0.000000,0.000000,0.000000,0.000000,0.000000,0.000000,0.000000,0.000000,0.000000,0.000000,0.000000,0.000000,0.000000,0.000000
377,1694846648.170751,0,,,0.0000,0.0000,0.0000,0.0000,,,,,,,,,,,0.000000,0.000000,0.000000,0.000000,0.000000,0.000000,0.000000,0.000000,0.000000,0.000000,0.000000,0.000000,0.000000,0.000000,0.000000,0.000000,0.000000,0.000000,0.000000,0.000000,0.000000,0.000000,0.000000,0.000000,0.000000,0.000000,0.000000,0.000000,0.000000,0.000000,0.000000,0.000000,0.000000,0.000000,0.000000,0.000000,0.000000,0.000000,0.000000,0.000000,0.000000,0.000000,0.000000,0.000000,0.000000,0.000000,0.000000,0.000000,0.000000,0.000000,0.000000,0.000000,0.000000,0.000000,0.000000,0.000000,0.000000,0.000000,0.000000,0.000000,0.000000,0.000000,0.000000
378,1694846648.179085,0,,,0.0000,0.0000,0.0000,0.0000,,,,,,,,,,,0.000000,0.000000,0.000000,0.000000,0.000000,0.000000,0.000000,0.000000,0.000000,0.000000,0.000000,0.000000,0.000000,0.000000,0.000000,0.000000,0.000000,0.000000,0.000000,0.000000,0.000000,0.000000,0.000000,0.000000,0.000000,0.000000,0.000000,0.000000,0.000000,0.000000,0.000000,0.000000,0.000000,0.000000,0.000000,0.000000,0.000000,0.000000,0.000000,0.000000,0.000000,0.000000,0.000000,0.000000,0.000000,0.000000,0.000000,0.000000,0.000000,0.000000,0.000000,0.000000,0.000000,0.000000,0.000000,0.000000,0.000000,0.000000,0.000000,0.000000,0.000000,0.000000,0.000000
379,1694846648.187418,0,-64.3919,-64.3919,-7.4512,0.0000,46.6119,188.6666,,5906.2801,2.3715,111.2253,102.5990,169.9962,190.2066,199.5235,210.4248,0.000224,0.448839,0.944846,-0.000000,0.379078,0.981102,-0.011449,0.315009,0.933982,-0.016493,0.282425,0.845128,-0.017750,0.279881,0.783767,-0.018682,0.318958,0.815800,-0.031262,0.270280,0.703891,-0.042486,0.247794,0.637961,-0.048236,0.230963,0.586045,-0.052586,0.353666,0.757876,-0.024149,0.307575,0.717658,-0.028133,0.309646,0.759810,-0.018351,0.322183,0.796196,-0.011555,0.384728,0.730265,-0.017028,0.338902,0.707827,-0.022065,0.339928,0.745191,-0.012381,0.352358,0.782636,-0.005556,0.410293,0.716534,-0.010493,0.371501,0.708495,-0.015800,0.368290,0.741242,-0.011539,0.376880,0.772647,-0.006744
380,1694846648.195751,0,,,0.0000,0.0000,0.0000,0.0000,,,,,,,,,,,0.000000,0.000000,0.000000,0.000000,0.000000,0.000000,0.000000,0.000000,0.000000,0.000000,0.000000,0.000000,0.000000,0.000000,0.000000,0.000000,0.000000,0.000000,0.000000,0.000000,0.000000,0.000000,0.000000,0.000000,0.000000,0.000000,0.000000,0.000000,0.000000,0.000000,0.000000,0.000000,0.000000,0.000000,0.000000,0.000000,0.000000,0.000000,0.000000,0.000000,0.000000,0.000000,0.000000,0.000000,0.000000,0.000000,0.000000,0.000000,0.000000,0.000000,0.000000,0.000000,0.000000,0.000000,0.000000,0.000000,0.000000,0.000000,0.000000,0.000000,0.000000,0.000000,0.000000
381,1694846648.204085,0,,,0.0000,0.0000,0.0000,0.0000,,,,,,,,,,,0.000000,0.000000,0.000000,0.000000,0.000000,0.000000,0.000000,0.000000,0.000000,0.000000,0.000000,0.000000,0.000000,0.000000,0.000000,0.000000,0.000000,0.000000,0.000000,0.000000,0.000000,0.000000,0.000000,0.000000,0.000000,0.000000,0.000000,0.000000,0.000000,0.000000,0.000000,0.000000,0.000000,0.000000,0.000000,0.000000,0.000000,0.000000,0.000000,0.000000,0.000000,0.000000,0.000000,0.000000,0.000000,0.000000,0.000000,0.000000,0.000000,0.000000,0.000000,0.000000,0.000000,0.000000,0.000000,0.000000,0.000000,0.000000,0.000000,0.000000,0.000000,0.000000,0.000000
382,1694846648.212418,0,,,0.0000,0.0000,0.0000,0.0000,,,,,,,,,,,0.000000,0.000000,0.000000,0.000000,0.000000,0.000000,0.000000,0.000000,0.000000,0.000000,0.000000,0.000000,0.000000,0.000000,0.000000,0.000000,0.000000,0.000000,0.000000,0.000000,0.000000,0.000000,0.000000,0.000000,0.000000,0.000000,0.000000,0.000000,0.000000,0.000000,0.000000,0.000000,0.000000,0.000000,0.000000,0.000000,0.000000,0.000000,0.000000,0.000000,0.000000,0.000000,0.000000,0.000000,0.000000,0.000000,0.000000,0.000000,0.000000,0.000000,0.000000,0.000000,0.000000,0.000000,0.000000,0.000000,0.000000,0.000000,0.000000,0.000000,0.000000,0.000000,0.000000
383,1694846648.220751,1,,,0.0000,0.0000,0.0000,0.0000,,,,,,,,,,,0.000000,0.000000,0.000000,0.000000,0.000000,0.000000,0.000000,0.000000,0.000000,0.000000,0.000000,0.000000,0.000000,0.000000,0.000000,0.000000,0.000000,0.000000,0.000000,0.000000,0.000000,0.000000,0.000000,0.000000,0.000000,0.000000,0.000000,0.000000,0.000000,0.000000,0.000000,0.000000,0.000000,0.000000,0.000000,0.000000,0.000000,0.000000,0.000000,0.000000,0.000000,0.000000,0.000000,0.000000,0.000000,0.000000,0.000000,0.000000,0.000000,0.000000,0.000000,0.000000,0.000000,0.000000,0.000000,0.000000,0.000000,0.000000,0.000000,0.000000,0.000000,0.000000,0.000000
384,1694846648.229085,1,-40.3530,-40.3530,4.6975,0.0000,46.7785,127.7029,,8285.8107,1.7304,133.8218,75.1600,142.8365,155.9039,160.4101,168.1922,0.014889,0.456923,0.928450,-0.000000,0.391047,0.958277,-0.006626,0.329890,0.904649,-0.007229,0.300102,0.819040,-0.005031,0.297323,0.762399,-0.002622,0.338290,0.788823,-0.020980,0.297373,0.678936,-0.028682,0.276733,0.612832,-0.033080,0.260278,0.562268,-0.036612,0.374245,0.737341,-0.016522,0.324725,0.697846,-0.018237,0.321775,0.734117,-0.009053,0.332150,0.768755,-0.002251,0.404673,0.717314,-0.012019,0.355160,0.705723,-0.015592,0.353651,0.736853,-0.006904,0.365388,0.769081,-0.000420,0.428236,0.711378,-0.007781,0.388781,0.707119,-0.010900,0.383790,0.737233,-0.005762,0.390663,0.767071,-0.000516
385,1694846648.237418,1,37.5803,37.5803,22.7681,18.0705,51.0675,335.0844,21.3495,5341.7340,2.3756,129.7562,70.8149,140.6082,152.9635,156.5677,163.0244,0.016990,0.459752,0.931981,-0.000000,0.393642,0.957168,-0.006703,0.332843,0.898377,-0.007194,0.305781,0.809900,-0.004928,0.306492,0.752333,-0.002497,0.340706,0.786712,-0.019466,0.299366,0.676706,-0.026723,0.279689,0.609863,-0.031397,0.264238,0.558504,-0.035506,0.377219,0.736044,-0.014507,0.330703,0.699404,-0.015928,0.330228,0.738812,-0.006846,0.341713,0.776033,-0.000158,0.408525,0.716977,-0.009607,0.362098,0.709106,-0.012868,0.361783,0.742994,-0.004453,0.373830,0.777757,0.001725,0.433628,0.712346,-0.005018,0.396903,0.712596,-0.008819,0.392760,0.744501,-0.004624,0.400206,0.774777,0.000016
386,1694846648.245751,1,-36.7571,-36.7571,-24.4082,-47.1763,48.7305,384.5369,3.1125,4181.5256,2.1421,131.1265,69.6863,135.4546,147.0689,150.3519,156.6230,0.018759,0.467334,0.929497,-0.000000,0.398849,0.957201,-0.008763,0.337768,0.896111,-0.009193,0.311593,0.804122,-0.006362,0.311973,0.745410,-0.003151,0.345577,0.782707,-0.020490,0.303268,0.671910,-0.027922,0.283200,0.604638,-0.032640,0.267367,0.552515,-0.036810,0.382785,0.732255,-0.014656,0.334291,0.694567,-0.016254,0.331991,0.733351,-0.006952,0.342653,0.769234,-0.000128,0.413886,0.714770,-0.009251,0.365661,0.705078,-0.013408,0.364334,0.739011,-0.005185,0.376442,0.772631,0.001056,0.438698,0.711473,-0.004367,0.399708,0.711368,-0.008860,0.394871,0.742992,-0.005037,0.402415,0.773023,-0.000697
387,1694846648.254085,1,-49.7199,-49.7199,3.6680,28.0762,35.4654,732.5952,48.7472,5040.6299,3.1208,137.5895,63.6788,137.3605,145.9850,147.2482,150.5498,0.016618,0.465478,0.916531,-0.000000,0.402966,0.949704,-0.009146,0.341124,0.894318,-0.012755,0.316713,0.804874,-0.013407,0.322125,0.748143,-0.014246,0.353529,0.789056,-0.025146,0.312165,0.679090,-0.036626,0.290709,0.610091,-0.044330,0.274956,0.556251,-0.050346,0.390310,0.735784,-0.021388,0.342260,0.691048,-0.029320,0.340568,0.732116,-0.022623,0.353979,0.769709,-0.015949,0.421816,0.715963,-0.017617,0.374676,0.702663,-0.026347,0.373318,0.737380,-0.017566,0.387099,0.770983,-0.009589,0.447335,0.710665,-0.014174,0.409926,0.706922,-0.021647,0.407064,0.738918,-0.016205,0.417271,0.766819,-0.009827
388,1694846648.262418,1,,,0.0000,0.0000,0.0000,0.0000,,,,,,,,,,,0.000000,0.000000,0.000000,0.000000,0.000000,0.000000,0.000000,0.000000,0.000000,0.000000,0.000000,0.000000,0.000000,0.000000,0.000000,0.000000,0.000000,0.000000,0.000000,0.000000,0.000000,0.000000,0.000000,0.000000,0.000000,0.000000,0.000000,0.000000,0.000000,0.000000,0.000000,0.000000,0.000000,0.000000,0.000000,0.000000,0.000000,0.000000,0.000000,0.000000,0.000000,0.000000,0.000000,0.000000,0.000000,0.000000,0.000000,0.000000,0.000000,0.000000,0.000000,0.000000,0.000000,0.000000,0.000000,0.000000,0.000000,0.000000,0.000000,0.000000,0.000000,0.000000,0.000000
389,1694846648.270751,1,36.4021,36.4021,19.1888,0.0000,39.0649,1243.2702,,4227.9383,1.8757,135.0548,67.9643,132.2558,131.1194,127.2121,126.5796,0.011897,0.477510,0.922416,-0.000000,0.411296,0.951957,-0.008960,0.352452,0.890249,-0.011806,0.327048,0.795221,-0.011480,0.327283,0.735557,-0.011001,0.365241,0.784240,-0.023419,0.325868,0.670924,-0.032076,0.308415,0.603551,-0.036510,0.296145,0.550215,-0.039924,0.403676,0.735809,-0.018581,0.357751,0.686599,-0.023463,0.355316,0.725541,-0.015136,0.366485,0.762366,-0.007778,0.436069,0.718615,-0.013792,0.390548,0.699414,-0.020653,0.388765,0.733997,-0.012782,0.400640,0.767031,-0.005775,0.461802,0.713069,-0.009165,0.425241,0.704483,-0.014043,0.421567,0.736587,-0.009187,0.430341,0.765416,-0.003884
390,1694846648.279085,1,37.3324,37.3324,-0.0620,-19.2507,39.5749,1155.6727,4.1607,4902.4896,1.6591,141.2840,76.2852,126.0031,122.4404,115.5420,111.9603,0.008523,0.482970,0.932234,-0.000000,0.416731,0.953440,-0.008329,0.358908,0.889467,-0.010214,0.334378,0.798503,-0.009533,0.334845,0.741012,-0.008713,0.371865,0.775659,-0.020815,0.336376,0.664188,-0.029933,0.319776,0.595190,-0.035585,0.308080,0.539240,-0.040167,0.411213,0.730494,-0.017071,0.366094,0.688327,-0.022946,0.362261,0.728266,-0.016338,0.373063,0.762345,-0.010424,0.443843,0.715090,-0.013491,0.398410,0.699453,-0.020830,0.394980,0.732952,-0.012759,0.406249,0.764488,-0.005752,0.469345,0.712165,-0.010297,0.432105,0.703033,-0.015823,0.427131,0.735531,-0.010447,0.435349,0.765473,-0.004558
391,1694846648.287418,1,-36.7117,-36.7117,0.0113,0.0733,38.4723,1251.1172,1.3159,5429.3750,1.9589,132.5725,78.8809,131.0873,120.9848,107.7321,97.1232,0.003024,0.488717,0.934329,-0.000000,0.422534,0.955633,-0.007502,0.364122,0.888514,-0.010429,0.342426,0.791634,-0.011084,0.347765,0.731082,-0.011516,0.378291,0.780171,-0.020263,0.347009,0.667472,-0.030287,0.333211,0.596535,-0.036596,0.324212,0.539412,-0.041569,0.417600,0.735695,-0.016829,0.377119,0.691820,-0.022932,0.373570,0.731982,-0.015627,0.384121,0.767021,-0.009286,0.450468,0.720640,-0.013629,0.408582,0.701124,-0.021606,0.404569,0.734290,-0.013368,0.415238,0.766755,-0.006227,0.477058,0.717560,-0.010598,0.441269,0.707902,-0.016089,0.435511,0.740427,-0.010645,0.443259,0.770291,-0.004790
392,1694846648.295751,1,-32.9067,-32.9067,4.2033,4.1920,37.9620,1123.4603,7.3339,5779.1402,2.5918,131.5409,69.5644,139.8926,127.3734,111.1108,95.8280,0.000146,0.492327,0.929060,-0.000000,0.425940,0.952670,-0.008443,0.368613,0.884416,-0.011338,0.350254,0.789014,-0.011495,0.360362,0.735255,-0.011542,0.387279,0.780281,-0.020956,0.357763,0.668895,-0.029619,0.343553,0.601178,-0.035135,0.333601,0.547092,-0.040221,0.426981,0.735549,-0.016780,0.387147,0.699109,-0.022627,0.385505,0.742079,-0.015532,0.397348,0.775490,-0.009598,0.459152,0.721112,-0.012809,0.417962,0.709728,-0.019957,0.415613,0.744559,-0.011721,0.426862,0.775979,-0.005033,0.484947,0.719014,-0.009169,0.449451,0.717443,-0.014646,0.446130,0.749051,-0.010078,0.455058,0.775282,-0.005160
393,1694846648.304085,1,31.9703,31.9703,-1.1079,-5.3112,34.3834,1131.1988,2.9866,5345.8719,1.9754,144.0301,85.4187,134.0102,116.9804,97.7757,80.5340,0.000034,0.499192,0.936997,-0.000000,0.429718,0.954607,-0.007524,0.373633,0.884212,-0.009170,0.355935,0.787621,-0.008131,0.365806,0.733813,-0.006956,0.392261,0.772081,-0.021184,0.364036,0.656458,-0.029894,0.350927,0.587809,-0.035692,0.341178,0.532990,-0.040851,0.433271,0.729865,-0.016686,0.394955,0.699061,-0.020256,0.393803,0.743445,-0.011674,0.405227,0.777095,-0.005508,0.466172,0.718624,-0.012382,0.426785,0.709574,-0.017986,0.425388,0.745278,-0.009104,0.436711,0.779523,-0.002429,0.492619,0.720559,-0.008460,0.459760,0.715805,-0.013102,0.455857,0.748569,-0.008144,0.463716,0.779947,-0.002900
394,1694846648.312418,1,-29.0402,-29.0402,-16.5932,-15.4852,33.2187,1231.4064,18.1085,6008.4417,2.0201,141.5633,88.9789,143.6072,124.1510,101.9979,79.5242,0.000000,0.500487,0.933281,-0.000000,0.435919,0.953806,-0.008070,0.378973,0.883848,-0.010891,0.362063,0.786137,-0.011270,0.376556,0.733358,-0.011573,0.399404,0.779274,-0.021400,0.372551,0.662629,-0.029312,0.359444,0.593387,-0.033742,0.350008,0.538704,-0.038109,0.439936,0.737254,-0.017731,0.404266,0.704512,-0.024567,0.402728,0.748901,-0.017263,0.414019,0.783766,-0.010713,0.472672,0.724907,-0.014063,0.436061,0.716987,-0.021621,0.434833,0.751843,-0.013132,0.446229,0.784209,-0.006012,0.499221,0.724654,-0.010790,0.468162,0.723624,-0.016912,0.465561,0.756099,-0.012357,0.474428,0.783186,-0.006980
395,1694846648.320751,1,39.8677,39.8677,19.1448,35.7380,33.8869,1929.9526,32.0439,3716.7064,2.1723,140.5185,103.9868,148.8250,125.6906,99.9737,71.3526,0.000000,0.503813,0.933504,-0.000000,0.438943,0.952559,-0.009983,0.382691,0.882700,-0.014205,0.367857,0.784557,-0.015506,0.383360,0.729179,-0.016921,0.408386,0.778325,-0.023937,0.382404,0.664299,-0.033541,0.370185,0.592153,-0.040397,0.361236,0.534421,-0.046849,0.449167,0.737027,-0.019995,0.409510,0.707269,-0.028090,0.407245,0.753779,-0.021784,0.419476,0.787202,-0.016426,0.480182,0.725295,-0.016255,0.440076,0.713362,-0.024314,0.436775,0.749554,-0.015058,0.447931,0.782058,-0.007963,0.504209,0.725904,-0.013158,0.469883,0.720682,-0.020495,0.466726,0.753845,-0.015739,0.476317,0.780661,-0.010461
396,1694846648.329085,1,,,0.0000,0.0000,0.0000,0.0000,,,,,,,,,,,0.000000,0.000000,0.000000,0.000000,0.000000,0.000000,0.000000,0.000000,0.000000,0.000000,0.000000,0.000000,0.000000,0.000000,0.000000,0.000000,0.000000,0.000000,0.000000,0.000000,0.000000,0.000000,0.000000,0.000000,0.000000,0.000000,0.000000,0.000000,0.000000,0.000000,0.000000,0.000000,0.000000,0.000000,0.000000,0.000000,0.000000,0.000000,0.000000,0.000000,0.000000,0.000000,0.000000,0.000000,0.000000,0.000000,0.000000,0.000000,0.000000,0.000000,0.000000,0.000000,0.000000,0.000000,0.000000,0.000000,0.000000,0.000000,0.000000,0.000000,0.000000,0.000000,0.000000
397,1694846648.337418,0,,,0.0000,0.0000,0.0000,0.0000,,,,,,,,,,,0.000000,0.000000,0.000000,0.000000,0.000000,0.000000,0.000000,0.000000,0.000000,0.000000,0.000000,0.000000,0.000000,0.000000,0.000000,0.000000,0.000000,0.000000,0.000000,0.000000,0.000000,0.000000,0.000000,0.000000,0.000000,0.000000,0.000000,0.000000,0.000000,0.000000,0.000000,0.000000,0.000000,0.000000,0.000000,0.000000,0.000000,0.000000,0.000000,0.000000,0.000000,0.000000,0.000000,0.000000,0.000000,0.000000,0.000000,0.000000,0.000000,0.000000,0.000000,0.000000,0.000000,0.000000,0.000000,0.000000,0.000000,0.000000,0.000000,0.000000,0.000000,0.000000,0.000000
398,1694846648.345751,0,,,0.0000,0.0000,0.0000,0.0000,,,,,,,,,,,0.000000,0.000000,0.000000,0.000000,0.000000,0.000000,0.000000,0.000000,0.000000,0.000000,0.000000,0.000000,0.000000,0.000000,0.000000,0.000000,0.000000,0.000000,0.000000,0.000000,0.000000,0.000000,0.000000,0.000000,0.000000,0.000000,0.000000,0.000000,0.000000,0.000000,0.000000,0.000000,0.000000,0.000000,0.000000,0.000000,0.000000,0.000000,0.000000,0.000000,0.000000,0.000000,0.000000,0.000000,0.000000,0.000000,0.000000,0.000000,0.000000,0.000000,0.000000,0.000000,0.000000,0.000000,0.000000,0.000000,0.000000,0.000000,0.000000,0.000000,0.000000,0.000000,0.000000
399,1694846648.354085,0,,,0.0000,0.0000,0.0000,0.0000,,,,,,,,,,,0.000000,0.000000,0.000000,0.000000,0.000000,0.000000,0.000000,0.000000,0.000000,0.000000,0.000000,0.000000,0.000000,0.000000,0.000000,0.000000,0.000000,0.000000,0.000000,0.000000,0.000000,0.000000,0.000000,0.000000,0.000000,0.000000,0.000000,0.000000,0.000000,0.000000,0.000000,0.000000,0.000000,0.000000,0.000000,0.000000,0.000000,0.000000,0.000000,0.000000,0.000000,0.000000,0.000000,0.000000,0.000000,0.000000,0.000000,0.000000,0.000000,0.000000,0.000000,0.000000,0.000000,0.000000,0.000000,0.000000,0.000000,0.000000,0.000000,0.000000,0.000000,0.000000,0.000000
400,1694846648.362418,0,,,0.0000,0.0000,0.0000,0.0000,,,,,,,,,,,0.000000,0.000000,0.000000,0.000000,0.000000,0.000000,0.000000,0.000000,0.000000,0.000000,0.000000,0.000000,0.000000,0.000000,0.000000,0.000000,0.000000,0.000000,0.000000,0.000000,0.000000,0.000000,0.000000,0.000000,0.000000,0.000000,0.000000,0.000000,0.000000,0.000000,0.000000,0.000000,0.000000,0.000000,0.000000,0.000000,0.000000,0.000000,0.000000,0.000000,0.000000,0.000000,0.000000,0.000000,0.000000,0.000000,0.000000,0.000000,0.000000,0.000000,0.000000,0.000000,0.000000,0.000000,0.000000,0.000000,0.000000,0.000000,0.000000,0.000000,0.000000,0.000000,0.000000
401,1694846648.370751,0,,,0.0000,0.0000,0.0000,0.0000,,,,,,,,,,,0.000000,0.000000,0.000000,0.000000,0.000000,0.000000,0.000000,0.000000,0.000000,0.000000,0.000000,0.000000,0.000000,0.000000,0.000000,0.000000,0.000000,0.000000,0.000000,0.000000,0.000000,0.000000,0.000000,0.000000,0.000000,0.000000,0.000000,0.000000,0.000000,0.000000,0.000000,0.000000,0.000000,0.000000,0.000000,0.000000,0.000000,0.000000,0.000000,0.000000,0.000000,0.000000,0.000000,0.000000,0.000000,0.000000,0.000000,0.000000,0.000000,0.000000,0.000000,0.000000,0.000000,0.000000,0.000000,0.000000,0.000000,0.000000,0.000000,0.000000,0.000000,0.000000,0.000000
402,1694846648.379085,0,,,0.0000,0.0000,0.0000,0.0000,,,,,,,,,,,0.000000,0.000000,0.000000,0.000000,0.000000,0.000000,0.000000,0.000000,0.000000,0.000000,0.000000,0.000000,0.000000,0.000000,0.000000,0.000000,0.000000,0.000000,0.000000,0.000000,0.000000,0.000000,0.000000,0.000000,0.000000,0.000000,0.000000,0.000000,0.000000,0.000000,0.000000,0.000000,0.000000,0.000000,0.000000,0.000000,0.000000,0.000000,0.000000,0.000000,0.000000,0.000000,0.000000,0.000000,0.000000,0.000000,0.000000,0.000000,0.000000,0.000000,0.000000,0.000000,0.000000,0.000000,0.000000,0.000000,0.000000,0.000000,0.000000,0.000000,0.000000,0.000000,0.000000
403,1694846648.387418,0,,,0.0000,0.0000,0.0000,0.0000,,,,,,,,,,,0.000000,0.000000,0.000000,0.000000,0.000000,0.000000,0.000000,0.000000,0.000000,0.000000,0.000000,0.000000,0.000000,0.000000,0.000000,0.000000,0.000000,0.000000,0.000000,0.000000,0.000000,0.000000,0.000000,0.000000,0.000000,0.000000,0.000000,0.000000,0.000000,0.000000,0.000000,0.000000,0.000000,0.000000,0.000000,0.000000,0.000000,0.000000,0.000000,0.000000,0.000000,0.000000,0.000000,0.000000,0.000000,0.000000,0.000000,0.000000,0.000000,0.000000,0.000000,0.000000,0.000000,0.000000,0.000000,0.000000,0.000000,0.000000,0.000000,0.000000,0.000000,0.000000,0.000000
404,1694846648.395751,0,,,0.0000,0.0000,0.0000,0.0000,,,,,,,,,,,0.000000,0.000000,0.000000,0.000000,0.000000,0.000000,0.000000,0.000000,0.000000,0.000000,0.000000,0.000000,0.000000,0.000000,0.000000,0.000000,0.000000,0.000000,0.000000,0.000000,0.000000,0.000000,0.000000,0.000000,0.000000,0.000000,0.000000,0.000000,0.000000,0.000000,0.000000,0.000000,0.000000,0.000000,0.000000,0.000000,0.000000,0.000000,0.000000,0.000000,0.000000,0.000000,0.000000,0.000000,0.000000,0.000000,0.000000,0.000000,0.000000,0.000000,0.000000,0.000000,0.000000,0.000000,0.000000,0.000000,0.000000,0.000000,0.000000,0.000000,0.000000,0.000000,0.000000
405,1694846648.404085,0,,,0.0000,0.0000,0.0000,0.0000,,,,,,,,,,,0.000000,0.000000,0.000000,0.000000,0.000000,0.000000,0.000000,0.000000,0.000000,0.000000,0.000000,0.000000,0.000000,0.000000,0.000000,0.000000,0.000000,0.000000,0.000000,0.000000,0.000000,0.000000,0.000000,0.000000,0.000000,0.000000,0.000000,0.000000,0.000000,0.000000,0.000000,0.000000,0.000000,0.000000,0.000000,0.000000,0.000000,0.000000,0.000000,0.000000,0.000000,0.000000,0.000000,0.000000,0.000000,0.000000,0.000000,0.000000,0.000000,0.000000,0.000000,0.000000,0.000000,0.000000,0.000000,0.000000,0.000000,0.000000,0.000000,0.000000,0.000000,0.000000,0.000000
406,1694846648.412418,0,,,0.0000,0.0000,0.0000,0.0000,,,,,,,,,,,0.000000,0.000000,0.000000,0.000000,0.000000,0.000000,0.000000,0.000000,0.000000,0.000000,0.000000,0.000000,0.000000,0.000000,0.000000,0.000000,0.000000,0.000000,0.000000,0.000000,0.000000,0.000000,0.000000,0.000000,0.000000,0.000000,0.000000,0.000000,0.000000,0.000000,0.000000,0.000000,0.000000,0.000000,0.000000,0.000000,0.000000,0.000000,0.000000,0.000000,0.000000,0.000000,0.000000,0.000000,0.000000,0.000000,0.000000,0.000000,0.000000,0.000000,0.000000,0.000000,0.000000,0.000000,0.000000,0.000000,0.000000,0.000000,0.000000,0.000000,0.000000,0.000000,0.000000
407,1694846648.420751,0,,,0.0000,0.0000,0.0000,0.0000,,,,,,,,,,,0.000000,0.000000,0.000000,0.000000,0.000000,0.000000,0.000000,0.000000,0.000000,0.000000,0.000000,0.000000,0.000000,0.000000,0.000000,0.000000,0.000000,0.000000,0.000000,0.000000,0.000000,0.000000,0.000000,0.000000,0.000000,0.000000,0.000000,0.000000,0.000000,0.000000,0.000000,0.000000,0.000000,0.000000,0.000000,0.000000,0.000000,0.000000,0.000000,0.000000,0.000000,0.000000,0.000000,0.000000,0.000000,0.000000,0.000000,0.000000,0.000000,0.000000,0.000000,0.000000,0.000000,0.000000,0.000000,0.000000,0.000000,0.000000,0.000000,0.000000,0.000000,0.000000,0.000000
408,1694846648.429085,0,,,0.0000,0.0000,0.0000,0.0000,,,,,,,,,,,0.000000,0.000000,0.000000,0.000000,0.000000,0.000000,0.000000,0.000000,0.000000,0.000000,0.000000,0.000000,0.000000,0.000000,0.000000,0.000000,0.000000,0.000000,0.000000,0.000000,0.000000,0.000000,0.000000,0.000000,0.000000,0.000000,0.000000,0.000000,0.000000,0.000000,0.000000,0.000000,0.000000,0.000000,0.000000,0.000000,0.000000,0.000000,0.000000,0.000000,0.000000,0.000000,0.000000,0.000000,0.000000,0.000000,0.000000,0.000000,0.000000,0.000000,0.000000,0.000000,0.000000,0.000000,0.000000,0.000000,0.000000,0.000000,0.000000,0.000000,0.000000,0.000000,0.000000
409,1694846648.437418,0,,,0.0000,0.0000,0.0000,0.0000,,,,,,,,,,,0.000000,0.000000,0.000000,0.000000,0.000000,0.000000,0.000000,0.000000,0.000000,0.000000,0.000000,0.000000,0.000000,0.000000,0.000000,0.000000,0.000000,0.000000,0.000000,0.000000,0.000000,0.000000,0.000000,0.000000,0.000000,0.000000,0.000000,0.000000,0.000000,0.000000,0.000000,0.000000,0.000000,0.000000,0.000000,0.000000,0.000000,0.000000,0.000000,0.000000,0.000000,0.000000,0.000000,0.000000,0.000000,0.000000,0.000000,0.000000,0.000000,0.000000,0.000000,0.000000,0.000000,0.000000,0.000000,0.000000,0.000000,0.000000,0.000000,0.000000,0.000000,0.000000,0.000000
410,1694846648.445751,0,,,0.0000,0.0000,0.0000,0.0000,,3796.6698,2.0351,76.1343,172.1223,197.2262,162.9056,126.2393,79.1369,0.000000,0.522583,0.938325,-0.000000,0.455208,0.940122,-0.007645,0.406231,0.856270,-0.008854,0.398105,0.753190,-0.006474,0.416370,0.701192,-0.004033,0.438444,0.752465,-0.022322,0.425320,0.631832,-0.026104,0.420659,0.562121,-0.027717,0.417801,0.507845,-0.030050,0.480897,0.722614,-0.016025,0.446128,0.686469,-0.015371,0.439902,0.729833,-0.004610,0.447522,0.766891,0.002760,0.511871,0.720772,-0.009397,0.473350,0.707540,-0.010840,0.468284,0.742819,-0.003137,0.475995,0.778032,0.001994,0.535197,0.727592,-0.002878,0.502736,0.723219,-0.004116,0.498157,0.754184,0.000107,0.504146,0.783234,0.004112
411,1694846648.454085,0,,,0.0000,0.0000,0.0000,0.0000,,,,,,,,,,,0.000000,0.000000,0.000000,0.000000,0.000000,0.000000,0.000000,0.000000,0.000000,0.000000,0.000000,0.000000,0.000000,0.000000,0.000000,0.000000,0.000000,0.000000,0.000000,0.000000,0.000000,0.000000,0.000000,0.000000,0.000000,0.000000,0.000000,0.000000,0.000000,0.000000,0.000000,0.000000,0.000000,0.000000,0.000000,0.000000,0.000000,0.000000,0.000000,0.000000,0.000000,0.000000,0.000000,0.000000,0.000000,0.000000,0.000000,0.000000,0.000000,0.000000,0.000000,0.000000,0.000000,0.000000,0.000000,0.000000,0.000000,0.000000,0.000000,0.000000,0.000000,0.000000,0.000000
412,1694846648.462418,0,,,0.0000,0.0000,0.0000,0.0000,,,,,,,,,,,0.000000,0.000000,0.000000,0.000000,0.000000,0.000000,0.000000,0.000000,0.000000,0.000000,0.000000,0.000000,0.000000,0.000000,0.000000,0.000000,0.000000,0.000000,0.000000,0.000000,0.000000,0.000000,0.000000,0.000000,0.000000,0.000000,0.000000,0.000000,0.000000,0.000000,0.000000,0.000000,0.000000,0.000000,0.000000,0.000000,0.000000,0.000000,0.000000,0.000000,0.000000,0.000000,0.000000,0.000000,0.000000,0.000000,0.000000,0.000000,0.000000,0.000000,0.000000,0.000000,0.000000,0.000000,0.000000,0.000000,0.000000,0.000000,0.000000,0.000000,0.000000,0.000000,0.000000
413,1694846648.470751,0,,,0.0000,0.0000,0.0000,0.0000,,3598.9247,3.1520,79.1782,160.6949,185.4728,151.5357,115.1213,69.3345,0.000000,0.517324,0.938642,-0.000000,0.448840,0.941579,-0.007805,0.397877,0.858611,-0.009986,0.388734,0.753449,-0.009253,0.407251,0.697802,-0.008375,0.431462,0.758421,-0.022798,0.416688,0.631678,-0.027650,0.411196,0.559845,-0.028972,0.407575,0.504504,-0.031215,0.474174,0.726152,-0.017537,0.436383,0.690585,-0.020929,0.430613,0.732830,-0.011622,0.439824,0.767898,-0.004856,0.505118,0.721472,-0.011906,0.465438,0.705837,-0.016651,0.460892,0.739909,-0.008226,0.469990,0.774801,-0.002214,0.528112,0.725883,-0.006482,0.494565,0.719612,-0.010186,0.490174,0.750588,-0.006008,0.497484,0.779329,-0.001676
414,1694846648.479085,0,,,0.0000,0.0000,0.0000,0.0000,,,,,,,,,,,0.000000,0.000000,0.000000,0.000000,0.000000,0.000000,0.000000,0.000000,0.000000,0.000000,0.000000,0.000000,0.000000,0.000000,0.000000,0.000000,0.000000,0.000000,0.000000,0.000000,0.000000,0.000000,0.000000,0.000000,0.000000,0.000000,0.000000,0.000000,0.000000,0.000000,0.000000,0.000000,0.000000,0.000000,0.000000,0.000000,0.000000,0.000000,0.000000,0.000000,0.000000,0.000000,0.000000,0.000000,0.000000,0.000000,0.000000,0.000000,0.000000,0.000000,0.000000,0.000000,0.000000,0.000000,0.000000,0.000000,0.000000,0.000000,0.000000,0.000000,0.000000,0.000000,0.000000
415,1694846648.487418,0,,,0.0000,0.0000,0.0000,0.0000,,,,,,,,,,,0.000000,0.000000,0.000000,0.000000,0.000000,0.000000,0.000000,0.000000,0.000000,0.000000,0.000000,0.000000,0.000000,0.000000,0.000000,0.000000,0.000000,0.000000,0.000000,0.000000,0.000000,0.000000,0.000000,0.000000,0.000000,0.000000,0.000000,0.000000,0.000000,0.000000,0.000000,0.000000,0.000000,0.000000,0.000000,0.000000,0.000000,0.000000,0.000000,0.000000,0.000000,0.000000,0.000000,0.000000,0.000000,0.000000,0.000000,0.000000,0.000000,0.000000,0.000000,0.000000,0.000000,0.000000,0.000000,0.000000,0.000000,0.000000,0.000000,0.000000,0.000000,0.000000,0.000000
416,1694846648.495751,0,,,0.0000,0.0000,0.0000,0.0000,,,,,,,,,,,0.000000,0.000000,0.000000,0.000000,0.000000,0.000000,0.000000,0.000000,0.000000,0.000000,0.000000,0.000000,0.000000,0.000000,0.000000,0.000000,0.000000,0.000000,0.000000,0.000000,0.000000,0.000000,0.000000,0.000000,0.000000,0.000000,0.000000,0.000000,0.000000,0.000000,0.000000,0.000000,0.000000,0.000000,0.000000,0.000000,0.000000,0.000000,0.000000,0.000000,0.000000,0.000000,0.000000,0.000000,0.000000,0.000000,0.000000,0.000000,0.000000,0.000000,0.000000,0.000000,0.000000,0.000000,0.000000,0.000000,0.000000,0.000000,0.000000,0.000000,0.000000,0.000000,0.000000
417,1694846648.504085,0,,,0.0000,0.0000,0.0000,0.0000,,4104.6816,3.6550,105.4105,136.6615,165.1972,134.0139,100.2522,58.5837,0.000000,0.507229,0.934990,-0.000000,0.438453,0.945330,-0.010196,0.384572,0.863319,-0.012997,0.373269,0.756663,-0.013014,0.389555,0.698472,-0.012583,0.415055,0.759648,-0.021064,0.397777,0.635558,-0.027249,0.391131,0.562916,-0.029748,0.387286,0.505602,-0.032862,0.457209,0.726339,-0.016030,0.418439,0.689054,-0.022668,0.413629,0.732961,-0.015388,0.424796,0.767363,-0.009219,0.488108,0.719361,-0.011218,0.448471,0.697868,-0.019170,0.443222,0.733897,-0.011087,0.452913,0.768023,-0.004421,0.511787,0.722017,-0.006941,0.476918,0.710892,-0.012893,0.471338,0.742760,-0.008933,0.479059,0.772049,-0.004277
418,1694846648.512418,1,,,0.0000,0.0000,0.0000,0.0000,4.6885,3956.0777,2.7770,124.4491,128.2465,160.3207,131.2501,99.1514,61.0433,0.000000,0.504767,0.939924,-0.000000,0.435892,0.948813,-0.008994,0.381775,0.869123,-0.011362,0.369110,0.763864,-0.010942,0.385369,0.706178,-0.010012,0.412164,0.760644,-0.020772,0.392919,0.637515,-0.026942,0.385384,0.564697,-0.029629,0.380239,0.507120,-0.032653,0.453876,0.726552,-0.015659,0.414181,0.686781,-0.020887,0.408900,0.731112,-0.012734,0.419248,0.767102,-0.005915,0.484618,0.719794,-0.010580,0.443820,0.697853,-0.017509,0.437345,0.733373,-0.009391,0.446246,0.768438,-0.002575,0.508101,0.722173,-0.005808,0.473003,0.708115,-0.010353,0.465775,0.739361,-0.005789,0.471927,0.769175,-0.000748
419,1694846648.520751,1,-24.5804,-24.5804,2.0816,0.0000,31.9336,223.9310,11.0462,3736.0204,2.4337,153.0417,119.8080,151.0979,123.9054,93.8169,59.6021,0.000000,0.500292,0.936727,-0.000000,0.431644,0.950060,-0.010949,0.376425,0.869290,-0.014144,0.365089,0.761851,-0.014154,0.384813,0.704528,-0.013689,0.405161,0.762840,-0.022861,0.384929,0.636553,-0.028719,0.376885,0.563709,-0.030843,0.372034,0.506140,-0.033686,0.447166,0.727699,-0.017214,0.410455,0.684056,-0.023135,0.405880,0.727361,-0.015485,0.416198,0.763928,-0.009036,0.478769,0.719592,-0.011693,0.439883,0.696019,-0.019086,0.434963,0.731662,-0.011294,0.444277,0.766539,-0.004858,0.503171,0.720664,-0.006682,0.469018,0.706431,-0.012270,0.463252,0.737850,-0.008370,0.469791,0.767814,-0.003876
420,1694846648.529085,1,-24.3703,-24.3703,-14.0852,-16.1667,30.4808,397.4381,23.4630,3549.5373,2.3671,143.5625,116.0206,149.0276,123.3957,94.7707,62.4017,0.000000,0.498050,0.932062,-0.000000,0.430471,0.949731,-0.010214,0.374143,0.869551,-0.013683,0.362535,0.763192,-0.014042,0.382203,0.706454,-0.014309,0.402013,0.764242,-0.022578,0.380426,0.642285,-0.028941,0.371836,0.570068,-0.032245,0.366737,0.512320,-0.036229,0.443691,0.726535,-0.017626,0.405778,0.690998,-0.023717,0.402502,0.737512,-0.015665,0.414106,0.772713,-0.009011,0.475011,0.717642,-0.012914,0.435310,0.700635,-0.020317,0.431800,0.738010,-0.011972,0.442682,0.771792,-0.005324,0.499347,0.718160,-0.008694,0.463700,0.710332,-0.015107,0.459964,0.744470,-0.011183,0.468620,0.772851,-0.006625
421,1694846648.537418,1,-24.6939,-24.6939,1.0866,15.1717,26.2734,56.4199,6.2227,4179.0173,2.2933,143.0787,102.0813,145.4634,122.4290,97.0142,70.7837,0.000000,0.494153,0.929293,-0.000000,0.426298,0.947385,-0.007522,0.370266,0.870324,-0.009481,0.357504,0.765897,-0.008403,0.375828,0.709929,-0.007211,0.396872,0.766277,-0.022253,0.373558,0.644650,-0.028134,0.363948,0.574234,-0.030874,0.358164,0.518393,-0.033970,0.438204,0.728594,-0.017653,0.400517,0.688901,-0.021333,0.396245,0.732292,-0.011882,0.407100,0.766004,-0.004637,0.469712,0.719363,-0.012913,0.429729,0.700929,-0.018612,0.425059,0.736780,-0.009983,0.435523,0.770000,-0.003323,0.494270,0.719241,-0.008273,0.458593,0.708805,-0.012457,0.453993,0.741415,-0.007225,0.462119,0.770237,-0.002022
422,1694846648.545751,1,-27.4613,-27.4613,-16.8322,-17.9188,26.0823,403.4800,14.5209,6368.1194,1.9765,137.0741,82.8223,146.5424,127.1788,105.0451,83.3190,0.000000,0.490955,0.923264,-0.000000,0.425159,0.948076,-0.009219,0.368596,0.876752,-0.012313,0.353505,0.778192,-0.013012,0.365682,0.721599,-0.013875,0.390883,0.769633,-0.018776,0.368196,0.657135,-0.026582,0.357309,0.587018,-0.031550,0.350236,0.531598,-0.036428,0.431321,0.729847,-0.015491,0.395068,0.699804,-0.023829,0.392907,0.743536,-0.018277,0.405739,0.775540,-0.012857,0.463230,0.718273,-0.012666,0.425429,0.705639,-0.022240,0.423068,0.741486,-0.014788,0.435068,0.772464,-0.008141,0.488486,0.715915,-0.010313,0.453838,0.711964,-0.018126,0.452170,0.746136,-0.014042,0.462691,0.772779,-0.008936
423,1694846648.554085,1,-23.6460,-23.6460,0.2336,17.0658,1.3073,1211.8103,15.6325,5219.7392,1.7206,140.5069,79.4636,137.5683,122.4896,104.4698,87.6554,0.000065,0.488572,0.930673,-0.000000,0.421708,0.952623,-0.009502,0.365233,0.882524,-0.011433,0.345869,0.783410,-0.010559,0.351139,0.723980,-0.009226,0.383891,0.769963,-0.019516,0.358393,0.653712,-0.026105,0.347257,0.584936,-0.029430,0.340644,0.529496,-0.032738,0.423698,0.730750,-0.014804,0.386823,0.695861,-0.020340,0.384256,0.738787,-0.013534,0.396222,0.771404,-0.007685,0.455944,0.719227,-0.010355,0.417007,0.704775,-0.017745,0.414216,0.739494,-0.010051,0.425511,0.770284,-0.003535,0.481706,0.718792,-0.006362,0.447112,0.711207,-0.011774,0.442882,0.743424,-0.007133,0.451428,0.771721,-0.001871
424,1694846648.562418,1,38.3570,38.3570,15.6818,15.4482,25.3930,2512.4329,43.3536,6253.8512,2.3316,141.1065,70.0854,140.1981,129.8223,115.2422,101.3827,0.000907,0.484221,0.927063,-0.000000,0.419278,0.951910,-0.009103,0.361442,0.882750,-0.012951,0.342111,0.786018,-0.014084,0.352000,0.729232,-0.015227,0.378574,0.781007,-0.023384,0.350043,0.666709,-0.033791,0.338294,0.597148,-0.040161,0.330932,0.542904,-0.045390,0.418419,0.736433,-0.019581,0.379360,0.695635,-0.027867,0.377760,0.737328,-0.021447,0.389411,0.771322,-0.015330,0.450750,0.721484,-0.016030,0.410246,0.705054,-0.025051,0.408849,0.739239,-0.016844,0.420384,0.770669,-0.009534,0.476151,0.718542,-0.012828,0.441107,0.711675,-0.019786,0.438542,0.742538,-0.015229,0.447553,0.768986,-0.009796
425,1694846648.570751,1,35.0450,35.0450,14.9347,-0.7471,30.4017,1759.1219,17.6541,4656.7906,2.2727,134.5123,63.7590,136.0382,131.0389,122.1139,114.8942,0.003955,0.482661,0.928470,-0.000000,0.416240,0.953201,-0.009080,0.357459,0.885801,-0.011922,0.336192,0.790389,-0.011494,0.342322,0.732564,-0.010866,0.373017,0.783087,-0.024047,0.338635,0.666990,-0.032071,0.325514,0.598234,-0.036167,0.317414,0.543754,-0.039661,0.411980,0.737272,-0.018905,0.367169,0.687778,-0.023799,0.363182,0.725394,-0.015609,0.373171,0.761379,-0.008597,0.443256,0.721261,-0.013763,0.396283,0.702733,-0.019595,0.394135,0.735952,-0.011465,0.405662,0.769016,-0.004723,0.467022,0.717119,-0.008948,0.427745,0.709061,-0.013500,0.423787,0.739306,-0.009017,0.432308,0.767086,-0.004052
426,1694846648.579085,1,,,0.0000,0.0000,0.0000,0.0000,,,,,,,,,,,0.000000,0.000000,0.000000,0.000000,0.000000,0.000000,0.000000,0.000000,0.000000,0.000000,0.000000,0.000000,0.000000,0.000000,0.000000,0.000000,0.000000,0.000000,0.000000,0.000000,0.000000,0.000000,0.000000,0.000000,0.000000,0.000000,0.000000,0.000000,0.000000,0.000000,0.000000,0.000000,0.000000,0.000000,0.000000,0.000000,0.000000,0.000000,0.000000,0.000000,0.000000,0.000000,0.000000,0.000000,0.000000,0.000000,0.000000,0.000000,0.000000,0.000000,0.000000,0.000000,0.000000,0.000000,0.000000,0.000000,0.000000,0.000000,0.000000,0.000000,0.000000,0.000000,0.000000
427,1694846648.587418,1,40.9791,40.9791,17.1101,0.0000,31.2769,1359.4302,,6514.1204,1.9743,133.3750,35.0767,156.9173,157.8134,152.4955,147.0810,0.005424,0.474351,0.920315,-0.000000,0.412744,0.954284,-0.008770,0.351641,0.900269,-0.012451,0.324508,0.811310,-0.012979,0.327686,0.751942,-0.013668,0.364380,0.795482,-0.024073,0.327892,0.693169,-0.033067,0.310294,0.629347,-0.038190,0.297772,0.578011,-0.042540,0.400015,0.743816,-0.020472,0.350747,0.698671,-0.026084,0.349054,0.738549,-0.019089,0.361824,0.772155,-0.013019,0.429779,0.721980,-0.016722,0.381763,0.703114,-0.023388,0.379741,0.737378,-0.014493,0.392153,0.767442,-0.007295,0.452875,0.714013,-0.013215,0.413205,0.706956,-0.018315,0.410600,0.736944,-0.012706,0.420736,0.761902,-0.007095
428,1694846648.595751,1,52.8182,52.8182,19.1161,2.0060,26.8555,1803.9618,27.2672,8872.3605,2.1750,133.2955,35.8453,171.1463,176.5420,174.0230,170.7795,0.000763,0.469619,0.919278,-0.000000,0.408652,0.956608,-0.010531,0.346969,0.905230,-0.014794,0.322342,0.816051,-0.015871,0.327409,0.757007,-0.017056,0.359157,0.799996,-0.025137,0.320945,0.705760,-0.035875,0.300167,0.644016,-0.043598,0.283935,0.595123,-0.050107,0.394382,0.745506,-0.021674,0.344273,0.709556,-0.028621,0.343017,0.747770,-0.022700,0.356454,0.777789,-0.017425,0.423096,0.722952,-0.018523,0.375362,0.709052,-0.026430,0.373358,0.742295,-0.017751,0.386610,0.770335,-0.010492,0.445663,0.715655,-0.015954,0.406543,0.711294,-0.022892,0.404252,0.739311,-0.017665,0.415084,0.762313,-0.012011
429,1694846648.604085,1,54.7141,54.7141,4.0893,-15.0268,7.9118,1860.8894,5.9324,9602.3803,2.3613,138.8449,55.3387,170.3209,180.5836,181.4160,182.3268,0.000830,0.469359,0.925825,-0.000000,0.406480,0.962913,-0.011685,0.345308,0.912450,-0.014448,0.316385,0.827470,-0.013495,0.310978,0.768308,-0.012096,0.351224,0.796971,-0.023678,0.308229,0.699679,-0.034682,0.285095,0.636238,-0.042623,0.267366,0.588344,-0.048573,0.385883,0.742505,-0.017790,0.333575,0.703584,-0.021965,0.328747,0.736379,-0.015218,0.338646,0.767046,-0.009964,0.415122,0.719896,-0.012632,0.365175,0.703500,-0.017626,0.359805,0.732636,-0.009128,0.369084,0.761592,-0.002800,0.438899,0.712466,-0.008456,0.399787,0.708056,-0.013553,0.393155,0.735263,-0.009369,0.399222,0.761918,-0.004762
430,1694846648.612418,0,,,0.0000,0.0000,0.0000,0.0000,,,,,,,,,,,0.000000,0.000000,0.000000,0.000000,0.000000,0.000000,0.000000,0.000000,0.000000,0.000000,0.000000,0.000000,0.000000,0.000000,0.000000,0.000000,0.000000,0.000000,0.000000,0.000000,0.000000,0.000000,0.000000,0.000000,0.000000,0.000000,0.000000,0.000000,0.000000,0.000000,0.000000,0.000000,0.000000,0.000000,0.000000,0.000000,0.000000,0.000000,0.000000,0.000000,0.000000,0.000000,0.000000,0.000000,0.000000,0.000000,0.000000,0.000000,0.000000,0.000000,0.000000,0.000000,0.000000,0.000000,0.000000,0.000000,0.000000,0.000000,0.000000,0.000000,0.000000,0.000000,0.000000
431,1694846648.620751,0,-46.2039,-46.2039,-20.3122,0.0000,37.5566,1823.7690,,5390.8078,2.9739,94.6111,81.9759,194.2917,209.2329,213.1210,217.2817,0.000000,0.466089,0.931247,-0.000000,0.401322,0.972388,-0.013029,0.337107,0.929436,-0.015258,0.305791,0.844250,-0.013455,0.302870,0.785955,-0.010636,0.339767,0.804794,-0.022689,0.289730,0.713752,-0.029487,0.264563,0.657927,-0.032933,0.245078,0.614804,-0.035944,0.372030,0.749407,-0.015421,0.320382,0.719552,-0.017115,0.318005,0.753461,-0.009002,0.328283,0.783532,-0.002838,0.399769,0.724827,-0.008815,0.350026,0.717700,-0.013592,0.347114,0.750613,-0.006471,0.357322,0.780573,-0.000567,0.422104,0.715180,-0.003122,0.380783,0.716713,-0.008132,0.374044,0.746130,-0.005020,0.379473,0.773161,-0.000850
432,1694846648.629085,0,,,0.0000,0.0000,0.0000,0.0000,,,,,,,,,,,0.000000,0.000000,0.000000,0.000000,0.000000,0.000000,0.000000,0.000000,0.000000,0.000000,0.000000,0.000000,0.000000,0.000000,0.000000,0.000000,0.000000,0.000000,0.000000,0.000000,0.000000,0.000000,0.000000,0.000000,0.000000,0.000000,0.000000,0.000000,0.000000,0.000000,0.000000,0.000000,0.000000,0.000000,0.000000,0.000000,0.000000,0.000000,0.000000,0.000000,0.000000,0.000000,0.000000,0.000000,0.000000,0.000000,0.000000,0.000000,0.000000,0.000000,0.000000,0.000000,0.000000,0.000000,0.000000,0.000000,0.000000,0.000000,0.000000,0.000000,0.000000,0.000000,0.000000
433,1694846648.637418,0,,,0.0000,0.0000,0.0000,0.0000,,,,,,,,,,,0.000000,0.000000,0.000000,0.000000,0.000000,0.000000,0.000000,0.000000,0.000000,0.000000,0.000000,0.000000,0.000000,0.000000,0.000000,0.000000,0.000000,0.000000,0.000000,0.000000,0.000000,0.000000,0.000000,0.000000,0.000000,0.000000,0.000000,0.000000,0.000000,0.000000,0.000000,0.000000,0.000000,0.000000,0.000000,0.000000,0.000000,0.000000,0.000000,0.000000,0.000000,0.000000,0.000000,0.000000,0.000000,0.000000,0.000000,0.000000,0.000000,0.000000,0.000000,0.000000,0.000000,0.000000,0.000000,0.000000,0.000000,0.000000,0.000000,0.000000,0.000000,0.000000,0.000000
434,1694846648.645751,0,,,0.0000,0.0000,0.0000,0.0000,,,,,,,,,,,0.000000,0.000000,0.000000,0.000000,0.000000,0.000000,0.000000,0.000000,0.000000,0.000000,0.000000,0.000000,0.000000,0.000000,0.000000,0.000000,0.000000,0.000000,0.000000,0.000000,0.000000,0.000000,0.000000,0.000000,0.000000,0.000000,0.000000,0.000000,0.000000,0.000000,0.000000,0.000000,0.000000,0.000000,0.000000,0.000000,0.000000,0.000000,0.000000,0.000000,0.000000,0.000000,0.000000,0.000000,0.000000,0.000000,0.000000,0.000000,0.000000,0.000000,0.000000,0.000000,0.000000,0.000000,0.000000,0.000000,0.000000,0.000000,0.000000,0.000000,0.000000,0.000000,0.000000
435,1694846648.654085,0,,,0.0000,0.0000,0.0000,0.0000,,,,,,,,,,,0.000000,0.000000,0.000000,0.000000,0.000000,0.000000,0.000000,0.000000,0.000000,0.000000,0.000000,0.000000,0.000000,0.000000,0.000000,0.000000,0.000000,0.000000,0.000000,0.000000,0.000000,0.000000,0.000000,0.000000,0.000000,0.000000,0.000000,0.000000,0.000000,0.000000,0.000000,0.000000,0.000000,0.000000,0.000000,0.000000,0.000000,0.000000,0.000000,0.000000,0.000000,0.000000,0.000000,0.000000,0.000000,0.000000,0.000000,0.000000,0.000000,0.000000,0.000000,0.000000,0.000000,0.000000,0.000000,0.000000,0.000000,0.000000,0.000000,0.000000,0.000000,0.000000,0.000000
436,1694846648.662418,0,,,0.0000,0.0000,0.0000,0.0000,,,,,,,,,,,0.000000,0.000000,0.000000,0.000000,0.000000,0.000000,0.000000,0.000000,0.000000,0.000000,0.000000,0.000000,0.000000,0.000000,0.000000,0.000000,0.000000,0.000000,0.000000,0.000000,0.000000,0.000000,0.000000,0.000000,0.000000,0.000000,0.000000,0.000000,0.000000,0.000000,0.000000,0.000000,0.000000,0.000000,0.000000,0.000000,0.000000,0.000000,0.000000,0.000000,0.000000,0.000000,0.000000,0.000000,0.000000,0.000000,0.000000,0.000000,0.000000,0.000000,0.000000,0.000000,0.000000,0.000000,0.000000,0.000000,0.000000,0.000000,0.000000,0.000000,0.000000,0.000000,0.000000
437,1694846648.670751,0,,,0.0000,0.0000,0.0000,0.0000,,,,,,,,,,,0.000000,0.000000,0.000000,0.000000,0.000000,0.000000,0.000000,0.000000,0.000000,0.000000,0.000000,0.000000,0.000000,0.000000,0.000000,0.000000,0.000000,0.000000,0.000000,0.000000,0.000000,0.000000,0.000000,0.000000,0.000000,0.000000,0.000000,0.000000,0.000000,0.000000,0.000000,0.000000,0.000000,0.000000,0.000000,0.000000,0.000000,0.000000,0.000000,0.000000,0.000000,0.000000,0.000000,0.000000,0.000000,0.000000,0.000000,0.000000,0.000000,0.000000,0.000000,0.000000,0.000000,0.000000,0.000000,0.000000,0.000000,0.000000,0.000000,0.000000,0.000000,0.000000,0.000000
438,1694846648.679085,0,,,0.0000,0.0000,0.0000,0.0000,,,,,,,,,,,0.000000,0.000000,0.000000,0.000000,0.000000,0.000000,0.000000,0.000000,0.000000,0.000000,0.000000,0.000000,0.000000,0.000000,0.000000,0.000000,0.000000,0.000000,0.000000,0.000000,0.000000,0.000000,0.000000,0.000000,0.000000,0.000000,0.000000,0.000000,0.000000,0.000000,0.000000,0.000000,0.000000,0.000000,0.000000,0.000000,0.000000,0.000000,0.000000,0.000000,0.000000,0.000000,0.000000,0.000000,0.000000,0.000000,0.000000,0.000000,0.000000,0.000000,0.000000,0.000000,0.000000,0.000000,0.000000,0.000000,0.000000,0.000000,0.000000,0.000000,0.000000,0.000000,0.000000
439,1694846648.687418,0,,,0.0000,0.0000,0.0000,0.0000,,,,,,,,,,,0.000000,0.000000,0.000000,0.000000,0.000000,0.000000,0.000000,0.000000,0.000000,0.000000,0.000000,0.000000,0.000000,0.000000,0.000000,0.000000,0.000000,0.000000,0.000000,0.000000,0.000000,0.000000,0.000000,0.000000,0.000000,0.000000,0.000000,0.000000,0.000000,0.000000,0.000000,0.000000,0.000000,0.000000,0.000000,0.000000,0.000000,0.000000,0.000000,0.000000,0.000000,0.000000,0.000000,0.000000,0.000000,0.000000,0.000000,0.000000,0.000000,0.000000,0.000000,0.000000,0.000000,0.000000,0.000000,0.000000,0.000000,0.000000,0.000000,0.000000,0.000000,0.000000,0.000000
440,1694846648.695751,0,,,0.0000,0.0000,0.0000,0.0000,,,,,,,,,,,0.000000,0.000000,0.000000,0.000000,0.000000,0.000000,0.000000,0.000000,0.000000,0.000000,0.000000,0.000000,0.000000,0.000000,0.000000,0.000000,0.000000,0.000000,0.000000,0.000000,0.000000,0.000000,0.000000,0.000000,0.000000,0.000000,0.000000,0.000000,0.000000,0.000000,0.000000,0.000000,0.000000,0.000000,0.000000,0.000000,0.000000,0.000000,0.000000,0.000000,0.000000,0.000000,0.000000,0.000000,0.000000,0.000000,0.000000,0.000000,0.000000,0.000000,0.000000,0.000000,0.000000,0.000000,0.000000,0.000000,0.000000,0.000000,0.000000,0.000000,0.000000,0.000000,0.000000
441,1694846648.704085,0,,,0.0000,0.0000,0.0000,0.0000,,,,,,,,,,,0.000000,0.000000,0.000000,0.000000,0.000000,0.000000,0.000000,0.000000,0.000000,0.000000,0.000000,0.000000,0.000000,0.000000,0.000000,0.000000,0.000000,0.000000,0.000000,0.000000,0.000000,0.000000,0.000000,0.000000,0.000000,0.000000,0.000000,0.000000,0.000000,0.000000,0.000000,0.000000,0.000000,0.000000,0.000000,0.000000,0.000000,0.000000,0.000000,0.000000,0.000000,0.000000,0.000000,0.000000,0.000000,0.000000,0.000000,0.000000,0.000000,0.000000,0.000000,0.000000,0.000000,0.000000,0.000000,0.000000,0.000000,0.000000,0.000000,0.000000,0.000000,0.000000,0.000000
442,1694846648.712418,0,,,0.0000,0.0000,0.0000,0.0000,,,,,,,,,,,0.000000,0.000000,0.000000,0.000000,0.000000,0.000000,0.000000,0.000000,0.000000,0.000000,0.000000,0.000000,0.000000,0.000000,0.000000,0.000000,0.000000,0.000000,0.000000,0.000000,0.000000,0.000000,0.000000,0.000000,0.000000,0.000000,0.000000,0.000000,0.000000,0.000000,0.000000,0.000000,0.000000,0.000000,0.000000,0.000000,0.000000,0.000000,0.000000,0.000000,0.000000,0.000000,0.000000,0.000000,0.000000,0.000000,0.000000,0.000000,0.000000,0.000000,0.000000,0.000000,0.000000,0.000000,0.000000,0.000000,0.000000,0.000000,0.000000,0.000000,0.000000,0.000000,0.000000
443,1694846648.720751,0,,,0.0000,0.0000,0.0000,0.0000,,,,,,,,,,,0.000000,0.000000,0.000000,0.000000,0.000000,0.000000,0.000000,0.000000,0.000000,0.000000,0.000000,0.000000,0.000000,0.000000,0.000000,0.000000,0.000000,0.000000,0.000000,0.000000,0.000000,0.000000,0.000000,0.000000,0.000000,0.000000,0.000000,0.000000,0.000000,0.000000,0.000000,0.000000,0.000000,0.000000,0.000000,0.000000,0.000000,0.000000,0.000000,0.000000,0.000000,0.000000,0.000000,0.000000,0.000000,0.000000,0.000000,0.000000,0.000000,0.000000,0.000000,0.000000,0.000000,0.000000,0.000000,0.000000,0.000000,0.000000,0.000000,0.000000,0.000000,0.000000,0.000000
444,1694846648.729085,0,,,0.0000,0.0000,0.0000,0.0000,,,,,,,,,,,0.000000,0.000000,0.000000,0.000000,0.000000,0.000000,0.000000,0.000000,0.000000,0.000000,0.000000,0.000000,0.000000,0.000000,0.000000,0.000000,0.000000,0.000000,0.000000,0.000000,0.000000,0.000000,0.000000,0.000000,0.000000,0.000000,0.000000,0.000000,0.000000,0.000000,0.000000,0.000000,0.000000,0.000000,0.000000,0.000000,0.000000,0.000000,0.000000,0.000000,0.000000,0.000000,0.000000,0.000000,0.000000,0.000000,0.000000,0.000000,0.000000,0.000000,0.000000,0.000000,0.000000,0.000000,0.000000,0.000000,0.000000,0.000000,0.000000,0.000000,0.000000,0.000000,0.000000
445,1694846648.737418,0,,,0.0000,0.0000,0.0000,0.0000,,,,,,,,,,,0.000000,0.000000,0.000000,0.000000,0.000000,0.000000,0.000000,0.000000,0.000000,0.000000,0.000000,0.000000,0.000000,0.000000,0.000000,0.000000,0.000000,0.000000,0.000000,0.000000,0.000000,0.000000,0.000000,0.000000,0.000000,0.000000,0.000000,0.000000,0.000000,0.000000,0.000000,0.000000,0.000000,0.000000,0.000000,0.000000,0.000000,0.000000,0.000000,0.000000,0.000000,0.000000,0.000000,0.000000,0.000000,0.000000,0.000000,0.000000,0.000000,0.000000,0.000000,0.000000,0.000000,0.000000,0.000000,0.000000,0.000000,0.000000,0.000000,0.000000,0.000000,0.000000,0.000000
446,1694846648.745751,0,,,0.0000,0.0000,0.0000,0.0000,,,,,,,,,,,0.000000,0.000000,0.000000,0.000000,0.000000,0.000000,0.000000,0.000000,0.000000,0.000000,0.000000,0.000000,0.000000,0.000000,0.000000,0.000000,0.000000,0.000000,0.000000,0.000000,0.000000,0.000000,0.000000,0.000000,0.000000,0.000000,0.000000,0.000000,0.000000,0.000000,0.000000,0.000000,0.000000,0.000000,0.000000,0.000000,0.000000,0.000000,0.000000,0.000000,0.000000,0.000000,0.000000,0.000000,0.000000,0.000000,0.000000,0.000000,0.000000,0.000000,0.000000,0.000000,0.000000,0.000000,0.000000,0.000000,0.000000,0.000000,0.000000,0.000000,0.000000,0.000000,0.000000
447,1694846648.754085,0,,,0.0000,0.0000,0.0000,0.0000,,,,,,,,,,,0.000000,0.000000,0.000000,0.000000,0.000000,0.000000,0.000000,0.000000,0.000000,0.000000,0.000000,0.000000,0.000000,0.000000,0.000000,0.000000,0.000000,0.000000,0.000000,0.000000,0.000000,0.000000,0.000000,0.000000,0.000000,0.000000,0.000000,0.000000,0.000000,0.000000,0.000000,0.000000,0.000000,0.000000,0.000000,0.000000,0.000000,0.000000,0.000000,0.000000,0.000000,0.000000,0.000000,0.000000,0.000000,0.000000,0.000000,0.000000,0.000000,0.000000,0.000000,0.000000,0.000000,0.000000,0.000000,0.000000,0.000000,0.000000,0.000000,0.000000,0.000000,0.000000,0.000000
448,1694846648.762418,0,,,0.0000,0.0000,0.0000,0.0000,,,,,,,,,,,0.000000,0.000000,0.000000,0.000000,0.000000,0.000000,0.000000,0.000000,0.000000,0.000000,0.000000,0.000000,0.000000,0.000000,0.000000,0.000000,0.000000,0.000000,0.000000,0.000000,0.000000,0.000000,0.000000,0.000000,0.000000,0.000000,0.000000,0.000000,0.000000,0.000000,0.000000,0.000000,0.000000,0.000000,0.000000,0.000000,0.000000,0.000000,0.000000,0.000000,0.000000,0.000000,0.000000,0.000000,0.000000,0.000000,0.000000,0.000000,0.000000,0.000000,0.000000,0.000000,0.000000,0.000000,0.000000,0.000000,0.000000,0.000000,0.000000,0.000000,0.000000,0.000000,0.000000
449,1694846648.770751,0,,,0.0000,0.0000,0.0000,0.0000,,,,,,,,,,,0.000000,0.000000,0.000000,0.000000,0.000000,0.000000,0.000000,0.000000,0.000000,0.000000,0.000000,0.000000,0.000000,0.000000,0.000000,0.000000,0.000000,0.000000,0.000000,0.000000,0.000000,0.000000,0.000000,0.000000,0.000000,0.000000,0.000000,0.000000,0.000000,0.000000,0.000000,0.000000,0.000000,0.000000,0.000000,0.000000,0.000000,0.000000,0.000000,0.000000,0.000000,0.000000,0.000000,0.000000,0.000000,0.000000,0.000000,0.000000,0.000000,0.000000,0.000000,0.000000,0.000000,0.000000,0.000000,0.000000,0.000000,0.000000,0.000000,0.000000,0.000000,0.000000,0.000000
450,1694846648.779085,0,,,0.0000,0.0000,0.0000,0.0000,,,,,,,,,,,0.000000,0.000000,0.000000,0.000000,0.000000,0.000000,0.000000,0.000000,0.000000,0.000000,0.000000,0.000000,0.000000,0.000000,0.000000,0.000000,0.000000,0.000000,0.000000,0.000000,0.000000,0.000000,0.000000,0.000000,0.000000,0.000000,0.000000,0.000000,0.000000,0.000000,0.000000,0.000000,0.000000,0.000000,0.000000,0.000000,0.000000,0.000000,0.000000,0.000000,0.000000,0.000000,0.000000,0.000000,0.000000,0.000000,0.000000,0.000000,0.000000,0.000000,0.000000,0.000000,0.000000,0.000000,0.000000,0.000000,0.000000,0.000000,0.000000,0.000000,0.000000,0.000000,0.000000
451,1694846648.787418,0,,,0.0000,0.0000,0.0000,0.0000,,,,,,,,,,,0.000000,0.000000,0.000000,0.000000,0.000000,0.000000,0.000000,0.000000,0.000000,0.000000,0.000000,0.000000,0.000000,0.000000,0.000000,0.000000,0.000000,0.000000,0.000000,0.000000,0.000000,0.000000,0.000000,0.000000,0.000000,0.000000,0.000000,0.000000,0.000000,0.000000,0.000000,0.000000,0.000000,0.000000,0.000000,0.000000,0.000000,0.000000,0.000000,0.000000,0.000000,0.000000,0.000000,0.000000,0.000000,0.000000,0.000000,0.000000,0.000000,0.000000,0.000000,0.000000,0.000000,0.000000,0.000000,0.000000,0.000000,0.000000,0.000000,0.000000,0.000000,0.000000,0.000000
452,1694846648.795751,0,,,0.0000,0.0000,0.0000,0.0000,,,,,,,,,,,0.000000,0.000000,0.000000,0.000000,0.000000,0.000000,0.000000,0.000000,0.000000,0.000000,0.000000,0.000000,0.000000,0.000000,0.000000,0.000000,0.000000,0.000000,0.000000,0.000000,0.000000,0.000000,0.000000,0.000000,0.000000,0.000000,0.000000,0.000000,0.000000,0.000000,0.000000,0.000000,0.000000,0.000000,0.000000,0.000000,0.000000,0.000000,0.000000,0.000000,0.000000,0.000000,0.000000,0.000000,0.000000,0.000000,0.000000,0.000000,0.000000,0.000000,0.000000,0.000000,0.000000,0.000000,0.000000,0.000000,0.000000,0.000000,0.000000,0.000000,0.000000,0.000000,0.000000
453,1694846648.804085,0,,,0.0000,0.0000,0.0000,0.0000,,,,,,,,,,,0.000000,0.000000,0.000000,0.000000,0.000000,0.000000,0.000000,0.000000,0.000000,0.000000,0.000000,0.000000,0.000000,0.000000,0.000000,0.000000,0.000000,0.000000,0.000000,0.000000,0.000000,0.000000,0.000000,0.000000,0.000000,0.000000,0.000000,0.000000,0.000000,0.000000,0.000000,0.000000,0.000000,0.000000,0.000000,0.000000,0.000000,0.000000,0.000000,0.000000,0.000000,0.000000,0.000000,0.000000,0.000000,0.000000,0.000000,0.000000,0.000000,0.000000,0.000000,0.000000,0.000000,0.000000,0.000000,0.000000,0.000000,0.000000,0.000000,0.000000,0.000000,0.000000,0.000000
454,1694846648.812418,0,,,0.0000,0.0000,0.0000,0.0000,,,,,,,,,,,0.000000,0.000000,0.000000,0.000000,0.000000,0.000000,0.000000,0.000000,0.000000,0.000000,0.000000,0.000000,0.000000,0.000000,0.000000,0.000000,0.000000,0.000000,0.000000,0.000000,0.000000,0.000000,0.000000,0.000000,0.000000,0.000000,0.000000,0.000000,0.000000,0.000000,0.000000,0.000000,0.000000,0.000000,0.000000,0.000000,0.000000,0.000000,0.000000,0.000000,0.000000,0.000000,0.000000,0.000000,0.000000,0.000000,0.000000,0.000000,0.000000,0.000000,0.000000,0.000000,0.000000,0.000000,0.000000,0.000000,0.000000,0.000000,0.000000,0.000000,0.000000,0.000000,0.000000
455,1694846648.820751,0,-60.6036,-60.6036,-25.3957,0.0000,50.8378,295.1513,,6609.0031,2.3920,121.2361,100.0223,171.9044,190.1066,198.9368,208.5326,0.002256,0.459626,0.947889,-0.000000,0.390193,0.978134,-0.011266,0.326940,0.931173,-0.015936,0.296698,0.842755,-0.016496,0.294759,0.784036,-0.016488,0.333123,0.807851,-0.031726,0.281570,0.695992,-0.041082,0.258059,0.630493,-0.044962,0.239719,0.578499,-0.048148,0.368759,0.752043,-0.024736,0.317400,0.709408,-0.027970,0.317251,0.749737,-0.017794,0.328961,0.787819,-0.010643,0.399522,0.726119,-0.017471,0.349280,0.706649,-0.022584,0.349775,0.741534,-0.013354,0.362289,0.778196,-0.006675,0.423787,0.713369,-0.010634,0.380147,0.705824,-0.016359,0.376522,0.739138,-0.012318,0.384681,0.770741,-0.007639
456,1694846648.829085,0,,,0.0000,0.0000,0.0000,0.0000,,,,,,,,,,,0.000000,0.000000,0.000000,0.000000,0.000000,0.000000,0.000000,0.000000,0.000000,0.000000,0.000000,0.000000,0.000000,0.000000,0.000000,0.000000,0.000000,0.000000,0.000000,0.000000,0.000000,0.000000,0.000000,0.000000,0.000000,0.000000,0.000000,0.000000,0.000000,0.000000,0.000000,0.000000,0.000000,0.000000,0.000000,0.000000,0.000000,0.000000,0.000000,0.000000,0.000000,0.000000,0.000000,0.000000,0.000000,0.000000,0.000000,0.000000,0.000000,0.000000,0.000000,0.000000,0.000000,0.000000,0.000000,0.000000,0.000000,0.000000,0.000000,0.000000,0.000000,0.000000,0.000000
457,1694846648.837418,0,-51.7854,-51.7854,-26.1509,0.0000,52.4429,286.6850,,10419.1671,1.2503,134.5378,76.6776,162.6229,178.3935,184.3132,190.9253,0.002802,0.461102,0.934307,-0.000000,0.394304,0.963435,-0.011103,0.332518,0.911372,-0.013675,0.305050,0.823571,-0.012455,0.303342,0.763079,-0.010894,0.342146,0.796261,-0.026960,0.295420,0.690488,-0.036356,0.272397,0.624544,-0.041488,0.253827,0.573557,-0.045499,0.377959,0.743305,-0.021740,0.324975,0.700174,-0.025951,0.321452,0.736317,-0.017780,0.331982,0.771924,-0.011254,0.407633,0.719858,-0.016751,0.355869,0.702255,-0.023000,0.353709,0.735083,-0.014896,0.365620,0.767539,-0.008199,0.430932,0.709136,-0.012381,0.387080,0.701190,-0.018494,0.381288,0.732570,-0.014214,0.388554,0.762270,-0.009144
458,1694846648.845751,0,,,0.0000,0.0000,0.0000,0.0000,,,,,,,,,,,0.000000,0.000000,0.000000,0.000000,0.000000,0.000000,0.000000,0.000000,0.000000,0.000000,0.000000,0.000000,0.000000,0.000000,0.000000,0.000000,0.000000,0.000000,0.000000,0.000000,0.000000,0.000000,0.000000,0.000000,0.000000,0.000000,0.000000,0.000000,0.000000,0.000000,0.000000,0.000000,0.000000,0.000000,0.000000,0.000000,0.000000,0.000000,0.000000,0.000000,0.000000,0.000000,0.000000,0.000000,0.000000,0.000000,0.000000,0.000000,0.000000,0.000000,0.000000,0.000000,0.000000,0.000000,0.000000,0.000000,0.000000,0.000000,0.000000,0.000000,0.000000,0.000000,0.000000
459,1694846648.854085,1,,,0.0000,0.0000,0.0000,0.0000,,,,,,,,,,,0.000000,0.000000,0.000000,0.000000,0.000000,0.000000,0.000000,0.000000,0.000000,0.000000,0.000000,0.000000,0.000000,0.000000,0.000000,0.000000,0.000000,0.000000,0.000000,0.000000,0.000000,0.000000,0.000000,0.000000,0.000000,0.000000,0.000000,0.000000,0.000000,0.000000,0.000000,0.000000,0.000000,0.000000,0.000000,0.000000,0.000000,0.000000,0.000000,0.000000,0.000000,0.000000,0.000000,0.000000,0.000000,0.000000,0.000000,0.000000,0.000000,0.000000,0.000000,0.000000,0.000000,0.000000,0.000000,0.000000,0.000000,0.000000,0.000000,0.000000,0.000000,0.000000,0.000000
460,1694846648.862418,1,38.3474,38.3474,-4.0917,0.0000,49.1825,172.5695,,4089.5843,2.0392,134.8272,68.7686,142.0426,152.4835,154.8345,159.1953,0.018293,0.473651,0.928870,-0.000000,0.406034,0.957887,-0.007926,0.345582,0.898682,-0.008461,0.317823,0.808746,-0.005508,0.312886,0.749911,-0.002267,0.355707,0.781524,-0.022409,0.312192,0.671350,-0.029453,0.291273,0.605730,-0.033130,0.274622,0.554731,-0.035988,0.393003,0.732408,-0.016550,0.341697,0.689239,-0.017510,0.338326,0.727525,-0.007238,0.348931,0.764691,0.000538,0.424188,0.714630,-0.010722,0.373070,0.697437,-0.014811,0.371119,0.731836,-0.006596,0.382971,0.765865,-0.000032,0.448772,0.708205,-0.005014,0.407854,0.700823,-0.008658,0.402719,0.733485,-0.003957,0.410306,0.764028,0.001054
461,1694846648.870751,1,-38.6929,-38.6929,1.8778,5.9694,35.7902,295.3809,2.1569,4733.2705,3.1054,141.6111,61.4335,142.0193,149.2543,148.9195,151.1151,0.015555,0.473932,0.924293,-0.000000,0.407182,0.954625,-0.008928,0.347032,0.891845,-0.010652,0.320404,0.798742,-0.009438,0.319489,0.739397,-0.008174,0.358521,0.778911,-0.020650,0.318186,0.672775,-0.028528,0.297633,0.606382,-0.033402,0.282415,0.553824,-0.037508,0.396669,0.729674,-0.016591,0.348341,0.685476,-0.021991,0.344399,0.722707,-0.015495,0.355667,0.758379,-0.009325,0.428894,0.710897,-0.012567,0.380920,0.694932,-0.019647,0.376897,0.727643,-0.012277,0.388661,0.760455,-0.005542,0.453837,0.705302,-0.008955,0.414884,0.699392,-0.014892,0.410185,0.731228,-0.010365,0.419485,0.760279,-0.004887
462,1694846648.879085,1,-40.4135,-40.4135,5.0475,3.1698,35.3966,785.3596,17.8039,5056.6996,2.9488,143.9830,60.7138,135.0190,142.2895,142.8558,145.8297,0.014711,0.479964,0.922830,-0.000000,0.411487,0.952126,-0.007567,0.351131,0.887499,-0.009262,0.325786,0.793261,-0.007604,0.327448,0.733602,-0.006229,0.364156,0.779397,-0.024582,0.321913,0.666730,-0.032868,0.301262,0.598820,-0.037838,0.285764,0.545253,-0.041895,0.402953,0.729407,-0.019819,0.353755,0.678893,-0.022442,0.350330,0.718455,-0.012677,0.361980,0.757552,-0.004856,0.435897,0.712602,-0.014836,0.387306,0.694866,-0.020092,0.385233,0.728994,-0.011756,0.398489,0.763132,-0.004898,0.461906,0.707859,-0.009828,0.422805,0.698992,-0.014336,0.419244,0.731881,-0.009072,0.429302,0.762062,-0.003673
463,1694846648.887418,1,40.2533,40.2533,23.0097,17.9622,40.8806,1251.0578,3.6633,5166.4982,1.7019,138.1497,57.6293,135.3184,137.5954,134.9529,135.3065,0.010655,0.485677,0.919612,-0.000000,0.417709,0.950636,-0.007693,0.357404,0.884928,-0.009259,0.333082,0.791474,-0.007692,0.335577,0.735420,-0.006461,0.372350,0.777879,-0.023969,0.330441,0.667545,-0.032865,0.310602,0.599773,-0.038432,0.296427,0.545533,-0.042952,0.411171,0.728030,-0.019854,0.361531,0.680667,-0.024777,0.357533,0.719985,-0.017031,0.368973,0.755850,-0.010260,0.443374,0.710206,-0.015465,0.394500,0.694037,-0.021606,0.390328,0.728694,-0.013379,0.402552,0.762539,-0.006425,0.468193,0.705983,-0.011249,0.428517,0.701345,-0.016159,0.423791,0.734989,-0.010829,0.433078,0.764907,-0.005209
464,1694846648.895751,1,35.7227,35.7227,-0.6562,-23.6659,38.0770,850.1090,20.0447,4582.7622,2.1849,139.1875,61.8482,133.0719,131.7742,126.4799,123.0712,0.007194,0.489273,0.922536,-0.000000,0.421361,0.944895,-0.006944,0.364361,0.880971,-0.008807,0.344124,0.789251,-0.008384,0.349477,0.732798,-0.008210,0.377492,0.770225,-0.020492,0.338901,0.663158,-0.029559,0.320923,0.596066,-0.035560,0.308379,0.542116,-0.040423,0.416922,0.724372,-0.017363,0.373307,0.681609,-0.022199,0.368809,0.720290,-0.015430,0.379083,0.755391,-0.009704,0.450018,0.709827,-0.014255,0.407032,0.696637,-0.020661,0.403050,0.729036,-0.013428,0.414496,0.761577,-0.007307,0.476177,0.708216,-0.011358,0.440523,0.701667,-0.015852,0.435715,0.733638,-0.010447,0.444241,0.763921,-0.004872
465,1694846648.904085,1,35.6498,35.6498,18.5857,19.2419,37.6463,542.1288,1.1714,5155.7907,1.8894,138.0401,65.9362,133.3683,127.1022,117.3418,109.9569,0.003241,0.493249,0.922259,-0.000000,0.426260,0.946793,-0.009350,0.367331,0.878603,-0.012111,0.349138,0.783149,-0.011448,0.359727,0.729879,-0.010606,0.385226,0.772044,-0.024544,0.347247,0.658098,-0.033291,0.330756,0.590983,-0.037953,0.319905,0.537726,-0.041834,0.424757,0.725699,-0.019086,0.381023,0.684883,-0.024667,0.379081,0.729521,-0.015715,0.391398,0.766360,-0.007916,0.457041,0.710347,-0.013767,0.413041,0.697700,-0.021334,0.410630,0.735340,-0.013034,0.422786,0.768463,-0.005694,0.483197,0.707254,-0.008653,0.447681,0.702857,-0.014394,0.443462,0.736787,-0.009670,0.451979,0.765151,-0.004301
466,1694846648.912418,1,-32.3047,-32.3047,2.0272,-16.5585,36.1703,1352.4732,14.6514,5592.4221,2.8605,143.9992,78.2666,130.9560,119.8370,105.5876,94.3564,0.002152,0.500425,0.928878,-0.000000,0.432650,0.951863,-0.008427,0.374051,0.881584,-0.011217,0.355746,0.781177,-0.011087,0.368301,0.724241,-0.010787,0.391404,0.770414,-0.022000,0.357190,0.653122,-0.030402,0.342080,0.584314,-0.035252,0.331971,0.528282,-0.039611,0.431913,0.725557,-0.016853,0.392297,0.691355,-0.021558,0.391295,0.738115,-0.012714,0.403924,0.772085,-0.005659,0.465193,0.712247,-0.011826,0.425142,0.703198,-0.019044,0.423563,0.740736,-0.010530,0.436201,0.772390,-0.003498,0.492393,0.711300,-0.006935,0.458740,0.708155,-0.012602,0.455886,0.743030,-0.007598,0.465713,0.771144,-0.002062
467,1694846648.920751,1,29.5468,29.5468,-2.6766,-4.7038,27.2526,1294.7810,13.6543,5341.7066,2.9814,143.2971,79.7937,136.7149,121.6069,103.1878,86.4940,0.000061,0.506143,0.930630,-0.000000,0.438129,0.950276,-0.006667,0.382323,0.881197,-0.008102,0.363726,0.784980,-0.006524,0.372130,0.729112,-0.004785,0.398181,0.768084,-0.021915,0.365909,0.652285,-0.029498,0.351525,0.584675,-0.034116,0.341862,0.530404,-0.038095,0.438632,0.725301,-0.016523,0.400930,0.694484,-0.018237,0.400220,0.739752,-0.008322,0.412103,0.774437,-0.001194,0.472135,0.714473,-0.011039,0.433565,0.707762,-0.015462,0.432776,0.744597,-0.007043,0.445001,0.778297,-0.000658,0.499704,0.715696,-0.005539,0.467686,0.711542,-0.008807,0.464509,0.745470,-0.003580,0.473190,0.776222,0.001745
468,1694846648.929085,1,30.8683,30.8683,-1.2136,1.4630,26.2187,1209.4816,3.5533,6331.9149,1.9630,142.0069,84.8576,142.8567,124.6512,103.4195,82.8351,0.000000,0.511919,0.929905,-0.000000,0.445359,0.952934,-0.009904,0.387285,0.882039,-0.012717,0.370959,0.782549,-0.012661,0.384667,0.726430,-0.012381,0.406829,0.765537,-0.020759,0.376237,0.656189,-0.028544,0.360471,0.588985,-0.033905,0.349143,0.534177,-0.039212,0.447871,0.725829,-0.016275,0.411140,0.692795,-0.022318,0.409252,0.738534,-0.015086,0.421196,0.773365,-0.008924,0.480842,0.716849,-0.012194,0.443758,0.704044,-0.020500,0.441319,0.740960,-0.012416,0.453105,0.773475,-0.005534,0.507078,0.719497,-0.008583,0.474999,0.713317,-0.015647,0.472255,0.747406,-0.011234,0.482054,0.775156,-0.006106
469,1694846648.937418,1,27.7950,27.7950,-1.9637,-0.7501,25.4419,1062.1138,27.6140,4394.8233,2.3414,143.3040,93.0130,145.9192,124.2988,100.4477,76.7497,0.000000,0.516295,0.935426,-0.000000,0.447572,0.953859,-0.010089,0.390573,0.881244,-0.012396,0.375092,0.781401,-0.011627,0.392159,0.726895,-0.010428,0.413312,0.764508,-0.020104,0.384391,0.650968,-0.026222,0.369732,0.584044,-0.029933,0.359722,0.529189,-0.034068,0.455063,0.726785,-0.014152,0.416872,0.696164,-0.017465,0.413973,0.742131,-0.008875,0.425788,0.776745,-0.002301,0.487924,0.719533,-0.008519,0.449176,0.707775,-0.014087,0.446244,0.745255,-0.005890,0.458015,0.778413,0.000493,0.514030,0.724412,-0.003450,0.481852,0.718584,-0.008431,0.478469,0.752295,-0.004367,0.488362,0.780944,0.000264
470,1694846648.945751,1,24.0743,24.0743,14.0948,16.0585,24.2580,2166.1740,8.4201,3611.5639,2.3718,140.4738,103.3589,154.4989,130.2315,103.3974,73.2401,0.000000,0.521111,0.939661,-0.000000,0.453815,0.954784,-0.008675,0.397338,0.880598,-0.010880,0.382799,0.779617,-0.010243,0.401175,0.725240,-0.009213,0.419961,0.765153,-0.020124,0.393479,0.652188,-0.025473,0.379648,0.585752,-0.028910,0.369841,0.531217,-0.033346,0.461352,0.728097,-0.015297,0.424747,0.698692,-0.018244,0.422674,0.745378,-0.009840,0.434366,0.779183,-0.003859,0.494192,0.721365,-0.010493,0.456716,0.710904,-0.015021,0.453856,0.747886,-0.006270,0.464979,0.780174,-0.000155,0.520334,0.726851,-0.006240,0.488700,0.724255,-0.010644,0.485616,0.757045,-0.006466,0.494962,0.784077,-0.002138
471,1694846648.954085,1,,,0.0000,0.0000,0.0000,0.0000,23.5592,3777.4540,2.1639,112.6590,124.2420,164.8080,137.2380,106.6436,68.9089,0.000000,0.523914,0.943553,-0.000000,0.455867,0.952689,-0.007694,0.400793,0.878082,-0.009631,0.388121,0.778703,-0.009219,0.405517,0.724197,-0.008349,0.424889,0.761508,-0.017653,0.402276,0.648090,-0.022884,0.391508,0.581789,-0.025539,0.384414,0.528543,-0.028817,0.466722,0.727143,-0.013341,0.431004,0.695701,-0.015995,0.427509,0.739889,-0.007928,0.438491,0.774090,-0.002075,0.500042,0.722395,-0.009135,0.462814,0.710002,-0.014323,0.459479,0.746596,-0.006480,0.469933,0.779320,-0.000604,0.527069,0.729480,-0.005243,0.495919,0.724298,-0.008970,0.492625,0.756222,-0.004344,0.501539,0.784239,0.000368
472,1694846648.962418,0,,,0.0000,0.0000,0.0000,0.0000,27.5554,4381.0092,2.5670,93.2863,134.9935,178.1525,149.5114,116.8962,75.5644,0.000000,0.529062,0.947717,-0.000000,0.459321,0.951696,-0.007115,0.406116,0.875370,-0.007976,0.392823,0.775357,-0.005877,0.406870,0.721308,-0.002981,0.434255,0.761955,-0.018520,0.411000,0.648421,-0.021712,0.401226,0.587073,-0.022280,0.394814,0.535833,-0.024203,0.477049,0.728449,-0.013877,0.434975,0.691786,-0.015197,0.430933,0.738642,-0.006192,0.442188,0.774199,0.000265,0.508550,0.723153,-0.009020,0.464772,0.709043,-0.011940,0.460565,0.747133,-0.003941,0.470937,0.780979,0.001553,0.532189,0.729377,-0.004469,0.497011,0.722824,-0.006677,0.493085,0.753023,-0.002544,0.501036,0.781996,0.001495
473,1694846648.970751,0,,,0.0000,0.0000,0.0000,0.0000,35.9842,4123.1875,2.2743,68.7978,143.9254,189.3221,159.3817,125.6434,82.4001,0.000000,0.532925,0.949925,-0.000000,0.464113,0.951768,-0.006607,0.411281,0.873662,-0.006359,0.397798,0.775092,-0.003531,0.411887,0.722572,0.000219,0.439502,0.760229,-0.014546,0.418488,0.650456,-0.016917,0.409852,0.589945,-0.017181,0.404186,0.540145,-0.018929,0.481835,0.728636,-0.010073,0.442264,0.695446,-0.011897,0.437762,0.741236,-0.003746,0.447430,0.777799,0.002588,0.513460,0.724630,-0.005570,0.471665,0.713272,-0.009270,0.467237,0.750822,-0.002278,0.476272,0.784804,0.003054,0.537451,0.731731,-0.001347,0.503235,0.728379,-0.004237,0.498886,0.758421,-0.001050,0.505988,0.786087,0.002579
474,1694846648.979085,0,,,0.0000,0.0000,0.0000,0.0000,25.8849,4093.5618,2.3807,61.3665,152.6008,195.2635,164.1442,129.8846,86.0261,0.000000,0.533093,0.948157,-0.000000,0.465739,0.948218,-0.005632,0.414463,0.867965,-0.004612,0.402504,0.771086,-0.001161,0.420090,0.722629,0.002998,0.442884,0.756773,-0.013579,0.424428,0.647635,-0.015147,0.416207,0.587546,-0.015021,0.411308,0.538807,-0.016581,0.485025,0.727737,-0.009622,0.448203,0.693805,-0.010378,0.443883,0.738056,-0.002249,0.453867,0.773207,0.003717,0.516964,0.725112,-0.005548,0.477579,0.710656,-0.008538,0.473861,0.747309,-0.001502,0.483492,0.780507,0.003632,0.541439,0.733615,-0.001673,0.509366,0.726963,-0.003824,0.506331,0.756279,0.000006,0.514496,0.784975,0.003865
475,1694846648.987418,0,,,0.0000,0.0000,0.0000,0.0000,1.5904,4126.5562,2.9302,69.2909,162.1556,204.2141,171.8498,136.9132,91.9966,0.000000,0.536343,0.949391,-0.000000,0.467612,0.950330,-0.008123,0.415651,0.865492,-0.008533,0.406788,0.764568,-0.006715,0.427754,0.715831,-0.004229,0.446793,0.755275,-0.012824,0.430069,0.648642,-0.014798,0.422903,0.588746,-0.015430,0.418747,0.539604,-0.017878,0.489603,0.726271,-0.008763,0.454044,0.695780,-0.011165,0.449546,0.740214,-0.004587,0.459058,0.775079,0.000530,0.521907,0.723603,-0.005010,0.484112,0.710676,-0.009436,0.480032,0.747694,-0.003179,0.489147,0.780733,0.001581,0.546728,0.732417,-0.001836,0.515069,0.727360,-0.005244,0.512155,0.758329,-0.001982,0.520673,0.787046,0.001693
476,1694846648.995751,0,,,0.0000,0.0000,0.0000,0.0000,23.0700,3838.8502,2.8767,63.6690,168.1449,207.6061,173.9579,137.8724,91.8292,0.000000,0.538959,0.941831,-0.000000,0.470514,0.946089,-0.008257,0.419506,0.863777,-0.009496,0.410003,0.764141,-0.007918,0.430410,0.716258,-0.005767,0.450292,0.753460,-0.015839,0.434203,0.644164,-0.018479,0.426928,0.582217,-0.019906,0.422980,0.531798,-0.022687,0.492687,0.724774,-0.010851,0.458067,0.692757,-0.011648,0.453363,0.736779,-0.003506,0.463463,0.771927,0.002489,0.524610,0.723825,-0.006041,0.487192,0.709845,-0.009206,0.482021,0.746385,-0.002455,0.491399,0.778761,0.002519,0.549338,0.733076,-0.001673,0.518614,0.725677,-0.004011,0.514102,0.756375,-0.000369,0.522027,0.784785,0.003390
477,1694846649.004085,0,,,0.0000,0.0000,0.0000,0.0000,44.7614,4032.0790,3.1196,66.8781,168.9576,210.7162,174.5867,137.3908,91.6666,0.000000,0.542099,0.940660,-0.000000,0.474714,0.944932,-0.005934,0.424185,0.865668,-0.006196,0.413248,0.766793,-0.003671,0.431635,0.717506,-0.000694,0.454547,0.755986,-0.015871,0.437628,0.642570,-0.016747,0.431233,0.577238,-0.016138,0.427204,0.527099,-0.017101,0.495929,0.725415,-0.011068,0.460115,0.689116,-0.010546,0.453863,0.732654,-0.001209,0.461624,0.772501,0.005975,0.527122,0.722619,-0.005866,0.487563,0.708997,-0.007502,0.481558,0.744931,-0.000978,0.488978,0.780373,0.003922,0.550971,0.729946,-0.000643,0.516747,0.725616,-0.001097,0.511004,0.755526,0.002860,0.516869,0.783859,0.006725
478,1694846649.012418,0,,,0.0000,0.0000,0.0000,0.0000,,,,,,,,,,,0.000000,0.000000,0.000000,0.000000,0.000000,0.000000,0.000000,0.000000,0.000000,0.000000,0.000000,0.000000,0.000000,0.000000,0.000000,0.000000,0.000000,0.000000,0.000000,0.000000,0.000000,0.000000,0.000000,0.000000,0.000000,0.000000,0.000000,0.000000,0.000000,0.000000,0.000000,0.000000,0.000000,0.000000,0.000000,0.000000,0.000000,0.000000,0.000000,0.000000,0.000000,0.000000,0.000000,0.000000,0.000000,0.000000,0.000000,0.000000,0.000000,0.000000,0.000000,0.000000,0.000000,0.000000,0.000000,0.000000,0.000000,0.000000,0.000000,0.000000,0.000000,0.000000,0.000000
479,1694846649.020751,0,,,0.0000,0.0000,0.0000,0.0000,,4774.4941,2.3458,75.4429,187.6407,215.9223,181.6424,145.5150,99.5677,0.000000,0.543963,0.945311,-0.000000,0.475426,0.945740,-0.007774,0.425640,0.858757,-0.008070,0.418025,0.756421,-0.005332,0.438081,0.706898,-0.002182,0.457612,0.751604,-0.017004,0.443104,0.635763,-0.018371,0.438208,0.571489,-0.018222,0.435702,0.520438,-0.019941,0.500126,0.723217,-0.011432,0.466976,0.684549,-0.011536,0.460586,0.729232,-0.002979,0.467683,0.768527,0.003134,0.532239,0.721226,-0.005664,0.494656,0.705343,-0.007631,0.489390,0.742681,-0.000457,0.496597,0.779094,0.004354,0.556771,0.729809,-0.000256,0.524276,0.725545,-0.002088,0.519822,0.756741,0.001346,0.526232,0.786112,0.004748
480,1694846649.029085,0,,,0.0000,0.0000,0.0000,0.0000,31.9878,4189.1971,2.1233,75.8966,189.1697,219.0239,184.0395,147.1807,101.0353,0.000000,0.545677,0.935822,-0.000000,0.476829,0.942207,-0.009382,0.427103,0.855026,-0.009999,0.419556,0.755698,-0.006949,0.439839,0.711837,-0.003530,0.460785,0.747907,-0.018974,0.445564,0.633370,-0.020096,0.439635,0.570077,-0.019634,0.436808,0.519779,-0.020912,0.503324,0.720338,-0.012392,0.470053,0.681767,-0.012074,0.463456,0.726787,-0.002184,0.471412,0.765064,0.005185,0.534948,0.719961,-0.005903,0.497720,0.705021,-0.008002,0.492950,0.741867,-0.001102,0.501365,0.776529,0.003803,0.558702,0.728413,0.000138,0.526933,0.723267,-0.001575,0.522919,0.754850,0.001664,0.529514,0.783513,0.004907
481,1694846649.037418,0,,,0.0000,0.0000,0.0000,0.0000,68.0555,4285.4482,2.7395,76.3711,190.6618,222.8117,186.6931,149.9866,103.8475,0.000000,0.544718,0.942473,-0.000000,0.475700,0.941068,-0.006222,0.427346,0.853760,-0.005346,0.419076,0.754235,-0.001499,0.437330,0.708961,0.002578,0.459306,0.745823,-0.015258,0.445102,0.631678,-0.014861,0.440859,0.568032,-0.013684,0.439291,0.517909,-0.014438,0.501649,0.719443,-0.009653,0.470500,0.684687,-0.007481,0.462875,0.726884,0.001436,0.468432,0.765663,0.007599,0.534200,0.720310,-0.003573,0.498581,0.705826,-0.004238,0.492952,0.740411,0.002053,0.499457,0.777156,0.006298,0.559389,0.731519,0.002468,0.528828,0.723382,0.002338,0.523030,0.752424,0.006332,0.527783,0.783249,0.010104
482,1694846649.045751,0,,,0.0000,0.0000,0.0000,0.0000,,,,,,,,,,,0.000000,0.000000,0.000000,0.000000,0.000000,0.000000,0.000000,0.000000,0.000000,0.000000,0.000000,0.000000,0.000000,0.000000,0.000000,0.000000,0.000000,0.000000,0.000000,0.000000,0.000000,0.000000,0.000000,0.000000,0.000000,0.000000,0.000000,0.000000,0.000000,0.000000,0.000000,0.000000,0.000000,0.000000,0.000000,0.000000,0.000000,0.000000,0.000000,0.000000,0.000000,0.000000,0.000000,0.000000,0.000000,0.000000,0.000000,0.000000,0.000000,0.000000,0.000000,0.000000,0.000000,0.000000,0.000000,0.000000,0.000000,0.000000,0.000000,0.000000,0.000000,0.000000,0.000000
483,1694846649.054085,0,,,0.0000,0.0000,0.0000,0.0000,,,,,,,,,,,0.000000,0.000000,0.000000,0.000000,0.000000,0.000000,0.000000,0.000000,0.000000,0.000000,0.000000,0.000000,0.000000,0.000000,0.000000,0.000000,0.000000,0.000000,0.000000,0.000000,0.000000,0.000000,0.000000,0.000000,0.000000,0.000000,0.000000,0.000000,0.000000,0.000000,0.000000,0.000000,0.000000,0.000000,0.000000,0.000000,0.000000,0.000000,0.000000,0.000000,0.000000,0.000000,0.000000,0.000000,0.000000,0.000000,0.000000,0.000000,0.000000,0.000000,0.000000,0.000000,0.000000,0.000000,0.000000,0.000000,0.000000,0.000000,0.000000,0.000000,0.000000,0.000000,0.000000
484,1694846649.062418,0,,,0.0000,0.0000,0.0000,0.0000,,4174.3386,1.5319,76.5278,193.9322,220.4638,184.4168,146.9950,100.8885,0.000000,0.545960,0.937258,-0.000000,0.477333,0.940948,-0.009926,0.426091,0.852785,-0.011899,0.418856,0.748814,-0.010402,0.441934,0.705101,-0.008657,0.461118,0.748946,-0.021473,0.446698,0.628571,-0.024577,0.441611,0.560908,-0.025660,0.439132,0.506829,-0.028297,0.503905,0.720455,-0.015257,0.470210,0.682725,-0.017859,0.464502,0.728958,-0.009124,0.472815,0.767012,-0.002381,0.535495,0.718770,-0.008922,0.498393,0.704806,-0.012451,0.494087,0.741335,-0.004707,0.502377,0.777180,0.000838,0.559281,0.726520,-0.003190,0.528270,0.721132,-0.006614,0.524462,0.753264,-0.003334,0.531121,0.782506,0.000317
485,1694846649.070751,0,,,0.0000,0.0000,0.0000,0.0000,26.6001,3784.6144,1.8252,79.4830,191.8679,217.1666,181.6525,144.3571,98.0400,0.000000,0.543564,0.937149,-0.000000,0.474214,0.940520,-0.008213,0.424580,0.850679,-0.010217,0.418158,0.746045,-0.008760,0.441769,0.698977,-0.007304,0.460227,0.752102,-0.022846,0.444841,0.630755,-0.026003,0.438889,0.561931,-0.027061,0.435664,0.507028,-0.029483,0.503043,0.721377,-0.017132,0.467828,0.678826,-0.018035,0.461769,0.724053,-0.008262,0.470284,0.762454,-0.001102,0.534351,0.718666,-0.010952,0.494942,0.699689,-0.012920,0.489191,0.736159,-0.004980,0.497482,0.771628,0.000412,0.557293,0.725944,-0.005037,0.524081,0.717041,-0.006482,0.519649,0.747036,-0.002246,0.526907,0.776037,0.001648
486,1694846649.079085,0,,,0.0000,0.0000,0.0000,0.0000,25.7350,3888.8811,2.3963,76.9668,190.6610,216.2343,180.2078,142.8787,96.7775,0.000000,0.542641,0.936749,-0.000000,0.473314,0.937842,-0.009155,0.422779,0.850633,-0.010902,0.415257,0.746987,-0.009298,0.435615,0.697804,-0.007510,0.459942,0.745640,-0.021001,0.443196,0.625956,-0.024056,0.437273,0.557365,-0.024984,0.434326,0.503119,-0.027317,0.502557,0.716882,-0.014960,0.465987,0.682193,-0.016799,0.459811,0.727205,-0.008016,0.468911,0.763853,-0.001623,0.533545,0.715100,-0.008699,0.494095,0.700957,-0.012226,0.488976,0.737487,-0.004546,0.497925,0.772526,0.000840,0.556340,0.723878,-0.002836,0.523312,0.719274,-0.006438,0.519642,0.750864,-0.002922,0.527742,0.779469,0.000952
487,1694846649.087418,0,,,0.0000,0.0000,0.0000,0.0000,36.8049,4152.7416,2.4029,81.6829,187.5310,213.7242,178.4013,140.8627,93.5859,0.000000,0.541779,0.938511,-0.000000,0.472118,0.941304,-0.010053,0.421236,0.852116,-0.012716,0.413518,0.747103,-0.012158,0.434265,0.696262,-0.011447,0.457499,0.748213,-0.021920,0.440281,0.628036,-0.025752,0.433973,0.559163,-0.026982,0.430788,0.505278,-0.029426,0.500220,0.717605,-0.016086,0.463978,0.681430,-0.019692,0.457938,0.726064,-0.011617,0.466769,0.763813,-0.005249,0.531499,0.714361,-0.010180,0.491589,0.699948,-0.014937,0.486700,0.736355,-0.007805,0.495637,0.771819,-0.002419,0.554417,0.720570,-0.004753,0.520259,0.714911,-0.008611,0.515936,0.746179,-0.005263,0.523397,0.774955,-0.001472
488,1694846649.095751,0,,,0.0000,0.0000,0.0000,0.0000,,,,,,,,,,,0.000000,0.000000,0.000000,0.000000,0.000000,0.000000,0.000000,0.000000,0.000000,0.000000,0.000000,0.000000,0.000000,0.000000,0.000000,0.000000,0.000000,0.000000,0.000000,0.000000,0.000000,0.000000,0.000000,0.000000,0.000000,0.000000,0.000000,0.000000,0.000000,0.000000,0.000000,0.000000,0.000000,0.000000,0.000000,0.000000,0.000000,0.000000,0.000000,0.000000,0.000000,0.000000,0.000000,0.000000,0.000000,0.000000,0.000000,0.000000,0.000000,0.000000,0.000000,0.000000,0.000000,0.000000,0.000000,0.000000,0.000000,0.000000,0.000000,0.000000,0.000000,0.000000,0.000000
489,1694846649.104085,0,,,0.0000,0.0000,0.0000,0.0000,,4088.5982,2.4929,86.6319,178.7416,205.6383,170.1839,132.6999,85.5839,0.000000,0.536976,0.934432,-0.000000,0.466931,0.940640,-0.010582,0.415212,0.851505,-0.013598,0.407744,0.744524,-0.012933,0.430925,0.693586,-0.012077,0.451201,0.747466,-0.024141,0.434352,0.624957,-0.028196,0.427475,0.555512,-0.029568,0.423805,0.500595,-0.032211,0.494552,0.716235,-0.017742,0.457257,0.675648,-0.020447,0.450718,0.722111,-0.010809,0.459982,0.760620,-0.003511,0.525922,0.713262,-0.011273,0.484767,0.693586,-0.015790,0.478785,0.731544,-0.007745,0.487960,0.767923,-0.001749,0.548823,0.719673,-0.005250,0.513397,0.710101,-0.009230,0.508054,0.742183,-0.005602,0.515568,0.772123,-0.001665
490,1694846649.112418,0,,,0.0000,0.0000,0.0000,0.0000,,,,,,,,,,,0.000000,0.000000,0.000000,0.000000,0.000000,0.000000,0.000000,0.000000,0.000000,0.000000,0.000000,0.000000,0.000000,0.000000,0.000000,0.000000,0.000000,0.000000,0.000000,0.000000,0.000000,0.000000,0.000000,0.000000,0.000000,0.000000,0.000000,0.000000,0.000000,0.000000,0.000000,0.000000,0.000000,0.000000,0.000000,0.000000,0.000000,0.000000,0.000000,0.000000,0.000000,0.000000,0.000000,0.000000,0.000000,0.000000,0.000000,0.000000,0.000000,0.000000,0.000000,0.000000,0.000000,0.000000,0.000000,0.000000,0.000000,0.000000,0.000000,0.000000,0.000000,0.000000,0.000000
491,1694846649.120751,0,,,0.0000,0.0000,0.0000,0.0000,,,,,,,,,,,0.000000,0.000000,0.000000,0.000000,0.000000,0.000000,0.000000,0.000000,0.000000,0.000000,0.000000,0.000000,0.000000,0.000000,0.000000,0.000000,0.000000,0.000000,0.000000,0.000000,0.000000,0.000000,0.000000,0.000000,0.000000,0.000000,0.000000,0.000000,0.000000,0.000000,0.000000,0.000000,0.000000,0.000000,0.000000,0.000000,0.000000,0.000000,0.000000,0.000000,0.000000,0.000000,0.000000,0.000000,0.000000,0.000000,0.000000,0.000000,0.000000,0.000000,0.000000,0.000000,0.000000,0.000000,0.000000,0.000000,0.000000,0.000000,0.000000,0.000000,0.000000,0.000000,0.000000
492,1694846649.129085,0,,,0.0000,0.0000,0.0000,0.0000,,3829.2981,3.6060,80.3657,167.0943,188.1831,154.0934,117.9544,72.6978,0.000000,0.531258,0.931509,-0.000000,0.461072,0.940808,-0.008592,0.407963,0.857737,-0.010699,0.396993,0.751059,-0.008868,0.416612,0.696267,-0.006801,0.441770,0.751269,-0.025378,0.423504,0.625127,-0.029766,0.415672,0.552927,-0.031492,0.410094,0.496455,-0.034137,0.483828,0.716681,-0.018871,0.444375,0.672069,-0.019077,0.438524,0.716528,-0.007877,0.447727,0.753919,-0.000233,0.514226,0.711215,-0.011926,0.472156,0.689254,-0.014063,0.466231,0.724942,-0.005121,0.475257,0.760226,0.000804,0.536735,0.715872,-0.005169,0.500806,0.704622,-0.007087,0.495008,0.735172,-0.002516,0.501846,0.764579,0.001640
493,1694846649.137418,0,,,0.0000,0.0000,0.0000,0.0000,31.4540,3690.9013,3.1234,77.2276,159.8303,182.9510,149.6650,113.3937,67.3074,0.000000,0.529993,0.931314,-0.000000,0.458818,0.939240,-0.008095,0.404468,0.858241,-0.009833,0.392145,0.752185,-0.008186,0.410235,0.697273,-0.006097,0.438236,0.749806,-0.023784,0.418254,0.623466,-0.027510,0.410625,0.551471,-0.027930,0.405188,0.495608,-0.029606,0.480457,0.715930,-0.018068,0.439816,0.673242,-0.020580,0.433277,0.716940,-0.010627,0.442210,0.755372,-0.003160,0.511121,0.710240,-0.011795,0.468771,0.688658,-0.015897,0.462215,0.723573,-0.007298,0.470357,0.760517,-0.000926,0.533586,0.714181,-0.005686,0.498347,0.701571,-0.008560,0.491390,0.731875,-0.004269,0.496801,0.761964,0.000074
494,1694846649.145751,0,,,0.0000,0.0000,0.0000,0.0000,46.8598,3729.9265,3.3394,81.4807,152.0105,176.8573,144.0269,108.2704,62.9841,0.000000,0.527331,0.932140,-0.000000,0.456037,0.942053,-0.009158,0.401011,0.861997,-0.010748,0.387463,0.756976,-0.008793,0.403194,0.700488,-0.006264,0.433270,0.750375,-0.023207,0.413752,0.625230,-0.028806,0.406022,0.553361,-0.031091,0.399617,0.496585,-0.033904,0.475377,0.714687,-0.016653,0.433039,0.673464,-0.018795,0.427769,0.717079,-0.008901,0.437736,0.753754,-0.001852,0.505732,0.707465,-0.010026,0.462231,0.685657,-0.014330,0.456662,0.721121,-0.005846,0.465401,0.757571,0.000288,0.528277,0.710592,-0.003755,0.492759,0.699185,-0.007375,0.486193,0.730328,-0.003663,0.491814,0.760929,0.000289
495,1694846649.154085,0,,,0.0000,0.0000,0.0000,0.0000,25.7293,3926.7760,3.4750,97.3596,144.0798,170.9659,139.8109,105.5199,62.0480,0.000000,0.523195,0.935940,-0.000000,0.451206,0.943720,-0.009770,0.395581,0.858544,-0.010758,0.383118,0.751571,-0.008200,0.401082,0.695963,-0.004808,0.426945,0.749604,-0.021297,0.406700,0.625233,-0.025583,0.398726,0.555828,-0.026616,0.393100,0.499716,-0.028833,0.470166,0.715448,-0.014894,0.428409,0.676044,-0.018122,0.423314,0.722474,-0.008730,0.434348,0.757838,-0.001557,0.501263,0.708810,-0.008559,0.458332,0.688874,-0.013775,0.453414,0.726771,-0.005408,0.463667,0.761704,0.001031,0.524282,0.712146,-0.002728,0.489101,0.701291,-0.007112,0.484622,0.733402,-0.003588,0.492870,0.763033,0.000503
496,1694846649.162418,0,,,0.0000,0.0000,0.0000,0.0000,28.1724,4014.4289,3.1334,121.1289,131.4048,158.1715,129.4725,97.8828,59.1574,0.000000,0.516539,0.926560,-0.000000,0.446816,0.939662,-0.009444,0.392749,0.861005,-0.011947,0.379979,0.755789,-0.011301,0.393494,0.695698,-0.010196,0.422316,0.749109,-0.021729,0.399258,0.626998,-0.027662,0.389711,0.556048,-0.030224,0.383408,0.500221,-0.033110,0.463625,0.713834,-0.016100,0.422153,0.677925,-0.020429,0.417793,0.723703,-0.011866,0.429582,0.758762,-0.005212,0.494350,0.707195,-0.010560,0.451534,0.688896,-0.017324,0.446650,0.726752,-0.009041,0.457211,0.761397,-0.002435,0.517789,0.709990,-0.005328,0.481140,0.700744,-0.010283,0.476132,0.734043,-0.005658,0.484441,0.763742,-0.000677
497,1694846649.170751,1,26.3372,26.3372,-0.8024,0.0000,2.3857,166.1754,16.9874,4083.6172,2.5717,139.2230,121.7088,152.0722,125.3914,95.9859,61.0917,0.000000,0.514225,0.923402,-0.000000,0.444069,0.942260,-0.009464,0.388523,0.865548,-0.011778,0.375295,0.761346,-0.010839,0.389316,0.702845,-0.009612,0.417489,0.750001,-0.021665,0.392605,0.631940,-0.028204,0.381080,0.561092,-0.031738,0.373508,0.504377,-0.035338,0.458552,0.713310,-0.016241,0.416709,0.679234,-0.020738,0.413145,0.725526,-0.012060,0.426174,0.759168,-0.005192,0.489045,0.706650,-0.011064,0.445930,0.689796,-0.018454,0.441283,0.728402,-0.010500,0.453067,0.761364,-0.003868,0.512246,0.709289,-0.006110,0.474786,0.701324,-0.011499,0.470411,0.734889,-0.006986,0.479824,0.763360,-0.002079
498,1694846649.179085,1,29.7454,29.7454,-0.2807,0.5217,2.4171,92.5334,4.1154,4321.8420,2.2941,146.5764,108.0378,145.4448,122.9637,97.2790,69.6460,0.000000,0.511820,0.918979,-0.000000,0.442084,0.940347,-0.008299,0.385863,0.869748,-0.009719,0.368922,0.769252,-0.007375,0.379753,0.711064,-0.004561,0.411800,0.751623,-0.023134,0.384853,0.633091,-0.029059,0.372176,0.563275,-0.032279,0.363545,0.507967,-0.035519,0.453228,0.714042,-0.017334,0.410496,0.680911,-0.019119,0.407075,0.725916,-0.009167,0.419909,0.759327,-0.002094,0.483562,0.707726,-0.011453,0.440143,0.693709,-0.015625,0.436263,0.729900,-0.007170,0.448298,0.762063,-0.001131,0.506095,0.712252,-0.005738,0.469984,0.707305,-0.008996,0.467153,0.738571,-0.004130,0.476711,0.766742,0.000599
499,1694846649.187418,1,27.8137,27.8137,0.0047,0.2854,1.8822,42.2494,1.5659,5078.7217,2.3178,146.9545,97.5745,141.1571,119.7024,95.5406,71.3256,0.000000,0.505549,0.920460,-0.000000,0.434895,0.942235,-0.010097,0.378126,0.866858,-0.012349,0.362943,0.763309,-0.011312,0.376265,0.705126,-0.009787,0.404422,0.751102,-0.020455,0.376919,0.635332,-0.026751,0.364826,0.566460,-0.030669,0.357373,0.510083,-0.034896,0.445605,0.713018,-0.014556,0.403749,0.686354,-0.018924,0.401107,0.732390,-0.010950,0.414622,0.762380,-0.005006,0.476097,0.705243,-0.009069,0.433546,0.694791,-0.015460,0.429754,0.731305,-0.007508,0.442244,0.761352,-0.001508,0.498875,0.708239,-0.004108,0.462775,0.704587,-0.009333,0.459532,0.736933,-0.005378,0.469797,0.763953,-0.001032
500,1694846649.195751,1,21.3586,21.3586,-0.6789,-0.6836,2.9186,99.2710,27.3201,5492.6073,1.6584,147.5193,91.5010,134.4508,116.8312,96.4193,77.1578,0.000000,0.502361,0.928425,-0.000000,0.432323,0.947909,-0.008516,0.374447,0.872580,-0.009532,0.355795,0.771777,-0.007954,0.364826,0.715086,-0.006067,0.393305,0.755728,-0.016462,0.366842,0.638889,-0.022132,0.355507,0.569271,-0.025458,0.348340,0.513197,-0.029002,0.434165,0.716229,-0.011310,0.395505,0.683995,-0.015144,0.392622,0.729414,-0.007700,0.404242,0.763546,-0.001598,0.466722,0.706150,-0.006477,0.426164,0.694954,-0.012372,0.423929,0.730576,-0.004750,0.435734,0.762544,0.001489,0.492532,0.707709,-0.002079,0.457360,0.702220,-0.006393,0.454256,0.735227,-0.001690,0.464024,0.764443,0.003508
501,1694846649.204085,1,-25.8576,-25.8576,-13.0487,-12.3698,21.0526,2483.9497,20.1176,5336.0087,1.8319,141.5856,86.3330,129.9164,116.7406,101.1648,87.9580,0.001362,0.498885,0.925315,-0.000000,0.429111,0.949523,-0.007880,0.370201,0.876715,-0.009225,0.349087,0.777570,-0.007765,0.356188,0.721523,-0.005978,0.386521,0.762228,-0.018566,0.357205,0.644481,-0.024988,0.344920,0.575088,-0.028736,0.337377,0.519404,-0.032329,0.426356,0.719346,-0.013165,0.386470,0.684202,-0.015867,0.384332,0.728538,-0.006759,0.395844,0.763016,0.000322,0.458534,0.707864,-0.007988,0.416691,0.696997,-0.012768,0.415156,0.732683,-0.004277,0.426901,0.765029,0.002325,0.483638,0.708780,-0.003140,0.448361,0.704448,-0.006336,0.445617,0.736977,-0.001194,0.454933,0.765683,0.004058
502,1694846649.212418,1,36.5630,36.5630,1.7044,14.7531,22.4214,1331.9064,36.3863,4572.5001,1.8343,139.1767,71.0755,131.7769,124.4126,113.5989,105.5341,0.003592,0.493355,0.921365,-0.000000,0.424032,0.948532,-0.010144,0.364506,0.878052,-0.012561,0.343713,0.780111,-0.011836,0.350330,0.722823,-0.010794,0.380864,0.767557,-0.021677,0.347225,0.653383,-0.030949,0.333391,0.583879,-0.036839,0.324575,0.527793,-0.041833,0.420372,0.721028,-0.016156,0.376031,0.684112,-0.021912,0.374426,0.728664,-0.014070,0.386826,0.761769,-0.007441,0.451894,0.706096,-0.011150,0.406238,0.693542,-0.018514,0.404383,0.729969,-0.009628,0.416999,0.761227,-0.002181,0.476022,0.704953,-0.006737,0.438172,0.699486,-0.012869,0.434931,0.731860,-0.008092,0.444832,0.759498,-0.002577
503,1694846649.220751,1,-31.1986,-31.1986,-14.7531,-16.4575,28.4398,1473.5292,23.7469,4533.7863,2.8264,139.5201,67.0755,132.1255,127.9165,119.6926,114.8449,0.005520,0.489799,0.919471,-0.000000,0.421282,0.952796,-0.008898,0.360679,0.888103,-0.010071,0.335635,0.792880,-0.008474,0.339732,0.731891,-0.006783,0.372676,0.767972,-0.018757,0.340147,0.655924,-0.026613,0.325426,0.585973,-0.031877,0.315699,0.530090,-0.036387,0.411632,0.721360,-0.013781,0.368444,0.683509,-0.017336,0.364495,0.724664,-0.009580,0.375593,0.758635,-0.003351,0.443456,0.706620,-0.009254,0.399122,0.694061,-0.014621,0.395256,0.727775,-0.006416,0.407049,0.758836,0.000142,0.467659,0.705647,-0.005308,0.430850,0.700847,-0.009640,0.427116,0.732754,-0.004737,0.437055,0.761662,0.000531
504,1694846649.229085,1,31.5078,31.5078,2.5373,17.2904,29.0453,1352.6621,1.6311,4840.0041,2.7122,136.0262,57.7819,140.8405,138.7988,132.0255,127.8716,0.007386,0.482303,0.914953,-0.000000,0.416650,0.951964,-0.008629,0.355583,0.893600,-0.010017,0.328586,0.803666,-0.008776,0.328782,0.745611,-0.007288,0.368988,0.772468,-0.018865,0.333231,0.663983,-0.026447,0.316949,0.596970,-0.030951,0.306214,0.543401,-0.034786,0.406994,0.725265,-0.014753,0.362153,0.697156,-0.020388,0.359933,0.739657,-0.013819,0.373854,0.768503,-0.008191,0.437684,0.708875,-0.010971,0.392395,0.699104,-0.018315,0.389370,0.733741,-0.010349,0.402533,0.760970,-0.003679,0.460885,0.706081,-0.007688,0.423802,0.701783,-0.012815,0.421054,0.733368,-0.007574,0.432098,0.759957,-0.001963
505,1694846649.237418,1,39.7488,39.7488,16.4016,13.8643,31.7369,1516.2872,19.9700,6025.2381,1.9744,134.4745,49.5866,152.4894,155.4645,151.5745,148.7194,0.010104,0.479883,0.918709,-0.000000,0.414470,0.955091,-0.009760,0.353949,0.898239,-0.011154,0.326576,0.809521,-0.009685,0.321894,0.750326,-0.007984,0.362034,0.782463,-0.019267,0.325649,0.680342,-0.028206,0.307204,0.614013,-0.034481,0.293629,0.562044,-0.039703,0.398048,0.730459,-0.015035,0.350436,0.701781,-0.020524,0.348859,0.742511,-0.014642,0.361815,0.772473,-0.009725,0.427531,0.709819,-0.011405,0.380585,0.701978,-0.017781,0.378057,0.735466,-0.009675,0.390619,0.763598,-0.003328,0.450086,0.704484,-0.008601,0.412495,0.705098,-0.013859,0.409231,0.734614,-0.009315,0.419337,0.760550,-0.004349
506,1694846649.245751,1,-45.4621,-45.4621,-20.5063,-36.9079,36.7574,1557.7481,14.7481,7193.4724,1.5847,127.7199,54.1131,160.5888,168.9549,168.9823,168.8458,0.007923,0.474529,0.920810,-0.000000,0.410198,0.956732,-0.011428,0.349476,0.901782,-0.012738,0.321014,0.814863,-0.010232,0.314625,0.758114,-0.007151,0.358435,0.784328,-0.022404,0.316431,0.682619,-0.030895,0.294084,0.619919,-0.036569,0.276512,0.572031,-0.041194,0.393214,0.732212,-0.016121,0.340545,0.697238,-0.019218,0.337268,0.736214,-0.011467,0.348846,0.767443,-0.005560,0.421530,0.711101,-0.010443,0.370013,0.695837,-0.014689,0.365106,0.729121,-0.005955,0.375659,0.758987,0.000415,0.443826,0.704515,-0.005659,0.402552,0.697696,-0.010130,0.394457,0.725361,-0.005905,0.400315,0.752590,-0.001320
507,1694846649.254085,0,46.8305,46.8305,19.5073,40.0135,38.6335,2183.4401,4.7931,9704.4887,1.7154,134.0293,50.8373,177.5887,187.2939,187.5563,187.1918,0.000105,0.469191,0.928397,-0.000000,0.405623,0.960428,-0.010564,0.344624,0.908877,-0.012347,0.316213,0.824184,-0.010999,0.309020,0.765825,-0.009115,0.350685,0.791906,-0.019769,0.308647,0.699648,-0.028972,0.286167,0.639539,-0.035656,0.268298,0.594973,-0.040838,0.384857,0.739083,-0.014676,0.335155,0.701918,-0.017846,0.329527,0.733982,-0.011607,0.337028,0.765848,-0.006682,0.413740,0.715976,-0.010294,0.365111,0.701529,-0.014679,0.358853,0.731420,-0.007084,0.366523,0.762175,-0.001234,0.437154,0.707235,-0.006853,0.397590,0.703120,-0.011723,0.388558,0.729925,-0.008026,0.391885,0.757218,-0.003541
508,1694846649.262418,0,-43.9081,-43.9081,-18.8540,-38.3612,41.4623,2379.0392,8.3639,5972.2694,2.1660,111.5748,72.0546,186.7287,199.8766,202.4993,205.2312,0.000000,0.468173,0.929876,-0.000000,0.403482,0.966973,-0.010233,0.340592,0.917271,-0.010954,0.309126,0.831630,-0.008376,0.299003,0.773549,-0.005124,0.342406,0.797081,-0.018705,0.294067,0.706305,-0.025770,0.270075,0.648024,-0.030246,0.251369,0.602852,-0.033888,0.376347,0.742420,-0.013334,0.323450,0.707392,-0.014920,0.320069,0.740806,-0.007355,0.330104,0.771639,-0.001550,0.405411,0.718742,-0.008647,0.354178,0.707755,-0.012793,0.351185,0.739451,-0.005222,0.361971,0.768553,0.000700,0.428243,0.709195,-0.004786,0.386171,0.707002,-0.009018,0.380468,0.736861,-0.004904,0.387099,0.764454,-0.000347
509,1694846649.270751,0,43.6136,43.6136,0.9662,19.8202,43.2126,2343.2801,3.2580,5534.1805,2.3466,79.4321,93.0225,198.3744,214.9661,220.3609,225.6259,0.000000,0.466267,0.932224,-0.000000,0.400648,0.973476,-0.010565,0.336030,0.930422,-0.011952,0.303920,0.846611,-0.010150,0.296129,0.788836,-0.007535,0.334729,0.802968,-0.018277,0.283736,0.714493,-0.024769,0.258019,0.658070,-0.028704,0.238578,0.613743,-0.032139,0.367600,0.748350,-0.012645,0.316062,0.717384,-0.013928,0.315737,0.751110,-0.006318,0.328373,0.780874,-0.000639,0.396922,0.725113,-0.007674,0.347358,0.715945,-0.012538,0.346695,0.748938,-0.005469,0.359430,0.778855,0.000305,0.420756,0.715768,-0.003438,0.379691,0.716054,-0.008217,0.375901,0.747021,-0.004464,0.384639,0.774830,-0.000053
510,1694846649.279085,0,-49.0778,-49.0778,-0.9039,-1.8701,44.8056,1888.9002,24.0285,5872.7011,2.7670,60.2870,100.9001,206.8311,224.2039,229.0962,234.6450,0.000000,0.459378,0.929572,-0.000000,0.394078,0.973646,-0.008403,0.331452,0.937132,-0.009674,0.300694,0.858252,-0.008163,0.295561,0.803008,-0.006044,0.327410,0.809572,-0.018523,0.274740,0.720765,-0.026426,0.248731,0.664204,-0.031185,0.229465,0.619827,-0.034860,0.359726,0.753748,-0.013485,0.313082,0.733932,-0.015880,0.315052,0.770750,-0.008271,0.328830,0.800731,-0.002513,0.389406,0.730614,-0.008906,0.346166,0.732982,-0.015252,0.348097,0.765993,-0.008801,0.362579,0.795335,-0.003052,0.414137,0.721767,-0.004637,0.378271,0.727089,-0.009809,0.376912,0.758295,-0.005874,0.386835,0.785798,-0.001024
511,1694846649.287418,0,,,0.0000,0.0000,0.0000,0.0000,14.9087,5744.6653,3.4947,69.3202,116.9156,216.8847,236.8036,244.4237,251.8733,0.000000,0.455772,0.934980,-0.000000,0.388658,0.980622,-0.009418,0.326073,0.941887,-0.011686,0.293481,0.862298,-0.010671,0.286979,0.806588,-0.009271,0.320325,0.819244,-0.022254,0.263752,0.729334,-0.029822,0.236544,0.673980,-0.033426,0.217603,0.627705,-0.036288,0.352549,0.761563,-0.015817,0.301107,0.732537,-0.016607,0.302738,0.773221,-0.007481,0.317836,0.807340,-0.001246,0.383246,0.736556,-0.009668,0.335919,0.727850,-0.014765,0.338487,0.764342,-0.008103,0.354485,0.796523,-0.002751,0.409122,0.725474,-0.003705,0.370435,0.723380,-0.008168,0.369368,0.756161,-0.004499,0.380581,0.785394,-0.000331
512,1694846649.295751,0,,,0.0000,0.0000,0.0000,0.0000,,,,,,,,,,,0.000000,0.000000,0.000000,0.000000,0.000000,0.000000,0.000000,0.000000,0.000000,0.000000,0.000000,0.000000,0.000000,0.000000,0.000000,0.000000,0.000000,0.000000,0.000000,0.000000,0.000000,0.000000,0.000000,0.000000,0.000000,0.000000,0.000000,0.000000,0.000000,0.000000,0.000000,0.000000,0.000000,0.000000,0.000000,0.000000,0.000000,0.000000,0.000000,0.000000,0.000000,0.000000,0.000000,0.000000,0.000000,0.000000,0.000000,0.000000,0.000000,0.000000,0.000000,0.000000,0.000000,0.000000,0.000000,0.000000,0.000000,0.000000,0.000000,0.000000,0.000000,0.000000,0.000000
513,1694846649.304085,0,,,0.0000,0.0000,0.0000,0.0000,,,,,,,,,,,0.000000,0.000000,0.000000,0.000000,0.000000,0.000000,0.000000,0.000000,0.000000,0.000000,0.000000,0.000000,0.000000,0.000000,0.000000,0.000000,0.000000,0.000000,0.000000,0.000000,0.000000,0.000000,0.000000,0.000000,0.000000,0.000000,0.000000,0.000000,0.000000,0.000000,0.000000,0.000000,0.000000,0.000000,0.000000,0.000000,0.000000,0.000000,0.000000,0.000000,0.000000,0.000000,0.000000,0.000000,0.000000,0.000000,0.000000,0.000000,0.000000,0.000000,0.000000,0.000000,0.000000,0.000000,0.000000,0.000000,0.000000,0.000000,0.000000,0.000000,0.000000,0.000000,0.000000
514,1694846649.312418,0,,,0.0000,0.0000,0.0000,0.0000,,,,,,,,,,,0.000000,0.000000,0.000000,0.000000,0.000000,0.000000,0.000000,0.000000,0.000000,0.000000,0.000000,0.000000,0.000000,0.000000,0.000000,0.000000,0.000000,0.000000,0.000000,0.000000,0.000000,0.000000,0.000000,0.000000,0.000000,0.000000,0.000000,0.000000,0.000000,0.000000,0.000000,0.000000,0.000000,0.000000,0.000000,0.000000,0.000000,0.000000,0.000000,0.000000,0.000000,0.000000,0.000000,0.000000,0.000000,0.000000,0.000000,0.000000,0.000000,0.000000,0.000000,0.000000,0.000000,0.000000,0.000000,0.000000,0.000000,0.000000,0.000000,0.000000,0.000000,0.000000,0.000000
515,1694846649.320751,0,,,0.0000,0.0000,0.0000,0.0000,,,,,,,,,,,0.000000,0.000000,0.000000,0.000000,0.000000,0.000000,0.000000,0.000000,0.000000,0.000000,0.000000,0.000000,0.000000,0.000000,0.000000,0.000000,0.000000,0.000000,0.000000,0.000000,0.000000,0.000000,0.000000,0.000000,0.000000,0.000000,0.000000,0.000000,0.000000,0.000000,0.000000,0.000000,0.000000,0.000000,0.000000,0.000000,0.000000,0.000000,0.000000,0.000000,0.000000,0.000000,0.000000,0.000000,0.000000,0.000000,0.000000,0.000000,0.000000,0.000000,0.000000,0.000000,0.000000,0.000000,0.000000,0.000000,0.000000,0.000000,0.000000,0.000000,0.000000,0.000000,0.000000
516,1694846649.329085,0,,,0.0000,0.0000,0.0000,0.0000,,,,,,,,,,,0.000000,0.000000,0.000000,0.000000,0.000000,0.000000,0.000000,0.000000,0.000000,0.000000,0.000000,0.000000,0.000000,0.000000,0.000000,0.000000,0.000000,0.000000,0.000000,0.000000,0.000000,0.000000,0.000000,0.000000,0.000000,0.000000,0.000000,0.000000,0.000000,0.000000,0.000000,0.000000,0.000000,0.000000,0.000000,0.000000,0.000000,0.000000,0.000000,0.000000,0.000000,0.000000,0.000000,0.000000,0.000000,0.000000,0.000000,0.000000,0.000000,0.000000,0.000000,0.000000,0.000000,0.000000,0.000000,0.000000,0.000000,0.000000,0.000000,0.000000,0.000000,0.000000,0.000000
517,1694846649.337418,0,,,0.0000,0.0000,0.0000,0.0000,,,,,,,,,,,0.000000,0.000000,0.000000,0.000000,0.000000,0.000000,0.000000,0.000000,0.000000,0.000000,0.000000,0.000000,0.000000,0.000000,0.000000,0.000000,0.000000,0.000000,0.000000,0.000000,0.000000,0.000000,0.000000,0.000000,0.000000,0.000000,0.000000,0.000000,0.000000,0.000000,0.000000,0.000000,0.000000,0.000000,0.000000,0.000000,0.000000,0.000000,0.000000,0.000000,0.000000,0.000000,0.000000,0.000000,0.000000,0.000000,0.000000,0.000000,0.000000,0.000000,0.000000,0.000000,0.000000,0.000000,0.000000,0.000000,0.000000,0.000000,0.000000,0.000000,0.000000,0.000000,0.000000
518,1694846649.345751,0,,,0.0000,0.0000,0.0000,0.0000,,,,,,,,,,,0.000000,0.000000,0.000000,0.000000,0.000000,0.000000,0.000000,0.000000,0.000000,0.000000,0.000000,0.000000,0.000000,0.000000,0.000000,0.000000,0.000000,0.000000,0.000000,0.000000,0.000000,0.000000,0.000000,0.000000,0.000000,0.000000,0.000000,0.000000,0.000000,0.000000,0.000000,0.000000,0.000000,0.000000,0.000000,0.000000,0.000000,0.000000,0.000000,0.000000,0.000000,0.000000,0.000000,0.000000,0.000000,0.000000,0.000000,0.000000,0.000000,0.000000,0.000000,0.000000,0.000000,0.000000,0.000000,0.000000,0.000000,0.000000,0.000000,0.000000,0.000000,0.000000,0.000000
519,1694846649.354085,0,,,0.0000,0.0000,0.0000,0.0000,,,,,,,,,,,0.000000,0.000000,0.000000,0.000000,0.000000,0.000000,0.000000,0.000000,0.000000,0.000000,0.000000,0.000000,0.000000,0.000000,0.000000,0.000000,0.000000,0.000000,0.000000,0.000000,0.000000,0.000000,0.000000,0.000000,0.000000,0.000000,0.000000,0.000000,0.000000,0.000000,0.000000,0.000000,0.000000,0.000000,0.000000,0.000000,0.000000,0.000000,0.000000,0.000000,0.000000,0.000000,0.000000,0.000000,0.000000,0.000000,0.000000,0.000000,0.000000,0.000000,0.000000,0.000000,0.000000,0.000000,0.000000,0.000000,0.000000,0.000000,0.000000,0.000000,0.000000,0.000000,0.000000
520,1694846649.362418,0,,,0.0000,0.0000,0.0000,0.0000,,,,,,,,,,,0.000000,0.000000,0.000000,0.000000,0.000000,0.000000,0.000000,0.000000,0.000000,0.000000,0.000000,0.000000,0.000000,0.000000,0.000000,0.000000,0.000000,0.000000,0.000000,0.000000,0.000000,0.000000,0.000000,0.000000,0.000000,0.000000,0.000000,0.000000,0.000000,0.000000,0.000000,0.000000,0.000000,0.000000,0.000000,0.000000,0.000000,0.000000,0.000000,0.000000,0.000000,0.000000,0.000000,0.000000,0.000000,0.000000,0.000000,0.000000,0.000000,0.000000,0.000000,0.000000,0.000000,0.000000,0.000000,0.000000,0.000000,0.000000,0.000000,0.000000,0.000000,0.000000,0.000000
521,1694846649.370751,0,,,0.0000,0.0000,0.0000,0.0000,,,,,,,,,,,0.000000,0.000000,0.000000,0.000000,0.000000,0.000000,0.000000,0.000000,0.000000,0.000000,0.000000,0.000000,0.000000,0.000000,0.000000,0.000000,0.000000,0.000000,0.000000,0.000000,0.000000,0.000000,0.000000,0.000000,0.000000,0.000000,0.000000,0.000000,0.000000,0.000000,0.000000,0.000000,0.000000,0.000000,0.000000,0.000000,0.000000,0.000000,0.000000,0.000000,0.000000,0.000000,0.000000,0.000000,0.000000,0.000000,0.000000,0.000000,0.000000,0.000000,0.000000,0.000000,0.000000,0.000000,0.000000,0.000000,0.000000,0.000000,0.000000,0.000000,0.000000,0.000000,0.000000
522,1694846649.379085,0,,,0.0000,0.0000,0.0000,0.0000,,,,,,,,,,,0.000000,0.000000,0.000000,0.000000,0.000000,0.000000,0.000000,0.000000,0.000000,0.000000,0.000000,0.000000,0.000000,0.000000,0.000000,0.000000,0.000000,0.000000,0.000000,0.000000,0.000000,0.000000,0.000000,0.000000,0.000000,0.000000,0.000000,0.000000,0.000000,0.000000,0.000000,0.000000,0.000000,0.000000,0.000000,0.000000,0.000000,0.000000,0.000000,0.000000,0.000000,0.000000,0.000000,0.000000,0.000000,0.000000,0.000000,0.000000,0.000000,0.000000,0.000000,0.000000,0.000000,0.000000,0.000000,0.000000,0.000000,0.000000,0.000000,0.000000,0.000000,0.000000,0.000000
523,1694846649.387418,0,,,0.0000,0.0000,0.0000,0.0000,,,,,,,,,,,0.000000,0.000000,0.000000,0.000000,0.000000,0.000000,0.000000,0.000000,0.000000,0.000000,0.000000,0.000000,0.000000,0.000000,0.000000,0.000000,0.000000,0.000000,0.000000,0.000000,0.000000,0.000000,0.000000,0.000000,0.000000,0.000000,0.000000,0.000000,0.000000,0.000000,0.000000,0.000000,0.000000,0.000000,0.000000,0.000000,0.000000,0.000000,0.000000,0.000000,0.000000,0.000000,0.000000,0.000000,0.000000,0.000000,0.000000,0.000000,0.000000,0.000000,0.000000,0.000000,0.000000,0.000000,0.000000,0.000000,0.000000,0.000000,0.000000,0.000000,0.000000,0.000000,0.000000
524,1694846649.395751,0,,,0.0000,0.0000,0.0000,0.0000,,,,,,,,,,,0.000000,0.000000,0.000000,0.000000,0.000000,0.000000,0.000000,0.000000,0.000000,0.000000,0.000000,0.000000,0.000000,0.000000,0.000000,0.000000,0.000000,0.000000,0.000000,0.000000,0.000000,0.000000,0.000000,0.000000,0.000000,0.000000,0.000000,0.000000,0.000000,0.000000,0.000000,0.000000,0.000000,0.000000,0.000000,0.000000,0.000000,0.000000,0.000000,0.000000,0.000000,0.000000,0.000000,0.000000,0.000000,0.000000,0.000000,0.000000,0.000000,0.000000,0.000000,0.000000,0.000000,0.000000,0.000000,0.000000,0.000000,0.000000,0.000000,0.000000,0.000000,0.000000,0.000000
525,1694846649.404085,0,,,0.0000,0.0000,0.0000,0.0000,,,,,,,,,,,0.000000,0.000000,0.000000,0.000000,0.000000,0.000000,0.000000,0.000000,0.000000,0.000000,0.000000,0.000000,0.000000,0.000000,0.000000,0.000000,0.000000,0.000000,0.000000,0.000000,0.000000,0.000000,0.000000,0.000000,0.000000,0.000000,0.000000,0.000000,0.000000,0.000000,0.000000,0.000000,0.000000,0.000000,0.000000,0.000000,0.000000,0.000000,0.000000,0.000000,0.000000,0.000000,0.000000,0.000000,0.000000,0.000000,0.000000,0.000000,0.000000,0.000000,0.000000,0.000000,0.000000,0.000000,0.000000,0.000000,0.000000,0.000000,0.000000,0.000000,0.000000,0.000000,0.000000
526,1694846649.412418,0,,,0.0000,0.0000,0.0000,0.0000,,,,,,,,,,,0.000000,0.000000,0.000000,0.000000,0.000000,0.000000,0.000000,0.000000,0.000000,0.000000,0.000000,0.000000,0.000000,0.000000,0.000000,0.000000,0.000000,0.000000,0.000000,0.000000,0.000000,0.000000,0.000000,0.000000,0.000000,0.000000,0.000000,0.000000,0.000000,0.000000,0.000000,0.000000,0.000000,0.000000,0.000000,0.000000,0.000000,0.000000,0.000000,0.000000,0.000000,0.000000,0.000000,0.000000,0.000000,0.000000,0.000000,0.000000,0.000000,0.000000,0.000000,0.000000,0.000000,0.000000,0.000000,0.000000,0.000000,0.000000,0.000000,0.000000,0.000000,0.000000,0.000000
527,1694846649.420751,0,,,0.0000,0.0000,0.0000,0.0000,,,,,,,,,,,0.000000,0.000000,0.000000,0.000000,0.000000,0.000000,0.000000,0.000000,0.000000,0.000000,0.000000,0.000000,0.000000,0.000000,0.000000,0.000000,0.000000,0.000000,0.000000,0.000000,0.000000,0.000000,0.000000,0.000000,0.000000,0.000000,0.000000,0.000000,0.000000,0.000000,0.000000,0.000000,0.000000,0.000000,0.000000,0.000000,0.000000,0.000000,0.000000,0.000000,0.000000,0.000000,0.000000,0.000000,0.000000,0.000000,0.000000,0.000000,0.000000,0.000000,0.000000,0.000000,0.000000,0.000000,0.000000,0.000000,0.000000,0.000000,0.000000,0.000000,0.000000,0.000000,0.000000
528,1694846649.429085,0,,,0.0000,0.0000,0.0000,0.0000,,,,,,,,,,,0.000000,0.000000,0.000000,0.000000,0.000000,0.000000,0.000000,0.000000,0.000000,0.000000,0.000000,0.000000,0.000000,0.000000,0.000000,0.000000,0.000000,0.000000,0.000000,0.000000,0.000000,0.000000,0.000000,0.000000,0.000000,0.000000,0.000000,0.000000,0.000000,0.000000,0.000000,0.000000,0.000000,0.000000,0.000000,0.000000,0.000000,0.000000,0.000000,0.000000,0.000000,0.000000,0.000000,0.000000,0.000000,0.000000,0.000000,0.000000,0.000000,0.000000,0.000000,0.000000,0.000000,0.000000,0.000000,0.000000,0.000000,0.000000,0.000000,0.000000,0.000000,0.000000,0.000000
529,1694846649.437418,0,,,0.0000,0.0000,0.0000,0.0000,,,,,,,,,,,0.000000,0.000000,0.000000,0.000000,0.000000,0.000000,0.000000,0.000000,0.000000,0.000000,0.000000,0.000000,0.000000,0.000000,0.000000,0.000000,0.000000,0.000000,0.000000,0.000000,0.000000,0.000000,0.000000,0.000000,0.000000,0.000000,0.000000,0.000000,0.000000,0.000000,0.000000,0.000000,0.000000,0.000000,0.000000,0.000000,0.000000,0.000000,0.000000,0.000000,0.000000,0.000000,0.000000,0.000000,0.000000,0.000000,0.000000,0.000000,0.000000,0.000000,0.000000,0.000000,0.000000,0.000000,0.000000,0.000000,0.000000,0.000000,0.000000,0.000000,0.000000,0.000000,0.000000
530,1694846649.445751,0,,,0.0000,0.0000,0.0000,0.0000,,,,,,,,,,,0.000000,0.000000,0.000000,0.000000,0.000000,0.000000,0.000000,0.000000,0.000000,0.000000,0.000000,0.000000,0.000000,0.000000,0.000000,0.000000,0.000000,0.000000,0.000000,0.000000,0.000000,0.000000,0.000000,0.000000,0.000000,0.000000,0.000000,0.000000,0.000000,0.000000,0.000000,0.000000,0.000000,0.000000,0.000000,0.000000,0.000000,0.000000,0.000000,0.000000,0.000000,0.000000,0.000000,0.000000,0.000000,0.000000,0.000000,0.000000,0.000000,0.000000,0.000000,0.000000,0.000000,0.000000,0.000000,0.000000,0.000000,0.000000,0.000000,0.000000,0.000000,0.000000,0.000000
531,1694846649.454085,0,,,0.0000,0.0000,0.0000,0.0000,,,,,,,,,,,0.000000,0.000000,0.000000,0.000000,0.000000,0.000000,0.000000,0.000000,0.000000,0.000000,0.000000,0.000000,0.000000,0.000000,0.000000,0.000000,0.000000,0.000000,0.000000,0.000000,0.000000,0.000000,0.000000,0.000000,0.000000,0.000000,0.000000,0.000000,0.000000,0.000000,0.000000,0.000000,0.000000,0.000000,0.000000,0.000000,0.000000,0.000000,0.000000,0.000000,0.000000,0.000000,0.000000,0.000000,0.000000,0.000000,0.000000,0.000000,0.000000,0.000000,0.000000,0.000000,0.000000,0.000000,0.000000,0.000000,0.000000,0.000000,0.000000,0.000000,0.000000,0.000000,0.000000
532,1694846649.462418,0,,,0.0000,0.0000,0.0000,0.0000,,,,,,,,,,,0.000000,0.000000,0.000000,0.000000,0.000000,0.000000,0.000000,0.000000,0.000000,0.000000,0.000000,0.000000,0.000000,0.000000,0.000000,0.000000,0.000000,0.000000,0.000000,0.000000,0.000000,0.000000,0.000000,0.000000,0.000000,0.000000,0.000000,0.000000,0.000000,0.000000,0.000000,0.000000,0.000000,0.000000,0.000000,0.000000,0.000000,0.000000,0.000000,0.000000,0.000000,0.000000,0.000000,0.000000,0.000000,0.000000,0.000000,0.000000,0.000000,0.000000,0.000000,0.000000,0.000000,0.000000,0.000000,0.000000,0.000000,0.000000,0.000000,0.000000,0.000000,0.000000,0.000000
533,1694846649.470751,0,,,0.0000,0.0000,0.0000,0.0000,,,,,,,,,,,0.000000,0.000000,0.000000,0.000000,0.000000,0.000000,0.000000,0.000000,0.000000,0.000000,0.000000,0.000000,0.000000,0.000000,0.000000,0.000000,0.000000,0.000000,0.000000,0.000000,0.000000,0.000000,0.000000,0.000000,0.000000,0.000000,0.000000,0.000000,0.000000,0.000000,0.000000,0.000000,0.000000,0.000000,0.000000,0.000000,0.000000,0.000000,0.000000,0.000000,0.000000,0.000000,0.000000,0.000000,0.000000,0.000000,0.000000,0.000000,0.000000,0.000000,0.000000,0.000000,0.000000,0.000000,0.000000,0.000000,0.000000,0.000000,0.000000,0.000000,0.000000,0.000000,0.000000
534,1694846649.479085,0,,,0.0000,0.0000,0.0000,0.0000,,,,,,,,,,,0.000000,0.000000,0.000000,0.000000,0.000000,0.000000,0.000000,0.000000,0.000000,0.000000,0.000000,0.000000,0.000000,0.000000,0.000000,0.000000,0.000000,0.000000,0.000000,0.000000,0.000000,0.000000,0.000000,0.000000,0.000000,0.000000,0.000000,0.000000,0.000000,0.000000,0.000000,0.000000,0.000000,0.000000,0.000000,0.000000,0.000000,0.000000,0.000000,0.000000,0.000000,0.000000,0.000000,0.000000,0.000000,0.000000,0.000000,0.000000,0.000000,0.000000,0.000000,0.000000,0.000000,0.000000,0.000000,0.000000,0.000000,0.000000,0.000000,0.000000,0.000000,0.000000,0.000000
535,1694846649.487418,0,,,0.0000,0.0000,0.0000,0.0000,,,,,,,,,,,0.000000,0.000000,0.000000,0.000000,0.000000,0.000000,0.000000,0.000000,0.000000,0.000000,0.000000,0.000000,0.000000,0.000000,0.000000,0.000000,0.000000,0.000000,0.000000,0.000000,0.000000,0.000000,0.000000,0.000000,0.000000,0.000000,0.000000,0.000000,0.000000,0.000000,0.000000,0.000000,0.000000,0.000000,0.000000,0.000000,0.000000,0.000000,0.000000,0.000000,0.000000,0.000000,0.000000,0.000000,0.000000,0.000000,0.000000,0.000000,0.000000,0.000000,0.000000,0.000000,0.000000,0.000000,0.000000,0.000000,0.000000,0.000000,0.000000,0.000000,0.000000,0.000000,0.000000
536,1694846649.495751,0,-57.3831,-57.3831,-26.0534,0.0000,46.9178,330.8625,,8659.9908,1.6329,129.3557,78.3552,165.3239,180.6274,186.2816,194.1841,0.001223,0.459262,0.925492,-0.000000,0.393214,0.962903,-0.012482,0.330888,0.914848,-0.016889,0.302499,0.826841,-0.017032,0.298740,0.765309,-0.016612,0.337314,0.793712,-0.029718,0.288378,0.687948,-0.039798,0.264662,0.623316,-0.045161,0.246569,0.573900,-0.049220,0.373433,0.738302,-0.023056,0.319803,0.692165,-0.027769,0.316353,0.728483,-0.019593,0.327480,0.763475,-0.013043,0.403463,0.713688,-0.016578,0.351039,0.691430,-0.022434,0.347049,0.726477,-0.014413,0.358380,0.761503,-0.007924,0.427083,0.702798,-0.010768,0.383907,0.696274,-0.016826,0.375998,0.727410,-0.013813,0.381735,0.756323,-0.009630
537,1694846649.504085,1,,,0.0000,0.0000,0.0000,0.0000,,,,,,,,,,,0.000000,0.000000,0.000000,0.000000,0.000000,0.000000,0.000000,0.000000,0.000000,0.000000,0.000000,0.000000,0.000000,0.000000,0.000000,0.000000,0.000000,0.000000,0.000000,0.000000,0.000000,0.000000,0.000000,0.000000,0.000000,0.000000,0.000000,0.000000,0.000000,0.000000,0.000000,0.000000,0.000000,0.000000,0.000000,0.000000,0.000000,0.000000,0.000000,0.000000,0.000000,0.000000,0.000000,0.000000,0.000000,0.000000,0.000000,0.000000,0.000000,0.000000,0.000000,0.000000,0.000000,0.000000,0.000000,0.000000,0.000000,0.000000,0.000000,0.000000,0.000000,0.000000,0.000000
538,1694846649.512418,1,-50.9952,-50.9952,-1.7718,0.0000,37.8285,206.1325,,6251.5708,1.6755,134.0640,68.4501,153.0199,165.9141,169.3834,174.0078,0.014476,0.463540,0.920470,-0.000000,0.398301,0.955705,-0.009458,0.337757,0.898643,-0.010830,0.311144,0.809660,-0.008261,0.307924,0.751373,-0.005387,0.347510,0.784758,-0.026098,0.303526,0.677550,-0.035539,0.280397,0.612556,-0.041563,0.262139,0.562401,-0.046235,0.384030,0.732233,-0.020499,0.332712,0.690008,-0.023927,0.329161,0.727653,-0.015075,0.340149,0.760067,-0.008263,0.414455,0.710301,-0.015000,0.363468,0.692046,-0.019629,0.359101,0.726460,-0.010654,0.370214,0.758199,-0.003800,0.438580,0.701457,-0.009983,0.398035,0.693024,-0.014337,0.390166,0.723681,-0.009597,0.396325,0.751881,-0.004545
539,1694846649.520751,1,43.6305,43.6305,0.0042,1.7760,47.1631,314.7970,22.5006,4440.7085,2.6871,133.3974,63.5861,145.9084,156.2347,157.6320,161.1728,0.016290,0.470199,0.915084,-0.000000,0.403525,0.952824,-0.007941,0.342290,0.893835,-0.008856,0.314925,0.803506,-0.006193,0.313659,0.746956,-0.003447,0.352342,0.779456,-0.023483,0.310487,0.671255,-0.032490,0.288297,0.605208,-0.038556,0.271567,0.552766,-0.043159,0.389634,0.726743,-0.018213,0.340286,0.685214,-0.020504,0.337489,0.725916,-0.010618,0.350397,0.761641,-0.002889,0.421420,0.707317,-0.013069,0.372197,0.692061,-0.018373,0.369956,0.727667,-0.009830,0.383733,0.760499,-0.002752,0.446794,0.701383,-0.008041,0.407950,0.695110,-0.012175,0.404163,0.727332,-0.006792,0.414341,0.756737,-0.001242
540,1694846649.529085,1,-43.9753,-43.9753,1.2756,1.2714,37.8396,353.1193,0.6716,5096.6070,3.5736,135.9691,63.1787,141.2826,149.9519,150.5540,153.6183,0.016103,0.475324,0.912358,-0.000000,0.408449,0.948652,-0.008630,0.346105,0.888190,-0.010354,0.319898,0.795369,-0.008836,0.322102,0.737757,-0.007526,0.357682,0.776278,-0.024169,0.315209,0.669168,-0.033570,0.293121,0.601748,-0.039710,0.277074,0.548406,-0.044566,0.395535,0.723867,-0.019776,0.346642,0.679217,-0.024808,0.342244,0.718472,-0.016953,0.353945,0.755615,-0.009885,0.427882,0.704455,-0.015338,0.380774,0.691871,-0.021766,0.376632,0.726175,-0.013701,0.389248,0.760257,-0.006600,0.453514,0.699357,-0.011210,0.415660,0.696391,-0.016123,0.410846,0.728112,-0.010940,0.420225,0.757073,-0.005237
541,1694846649.537418,1,-41.9747,-41.9747,3.8521,2.5765,37.2845,995.3692,17.8722,5443.5840,2.3935,137.8133,60.5062,136.5693,143.4935,143.7681,145.9953,0.014418,0.480487,0.914026,-0.000000,0.412352,0.947472,-0.008034,0.351379,0.882886,-0.009876,0.325738,0.788759,-0.008650,0.326787,0.731198,-0.007594,0.363976,0.775145,-0.022956,0.321693,0.664236,-0.032287,0.299566,0.596408,-0.038540,0.282892,0.543261,-0.043584,0.402417,0.723322,-0.018324,0.354159,0.678893,-0.022649,0.350582,0.720810,-0.013973,0.362928,0.757933,-0.006712,0.435304,0.705341,-0.013740,0.387813,0.689586,-0.020238,0.384634,0.725403,-0.011661,0.398301,0.758882,-0.004393,0.461837,0.700680,-0.009299,0.424061,0.693270,-0.014096,0.419391,0.726343,-0.008418,0.429833,0.755623,-0.002608
542,1694846649.545751,1,41.3226,41.3226,23.0795,19.2273,43.2822,1126.0475,5.0244,4252.1700,1.4451,133.9182,49.9749,140.3711,141.1809,136.7239,135.1438,0.007572,0.482553,0.913818,-0.000000,0.417204,0.943214,-0.008947,0.356985,0.876135,-0.011676,0.335063,0.781155,-0.011272,0.342038,0.724496,-0.011021,0.370766,0.773706,-0.023653,0.329925,0.666800,-0.033159,0.310047,0.600311,-0.039342,0.296106,0.547805,-0.044463,0.409956,0.723436,-0.019559,0.363996,0.677747,-0.025617,0.360904,0.719687,-0.018255,0.372654,0.756254,-0.011479,0.443095,0.705698,-0.015496,0.397920,0.688236,-0.023093,0.394250,0.725606,-0.014978,0.406698,0.759604,-0.007741,0.469829,0.701769,-0.011663,0.432999,0.693434,-0.017521,0.428560,0.726549,-0.012178,0.438668,0.755016,-0.006410
543,1694846649.554085,1,-41.5037,-41.5037,-21.2836,-44.3630,41.6369,593.6680,0.7585,5042.5542,2.0600,133.5602,58.9555,138.5680,134.1426,125.9839,119.7007,0.004166,0.488313,0.914076,-0.000000,0.421577,0.942752,-0.009458,0.362499,0.877209,-0.013019,0.342397,0.782521,-0.013583,0.350372,0.726234,-0.014289,0.377689,0.768218,-0.022671,0.341915,0.664477,-0.033081,0.323588,0.597609,-0.040818,0.310455,0.544283,-0.047156,0.417356,0.720251,-0.018757,0.374904,0.676487,-0.025150,0.372459,0.719232,-0.018329,0.384106,0.755803,-0.012092,0.450582,0.704612,-0.015113,0.408675,0.684280,-0.023195,0.404571,0.721148,-0.014985,0.416034,0.755331,-0.007664,0.477596,0.702531,-0.011755,0.442783,0.691189,-0.017955,0.437993,0.723057,-0.012378,0.447086,0.751387,-0.006354
544,1694846649.562418,1,33.8105,33.8105,19.4465,40.7300,39.2975,796.5123,20.7285,5532.1887,2.0904,142.3056,76.1959,127.7575,117.8275,105.5763,97.1044,0.002660,0.498406,0.922815,-0.000000,0.430637,0.948437,-0.008691,0.370484,0.879722,-0.011317,0.348556,0.779245,-0.011056,0.355192,0.718599,-0.010551,0.384473,0.763956,-0.021147,0.350737,0.652127,-0.030138,0.335045,0.582537,-0.036295,0.324224,0.526112,-0.041599,0.425042,0.718513,-0.016205,0.383832,0.680071,-0.020233,0.381832,0.725019,-0.011646,0.393646,0.760980,-0.004832,0.458995,0.705612,-0.011581,0.417794,0.690627,-0.018086,0.414607,0.726599,-0.009636,0.426266,0.759187,-0.002795,0.486961,0.705723,-0.007195,0.452171,0.699169,-0.012040,0.447089,0.732400,-0.006972,0.455539,0.761046,-0.001712
545,1694846649.570751,1,25.7812,25.7812,16.9390,-2.5075,37.2532,899.4780,35.3339,5828.1840,2.5234,139.0347,82.7378,132.3374,118.3339,101.6151,87.6579,0.000469,0.504390,0.919671,-0.000000,0.434642,0.943327,-0.009557,0.375614,0.871524,-0.011813,0.359227,0.771193,-0.011375,0.373728,0.713364,-0.010626,0.397810,0.755864,-0.019106,0.364845,0.647005,-0.025253,0.348227,0.580474,-0.029230,0.337365,0.525048,-0.033813,0.438771,0.714896,-0.014759,0.396537,0.688607,-0.020842,0.395198,0.736914,-0.014151,0.410015,0.768291,-0.008420,0.470768,0.704285,-0.010704,0.428069,0.694591,-0.018678,0.424623,0.733453,-0.010852,0.438210,0.762868,-0.004253,0.495609,0.705629,-0.007130,0.458262,0.701047,-0.013512,0.454909,0.734785,-0.008999,0.466656,0.760894,-0.003901
546,1694846649.579085,1,-22.9537,-22.9537,-16.0691,-33.0081,33.1632,1591.1359,18.7319,5718.0052,2.2665,140.0509,93.6610,134.6662,117.6982,97.8535,78.3267,0.000000,0.509687,0.922956,-0.000000,0.441096,0.944022,-0.009258,0.382999,0.872339,-0.011280,0.366568,0.772288,-0.010548,0.382366,0.716728,-0.009287,0.404582,0.752691,-0.018575,0.373145,0.641784,-0.024017,0.357496,0.576121,-0.027248,0.347508,0.521559,-0.031292,0.445815,0.714567,-0.013832,0.406723,0.686666,-0.018691,0.404844,0.734246,-0.011383,0.418257,0.767618,-0.005475,0.478384,0.706472,-0.009357,0.439033,0.696550,-0.016214,0.435963,0.735107,-0.008542,0.448464,0.766870,-0.002369,0.503965,0.709748,-0.005388,0.470509,0.704636,-0.010986,0.467296,0.738445,-0.007081,0.477664,0.765782,-0.002638
547,1694846649.587418,1,29.4285,29.4285,17.7331,33.8021,30.9923,1758.8934,33.9617,5090.9408,2.3376,147.4198,99.5539,139.4404,117.6338,93.5667,69.6332,0.000000,0.515094,0.921793,-0.000000,0.446625,0.943960,-0.010170,0.388311,0.872082,-0.013552,0.373303,0.770823,-0.013939,0.389570,0.714180,-0.014006,0.411251,0.755551,-0.021932,0.381725,0.642356,-0.029211,0.366815,0.574414,-0.034143,0.356876,0.518174,-0.039562,0.453184,0.716732,-0.017495,0.413588,0.690931,-0.024131,0.412802,0.739342,-0.017114,0.427361,0.769866,-0.011456,0.485770,0.708946,-0.013328,0.445885,0.699490,-0.021155,0.443330,0.739040,-0.012252,0.456605,0.768883,-0.005343,0.511186,0.712418,-0.009807,0.477195,0.708386,-0.016767,0.475059,0.742740,-0.012279,0.486531,0.768043,-0.007232
548,1694846649.595751,1,-26.8786,-26.8786,-15.1723,-32.9053,26.8926,2125.2014,21.3793,3762.0918,3.0062,143.3989,110.7831,146.0799,121.5592,94.2136,63.1649,0.000000,0.519424,0.924990,-0.000000,0.451336,0.943962,-0.008617,0.395543,0.869989,-0.010718,0.380518,0.769542,-0.009699,0.394586,0.712684,-0.008296,0.419308,0.755465,-0.021745,0.390114,0.641963,-0.028188,0.375996,0.574081,-0.032345,0.366301,0.518535,-0.036910,0.460760,0.716521,-0.016918,0.419842,0.687685,-0.020918,0.418279,0.736074,-0.012641,0.431747,0.769801,-0.006449,0.492661,0.709063,-0.012098,0.451582,0.698127,-0.017546,0.447994,0.737274,-0.008862,0.460181,0.769897,-0.002483,0.517081,0.713735,-0.007690,0.482635,0.710484,-0.012375,0.479283,0.743164,-0.007889,0.489594,0.769606,-0.003256
549,1694846649.604085,1,19.4778,19.4778,-1.5759,13.5964,24.6409,1253.3654,36.2018,3911.9532,3.3288,140.8704,121.2804,153.7011,126.3929,96.3657,61.3846,0.000000,0.523272,0.930262,-0.000000,0.455991,0.943565,-0.009166,0.401626,0.867828,-0.010699,0.385481,0.768155,-0.009253,0.394007,0.708756,-0.006986,0.424471,0.751887,-0.019350,0.398305,0.637526,-0.025105,0.385600,0.570338,-0.027678,0.377320,0.516500,-0.030574,0.465706,0.715940,-0.014378,0.425319,0.687332,-0.018726,0.422782,0.735005,-0.010523,0.435280,0.770144,-0.003772,0.497943,0.710677,-0.009696,0.455994,0.699863,-0.016227,0.452851,0.739389,-0.008212,0.464169,0.771964,-0.001608,0.523305,0.716870,-0.005412,0.488205,0.714704,-0.009804,0.484025,0.747241,-0.005273,0.492661,0.774347,-0.000349
550,1694846649.612418,0,,,0.0000,0.0000,0.0000,0.0000,23.2766,3969.2222,2.6507,107.1852,138.9871,172.5467,143.4949,110.5967,68.7830,0.000000,0.527182,0.933038,-0.000000,0.458166,0.941667,-0.005923,0.405276,0.863606,-0.007274,0.392174,0.761801,-0.006056,0.405952,0.703904,-0.004454,0.432022,0.753443,-0.018342,0.409940,0.639885,-0.022331,0.399949,0.574915,-0.024026,0.392615,0.522641,-0.026659,0.473945,0.717735,-0.014089,0.433892,0.681535,-0.014712,0.430207,0.726827,-0.004915,0.441265,0.761496,0.001861,0.505826,0.712386,-0.009614,0.464407,0.695850,-0.012686,0.459759,0.733126,-0.004161,0.470197,0.766955,0.001718,0.530371,0.717422,-0.005165,0.496273,0.710809,-0.006729,0.491754,0.741318,-0.001651,0.499689,0.769192,0.002777
551,1694846649.620751,0,,,0.0000,0.0000,0.0000,0.0000,23.7879,4427.3676,3.2590,77.1613,150.4557,181.4563,150.0679,115.4649,71.3973,0.000000,0.532033,0.940247,-0.000000,0.461298,0.941748,-0.006574,0.408421,0.862363,-0.007075,0.395669,0.761249,-0.004767,0.409548,0.706919,-0.001805,0.438348,0.749903,-0.017825,0.418604,0.637537,-0.020691,0.409815,0.575101,-0.021592,0.403416,0.523234,-0.024040,0.481428,0.716395,-0.013408,0.440552,0.678765,-0.014415,0.436097,0.725145,-0.005417,0.446348,0.761180,0.000837,0.513352,0.711853,-0.008716,0.470800,0.696165,-0.011068,0.466283,0.733153,-0.002759,0.475952,0.768015,0.002661,0.537182,0.719192,-0.004330,0.503114,0.713384,-0.006226,0.499808,0.743046,-0.002050,0.508104,0.771503,0.001826
552,1694846649.629085,0,,,0.0000,0.0000,0.0000,0.0000,57.3908,4115.1566,3.3481,69.1235,158.1809,189.8903,157.9834,122.8675,78.0988,0.000000,0.532532,0.939148,-0.000000,0.464108,0.940117,-0.007806,0.412181,0.856531,-0.007546,0.400188,0.756074,-0.004886,0.416630,0.708516,-0.001577,0.442555,0.743329,-0.012254,0.424756,0.634628,-0.013266,0.416537,0.573087,-0.013316,0.411386,0.523014,-0.015304,0.484471,0.714951,-0.007632,0.447162,0.682675,-0.009566,0.442735,0.728174,-0.002604,0.452797,0.764451,0.003007,0.516081,0.712827,-0.003145,0.476429,0.698597,-0.007094,0.472399,0.735975,-0.000458,0.481922,0.770284,0.004771,0.540316,0.721587,0.000860,0.507334,0.715339,-0.001973,0.503886,0.746075,0.001573,0.512301,0.775174,0.005448
553,1694846649.637418,0,,,0.0000,0.0000,0.0000,0.0000,2.8101,3941.1779,3.1274,65.0463,164.6059,195.9132,162.9389,126.4189,79.8346,0.000000,0.537870,0.935386,-0.000000,0.468220,0.938969,-0.007308,0.415833,0.854228,-0.007177,0.406324,0.752452,-0.004715,0.425857,0.703607,-0.001855,0.445724,0.742786,-0.013243,0.429808,0.632321,-0.014162,0.422645,0.568934,-0.014190,0.418240,0.518519,-0.016292,0.488219,0.713574,-0.008923,0.453095,0.683684,-0.010339,0.449017,0.729121,-0.003156,0.459098,0.765448,0.002293,0.520594,0.711288,-0.004627,0.482883,0.698532,-0.008601,0.479038,0.737146,-0.002224,0.488562,0.772272,0.002658,0.545785,0.719859,-0.000670,0.513271,0.713871,-0.003933,0.510038,0.745602,-0.000525,0.518651,0.775011,0.003258
554,1694846649.645751,0,,,0.0000,0.0000,0.0000,0.0000,42.1250,3705.0350,2.9957,65.4275,172.6766,201.2631,166.1753,128.6938,81.5798,0.000000,0.538270,0.938778,-0.000000,0.469367,0.935589,-0.007023,0.418619,0.848595,-0.006839,0.409168,0.745585,-0.004037,0.427281,0.695481,-0.000750,0.450296,0.740077,-0.013363,0.434072,0.628235,-0.012719,0.427576,0.565702,-0.011331,0.423764,0.515367,-0.012381,0.492547,0.712957,-0.007966,0.458308,0.680560,-0.007282,0.452815,0.725708,0.000889,0.461077,0.763862,0.006729,0.524860,0.712006,-0.002290,0.487551,0.698556,-0.004366,0.482689,0.736252,0.001918,0.490641,0.772956,0.006358,0.549882,0.720342,0.003187,0.518305,0.714205,0.001303,0.513920,0.746741,0.004541,0.521236,0.777309,0.007997
555,1694846649.654085,0,,,0.0000,0.0000,0.0000,0.0000,3.9108,4858.2911,2.8761,87.2407,181.1775,210.0534,174.9344,137.2563,89.8410,0.000000,0.543839,0.939535,-0.000000,0.472438,0.938148,-0.007740,0.421532,0.850932,-0.007455,0.413961,0.749180,-0.004762,0.432544,0.699384,-0.001528,0.451979,0.740588,-0.012188,0.437096,0.627969,-0.012961,0.432747,0.565933,-0.012681,0.430975,0.515649,-0.014188,0.495372,0.713312,-0.007153,0.461974,0.675771,-0.007608,0.456029,0.720176,-0.000490,0.463406,0.758488,0.004926,0.528149,0.711725,-0.002263,0.491134,0.694670,-0.005072,0.486559,0.732257,0.000751,0.494322,0.768281,0.005109,0.553156,0.720408,0.002225,0.521156,0.710933,0.000518,0.516522,0.742119,0.003987,0.522850,0.773047,0.007649
556,1694846649.662418,0,,,0.0000,0.0000,0.0000,0.0000,20.6137,4118.7608,2.7170,75.8596,186.8501,210.9375,174.8975,136.6657,88.1960,0.000000,0.543055,0.936323,-0.000000,0.474337,0.935237,-0.007958,0.424417,0.847877,-0.008340,0.416067,0.744920,-0.006069,0.434856,0.694983,-0.003381,0.455968,0.739348,-0.014883,0.441285,0.625469,-0.015942,0.435733,0.560792,-0.015771,0.433157,0.509259,-0.017377,0.498109,0.712493,-0.009547,0.466241,0.676776,-0.010596,0.460814,0.721755,-0.002933,0.469063,0.761029,0.002995,0.530435,0.711598,-0.004099,0.494848,0.694126,-0.007684,0.489712,0.731873,-0.001299,0.497282,0.769214,0.003662,0.555611,0.719376,0.001058,0.524868,0.710277,-0.001623,0.520097,0.742414,0.001862,0.526722,0.773023,0.005678
557,1694846649.670751,0,,,0.0000,0.0000,0.0000,0.0000,54.5582,3824.4548,2.6147,76.7847,194.5922,211.3646,175.0205,138.0787,91.7660,0.000000,0.545592,0.935390,-0.000000,0.475021,0.934391,-0.007332,0.425329,0.844021,-0.006535,0.418139,0.740120,-0.002098,0.441138,0.695173,0.002879,0.460417,0.736874,-0.016199,0.444656,0.619549,-0.014035,0.439272,0.556770,-0.011459,0.436680,0.505704,-0.011461,0.503159,0.710022,-0.008904,0.468295,0.672897,-0.003894,0.461550,0.718405,0.007288,0.469263,0.757127,0.014725,0.534225,0.710800,-0.001184,0.495164,0.694655,0.000774,0.488665,0.733513,0.007257,0.495911,0.770620,0.011118,0.557984,0.720235,0.006437,0.525660,0.713850,0.008700,0.520738,0.744042,0.012585,0.526852,0.774205,0.015652
558,1694846649.679085,0,,,0.0000,0.0000,0.0000,0.0000,62.3763,4158.3831,2.9005,80.5617,196.0021,215.1534,178.5295,141.2727,94.9758,0.000000,0.548312,0.935222,-0.000000,0.476705,0.936209,-0.008843,0.426207,0.846787,-0.009004,0.418837,0.742748,-0.005913,0.439437,0.694918,-0.002333,0.460951,0.740331,-0.017092,0.446556,0.620933,-0.018150,0.441581,0.556328,-0.017501,0.439292,0.504284,-0.018863,0.504031,0.712199,-0.010725,0.466792,0.677566,-0.011320,0.460846,0.724468,-0.002853,0.470295,0.761142,0.003303,0.535492,0.710151,-0.004288,0.495694,0.694146,-0.007127,0.490603,0.733910,-0.000381,0.499477,0.769252,0.004457,0.559358,0.717938,0.001756,0.525106,0.709635,-0.000442,0.520019,0.741579,0.002805,0.527114,0.771143,0.006252
559,1694846649.687418,0,,,0.0000,0.0000,0.0000,0.0000,16.7239,3917.3128,2.1515,76.1127,199.1309,218.3595,180.4682,143.1229,96.6944,0.000000,0.546117,0.930696,-0.000000,0.475747,0.930051,-0.007933,0.427159,0.841951,-0.007798,0.419354,0.739406,-0.004426,0.437340,0.692231,-0.000573,0.460953,0.736166,-0.016471,0.446701,0.614634,-0.017227,0.443593,0.548941,-0.016270,0.442938,0.497684,-0.016943,0.503633,0.709786,-0.010219,0.469880,0.669360,-0.010206,0.462670,0.712204,-0.001560,0.469320,0.751421,0.005039,0.535390,0.709395,-0.003763,0.497772,0.692016,-0.005990,0.492551,0.728084,0.000282,0.499923,0.764711,0.004992,0.559589,0.718589,0.002455,0.528028,0.710232,0.001257,0.522561,0.740517,0.004602,0.527885,0.770509,0.008195
560,1694846649.695751,0,,,0.0000,0.0000,0.0000,0.0000,80.8663,4249.0081,1.9230,82.5965,201.3020,217.6951,181.0282,143.4333,97.7072,0.000000,0.546022,0.923255,-0.000000,0.476313,0.927798,-0.009396,0.427486,0.841327,-0.011204,0.421182,0.739074,-0.009976,0.440274,0.691891,-0.008700,0.460548,0.734796,-0.019330,0.448570,0.617686,-0.022513,0.444666,0.549593,-0.023743,0.443299,0.497080,-0.026014,0.503277,0.707641,-0.013786,0.472586,0.671535,-0.016932,0.465947,0.713700,-0.009817,0.473409,0.752518,-0.003954,0.535708,0.707460,-0.008175,0.500799,0.692825,-0.013265,0.495792,0.727737,-0.007410,0.503786,0.764414,-0.002539,0.560721,0.715313,-0.002899,0.529712,0.708959,-0.006660,0.525057,0.739688,-0.003554,0.531569,0.769229,0.000239
561,1694846649.704085,0,,,0.0000,0.0000,0.0000,0.0000,41.9387,4187.6858,1.8030,80.3580,206.2903,218.4911,180.8998,143.6658,98.2583,0.000000,0.545297,0.932134,-0.000000,0.475021,0.929987,-0.008213,0.426290,0.840365,-0.008280,0.418740,0.737343,-0.004936,0.436840,0.690752,-0.001225,0.461600,0.732754,-0.018817,0.448075,0.609511,-0.020291,0.445425,0.543630,-0.019765,0.444852,0.491206,-0.020843,0.505218,0.707209,-0.012158,0.469546,0.669088,-0.012055,0.462373,0.714151,-0.002855,0.469596,0.752649,0.003729,0.536765,0.707701,-0.005200,0.498033,0.689947,-0.007183,0.492951,0.727151,0.000008,0.500446,0.764453,0.005000,0.560254,0.718052,0.001482,0.527431,0.708527,0.000178,0.522199,0.739564,0.004055,0.527476,0.770514,0.007926
562,1694846649.712418,0,,,0.0000,0.0000,0.0000,0.0000,77.9491,4068.9745,1.4416,85.0332,206.0560,219.0623,181.7456,143.9423,98.1848,0.000000,0.545106,0.925526,-0.000000,0.474463,0.926542,-0.008428,0.425000,0.839293,-0.009706,0.417552,0.735883,-0.007503,0.436937,0.689175,-0.004926,0.459954,0.734819,-0.020219,0.446574,0.611472,-0.022858,0.444164,0.543858,-0.023319,0.444124,0.490408,-0.024909,0.503310,0.707863,-0.013701,0.468429,0.664129,-0.014348,0.461521,0.707804,-0.004805,0.468715,0.747272,0.002309,0.535125,0.707835,-0.006942,0.496423,0.686429,-0.009925,0.490924,0.722225,-0.002617,0.498259,0.759688,0.002852,0.559233,0.717086,-0.000352,0.526923,0.703715,-0.002174,0.521100,0.733484,0.001760,0.526184,0.764383,0.005769
563,1694846649.720751,0,,,0.0000,0.0000,0.0000,0.0000,28.5777,4213.4304,2.1656,88.7886,201.3612,216.9254,179.8210,142.1025,95.8171,0.000000,0.544053,0.924388,-0.000000,0.474760,0.927172,-0.009972,0.424157,0.838203,-0.012564,0.417211,0.731879,-0.011750,0.438576,0.684356,-0.010851,0.461640,0.732647,-0.021209,0.447159,0.613155,-0.024092,0.442226,0.545975,-0.024739,0.440536,0.492484,-0.026771,0.504216,0.705226,-0.014951,0.470364,0.669476,-0.017131,0.464180,0.715696,-0.008365,0.472915,0.753158,-0.001622,0.535323,0.704877,-0.008547,0.497653,0.690203,-0.012393,0.492191,0.728514,-0.005188,0.500395,0.764284,0.000118,0.558753,0.712980,-0.002538,0.526331,0.707196,-0.005657,0.522269,0.740258,-0.002019,0.529417,0.769398,0.001890
564,1694846649.729085,0,,,0.0000,0.0000,0.0000,0.0000,66.0069,3931.3380,2.8644,82.2785,202.1657,215.1144,177.9745,139.6990,92.9238,0.000000,0.541027,0.920384,-0.000000,0.471680,0.927049,-0.009248,0.422425,0.839261,-0.011786,0.415722,0.735180,-0.010499,0.436524,0.686741,-0.009289,0.458330,0.737352,-0.024755,0.444959,0.614984,-0.030611,0.440462,0.544231,-0.034111,0.438895,0.487814,-0.037806,0.501309,0.706809,-0.018640,0.467706,0.664862,-0.020485,0.461092,0.709130,-0.010542,0.470073,0.745331,-0.003371,0.532341,0.705157,-0.012439,0.494617,0.686354,-0.015525,0.488557,0.721623,-0.007188,0.497322,0.756355,-0.001405,0.555190,0.713070,-0.006579,0.522473,0.705183,-0.008645,0.518217,0.735195,-0.003921,0.525512,0.764161,0.000434
565,1694846649.737418,0,,,0.0000,0.0000,0.0000,0.0000,64.1750,4017.2258,3.1098,78.1443,197.7729,211.1811,173.7747,135.3979,88.5956,0.000000,0.540942,0.925789,-0.000000,0.470530,0.929797,-0.007619,0.419700,0.841199,-0.009221,0.412336,0.734223,-0.007383,0.435321,0.685406,-0.005475,0.455593,0.735271,-0.021645,0.442250,0.609946,-0.023387,0.437773,0.539158,-0.023040,0.435552,0.484740,-0.024215,0.498717,0.706946,-0.015366,0.465180,0.666076,-0.015045,0.458064,0.709039,-0.004538,0.465458,0.748427,0.003076,0.529897,0.705863,-0.008491,0.491949,0.688089,-0.009772,0.485790,0.723574,-0.002237,0.493471,0.760389,0.002878,0.553069,0.712859,-0.001688,0.519843,0.705114,-0.001926,0.514778,0.736575,0.002490,0.521331,0.766825,0.006471
566,1694846649.745751,0,,,0.0000,0.0000,0.0000,0.0000,23.9795,3866.8932,2.8050,86.1312,192.5138,208.3106,171.2235,132.9465,85.8956,0.000000,0.538564,0.922431,-0.000000,0.468526,0.929526,-0.008269,0.416778,0.841547,-0.010261,0.409130,0.734089,-0.008711,0.432030,0.683752,-0.007115,0.452041,0.739530,-0.021784,0.437672,0.614750,-0.024315,0.432981,0.544243,-0.024626,0.430845,0.489516,-0.026152,0.494730,0.708853,-0.015469,0.460839,0.667684,-0.015887,0.454319,0.711527,-0.005577,0.462491,0.750188,0.002103,0.525892,0.705573,-0.008784,0.488062,0.687502,-0.010875,0.482515,0.724247,-0.003503,0.490894,0.760650,0.001688,0.549644,0.710263,-0.002222,0.516465,0.702946,-0.002912,0.512282,0.735361,0.001479,0.519722,0.765264,0.005478
567,1694846649.754085,0,,,0.0000,0.0000,0.0000,0.0000,3.4431,4135.8323,2.5838,84.7176,186.2048,201.2093,164.7812,126.9659,79.8869,0.000000,0.536300,0.924903,-0.000000,0.464951,0.928900,-0.009127,0.413104,0.841034,-0.010643,0.403863,0.735162,-0.008623,0.423091,0.683816,-0.006217,0.447416,0.735187,-0.022098,0.432857,0.611357,-0.024567,0.427746,0.541540,-0.024249,0.425153,0.487081,-0.025554,0.490841,0.705523,-0.015763,0.455539,0.663514,-0.016906,0.449030,0.706691,-0.007115,0.457318,0.744404,-0.000048,0.522607,0.701793,-0.009131,0.483695,0.681063,-0.012099,0.477937,0.716804,-0.004019,0.485591,0.753142,0.001621,0.545735,0.706823,-0.002882,0.512476,0.696004,-0.005018,0.507167,0.726760,-0.001072,0.513228,0.756905,0.002776
568,1694846649.762418,0,,,0.0000,0.0000,0.0000,0.0000,,,,,,,,,,,0.000000,0.000000,0.000000,0.000000,0.000000,0.000000,0.000000,0.000000,0.000000,0.000000,0.000000,0.000000,0.000000,0.000000,0.000000,0.000000,0.000000,0.000000,0.000000,0.000000,0.000000,0.000000,0.000000,0.000000,0.000000,0.000000,0.000000,0.000000,0.000000,0.000000,0.000000,0.000000,0.000000,0.000000,0.000000,0.000000,0.000000,0.000000,0.000000,0.000000,0.000000,0.000000,0.000000,0.000000,0.000000,0.000000,0.000000,0.000000,0.000000,0.000000,0.000000,0.000000,0.000000,0.000000,0.000000,0.000000,0.000000,0.000000,0.000000,0.000000,0.000000,0.000000,0.000000
569,1694846649.770751,0,,,0.0000,0.0000,0.0000,0.0000,,3683.0881,4.1918,79.7585,168.8194,186.1731,152.5193,116.5579,70.8424,0.000000,0.531442,0.922196,-0.000000,0.461706,0.931058,-0.007630,0.408299,0.849965,-0.009534,0.396161,0.745487,-0.007827,0.414114,0.690302,-0.005815,0.441848,0.742990,-0.024350,0.422915,0.617616,-0.029027,0.415602,0.545629,-0.030676,0.410780,0.489588,-0.033065,0.483709,0.708679,-0.018247,0.444739,0.666428,-0.019206,0.438547,0.710472,-0.008331,0.447655,0.747900,-0.000751,0.514193,0.702845,-0.011661,0.473043,0.683448,-0.014148,0.467186,0.718427,-0.004912,0.475884,0.754162,0.001319,0.536702,0.707001,-0.005201,0.501519,0.697786,-0.006872,0.496109,0.728408,-0.001857,0.503012,0.757252,0.002667
570,1694846649.779085,0,,,0.0000,0.0000,0.0000,0.0000,2.9587,3915.0593,3.2353,85.0756,158.4716,177.8694,145.5223,110.4587,65.9355,0.000000,0.528656,0.922376,-0.000000,0.456902,0.930284,-0.007427,0.403085,0.851068,-0.008580,0.390672,0.746695,-0.006383,0.407036,0.691989,-0.003936,0.435197,0.743171,-0.022951,0.414963,0.622804,-0.027256,0.407342,0.551105,-0.029044,0.401603,0.494683,-0.031753,0.477726,0.707171,-0.017744,0.436467,0.664993,-0.019510,0.430600,0.708035,-0.009801,0.439794,0.745825,-0.002785,0.508636,0.699988,-0.012019,0.466167,0.678574,-0.015139,0.459610,0.712757,-0.006479,0.467940,0.749720,-0.000393,0.531489,0.703697,-0.006511,0.496022,0.693747,-0.008732,0.489944,0.723220,-0.004191,0.496136,0.753280,0.000117
571,1694846649.787418,0,,,0.0000,0.0000,0.0000,0.0000,4.7463,4159.4781,3.5798,97.5448,146.4306,169.3819,137.4843,102.5877,58.3947,0.000000,0.525690,0.921418,-0.000000,0.454386,0.932447,-0.007125,0.398946,0.854532,-0.008364,0.385009,0.750539,-0.006422,0.401010,0.695499,-0.004253,0.429320,0.742664,-0.022032,0.407554,0.621698,-0.026683,0.398935,0.549305,-0.028507,0.392513,0.493338,-0.030992,0.471305,0.705563,-0.017023,0.429754,0.663733,-0.019095,0.424047,0.708270,-0.009053,0.433490,0.748056,-0.001396,0.502262,0.698318,-0.011624,0.458919,0.679593,-0.015446,0.452788,0.715548,-0.007007,0.461563,0.753088,-0.000694,0.525472,0.701738,-0.006324,0.488430,0.695310,-0.008702,0.482474,0.726562,-0.004001,0.488946,0.756809,0.000556
572,1694846649.795751,1,,,0.0000,0.0000,0.0000,0.0000,18.4702,4061.1728,2.4379,121.0440,131.4228,161.4856,132.5511,100.8028,61.5984,0.000000,0.522704,0.919525,-0.000000,0.451023,0.933199,-0.008498,0.395544,0.857272,-0.009110,0.380430,0.754950,-0.006112,0.392740,0.697980,-0.002339,0.424919,0.744478,-0.021353,0.400366,0.626784,-0.027146,0.390259,0.556093,-0.030108,0.383071,0.499980,-0.033234,0.466471,0.706436,-0.015766,0.422195,0.670361,-0.018345,0.417266,0.716448,-0.008666,0.428987,0.752021,-0.001394,0.496588,0.698085,-0.010280,0.451661,0.680934,-0.015005,0.445431,0.717856,-0.006340,0.455721,0.752895,0.000236,0.519340,0.701366,-0.005147,0.481837,0.694076,-0.008350,0.475807,0.725022,-0.003689,0.483100,0.755157,0.000988
573,1694846649.804085,1,-18.0862,-18.0862,1.2169,0.0000,23.4502,138.8137,19.7372,4213.0977,2.3749,138.4321,122.4295,155.6651,128.9779,99.2116,63.4660,0.000000,0.517337,0.916871,-0.000000,0.446537,0.934117,-0.007292,0.390446,0.859323,-0.007779,0.375109,0.757698,-0.005124,0.389503,0.701811,-0.001997,0.416481,0.746291,-0.018925,0.392308,0.629524,-0.023917,0.381636,0.558835,-0.026333,0.374975,0.503581,-0.029011,0.457202,0.707202,-0.013971,0.416976,0.674588,-0.016292,0.413380,0.720055,-0.006827,0.425625,0.755879,0.000515,0.488288,0.697575,-0.009141,0.446356,0.686623,-0.013892,0.442157,0.723886,-0.006234,0.453174,0.757489,-0.000174,0.512671,0.698395,-0.004464,0.476299,0.694698,-0.007151,0.472181,0.727208,-0.002518,0.480606,0.756122,0.002084
574,1694846649.812418,1,-21.2155,-21.2155,-12.6610,-13.8779,23.1750,441.9566,28.6137,3765.4576,2.6601,146.2523,113.6277,149.4322,123.7039,96.0192,65.0158,0.000000,0.513386,0.915536,-0.000000,0.444702,0.936018,-0.008811,0.386537,0.863348,-0.011144,0.370003,0.760396,-0.010565,0.385137,0.701830,-0.009541,0.412246,0.749426,-0.020012,0.386401,0.631063,-0.026256,0.374773,0.560984,-0.029093,0.367491,0.505284,-0.032151,0.452362,0.710266,-0.015031,0.412021,0.676579,-0.019834,0.409170,0.722891,-0.011331,0.422241,0.756754,-0.004234,0.483380,0.700595,-0.010264,0.442276,0.688270,-0.017287,0.438732,0.726266,-0.009395,0.450772,0.758056,-0.002737,0.507963,0.700928,-0.005745,0.472190,0.697633,-0.010289,0.468827,0.731780,-0.005602,0.478803,0.759078,-0.000566
575,1694846649.820751,1,-19.9888,-19.9888,1.7224,14.3834,16.6677,35.5145,7.6335,4054.7367,2.6753,151.5903,103.0765,142.5390,119.0913,93.0663,67.2262,0.000000,0.509980,0.916195,-0.000000,0.439639,0.939704,-0.008348,0.381427,0.868188,-0.009293,0.364359,0.766737,-0.006803,0.378106,0.708561,-0.003684,0.406052,0.749037,-0.019739,0.378327,0.630030,-0.024691,0.366705,0.561495,-0.027127,0.359038,0.505594,-0.030115,0.446918,0.708992,-0.013523,0.404062,0.677946,-0.015105,0.401571,0.723910,-0.005467,0.414870,0.754559,0.001334,0.477278,0.699385,-0.007415,0.433632,0.688238,-0.011398,0.430617,0.724739,-0.002973,0.442925,0.754902,0.002976,0.500090,0.700431,-0.001607,0.463552,0.697743,-0.004844,0.461378,0.729608,-0.000421,0.471275,0.756385,0.003964
576,1694846649.829085,1,-25.1550,-25.1550,-11.1582,-12.8806,16.3997,442.3465,21.5065,5316.7416,1.7180,146.9907,91.9322,140.1609,121.8792,100.0847,78.5643,0.000000,0.506644,0.915623,-0.000000,0.435981,0.941009,-0.009833,0.375914,0.870757,-0.011798,0.358061,0.769587,-0.010372,0.370110,0.709635,-0.008320,0.399291,0.752156,-0.020922,0.369652,0.636315,-0.027147,0.357021,0.569435,-0.030489,0.348770,0.515328,-0.034046,0.440326,0.710276,-0.015096,0.396079,0.674029,-0.018794,0.392963,0.720039,-0.010418,0.405886,0.752469,-0.004002,0.470624,0.699399,-0.009559,0.425602,0.684158,-0.015403,0.421534,0.720196,-0.007381,0.433584,0.750778,-0.001194,0.493132,0.699829,-0.004453,0.455197,0.694896,-0.008727,0.452195,0.726270,-0.004152,0.462241,0.753160,0.000521
577,1694846649.837418,1,27.3674,27.3674,11.3634,22.5216,19.5291,2625.9104,12.8952,5307.3675,1.3090,143.7184,80.9358,134.4380,120.7738,104.4218,91.0237,0.000889,0.503263,0.919826,-0.000000,0.432431,0.946234,-0.010212,0.372798,0.873874,-0.012109,0.351927,0.773404,-0.010965,0.357724,0.715106,-0.009460,0.390040,0.756526,-0.019034,0.357098,0.643382,-0.026397,0.343761,0.575093,-0.031147,0.335202,0.518805,-0.035682,0.430231,0.713031,-0.013176,0.384776,0.678617,-0.017523,0.381383,0.724510,-0.009836,0.393236,0.757791,-0.003715,0.461813,0.700799,-0.007919,0.415632,0.688386,-0.014557,0.412149,0.725652,-0.006302,0.424101,0.757159,0.000374,0.486234,0.701150,-0.003276,0.447041,0.695697,-0.008864,0.442325,0.729565,-0.004549,0.451485,0.759059,0.000326
578,1694846649.845751,1,-30.9440,-30.9440,-2.4321,-13.7955,21.0272,1644.6167,11.4851,5301.2696,2.2930,140.3002,65.2945,134.6298,127.8818,117.5532,109.5938,0.002781,0.499160,0.918034,-0.000000,0.430096,0.946713,-0.010691,0.368719,0.878876,-0.012555,0.344805,0.780114,-0.011001,0.349052,0.721259,-0.008938,0.384267,0.763907,-0.021496,0.346630,0.651030,-0.029133,0.330825,0.583196,-0.033367,0.320245,0.527937,-0.037225,0.423194,0.717440,-0.015466,0.375674,0.680254,-0.020522,0.373293,0.723185,-0.012880,0.385354,0.756092,-0.006420,0.453940,0.701402,-0.009808,0.405846,0.688625,-0.016744,0.403465,0.724268,-0.008384,0.415588,0.755453,-0.001357,0.477283,0.698541,-0.004739,0.437597,0.691904,-0.010416,0.433234,0.723837,-0.005888,0.441977,0.751986,-0.000637
579,1694846649.854085,1,-31.7249,-31.7249,-2.9340,-0.5019,22.1405,1630.9192,7.5296,5402.0370,2.4957,139.1566,56.8065,140.8682,136.6834,128.1215,121.6059,0.004164,0.493314,0.910585,-0.000000,0.426627,0.947765,-0.008185,0.365781,0.885758,-0.009444,0.338787,0.793689,-0.007992,0.340912,0.734486,-0.006489,0.376655,0.769200,-0.019249,0.338674,0.660285,-0.027370,0.321687,0.591947,-0.032606,0.310710,0.537348,-0.036960,0.414519,0.719675,-0.014721,0.369156,0.686823,-0.019228,0.367164,0.727623,-0.011897,0.380307,0.758331,-0.005872,0.446030,0.702012,-0.010477,0.400290,0.691156,-0.016645,0.398190,0.725061,-0.008436,0.411584,0.754134,-0.001787,0.470332,0.698358,-0.006694,0.432956,0.693891,-0.011365,0.430466,0.725674,-0.006150,0.441212,0.753549,-0.000635
580,1694846649.862418,1,-34.8040,-34.8040,-2.4122,0.5218,23.4186,1741.0771,7.0275,4170.4505,2.3592,135.0756,48.8414,151.4859,151.0584,144.8700,139.6438,0.006938,0.488554,0.911123,-0.000000,0.422976,0.948525,-0.009576,0.361144,0.890835,-0.010336,0.332745,0.801864,-0.008149,0.328475,0.743532,-0.005569,0.371204,0.773566,-0.018475,0.332278,0.670434,-0.026594,0.313088,0.605525,-0.032024,0.299186,0.554045,-0.036564,0.407770,0.722185,-0.013469,0.358132,0.691246,-0.017789,0.355706,0.732384,-0.010759,0.368349,0.762484,-0.004864,0.437737,0.702947,-0.009089,0.388611,0.695334,-0.015112,0.385412,0.730086,-0.006968,0.397693,0.758580,-0.000301,0.460759,0.698594,-0.005444,0.421610,0.697832,-0.010506,0.417198,0.728559,-0.006040,0.426372,0.755620,-0.001011
581,1694846649.870751,1,-42.5543,-42.5543,-17.4804,-15.0682,25.2852,1757.8036,19.7875,6465.6535,3.3940,136.4861,39.9783,166.2360,170.4344,166.0902,160.8598,0.006837,0.487580,0.915895,-0.000000,0.420564,0.953369,-0.011101,0.356735,0.896279,-0.012827,0.326892,0.806962,-0.011454,0.321374,0.747779,-0.009489,0.366450,0.779542,-0.018924,0.324954,0.685842,-0.028167,0.302939,0.624500,-0.035452,0.285541,0.575856,-0.041739,0.401201,0.725432,-0.014275,0.349334,0.695739,-0.019253,0.346778,0.736028,-0.013210,0.358828,0.765678,-0.008416,0.429430,0.703110,-0.010514,0.379117,0.692417,-0.016459,0.374650,0.726369,-0.007574,0.386366,0.754767,-0.000956,0.451243,0.696844,-0.007881,0.411144,0.694874,-0.013471,0.405778,0.724444,-0.008769,0.414679,0.750728,-0.003808
582,1694846649.879085,0,-45.4629,-45.4629,-3.6297,13.8507,5.8608,1976.8631,7.2830,9089.8888,1.7213,132.8634,52.7180,172.6704,182.5867,182.9824,182.7376,0.002730,0.480606,0.914260,-0.000000,0.415016,0.954980,-0.012536,0.351070,0.900199,-0.013334,0.321612,0.812716,-0.009925,0.316124,0.755965,-0.005839,0.359821,0.781880,-0.022574,0.313202,0.685790,-0.030288,0.288169,0.627379,-0.035723,0.268324,0.582574,-0.040402,0.393700,0.727492,-0.015662,0.338607,0.695825,-0.017514,0.332414,0.729839,-0.009865,0.340613,0.757080,-0.004423,0.421310,0.704662,-0.009481,0.367652,0.695620,-0.012638,0.360932,0.726781,-0.004281,0.369306,0.753721,0.001493,0.442768,0.696601,-0.004459,0.399669,0.696922,-0.008724,0.390274,0.724041,-0.005133,0.394095,0.749595,-0.001169
583,1694846649.887418,0,56.2046,56.2046,21.9824,25.6121,38.2630,2031.5875,32.0406,7700.9836,2.3821,116.6080,66.2634,185.3576,197.5150,199.9068,201.6669,0.000000,0.475021,0.915108,-0.000000,0.412072,0.957538,-0.014646,0.348664,0.910033,-0.016527,0.317462,0.826583,-0.013627,0.307450,0.770114,-0.009764,0.353034,0.787099,-0.026195,0.303631,0.696632,-0.035896,0.276593,0.639600,-0.043022,0.254966,0.595854,-0.048263,0.385512,0.731083,-0.018228,0.329411,0.693607,-0.019070,0.313075,0.713224,-0.011784,0.310428,0.731383,-0.006912,0.413360,0.707465,-0.011201,0.360603,0.699316,-0.013588,0.349021,0.724918,-0.005303,0.352835,0.749092,0.000772,0.435863,0.699970,-0.005643,0.393585,0.699643,-0.009686,0.380446,0.724977,-0.005727,0.380654,0.750691,-0.001083
584,1694846649.895751,0,-55.4175,-55.4175,-5.1534,-27.1358,40.8428,2291.1252,6.0302,5434.1558,3.6569,92.9414,82.5810,196.3043,211.0330,214.6073,217.5049,0.000000,0.469318,0.917518,-0.000000,0.405014,0.962879,-0.014169,0.342383,0.919493,-0.016855,0.312483,0.834758,-0.015214,0.304748,0.777723,-0.012586,0.344773,0.794364,-0.024930,0.291401,0.705665,-0.033594,0.264006,0.650348,-0.039062,0.242978,0.607652,-0.043270,0.377563,0.737109,-0.017418,0.321936,0.703486,-0.020206,0.313974,0.730794,-0.013156,0.319788,0.756306,-0.007586,0.405228,0.711942,-0.010663,0.352356,0.707128,-0.015069,0.345764,0.737528,-0.007635,0.354048,0.765022,-0.001573,0.427382,0.701887,-0.005138,0.384404,0.704922,-0.010281,0.374651,0.733783,-0.007091,0.377552,0.760310,-0.002761
585,1694846649.904085,0,,,0.0000,0.0000,0.0000,0.0000,,,,,,,,,,,0.000000,0.000000,0.000000,0.000000,0.000000,0.000000,0.000000,0.000000,0.000000,0.000000,0.000000,0.000000,0.000000,0.000000,0.000000,0.000000,0.000000,0.000000,0.000000,0.000000,0.000000,0.000000,0.000000,0.000000,0.000000,0.000000,0.000000,0.000000,0.000000,0.000000,0.000000,0.000000,0.000000,0.000000,0.000000,0.000000,0.000000,0.000000,0.000000,0.000000,0.000000,0.000000,0.000000,0.000000,0.000000,0.000000,0.000000,0.000000,0.000000,0.000000,0.000000,0.000000,0.000000,0.000000,0.000000,0.000000,0.000000,0.000000,0.000000,0.000000,0.000000,0.000000,0.000000
586,1694846649.912418,0,57.7016,57.7016,25.0640,0.0000,51.5032,2387.8845,,6387.6582,2.8971,57.9452,108.1483,214.6340,233.4775,239.7175,244.6409,0.000000,0.463877,0.921559,-0.000000,0.399173,0.971125,-0.009931,0.334302,0.935051,-0.011339,0.301554,0.854621,-0.008714,0.294189,0.798985,-0.005614,0.330709,0.809454,-0.024978,0.272848,0.721494,-0.033480,0.244264,0.665908,-0.038998,0.222769,0.621167,-0.043220,0.362391,0.750074,-0.017659,0.309654,0.729673,-0.017545,0.311389,0.768515,-0.006880,0.326076,0.799596,0.000360,0.390878,0.725836,-0.010665,0.342342,0.729306,-0.014422,0.345017,0.763563,-0.006392,0.361266,0.792969,-0.000418,0.414422,0.715907,-0.004032,0.375180,0.722178,-0.008285,0.375134,0.754798,-0.003959,0.387037,0.783105,0.000627
587,1694846649.920751,0,,,0.0000,0.0000,0.0000,0.0000,,,,,,,,,,,0.000000,0.000000,0.000000,0.000000,0.000000,0.000000,0.000000,0.000000,0.000000,0.000000,0.000000,0.000000,0.000000,0.000000,0.000000,0.000000,0.000000,0.000000,0.000000,0.000000,0.000000,0.000000,0.000000,0.000000,0.000000,0.000000,0.000000,0.000000,0.000000,0.000000,0.000000,0.000000,0.000000,0.000000,0.000000,0.000000,0.000000,0.000000,0.000000,0.000000,0.000000,0.000000,0.000000,0.000000,0.000000,0.000000,0.000000,0.000000,0.000000,0.000000,0.000000,0.000000,0.000000,0.000000,0.000000,0.000000,0.000000,0.000000,0.000000,0.000000,0.000000,0.000000,0.000000
588,1694846649.929085,0,,,0.0000,0.0000,0.0000,0.0000,,,,,,,,,,,0.000000,0.000000,0.000000,0.000000,0.000000,0.000000,0.000000,0.000000,0.000000,0.000000,0.000000,0.000000,0.000000,0.000000,0.000000,0.000000,0.000000,0.000000,0.000000,0.000000,0.000000,0.000000,0.000000,0.000000,0.000000,0.000000,0.000000,0.000000,0.000000,0.000000,0.000000,0.000000,0.000000,0.000000,0.000000,0.000000,0.000000,0.000000,0.000000,0.000000,0.000000,0.000000,0.000000,0.000000,0.000000,0.000000,0.000000,0.000000,0.000000,0.000000,0.000000,0.000000,0.000000,0.000000,0.000000,0.000000,0.000000,0.000000,0.000000,0.000000,0.000000,0.000000,0.000000
589,1694846649.937418,0,,,0.0000,0.0000,0.0000,0.0000,,,,,,,,,,,0.000000,0.000000,0.000000,0.000000,0.000000,0.000000,0.000000,0.000000,0.000000,0.000000,0.000000,0.000000,0.000000,0.000000,0.000000,0.000000,0.000000,0.000000,0.000000,0.000000,0.000000,0.000000,0.000000,0.000000,0.000000,0.000000,0.000000,0.000000,0.000000,0.000000,0.000000,0.000000,0.000000,0.000000,0.000000,0.000000,0.000000,0.000000,0.000000,0.000000,0.000000,0.000000,0.000000,0.000000,0.000000,0.000000,0.000000,0.000000,0.000000,0.000000,0.000000,0.000000,0.000000,0.000000,0.000000,0.000000,0.000000,0.000000,0.000000,0.000000,0.000000,0.000000,0.000000
590,1694846649.945751,0,,,0.0000,0.0000,0.0000,0.0000,,,,,,,,,,,0.000000,0.000000,0.000000,0.000000,0.000000,0.000000,0.000000,0.000000,0.000000,0.000000,0.000000,0.000000,0.000000,0.000000,0.000000,0.000000,0.000000,0.000000,0.000000,0.000000,0.000000,0.000000,0.000000,0.000000,0.000000,0.000000,0.000000,0.000000,0.000000,0.000000,0.000000,0.000000,0.000000,0.000000,0.000000,0.000000,0.000000,0.000000,0.000000,0.000000,0.000000,0.000000,0.000000,0.000000,0.000000,0.000000,0.000000,0.000000,0.000000,0.000000,0.000000,0.000000,0.000000,0.000000,0.000000,0.000000,0.000000,0.000000,0.000000,0.000000,0.000000,0.000000,0.000000
591,1694846649.954085,0,,,0.0000,0.0000,0.0000,0.0000,,,,,,,,,,,0.000000,0.000000,0.000000,0.000000,0.000000,0.000000,0.000000,0.000000,0.000000,0.000000,0.000000,0.000000,0.000000,0.000000,0.000000,0.000000,0.000000,0.000000,0.000000,0.000000,0.000000,0.000000,0.000000,0.000000,0.000000,0.000000,0.000000,0.000000,0.000000,0.000000,0.000000,0.000000,0.000000,0.000000,0.000000,0.000000,0.000000,0.000000,0.000000,0.000000,0.000000,0.000000,0.000000,0.000000,0.000000,0.000000,0.000000,0.000000,0.000000,0.000000,0.000000,0.000000,0.000000,0.000000,0.000000,0.000000,0.000000,0.000000,0.000000,0.000000,0.000000,0.000000,0.000000
592,1694846649.962418,0,,,0.0000,0.0000,0.0000,0.0000,,,,,,,,,,,0.000000,0.000000,0.000000,0.000000,0.000000,0.000000,0.000000,0.000000,0.000000,0.000000,0.000000,0.000000,0.000000,0.000000,0.000000,0.000000,0.000000,0.000000,0.000000,0.000000,0.000000,0.000000,0.000000,0.000000,0.000000,0.000000,0.000000,0.000000,0.000000,0.000000,0.000000,0.000000,0.000000,0.000000,0.000000,0.000000,0.000000,0.000000,0.000000,0.000000,0.000000,0.000000,0.000000,0.000000,0.000000,0.000000,0.000000,0.000000,0.000000,0.000000,0.000000,0.000000,0.000000,0.000000,0.000000,0.000000,0.000000,0.000000,0.000000,0.000000,0.000000,0.000000,0.000000
593,1694846649.970751,0,,,0.0000,0.0000,0.0000,0.0000,,,,,,,,,,,0.000000,0.000000,0.000000,0.000000,0.000000,0.000000,0.000000,0.000000,0.000000,0.000000,0.000000,0.000000,0.000000,0.000000,0.000000,0.000000,0.000000,0.000000,0.000000,0.000000,0.000000,0.000000,0.000000,0.000000,0.000000,0.000000,0.000000,0.000000,0.000000,0.000000,0.000000,0.000000,0.000000,0.000000,0.000000,0.000000,0.000000,0.000000,0.000000,0.000000,0.000000,0.000000,0.000000,0.000000,0.000000,0.000000,0.000000,0.000000,0.000000,0.000000,0.000000,0.000000,0.000000,0.000000,0.000000,0.000000,0.000000,0.000000,0.000000,0.000000,0.000000,0.000000,0.000000
594,1694846649.979085,0,,,0.0000,0.0000,0.0000,0.0000,,,,,,,,,,,0.000000,0.000000,0.000000,0.000000,0.000000,0.000000,0.000000,0.000000,0.000000,0.000000,0.000000,0.000000,0.000000,0.000000,0.000000,0.000000,0.000000,0.000000,0.000000,0.000000,0.000000,0.000000,0.000000,0.000000,0.000000,0.000000,0.000000,0.000000,0.000000,0.000000,0.000000,0.000000,0.000000,0.000000,0.000000,0.000000,0.000000,0.000000,0.000000,0.000000,0.000000,0.000000,0.000000,0.000000,0.000000,0.000000,0.000000,0.000000,0.000000,0.000000,0.000000,0.000000,0.000000,0.000000,0.000000,0.000000,0.000000,0.000000,0.000000,0.000000,0.000000,0.000000,0.000000
595,1694846649.987418,0,,,0.0000,0.0000,0.0000,0.0000,,,,,,,,,,,0.000000,0.000000,0.000000,0.000000,0.000000,0.000000,0.000000,0.000000,0.000000,0.000000,0.000000,0.000000,0.000000,0.000000,0.000000,0.000000,0.000000,0.000000,0.000000,0.000000,0.000000,0.000000,0.000000,0.000000,0.000000,0.000000,0.000000,0.000000,0.000000,0.000000,0.000000,0.000000,0.000000,0.000000,0.000000,0.000000,0.000000,0.000000,0.000000,0.000000,0.000000,0.000000,0.000000,0.000000,0.000000,0.000000,0.000000,0.000000,0.000000,0.000000,0.000000,0.000000,0.000000,0.000000,0.000000,0.000000,0.000000,0.000000,0.000000,0.000000,0.000000,0.000000,0.000000
596,1694846649.995751,0,,,0.0000,0.0000,0.0000,0.0000,,,,,,,,,,,0.000000,0.000000,0.000000,0.000000,0.000000,0.000000,0.000000,0.000000,0.000000,0.000000,0.000000,0.000000,0.000000,0.000000,0.000000,0.000000,0.000000,0.000000,0.000000,0.000000,0.000000,0.000000,0.000000,0.000000,0.000000,0.000000,0.000000,0.000000,0.000000,0.000000,0.000000,0.000000,0.000000,0.000000,0.000000,0.000000,0.000000,0.000000,0.000000,0.000000,0.000000,0.000000,0.000000,0.000000,0.000000,0.000000,0.000000,0.000000,0.000000,0.000000,0.000000,0.000000,0.000000,0.000000,0.000000,0.000000,0.000000,0.000000,0.000000,0.000000,0.000000,0.000000,0.000000
597,1694846650.004085,0,,,0.0000,0.0000,0.0000,0.0000,,,,,,,,,,,0.000000,0.000000,0.000000,0.000000,0.000000,0.000000,0.000000,0.000000,0.000000,0.000000,0.000000,0.000000,0.000000,0.000000,0.000000,0.000000,0.000000,0.000000,0.000000,0.000000,0.000000,0.000000,0.000000,0.000000,0.000000,0.000000,0.000000,0.000000,0.000000,0.000000,0.000000,0.000000,0.000000,0.000000,0.000000,0.000000,0.000000,0.000000,0.000000,0.000000,0.000000,0.000000,0.000000,0.000000,0.000000,0.000000,0.000000,0.000000,0.000000,0.000000,0.000000,0.000000,0.000000,0.000000,0.000000,0.000000,0.000000,0.000000,0.000000,0.000000,0.000000,0.000000,0.000000
598,1694846650.012418,0,,,0.0000,0.0000,0.0000,0.0000,,,,,,,,,,,0.000000,0.000000,0.000000,0.000000,0.000000,0.000000,0.000000,0.000000,0.000000,0.000000,0.000000,0.000000,0.000000,0.000000,0.000000,0.000000,0.000000,0.000000,0.000000,0.000000,0.000000,0.000000,0.000000,0.000000,0.000000,0.000000,0.000000,0.000000,0.000000,0.000000,0.000000,0.000000,0.000000,0.000000,0.000000,0.000000,0.000000,0.000000,0.000000,0.000000,0.000000,0.000000,0.000000,0.000000,0.000000,0.000000,0.000000,0.000000,0.000000,0.000000,0.000000,0.000000,0.000000,0.000000,0.000000,0.000000,0.000000,0.000000,0.000000,0.000000,0.000000,0.000000,0.000000
599,1694846650.020751,0,,,0.0000,0.0000,0.0000,0.0000,,,,,,,,,,,0.000000,0.000000,0.000000,0.000000,0.000000,0.000000,0.000000,0.000000,0.000000,0.000000,0.000000,0.000000,0.000000,0.000000,0.000000,0.000000,0.000000,0.000000,0.000000,0.000000,0.000000,0.000000,0.000000,0.000000,0.000000,0.000000,0.000000,0.000000,0.000000,0.000000,0.000000,0.000000,0.000000,0.000000,0.000000,0.000000,0.000000,0.000000,0.000000,0.000000,0.000000,0.000000,0.000000,0.000000,0.000000,0.000000,0.000000,0.000000,0.000000,0.000000,0.000000,0.000000,0.000000,0.000000,0.000000,0.000000,0.000000,0.000000,0.000000,0.000000,0.000000,0.000000,0.000000
600,1694846650.029085,0,,,0.0000,0.0000,0.0000,0.0000,,,,,,,,,,,0.000000,0.000000,0.000000,0.000000,0.000000,0.000000,0.000000,0.000000,0.000000,0.000000,0.000000,0.000000,0.000000,0.000000,0.000000,0.000000,0.000000,0.000000,0.000000,0.000000,0.000000,0.000000,0.000000,0.000000,0.000000,0.000000,0.000000,0.000000,0.000000,0.000000,0.000000,0.000000,0.000000,0.000000,0.000000,0.000000,0.000000,0.000000,0.000000,0.000000,0.000000,0.000000,0.000000,0.000000,0.000000,0.000000,0.000000,0.000000,0.000000,0.000000,0.000000,0.000000,0.000000,0.000000,0.000000,0.000000,0.000000,0.000000,0.000000,0.000000,0.000000,0.000000,0.000000
601,1694846650.037418,0,,,0.0000,0.0000,0.0000,0.0000,,,,,,,,,,,0.000000,0.000000,0.000000,0.000000,0.000000,0.000000,0.000000,0.000000,0.000000,0.000000,0.000000,0.000000,0.000000,0.000000,0.000000,0.000000,0.000000,0.000000,0.000000,0.000000,0.000000,0.000000,0.000000,0.000000,0.000000,0.000000,0.000000,0.000000,0.000000,0.000000,0.000000,0.000000,0.000000,0.000000,0.000000,0.000000,0.000000,0.000000,0.000000,0.000000,0.000000,0.000000,0.000000,0.000000,0.000000,0.000000,0.000000,0.000000,0.000000,0.000000,0.000000,0.000000,0.000000,0.000000,0.000000,0.000000,0.000000,0.000000,0.000000,0.000000,0.000000,0.000000,0.000000
602,1694846650.045751,0,,,0.0000,0.0000,0.0000,0.0000,,,,,,,,,,,0.000000,0.000000,0.000000,0.000000,0.000000,0.000000,0.000000,0.000000,0.000000,0.000000,0.000000,0.000000,0.000000,0.000000,0.000000,0.000000,0.000000,0.000000,0.000000,0.000000,0.000000,0.000000,0.000000,0.000000,0.000000,0.000000,0.000000,0.000000,0.000000,0.000000,0.000000,0.000000,0.000000,0.000000,0.000000,0.000000,0.000000,0.000000,0.000000,0.000000,0.000000,0.000000,0.000000,0.000000,0.000000,0.000000,0.000000,0.000000,0.000000,0.000000,0.000000,0.000000,0.000000,0.000000,0.000000,0.000000,0.000000,0.000000,0.000000,0.000000,0.000000,0.000000,0.000000
603,1694846650.054085,0,,,0.0000,0.0000,0.0000,0.0000,,,,,,,,,,,0.000000,0.000000,0.000000,0.000000,0.000000,0.000000,0.000000,0.000000,0.000000,0.000000,0.000000,0.000000,0.000000,0.000000,0.000000,0.000000,0.000000,0.000000,0.000000,0.000000,0.000000,0.000000,0.000000,0.000000,0.000000,0.000000,0.000000,0.000000,0.000000,0.000000,0.000000,0.000000,0.000000,0.000000,0.000000,0.000000,0.000000,0.000000,0.000000,0.000000,0.000000,0.000000,0.000000,0.000000,0.000000,0.000000,0.000000,0.000000,0.000000,0.000000,0.000000,0.000000,0.000000,0.000000,0.000000,0.000000,0.000000,0.000000,0.000000,0.000000,0.000000,0.000000,0.000000
604,1694846650.062418,0,,,0.0000,0.0000,0.0000,0.0000,,,,,,,,,,,0.000000,0.000000,0.000000,0.000000,0.000000,0.000000,0.000000,0.000000,0.000000,0.000000,0.000000,0.000000,0.000000,0.000000,0.000000,0.000000,0.000000,0.000000,0.000000,0.000000,0.000000,0.000000,0.000000,0.000000,0.000000,0.000000,0.000000,0.000000,0.000000,0.000000,0.000000,0.000000,0.000000,0.000000,0.000000,0.000000,0.000000,0.000000,0.000000,0.000000,0.000000,0.000000,0.000000,0.000000,0.000000,0.000000,0.000000,0.000000,0.000000,0.000000,0.000000,0.000000,0.000000,0.000000,0.000000,0.000000,0.000000,0.000000,0.000000,0.000000,0.000000,0.000000,0.000000
605,1694846650.070751,0,,,0.0000,0.0000,0.0000,0.0000,,,,,,,,,,,0.000000,0.000000,0.000000,0.000000,0.000000,0.000000,0.000000,0.000000,0.000000,0.000000,0.000000,0.000000,0.000000,0.000000,0.000000,0.000000,0.000000,0.000000,0.000000,0.000000,0.000000,0.000000,0.000000,0.000000,0.000000,0.000000,0.000000,0.000000,0.000000,0.000000,0.000000,0.000000,0.000000,0.000000,0.000000,0.000000,0.000000,0.000000,0.000000,0.000000,0.000000,0.000000,0.000000,0.000000,0.000000,0.000000,0.000000,0.000000,0.000000,0.000000,0.000000,0.000000,0.000000,0.000000,0.000000,0.000000,0.000000,0.000000,0.000000,0.000000,0.000000,0.000000,0.000000
606,1694846650.079085,0,,,0.0000,0.0000,0.0000,0.0000,,,,,,,,,,,0.000000,0.000000,0.000000,0.000000,0.000000,0.000000,0.000000,0.000000,0.000000,0.000000,0.000000,0.000000,0.000000,0.000000,0.000000,0.000000,0.000000,0.000000,0.000000,0.000000,0.000000,0.000000,0.000000,0.000000,0.000000,0.000000,0.000000,0.000000,0.000000,0.000000,0.000000,0.000000,0.000000,0.000000,0.000000,0.000000,0.000000,0.000000,0.000000,0.000000,0.000000,0.000000,0.000000,0.000000,0.000000,0.000000,0.000000,0.000000,0.000000,0.000000,0.000000,0.000000,0.000000,0.000000,0.000000,0.000000,0.000000,0.000000,0.000000,0.000000,0.000000,0.000000,0.000000
607,1694846650.087418,0,,,0.0000,0.0000,0.0000,0.0000,,,,,,,,,,,0.000000,0.000000,0.000000,0.000000,0.000000,0.000000,0.000000,0.000000,0.000000,0.000000,0.000000,0.000000,0.000000,0.000000,0.000000,0.000000,0.000000,0.000000,0.000000,0.000000,0.000000,0.000000,0.000000,0.000000,0.000000,0.000000,0.000000,0.000000,0.000000,0.000000,0.000000,0.000000,0.000000,0.000000,0.000000,0.000000,0.000000,0.000000,0.000000,0.000000,0.000000,0.000000,0.000000,0.000000,0.000000,0.000000,0.000000,0.000000,0.000000,0.000000,0.000000,0.000000,0.000000,0.000000,0.000000,0.000000,0.000000,0.000000,0.000000,0.000000,0.000000,0.000000,0.000000
608,1694846650.095751,0,,,0.0000,0.0000,0.0000,0.0000,,,,,,,,,,,0.000000,0.000000,0.000000,0.000000,0.000000,0.000000,0.000000,0.000000,0.000000,0.000000,0.000000,0.000000,0.000000,0.000000,0.000000,0.000000,0.000000,0.000000,0.000000,0.000000,0.000000,0.000000,0.000000,0.000000,0.000000,0.000000,0.000000,0.000000,0.000000,0.000000,0.000000,0.000000,0.000000,0.000000,0.000000,0.000000,0.000000,0.000000,0.000000,0.000000,0.000000,0.000000,0.000000,0.000000,0.000000,0.000000,0.000000,0.000000,0.000000,0.000000,0.000000,0.000000,0.000000,0.000000,0.000000,0.000000,0.000000,0.000000,0.000000,0.000000,0.000000,0.000000,0.000000
609,1694846650.104085,0,,,0.0000,0.0000,0.0000,0.0000,,,,,,,,,,,0.000000,0.000000,0.000000,0.000000,0.000000,0.000000,0.000000,0.000000,0.000000,0.000000,0.000000,0.000000,0.000000,0.000000,0.000000,0.000000,0.000000,0.000000,0.000000,0.000000,0.000000,0.000000,0.000000,0.000000,0.000000,0.000000,0.000000,0.000000,0.000000,0.000000,0.000000,0.000000,0.000000,0.000000,0.000000,0.000000,0.000000,0.000000,0.000000,0.000000,0.000000,0.000000,0.000000,0.000000,0.000000,0.000000,0.000000,0.000000,0.000000,0.000000,0.000000,0.000000,0.000000,0.000000,0.000000,0.000000,0.000000,0.000000,0.000000,0.000000,0.000000,0.000000,0.000000
610,1694846650.112418,0,56.7803,56.7803,25.5608,0.0000,52.6798,335.5144,,9561.3690,2.9618,131.5185,78.9346,166.3680,182.7933,189.2301,197.4703,0.004081,0.462357,0.925435,-0.000000,0.396973,0.958762,-0.010423,0.334843,0.906782,-0.013446,0.306459,0.818862,-0.012843,0.302958,0.757605,-0.012019,0.340454,0.789904,-0.027387,0.291042,0.685909,-0.037979,0.266060,0.620520,-0.044313,0.246405,0.571295,-0.049001,0.376233,0.733315,-0.022267,0.323207,0.688466,-0.026568,0.320043,0.724371,-0.018066,0.330955,0.761261,-0.011289,0.406935,0.708534,-0.017406,0.355868,0.691715,-0.023638,0.353427,0.724894,-0.015562,0.365580,0.759385,-0.008898,0.431132,0.697500,-0.013080,0.388946,0.692335,-0.019101,0.382956,0.724743,-0.015053,0.390126,0.755520,-0.010215
611,1694846650.120751,1,-43.7676,-43.7676,-24.9930,-50.5538,52.3004,372.2408,52.8299,8879.8332,1.3833,129.6481,67.4204,158.6507,172.3389,176.8663,184.0480,0.008506,0.467984,0.918243,-0.000000,0.401913,0.953394,-0.009015,0.340047,0.900315,-0.009931,0.309348,0.813447,-0.007305,0.301599,0.755486,-0.004348,0.346025,0.782837,-0.023369,0.297579,0.678747,-0.031520,0.274891,0.616085,-0.035953,0.257354,0.567698,-0.039138,0.381853,0.728262,-0.017639,0.329004,0.687369,-0.020393,0.324237,0.722282,-0.012134,0.333160,0.755999,-0.005283,0.412703,0.704697,-0.011973,0.361639,0.694890,-0.016662,0.358599,0.728424,-0.009360,0.369360,0.760554,-0.003118,0.437199,0.693874,-0.006660,0.396317,0.692969,-0.010799,0.389727,0.724912,-0.006751,0.395617,0.753571,-0.001890
612,1694846650.129085,1,-39.0745,-39.0745,4.0857,29.0788,50.8997,246.2810,26.0341,6966.9596,1.7993,132.5193,69.5382,150.1879,163.1833,167.2513,172.8839,0.013534,0.472343,0.915036,-0.000000,0.404786,0.951442,-0.008000,0.343622,0.894404,-0.007981,0.314501,0.806557,-0.004583,0.308710,0.747247,-0.001105,0.348320,0.774596,-0.021546,0.303877,0.670613,-0.028094,0.280678,0.606473,-0.031815,0.262788,0.556195,-0.034971,0.385096,0.722991,-0.017015,0.334450,0.680601,-0.019101,0.331048,0.719574,-0.010426,0.342690,0.757901,-0.003561,0.417078,0.702698,-0.012423,0.367393,0.686253,-0.017413,0.365038,0.720501,-0.009436,0.377673,0.754745,-0.002928,0.442022,0.695069,-0.008080,0.401356,0.689299,-0.012280,0.397308,0.721582,-0.007151,0.406534,0.752026,-0.001843
613,1694846650.137418,1,38.8811,38.8811,-4.7051,-8.7909,45.8541,363.4574,6.8764,5520.6615,2.3474,133.1790,66.8496,147.1846,158.8779,161.3611,166.3605,0.014967,0.477165,0.917146,-0.000000,0.407548,0.947484,-0.007243,0.345281,0.885621,-0.007718,0.317322,0.792855,-0.004980,0.315890,0.734506,-0.002181,0.353951,0.772135,-0.021413,0.308625,0.665750,-0.028213,0.285448,0.601247,-0.032078,0.267453,0.550935,-0.035402,0.391998,0.719706,-0.016660,0.341137,0.671479,-0.018701,0.336784,0.712604,-0.009216,0.347119,0.754015,-0.001229,0.424925,0.700037,-0.011729,0.375447,0.686872,-0.016513,0.372270,0.722201,-0.008616,0.384469,0.757427,-0.001720,0.451350,0.692890,-0.006837,0.411342,0.687125,-0.010210,0.406516,0.720421,-0.004829,0.415603,0.751022,0.000742
614,1694846650.145751,1,-47.3792,-47.3792,-26.0399,-21.3347,45.1311,2249.2070,63.8039,4592.5411,2.1487,133.6528,62.8333,147.3328,158.4027,160.4591,164.5154,0.014836,0.480495,0.906822,-0.000000,0.413200,0.942551,-0.008527,0.350729,0.882102,-0.010888,0.324997,0.787707,-0.009920,0.329423,0.728358,-0.009144,0.359577,0.771040,-0.025257,0.312053,0.666918,-0.034239,0.287935,0.602540,-0.040148,0.269837,0.551609,-0.045080,0.397559,0.717352,-0.020534,0.346090,0.673292,-0.024673,0.341547,0.713943,-0.016296,0.352757,0.752707,-0.009160,0.430388,0.698150,-0.015595,0.381714,0.687347,-0.021342,0.377836,0.722020,-0.013285,0.390673,0.756344,-0.006525,0.456492,0.693462,-0.010867,0.417490,0.691844,-0.015397,0.412710,0.724245,-0.010157,0.422320,0.753215,-0.004691
615,1694846650.154085,1,-44.8620,-44.8620,-0.2736,25.7662,33.1703,820.4363,11.2822,5350.4591,3.8297,142.3912,61.5345,145.3162,154.5295,155.3123,158.1970,0.014796,0.483370,0.906892,-0.000000,0.417105,0.940483,-0.007076,0.355402,0.878941,-0.008870,0.329052,0.786971,-0.007472,0.332904,0.728622,-0.006512,0.364930,0.772403,-0.024836,0.317317,0.665266,-0.034013,0.292748,0.599830,-0.040062,0.274160,0.547952,-0.044986,0.402349,0.717792,-0.020403,0.352945,0.673594,-0.023649,0.350503,0.715103,-0.014311,0.363076,0.753955,-0.006722,0.435408,0.697761,-0.015608,0.388391,0.687539,-0.020360,0.386329,0.722607,-0.011419,0.400433,0.756773,-0.004337,0.461821,0.692334,-0.010883,0.424191,0.689530,-0.014722,0.421012,0.723143,-0.008672,0.431804,0.752669,-0.002761
616,1694846650.162418,1,48.8457,48.8457,21.9800,22.2537,43.1320,1712.3207,33.1536,5054.9981,4.7149,142.6289,60.0636,144.0783,151.5231,151.2460,153.5408,0.013347,0.487578,0.906978,-0.000000,0.419855,0.939087,-0.009088,0.360078,0.877770,-0.011615,0.336730,0.786214,-0.010382,0.343105,0.728107,-0.009417,0.372230,0.771278,-0.028065,0.323562,0.663523,-0.038406,0.298690,0.598876,-0.045167,0.279936,0.546628,-0.050555,0.410013,0.717388,-0.022807,0.357937,0.670744,-0.026363,0.354446,0.712548,-0.016844,0.366753,0.749932,-0.009364,0.442385,0.697881,-0.017399,0.392677,0.683204,-0.022720,0.389415,0.719706,-0.013475,0.403380,0.753727,-0.006126,0.468136,0.692758,-0.012272,0.428605,0.684544,-0.016835,0.423602,0.717821,-0.010906,0.433876,0.747699,-0.005064
617,1694846650.170751,1,-43.6150,-43.6150,-20.6240,-42.6041,43.8041,1316.3805,35.9244,5452.7096,3.0221,146.0957,57.4092,140.8206,144.7364,142.4500,142.3955,0.009886,0.492681,0.907057,-0.000000,0.425782,0.937685,-0.006570,0.366068,0.873027,-0.007985,0.343280,0.781706,-0.006068,0.352140,0.726817,-0.004706,0.377497,0.769393,-0.026037,0.330845,0.661959,-0.035636,0.307235,0.596041,-0.041519,0.289749,0.543744,-0.046013,0.415867,0.717168,-0.021419,0.367905,0.665854,-0.023443,0.363876,0.706011,-0.013172,0.374782,0.744787,-0.005144,0.449196,0.699070,-0.016391,0.403533,0.682953,-0.020841,0.400017,0.717566,-0.012244,0.412700,0.751301,-0.005339,0.475531,0.695228,-0.011223,0.438483,0.688404,-0.014125,0.434478,0.721694,-0.007586,0.444355,0.751933,-0.001600
618,1694846650.179085,1,-42.9037,-42.9037,1.1189,21.7429,37.4453,791.7316,8.8214,4023.0397,2.3867,139.4213,55.7661,140.9246,140.4727,134.8694,131.4422,0.006929,0.497784,0.909732,-0.000000,0.429685,0.939585,-0.008907,0.370075,0.874768,-0.011552,0.350299,0.779307,-0.010666,0.361242,0.722537,-0.010055,0.385866,0.766816,-0.025763,0.340354,0.661832,-0.034977,0.317384,0.596438,-0.041250,0.300308,0.543572,-0.046527,0.424889,0.715735,-0.020547,0.377520,0.671832,-0.023979,0.373728,0.714721,-0.014945,0.385184,0.752990,-0.007771,0.457229,0.699378,-0.015198,0.412190,0.686023,-0.020818,0.407851,0.722191,-0.012545,0.420338,0.757015,-0.005809,0.482529,0.697676,-0.009999,0.446137,0.692882,-0.014362,0.441761,0.726209,-0.008625,0.451559,0.755838,-0.002979
619,1694846650.187418,1,31.1006,31.1006,18.9907,17.8718,41.4238,346.8645,39.6500,6213.3037,1.7646,133.2022,58.7735,144.9694,138.3399,126.6456,116.7008,0.002193,0.502848,0.917555,-0.000000,0.435210,0.944025,-0.008157,0.375048,0.875690,-0.010588,0.354280,0.777679,-0.009835,0.365272,0.723025,-0.009011,0.390794,0.766136,-0.022128,0.348848,0.658835,-0.028989,0.330108,0.595475,-0.032762,0.317327,0.544729,-0.036331,0.430478,0.718420,-0.016968,0.386278,0.675285,-0.020305,0.384883,0.719196,-0.011314,0.396441,0.757488,-0.003796,0.463632,0.703179,-0.011711,0.420551,0.690596,-0.016915,0.418496,0.727121,-0.009134,0.430505,0.760805,-0.002701,0.490298,0.700635,-0.006551,0.455712,0.696604,-0.009803,0.451844,0.728486,-0.004872,0.460496,0.755950,-0.000010
620,1694846650.195751,1,-34.5633,-34.5633,-20.8522,-39.8429,39.8806,551.9404,7.1844,5974.9020,2.6513,139.1165,71.3487,140.4911,129.1461,114.5194,101.7883,0.001057,0.509042,0.920632,-0.000000,0.440947,0.948793,-0.010027,0.381137,0.879366,-0.012289,0.362622,0.778998,-0.011034,0.373756,0.721050,-0.009608,0.396841,0.760990,-0.023019,0.360798,0.653199,-0.030728,0.343237,0.587885,-0.035761,0.330922,0.533350,-0.040509,0.437539,0.715856,-0.017145,0.397064,0.684234,-0.020827,0.396970,0.733160,-0.011807,0.410315,0.768547,-0.004774,0.470919,0.702976,-0.011611,0.430622,0.693121,-0.018579,0.429111,0.732632,-0.010620,0.441801,0.765022,-0.004016,0.497744,0.702356,-0.006323,0.463118,0.699489,-0.011855,0.460520,0.734290,-0.007153,0.470397,0.762063,-0.002118
621,1694846650.204085,1,24.9313,24.9313,17.1366,37.9888,33.7050,771.5792,42.8393,5522.1070,1.9211,142.6566,77.3230,142.7484,127.6350,109.1854,91.9613,0.000018,0.514816,0.926060,-0.000000,0.444831,0.947338,-0.008993,0.386035,0.875598,-0.010979,0.368413,0.773711,-0.010154,0.380539,0.714241,-0.008827,0.404766,0.758135,-0.018464,0.370567,0.649862,-0.024421,0.353509,0.584358,-0.028142,0.341623,0.530182,-0.032383,0.445970,0.715860,-0.013281,0.406181,0.686181,-0.016767,0.404435,0.733658,-0.008589,0.416778,0.768556,-0.002337,0.479032,0.704583,-0.008444,0.438694,0.694499,-0.014442,0.435795,0.731586,-0.006629,0.447551,0.764438,-0.000526,0.505292,0.705553,-0.004019,0.470877,0.701773,-0.008706,0.467036,0.735066,-0.004580,0.476314,0.763687,-0.000160
622,1694846650.212418,1,27.9345,27.9345,17.7096,0.5730,32.8514,1339.6637,21.9449,5965.4257,2.2883,146.5648,88.7382,145.3509,127.2926,106.1925,84.2336,0.000000,0.521366,0.927360,-0.000000,0.449773,0.952074,-0.009230,0.388878,0.877607,-0.011779,0.371447,0.772872,-0.011008,0.389214,0.716579,-0.010059,0.411588,0.766560,-0.022597,0.378033,0.649661,-0.029406,0.362549,0.582858,-0.033617,0.351582,0.527849,-0.038250,0.453417,0.720949,-0.016455,0.411747,0.688544,-0.018980,0.411185,0.735734,-0.009493,0.424205,0.769669,-0.002665,0.486548,0.707894,-0.010439,0.445916,0.700763,-0.015126,0.445336,0.738982,-0.006850,0.458671,0.771157,-0.000857,0.513118,0.707944,-0.004788,0.479476,0.706536,-0.009354,0.477781,0.740763,-0.005671,0.488356,0.768655,-0.001660
623,1694846650.220751,1,29.8312,29.8312,-0.3174,-18.0269,25.2906,1318.9225,1.0888,4578.9296,2.4418,143.5833,96.4550,148.7543,128.8364,105.2168,78.4353,0.000000,0.523851,0.923764,-0.000000,0.453609,0.943390,-0.007664,0.396945,0.872193,-0.009717,0.379410,0.772045,-0.008704,0.390230,0.713136,-0.007456,0.419798,0.758608,-0.022553,0.386585,0.645971,-0.029601,0.370032,0.579752,-0.034268,0.357459,0.524561,-0.039258,0.461215,0.715838,-0.018406,0.416105,0.682201,-0.022460,0.414508,0.729072,-0.014098,0.427917,0.762637,-0.008101,0.492474,0.705308,-0.014139,0.447319,0.693086,-0.018918,0.444204,0.729655,-0.009637,0.456905,0.762075,-0.003276,0.515319,0.707767,-0.010268,0.478535,0.703849,-0.014474,0.476110,0.735058,-0.009596,0.486661,0.762056,-0.004998
624,1694846650.229085,1,-30.4276,-30.4276,1.0339,1.3513,29.4943,1152.3312,9.2198,3961.8127,2.3513,139.1543,104.1113,155.9340,132.5934,106.0630,75.2022,0.000000,0.527795,0.927214,-0.000000,0.458127,0.944542,-0.008440,0.400336,0.869657,-0.010387,0.384409,0.767407,-0.009194,0.399332,0.709712,-0.007667,0.424078,0.758257,-0.022205,0.394004,0.646563,-0.028958,0.378373,0.579839,-0.033571,0.366798,0.523998,-0.038642,0.465256,0.716536,-0.017744,0.424224,0.684677,-0.021103,0.422165,0.732151,-0.012308,0.434775,0.765655,-0.006114,0.496862,0.706572,-0.013349,0.455303,0.694769,-0.018095,0.451960,0.732605,-0.008750,0.463932,0.765168,-0.002263,0.521251,0.709502,-0.009453,0.486834,0.706281,-0.013244,0.484242,0.738052,-0.007983,0.494481,0.765110,-0.003162
625,1694846650.237418,1,-16.1956,-16.1956,-10.2817,-11.3157,25.3759,2857.4787,47.2137,4436.0232,2.7157,121.1381,116.1364,165.5688,140.3289,111.3753,75.7079,0.000000,0.528598,0.926556,-0.000000,0.459614,0.941850,-0.007139,0.405231,0.870358,-0.007789,0.388573,0.771792,-0.005300,0.399556,0.714319,-0.002294,0.429189,0.753959,-0.019322,0.402153,0.643951,-0.024230,0.388089,0.577514,-0.026846,0.377713,0.524747,-0.029757,0.470087,0.715024,-0.014710,0.428612,0.682835,-0.016109,0.425498,0.728060,-0.006891,0.437456,0.763212,-0.000012,0.501499,0.706882,-0.010023,0.458690,0.693652,-0.014199,0.454112,0.730744,-0.006346,0.465044,0.763902,-0.000245,0.525540,0.710250,-0.005422,0.489515,0.703943,-0.007712,0.485012,0.734078,-0.002548,0.493594,0.762296,0.002390
626,1694846650.245751,0,,,0.0000,0.0000,0.0000,0.0000,31.0062,4262.8509,3.2922,103.3951,130.2123,179.3600,150.8816,118.0757,76.5596,0.000000,0.533916,0.931229,-0.000000,0.464071,0.941893,-0.007896,0.408862,0.866647,-0.008723,0.393374,0.767550,-0.007047,0.407103,0.712572,-0.004561,0.435158,0.750588,-0.015435,0.411375,0.642174,-0.019552,0.399286,0.578839,-0.021578,0.390626,0.527448,-0.024548,0.476809,0.715591,-0.011398,0.437322,0.680530,-0.014830,0.433515,0.725386,-0.007695,0.444628,0.760758,-0.001940,0.508721,0.708512,-0.007553,0.467774,0.691987,-0.013032,0.463135,0.729020,-0.005668,0.473281,0.762334,0.000253,0.533379,0.712738,-0.004165,0.498736,0.705146,-0.007656,0.493908,0.735534,-0.003396,0.502348,0.764015,0.001003
627,1694846650.254085,0,,,0.0000,0.0000,0.0000,0.0000,30.9026,4260.5411,3.0148,76.5285,143.5918,185.8823,155.4738,121.1120,77.1392,0.000000,0.535013,0.927772,-0.000000,0.464262,0.937849,-0.006355,0.411619,0.861054,-0.006258,0.396661,0.761103,-0.003355,0.408493,0.706699,-0.000199,0.438454,0.749332,-0.016640,0.416438,0.638090,-0.017924,0.407373,0.572922,-0.017951,0.400842,0.521369,-0.019572,0.479718,0.714153,-0.012619,0.441433,0.678455,-0.012730,0.436446,0.721101,-0.004418,0.445063,0.757328,0.001630,0.511513,0.707950,-0.008198,0.471041,0.692955,-0.009967,0.466200,0.728154,-0.003006,0.475102,0.761629,0.001746,0.535998,0.713056,-0.003955,0.500880,0.706162,-0.004701,0.495847,0.735034,-0.000310,0.502599,0.762662,0.003695
628,1694846650.262418,0,,,0.0000,0.0000,0.0000,0.0000,1.1036,4213.7044,2.7727,67.1528,154.5037,193.4910,161.6400,126.8215,82.3612,0.000000,0.538431,0.932071,-0.000000,0.467948,0.936261,-0.006717,0.415019,0.856887,-0.006832,0.401855,0.755266,-0.003815,0.417552,0.703638,-0.000047,0.446657,0.745401,-0.017568,0.424641,0.631568,-0.019422,0.415455,0.569131,-0.019373,0.409127,0.517814,-0.021057,0.489127,0.712719,-0.012347,0.448050,0.674101,-0.012206,0.443496,0.718962,-0.002711,0.453759,0.754042,0.003878,0.520161,0.707591,-0.006818,0.477479,0.692264,-0.008338,0.472674,0.728619,-0.000328,0.482106,0.761968,0.004878,0.543259,0.713200,-0.001557,0.508946,0.708289,-0.002568,0.505100,0.737629,0.001423,0.512685,0.765265,0.005002
629,1694846650.270751,0,,,0.0000,0.0000,0.0000,0.0000,,,,,,,,,,,0.000000,0.000000,0.000000,0.000000,0.000000,0.000000,0.000000,0.000000,0.000000,0.000000,0.000000,0.000000,0.000000,0.000000,0.000000,0.000000,0.000000,0.000000,0.000000,0.000000,0.000000,0.000000,0.000000,0.000000,0.000000,0.000000,0.000000,0.000000,0.000000,0.000000,0.000000,0.000000,0.000000,0.000000,0.000000,0.000000,0.000000,0.000000,0.000000,0.000000,0.000000,0.000000,0.000000,0.000000,0.000000,0.000000,0.000000,0.000000,0.000000,0.000000,0.000000,0.000000,0.000000,0.000000,0.000000,0.000000,0.000000,0.000000,0.000000,0.000000,0.000000,0.000000,0.000000
630,1694846650.279085,0,,,0.0000,0.0000,0.0000,0.0000,,,,,,,,,,,0.000000,0.000000,0.000000,0.000000,0.000000,0.000000,0.000000,0.000000,0.000000,0.000000,0.000000,0.000000,0.000000,0.000000,0.000000,0.000000,0.000000,0.000000,0.000000,0.000000,0.000000,0.000000,0.000000,0.000000,0.000000,0.000000,0.000000,0.000000,0.000000,0.000000,0.000000,0.000000,0.000000,0.000000,0.000000,0.000000,0.000000,0.000000,0.000000,0.000000,0.000000,0.000000,0.000000,0.000000,0.000000,0.000000,0.000000,0.000000,0.000000,0.000000,0.000000,0.000000,0.000000,0.000000,0.000000,0.000000,0.000000,0.000000,0.000000,0.000000,0.000000,0.000000,0.000000
631,1694846650.287418,0,,,0.0000,0.0000,0.0000,0.0000,,4170.3020,3.3819,66.3318,180.7116,208.2597,173.4025,136.3522,89.5799,0.000000,0.544360,0.926569,-0.000000,0.474771,0.931472,-0.007886,0.423621,0.847040,-0.008572,0.412968,0.744377,-0.006207,0.431650,0.695830,-0.003482,0.455624,0.737005,-0.017424,0.437981,0.621590,-0.018367,0.430337,0.557337,-0.017789,0.426234,0.505556,-0.019156,0.497666,0.707908,-0.011640,0.464362,0.670640,-0.011595,0.459487,0.715360,-0.002576,0.468617,0.753537,0.004093,0.529745,0.706365,-0.005574,0.492999,0.692212,-0.007510,0.488419,0.729186,-0.000593,0.497118,0.764400,0.004250,0.554047,0.714240,0.000211,0.523119,0.709103,-0.001054,0.519344,0.740214,0.002425,0.526972,0.768795,0.005805
632,1694846650.295751,0,,,0.0000,0.0000,0.0000,0.0000,27.3022,5008.9384,2.8586,76.1489,187.1063,214.1316,179.1571,142.4591,96.0407,0.000000,0.546809,0.926859,-0.000000,0.476855,0.930082,-0.008460,0.425464,0.845030,-0.009213,0.415327,0.741847,-0.006512,0.434014,0.692989,-0.003306,0.459185,0.737289,-0.018565,0.441754,0.621093,-0.020234,0.434662,0.556795,-0.020480,0.430941,0.503973,-0.022504,0.501342,0.708296,-0.012423,0.467668,0.665941,-0.012080,0.462289,0.710666,-0.002778,0.471014,0.748834,0.003740,0.533113,0.706263,-0.006124,0.496153,0.686227,-0.007986,0.490961,0.723607,-0.000532,0.499205,0.760113,0.004465,0.557384,0.713765,-0.000201,0.526832,0.704927,-0.002042,0.522684,0.735705,0.001255,0.529884,0.765224,0.004426
633,1694846650.304085,0,,,0.0000,0.0000,0.0000,0.0000,22.2132,4117.6228,2.6462,76.0448,192.4826,218.4391,182.6641,145.1973,98.1185,0.000000,0.548108,0.924911,-0.000000,0.478463,0.928924,-0.007402,0.427881,0.843194,-0.007419,0.418496,0.741119,-0.003617,0.439029,0.695027,0.000609,0.462168,0.737852,-0.020490,0.444483,0.618454,-0.021467,0.438388,0.553519,-0.020455,0.435488,0.501644,-0.021119,0.504502,0.707702,-0.013724,0.470113,0.663524,-0.011373,0.463987,0.706959,-0.000331,0.471770,0.746846,0.007391,0.536013,0.704883,-0.006501,0.497409,0.686488,-0.006369,0.491742,0.722651,0.000593,0.499050,0.759795,0.005074,0.559702,0.711338,0.000598,0.527384,0.705668,0.000991,0.522728,0.735348,0.004303,0.528592,0.765241,0.007179
634,1694846650.312418,0,,,0.0000,0.0000,0.0000,0.0000,,,,,,,,,,,0.000000,0.000000,0.000000,0.000000,0.000000,0.000000,0.000000,0.000000,0.000000,0.000000,0.000000,0.000000,0.000000,0.000000,0.000000,0.000000,0.000000,0.000000,0.000000,0.000000,0.000000,0.000000,0.000000,0.000000,0.000000,0.000000,0.000000,0.000000,0.000000,0.000000,0.000000,0.000000,0.000000,0.000000,0.000000,0.000000,0.000000,0.000000,0.000000,0.000000,0.000000,0.000000,0.000000,0.000000,0.000000,0.000000,0.000000,0.000000,0.000000,0.000000,0.000000,0.000000,0.000000,0.000000,0.000000,0.000000,0.000000,0.000000,0.000000,0.000000,0.000000,0.000000,0.000000
635,1694846650.320751,0,,,0.0000,0.0000,0.0000,0.0000,,4099.7263,2.4863,76.9583,203.2594,225.1754,188.4950,150.5861,103.6296,0.000000,0.551576,0.923028,-0.000000,0.481717,0.926568,-0.005661,0.431384,0.839402,-0.005849,0.422749,0.735494,-0.002853,0.445022,0.688927,0.000145,0.465363,0.734509,-0.018331,0.450650,0.614376,-0.018206,0.445226,0.547977,-0.016795,0.442236,0.495512,-0.017258,0.507822,0.705236,-0.012296,0.474243,0.665753,-0.008790,0.467813,0.710201,0.002905,0.475584,0.750421,0.010934,0.539208,0.704417,-0.005617,0.501216,0.688174,-0.004359,0.495447,0.725250,0.003133,0.503360,0.762694,0.007738,0.563141,0.712244,0.001203,0.531069,0.704979,0.003566,0.526831,0.735966,0.008612,0.533719,0.766466,0.012441
636,1694846650.329085,0,,,0.0000,0.0000,0.0000,0.0000,68.0350,4346.1675,2.6141,81.0247,208.6618,229.6249,192.7837,154.6218,107.7984,0.000000,0.549610,0.912216,-0.000000,0.482773,0.921510,-0.008275,0.431757,0.838952,-0.010500,0.423172,0.735676,-0.009095,0.445441,0.686680,-0.007684,0.465789,0.738180,-0.022852,0.451266,0.618393,-0.027359,0.447053,0.548528,-0.029240,0.445666,0.494529,-0.031383,0.508431,0.706941,-0.017131,0.476288,0.665329,-0.018554,0.470235,0.706941,-0.008678,0.478631,0.744044,-0.000924,0.539376,0.704284,-0.011209,0.503502,0.688516,-0.014195,0.498762,0.722539,-0.007470,0.507291,0.755518,-0.002242,0.562572,0.710241,-0.005291,0.530265,0.705250,-0.005962,0.527450,0.734428,-0.001295,0.535051,0.760879,0.002970
637,1694846650.337418,0,,,0.0000,0.0000,0.0000,0.0000,,,,,,,,,,,0.000000,0.000000,0.000000,0.000000,0.000000,0.000000,0.000000,0.000000,0.000000,0.000000,0.000000,0.000000,0.000000,0.000000,0.000000,0.000000,0.000000,0.000000,0.000000,0.000000,0.000000,0.000000,0.000000,0.000000,0.000000,0.000000,0.000000,0.000000,0.000000,0.000000,0.000000,0.000000,0.000000,0.000000,0.000000,0.000000,0.000000,0.000000,0.000000,0.000000,0.000000,0.000000,0.000000,0.000000,0.000000,0.000000,0.000000,0.000000,0.000000,0.000000,0.000000,0.000000,0.000000,0.000000,0.000000,0.000000,0.000000,0.000000,0.000000,0.000000,0.000000,0.000000,0.000000
638,1694846650.345751,0,,,0.0000,0.0000,0.0000,0.0000,,4970.2236,1.4197,80.3349,211.1938,229.2030,191.2794,153.4776,107.0941,0.000000,0.550327,0.921139,-0.000000,0.481447,0.922529,-0.007033,0.431691,0.835437,-0.008283,0.423477,0.730080,-0.005705,0.444307,0.679543,-0.003012,0.467669,0.735590,-0.023546,0.452390,0.611393,-0.025405,0.448615,0.541454,-0.024579,0.447256,0.487449,-0.025009,0.510246,0.705699,-0.017062,0.475618,0.656695,-0.015636,0.467320,0.698196,-0.004012,0.473341,0.739138,0.004524,0.541039,0.703336,-0.009832,0.501754,0.681045,-0.010392,0.494461,0.714780,-0.003251,0.500707,0.750567,0.001739,0.563977,0.708836,-0.002403,0.528911,0.700872,-0.001506,0.523089,0.729839,0.002786,0.528474,0.758258,0.006439
639,1694846650.354085,0,,,0.0000,0.0000,0.0000,0.0000,,,,,,,,,,,0.000000,0.000000,0.000000,0.000000,0.000000,0.000000,0.000000,0.000000,0.000000,0.000000,0.000000,0.000000,0.000000,0.000000,0.000000,0.000000,0.000000,0.000000,0.000000,0.000000,0.000000,0.000000,0.000000,0.000000,0.000000,0.000000,0.000000,0.000000,0.000000,0.000000,0.000000,0.000000,0.000000,0.000000,0.000000,0.000000,0.000000,0.000000,0.000000,0.000000,0.000000,0.000000,0.000000,0.000000,0.000000,0.000000,0.000000,0.000000,0.000000,0.000000,0.000000,0.000000,0.000000,0.000000,0.000000,0.000000,0.000000,0.000000,0.000000,0.000000,0.000000,0.000000,0.000000
640,1694846650.362418,0,,,0.0000,0.0000,0.0000,0.0000,,,,,,,,,,,0.000000,0.000000,0.000000,0.000000,0.000000,0.000000,0.000000,0.000000,0.000000,0.000000,0.000000,0.000000,0.000000,0.000000,0.000000,0.000000,0.000000,0.000000,0.000000,0.000000,0.000000,0.000000,0.000000,0.000000,0.000000,0.000000,0.000000,0.000000,0.000000,0.000000,0.000000,0.000000,0.000000,0.000000,0.000000,0.000000,0.000000,0.000000,0.000000,0.000000,0.000000,0.000000,0.000000,0.000000,0.000000,0.000000,0.000000,0.000000,0.000000,0.000000,0.000000,0.000000,0.000000,0.000000,0.000000,0.000000,0.000000,0.000000,0.000000,0.000000,0.000000,0.000000,0.000000
641,1694846650.370751,0,,,0.0000,0.0000,0.0000,0.0000,,,,,,,,,,,0.000000,0.000000,0.000000,0.000000,0.000000,0.000000,0.000000,0.000000,0.000000,0.000000,0.000000,0.000000,0.000000,0.000000,0.000000,0.000000,0.000000,0.000000,0.000000,0.000000,0.000000,0.000000,0.000000,0.000000,0.000000,0.000000,0.000000,0.000000,0.000000,0.000000,0.000000,0.000000,0.000000,0.000000,0.000000,0.000000,0.000000,0.000000,0.000000,0.000000,0.000000,0.000000,0.000000,0.000000,0.000000,0.000000,0.000000,0.000000,0.000000,0.000000,0.000000,0.000000,0.000000,0.000000,0.000000,0.000000,0.000000,0.000000,0.000000,0.000000,0.000000,0.000000,0.000000
642,1694846650.379085,0,,,0.0000,0.0000,0.0000,0.0000,,,,,,,,,,,0.000000,0.000000,0.000000,0.000000,0.000000,0.000000,0.000000,0.000000,0.000000,0.000000,0.000000,0.000000,0.000000,0.000000,0.000000,0.000000,0.000000,0.000000,0.000000,0.000000,0.000000,0.000000,0.000000,0.000000,0.000000,0.000000,0.000000,0.000000,0.000000,0.000000,0.000000,0.000000,0.000000,0.000000,0.000000,0.000000,0.000000,0.000000,0.000000,0.000000,0.000000,0.000000,0.000000,0.000000,0.000000,0.000000,0.000000,0.000000,0.000000,0.000000,0.000000,0.000000,0.000000,0.000000,0.000000,0.000000,0.000000,0.000000,0.000000,0.000000,0.000000,0.000000,0.000000
643,1694846650.387418,0,,,0.0000,0.0000,0.0000,0.0000,,3958.5416,3.1512,83.9915,207.1827,217.2851,179.6920,141.6254,95.0363,0.000000,0.545415,0.911067,-0.000000,0.476242,0.920814,-0.011510,0.423381,0.830666,-0.014427,0.415447,0.724097,-0.012903,0.438561,0.674621,-0.011392,0.460423,0.731978,-0.026388,0.445098,0.606067,-0.032983,0.440280,0.533629,-0.036665,0.438632,0.475915,-0.040669,0.503886,0.698921,-0.019437,0.465728,0.649033,-0.021944,0.458482,0.694636,-0.011771,0.467661,0.732654,-0.004455,0.534810,0.694249,-0.012842,0.493443,0.670284,-0.016635,0.487938,0.708621,-0.008026,0.497500,0.744464,-0.002121,0.557536,0.699215,-0.006872,0.522039,0.688924,-0.010399,0.518163,0.721114,-0.006613,0.525819,0.750058,-0.003024
644,1694846650.395751,0,,,0.0000,0.0000,0.0000,0.0000,54.6302,4035.3657,3.1916,85.5941,204.1430,213.2348,175.0592,136.5293,89.6563,0.000000,0.543857,0.913051,-0.000000,0.473549,0.921773,-0.008476,0.420558,0.833188,-0.011463,0.411973,0.724427,-0.010632,0.436083,0.673681,-0.010085,0.456408,0.732913,-0.026234,0.441183,0.604727,-0.030285,0.436866,0.531060,-0.031331,0.435106,0.473887,-0.033103,0.499964,0.699340,-0.020142,0.464338,0.649436,-0.020978,0.456251,0.693423,-0.009377,0.463521,0.734470,-0.000517,0.531381,0.695211,-0.013590,0.491822,0.672673,-0.015758,0.485767,0.709699,-0.007826,0.494061,0.746038,-0.001984,0.554377,0.699182,-0.007017,0.519120,0.689454,-0.007081,0.514814,0.720501,-0.002160,0.522267,0.748367,0.002085
645,1694846650.404085,0,,,0.0000,0.0000,0.0000,0.0000,16.1322,3788.6772,3.0557,85.7994,199.0625,206.7410,169.8845,132.0320,85.7289,0.000000,0.542661,0.913023,-0.000000,0.471514,0.922027,-0.008145,0.417934,0.836698,-0.010866,0.407911,0.727379,-0.010060,0.430199,0.674388,-0.009287,0.453481,0.732139,-0.025252,0.437027,0.605649,-0.029868,0.432213,0.531167,-0.031496,0.429883,0.473487,-0.033748,0.496705,0.698596,-0.019772,0.460485,0.652218,-0.021686,0.453542,0.694649,-0.011007,0.461456,0.734071,-0.002856,0.528253,0.693730,-0.013829,0.488646,0.672757,-0.016858,0.482566,0.707408,-0.008431,0.490525,0.743416,-0.002224,0.551393,0.697682,-0.007985,0.515932,0.688302,-0.008727,0.511175,0.718845,-0.003346,0.518065,0.747227,0.001434
646,1694846650.412418,0,,,0.0000,0.0000,0.0000,0.0000,,,,,,,,,,,0.000000,0.000000,0.000000,0.000000,0.000000,0.000000,0.000000,0.000000,0.000000,0.000000,0.000000,0.000000,0.000000,0.000000,0.000000,0.000000,0.000000,0.000000,0.000000,0.000000,0.000000,0.000000,0.000000,0.000000,0.000000,0.000000,0.000000,0.000000,0.000000,0.000000,0.000000,0.000000,0.000000,0.000000,0.000000,0.000000,0.000000,0.000000,0.000000,0.000000,0.000000,0.000000,0.000000,0.000000,0.000000,0.000000,0.000000,0.000000,0.000000,0.000000,0.000000,0.000000,0.000000,0.000000,0.000000,0.000000,0.000000,0.000000,0.000000,0.000000,0.000000,0.000000,0.000000
647,1694846650.420751,0,,,0.0000,0.0000,0.0000,0.0000,,4125.8301,2.5973,100.4699,185.3824,197.3080,161.7246,124.3601,77.7721,0.000000,0.535890,0.907286,-0.000000,0.465272,0.921198,-0.008843,0.411376,0.834968,-0.010826,0.401022,0.726513,-0.008365,0.422543,0.671873,-0.005779,0.445602,0.736644,-0.026649,0.428690,0.611877,-0.032855,0.423146,0.537447,-0.036152,0.420522,0.479370,-0.039219,0.488504,0.698924,-0.020127,0.451456,0.650153,-0.020909,0.444846,0.694991,-0.009086,0.454096,0.732169,-0.000404,0.519350,0.690842,-0.013490,0.479625,0.666638,-0.016123,0.473513,0.704232,-0.007575,0.483115,0.738702,-0.001303,0.543023,0.691584,-0.006924,0.507650,0.680016,-0.007628,0.502879,0.710247,-0.002399,0.510592,0.738479,0.002178
648,1694846650.429085,0,,,0.0000,0.0000,0.0000,0.0000,31.8988,4112.6634,2.7152,82.8040,182.9233,188.8100,152.6847,115.3075,68.8580,0.000000,0.533101,0.909837,-0.000000,0.461693,0.920335,-0.008796,0.408678,0.838323,-0.011127,0.397978,0.732005,-0.010051,0.416126,0.675452,-0.009127,0.443145,0.729384,-0.024284,0.426310,0.604332,-0.028548,0.420504,0.528390,-0.030250,0.417096,0.470432,-0.032643,0.485346,0.695747,-0.019162,0.448071,0.652164,-0.022541,0.440673,0.693162,-0.014139,0.448887,0.732076,-0.007380,0.516714,0.689414,-0.013528,0.474981,0.667779,-0.018372,0.468714,0.703290,-0.010923,0.477727,0.740157,-0.004871,0.540054,0.691849,-0.008054,0.501927,0.680077,-0.011941,0.495664,0.711965,-0.007753,0.503123,0.741576,-0.002999
649,1694846650.437418,0,,,0.0000,0.0000,0.0000,0.0000,40.6445,3613.7441,3.4431,81.1914,172.3958,180.6213,145.9526,109.1630,62.4769,0.000000,0.530307,0.914018,-0.000000,0.458480,0.923001,-0.008589,0.404116,0.841013,-0.011124,0.392413,0.732634,-0.009800,0.410051,0.674098,-0.008259,0.439666,0.739038,-0.027856,0.420595,0.609371,-0.033921,0.414123,0.533868,-0.036033,0.409473,0.475134,-0.038572,0.482708,0.701417,-0.022055,0.440712,0.653478,-0.024724,0.434183,0.696804,-0.014098,0.443166,0.734808,-0.006424,0.513354,0.692067,-0.015742,0.469169,0.667627,-0.019673,0.462743,0.702655,-0.010377,0.471331,0.738678,-0.003802,0.535785,0.692685,-0.009574,0.496612,0.680106,-0.011841,0.490369,0.710512,-0.006644,0.496952,0.740024,-0.001935
650,1694846650.445751,0,,,0.0000,0.0000,0.0000,0.0000,41.7704,3894.5966,3.7481,81.8318,165.4883,175.3088,140.7998,104.1891,58.1416,0.000000,0.526485,0.912276,-0.000000,0.454385,0.923332,-0.009024,0.400369,0.841836,-0.011370,0.388585,0.734075,-0.010582,0.404536,0.675829,-0.009654,0.433595,0.730542,-0.022220,0.414522,0.607314,-0.026521,0.407803,0.532911,-0.028411,0.403439,0.475906,-0.031164,0.476159,0.695852,-0.017361,0.437249,0.657444,-0.021110,0.430963,0.701125,-0.012929,0.440382,0.739315,-0.006440,0.507869,0.689730,-0.012310,0.466439,0.671756,-0.017289,0.460786,0.707223,-0.009572,0.470029,0.743004,-0.003615,0.531742,0.693082,-0.007595,0.495055,0.684029,-0.010941,0.488809,0.715779,-0.006483,0.495713,0.744541,-0.001847
651,1694846650.454085,0,,,0.0000,0.0000,0.0000,0.0000,8.8929,3807.3779,2.3169,102.2122,151.0542,167.6054,135.8014,101.0143,57.0219,0.000000,0.522572,0.910539,-0.000000,0.450909,0.924412,-0.007816,0.396361,0.844848,-0.009643,0.383144,0.737521,-0.008134,0.399161,0.679273,-0.006469,0.425433,0.732295,-0.022030,0.406220,0.611697,-0.026484,0.398816,0.538269,-0.028616,0.393976,0.481991,-0.031315,0.467706,0.696226,-0.016974,0.430632,0.655734,-0.018727,0.424789,0.699363,-0.008913,0.434081,0.738673,-0.001504,0.499796,0.689746,-0.011704,0.460067,0.671712,-0.015361,0.454570,0.707633,-0.007554,0.463802,0.743619,-0.001747,0.524598,0.692895,-0.006534,0.488962,0.684897,-0.008449,0.483272,0.715956,-0.003752,0.490336,0.744237,0.000674
652,1694846650.462418,1,,,0.0000,0.0000,0.0000,0.0000,21.5352,4076.4799,2.6669,120.3333,138.4091,157.5461,127.7284,95.3669,55.4146,0.000000,0.519302,0.911956,-0.000000,0.447378,0.928285,-0.006308,0.392564,0.849967,-0.006920,0.378068,0.743333,-0.004243,0.390350,0.683686,-0.001410,0.419514,0.735271,-0.020851,0.398646,0.613286,-0.024197,0.390222,0.540172,-0.024894,0.384523,0.484362,-0.026252,0.461738,0.698162,-0.015492,0.422603,0.660129,-0.015583,0.417085,0.704245,-0.004726,0.426862,0.743500,0.003197,0.493422,0.691053,-0.009732,0.452308,0.675045,-0.012306,0.447198,0.711231,-0.004482,0.456575,0.747367,0.001118,0.517660,0.692917,-0.003789,0.480885,0.687699,-0.003907,0.476499,0.719286,0.001492,0.484161,0.747837,0.006100
653,1694846650.470751,1,-23.8808,-23.8808,-12.9538,0.0000,26.0623,414.6786,32.4689,3898.7096,2.4915,132.6350,128.7069,149.7613,123.2902,93.6293,58.2662,0.000000,0.513559,0.904279,-0.000000,0.443646,0.928378,-0.009084,0.387224,0.849382,-0.011177,0.372417,0.745734,-0.010310,0.386619,0.687982,-0.009585,0.413609,0.737278,-0.020148,0.389844,0.623476,-0.025733,0.380071,0.551042,-0.029492,0.374571,0.493663,-0.033425,0.455157,0.697714,-0.015894,0.415971,0.665248,-0.020689,0.412000,0.711882,-0.013145,0.424564,0.746987,-0.006526,0.486837,0.688558,-0.011854,0.445779,0.676046,-0.018077,0.441190,0.714668,-0.010791,0.453336,0.746594,-0.004586,0.510301,0.689734,-0.008135,0.473063,0.684245,-0.012285,0.469188,0.717313,-0.007567,0.479624,0.743078,-0.002557
654,1694846650.479085,1,26.8955,26.8955,-0.7339,12.2199,25.8214,57.2079,21.2929,3919.3165,2.4356,138.2677,110.8283,146.2348,120.8806,92.9440,63.8568,0.000000,0.508711,0.903071,-0.000000,0.439003,0.927990,-0.009121,0.382145,0.854446,-0.010033,0.366886,0.752482,-0.007171,0.380186,0.694314,-0.003991,0.408950,0.741111,-0.021996,0.382908,0.626379,-0.028253,0.371608,0.554292,-0.032351,0.364802,0.497417,-0.036358,0.450666,0.700988,-0.016696,0.409284,0.667063,-0.020083,0.405059,0.712282,-0.011758,0.417623,0.745364,-0.005570,0.481258,0.690293,-0.011568,0.439091,0.674796,-0.017224,0.433952,0.710873,-0.009297,0.445825,0.742269,-0.003317,0.503840,0.690847,-0.006761,0.466594,0.683310,-0.011054,0.463416,0.714912,-0.006074,0.474097,0.742064,-0.001144
655,1694846650.487418,1,23.4307,23.4307,13.4646,14.1985,24.2873,393.7177,8.0338,5467.5323,2.6074,148.3457,105.0246,138.2107,116.1334,91.3459,66.1303,0.000000,0.505748,0.905166,-0.000000,0.433839,0.932394,-0.009625,0.375530,0.861303,-0.011261,0.357332,0.759324,-0.009703,0.368688,0.700278,-0.007631,0.399724,0.742303,-0.019391,0.374017,0.624272,-0.026131,0.363375,0.554236,-0.030272,0.356902,0.496970,-0.034407,0.441265,0.701234,-0.013718,0.398511,0.674119,-0.017582,0.396204,0.720890,-0.009608,0.410448,0.750194,-0.003731,0.472140,0.690456,-0.008557,0.428962,0.679610,-0.014223,0.425539,0.717066,-0.006135,0.438593,0.746162,-0.000190,0.495532,0.691062,-0.003947,0.458414,0.687117,-0.008020,0.455612,0.719645,-0.003520,0.466165,0.746590,0.001047
656,1694846650.495751,1,22.5720,22.5720,9.6919,-3.7727,21.9043,371.0960,6.2615,5280.8930,1.6413,142.3549,94.6300,132.6584,116.0783,96.7942,80.1051,0.000376,0.502114,0.913773,-0.000000,0.430397,0.939262,-0.010207,0.370569,0.863967,-0.011276,0.350619,0.760318,-0.009587,0.357487,0.700697,-0.007320,0.391812,0.743761,-0.017301,0.364675,0.628203,-0.023640,0.351440,0.559994,-0.027106,0.343098,0.504681,-0.030916,0.433110,0.703943,-0.012231,0.391576,0.677980,-0.018539,0.389407,0.725683,-0.012097,0.403559,0.756407,-0.006554,0.465049,0.693449,-0.007802,0.422828,0.683882,-0.016365,0.420077,0.721736,-0.008850,0.433111,0.751804,-0.002394,0.489440,0.694871,-0.003975,0.452237,0.690791,-0.010437,0.448796,0.724839,-0.006301,0.459527,0.752626,-0.001330
657,1694846650.504085,1,24.9703,24.9703,12.2128,2.5209,19.3950,2454.1005,12.0197,5554.6649,1.7284,135.8603,79.7182,132.1649,121.5085,107.9747,97.4767,0.003004,0.497062,0.915649,-0.000000,0.426535,0.939687,-0.008346,0.366370,0.869555,-0.009783,0.344245,0.770377,-0.009105,0.350947,0.708986,-0.007960,0.382529,0.749104,-0.016121,0.352623,0.636313,-0.023306,0.338267,0.569606,-0.027782,0.328598,0.516053,-0.032232,0.423136,0.706057,-0.012328,0.380986,0.675409,-0.018234,0.378831,0.719505,-0.012033,0.391894,0.750627,-0.006839,0.455487,0.693533,-0.009062,0.411927,0.681062,-0.016559,0.408632,0.715224,-0.008647,0.421054,0.745260,-0.002236,0.480232,0.694084,-0.006354,0.442547,0.688265,-0.012112,0.437866,0.719727,-0.007451,0.447499,0.748366,-0.002247
658,1694846650.512418,1,-25.3358,-25.3358,-13.0578,-25.2706,19.9754,1974.5067,10.2794,4247.5016,2.0436,135.4730,69.2997,132.2254,125.4277,115.6381,109.8572,0.004352,0.491951,0.910769,-0.000000,0.423551,0.943976,-0.008974,0.361244,0.879989,-0.009368,0.334934,0.786775,-0.007182,0.337379,0.726251,-0.004557,0.373567,0.753901,-0.016358,0.341047,0.643377,-0.023352,0.325873,0.574823,-0.028101,0.315934,0.519953,-0.032410,0.412745,0.708447,-0.011842,0.369147,0.677850,-0.016245,0.366932,0.720655,-0.009512,0.380511,0.751895,-0.003966,0.444780,0.694184,-0.007986,0.400052,0.683611,-0.014386,0.397331,0.718048,-0.006808,0.410355,0.746990,-0.000590,0.469578,0.693230,-0.004807,0.432767,0.689498,-0.009610,0.430034,0.721442,-0.004856,0.440956,0.750062,0.000335
659,1694846650.520751,1,28.1555,28.1555,1.1812,14.2390,20.1374,1604.7368,9.9076,5543.8435,2.5652,139.2353,63.3749,137.9338,134.3088,126.6125,121.8980,0.006939,0.483555,0.906526,-0.000000,0.415444,0.943605,-0.009007,0.354201,0.883059,-0.010026,0.328216,0.790907,-0.008331,0.327203,0.730174,-0.006435,0.365207,0.762082,-0.017703,0.330901,0.653167,-0.024730,0.316273,0.584986,-0.029140,0.307538,0.530814,-0.032790,0.402787,0.713827,-0.013201,0.357851,0.680440,-0.017458,0.355229,0.720559,-0.010947,0.368275,0.751937,-0.005389,0.433641,0.696610,-0.009141,0.387886,0.686565,-0.014970,0.385051,0.720009,-0.007561,0.397590,0.748751,-0.001510,0.457077,0.692715,-0.005656,0.419253,0.691021,-0.009468,0.416233,0.722398,-0.004275,0.426191,0.749693,0.001077
660,1694846650.529085,1,30.7124,30.7124,2.0351,0.8539,20.9585,1890.7721,7.7720,5579.5008,2.0381,135.2670,55.2831,144.4553,147.4164,144.0651,142.2824,0.011969,0.478194,0.906668,-0.000000,0.411464,0.946856,-0.008603,0.349386,0.888224,-0.009202,0.321020,0.797330,-0.007264,0.319055,0.737434,-0.005093,0.358357,0.768955,-0.016569,0.322038,0.662128,-0.023330,0.304165,0.594553,-0.027718,0.291942,0.540708,-0.031735,0.395122,0.718398,-0.012713,0.347549,0.686684,-0.017784,0.345736,0.730185,-0.011583,0.359831,0.760678,-0.006135,0.425298,0.698249,-0.009264,0.377720,0.686810,-0.015334,0.374240,0.722352,-0.007093,0.387247,0.750490,-0.000514,0.448320,0.692079,-0.006484,0.408686,0.689637,-0.010646,0.404960,0.720725,-0.005251,0.415689,0.747006,0.000235
661,1694846650.537418,1,44.2272,44.2272,4.8142,2.7791,23.8612,1832.3329,31.9605,6043.6217,2.0827,133.4576,52.5366,156.5917,164.9935,164.4188,163.4214,0.010577,0.476498,0.912962,-0.000000,0.409501,0.952843,-0.010417,0.347349,0.896317,-0.011420,0.317309,0.806917,-0.009013,0.310211,0.747619,-0.006162,0.353503,0.777401,-0.021026,0.313959,0.673141,-0.030066,0.292205,0.608392,-0.036334,0.275322,0.558792,-0.041457,0.389156,0.722965,-0.015891,0.337873,0.687690,-0.020047,0.335542,0.728059,-0.012481,0.348021,0.760345,-0.006522,0.418627,0.700914,-0.011428,0.368370,0.686839,-0.016536,0.365387,0.721309,-0.007417,0.377554,0.751548,-0.000695,0.441559,0.693963,-0.007894,0.401873,0.691575,-0.012490,0.396845,0.721483,-0.007750,0.405262,0.749021,-0.002875
662,1694846650.545751,0,44.8934,44.8934,17.5573,12.7431,25.8481,1757.3264,0.1350,8868.3996,1.8459,135.3897,58.5509,173.8594,184.2738,184.8297,185.0461,0.003204,0.469095,0.914648,-0.000000,0.405613,0.955924,-0.011996,0.344496,0.905233,-0.012878,0.313657,0.822454,-0.010110,0.303587,0.765369,-0.006549,0.347517,0.783769,-0.020452,0.306198,0.684824,-0.028627,0.282380,0.624358,-0.034116,0.263294,0.578240,-0.038239,0.381644,0.730019,-0.014542,0.330584,0.690138,-0.016561,0.317637,0.713309,-0.010569,0.317923,0.734587,-0.005953,0.410862,0.706547,-0.009376,0.361419,0.692881,-0.012418,0.351378,0.718290,-0.004445,0.355252,0.741575,0.001697,0.433768,0.698417,-0.005478,0.393423,0.694648,-0.008733,0.381654,0.718465,-0.004194,0.382195,0.742741,0.000894
663,1694846650.554085,0,52.3584,52.3584,6.0507,-11.5066,9.1768,2332.1141,21.0054,7080.4459,1.8940,118.0463,71.0152,186.5116,199.3380,201.4899,204.2892,0.000000,0.465109,0.919853,-0.000000,0.401301,0.959622,-0.010555,0.338405,0.913504,-0.012141,0.306285,0.830230,-0.010698,0.294111,0.772267,-0.008655,0.338909,0.793935,-0.020507,0.292354,0.700009,-0.030340,0.268277,0.638942,-0.037135,0.248758,0.593101,-0.042107,0.372328,0.736347,-0.015853,0.319511,0.697837,-0.019226,0.310267,0.722495,-0.013546,0.313411,0.747365,-0.009065,0.401737,0.709952,-0.011879,0.351446,0.700155,-0.016373,0.345830,0.728963,-0.008672,0.353914,0.756802,-0.002524,0.425355,0.699027,-0.008963,0.384207,0.697024,-0.013506,0.375187,0.723968,-0.009362,0.378450,0.750121,-0.004463
664,1694846650.562418,0,-51.5727,-51.5727,-20.5713,-26.6220,38.4866,2800.6482,1.4859,5871.6293,2.4438,83.6628,91.1346,198.3813,214.5525,219.4268,224.2140,0.000000,0.459368,0.920183,-0.000000,0.395485,0.961777,-0.011167,0.330802,0.917616,-0.013656,0.298434,0.830280,-0.012786,0.292618,0.771238,-0.011217,0.332394,0.797059,-0.022880,0.279886,0.704563,-0.031599,0.253987,0.648187,-0.035993,0.234131,0.605414,-0.039229,0.365429,0.739408,-0.017136,0.313675,0.704713,-0.022096,0.311796,0.738282,-0.015304,0.322422,0.769259,-0.009091,0.394178,0.712321,-0.011783,0.345383,0.704680,-0.019177,0.342999,0.737036,-0.012889,0.354227,0.767746,-0.006680,0.417285,0.699367,-0.006954,0.375893,0.701802,-0.013401,0.369812,0.731518,-0.010383,0.376157,0.758356,-0.005797
665,1694846650.570751,0,-54.5752,-54.5752,-24.7006,-4.1293,49.1963,3064.3762,7.9962,4956.9650,2.4361,61.1173,98.6740,207.4475,224.9878,230.7200,236.1984,0.000000,0.455465,0.924504,-0.000000,0.390834,0.969715,-0.009359,0.326934,0.929652,-0.011726,0.294323,0.848290,-0.011455,0.286930,0.789467,-0.010771,0.323388,0.806387,-0.019599,0.271972,0.716247,-0.028902,0.245549,0.657844,-0.034635,0.225775,0.613323,-0.038798,0.356687,0.748221,-0.015052,0.308939,0.714591,-0.018871,0.309965,0.751206,-0.011745,0.323614,0.784394,-0.005929,0.387844,0.721457,-0.011118,0.341875,0.707440,-0.018586,0.342197,0.741783,-0.011608,0.356281,0.773890,-0.005192,0.413851,0.707597,-0.007576,0.374998,0.700894,-0.013538,0.372372,0.732262,-0.008982,0.383137,0.761426,-0.003625
666,1694846650.579085,0,,,0.0000,0.0000,0.0000,0.0000,11.8007,6133.2503,4.0930,60.8526,112.9558,213.9966,233.4917,241.2740,248.2825,0.000000,0.451889,0.929303,-0.000000,0.385426,0.972928,-0.006485,0.321443,0.934108,-0.007934,0.288151,0.853013,-0.007076,0.282322,0.794971,-0.005865,0.316495,0.810048,-0.018826,0.262080,0.717891,-0.027128,0.235942,0.659611,-0.031773,0.216740,0.613572,-0.035046,0.349119,0.753106,-0.014451,0.302223,0.723840,-0.016224,0.303750,0.762740,-0.007386,0.317526,0.797210,-0.000605,0.380541,0.728643,-0.010249,0.335897,0.723188,-0.015928,0.337928,0.758034,-0.008725,0.353316,0.790209,-0.002338,0.407389,0.717386,-0.006044,0.369533,0.717521,-0.009794,0.368253,0.750203,-0.004451,0.379942,0.779986,0.001263
667,1694846650.587418,0,,,0.0000,0.0000,0.0000,0.0000,,,,,,,,,,,0.000000,0.000000,0.000000,0.000000,0.000000,0.000000,0.000000,0.000000,0.000000,0.000000,0.000000,0.000000,0.000000,0.000000,0.000000,0.000000,0.000000,0.000000,0.000000,0.000000,0.000000,0.000000,0.000000,0.000000,0.000000,0.000000,0.000000,0.000000,0.000000,0.000000,0.000000,0.000000,0.000000,0.000000,0.000000,0.000000,0.000000,0.000000,0.000000,0.000000,0.000000,0.000000,0.000000,0.000000,0.000000,0.000000,0.000000,0.000000,0.000000,0.000000,0.000000,0.000000,0.000000,0.000000,0.000000,0.000000,0.000000,0.000000,0.000000,0.000000,0.000000,0.000000,0.000000
668,1694846650.595751,0,,,0.0000,0.0000,0.0000,0.0000,,,,,,,,,,,0.000000,0.000000,0.000000,0.000000,0.000000,0.000000,0.000000,0.000000,0.000000,0.000000,0.000000,0.000000,0.000000,0.000000,0.000000,0.000000,0.000000,0.000000,0.000000,0.000000,0.000000,0.000000,0.000000,0.000000,0.000000,0.000000,0.000000,0.000000,0.000000,0.000000,0.000000,0.000000,0.000000,0.000000,0.000000,0.000000,0.000000,0.000000,0.000000,0.000000,0.000000,0.000000,0.000000,0.000000,0.000000,0.000000,0.000000,0.000000,0.000000,0.000000,0.000000,0.000000,0.000000,0.000000,0.000000,0.000000,0.000000,0.000000,0.000000,0.000000,0.000000,0.000000,0.000000
669,1694846650.604085,0,,,0.0000,0.0000,0.0000,0.0000,,,,,,,,,,,0.000000,0.000000,0.000000,0.000000,0.000000,0.000000,0.000000,0.000000,0.000000,0.000000,0.000000,0.000000,0.000000,0.000000,0.000000,0.000000,0.000000,0.000000,0.000000,0.000000,0.000000,0.000000,0.000000,0.000000,0.000000,0.000000,0.000000,0.000000,0.000000,0.000000,0.000000,0.000000,0.000000,0.000000,0.000000,0.000000,0.000000,0.000000,0.000000,0.000000,0.000000,0.000000,0.000000,0.000000,0.000000,0.000000,0.000000,0.000000,0.000000,0.000000,0.000000,0.000000,0.000000,0.000000,0.000000,0.000000,0.000000,0.000000,0.000000,0.000000,0.000000,0.000000,0.000000
670,1694846650.612418,0,,,0.0000,0.0000,0.0000,0.0000,,,,,,,,,,,0.000000,0.000000,0.000000,0.000000,0.000000,0.000000,0.000000,0.000000,0.000000,0.000000,0.000000,0.000000,0.000000,0.000000,0.000000,0.000000,0.000000,0.000000,0.000000,0.000000,0.000000,0.000000,0.000000,0.000000,0.000000,0.000000,0.000000,0.000000,0.000000,0.000000,0.000000,0.000000,0.000000,0.000000,0.000000,0.000000,0.000000,0.000000,0.000000,0.000000,0.000000,0.000000,0.000000,0.000000,0.000000,0.000000,0.000000,0.000000,0.000000,0.000000,0.000000,0.000000,0.000000,0.000000,0.000000,0.000000,0.000000,0.000000,0.000000,0.000000,0.000000,0.000000,0.000000
671,1694846650.620751,0,,,0.0000,0.0000,0.0000,0.0000,,,,,,,,,,,0.000000,0.000000,0.000000,0.000000,0.000000,0.000000,0.000000,0.000000,0.000000,0.000000,0.000000,0.000000,0.000000,0.000000,0.000000,0.000000,0.000000,0.000000,0.000000,0.000000,0.000000,0.000000,0.000000,0.000000,0.000000,0.000000,0.000000,0.000000,0.000000,0.000000,0.000000,0.000000,0.000000,0.000000,0.000000,0.000000,0.000000,0.000000,0.000000,0.000000,0.000000,0.000000,0.000000,0.000000,0.000000,0.000000,0.000000,0.000000,0.000000,0.000000,0.000000,0.000000,0.000000,0.000000,0.000000,0.000000,0.000000,0.000000,0.000000,0.000000,0.000000,0.000000,0.000000
672,1694846650.629085,0,,,0.0000,0.0000,0.0000,0.0000,,,,,,,,,,,0.000000,0.000000,0.000000,0.000000,0.000000,0.000000,0.000000,0.000000,0.000000,0.000000,0.000000,0.000000,0.000000,0.000000,0.000000,0.000000,0.000000,0.000000,0.000000,0.000000,0.000000,0.000000,0.000000,0.000000,0.000000,0.000000,0.000000,0.000000,0.000000,0.000000,0.000000,0.000000,0.000000,0.000000,0.000000,0.000000,0.000000,0.000000,0.000000,0.000000,0.000000,0.000000,0.000000,0.000000,0.000000,0.000000,0.000000,0.000000,0.000000,0.000000,0.000000,0.000000,0.000000,0.000000,0.000000,0.000000,0.000000,0.000000,0.000000,0.000000,0.000000,0.000000,0.000000
673,1694846650.637418,0,,,0.0000,0.0000,0.0000,0.0000,,,,,,,,,,,0.000000,0.000000,0.000000,0.000000,0.000000,0.000000,0.000000,0.000000,0.000000,0.000000,0.000000,0.000000,0.000000,0.000000,0.000000,0.000000,0.000000,0.000000,0.000000,0.000000,0.000000,0.000000,0.000000,0.000000,0.000000,0.000000,0.000000,0.000000,0.000000,0.000000,0.000000,0.000000,0.000000,0.000000,0.000000,0.000000,0.000000,0.000000,0.000000,0.000000,0.000000,0.000000,0.000000,0.000000,0.000000,0.000000,0.000000,0.000000,0.000000,0.000000,0.000000,0.000000,0.000000,0.000000,0.000000,0.000000,0.000000,0.000000,0.000000,0.000000,0.000000,0.000000,0.000000
674,1694846650.645751,0,,,0.0000,0.0000,0.0000,0.0000,,,,,,,,,,,0.000000,0.000000,0.000000,0.000000,0.000000,0.000000,0.000000,0.000000,0.000000,0.000000,0.000000,0.000000,0.000000,0.000000,0.000000,0.000000,0.000000,0.000000,0.000000,0.000000,0.000000,0.000000,0.000000,0.000000,0.000000,0.000000,0.000000,0.000000,0.000000,0.000000,0.000000,0.000000,0.000000,0.000000,0.000000,0.000000,0.000000,0.000000,0.000000,0.000000,0.000000,0.000000,0.000000,0.000000,0.000000,0.000000,0.000000,0.000000,0.000000,0.000000,0.000000,0.000000,0.000000,0.000000,0.000000,0.000000,0.000000,0.000000,0.000000,0.000000,0.000000,0.000000,0.000000
675,1694846650.654085,0,,,0.0000,0.0000,0.0000,0.0000,,,,,,,,,,,0.000000,0.000000,0.000000,0.000000,0.000000,0.000000,0.000000,0.000000,0.000000,0.000000,0.000000,0.000000,0.000000,0.000000,0.000000,0.000000,0.000000,0.000000,0.000000,0.000000,0.000000,0.000000,0.000000,0.000000,0.000000,0.000000,0.000000,0.000000,0.000000,0.000000,0.000000,0.000000,0.000000,0.000000,0.000000,0.000000,0.000000,0.000000,0.000000,0.000000,0.000000,0.000000,0.000000,0.000000,0.000000,0.000000,0.000000,0.000000,0.000000,0.000000,0.000000,0.000000,0.000000,0.000000,0.000000,0.000000,0.000000,0.000000,0.000000,0.000000,0.000000,0.000000,0.000000
676,1694846650.662418,0,,,0.0000,0.0000,0.0000,0.0000,,,,,,,,,,,0.000000,0.000000,0.000000,0.000000,0.000000,0.000000,0.000000,0.000000,0.000000,0.000000,0.000000,0.000000,0.000000,0.000000,0.000000,0.000000,0.000000,0.000000,0.000000,0.000000,0.000000,0.000000,0.000000,0.000000,0.000000,0.000000,0.000000,0.000000,0.000000,0.000000,0.000000,0.000000,0.000000,0.000000,0.000000,0.000000,0.000000,0.000000,0.000000,0.000000,0.000000,0.000000,0.000000,0.000000,0.000000,0.000000,0.000000,0.000000,0.000000,0.000000,0.000000,0.000000,0.000000,0.000000,0.000000,0.000000,0.000000,0.000000,0.000000,0.000000,0.000000,0.000000,0.000000
677,1694846650.670751,0,,,0.0000,0.0000,0.0000,0.0000,,,,,,,,,,,0.000000,0.000000,0.000000,0.000000,0.000000,0.000000,0.000000,0.000000,0.000000,0.000000,0.000000,0.000000,0.000000,0.000000,0.000000,0.000000,0.000000,0.000000,0.000000,0.000000,0.000000,0.000000,0.000000,0.000000,0.000000,0.000000,0.000000,0.000000,0.000000,0.000000,0.000000,0.000000,0.000000,0.000000,0.000000,0.000000,0.000000,0.000000,0.000000,0.000000,0.000000,0.000000,0.000000,0.000000,0.000000,0.000000,0.000000,0.000000,0.000000,0.000000,0.000000,0.000000,0.000000,0.000000,0.000000,0.000000,0.000000,0.000000,0.000000,0.000000,0.000000,0.000000,0.000000
678,1694846650.679085,0,,,0.0000,0.0000,0.0000,0.0000,,,,,,,,,,,0.000000,0.000000,0.000000,0.000000,0.000000,0.000000,0.000000,0.000000,0.000000,0.000000,0.000000,0.000000,0.000000,0.000000,0.000000,0.000000,0.000000,0.000000,0.000000,0.000000,0.000000,0.000000,0.000000,0.000000,0.000000,0.000000,0.000000,0.000000,0.000000,0.000000,0.000000,0.000000,0.000000,0.000000,0.000000,0.000000,0.000000,0.000000,0.000000,0.000000,0.000000,0.000000,0.000000,0.000000,0.000000,0.000000,0.000000,0.000000,0.000000,0.000000,0.000000,0.000000,0.000000,0.000000,0.000000,0.000000,0.000000,0.000000,0.000000,0.000000,0.000000,0.000000,0.000000
679,1694846650.687418,0,,,0.0000,0.0000,0.0000,0.0000,,,,,,,,,,,0.000000,0.000000,0.000000,0.000000,0.000000,0.000000,0.000000,0.000000,0.000000,0.000000,0.000000,0.000000,0.000000,0.000000,0.000000,0.000000,0.000000,0.000000,0.000000,0.000000,0.000000,0.000000,0.000000,0.000000,0.000000,0.000000,0.000000,0.000000,0.000000,0.000000,0.000000,0.000000,0.000000,0.000000,0.000000,0.000000,0.000000,0.000000,0.000000,0.000000,0.000000,0.000000,0.000000,0.000000,0.000000,0.000000,0.000000,0.000000,0.000000,0.000000,0.000000,0.000000,0.000000,0.000000,0.000000,0.000000,0.000000,0.000000,0.000000,0.000000,0.000000,0.000000,0.000000
680,1694846650.695751,0,,,0.0000,0.0000,0.0000,0.0000,,,,,,,,,,,0.000000,0.000000,0.000000,0.000000,0.000000,0.000000,0.000000,0.000000,0.000000,0.000000,0.000000,0.000000,0.000000,0.000000,0.000000,0.000000,0.000000,0.000000,0.000000,0.000000,0.000000,0.000000,0.000000,0.000000,0.000000,0.000000,0.000000,0.000000,0.000000,0.000000,0.000000,0.000000,0.000000,0.000000,0.000000,0.000000,0.000000,0.000000,0.000000,0.000000,0.000000,0.000000,0.000000,0.000000,0.000000,0.000000,0.000000,0.000000,0.000000,0.000000,0.000000,0.000000,0.000000,0.000000,0.000000,0.000000,0.000000,0.000000,0.000000,0.000000,0.000000,0.000000,0.000000
681,1694846650.704085,0,,,0.0000,0.0000,0.0000,0.0000,,,,,,,,,,,0.000000,0.000000,0.000000,0.000000,0.000000,0.000000,0.000000,0.000000,0.000000,0.000000,0.000000,0.000000,0.000000,0.000000,0.000000,0.000000,0.000000,0.000000,0.000000,0.000000,0.000000,0.000000,0.000000,0.000000,0.000000,0.000000,0.000000,0.000000,0.000000,0.000000,0.000000,0.000000,0.000000,0.000000,0.000000,0.000000,0.000000,0.000000,0.000000,0.000000,0.000000,0.000000,0.000000,0.000000,0.000000,0.000000,0.000000,0.000000,0.000000,0.000000,0.000000,0.000000,0.000000,0.000000,0.000000,0.000000,0.000000,0.000000,0.000000,0.000000,0.000000,0.000000,0.000000
682,1694846650.712418,0,,,0.0000,0.0000,0.0000,0.0000,,,,,,,,,,,0.000000,0.000000,0.000000,0.000000,0.000000,0.000000,0.000000,0.000000,0.000000,0.000000,0.000000,0.000000,0.000000,0.000000,0.000000,0.000000,0.000000,0.000000,0.000000,0.000000,0.000000,0.000000,0.000000,0.000000,0.000000,0.000000,0.000000,0.000000,0.000000,0.000000,0.000000,0.000000,0.000000,0.000000,0.000000,0.000000,0.000000,0.000000,0.000000,0.000000,0.000000,0.000000,0.000000,0.000000,0.000000,0.000000,0.000000,0.000000,0.000000,0.000000,0.000000,0.000000,0.000000,0.000000,0.000000,0.000000,0.000000,0.000000,0.000000,0.000000,0.000000,0.000000,0.000000
683,1694846650.720751,0,,,0.0000,0.0000,0.0000,0.0000,,,,,,,,,,,0.000000,0.000000,0.000000,0.000000,0.000000,0.000000,0.000000,0.000000,0.000000,0.000000,0.000000,0.000000,0.000000,0.000000,0.000000,0.000000,0.000000,0.000000,0.000000,0.000000,0.000000,0.000000,0.000000,0.000000,0.000000,0.000000,0.000000,0.000000,0.000000,0.000000,0.000000,0.000000,0.000000,0.000000,0.000000,0.000000,0.000000,0.000000,0.000000,0.000000,0.000000,0.000000,0.000000,0.000000,0.000000,0.000000,0.000000,0.000000,0.000000,0.000000,0.000000,0.000000,0.000000,0.000000,0.000000,0.000000,0.000000,0.000000,0.000000,0.000000,0.000000,0.000000,0.000000
684,1694846650.729085,0,,,0.0000,0.0000,0.0000,0.0000,,,,,,,,,,,0.000000,0.000000,0.000000,0.000000,0.000000,0.000000,0.000000,0.000000,0.000000,0.000000,0.000000,0.000000,0.000000,0.000000,0.000000,0.000000,0.000000,0.000000,0.000000,0.000000,0.000000,0.000000,0.000000,0.000000,0.000000,0.000000,0.000000,0.000000,0.000000,0.000000,0.000000,0.000000,0.000000,0.000000,0.000000,0.000000,0.000000,0.000000,0.000000,0.000000,0.000000,0.000000,0.000000,0.000000,0.000000,0.000000,0.000000,0.000000,0.000000,0.000000,0.000000,0.000000,0.000000,0.000000,0.000000,0.000000,0.000000,0.000000,0.000000,0.000000,0.000000,0.000000,0.000000
685,1694846650.737418,0,,,0.0000,0.0000,0.0000,0.0000,,,,,,,,,,,0.000000,0.000000,0.000000,0.000000,0.000000,0.000000,0.000000,0.000000,0.000000,0.000000,0.000000,0.000000,0.000000,0.000000,0.000000,0.000000,0.000000,0.000000,0.000000,0.000000,0.000000,0.000000,0.000000,0.000000,0.000000,0.000000,0.000000,0.000000,0.000000,0.000000,0.000000,0.000000,0.000000,0.000000,0.000000,0.000000,0.000000,0.000000,0.000000,0.000000,0.000000,0.000000,0.000000,0.000000,0.000000,0.000000,0.000000,0.000000,0.000000,0.000000,0.000000,0.000000,0.000000,0.000000,0.000000,0.000000,0.000000,0.000000,0.000000,0.000000,0.000000,0.000000,0.000000
686,1694846650.745751,0,,,0.0000,0.0000,0.0000,0.0000,,,,,,,,,,,0.000000,0.000000,0.000000,0.000000,0.000000,0.000000,0.000000,0.000000,0.000000,0.000000,0.000000,0.000000,0.000000,0.000000,0.000000,0.000000,0.000000,0.000000,0.000000,0.000000,0.000000,0.000000,0.000000,0.000000,0.000000,0.000000,0.000000,0.000000,0.000000,0.000000,0.000000,0.000000,0.000000,0.000000,0.000000,0.000000,0.000000,0.000000,0.000000,0.000000,0.000000,0.000000,0.000000,0.000000,0.000000,0.000000,0.000000,0.000000,0.000000,0.000000,0.000000,0.000000,0.000000,0.000000,0.000000,0.000000,0.000000,0.000000,0.000000,0.000000,0.000000,0.000000,0.000000
687,1694846650.754085,0,-54.4324,-54.4324,-24.8315,0.0000,50.1115,460.5000,,7654.5042,2.5826,126.5656,97.7196,165.4802,185.2429,193.9395,204.9927,0.002636,0.458802,0.922905,-0.000000,0.390500,0.959751,-0.009196,0.326289,0.909059,-0.011480,0.295447,0.818987,-0.009990,0.294265,0.756541,-0.008261,0.331890,0.791407,-0.025838,0.282902,0.680510,-0.035297,0.260089,0.613295,-0.040304,0.242330,0.561658,-0.043858,0.368183,0.734068,-0.019450,0.316597,0.687501,-0.022225,0.315245,0.725456,-0.012460,0.326646,0.763876,-0.004678,0.399714,0.707956,-0.013151,0.350458,0.693816,-0.018097,0.350387,0.727540,-0.010495,0.363358,0.762311,-0.004125,0.424596,0.693983,-0.007042,0.383505,0.691274,-0.011504,0.380083,0.724066,-0.007744,0.388881,0.753901,-0.003157
688,1694846650.762418,0,52.6880,52.6880,0.0824,24.9139,51.9648,160.2890,1.8429,10133.4611,1.8555,133.8148,83.3466,159.3222,176.3490,183.4163,193.6706,0.004707,0.459812,0.920475,-0.000000,0.393496,0.954599,-0.009491,0.330765,0.903149,-0.012074,0.300020,0.814467,-0.010881,0.296325,0.752373,-0.009523,0.337231,0.787873,-0.027587,0.289210,0.676876,-0.037278,0.267545,0.608471,-0.042321,0.250850,0.555555,-0.045602,0.373351,0.731383,-0.021512,0.319087,0.678595,-0.024817,0.312402,0.711042,-0.015871,0.320140,0.748275,-0.008278,0.404613,0.706207,-0.015246,0.352620,0.689148,-0.020116,0.349116,0.722219,-0.012518,0.359963,0.757588,-0.005755,0.428975,0.693514,-0.009227,0.387098,0.688641,-0.013231,0.380836,0.720459,-0.008883,0.387473,0.750456,-0.003621
689,1694846650.770751,1,44.3175,44.3175,23.9725,23.8901,50.0656,554.1387,49.8227,7473.3143,2.2610,126.7824,74.2834,154.4470,170.4126,176.1818,183.7943,0.011841,0.460833,0.918746,-0.000000,0.395195,0.950674,-0.007934,0.333519,0.896200,-0.010023,0.304544,0.806513,-0.008891,0.302257,0.745288,-0.007614,0.340079,0.783448,-0.024200,0.296825,0.673510,-0.032447,0.274946,0.605542,-0.036830,0.257857,0.553995,-0.039975,0.376669,0.729073,-0.019320,0.329103,0.678993,-0.022322,0.325200,0.714181,-0.013295,0.334827,0.753316,-0.005561,0.408822,0.705568,-0.014207,0.361745,0.688605,-0.018870,0.358734,0.721440,-0.011094,0.369768,0.756635,-0.004241,0.434511,0.694685,-0.009169,0.396069,0.687650,-0.011929,0.390185,0.717764,-0.006467,0.397276,0.747230,-0.000651
690,1694846650.779085,1,-43.6017,-43.6017,2.7434,-21.2292,48.9166,372.3274,10.4864,5635.7112,1.8340,130.5494,75.5074,147.2508,161.0139,165.9248,172.1618,0.017241,0.467992,0.923603,-0.000000,0.400144,0.950899,-0.007732,0.340057,0.892261,-0.008683,0.310533,0.803583,-0.006483,0.302926,0.744439,-0.004096,0.346922,0.777402,-0.022912,0.304710,0.665447,-0.031859,0.282780,0.598988,-0.036682,0.265049,0.547855,-0.040145,0.384078,0.725531,-0.018269,0.334061,0.679022,-0.021998,0.330258,0.716538,-0.013200,0.340098,0.755106,-0.005710,0.415860,0.705008,-0.013596,0.366479,0.692524,-0.019491,0.365111,0.725630,-0.011412,0.377156,0.758998,-0.004311,0.440752,0.696751,-0.009076,0.400114,0.694241,-0.013306,0.395401,0.726913,-0.008012,0.403101,0.756643,-0.002229
691,1694846650.787418,1,-41.6994,-41.6994,3.1833,0.4399,46.8567,1107.0499,9.4460,4282.1253,1.9821,134.6759,69.9074,139.3691,151.4909,155.1844,161.8713,0.018456,0.474554,0.922247,-0.000000,0.404626,0.952577,-0.006444,0.343507,0.888754,-0.006752,0.316015,0.793972,-0.004026,0.313657,0.732839,-0.001237,0.351291,0.772804,-0.021395,0.309046,0.659171,-0.030175,0.287455,0.590499,-0.035723,0.270447,0.537357,-0.039938,0.389488,0.721765,-0.016136,0.341849,0.677149,-0.018040,0.339020,0.717806,-0.007803,0.349776,0.757135,0.000147,0.422121,0.703250,-0.010914,0.375023,0.688130,-0.015428,0.373370,0.722405,-0.006660,0.386071,0.757691,0.000440,0.448389,0.696705,-0.005712,0.410511,0.690017,-0.009132,0.406184,0.723210,-0.003772,0.415217,0.753975,0.001775
692,1694846650.795751,1,42.3614,42.3614,-2.5817,-5.7649,43.7947,1066.8926,10.8599,4383.9507,2.4018,135.8580,68.3658,136.5005,146.8840,149.8573,156.2903,0.018522,0.477516,0.914745,-0.000000,0.408652,0.946499,-0.007706,0.346723,0.883611,-0.008717,0.318612,0.790150,-0.005946,0.316993,0.732296,-0.003145,0.356678,0.770807,-0.025151,0.312721,0.655953,-0.033568,0.291342,0.588230,-0.038467,0.275329,0.535094,-0.042210,0.395795,0.719688,-0.019032,0.347699,0.669566,-0.021002,0.343839,0.710458,-0.010525,0.353895,0.750308,-0.002058,0.429187,0.701415,-0.012646,0.381580,0.688091,-0.016624,0.379204,0.723091,-0.008006,0.391349,0.757648,-0.000952,0.455810,0.695508,-0.006269,0.417421,0.690992,-0.009243,0.412681,0.724452,-0.003976,0.421374,0.754166,0.001429
693,1694846650.804085,1,-43.3957,-43.3957,-21.9283,-19.3466,42.2577,1920.9276,4.3082,4974.9977,3.0328,141.9691,66.4174,135.7155,142.4253,143.7508,147.8216,0.016797,0.481808,0.911188,-0.000000,0.413833,0.944427,-0.009131,0.350949,0.879995,-0.012090,0.326160,0.782477,-0.011907,0.332520,0.722584,-0.011719,0.362716,0.773109,-0.023838,0.321801,0.659921,-0.033437,0.300102,0.590619,-0.039565,0.283794,0.536900,-0.044684,0.401568,0.720827,-0.019514,0.355978,0.670685,-0.025366,0.353014,0.711215,-0.017572,0.364965,0.750632,-0.010396,0.435221,0.701419,-0.015206,0.390634,0.683489,-0.022075,0.387785,0.719172,-0.013676,0.401072,0.754399,-0.006320,0.462652,0.695499,-0.011230,0.426391,0.688946,-0.016097,0.422289,0.721671,-0.010631,0.432893,0.750587,-0.004817
694,1694846650.812418,1,43.7618,43.7618,21.8409,43.7692,42.1194,1511.2057,6.0767,5200.0216,2.0255,145.8287,69.6477,130.9797,133.1023,131.4797,133.5605,0.013975,0.487162,0.912147,-0.000000,0.417732,0.943006,-0.007621,0.356750,0.875272,-0.009354,0.333349,0.780461,-0.007927,0.337746,0.721606,-0.006837,0.369592,0.767873,-0.024185,0.328889,0.654468,-0.033823,0.309143,0.584639,-0.040606,0.294981,0.529293,-0.046091,0.409533,0.716119,-0.019498,0.362583,0.667945,-0.023088,0.357747,0.708477,-0.014667,0.368140,0.745767,-0.007970,0.443387,0.697960,-0.014634,0.397237,0.682189,-0.019041,0.392571,0.717036,-0.010174,0.404503,0.752110,-0.003375,0.470002,0.694222,-0.010009,0.432757,0.687384,-0.013377,0.427152,0.720401,-0.007462,0.435981,0.750501,-0.001753
695,1694846650.820751,1,-36.4174,-36.4174,1.3205,-20.5204,41.0057,1049.4587,26.9258,5074.9738,1.5847,135.9398,64.2019,133.7200,130.5594,123.5060,119.8235,0.005685,0.492851,0.911015,-0.000000,0.424510,0.939344,-0.008111,0.365965,0.874485,-0.010685,0.346677,0.780736,-0.010971,0.357017,0.721548,-0.011477,0.379509,0.758862,-0.020751,0.341271,0.651288,-0.029768,0.322719,0.582910,-0.036035,0.310071,0.528475,-0.041484,0.420260,0.711569,-0.017776,0.378345,0.673630,-0.024347,0.375388,0.716097,-0.018548,0.387544,0.753213,-0.013291,0.454465,0.696947,-0.014917,0.413603,0.686588,-0.022377,0.410137,0.720960,-0.014940,0.422433,0.755094,-0.008677,0.480969,0.696789,-0.012452,0.446097,0.693835,-0.017859,0.442783,0.725996,-0.012412,0.452717,0.755423,-0.006753
696,1694846650.829085,1,30.8104,30.8104,-2.8877,-4.2082,38.9684,1403.7696,17.7987,3849.1455,1.8578,137.5748,82.9316,124.0777,116.0377,105.9985,100.7235,0.005320,0.500659,0.917783,-0.000000,0.430143,0.942264,-0.008612,0.370309,0.873268,-0.010775,0.351166,0.773857,-0.010316,0.361920,0.715341,-0.009653,0.385173,0.755078,-0.020283,0.350663,0.638997,-0.027971,0.333863,0.568857,-0.032815,0.322186,0.512271,-0.037363,0.425962,0.710668,-0.015807,0.384115,0.672501,-0.021066,0.380887,0.716758,-0.014015,0.393026,0.752195,-0.008078,0.459591,0.697044,-0.011454,0.417725,0.682115,-0.018530,0.413208,0.716983,-0.010705,0.424903,0.750168,-0.004116,0.486693,0.695842,-0.007441,0.451268,0.688166,-0.012468,0.445387,0.721154,-0.007329,0.453639,0.751207,-0.001791
697,1694846650.837418,1,-26.7661,-26.7661,4.1574,7.0451,36.2914,1399.5471,16.6919,6062.7019,1.9378,136.2353,85.1651,131.1266,118.5063,103.1336,91.3180,0.001343,0.502802,0.911787,-0.000000,0.435384,0.937751,-0.008018,0.378379,0.868465,-0.008961,0.360138,0.772070,-0.006860,0.370914,0.717560,-0.004441,0.396031,0.746622,-0.020036,0.363083,0.635957,-0.026479,0.346148,0.568673,-0.030596,0.335618,0.514214,-0.034533,0.436551,0.706799,-0.015245,0.397184,0.677074,-0.019097,0.395394,0.722762,-0.010879,0.409465,0.756045,-0.004251,0.469208,0.698266,-0.010579,0.428933,0.687523,-0.017317,0.425273,0.725631,-0.009883,0.438155,0.757061,-0.003499,0.494811,0.700834,-0.006023,0.460129,0.697300,-0.010718,0.456641,0.730164,-0.005845,0.467046,0.756699,-0.000672
698,1694846650.845751,1,24.0367,24.0367,-4.9313,-9.0887,32.3537,1482.0371,12.5312,5085.3047,1.3941,144.9051,98.6792,133.6923,116.0409,95.2034,75.9272,0.000057,0.511829,0.919840,-0.000000,0.442142,0.938654,-0.007909,0.384862,0.865302,-0.009283,0.368344,0.766500,-0.008394,0.382022,0.710455,-0.007254,0.403045,0.746455,-0.017835,0.373920,0.631801,-0.024161,0.358484,0.562217,-0.028337,0.348202,0.505659,-0.032937,0.444547,0.707916,-0.014075,0.407765,0.680898,-0.019765,0.406227,0.728010,-0.013129,0.419909,0.761595,-0.007652,0.478287,0.699415,-0.010448,0.440084,0.690730,-0.017836,0.437787,0.727967,-0.009973,0.450954,0.760071,-0.003556,0.505132,0.702518,-0.007210,0.472079,0.699024,-0.012898,0.469571,0.732615,-0.008164,0.480667,0.760135,-0.002905
699,1694846650.854085,1,-25.7948,-25.7948,2.6557,7.5869,28.2916,1576.3030,10.1215,5315.0097,2.1299,148.0069,105.9849,140.4838,119.0907,94.8020,70.3408,0.000000,0.515158,0.913777,-0.000000,0.447965,0.937252,-0.007474,0.393211,0.867958,-0.007415,0.375114,0.773322,-0.003369,0.384251,0.718156,0.001054,0.412074,0.744154,-0.023232,0.382850,0.627364,-0.029216,0.367645,0.557870,-0.032825,0.357603,0.503560,-0.036146,0.454373,0.706096,-0.017593,0.414173,0.680019,-0.018393,0.411170,0.727329,-0.008013,0.424354,0.761153,-0.000715,0.487052,0.700695,-0.011830,0.445675,0.694060,-0.015448,0.442170,0.731834,-0.007352,0.454463,0.762343,-0.001482,0.512203,0.707186,-0.006062,0.477300,0.705353,-0.008456,0.474460,0.736915,-0.002966,0.484287,0.763439,0.002207
700,1694846650.862418,1,-22.3044,-22.3044,-13.2787,-15.9344,25.7922,2014.1505,20.7010,3831.3114,1.9767,146.4576,119.4879,147.6032,122.0525,93.7125,61.0963,0.000000,0.521961,0.923263,-0.000000,0.453023,0.940256,-0.007910,0.397497,0.865801,-0.009410,0.382308,0.766391,-0.007751,0.394970,0.710099,-0.005653,0.418968,0.745281,-0.021428,0.392532,0.625870,-0.026988,0.379243,0.557237,-0.029696,0.370331,0.502111,-0.032935,0.461743,0.708147,-0.016452,0.422731,0.679406,-0.019518,0.421121,0.726761,-0.010235,0.434449,0.760293,-0.003289,0.495131,0.702902,-0.011397,0.454705,0.695201,-0.016278,0.452729,0.733612,-0.007770,0.465210,0.764422,-0.001530,0.520865,0.708540,-0.006565,0.486466,0.708910,-0.010159,0.484749,0.741536,-0.005309,0.494982,0.766991,-0.000477
701,1694846650.870751,1,,,0.0000,0.0000,0.0000,0.0000,22.7925,4005.2003,2.3889,117.6620,131.5473,165.5614,137.6960,106.0348,66.3882,0.000000,0.525425,0.928764,-0.000000,0.456866,0.940675,-0.006603,0.404194,0.861040,-0.006693,0.390521,0.760951,-0.003802,0.398005,0.703651,-0.000466,0.425687,0.746612,-0.018939,0.405182,0.631632,-0.023207,0.394607,0.563640,-0.025142,0.387208,0.510238,-0.027707,0.468027,0.710677,-0.014686,0.433258,0.677663,-0.015743,0.429535,0.721387,-0.006176,0.439810,0.757640,0.000752,0.501417,0.706179,-0.010390,0.463413,0.694666,-0.014143,0.459907,0.731282,-0.006304,0.469834,0.765715,-0.000649,0.527287,0.712488,-0.006206,0.495304,0.710199,-0.008669,0.491976,0.741765,-0.003956,0.499582,0.770504,0.000511
702,1694846650.879085,0,,,0.0000,0.0000,0.0000,0.0000,23.4543,4194.2834,2.9194,87.8272,146.6090,179.1311,148.3849,114.0749,70.5247,0.000000,0.531350,0.933665,-0.000000,0.461522,0.940310,-0.005829,0.407943,0.863031,-0.005065,0.393605,0.764496,-0.001371,0.406140,0.710260,0.003023,0.435132,0.743390,-0.016792,0.415440,0.627920,-0.020411,0.406992,0.561996,-0.021905,0.401187,0.509341,-0.024231,0.478431,0.710768,-0.012130,0.438146,0.681680,-0.012811,0.434012,0.727713,-0.003548,0.444880,0.761309,0.002938,0.510676,0.707008,-0.007314,0.468728,0.697067,-0.010143,0.464961,0.734697,-0.001766,0.475115,0.767253,0.004097,0.535185,0.714658,-0.002649,0.500824,0.711640,-0.004570,0.497869,0.742109,0.000272,0.506276,0.769506,0.004974
703,1694846650.887418,0,,,0.0000,0.0000,0.0000,0.0000,27.6128,4196.6245,2.9703,71.1096,158.0213,191.6859,159.1132,123.1904,76.9386,0.000000,0.536155,0.935663,-0.000000,0.466172,0.940895,-0.006179,0.413260,0.860784,-0.005975,0.399913,0.761018,-0.003473,0.413171,0.706948,-0.000499,0.440517,0.744587,-0.014333,0.424371,0.630519,-0.017045,0.417250,0.565582,-0.018161,0.412214,0.513343,-0.020533,0.483863,0.713406,-0.010394,0.445356,0.678791,-0.012642,0.440108,0.724938,-0.005037,0.449819,0.762513,0.000973,0.516433,0.710622,-0.006333,0.475625,0.696701,-0.009673,0.471570,0.734030,-0.001992,0.481433,0.768873,0.003661,0.540997,0.718563,-0.002587,0.507267,0.713395,-0.004819,0.504324,0.743918,-0.000458,0.513125,0.771781,0.003965
704,1694846650.895751,0,,,0.0000,0.0000,0.0000,0.0000,43.1239,3803.4348,2.9363,67.3519,169.3189,199.9854,166.3017,129.8495,83.3780,0.000000,0.538168,0.939582,-0.000000,0.468548,0.941416,-0.005931,0.416215,0.856261,-0.004926,0.405283,0.756661,-0.001761,0.422899,0.707260,0.001917,0.443769,0.740306,-0.012052,0.430766,0.627278,-0.012391,0.425462,0.563203,-0.011919,0.422240,0.513137,-0.013438,0.487214,0.712960,-0.008028,0.454489,0.680592,-0.008376,0.448641,0.724374,-0.000968,0.456448,0.762223,0.004619,0.520663,0.712855,-0.003801,0.484079,0.698616,-0.006623,0.479633,0.734572,-0.000035,0.487724,0.770175,0.004931,0.546280,0.723670,0.000233,0.514177,0.718036,-0.001670,0.510340,0.748744,0.002594,0.517415,0.779224,0.007006
705,1694846650.904085,0,,,0.0000,0.0000,0.0000,0.0000,3.1328,3783.3579,3.1532,67.0926,178.0649,205.8402,171.0058,134.1922,87.8367,0.000000,0.542013,0.936491,-0.000000,0.471312,0.941433,-0.007075,0.419357,0.856562,-0.006081,0.409146,0.754616,-0.002297,0.425976,0.703828,0.002054,0.449368,0.740234,-0.013934,0.437009,0.625657,-0.014201,0.432112,0.561294,-0.013488,0.429218,0.510963,-0.014741,0.492905,0.712691,-0.008816,0.460090,0.680238,-0.008415,0.454147,0.723659,-0.000450,0.462188,0.761129,0.005226,0.525907,0.712233,-0.003577,0.489589,0.698653,-0.005992,0.485104,0.735276,0.000264,0.493367,0.770770,0.004753,0.551382,0.721946,0.001420,0.520257,0.716215,-0.000523,0.516884,0.747074,0.002954,0.524293,0.777173,0.006636
706,1694846650.912418,0,,,0.0000,0.0000,0.0000,0.0000,20.6907,4370.5285,3.1140,76.3434,184.3766,210.1814,175.0491,137.9224,91.3834,0.000000,0.544533,0.934023,-0.000000,0.474362,0.939980,-0.006662,0.423756,0.852037,-0.006841,0.415571,0.749881,-0.004401,0.435898,0.702755,-0.001769,0.453970,0.741034,-0.015228,0.440491,0.625716,-0.016024,0.435714,0.560631,-0.015745,0.433305,0.508735,-0.017192,0.496735,0.711256,-0.010308,0.465738,0.673931,-0.009572,0.460348,0.717595,-0.000136,0.468606,0.756323,0.006925,0.529394,0.710334,-0.005231,0.493206,0.696239,-0.006711,0.488233,0.733541,0.000358,0.496508,0.769324,0.005448,0.554647,0.718477,-0.000321,0.523399,0.714743,-0.000337,0.519505,0.745469,0.004210,0.526297,0.774252,0.008234
707,1694846650.920751,0,,,0.0000,0.0000,0.0000,0.0000,,,,,,,,,,,0.000000,0.000000,0.000000,0.000000,0.000000,0.000000,0.000000,0.000000,0.000000,0.000000,0.000000,0.000000,0.000000,0.000000,0.000000,0.000000,0.000000,0.000000,0.000000,0.000000,0.000000,0.000000,0.000000,0.000000,0.000000,0.000000,0.000000,0.000000,0.000000,0.000000,0.000000,0.000000,0.000000,0.000000,0.000000,0.000000,0.000000,0.000000,0.000000,0.000000,0.000000,0.000000,0.000000,0.000000,0.000000,0.000000,0.000000,0.000000,0.000000,0.000000,0.000000,0.000000,0.000000,0.000000,0.000000,0.000000,0.000000,0.000000,0.000000,0.000000,0.000000,0.000000,0.000000
708,1694846650.929085,0,,,0.0000,0.0000,0.0000,0.0000,,4191.6763,2.7845,73.4290,197.1271,221.1566,184.7492,146.9109,100.2377,0.000000,0.546842,0.933581,-0.000000,0.476806,0.933511,-0.004053,0.427962,0.845324,-0.001757,0.419426,0.744631,0.003435,0.440183,0.700215,0.009022,0.459863,0.732034,-0.012728,0.448521,0.616535,-0.010284,0.444847,0.553101,-0.007857,0.443353,0.503572,-0.007769,0.503224,0.706563,-0.007463,0.470200,0.676366,-0.002517,0.463127,0.721028,0.008485,0.470404,0.759914,0.015977,0.535690,0.709696,-0.001655,0.498055,0.697882,0.000382,0.492553,0.735321,0.007116,0.499995,0.771851,0.011450,0.560621,0.721682,0.004296,0.528973,0.715371,0.007113,0.524165,0.744773,0.011909,0.529869,0.775361,0.015868
709,1694846650.937418,0,,,0.0000,0.0000,0.0000,0.0000,,,,,,,,,,,0.000000,0.000000,0.000000,0.000000,0.000000,0.000000,0.000000,0.000000,0.000000,0.000000,0.000000,0.000000,0.000000,0.000000,0.000000,0.000000,0.000000,0.000000,0.000000,0.000000,0.000000,0.000000,0.000000,0.000000,0.000000,0.000000,0.000000,0.000000,0.000000,0.000000,0.000000,0.000000,0.000000,0.000000,0.000000,0.000000,0.000000,0.000000,0.000000,0.000000,0.000000,0.000000,0.000000,0.000000,0.000000,0.000000,0.000000,0.000000,0.000000,0.000000,0.000000,0.000000,0.000000,0.000000,0.000000,0.000000,0.000000,0.000000,0.000000,0.000000,0.000000,0.000000,0.000000
710,1694846650.945751,0,,,0.0000,0.0000,0.0000,0.0000,,4388.2778,2.1719,79.6983,208.5351,228.5222,191.1545,152.8653,106.5250,0.000000,0.548770,0.929489,-0.000000,0.479165,0.931873,-0.008191,0.430014,0.840903,-0.009879,0.422735,0.737517,-0.008922,0.441467,0.687224,-0.007862,0.462870,0.735233,-0.017168,0.453505,0.618958,-0.020575,0.451190,0.550386,-0.022492,0.451305,0.496066,-0.025351,0.506406,0.707477,-0.012751,0.476115,0.667273,-0.014786,0.469409,0.710643,-0.006703,0.477151,0.749051,-0.000300,0.539014,0.708244,-0.008431,0.503409,0.689951,-0.012044,0.497547,0.725890,-0.004859,0.505326,0.761627,0.000553,0.563557,0.718422,-0.004480,0.532482,0.711102,-0.006426,0.528279,0.741114,-0.001907,0.534810,0.770735,0.002407
711,1694846650.954085,0,,,0.0000,0.0000,0.0000,0.0000,,,,,,,,,,,0.000000,0.000000,0.000000,0.000000,0.000000,0.000000,0.000000,0.000000,0.000000,0.000000,0.000000,0.000000,0.000000,0.000000,0.000000,0.000000,0.000000,0.000000,0.000000,0.000000,0.000000,0.000000,0.000000,0.000000,0.000000,0.000000,0.000000,0.000000,0.000000,0.000000,0.000000,0.000000,0.000000,0.000000,0.000000,0.000000,0.000000,0.000000,0.000000,0.000000,0.000000,0.000000,0.000000,0.000000,0.000000,0.000000,0.000000,0.000000,0.000000,0.000000,0.000000,0.000000,0.000000,0.000000,0.000000,0.000000,0.000000,0.000000,0.000000,0.000000,0.000000,0.000000,0.000000
712,1694846650.962418,0,,,0.0000,0.0000,0.0000,0.0000,,,,,,,,,,,0.000000,0.000000,0.000000,0.000000,0.000000,0.000000,0.000000,0.000000,0.000000,0.000000,0.000000,0.000000,0.000000,0.000000,0.000000,0.000000,0.000000,0.000000,0.000000,0.000000,0.000000,0.000000,0.000000,0.000000,0.000000,0.000000,0.000000,0.000000,0.000000,0.000000,0.000000,0.000000,0.000000,0.000000,0.000000,0.000000,0.000000,0.000000,0.000000,0.000000,0.000000,0.000000,0.000000,0.000000,0.000000,0.000000,0.000000,0.000000,0.000000,0.000000,0.000000,0.000000,0.000000,0.000000,0.000000,0.000000,0.000000,0.000000,0.000000,0.000000,0.000000,0.000000,0.000000
713,1694846650.970751,0,,,0.0000,0.0000,0.0000,0.0000,,,,,,,,,,,0.000000,0.000000,0.000000,0.000000,0.000000,0.000000,0.000000,0.000000,0.000000,0.000000,0.000000,0.000000,0.000000,0.000000,0.000000,0.000000,0.000000,0.000000,0.000000,0.000000,0.000000,0.000000,0.000000,0.000000,0.000000,0.000000,0.000000,0.000000,0.000000,0.000000,0.000000,0.000000,0.000000,0.000000,0.000000,0.000000,0.000000,0.000000,0.000000,0.000000,0.000000,0.000000,0.000000,0.000000,0.000000,0.000000,0.000000,0.000000,0.000000,0.000000,0.000000,0.000000,0.000000,0.000000,0.000000,0.000000,0.000000,0.000000,0.000000,0.000000,0.000000,0.000000,0.000000
714,1694846650.979085,0,,,0.0000,0.0000,0.0000,0.0000,,4213.6127,1.9809,80.5664,212.4601,228.0083,190.0548,151.4615,104.9532,0.000000,0.548479,0.924656,-0.000000,0.477582,0.928344,-0.007209,0.426850,0.839647,-0.008096,0.419155,0.734267,-0.005830,0.439693,0.684447,-0.003355,0.462944,0.728803,-0.019516,0.453563,0.605162,-0.020682,0.452129,0.536028,-0.019876,0.452577,0.483199,-0.020588,0.506575,0.702665,-0.013318,0.475544,0.662631,-0.011919,0.467958,0.702868,-0.001502,0.474939,0.741202,0.005682,0.538971,0.704624,-0.006675,0.503444,0.685010,-0.008214,0.497551,0.718429,-0.001078,0.504876,0.755481,0.003781,0.563334,0.714879,-0.000027,0.532932,0.704344,-0.000523,0.528233,0.734410,0.003832,0.533982,0.765801,0.007812
715,1694846650.987418,0,,,0.0000,0.0000,0.0000,0.0000,,,,,,,,,,,0.000000,0.000000,0.000000,0.000000,0.000000,0.000000,0.000000,0.000000,0.000000,0.000000,0.000000,0.000000,0.000000,0.000000,0.000000,0.000000,0.000000,0.000000,0.000000,0.000000,0.000000,0.000000,0.000000,0.000000,0.000000,0.000000,0.000000,0.000000,0.000000,0.000000,0.000000,0.000000,0.000000,0.000000,0.000000,0.000000,0.000000,0.000000,0.000000,0.000000,0.000000,0.000000,0.000000,0.000000,0.000000,0.000000,0.000000,0.000000,0.000000,0.000000,0.000000,0.000000,0.000000,0.000000,0.000000,0.000000,0.000000,0.000000,0.000000,0.000000,0.000000,0.000000,0.000000
716,1694846650.995751,0,,,0.0000,0.0000,0.0000,0.0000,,3844.7729,2.7165,82.3179,206.5348,221.0208,183.9323,145.6916,99.0155,0.000000,0.545961,0.920371,-0.000000,0.474394,0.928737,-0.009439,0.422921,0.837323,-0.012028,0.416097,0.728144,-0.011057,0.437698,0.674644,-0.009986,0.459628,0.732108,-0.022359,0.449350,0.605212,-0.026471,0.446588,0.534226,-0.027888,0.446832,0.478467,-0.030055,0.503661,0.703087,-0.015975,0.468859,0.660240,-0.017984,0.461141,0.704547,-0.007984,0.469734,0.741948,-0.000305,0.535257,0.702260,-0.009549,0.496419,0.681059,-0.013134,0.490396,0.717858,-0.005176,0.499080,0.753846,0.000768,0.558902,0.709391,-0.003412,0.524928,0.700298,-0.005578,0.520467,0.731900,-0.001197,0.527491,0.761694,0.003166
717,1694846651.004085,0,,,0.0000,0.0000,0.0000,0.0000,56.6337,3927.7261,3.5113,79.8619,205.6974,217.4102,179.9505,142.2353,95.9617,0.000000,0.544139,0.924486,-0.000000,0.472506,0.927476,-0.006283,0.422274,0.836782,-0.007393,0.415806,0.728521,-0.005291,0.439080,0.677298,-0.003257,0.456835,0.728456,-0.020889,0.446606,0.601181,-0.021626,0.444409,0.529954,-0.020905,0.443805,0.475172,-0.022175,0.501439,0.700201,-0.014976,0.468248,0.664333,-0.012577,0.461379,0.706120,-0.001501,0.468871,0.742993,0.005483,0.533882,0.701000,-0.008311,0.496475,0.685723,-0.007777,0.491227,0.720197,0.000209,0.499510,0.756295,0.004748,0.558037,0.710181,-0.001627,0.525395,0.703048,-0.000641,0.521799,0.733105,0.004232,0.529177,0.762433,0.008112
718,1694846651.012418,0,,,0.0000,0.0000,0.0000,0.0000,49.7447,3912.0255,3.0986,81.5177,202.6089,213.6419,176.1255,138.0006,91.3967,0.000000,0.543529,0.926201,-0.000000,0.471264,0.930088,-0.006504,0.419849,0.836005,-0.007905,0.413903,0.726601,-0.006383,0.437275,0.675438,-0.004997,0.454156,0.731503,-0.020830,0.443634,0.605160,-0.023324,0.440823,0.533060,-0.023797,0.439848,0.476089,-0.025894,0.498998,0.701558,-0.015589,0.465307,0.660109,-0.015333,0.458887,0.704519,-0.004345,0.467181,0.742205,0.003241,0.531250,0.700570,-0.009903,0.493396,0.681895,-0.010838,0.487529,0.717838,-0.002370,0.495797,0.753906,0.002889,0.554387,0.708458,-0.004330,0.521215,0.700973,-0.004496,0.517057,0.732433,0.000160,0.524260,0.762093,0.004017
719,1694846651.020751,0,,,0.0000,0.0000,0.0000,0.0000,41.0530,3818.6832,2.8972,80.7600,198.0260,208.9998,172.0073,133.6831,86.5405,0.000000,0.541632,0.922036,-0.000000,0.469840,0.932075,-0.009133,0.415913,0.839905,-0.011943,0.408053,0.726844,-0.011238,0.430943,0.671306,-0.010512,0.452414,0.734812,-0.023827,0.440268,0.604170,-0.027131,0.436830,0.530759,-0.027369,0.435727,0.474332,-0.028947,0.496478,0.703781,-0.017807,0.460662,0.660706,-0.020114,0.453286,0.704909,-0.009859,0.461607,0.743225,-0.002152,0.527954,0.700621,-0.011471,0.488454,0.679363,-0.015236,0.482774,0.715548,-0.007040,0.491513,0.751471,-0.001202,0.551109,0.705358,-0.005339,0.515123,0.697491,-0.007596,0.510943,0.729643,-0.003125,0.518630,0.758670,0.001125
720,1694846651.029085,0,,,0.0000,0.0000,0.0000,0.0000,46.0911,4070.2461,2.5340,79.1505,194.5137,202.3521,165.2797,126.8731,80.0854,0.000000,0.539600,0.924613,-0.000000,0.466890,0.932856,-0.010367,0.413002,0.840255,-0.013259,0.405663,0.727979,-0.012543,0.428805,0.674200,-0.011677,0.448621,0.735979,-0.025533,0.437009,0.603954,-0.029734,0.433225,0.529325,-0.031030,0.430785,0.471149,-0.033993,0.494326,0.703761,-0.019195,0.456316,0.665853,-0.022442,0.450308,0.711838,-0.012817,0.459754,0.747991,-0.005961,0.526489,0.700641,-0.012614,0.486355,0.683778,-0.016497,0.481259,0.720664,-0.007397,0.490511,0.755710,-0.001358,0.549696,0.707813,-0.006570,0.515395,0.700468,-0.009861,0.511285,0.732283,-0.005764,0.519310,0.760700,-0.001786
721,1694846651.037418,0,,,0.0000,0.0000,0.0000,0.0000,7.7537,3944.3587,2.5144,85.9313,187.7791,195.8838,158.9676,121.2356,74.7666,0.000000,0.536239,0.922881,-0.000000,0.464226,0.932048,-0.009758,0.409585,0.840607,-0.012539,0.400680,0.728535,-0.011757,0.422558,0.673520,-0.010883,0.446497,0.736388,-0.025377,0.433364,0.604973,-0.030128,0.428842,0.529494,-0.031532,0.426000,0.471199,-0.034071,0.490388,0.702559,-0.019026,0.451416,0.664124,-0.022325,0.445208,0.709391,-0.012241,0.454571,0.746360,-0.004740,0.521785,0.697574,-0.012415,0.480319,0.680068,-0.016661,0.474908,0.716166,-0.007778,0.483805,0.751596,-0.001515,0.544748,0.702199,-0.006201,0.508704,0.696206,-0.009315,0.504230,0.728471,-0.005023,0.511998,0.757137,-0.000743
722,1694846651.045751,0,,,0.0000,0.0000,0.0000,0.0000,12.9854,3979.7826,2.8727,86.6736,182.5009,191.5057,155.6209,118.0677,71.4932,0.000000,0.535754,0.922688,-0.000000,0.462515,0.933557,-0.010592,0.407417,0.845166,-0.013247,0.397209,0.732543,-0.012343,0.415516,0.674884,-0.011169,0.442311,0.737458,-0.024472,0.429140,0.606257,-0.028626,0.424518,0.531399,-0.029620,0.421170,0.472875,-0.032071,0.486614,0.703446,-0.017957,0.446675,0.664835,-0.021761,0.440922,0.710221,-0.012765,0.450686,0.746999,-0.006029,0.518445,0.697207,-0.011216,0.476559,0.677254,-0.016499,0.471322,0.714557,-0.008179,0.480599,0.751109,-0.002007,0.541953,0.700398,-0.004917,0.505199,0.690363,-0.009216,0.499649,0.722151,-0.005558,0.506979,0.752169,-0.001482
723,1694846651.054085,0,,,0.0000,0.0000,0.0000,0.0000,37.5081,3807.2090,2.9394,80.0625,177.4000,184.6576,148.9097,111.6635,65.2926,0.000000,0.531954,0.920351,-0.000000,0.459612,0.930383,-0.008346,0.405510,0.846832,-0.010739,0.394496,0.736926,-0.009231,0.413692,0.679149,-0.007466,0.438987,0.737038,-0.026409,0.424461,0.605791,-0.031023,0.419441,0.530556,-0.032731,0.415524,0.472293,-0.035301,0.482917,0.701971,-0.019522,0.443913,0.659883,-0.019686,0.437431,0.704020,-0.007982,0.445747,0.741597,-0.000224,0.514170,0.696866,-0.012064,0.472953,0.676275,-0.013799,0.466697,0.710959,-0.003991,0.474903,0.748207,0.002346,0.537235,0.701093,-0.004767,0.502098,0.689458,-0.005731,0.495917,0.720107,-0.000372,0.501599,0.751085,0.004266
724,1694846651.062418,0,,,0.0000,0.0000,0.0000,0.0000,0.8864,3827.6994,3.4053,88.3704,168.8970,180.0369,145.8254,109.2966,63.8045,0.000000,0.527823,0.918734,-0.000000,0.456767,0.931813,-0.007891,0.402099,0.847902,-0.010316,0.390870,0.737524,-0.009129,0.410431,0.680076,-0.007953,0.434148,0.740402,-0.025829,0.418456,0.609858,-0.031017,0.413522,0.535049,-0.032479,0.410563,0.477870,-0.034434,0.477494,0.704026,-0.019878,0.440470,0.659582,-0.021391,0.433830,0.703536,-0.009573,0.441852,0.742453,-0.000873,0.509336,0.698273,-0.013574,0.469614,0.681129,-0.016709,0.464418,0.717572,-0.007723,0.472820,0.753595,-0.001298,0.533384,0.701444,-0.007290,0.498496,0.695570,-0.008382,0.493720,0.728079,-0.003136,0.499847,0.756994,0.001483
725,1694846651.070751,0,,,0.0000,0.0000,0.0000,0.0000,41.0064,3804.4753,3.7642,79.1250,168.9232,176.1765,142.3581,105.8612,59.6738,0.000000,0.524511,0.917526,-0.000000,0.452895,0.929493,-0.007611,0.398579,0.847000,-0.009439,0.386168,0.737532,-0.008206,0.404750,0.680730,-0.006941,0.430133,0.736519,-0.022404,0.414722,0.607197,-0.026351,0.409915,0.531049,-0.027244,0.407495,0.473688,-0.028903,0.473439,0.702240,-0.017220,0.437005,0.662383,-0.019920,0.431055,0.705059,-0.010228,0.439904,0.743809,-0.002533,0.506024,0.697760,-0.011604,0.466769,0.682215,-0.015637,0.462381,0.716031,-0.007745,0.471719,0.751121,-0.001609,0.531262,0.702434,-0.006059,0.496794,0.695509,-0.007810,0.491961,0.726278,-0.002838,0.498829,0.754355,0.002050
726,1694846651.079085,0,,,0.0000,0.0000,0.0000,0.0000,26.8690,4212.0177,3.5546,93.7955,158.1513,170.3415,137.2045,101.1010,55.3528,0.000000,0.522477,0.920075,-0.000000,0.450633,0.933541,-0.008650,0.394959,0.851173,-0.010984,0.382261,0.740305,-0.009834,0.401198,0.682337,-0.008535,0.427239,0.742112,-0.023445,0.410070,0.611747,-0.028093,0.404487,0.535048,-0.029338,0.401276,0.476364,-0.031067,0.469905,0.705207,-0.017646,0.430741,0.657759,-0.020796,0.423525,0.702658,-0.010796,0.432086,0.744823,-0.002371,0.501586,0.697430,-0.011535,0.459170,0.675643,-0.016155,0.453329,0.712591,-0.008458,0.462161,0.750490,-0.001983,0.526202,0.698462,-0.005473,0.487592,0.689559,-0.007604,0.481342,0.721692,-0.002994,0.487905,0.750346,0.001757
727,1694846651.087418,0,,,0.0000,0.0000,0.0000,0.0000,33.9596,3907.5546,2.1879,110.0648,149.8876,159.1475,126.6030,91.2867,47.1309,0.000000,0.524081,0.921438,-0.000000,0.451595,0.937541,-0.008296,0.394194,0.857050,-0.010240,0.379464,0.747714,-0.008475,0.396019,0.687379,-0.006268,0.423883,0.743723,-0.025814,0.405605,0.609784,-0.031532,0.398612,0.532416,-0.033387,0.392975,0.472856,-0.035739,0.467685,0.704773,-0.019514,0.426551,0.660140,-0.021611,0.421547,0.704394,-0.010064,0.431241,0.742565,-0.001630,0.499422,0.696749,-0.012856,0.456552,0.677026,-0.016257,0.451948,0.712270,-0.006357,0.461270,0.749488,0.000597,0.522792,0.699148,-0.006406,0.486978,0.691751,-0.008442,0.482460,0.723733,-0.003233,0.488844,0.754460,0.001603
728,1694846651.095751,0,,,0.0000,0.0000,0.0000,0.0000,3.2918,3602.4018,2.4542,116.7963,144.5292,156.5655,125.0706,91.4621,49.8492,0.000000,0.518568,0.921520,-0.000000,0.446406,0.936090,-0.008344,0.390116,0.855551,-0.010018,0.376798,0.746826,-0.007949,0.392939,0.686962,-0.005464,0.421571,0.744476,-0.024777,0.401666,0.613534,-0.030663,0.394634,0.537048,-0.032659,0.389967,0.478430,-0.034805,0.464767,0.707036,-0.018525,0.424167,0.663679,-0.021094,0.418565,0.708367,-0.010082,0.428395,0.747218,-0.001726,0.496269,0.699739,-0.012038,0.453681,0.679436,-0.016374,0.448289,0.715583,-0.007351,0.457365,0.752766,-0.000620,0.520246,0.702188,-0.005645,0.483455,0.694408,-0.007914,0.477997,0.726207,-0.002747,0.484096,0.756072,0.002156
729,1694846651.104085,0,-20.3267,-20.3267,1.6098,0.0000,19.2749,210.2956,0.8170,3826.2868,1.9425,125.7863,136.7455,152.6713,122.5400,89.6519,49.8106,0.000000,0.516333,0.921477,-0.000000,0.443381,0.937854,-0.008087,0.387394,0.857084,-0.010370,0.373839,0.745872,-0.008947,0.391179,0.686249,-0.007383,0.416890,0.747943,-0.025440,0.396974,0.616486,-0.030531,0.389427,0.539935,-0.032032,0.384294,0.481296,-0.033972,0.460013,0.709221,-0.019492,0.420738,0.662588,-0.021564,0.414294,0.706798,-0.010380,0.423222,0.747323,-0.001811,0.491861,0.700891,-0.013113,0.450448,0.681420,-0.016674,0.445031,0.717571,-0.007967,0.454317,0.754790,-0.001489,0.516257,0.701651,-0.006734,0.479421,0.693838,-0.007706,0.474090,0.726155,-0.002201,0.480784,0.755610,0.002674
730,1694846651.112418,0,-27.7392,-27.7392,-12.9440,-14.5538,19.4049,374.7416,63.5773,4010.6261,2.4057,131.0494,135.7415,147.8344,118.4380,86.7533,48.6830,0.000000,0.514483,0.921444,-0.000000,0.443326,0.941271,-0.009730,0.384518,0.858175,-0.013078,0.371054,0.745048,-0.012781,0.389171,0.682573,-0.012160,0.414818,0.751820,-0.025446,0.395201,0.618108,-0.032332,0.387107,0.542085,-0.035252,0.381699,0.481540,-0.038524,0.457872,0.711898,-0.019442,0.416654,0.665545,-0.023760,0.412149,0.711482,-0.013302,0.423525,0.747662,-0.005255,0.489357,0.701842,-0.013475,0.445994,0.677995,-0.019097,0.441993,0.716049,-0.009379,0.452487,0.751632,-0.002145,0.513287,0.700799,-0.007845,0.475227,0.691433,-0.011790,0.471442,0.724866,-0.006813,0.479519,0.753182,-0.001969
731,1694846651.120751,0,-30.8395,-30.8395,-1.2612,11.6828,3.7560,93.4857,14.7264,4361.8152,1.5049,138.1628,130.8041,141.8002,113.2432,82.7786,48.3021,0.000000,0.511534,0.923353,-0.000000,0.440754,0.940933,-0.009993,0.382179,0.858059,-0.013024,0.369051,0.744781,-0.012006,0.386590,0.681413,-0.010669,0.411492,0.752293,-0.026724,0.390645,0.618288,-0.033407,0.381608,0.541870,-0.036512,0.374823,0.481527,-0.039971,0.454223,0.712559,-0.019790,0.414352,0.665876,-0.022473,0.409208,0.710329,-0.011423,0.418884,0.746408,-0.003527,0.485568,0.702743,-0.012792,0.443254,0.679510,-0.017053,0.438821,0.715836,-0.007586,0.448415,0.751783,-0.001009,0.509762,0.701092,-0.006106,0.472277,0.692638,-0.009385,0.467441,0.725845,-0.004621,0.474176,0.754946,-0.000144
732,1694846651.129085,0,36.4296,36.4296,14.6835,15.9447,24.9761,415.7016,44.8894,4690.7511,1.7410,133.2685,121.2699,141.4731,114.0267,84.5972,53.5993,0.000000,0.508064,0.917203,-0.000000,0.438192,0.941005,-0.006955,0.379916,0.866031,-0.009022,0.363911,0.755213,-0.006598,0.380258,0.694321,-0.003782,0.406449,0.754600,-0.027890,0.384198,0.625405,-0.036333,0.375697,0.548205,-0.042229,0.370428,0.488393,-0.046923,0.450013,0.713159,-0.021369,0.411968,0.662332,-0.021980,0.407122,0.706127,-0.010035,0.416144,0.744126,-0.001709,0.482050,0.703302,-0.014373,0.442106,0.680586,-0.016631,0.437214,0.715949,-0.007274,0.447069,0.752063,-0.000862,0.506816,0.701331,-0.007099,0.471031,0.693135,-0.007107,0.467051,0.724827,-0.000516,0.474201,0.752742,0.004865
733,1694846651.137418,0,-26.3246,-26.3246,-1.4995,-16.1830,25.3263,689.3641,59.6338,7048.8723,1.8817,137.5394,115.2177,136.4318,110.7855,83.5356,56.9043,0.000000,0.505734,0.924317,-0.000000,0.434460,0.942269,-0.008864,0.376674,0.862701,-0.010794,0.362221,0.754713,-0.009152,0.377091,0.694092,-0.006934,0.403338,0.750750,-0.023159,0.380746,0.622461,-0.029236,0.371266,0.547956,-0.032053,0.364856,0.490004,-0.034995,0.446032,0.712220,-0.016873,0.406620,0.671597,-0.019804,0.401829,0.715402,-0.009526,0.411772,0.751657,-0.001787,0.477894,0.703430,-0.010585,0.435097,0.683716,-0.015862,0.430014,0.719049,-0.007119,0.439576,0.754194,-0.000373,0.502446,0.703409,-0.004455,0.463957,0.695776,-0.007788,0.458113,0.727461,-0.002688,0.464654,0.756807,0.002369
734,1694846651.145751,0,-27.3528,-27.3528,0.0966,1.5961,25.8414,821.1134,24.2683,7785.9485,1.5534,138.8889,108.4978,134.5639,110.5419,84.9610,61.3169,0.000000,0.501697,0.924777,-0.000000,0.432283,0.943151,-0.007717,0.374611,0.866731,-0.009936,0.357628,0.760084,-0.008916,0.372086,0.700704,-0.007554,0.399972,0.756215,-0.024078,0.377101,0.627773,-0.030973,0.366522,0.552853,-0.034196,0.359530,0.494426,-0.037348,0.441686,0.716086,-0.018893,0.404673,0.673217,-0.022423,0.400539,0.715651,-0.012483,0.410755,0.751778,-0.004864,0.474028,0.705500,-0.013420,0.434120,0.686246,-0.018129,0.429498,0.719903,-0.008796,0.439027,0.754317,-0.001815,0.499207,0.705135,-0.008092,0.463659,0.696399,-0.010482,0.458381,0.726740,-0.004472,0.465099,0.755425,0.001137
735,1694846651.154085,0,-22.7945,-22.7945,2.0112,1.9146,25.4326,736.4166,62.3891,6440.6552,2.5073,139.9985,106.7617,132.2014,109.7707,85.8425,63.7739,0.000000,0.501473,0.927637,-0.000000,0.430549,0.946975,-0.008908,0.371819,0.870273,-0.011333,0.354619,0.761716,-0.010994,0.367391,0.699593,-0.010253,0.395598,0.756550,-0.021036,0.374022,0.629377,-0.026827,0.364254,0.555238,-0.028939,0.357908,0.496068,-0.031726,0.438024,0.716057,-0.016217,0.401906,0.673413,-0.021020,0.398096,0.717712,-0.012786,0.408898,0.754738,-0.006119,0.471262,0.704336,-0.011373,0.432301,0.684409,-0.017370,0.428142,0.719600,-0.008903,0.438034,0.754793,-0.002366,0.497040,0.702796,-0.006911,0.462364,0.694771,-0.010822,0.457989,0.726860,-0.006046,0.465712,0.756755,-0.001117
736,1694846651.162418,1,-22.1156,-22.1156,-14.6363,-16.6475,24.5122,2774.9546,12.3226,6067.2697,1.7675,133.5401,100.7683,134.0411,113.6474,90.3526,69.7753,0.000004,0.497171,0.928640,-0.000000,0.426383,0.947122,-0.008415,0.369083,0.871366,-0.010653,0.351455,0.765945,-0.010364,0.359023,0.703589,-0.009714,0.390575,0.756615,-0.019504,0.369337,0.633775,-0.025921,0.359511,0.560529,-0.029180,0.352726,0.502755,-0.032648,0.433636,0.717166,-0.015340,0.399205,0.677793,-0.020327,0.395819,0.719906,-0.012992,0.406232,0.755177,-0.007027,0.467742,0.707270,-0.011253,0.429937,0.691134,-0.017409,0.426605,0.724320,-0.009144,0.436448,0.758175,-0.002765,0.494084,0.708689,-0.007559,0.460532,0.703319,-0.011607,0.457126,0.734668,-0.006470,0.465084,0.764229,-0.001189
737,1694846651.170751,1,23.7428,23.7428,12.5169,27.1532,19.4588,2319.1922,7.3300,5573.9707,2.2951,134.6759,93.9421,128.4842,110.5120,90.5211,74.4589,0.000504,0.494079,0.931414,-0.000000,0.424231,0.948414,-0.007420,0.366855,0.874132,-0.009440,0.348118,0.770272,-0.009032,0.355679,0.707092,-0.008410,0.385245,0.758726,-0.019265,0.363766,0.635787,-0.025982,0.354158,0.561996,-0.029494,0.347905,0.504453,-0.032911,0.427484,0.718951,-0.015188,0.393022,0.679605,-0.019098,0.389549,0.721984,-0.011270,0.399863,0.757510,-0.005310,0.462079,0.707808,-0.011115,0.424344,0.690275,-0.016988,0.421303,0.723877,-0.008732,0.431677,0.757931,-0.002415,0.489579,0.707702,-0.007248,0.456032,0.699019,-0.011464,0.452189,0.731465,-0.006058,0.460491,0.762131,-0.000432
738,1694846651.179085,1,20.2538,20.2538,11.9016,-0.6152,22.6760,2081.0364,20.0585,5289.1570,1.9559,137.9815,85.5479,128.2059,112.8103,95.1970,81.7932,0.000867,0.491445,0.935195,-0.000000,0.421529,0.951530,-0.007592,0.362857,0.876854,-0.009122,0.342533,0.773253,-0.008131,0.351249,0.710246,-0.006725,0.381404,0.762985,-0.020080,0.357811,0.637469,-0.025819,0.348264,0.565182,-0.027579,0.342537,0.508925,-0.029608,0.423424,0.721799,-0.015615,0.388436,0.677017,-0.019774,0.384364,0.717635,-0.012095,0.393727,0.754593,-0.005773,0.457816,0.708600,-0.010921,0.419432,0.689646,-0.016034,0.415193,0.721916,-0.008343,0.423932,0.756994,-0.002332,0.484693,0.706927,-0.006494,0.450694,0.701628,-0.009557,0.445489,0.732503,-0.004735,0.452013,0.762537,0.000394
739,1694846651.187418,1,-16.8721,-16.8721,1.4806,-10.4210,20.9954,848.9617,28.4410,5538.5399,2.7597,139.2191,82.4470,129.6460,116.9425,101.7081,89.9031,0.001747,0.488977,0.938899,-0.000000,0.417374,0.953315,-0.007510,0.359839,0.879525,-0.008319,0.338381,0.779794,-0.006853,0.340485,0.716703,-0.004971,0.374948,0.761960,-0.017190,0.351537,0.639766,-0.021930,0.343431,0.569385,-0.023309,0.338365,0.514491,-0.024960,0.416585,0.720849,-0.012961,0.380506,0.673797,-0.015407,0.376202,0.713659,-0.007616,0.384986,0.752109,-0.001367,0.451285,0.707950,-0.008793,0.412152,0.686751,-0.012673,0.408608,0.719532,-0.005026,0.417745,0.754463,0.000817,0.478484,0.706560,-0.005042,0.445017,0.696746,-0.007095,0.439517,0.727418,-0.002009,0.445556,0.758469,0.003198
740,1694846651.195751,1,-30.4271,-30.4271,-2.0779,-3.5585,22.5579,947.4831,58.3084,4724.1366,2.1278,141.2477,75.1958,128.5094,119.4040,107.4120,99.5598,0.004398,0.484864,0.936998,-0.000000,0.414567,0.954223,-0.008001,0.357231,0.881696,-0.010762,0.334757,0.780757,-0.011021,0.335846,0.715271,-0.011042,0.370088,0.771873,-0.021464,0.344109,0.649869,-0.030176,0.334455,0.575990,-0.034522,0.328838,0.517801,-0.037913,0.411607,0.728366,-0.017262,0.374149,0.683360,-0.022399,0.370700,0.724721,-0.014477,0.380465,0.762966,-0.007840,0.446679,0.714964,-0.013140,0.407214,0.696613,-0.020077,0.404826,0.731593,-0.011716,0.415322,0.767694,-0.004638,0.474675,0.713271,-0.009226,0.441201,0.704061,-0.013590,0.437534,0.736247,-0.008147,0.445723,0.767371,-0.002201
741,1694846651.204085,1,29.1223,29.1223,1.3449,3.4228,24.0798,751.8141,18.5878,3762.5091,2.2929,141.7685,78.1737,124.9244,119.0272,109.9452,105.5340,0.006556,0.481949,0.936025,-0.000000,0.410547,0.956947,-0.006642,0.352511,0.885491,-0.008109,0.329156,0.784455,-0.007050,0.332542,0.720519,-0.005882,0.365955,0.774082,-0.020689,0.337810,0.650197,-0.028332,0.327988,0.577039,-0.031864,0.321759,0.519394,-0.034731,0.406985,0.728356,-0.016082,0.366273,0.680564,-0.018527,0.362884,0.721064,-0.009134,0.372573,0.758077,-0.002133,0.441243,0.712990,-0.011408,0.399433,0.692069,-0.015869,0.396720,0.726746,-0.006841,0.407204,0.762802,0.000007,0.468143,0.710001,-0.006901,0.433757,0.699467,-0.009865,0.429522,0.731455,-0.004431,0.436975,0.763579,0.001056
742,1694846651.212418,1,-26.2291,-26.2291,-11.6207,-12.9656,24.6581,827.8729,15.1345,4376.0272,2.2767,142.1829,74.7197,126.3632,122.2966,115.3072,112.4541,0.008157,0.475832,0.930802,-0.000000,0.406388,0.955524,-0.004895,0.348337,0.887975,-0.006233,0.324519,0.790728,-0.005588,0.328414,0.729415,-0.005174,0.359240,0.775392,-0.019039,0.333293,0.651495,-0.026311,0.322858,0.578391,-0.029650,0.316446,0.521278,-0.032293,0.399839,0.730877,-0.015723,0.360983,0.684763,-0.018715,0.358426,0.723721,-0.009814,0.369207,0.761138,-0.002884,0.434210,0.716171,-0.012166,0.392974,0.696326,-0.017121,0.391374,0.728772,-0.008600,0.402562,0.764446,-0.001942,0.461210,0.712200,-0.008565,0.426549,0.703088,-0.011450,0.423735,0.734655,-0.005746,0.432357,0.766295,-0.000081
743,1694846651.220751,1,-31.9267,-31.9267,-3.7637,7.8570,22.8058,977.0927,23.6771,4642.8714,1.7890,138.3187,59.0074,134.0902,132.4985,126.6532,123.9930,0.008986,0.470165,0.925352,-0.000000,0.403856,0.952780,-0.007004,0.345952,0.887967,-0.009759,0.324235,0.793641,-0.010333,0.329212,0.732825,-0.010985,0.355793,0.782395,-0.019449,0.327715,0.663401,-0.028250,0.316033,0.590836,-0.032964,0.308941,0.534749,-0.036654,0.395166,0.735853,-0.016447,0.354688,0.687595,-0.023124,0.352505,0.725556,-0.016597,0.364128,0.762937,-0.010259,0.428466,0.717999,-0.013520,0.385451,0.697285,-0.020791,0.384262,0.730276,-0.012906,0.395965,0.763573,-0.005899,0.455156,0.710980,-0.010772,0.417508,0.704180,-0.015475,0.415171,0.734659,-0.010300,0.424566,0.761519,-0.004592
744,1694846651.229085,1,32.1829,32.1829,15.6525,19.4161,29.5571,743.5416,1.5202,5321.5436,2.5700,138.0710,58.3160,134.1895,136.6586,135.2468,136.9209,0.012854,0.469639,0.931543,-0.000000,0.401444,0.959492,-0.007213,0.341979,0.898255,-0.008615,0.316428,0.806877,-0.007607,0.319915,0.748267,-0.006527,0.351688,0.782226,-0.019844,0.320334,0.662183,-0.027799,0.306819,0.591157,-0.031675,0.296912,0.536745,-0.034711,0.390139,0.733558,-0.015170,0.345616,0.694042,-0.018950,0.344634,0.732924,-0.010694,0.356612,0.769237,-0.003960,0.422621,0.715307,-0.010613,0.376265,0.700991,-0.016150,0.375055,0.734151,-0.008265,0.386301,0.768500,-0.001716,0.448130,0.710039,-0.006281,0.410011,0.705591,-0.010086,0.405175,0.735478,-0.005574,0.411937,0.764974,-0.000496
745,1694846651.237418,1,33.9855,33.9855,1.2158,-14.4367,29.9010,1326.0000,0.9712,5240.4649,3.4016,133.4113,59.6630,146.4551,152.6105,151.5640,151.6001,0.014230,0.466400,0.934388,-0.000000,0.398552,0.962021,-0.008097,0.338022,0.901358,-0.009113,0.311927,0.808332,-0.007428,0.314034,0.747934,-0.005319,0.346405,0.784331,-0.018169,0.311038,0.668952,-0.024930,0.296067,0.600943,-0.028486,0.284938,0.548768,-0.031591,0.383979,0.735123,-0.012669,0.340086,0.693621,-0.014818,0.338879,0.732318,-0.006662,0.349489,0.769366,-0.000376,0.415999,0.716035,-0.007495,0.371065,0.700725,-0.011287,0.369020,0.733946,-0.003740,0.378895,0.769026,0.002006,0.441562,0.710405,-0.002794,0.404633,0.707881,-0.006048,0.399122,0.737432,-0.002381,0.404894,0.767185,0.001832
746,1694846651.245751,1,,,0.0000,0.0000,0.0000,0.0000,,,,,,,,,,,0.000000,0.000000,0.000000,0.000000,0.000000,0.000000,0.000000,0.000000,0.000000,0.000000,0.000000,0.000000,0.000000,0.000000,0.000000,0.000000,0.000000,0.000000,0.000000,0.000000,0.000000,0.000000,0.000000,0.000000,0.000000,0.000000,0.000000,0.000000,0.000000,0.000000,0.000000,0.000000,0.000000,0.000000,0.000000,0.000000,0.000000,0.000000,0.000000,0.000000,0.000000,0.000000,0.000000,0.000000,0.000000,0.000000,0.000000,0.000000,0.000000,0.000000,0.000000,0.000000,0.000000,0.000000,0.000000,0.000000,0.000000,0.000000,0.000000,0.000000,0.000000,0.000000,0.000000
747,1694846651.254085,0,,,0.0000,0.0000,0.0000,0.0000,,,,,,,,,,,0.000000,0.000000,0.000000,0.000000,0.000000,0.000000,0.000000,0.000000,0.000000,0.000000,0.000000,0.000000,0.000000,0.000000,0.000000,0.000000,0.000000,0.000000,0.000000,0.000000,0.000000,0.000000,0.000000,0.000000,0.000000,0.000000,0.000000,0.000000,0.000000,0.000000,0.000000,0.000000,0.000000,0.000000,0.000000,0.000000,0.000000,0.000000,0.000000,0.000000,0.000000,0.000000,0.000000,0.000000,0.000000,0.000000,0.000000,0.000000,0.000000,0.000000,0.000000,0.000000,0.000000,0.000000,0.000000,0.000000,0.000000,0.000000,0.000000,0.000000,0.000000,0.000000,0.000000
748,1694846651.262418,0,51.5898,51.5898,19.4547,0.0000,34.2025,1856.7177,,6594.5214,2.3931,104.1690,85.1545,186.6030,201.9112,206.7812,212.1157,0.000000,0.455432,0.923648,-0.000000,0.390896,0.963296,-0.010894,0.328337,0.916551,-0.013157,0.298863,0.830219,-0.011920,0.298149,0.770957,-0.010218,0.333573,0.793681,-0.022398,0.284919,0.697815,-0.030792,0.261559,0.636814,-0.036030,0.243877,0.589186,-0.040284,0.368572,0.738579,-0.016442,0.317946,0.711383,-0.019626,0.317949,0.748839,-0.012077,0.331182,0.779292,-0.006402,0.398330,0.714801,-0.011038,0.348799,0.706038,-0.017277,0.347592,0.740861,-0.010040,0.360230,0.772092,-0.004035,0.421844,0.704909,-0.006210,0.381104,0.702241,-0.011965,0.376634,0.732828,-0.008260,0.384517,0.760565,-0.003767
749,1694846651.270751,0,-60.6518,-60.6518,-7.1813,-26.6360,43.4129,1784.1126,40.6547,4779.2073,3.1335,65.6142,99.5952,192.7807,210.6247,218.2659,225.5971,0.000000,0.455894,0.923003,-0.000000,0.390295,0.968170,-0.011486,0.325280,0.924558,-0.014636,0.295567,0.835509,-0.013913,0.299027,0.776771,-0.012861,0.328153,0.801201,-0.025751,0.276995,0.702191,-0.035601,0.251767,0.641553,-0.041718,0.232932,0.593308,-0.046603,0.362055,0.743238,-0.018248,0.313099,0.721570,-0.021526,0.314807,0.762020,-0.012714,0.328927,0.793322,-0.006277,0.390676,0.718763,-0.011219,0.344634,0.719532,-0.018076,0.346119,0.754045,-0.010878,0.360744,0.784737,-0.004739,0.413364,0.707643,-0.004605,0.373537,0.712047,-0.011123,0.371688,0.744414,-0.007729,0.382113,0.770831,-0.003261
750,1694846651.279085,0,,,0.0000,0.0000,0.0000,0.0000,,,,,,,,,,,0.000000,0.000000,0.000000,0.000000,0.000000,0.000000,0.000000,0.000000,0.000000,0.000000,0.000000,0.000000,0.000000,0.000000,0.000000,0.000000,0.000000,0.000000,0.000000,0.000000,0.000000,0.000000,0.000000,0.000000,0.000000,0.000000,0.000000,0.000000,0.000000,0.000000,0.000000,0.000000,0.000000,0.000000,0.000000,0.000000,0.000000,0.000000,0.000000,0.000000,0.000000,0.000000,0.000000,0.000000,0.000000,0.000000,0.000000,0.000000,0.000000,0.000000,0.000000,0.000000,0.000000,0.000000,0.000000,0.000000,0.000000,0.000000,0.000000,0.000000,0.000000,0.000000,0.000000
751,1694846651.287418,0,,,0.0000,0.0000,0.0000,0.0000,,,,,,,,,,,0.000000,0.000000,0.000000,0.000000,0.000000,0.000000,0.000000,0.000000,0.000000,0.000000,0.000000,0.000000,0.000000,0.000000,0.000000,0.000000,0.000000,0.000000,0.000000,0.000000,0.000000,0.000000,0.000000,0.000000,0.000000,0.000000,0.000000,0.000000,0.000000,0.000000,0.000000,0.000000,0.000000,0.000000,0.000000,0.000000,0.000000,0.000000,0.000000,0.000000,0.000000,0.000000,0.000000,0.000000,0.000000,0.000000,0.000000,0.000000,0.000000,0.000000,0.000000,0.000000,0.000000,0.000000,0.000000,0.000000,0.000000,0.000000,0.000000,0.000000,0.000000,0.000000,0.000000
752,1694846651.295751,0,,,0.0000,0.0000,0.0000,0.0000,,,,,,,,,,,0.000000,0.000000,0.000000,0.000000,0.000000,0.000000,0.000000,0.000000,0.000000,0.000000,0.000000,0.000000,0.000000,0.000000,0.000000,0.000000,0.000000,0.000000,0.000000,0.000000,0.000000,0.000000,0.000000,0.000000,0.000000,0.000000,0.000000,0.000000,0.000000,0.000000,0.000000,0.000000,0.000000,0.000000,0.000000,0.000000,0.000000,0.000000,0.000000,0.000000,0.000000,0.000000,0.000000,0.000000,0.000000,0.000000,0.000000,0.000000,0.000000,0.000000,0.000000,0.000000,0.000000,0.000000,0.000000,0.000000,0.000000,0.000000,0.000000,0.000000,0.000000,0.000000,0.000000
753,1694846651.304085,0,,,0.0000,0.0000,0.0000,0.0000,,,,,,,,,,,0.000000,0.000000,0.000000,0.000000,0.000000,0.000000,0.000000,0.000000,0.000000,0.000000,0.000000,0.000000,0.000000,0.000000,0.000000,0.000000,0.000000,0.000000,0.000000,0.000000,0.000000,0.000000,0.000000,0.000000,0.000000,0.000000,0.000000,0.000000,0.000000,0.000000,0.000000,0.000000,0.000000,0.000000,0.000000,0.000000,0.000000,0.000000,0.000000,0.000000,0.000000,0.000000,0.000000,0.000000,0.000000,0.000000,0.000000,0.000000,0.000000,0.000000,0.000000,0.000000,0.000000,0.000000,0.000000,0.000000,0.000000,0.000000,0.000000,0.000000,0.000000,0.000000,0.000000
754,1694846651.312418,0,,,0.0000,0.0000,0.0000,0.0000,,,,,,,,,,,0.000000,0.000000,0.000000,0.000000,0.000000,0.000000,0.000000,0.000000,0.000000,0.000000,0.000000,0.000000,0.000000,0.000000,0.000000,0.000000,0.000000,0.000000,0.000000,0.000000,0.000000,0.000000,0.000000,0.000000,0.000000,0.000000,0.000000,0.000000,0.000000,0.000000,0.000000,0.000000,0.000000,0.000000,0.000000,0.000000,0.000000,0.000000,0.000000,0.000000,0.000000,0.000000,0.000000,0.000000,0.000000,0.000000,0.000000,0.000000,0.000000,0.000000,0.000000,0.000000,0.000000,0.000000,0.000000,0.000000,0.000000,0.000000,0.000000,0.000000,0.000000,0.000000,0.000000
755,1694846651.320751,0,,,0.0000,0.0000,0.0000,0.0000,,,,,,,,,,,0.000000,0.000000,0.000000,0.000000,0.000000,0.000000,0.000000,0.000000,0.000000,0.000000,0.000000,0.000000,0.000000,0.000000,0.000000,0.000000,0.000000,0.000000,0.000000,0.000000,0.000000,0.000000,0.000000,0.000000,0.000000,0.000000,0.000000,0.000000,0.000000,0.000000,0.000000,0.000000,0.000000,0.000000,0.000000,0.000000,0.000000,0.000000,0.000000,0.000000,0.000000,0.000000,0.000000,0.000000,0.000000,0.000000,0.000000,0.000000,0.000000,0.000000,0.000000,0.000000,0.000000,0.000000,0.000000,0.000000,0.000000,0.000000,0.000000,0.000000,0.000000,0.000000,0.000000
756,1694846651.329085,0,,,0.0000,0.0000,0.0000,0.0000,,,,,,,,,,,0.000000,0.000000,0.000000,0.000000,0.000000,0.000000,0.000000,0.000000,0.000000,0.000000,0.000000,0.000000,0.000000,0.000000,0.000000,0.000000,0.000000,0.000000,0.000000,0.000000,0.000000,0.000000,0.000000,0.000000,0.000000,0.000000,0.000000,0.000000,0.000000,0.000000,0.000000,0.000000,0.000000,0.000000,0.000000,0.000000,0.000000,0.000000,0.000000,0.000000,0.000000,0.000000,0.000000,0.000000,0.000000,0.000000,0.000000,0.000000,0.000000,0.000000,0.000000,0.000000,0.000000,0.000000,0.000000,0.000000,0.000000,0.000000,0.000000,0.000000,0.000000,0.000000,0.000000
757,1694846651.337418,0,,,0.0000,0.0000,0.0000,0.0000,,,,,,,,,,,0.000000,0.000000,0.000000,0.000000,0.000000,0.000000,0.000000,0.000000,0.000000,0.000000,0.000000,0.000000,0.000000,0.000000,0.000000,0.000000,0.000000,0.000000,0.000000,0.000000,0.000000,0.000000,0.000000,0.000000,0.000000,0.000000,0.000000,0.000000,0.000000,0.000000,0.000000,0.000000,0.000000,0.000000,0.000000,0.000000,0.000000,0.000000,0.000000,0.000000,0.000000,0.000000,0.000000,0.000000,0.000000,0.000000,0.000000,0.000000,0.000000,0.000000,0.000000,0.000000,0.000000,0.000000,0.000000,0.000000,0.000000,0.000000,0.000000,0.000000,0.000000,0.000000,0.000000
758,1694846651.345751,0,,,0.0000,0.0000,0.0000,0.0000,,,,,,,,,,,0.000000,0.000000,0.000000,0.000000,0.000000,0.000000,0.000000,0.000000,0.000000,0.000000,0.000000,0.000000,0.000000,0.000000,0.000000,0.000000,0.000000,0.000000,0.000000,0.000000,0.000000,0.000000,0.000000,0.000000,0.000000,0.000000,0.000000,0.000000,0.000000,0.000000,0.000000,0.000000,0.000000,0.000000,0.000000,0.000000,0.000000,0.000000,0.000000,0.000000,0.000000,0.000000,0.000000,0.000000,0.000000,0.000000,0.000000,0.000000,0.000000,0.000000,0.000000,0.000000,0.000000,0.000000,0.000000,0.000000,0.000000,0.000000,0.000000,0.000000,0.000000,0.000000,0.000000
759,1694846651.354085,0,,,0.0000,0.0000,0.0000,0.0000,,,,,,,,,,,0.000000,0.000000,0.000000,0.000000,0.000000,0.000000,0.000000,0.000000,0.000000,0.000000,0.000000,0.000000,0.000000,0.000000,0.000000,0.000000,0.000000,0.000000,0.000000,0.000000,0.000000,0.000000,0.000000,0.000000,0.000000,0.000000,0.000000,0.000000,0.000000,0.000000,0.000000,0.000000,0.000000,0.000000,0.000000,0.000000,0.000000,0.000000,0.000000,0.000000,0.000000,0.000000,0.000000,0.000000,0.000000,0.000000,0.000000,0.000000,0.000000,0.000000,0.000000,0.000000,0.000000,0.000000,0.000000,0.000000,0.000000,0.000000,0.000000,0.000000,0.000000,0.000000,0.000000
760,1694846651.362418,0,,,0.0000,0.0000,0.0000,0.0000,,,,,,,,,,,0.000000,0.000000,0.000000,0.000000,0.000000,0.000000,0.000000,0.000000,0.000000,0.000000,0.000000,0.000000,0.000000,0.000000,0.000000,0.000000,0.000000,0.000000,0.000000,0.000000,0.000000,0.000000,0.000000,0.000000,0.000000,0.000000,0.000000,0.000000,0.000000,0.000000,0.000000,0.000000,0.000000,0.000000,0.000000,0.000000,0.000000,0.000000,0.000000,0.000000,0.000000,0.000000,0.000000,0.000000,0.000000,0.000000,0.000000,0.000000,0.000000,0.000000,0.000000,0.000000,0.000000,0.000000,0.000000,0.000000,0.000000,0.000000,0.000000,0.000000,0.000000,0.000000,0.000000
761,1694846651.370751,0,,,0.0000,0.0000,0.0000,0.0000,,,,,,,,,,,0.000000,0.000000,0.000000,0.000000,0.000000,0.000000,0.000000,0.000000,0.000000,0.000000,0.000000,0.000000,0.000000,0.000000,0.000000,0.000000,0.000000,0.000000,0.000000,0.000000,0.000000,0.000000,0.000000,0.000000,0.000000,0.000000,0.000000,0.000000,0.000000,0.000000,0.000000,0.000000,0.000000,0.000000,0.000000,0.000000,0.000000,0.000000,0.000000,0.000000,0.000000,0.000000,0.000000,0.000000,0.000000,0.000000,0.000000,0.000000,0.000000,0.000000,0.000000,0.000000,0.000000,0.000000,0.000000,0.000000,0.000000,0.000000,0.000000,0.000000,0.000000,0.000000,0.000000
762,1694846651.379085,0,,,0.0000,0.0000,0.0000,0.0000,,,,,,,,,,,0.000000,0.000000,0.000000,0.000000,0.000000,0.000000,0.000000,0.000000,0.000000,0.000000,0.000000,0.000000,0.000000,0.000000,0.000000,0.000000,0.000000,0.000000,0.000000,0.000000,0.000000,0.000000,0.000000,0.000000,0.000000,0.000000,0.000000,0.000000,0.000000,0.000000,0.000000,0.000000,0.000000,0.000000,0.000000,0.000000,0.000000,0.000000,0.000000,0.000000,0.000000,0.000000,0.000000,0.000000,0.000000,0.000000,0.000000,0.000000,0.000000,0.000000,0.000000,0.000000,0.000000,0.000000,0.000000,0.000000,0.000000,0.000000,0.000000,0.000000,0.000000,0.000000,0.000000
763,1694846651.387418,0,,,0.0000,0.0000,0.0000,0.0000,,,,,,,,,,,0.000000,0.000000,0.000000,0.000000,0.000000,0.000000,0.000000,0.000000,0.000000,0.000000,0.000000,0.000000,0.000000,0.000000,0.000000,0.000000,0.000000,0.000000,0.000000,0.000000,0.000000,0.000000,0.000000,0.000000,0.000000,0.000000,0.000000,0.000000,0.000000,0.000000,0.000000,0.000000,0.000000,0.000000,0.000000,0.000000,0.000000,0.000000,0.000000,0.000000,0.000000,0.000000,0.000000,0.000000,0.000000,0.000000,0.000000,0.000000,0.000000,0.000000,0.000000,0.000000,0.000000,0.000000,0.000000,0.000000,0.000000,0.000000,0.000000,0.000000,0.000000,0.000000,0.000000
764,1694846651.395751,0,,,0.0000,0.0000,0.0000,0.0000,,,,,,,,,,,0.000000,0.000000,0.000000,0.000000,0.000000,0.000000,0.000000,0.000000,0.000000,0.000000,0.000000,0.000000,0.000000,0.000000,0.000000,0.000000,0.000000,0.000000,0.000000,0.000000,0.000000,0.000000,0.000000,0.000000,0.000000,0.000000,0.000000,0.000000,0.000000,0.000000,0.000000,0.000000,0.000000,0.000000,0.000000,0.000000,0.000000,0.000000,0.000000,0.000000,0.000000,0.000000,0.000000,0.000000,0.000000,0.000000,0.000000,0.000000,0.000000,0.000000,0.000000,0.000000,0.000000,0.000000,0.000000,0.000000,0.000000,0.000000,0.000000,0.000000,0.000000,0.000000,0.000000
765,1694846651.404085,0,,,0.0000,0.0000,0.0000,0.0000,,,,,,,,,,,0.000000,0.000000,0.000000,0.000000,0.000000,0.000000,0.000000,0.000000,0.000000,0.000000,0.000000,0.000000,0.000000,0.000000,0.000000,0.000000,0.000000,0.000000,0.000000,0.000000,0.000000,0.000000,0.000000,0.000000,0.000000,0.000000,0.000000,0.000000,0.000000,0.000000,0.000000,0.000000,0.000000,0.000000,0.000000,0.000000,0.000000,0.000000,0.000000,0.000000,0.000000,0.000000,0.000000,0.000000,0.000000,0.000000,0.000000,0.000000,0.000000,0.000000,0.000000,0.000000,0.000000,0.000000,0.000000,0.000000,0.000000,0.000000,0.000000,0.000000,0.000000,0.000000,0.000000
766,1694846651.412418,0,,,0.0000,0.0000,0.0000,0.0000,,,,,,,,,,,0.000000,0.000000,0.000000,0.000000,0.000000,0.000000,0.000000,0.000000,0.000000,0.000000,0.000000,0.000000,0.000000,0.000000,0.000000,0.000000,0.000000,0.000000,0.000000,0.000000,0.000000,0.000000,0.000000,0.000000,0.000000,0.000000,0.000000,0.000000,0.000000,0.000000,0.000000,0.000000,0.000000,0.000000,0.000000,0.000000,0.000000,0.000000,0.000000,0.000000,0.000000,0.000000,0.000000,0.000000,0.000000,0.000000,0.000000,0.000000,0.000000,0.000000,0.000000,0.000000,0.000000,0.000000,0.000000,0.000000,0.000000,0.000000,0.000000,0.000000,0.000000,0.000000,0.000000
767,1694846651.420751,0,,,0.0000,0.0000,0.0000,0.0000,,,,,,,,,,,0.000000,0.000000,0.000000,0.000000,0.000000,0.000000,0.000000,0.000000,0.000000,0.000000,0.000000,0.000000,0.000000,0.000000,0.000000,0.000000,0.000000,0.000000,0.000000,0.000000,0.000000,0.000000,0.000000,0.000000,0.000000,0.000000,0.000000,0.000000,0.000000,0.000000,0.000000,0.000000,0.000000,0.000000,0.000000,0.000000,0.000000,0.000000,0.000000,0.000000,0.000000,0.000000,0.000000,0.000000,0.000000,0.000000,0.000000,0.000000,0.000000,0.000000,0.000000,0.000000,0.000000,0.000000,0.000000,0.000000,0.000000,0.000000,0.000000,0.000000,0.000000,0.000000,0.000000
768,1694846651.429085,0,,,0.0000,0.0000,0.0000,0.0000,,,,,,,,,,,0.000000,0.000000,0.000000,0.000000,0.000000,0.000000,0.000000,0.000000,0.000000,0.000000,0.000000,0.000000,0.000000,0.000000,0.000000,0.000000,0.000000,0.000000,0.000000,0.000000,0.000000,0.000000,0.000000,0.000000,0.000000,0.000000,0.000000,0.000000,0.000000,0.000000,0.000000,0.000000,0.000000,0.000000,0.000000,0.000000,0.000000,0.000000,0.000000,0.000000,0.000000,0.000000,0.000000,0.000000,0.000000,0.000000,0.000000,0.000000,0.000000,0.000000,0.000000,0.000000,0.000000,0.000000,0.000000,0.000000,0.000000,0.000000,0.000000,0.000000,0.000000,0.000000,0.000000
769,1694846651.437418,0,,,0.0000,0.0000,0.0000,0.0000,,,,,,,,,,,0.000000,0.000000,0.000000,0.000000,0.000000,0.000000,0.000000,0.000000,0.000000,0.000000,0.000000,0.000000,0.000000,0.000000,0.000000,0.000000,0.000000,0.000000,0.000000,0.000000,0.000000,0.000000,0.000000,0.000000,0.000000,0.000000,0.000000,0.000000,0.000000,0.000000,0.000000,0.000000,0.000000,0.000000,0.000000,0.000000,0.000000,0.000000,0.000000,0.000000,0.000000,0.000000,0.000000,0.000000,0.000000,0.000000,0.000000,0.000000,0.000000,0.000000,0.000000,0.000000,0.000000,0.000000,0.000000,0.000000,0.000000,0.000000,0.000000,0.000000,0.000000,0.000000,0.000000
770,1694846651.445751,0,,,0.0000,0.0000,0.0000,0.0000,,,,,,,,,,,0.000000,0.000000,0.000000,0.000000,0.000000,0.000000,0.000000,0.000000,0.000000,0.000000,0.000000,0.000000,0.000000,0.000000,0.000000,0.000000,0.000000,0.000000,0.000000,0.000000,0.000000,0.000000,0.000000,0.000000,0.000000,0.000000,0.000000,0.000000,0.000000,0.000000,0.000000,0.000000,0.000000,0.000000,0.000000,0.000000,0.000000,0.000000,0.000000,0.000000,0.000000,0.000000,0.000000,0.000000,0.000000,0.000000,0.000000,0.000000,0.000000,0.000000,0.000000,0.000000,0.000000,0.000000,0.000000,0.000000,0.000000,0.000000,0.000000,0.000000,0.000000,0.000000,0.000000
771,1694846651.454085,0,,,0.0000,0.0000,0.0000,0.0000,,,,,,,,,,,0.000000,0.000000,0.000000,0.000000,0.000000,0.000000,0.000000,0.000000,0.000000,0.000000,0.000000,0.000000,0.000000,0.000000,0.000000,0.000000,0.000000,0.000000,0.000000,0.000000,0.000000,0.000000,0.000000,0.000000,0.000000,0.000000,0.000000,0.000000,0.000000,0.000000,0.000000,0.000000,0.000000,0.000000,0.000000,0.000000,0.000000,0.000000,0.000000,0.000000,0.000000,0.000000,0.000000,0.000000,0.000000,0.000000,0.000000,0.000000,0.000000,0.000000,0.000000,0.000000,0.000000,0.000000,0.000000,0.000000,0.000000,0.000000,0.000000,0.000000,0.000000,0.000000,0.000000
772,1694846651.462418,0,,,0.0000,0.0000,0.0000,0.0000,,2432.9264,2.2034,45.1412,121.2096,198.6501,219.9172,230.2058,240.9586,0.000000,0.457596,0.940962,-0.000000,0.388472,0.977485,-0.012978,0.323195,0.933257,-0.019662,0.288659,0.844706,-0.022042,0.287064,0.783626,-0.024107,0.324739,0.814970,-0.035052,0.266970,0.705089,-0.047790,0.239741,0.640475,-0.054001,0.219989,0.588464,-0.058788,0.358511,0.753449,-0.026875,0.303862,0.709598,-0.031710,0.306292,0.753689,-0.021624,0.319613,0.790915,-0.014520,0.389158,0.723707,-0.018634,0.338799,0.705950,-0.024717,0.341627,0.743722,-0.014581,0.355858,0.779309,-0.007325,0.413880,0.708430,-0.010917,0.371246,0.704518,-0.017682,0.369039,0.739604,-0.013774,0.378636,0.768463,-0.009185
773,1694846651.470751,0,78.5194,78.5194,11.5841,0.0000,46.9411,291.7841,17.8776,1403.3301,2.4558,46.6767,117.3490,194.9517,215.9552,226.0696,237.0843,0.000000,0.460666,0.938635,-0.000000,0.389464,0.977267,-0.013641,0.323511,0.931918,-0.019988,0.290056,0.838928,-0.021515,0.290460,0.775133,-0.022936,0.326234,0.812163,-0.036890,0.268213,0.702219,-0.049934,0.240562,0.637550,-0.056032,0.221308,0.585410,-0.060389,0.360856,0.751040,-0.027744,0.306175,0.699937,-0.032056,0.307677,0.742582,-0.021443,0.320603,0.781456,-0.013904,0.391857,0.721987,-0.018507,0.342649,0.700422,-0.024446,0.345109,0.736075,-0.015168,0.358902,0.771816,-0.008391,0.416812,0.706689,-0.009697,0.375148,0.697873,-0.016332,0.374339,0.732069,-0.012800,0.384717,0.762137,-0.008530
774,1694846651.479085,0,-76.1217,-76.1217,-27.5268,-39.1109,62.1380,417.7172,12.0221,3202.3431,2.4577,60.9028,114.0565,190.8779,211.9207,222.2368,233.6478,0.000000,0.460186,0.937862,-0.000000,0.389530,0.974011,-0.014287,0.323967,0.926899,-0.021034,0.290480,0.832927,-0.022871,0.290276,0.771180,-0.024600,0.328227,0.809316,-0.037496,0.270068,0.698564,-0.050553,0.243774,0.634526,-0.057242,0.224980,0.582210,-0.062390,0.362639,0.748170,-0.027963,0.305651,0.700742,-0.031883,0.306135,0.742822,-0.021392,0.318040,0.780015,-0.014436,0.393150,0.719287,-0.018363,0.342235,0.700651,-0.023233,0.343832,0.736946,-0.013297,0.357084,0.773446,-0.006599,0.417951,0.704254,-0.009449,0.375452,0.698511,-0.015989,0.372579,0.732649,-0.012731,0.381578,0.761989,-0.008829
775,1694846651.487418,0,,,0.0000,0.0000,0.0000,0.0000,,,,,,,,,,,0.000000,0.000000,0.000000,0.000000,0.000000,0.000000,0.000000,0.000000,0.000000,0.000000,0.000000,0.000000,0.000000,0.000000,0.000000,0.000000,0.000000,0.000000,0.000000,0.000000,0.000000,0.000000,0.000000,0.000000,0.000000,0.000000,0.000000,0.000000,0.000000,0.000000,0.000000,0.000000,0.000000,0.000000,0.000000,0.000000,0.000000,0.000000,0.000000,0.000000,0.000000,0.000000,0.000000,0.000000,0.000000,0.000000,0.000000,0.000000,0.000000,0.000000,0.000000,0.000000,0.000000,0.000000,0.000000,0.000000,0.000000,0.000000,0.000000,0.000000,0.000000,0.000000,0.000000
776,1694846651.495751,0,81.3799,81.3799,7.4475,0.0000,69.0017,98.1702,,2603.9574,2.8611,92.0363,110.4536,183.6630,204.3785,213.3518,224.1696,0.000000,0.457289,0.924279,-0.000000,0.388892,0.963423,-0.014230,0.324687,0.913420,-0.021004,0.296115,0.817683,-0.022807,0.301809,0.754442,-0.024489,0.334647,0.807511,-0.038276,0.277354,0.696641,-0.053656,0.249596,0.629622,-0.062163,0.229487,0.577277,-0.068162,0.369487,0.745122,-0.030052,0.314402,0.700073,-0.037270,0.315304,0.742122,-0.027773,0.328973,0.779177,-0.020633,0.398176,0.714457,-0.022097,0.347079,0.693254,-0.030581,0.347849,0.730603,-0.021253,0.362008,0.766916,-0.013887,0.420769,0.698172,-0.014670,0.377814,0.692548,-0.023362,0.374924,0.725462,-0.020029,0.385046,0.753491,-0.015546
777,1694846651.504085,0,-68.7266,-68.7266,-2.0187,-9.4662,72.8953,142.7891,52.4900,4329.1767,2.1401,107.3434,104.5543,176.2977,196.8769,206.3291,217.4735,0.000745,0.462753,0.927512,-0.000000,0.392274,0.966886,-0.014197,0.326468,0.916584,-0.019067,0.297083,0.820848,-0.018585,0.296523,0.756435,-0.017662,0.336009,0.797503,-0.036268,0.280098,0.686612,-0.047917,0.254237,0.620861,-0.053931,0.234234,0.568708,-0.058264,0.372580,0.737376,-0.027045,0.316711,0.693777,-0.030469,0.314604,0.733623,-0.019102,0.325925,0.771534,-0.010820,0.402463,0.710842,-0.017987,0.349470,0.697421,-0.024211,0.349309,0.733332,-0.015412,0.362519,0.769145,-0.008446,0.425578,0.696739,-0.009391,0.381727,0.693240,-0.015769,0.378013,0.727143,-0.011975,0.386627,0.757147,-0.007423
778,1694846651.512418,0,-73.7548,-73.7548,-38.0685,-36.0498,74.9085,3188.1310,36.8502,5700.0129,2.0859,124.6775,96.8131,174.4465,193.9865,202.5539,212.2254,0.000959,0.461317,0.923891,-0.000000,0.394326,0.962303,-0.015757,0.329790,0.913806,-0.022114,0.301592,0.819287,-0.023207,0.302060,0.755514,-0.023840,0.339904,0.796330,-0.038224,0.284270,0.686862,-0.051516,0.258204,0.621239,-0.058116,0.237924,0.569949,-0.062728,0.375482,0.736482,-0.029558,0.318181,0.693248,-0.036354,0.314864,0.731649,-0.026984,0.325441,0.766888,-0.019422,0.404336,0.708766,-0.021126,0.349733,0.695678,-0.029778,0.348147,0.732591,-0.021607,0.360792,0.768457,-0.014396,0.426744,0.695043,-0.013383,0.381391,0.695899,-0.022134,0.375828,0.730162,-0.019493,0.383358,0.758963,-0.015033
779,1694846651.520751,0,65.5040,65.5040,35.4064,73.4750,71.8921,3255.2095,69.1739,7030.4272,1.6088,125.5008,96.3023,171.7102,190.3756,198.6642,208.4225,0.001642,0.461228,0.924311,-0.000000,0.393317,0.961475,-0.012838,0.329999,0.910949,-0.017325,0.301485,0.817998,-0.017405,0.299605,0.755567,-0.017111,0.339681,0.792098,-0.031827,0.285150,0.684051,-0.043804,0.259244,0.618314,-0.050308,0.239351,0.566430,-0.054969,0.375709,0.733627,-0.024501,0.319842,0.690578,-0.029927,0.317192,0.729723,-0.020962,0.328392,0.765793,-0.013805,0.405448,0.707619,-0.017430,0.351345,0.694425,-0.024483,0.349824,0.730389,-0.016172,0.362748,0.765966,-0.009203,0.428460,0.695523,-0.010975,0.383749,0.693099,-0.018041,0.378516,0.726319,-0.014667,0.386690,0.756509,-0.009965
780,1694846651.529085,0,-63.4782,-63.4782,-36.2145,-71.6210,69.8686,3837.7719,6.8775,8179.9632,1.9075,129.3364,92.1210,166.6754,185.3411,193.8048,204.6979,0.003448,0.466093,0.929884,-0.000000,0.395905,0.961533,-0.015052,0.330478,0.909754,-0.020521,0.301372,0.814971,-0.020677,0.300885,0.751612,-0.020285,0.341433,0.793059,-0.036572,0.286282,0.679184,-0.047823,0.261085,0.613293,-0.052884,0.241204,0.559823,-0.056629,0.377655,0.735307,-0.027242,0.319851,0.680268,-0.030607,0.313126,0.714229,-0.020195,0.319878,0.750358,-0.012704,0.407153,0.709416,-0.017959,0.352554,0.688650,-0.023689,0.349614,0.722460,-0.015284,0.360001,0.757937,-0.008685,0.430052,0.696254,-0.009355,0.383991,0.689222,-0.015577,0.376957,0.721955,-0.012391,0.383030,0.751616,-0.008270
781,1694846651.537418,0,-60.9005,-60.9005,1.9565,38.1711,53.0724,452.9099,24.3033,9032.8715,2.0457,135.2793,88.8767,164.8459,182.0666,189.7912,199.5436,0.004363,0.466417,0.924433,-0.000000,0.396425,0.958274,-0.013884,0.332822,0.903053,-0.017727,0.305029,0.808139,-0.016305,0.302278,0.746918,-0.014336,0.344434,0.786504,-0.035108,0.290610,0.673607,-0.046104,0.265528,0.608274,-0.051395,0.245564,0.556331,-0.055233,0.380768,0.730129,-0.025818,0.323791,0.683731,-0.028917,0.318941,0.722707,-0.017815,0.328212,0.760010,-0.009761,0.409556,0.706495,-0.016704,0.354762,0.691160,-0.021949,0.351921,0.726905,-0.013290,0.363314,0.763097,-0.006571,0.431596,0.696007,-0.008233,0.386682,0.692630,-0.013894,0.379213,0.725158,-0.010897,0.385060,0.755116,-0.006965
782,1694846651.545751,0,56.6916,56.6916,32.6116,30.6551,62.4972,3196.5190,64.7095,11342.3952,1.8191,137.8735,81.0204,165.4056,182.2729,188.3122,195.7130,0.005195,0.466292,0.921697,-0.000000,0.398247,0.956047,-0.013820,0.334532,0.899628,-0.017678,0.305710,0.803713,-0.016609,0.301467,0.739753,-0.014999,0.345416,0.783548,-0.032602,0.292330,0.673113,-0.042453,0.267714,0.607907,-0.046822,0.248906,0.557709,-0.049927,0.382296,0.726568,-0.023839,0.326079,0.678096,-0.027641,0.321568,0.716862,-0.017302,0.331654,0.755888,-0.009025,0.412203,0.703042,-0.015291,0.358090,0.687751,-0.021176,0.355099,0.723722,-0.013255,0.366546,0.759767,-0.006635,0.434882,0.692419,-0.007299,0.391020,0.689386,-0.013273,0.384302,0.722455,-0.010319,0.390891,0.752591,-0.006192
783,1694846651.554085,0,58.0953,58.0953,-1.8522,-34.4638,59.9881,449.8417,11.8528,9713.1940,1.9515,140.7716,78.0974,159.2345,175.2043,181.4198,190.0369,0.008150,0.466416,0.919580,-0.000000,0.396628,0.952615,-0.013505,0.334796,0.894663,-0.017324,0.308603,0.798487,-0.016344,0.305032,0.735891,-0.014904,0.346997,0.779240,-0.032344,0.295011,0.666601,-0.043481,0.271116,0.600444,-0.049127,0.252340,0.549341,-0.053111,0.384364,0.723910,-0.024004,0.330275,0.678355,-0.028396,0.327041,0.717728,-0.018461,0.337325,0.755140,-0.010731,0.414448,0.701725,-0.016019,0.362155,0.687354,-0.022780,0.359961,0.724697,-0.014676,0.371770,0.760951,-0.007873,0.437627,0.692219,-0.008595,0.395379,0.689020,-0.015107,0.388908,0.722564,-0.012005,0.395404,0.752769,-0.007746
784,1694846651.562418,0,58.2169,58.2169,30.4238,32.2760,58.7259,2947.2717,8.2498,5623.6984,1.7970,132.3974,75.7839,156.9639,171.5524,177.1491,185.3882,0.011365,0.466540,0.913620,-0.000000,0.399837,0.946322,-0.011502,0.338180,0.889550,-0.015042,0.310098,0.797231,-0.013597,0.308356,0.737144,-0.012131,0.349798,0.780909,-0.035020,0.298713,0.667489,-0.045188,0.274888,0.601136,-0.050592,0.255990,0.549087,-0.054463,0.386255,0.725274,-0.027046,0.329587,0.674329,-0.029504,0.321966,0.708237,-0.018671,0.328718,0.743480,-0.010539,0.416507,0.702974,-0.018670,0.361806,0.688279,-0.022175,0.357660,0.721177,-0.013088,0.368079,0.755336,-0.006199,0.439397,0.693751,-0.010680,0.396524,0.691097,-0.014312,0.389749,0.721293,-0.009758,0.396008,0.749564,-0.004935
785,1694846651.570751,0,-52.2780,-52.2780,2.1556,-28.2682,56.0433,596.5858,50.8387,6443.3653,1.9060,131.4730,73.8297,153.3716,167.2692,171.4564,178.3167,0.015556,0.469892,0.910494,-0.000000,0.401442,0.943742,-0.012154,0.338285,0.883868,-0.014850,0.310565,0.789814,-0.012194,0.310185,0.730373,-0.009328,0.353080,0.774028,-0.033808,0.301932,0.662055,-0.041845,0.278822,0.597549,-0.045986,0.260901,0.545866,-0.049588,0.390363,0.719630,-0.024996,0.332135,0.669736,-0.025915,0.326106,0.707287,-0.014524,0.334928,0.742637,-0.006567,0.420061,0.698734,-0.015861,0.363481,0.679962,-0.018184,0.358861,0.714461,-0.008865,0.369460,0.749111,-0.002501,0.442037,0.691158,-0.007232,0.397473,0.684720,-0.011041,0.390103,0.714784,-0.007361,0.396303,0.743777,-0.003536
786,1694846651.579085,1,46.1966,46.1966,-2.6238,-4.7794,43.0644,694.3395,34.6276,4537.8715,2.0141,132.6319,72.9833,146.6206,160.0530,164.3327,171.0948,0.017927,0.473430,0.914918,-0.000000,0.403169,0.945708,-0.010038,0.341735,0.884677,-0.011340,0.313955,0.791247,-0.008127,0.310735,0.730846,-0.004671,0.354146,0.768956,-0.027859,0.306981,0.655497,-0.036334,0.283760,0.589763,-0.041262,0.265321,0.537928,-0.045073,0.392000,0.716585,-0.020375,0.337386,0.670071,-0.021472,0.332595,0.711275,-0.010277,0.342640,0.750390,-0.001944,0.423273,0.698076,-0.012839,0.369580,0.681710,-0.016373,0.367022,0.717954,-0.007008,0.379056,0.753362,0.000082,0.447743,0.691960,-0.005621,0.405528,0.685892,-0.009388,0.400058,0.719123,-0.004434,0.407772,0.749939,0.000658
787,1694846651.587418,1,-40.7051,-40.7051,-24.7001,-22.0763,49.6418,2229.5466,38.5427,3994.6385,2.0039,138.9159,67.3713,140.8485,151.8797,154.7616,160.5641,0.017034,0.477780,0.917895,-0.000000,0.406300,0.950005,-0.008818,0.344664,0.883803,-0.008836,0.318119,0.786988,-0.004304,0.318939,0.728214,0.000546,0.356975,0.767203,-0.026003,0.310158,0.650340,-0.032900,0.288949,0.584469,-0.036750,0.272717,0.531763,-0.040160,0.395051,0.714232,-0.017313,0.342666,0.672130,-0.015043,0.341721,0.716673,-0.001941,0.354058,0.753454,0.006498,0.426044,0.695356,-0.008676,0.374723,0.680081,-0.008873,0.373324,0.718101,0.000899,0.385617,0.753701,0.006945,0.450096,0.690204,-0.000381,0.409808,0.684908,-0.001902,0.404862,0.716992,0.002176,0.412714,0.747472,0.005803
788,1694846651.595751,1,-45.3482,-45.3482,-25.8913,-1.1912,48.4554,1934.2546,44.3413,5008.9439,2.9543,145.0262,65.8441,140.2748,149.5289,151.4293,156.0176,0.016914,0.476071,0.911100,-0.000000,0.406066,0.942036,-0.009497,0.345865,0.879149,-0.012319,0.319901,0.781784,-0.010904,0.321133,0.718886,-0.009557,0.359237,0.765839,-0.028821,0.313497,0.651549,-0.037336,0.292002,0.584720,-0.041889,0.275855,0.530809,-0.045372,0.397871,0.714477,-0.021611,0.346405,0.660053,-0.022596,0.342181,0.701695,-0.010702,0.352961,0.743699,-0.001590,0.430719,0.697927,-0.014165,0.380735,0.677689,-0.017762,0.377929,0.713933,-0.008819,0.390232,0.751054,-0.001767,0.456171,0.693445,-0.006781,0.417246,0.686080,-0.009630,0.413176,0.719425,-0.004521,0.422400,0.750346,0.000490
789,1694846651.604085,1,42.8442,42.8442,23.7806,49.6718,44.5650,1990.0429,25.0607,4523.3223,2.9510,137.3912,75.2588,135.9749,143.8121,146.5697,152.0448,0.021094,0.477275,0.909674,-0.000000,0.409714,0.942312,-0.010753,0.347617,0.877555,-0.014284,0.322288,0.777229,-0.013674,0.327272,0.715418,-0.012991,0.362534,0.769504,-0.027936,0.317713,0.653341,-0.036018,0.296236,0.585104,-0.040333,0.279908,0.529771,-0.044287,0.400905,0.717183,-0.020962,0.351420,0.667416,-0.024239,0.349305,0.711636,-0.013914,0.361368,0.751795,-0.005609,0.433193,0.698773,-0.013803,0.384930,0.680280,-0.018811,0.382846,0.717930,-0.009481,0.395616,0.753941,-0.002099,0.458476,0.693627,-0.006950,0.420483,0.686979,-0.011453,0.416737,0.720298,-0.006628,0.426453,0.749473,-0.001541
790,1694846651.612418,1,45.8052,45.8052,-0.0978,-23.8784,43.1395,746.5482,16.0373,5353.7447,3.1681,142.0833,71.2940,136.2904,141.4966,141.8482,146.0143,0.017519,0.482157,0.909993,-0.000000,0.413264,0.942299,-0.010021,0.350927,0.877631,-0.013437,0.324502,0.778320,-0.012721,0.327792,0.715601,-0.012108,0.366696,0.768565,-0.028265,0.322605,0.651275,-0.037401,0.301672,0.582974,-0.042854,0.285637,0.528422,-0.047339,0.405606,0.716169,-0.021095,0.355387,0.665297,-0.023452,0.353220,0.709214,-0.012316,0.365467,0.749823,-0.003775,0.438375,0.698796,-0.013816,0.389108,0.679206,-0.018115,0.387719,0.716569,-0.008558,0.401296,0.752988,-0.001268,0.463956,0.693973,-0.006748,0.425510,0.687493,-0.010838,0.422560,0.722168,-0.005924,0.433262,0.752339,-0.000962
791,1694846651.620751,1,-41.3496,-41.3496,-0.1611,-0.0633,42.5594,614.3019,19.8579,5594.9327,2.2048,139.1042,64.4680,132.8830,135.4598,134.2264,137.3101,0.012612,0.485691,0.907422,-0.000000,0.415733,0.938485,-0.010917,0.354938,0.872518,-0.014570,0.333243,0.771248,-0.014490,0.340735,0.707179,-0.014482,0.373259,0.765101,-0.026760,0.330081,0.653553,-0.035576,0.308908,0.584522,-0.041197,0.293114,0.528521,-0.046213,0.412859,0.715129,-0.021198,0.366701,0.669542,-0.026709,0.363059,0.711426,-0.019004,0.374421,0.749588,-0.012501,0.445147,0.698305,-0.015538,0.399802,0.683577,-0.022114,0.396397,0.718866,-0.013526,0.408944,0.753876,-0.006615,0.469748,0.694632,-0.010342,0.432659,0.688436,-0.015801,0.429359,0.721506,-0.010449,0.439635,0.750704,-0.004882
792,1694846651.629085,1,46.7297,46.7297,23.0195,23.1806,43.3813,789.3532,14.0847,4847.5938,1.9894,140.4182,66.9991,134.3681,133.0590,127.8478,126.1441,0.008647,0.487978,0.910389,-0.000000,0.419999,0.939502,-0.009651,0.359426,0.870141,-0.013768,0.338291,0.769874,-0.014381,0.346064,0.709140,-0.015356,0.375222,0.770477,-0.027267,0.336652,0.656399,-0.038453,0.318479,0.585072,-0.045921,0.305680,0.528481,-0.051807,0.415176,0.719907,-0.022028,0.369313,0.667806,-0.027639,0.365888,0.709197,-0.018943,0.376463,0.748569,-0.011466,0.448318,0.703057,-0.016800,0.402956,0.679506,-0.023797,0.399647,0.715626,-0.014952,0.411273,0.752682,-0.007444,0.474519,0.699299,-0.011762,0.437293,0.689749,-0.017928,0.433463,0.721871,-0.013056,0.442872,0.751065,-0.007611
793,1694846651.637418,1,-31.9936,-31.9936,-18.7095,-41.7289,40.2022,484.9594,55.2222,5253.0568,2.1026,130.0509,65.3458,137.6578,131.7023,121.9804,115.1301,0.003514,0.492375,0.917845,-0.000000,0.424183,0.941871,-0.008434,0.364483,0.871198,-0.011141,0.344107,0.772319,-0.010539,0.353414,0.714173,-0.009840,0.381079,0.766108,-0.024358,0.344624,0.651343,-0.031702,0.328660,0.584152,-0.035538,0.317339,0.531027,-0.039087,0.420793,0.720650,-0.019582,0.378098,0.668979,-0.023506,0.375481,0.709614,-0.014616,0.385524,0.748783,-0.007223,0.453856,0.705963,-0.014597,0.410420,0.683104,-0.020051,0.407967,0.719254,-0.011708,0.418836,0.755727,-0.004881,0.480240,0.703134,-0.009771,0.444667,0.691359,-0.013676,0.440131,0.723069,-0.008682,0.447788,0.753109,-0.003576
794,1694846651.645751,1,32.2762,32.2762,-3.3822,15.3272,38.7998,930.7705,8.4135,5322.1240,2.4025,133.5849,74.8766,134.7659,125.3379,113.0666,104.0931,0.002754,0.495832,0.922332,-0.000000,0.426513,0.942007,-0.008055,0.368117,0.869430,-0.010891,0.349085,0.769789,-0.010651,0.357898,0.711598,-0.010309,0.384579,0.763019,-0.022569,0.350844,0.646048,-0.030130,0.337223,0.578167,-0.034519,0.328200,0.523453,-0.038527,0.424681,0.719033,-0.017334,0.383264,0.675499,-0.021398,0.382092,0.720798,-0.012652,0.393146,0.760275,-0.005483,0.457869,0.705169,-0.012007,0.414931,0.688840,-0.017417,0.413090,0.728118,-0.008847,0.424015,0.765887,-0.001944,0.484744,0.702000,-0.006863,0.449178,0.693794,-0.011043,0.445232,0.727649,-0.006285,0.453028,0.758265,-0.001153
795,1694846651.654085,1,31.5436,31.5436,18.2233,21.6055,36.5429,667.3450,0.1904,5273.4103,1.4109,144.7562,82.1480,132.6885,119.2616,103.5066,91.2390,0.001229,0.499186,0.927383,-0.000000,0.428805,0.945546,-0.008438,0.372105,0.870352,-0.010957,0.355963,0.766976,-0.010356,0.365946,0.708549,-0.009800,0.392232,0.757437,-0.023148,0.360439,0.641129,-0.030553,0.346576,0.571479,-0.035312,0.337281,0.513962,-0.039941,0.434255,0.715915,-0.017810,0.394252,0.677607,-0.021063,0.391327,0.724408,-0.012176,0.402334,0.761157,-0.005773,0.467880,0.705313,-0.012388,0.426866,0.689717,-0.017596,0.423442,0.726162,-0.008856,0.434431,0.761667,-0.002513,0.493904,0.706622,-0.007191,0.459326,0.698391,-0.011526,0.455191,0.731474,-0.006498,0.463576,0.761660,-0.001499
796,1694846651.662418,1,31.6127,31.6127,-3.7793,-22.0026,27.6259,1089.4053,7.4372,5269.7970,1.7149,146.6481,91.1690,135.4851,119.2694,100.5694,84.3312,0.000370,0.503745,0.930517,-0.000000,0.432642,0.947730,-0.010438,0.376663,0.871903,-0.013538,0.361007,0.768259,-0.013583,0.370674,0.709269,-0.013522,0.400199,0.760920,-0.023221,0.367717,0.641482,-0.030799,0.353797,0.571215,-0.035222,0.344538,0.512610,-0.039851,0.441806,0.719171,-0.018114,0.400202,0.680674,-0.024461,0.397790,0.728618,-0.017447,0.409693,0.764994,-0.011696,0.474710,0.706946,-0.013115,0.431602,0.691592,-0.020300,0.428994,0.729925,-0.011575,0.440987,0.764399,-0.004777,0.500223,0.706656,-0.008734,0.463534,0.698059,-0.014779,0.459491,0.731190,-0.010311,0.468663,0.760339,-0.005354
797,1694846651.670751,1,-29.2531,-29.2531,0.6851,4.4644,30.5997,977.0810,14.0241,6477.4833,1.7792,145.3395,91.6054,140.3475,121.4441,99.5771,78.2411,0.000000,0.508977,0.931053,-0.000000,0.439184,0.950201,-0.009571,0.380532,0.874088,-0.012530,0.365674,0.768546,-0.012192,0.382756,0.710203,-0.011740,0.405425,0.762381,-0.024600,0.375703,0.643034,-0.031047,0.362062,0.573509,-0.034267,0.352775,0.516812,-0.038107,0.447720,0.720855,-0.019148,0.408366,0.684818,-0.023095,0.405407,0.731395,-0.013788,0.416761,0.767544,-0.006859,0.480986,0.710501,-0.013649,0.440315,0.697858,-0.019582,0.437689,0.734574,-0.010884,0.449206,0.768190,-0.004431,0.506981,0.711743,-0.008492,0.472317,0.707603,-0.013581,0.469226,0.740651,-0.009223,0.478592,0.768999,-0.004632
798,1694846651.679085,1,-27.8617,-27.8617,-15.0345,-15.7196,29.5786,1786.2386,2.3801,4698.9948,2.8327,142.1829,96.3179,146.5169,124.6282,100.1109,74.3846,0.000000,0.513535,0.936474,-0.000000,0.443785,0.950114,-0.009318,0.385936,0.873758,-0.012190,0.371138,0.769975,-0.012065,0.387400,0.713521,-0.011765,0.411173,0.765171,-0.023076,0.382358,0.645539,-0.030119,0.369547,0.575922,-0.034070,0.360658,0.518504,-0.038644,0.453551,0.724882,-0.018160,0.414336,0.688351,-0.022900,0.411209,0.734965,-0.014793,0.421860,0.770970,-0.008753,0.486636,0.714664,-0.013262,0.446940,0.702439,-0.019257,0.444595,0.739253,-0.010576,0.455633,0.773561,-0.004262,0.512619,0.716308,-0.008875,0.479345,0.711391,-0.014682,0.476232,0.744880,-0.010778,0.485076,0.774403,-0.006384
799,1694846651.687418,1,23.8200,23.8200,-1.9309,13.1036,28.3388,996.4007,28.1519,3651.4025,2.0821,148.6088,108.0027,150.8217,125.8567,98.0201,67.1878,0.000000,0.518017,0.939741,-0.000000,0.447284,0.949535,-0.008156,0.390031,0.871594,-0.010142,0.376633,0.768011,-0.009191,0.393103,0.710643,-0.007893,0.418359,0.762025,-0.021628,0.391258,0.642439,-0.027876,0.378333,0.572908,-0.031311,0.368408,0.515900,-0.035473,0.461283,0.724589,-0.017118,0.419304,0.681795,-0.021645,0.414237,0.729361,-0.013399,0.424521,0.767473,-0.007121,0.493209,0.715397,-0.012439,0.449871,0.695063,-0.017940,0.444494,0.731819,-0.008629,0.454246,0.768451,-0.001857,0.517221,0.717538,-0.008207,0.480160,0.709676,-0.012942,0.475314,0.742986,-0.008186,0.483561,0.773392,-0.003374
800,1694846651.695751,1,,,0.0000,0.0000,0.0000,0.0000,,,,,,,,,,,0.000000,0.000000,0.000000,0.000000,0.000000,0.000000,0.000000,0.000000,0.000000,0.000000,0.000000,0.000000,0.000000,0.000000,0.000000,0.000000,0.000000,0.000000,0.000000,0.000000,0.000000,0.000000,0.000000,0.000000,0.000000,0.000000,0.000000,0.000000,0.000000,0.000000,0.000000,0.000000,0.000000,0.000000,0.000000,0.000000,0.000000,0.000000,0.000000,0.000000,0.000000,0.000000,0.000000,0.000000,0.000000,0.000000,0.000000,0.000000,0.000000,0.000000,0.000000,0.000000,0.000000,0.000000,0.000000,0.000000,0.000000,0.000000,0.000000,0.000000,0.000000,0.000000,0.000000
801,1694846651.704085,0,,,0.0000,0.0000,0.0000,0.0000,,4119.5052,2.2979,103.7971,129.5560,175.6375,146.9871,114.3217,73.5664,0.000000,0.522179,0.942573,-0.000000,0.452038,0.949538,-0.007395,0.399094,0.868929,-0.009187,0.386320,0.764208,-0.007729,0.399976,0.706572,-0.006056,0.427857,0.767896,-0.021787,0.407778,0.650317,-0.026316,0.398552,0.581644,-0.028039,0.391788,0.526970,-0.030559,0.470177,0.729956,-0.017064,0.431511,0.686170,-0.018358,0.426374,0.730604,-0.008327,0.435153,0.769999,-0.000865,0.501782,0.720804,-0.012116,0.460444,0.704721,-0.014741,0.455581,0.741408,-0.006460,0.463993,0.776890,-0.000694,0.525402,0.721973,-0.007368,0.490672,0.716519,-0.008730,0.486213,0.747886,-0.004142,0.492525,0.776681,-0.000092
802,1694846651.712418,0,,,0.0000,0.0000,0.0000,0.0000,,,,,,,,,,,0.000000,0.000000,0.000000,0.000000,0.000000,0.000000,0.000000,0.000000,0.000000,0.000000,0.000000,0.000000,0.000000,0.000000,0.000000,0.000000,0.000000,0.000000,0.000000,0.000000,0.000000,0.000000,0.000000,0.000000,0.000000,0.000000,0.000000,0.000000,0.000000,0.000000,0.000000,0.000000,0.000000,0.000000,0.000000,0.000000,0.000000,0.000000,0.000000,0.000000,0.000000,0.000000,0.000000,0.000000,0.000000,0.000000,0.000000,0.000000,0.000000,0.000000,0.000000,0.000000,0.000000,0.000000,0.000000,0.000000,0.000000,0.000000,0.000000,0.000000,0.000000,0.000000,0.000000
803,1694846651.720751,0,,,0.0000,0.0000,0.0000,0.0000,,4543.8013,3.1284,66.9560,146.2622,187.7688,157.1529,122.8479,78.9322,0.000000,0.528350,0.943867,-0.000000,0.457830,0.945308,-0.006879,0.404891,0.865845,-0.007627,0.392310,0.762557,-0.005013,0.407519,0.707403,-0.001693,0.438725,0.760154,-0.021039,0.418602,0.641557,-0.023658,0.410555,0.577218,-0.023386,0.404433,0.524783,-0.024622,0.481625,0.727041,-0.015427,0.440154,0.678748,-0.015761,0.433629,0.722762,-0.005213,0.442223,0.761301,0.002315,0.512789,0.721123,-0.009256,0.469056,0.697231,-0.011711,0.462698,0.733001,-0.003075,0.470937,0.769726,0.002990,0.535790,0.724252,-0.003152,0.500102,0.713067,-0.004766,0.494402,0.743394,-0.000411,0.500607,0.773215,0.003616
804,1694846651.729085,0,,,0.0000,0.0000,0.0000,0.0000,17.3198,4035.3124,2.9804,66.1258,153.8053,192.8157,160.3200,124.9223,79.4512,0.000000,0.529729,0.945180,-0.000000,0.459578,0.947208,-0.007927,0.407020,0.865681,-0.009172,0.395603,0.760777,-0.007223,0.411905,0.704173,-0.004590,0.441006,0.759264,-0.019663,0.422257,0.640087,-0.022367,0.415042,0.575447,-0.022321,0.409674,0.522721,-0.023782,0.484063,0.726626,-0.013880,0.443719,0.683644,-0.014947,0.438015,0.728135,-0.005402,0.447056,0.765228,0.001533,0.515192,0.721280,-0.007804,0.472706,0.701114,-0.010699,0.467300,0.737385,-0.002543,0.475868,0.772830,0.003197,0.538288,0.725354,-0.001979,0.503404,0.716807,-0.003954,0.498379,0.747265,0.000051,0.504981,0.776141,0.003933
805,1694846651.737418,0,,,0.0000,0.0000,0.0000,0.0000,,,,,,,,,,,0.000000,0.000000,0.000000,0.000000,0.000000,0.000000,0.000000,0.000000,0.000000,0.000000,0.000000,0.000000,0.000000,0.000000,0.000000,0.000000,0.000000,0.000000,0.000000,0.000000,0.000000,0.000000,0.000000,0.000000,0.000000,0.000000,0.000000,0.000000,0.000000,0.000000,0.000000,0.000000,0.000000,0.000000,0.000000,0.000000,0.000000,0.000000,0.000000,0.000000,0.000000,0.000000,0.000000,0.000000,0.000000,0.000000,0.000000,0.000000,0.000000,0.000000,0.000000,0.000000,0.000000,0.000000,0.000000,0.000000,0.000000,0.000000,0.000000,0.000000,0.000000,0.000000,0.000000
806,1694846651.745751,0,,,0.0000,0.0000,0.0000,0.0000,,4012.9621,3.3461,61.6744,165.8757,199.7982,165.6520,128.8147,81.9199,0.000000,0.531836,0.944488,-0.000000,0.461837,0.944805,-0.007289,0.410182,0.862634,-0.008608,0.399820,0.756494,-0.006508,0.418140,0.702429,-0.003864,0.446027,0.755973,-0.021941,0.429471,0.632616,-0.024190,0.423510,0.566398,-0.023727,0.418705,0.513447,-0.025024,0.489644,0.724273,-0.015881,0.449519,0.680739,-0.016251,0.443247,0.725579,-0.005830,0.451204,0.764362,0.001566,0.520890,0.720304,-0.009155,0.478711,0.701872,-0.010828,0.473234,0.737745,-0.002328,0.481209,0.774778,0.003346,0.543640,0.725924,-0.002584,0.509669,0.719197,-0.004069,0.504715,0.749615,-0.000294,0.510979,0.778898,0.003363
807,1694846651.754085,0,,,0.0000,0.0000,0.0000,0.0000,,,,,,,,,,,0.000000,0.000000,0.000000,0.000000,0.000000,0.000000,0.000000,0.000000,0.000000,0.000000,0.000000,0.000000,0.000000,0.000000,0.000000,0.000000,0.000000,0.000000,0.000000,0.000000,0.000000,0.000000,0.000000,0.000000,0.000000,0.000000,0.000000,0.000000,0.000000,0.000000,0.000000,0.000000,0.000000,0.000000,0.000000,0.000000,0.000000,0.000000,0.000000,0.000000,0.000000,0.000000,0.000000,0.000000,0.000000,0.000000,0.000000,0.000000,0.000000,0.000000,0.000000,0.000000,0.000000,0.000000,0.000000,0.000000,0.000000,0.000000,0.000000,0.000000,0.000000,0.000000,0.000000
808,1694846651.762418,0,,,0.0000,0.0000,0.0000,0.0000,,3932.6786,2.8130,71.3418,177.6206,208.0140,173.5931,136.5096,89.2375,0.000000,0.533290,0.944208,-0.000000,0.462131,0.943678,-0.009162,0.411047,0.853215,-0.011074,0.404283,0.743926,-0.009963,0.426444,0.691581,-0.008466,0.448188,0.750322,-0.018329,0.434391,0.630775,-0.019846,0.428874,0.563657,-0.019384,0.425633,0.510214,-0.020905,0.491768,0.721986,-0.012645,0.457357,0.683823,-0.014581,0.451054,0.728083,-0.006449,0.459111,0.766621,-0.000134,0.523434,0.719292,-0.006795,0.485403,0.701734,-0.010682,0.479609,0.738283,-0.004149,0.487166,0.775107,0.000874,0.547129,0.724828,-0.001283,0.514294,0.716465,-0.004134,0.509160,0.747459,-0.000972,0.515580,0.777759,0.002582
809,1694846651.770751,0,,,0.0000,0.0000,0.0000,0.0000,65.7378,4883.7896,2.6455,85.3110,183.2305,211.3742,176.3595,139.1889,91.6299,0.000000,0.534912,0.937220,-0.000000,0.463659,0.942196,-0.010268,0.411271,0.851465,-0.012781,0.405539,0.742568,-0.011070,0.429595,0.691520,-0.008964,0.448546,0.756092,-0.024672,0.435444,0.633276,-0.029796,0.430713,0.563040,-0.032421,0.428701,0.506881,-0.035788,0.492806,0.723520,-0.018299,0.457096,0.674933,-0.019979,0.449066,0.719111,-0.009960,0.456421,0.757302,-0.002596,0.524154,0.718584,-0.011986,0.484778,0.697816,-0.014601,0.478142,0.734142,-0.006375,0.485909,0.769093,-0.000760,0.547457,0.722797,-0.006199,0.513319,0.716064,-0.008091,0.508407,0.747162,-0.004042,0.514828,0.775520,-0.000315
810,1694846651.779085,0,,,0.0000,0.0000,0.0000,0.0000,,,,,,,,,,,0.000000,0.000000,0.000000,0.000000,0.000000,0.000000,0.000000,0.000000,0.000000,0.000000,0.000000,0.000000,0.000000,0.000000,0.000000,0.000000,0.000000,0.000000,0.000000,0.000000,0.000000,0.000000,0.000000,0.000000,0.000000,0.000000,0.000000,0.000000,0.000000,0.000000,0.000000,0.000000,0.000000,0.000000,0.000000,0.000000,0.000000,0.000000,0.000000,0.000000,0.000000,0.000000,0.000000,0.000000,0.000000,0.000000,0.000000,0.000000,0.000000,0.000000,0.000000,0.000000,0.000000,0.000000,0.000000,0.000000,0.000000,0.000000,0.000000,0.000000,0.000000,0.000000,0.000000
811,1694846651.787418,0,,,0.0000,0.0000,0.0000,0.0000,,4193.5355,2.0526,80.2199,187.7882,211.5420,175.6875,137.9052,90.5945,0.000000,0.534661,0.937659,-0.000000,0.463148,0.938135,-0.007179,0.412741,0.852403,-0.008660,0.404060,0.745189,-0.006349,0.423281,0.691786,-0.003781,0.448109,0.751492,-0.024314,0.434881,0.624258,-0.027018,0.431901,0.552754,-0.027131,0.429752,0.496672,-0.028584,0.491753,0.720036,-0.017922,0.454577,0.671116,-0.017758,0.446532,0.713915,-0.006793,0.452356,0.753773,0.001124,0.523013,0.716148,-0.010660,0.481675,0.694862,-0.011216,0.474803,0.728672,-0.002700,0.481300,0.765673,0.002940,0.545808,0.721254,-0.003433,0.509667,0.713263,-0.003174,0.503473,0.742253,0.001393,0.508275,0.771174,0.005404
812,1694846651.795751,0,,,0.0000,0.0000,0.0000,0.0000,30.7244,4136.6452,1.8736,84.3094,187.8247,212.3470,176.2737,138.9855,91.8933,0.000000,0.534073,0.935252,-0.000000,0.463845,0.938212,-0.007926,0.411993,0.853436,-0.009712,0.401590,0.746078,-0.008010,0.421374,0.692555,-0.005782,0.449182,0.748808,-0.023099,0.435313,0.621281,-0.026228,0.432065,0.550765,-0.026325,0.430236,0.495465,-0.027901,0.493162,0.718522,-0.017115,0.454363,0.674714,-0.018553,0.446942,0.718483,-0.008358,0.454703,0.755520,-0.001087,0.524165,0.715135,-0.010515,0.482659,0.693953,-0.012772,0.476315,0.728876,-0.003508,0.484376,0.764718,0.002706,0.546462,0.721209,-0.004186,0.511662,0.710995,-0.005660,0.506675,0.741297,-0.000951,0.513592,0.770519,0.003413
813,1694846651.804085,0,,,0.0000,0.0000,0.0000,0.0000,,,,,,,,,,,0.000000,0.000000,0.000000,0.000000,0.000000,0.000000,0.000000,0.000000,0.000000,0.000000,0.000000,0.000000,0.000000,0.000000,0.000000,0.000000,0.000000,0.000000,0.000000,0.000000,0.000000,0.000000,0.000000,0.000000,0.000000,0.000000,0.000000,0.000000,0.000000,0.000000,0.000000,0.000000,0.000000,0.000000,0.000000,0.000000,0.000000,0.000000,0.000000,0.000000,0.000000,0.000000,0.000000,0.000000,0.000000,0.000000,0.000000,0.000000,0.000000,0.000000,0.000000,0.000000,0.000000,0.000000,0.000000,0.000000,0.000000,0.000000,0.000000,0.000000,0.000000,0.000000,0.000000
814,1694846651.812418,0,,,0.0000,0.0000,0.0000,0.0000,,3987.4630,1.8740,83.3063,189.6729,208.8002,172.9815,135.1486,88.3612,0.000000,0.531653,0.927902,-0.000000,0.461389,0.933976,-0.007596,0.409457,0.848862,-0.010367,0.400924,0.741343,-0.009708,0.421901,0.687522,-0.009354,0.444700,0.746224,-0.024235,0.431113,0.620754,-0.028334,0.428473,0.546668,-0.030034,0.427913,0.488631,-0.032303,0.488263,0.713171,-0.018603,0.452399,0.672406,-0.019164,0.445182,0.715881,-0.008526,0.452393,0.755012,-0.000625,0.520045,0.709269,-0.012431,0.479905,0.694306,-0.014197,0.474482,0.730911,-0.006280,0.482064,0.766609,-0.000666,0.543374,0.713795,-0.006228,0.507185,0.709535,-0.006653,0.503063,0.741074,-0.001773,0.509644,0.768374,0.002671
815,1694846651.820751,0,,,0.0000,0.0000,0.0000,0.0000,,,,,,,,,,,0.000000,0.000000,0.000000,0.000000,0.000000,0.000000,0.000000,0.000000,0.000000,0.000000,0.000000,0.000000,0.000000,0.000000,0.000000,0.000000,0.000000,0.000000,0.000000,0.000000,0.000000,0.000000,0.000000,0.000000,0.000000,0.000000,0.000000,0.000000,0.000000,0.000000,0.000000,0.000000,0.000000,0.000000,0.000000,0.000000,0.000000,0.000000,0.000000,0.000000,0.000000,0.000000,0.000000,0.000000,0.000000,0.000000,0.000000,0.000000,0.000000,0.000000,0.000000,0.000000,0.000000,0.000000,0.000000,0.000000,0.000000,0.000000,0.000000,0.000000,0.000000,0.000000,0.000000
816,1694846651.829085,0,,,0.0000,0.0000,0.0000,0.0000,,,,,,,,,,,0.000000,0.000000,0.000000,0.000000,0.000000,0.000000,0.000000,0.000000,0.000000,0.000000,0.000000,0.000000,0.000000,0.000000,0.000000,0.000000,0.000000,0.000000,0.000000,0.000000,0.000000,0.000000,0.000000,0.000000,0.000000,0.000000,0.000000,0.000000,0.000000,0.000000,0.000000,0.000000,0.000000,0.000000,0.000000,0.000000,0.000000,0.000000,0.000000,0.000000,0.000000,0.000000,0.000000,0.000000,0.000000,0.000000,0.000000,0.000000,0.000000,0.000000,0.000000,0.000000,0.000000,0.000000,0.000000,0.000000,0.000000,0.000000,0.000000,0.000000,0.000000,0.000000,0.000000
817,1694846651.837418,0,,,0.0000,0.0000,0.0000,0.0000,,4508.2609,2.0248,87.2577,185.5785,203.3553,166.6320,129.0175,81.7015,0.000000,0.527082,0.929800,-0.000000,0.455293,0.934191,-0.008292,0.404100,0.849081,-0.010025,0.394184,0.739381,-0.008180,0.411949,0.682136,-0.006108,0.439847,0.741218,-0.022020,0.426370,0.612803,-0.024033,0.424274,0.539407,-0.024080,0.423274,0.482961,-0.025567,0.483443,0.708775,-0.015518,0.444624,0.671310,-0.015825,0.437770,0.714824,-0.006233,0.445061,0.752860,0.000718,0.514792,0.705260,-0.008403,0.472633,0.691577,-0.009722,0.467860,0.725735,-0.001876,0.475917,0.760900,0.003510,0.537842,0.711222,-0.001484,0.501266,0.704239,-0.001942,0.496175,0.733739,0.002542,0.501970,0.761535,0.006865
818,1694846651.845751,0,,,0.0000,0.0000,0.0000,0.0000,52.6792,3877.5126,2.5902,85.0764,178.9537,198.7298,162.5175,124.4932,77.3023,0.000000,0.524764,0.931897,-0.000000,0.454526,0.933310,-0.008221,0.401742,0.844934,-0.009946,0.392834,0.735646,-0.007793,0.414502,0.681932,-0.005376,0.437695,0.744404,-0.025166,0.424115,0.614979,-0.028757,0.419956,0.541678,-0.029535,0.417003,0.484517,-0.031542,0.480974,0.712742,-0.018608,0.445711,0.668058,-0.018452,0.438832,0.709455,-0.007017,0.445806,0.746565,0.000654,0.512378,0.708030,-0.011519,0.473555,0.687810,-0.013159,0.468007,0.721164,-0.004441,0.475147,0.757759,0.001175,0.535873,0.711633,-0.004612,0.502077,0.701736,-0.006100,0.497229,0.732621,-0.001610,0.503017,0.763486,0.002472
819,1694846651.854085,0,,,0.0000,0.0000,0.0000,0.0000,33.1943,3726.8590,3.7054,85.3812,176.5341,195.1455,158.7405,120.7981,73.5398,0.000000,0.523963,0.925749,-0.000000,0.452496,0.934053,-0.008458,0.399000,0.853040,-0.011388,0.387385,0.743306,-0.011019,0.405296,0.684682,-0.010380,0.433579,0.745748,-0.023654,0.419681,0.617991,-0.028395,0.416198,0.542810,-0.030272,0.414069,0.485091,-0.032890,0.477020,0.710913,-0.018517,0.438978,0.666978,-0.021698,0.432590,0.709927,-0.012729,0.440248,0.749170,-0.005673,0.508763,0.704767,-0.012897,0.467200,0.685356,-0.016605,0.461886,0.719336,-0.007850,0.469693,0.755050,-0.001349,0.532036,0.708665,-0.007561,0.495478,0.699837,-0.009570,0.490215,0.729785,-0.004501,0.496480,0.757667,0.000446
820,1694846651.862418,0,,,0.0000,0.0000,0.0000,0.0000,,,,,,,,,,,0.000000,0.000000,0.000000,0.000000,0.000000,0.000000,0.000000,0.000000,0.000000,0.000000,0.000000,0.000000,0.000000,0.000000,0.000000,0.000000,0.000000,0.000000,0.000000,0.000000,0.000000,0.000000,0.000000,0.000000,0.000000,0.000000,0.000000,0.000000,0.000000,0.000000,0.000000,0.000000,0.000000,0.000000,0.000000,0.000000,0.000000,0.000000,0.000000,0.000000,0.000000,0.000000,0.000000,0.000000,0.000000,0.000000,0.000000,0.000000,0.000000,0.000000,0.000000,0.000000,0.000000,0.000000,0.000000,0.000000,0.000000,0.000000,0.000000,0.000000,0.000000,0.000000,0.000000
821,1694846651.870751,0,,,0.0000,0.0000,0.0000,0.0000,,,,,,,,,,,0.000000,0.000000,0.000000,0.000000,0.000000,0.000000,0.000000,0.000000,0.000000,0.000000,0.000000,0.000000,0.000000,0.000000,0.000000,0.000000,0.000000,0.000000,0.000000,0.000000,0.000000,0.000000,0.000000,0.000000,0.000000,0.000000,0.000000,0.000000,0.000000,0.000000,0.000000,0.000000,0.000000,0.000000,0.000000,0.000000,0.000000,0.000000,0.000000,0.000000,0.000000,0.000000,0.000000,0.000000,0.000000,0.000000,0.000000,0.000000,0.000000,0.000000,0.000000,0.000000,0.000000,0.000000,0.000000,0.000000,0.000000,0.000000,0.000000,0.000000,0.000000,0.000000,0.000000
822,1694846651.879085,0,,,0.0000,0.0000,0.0000,0.0000,,3997.8559,3.9264,92.5285,149.9119,172.6272,140.7069,105.5514,61.8401,0.000000,0.517350,0.925817,-0.000000,0.443953,0.936755,-0.008278,0.389387,0.853065,-0.009880,0.377763,0.744217,-0.007998,0.394882,0.685372,-0.005769,0.422250,0.748988,-0.023805,0.404068,0.621637,-0.029376,0.397361,0.546855,-0.031439,0.392633,0.488367,-0.034008,0.465531,0.711670,-0.018177,0.423575,0.666734,-0.021323,0.416880,0.711572,-0.011143,0.426131,0.749548,-0.003274,0.496356,0.703081,-0.012307,0.452468,0.680806,-0.016842,0.445357,0.716547,-0.008069,0.454048,0.752496,-0.001395,0.518994,0.704511,-0.006625,0.480204,0.694861,-0.009031,0.473509,0.725409,-0.004201,0.479790,0.754836,0.000441
823,1694846651.887418,1,,,0.0000,0.0000,0.0000,0.0000,3.8019,3797.9809,3.0795,111.5340,136.8048,165.3460,135.0072,101.5791,60.3713,0.000000,0.514778,0.923506,-0.000000,0.442226,0.938673,-0.008584,0.385583,0.858014,-0.010712,0.371347,0.748299,-0.009477,0.388532,0.688238,-0.007892,0.416697,0.750470,-0.022960,0.395754,0.625828,-0.027919,0.388585,0.551661,-0.029537,0.384126,0.493773,-0.031819,0.458998,0.711825,-0.017549,0.417159,0.669362,-0.021175,0.411801,0.715116,-0.011517,0.421942,0.754056,-0.003576,0.490068,0.702169,-0.011912,0.446923,0.684875,-0.016514,0.441371,0.721448,-0.008143,0.450889,0.756750,-0.001541,0.513134,0.702904,-0.006509,0.474996,0.697541,-0.008536,0.469704,0.729284,-0.003779,0.476898,0.757119,0.000860
824,1694846651.895751,1,23.6591,23.6591,-1.9884,0.0000,27.0626,156.4157,32.4025,4053.7999,2.3191,136.2670,122.1698,156.5589,128.7006,98.6347,62.9321,0.000000,0.513284,0.920507,-0.000000,0.440934,0.940108,-0.008917,0.382519,0.860867,-0.011366,0.367566,0.753076,-0.010416,0.384338,0.693344,-0.009089,0.413832,0.755767,-0.023880,0.390404,0.630608,-0.030314,0.380685,0.557937,-0.033525,0.373830,0.499177,-0.037374,0.456097,0.713132,-0.018394,0.410339,0.673950,-0.022422,0.406653,0.722722,-0.012421,0.419454,0.756749,-0.004947,0.486250,0.700902,-0.012898,0.440313,0.683896,-0.017662,0.435245,0.721998,-0.007627,0.446738,0.755594,-0.000535,0.508050,0.700204,-0.007850,0.469027,0.692874,-0.011306,0.464630,0.725611,-0.006283,0.473843,0.754346,-0.001599
825,1694846651.904085,1,-24.6443,-24.6443,1.1522,3.1406,25.0259,99.6250,3.1777,3937.7631,2.3505,144.4267,114.7097,150.7340,124.7946,96.2062,64.3994,0.000000,0.505588,0.914155,-0.000000,0.436061,0.936443,-0.008155,0.379390,0.862824,-0.009976,0.363708,0.758451,-0.008287,0.378926,0.699156,-0.006416,0.407693,0.751605,-0.023389,0.382102,0.629704,-0.029846,0.371735,0.557155,-0.032935,0.365605,0.499859,-0.036013,0.448718,0.711498,-0.017783,0.405985,0.677432,-0.020773,0.401790,0.724004,-0.010524,0.414301,0.757596,-0.002959,0.479124,0.701526,-0.012141,0.435605,0.686858,-0.017793,0.430571,0.724637,-0.008768,0.442134,0.757514,-0.001883,0.502536,0.701937,-0.006561,0.464629,0.695050,-0.010335,0.460049,0.728678,-0.004804,0.468904,0.757501,0.000556
826,1694846651.912418,1,-25.8857,-25.8857,0.4940,-0.6582,24.4529,84.2506,11.0637,4276.6053,2.9045,153.0000,110.4104,142.9505,118.1700,91.4823,64.2448,0.000000,0.503056,0.915525,-0.000000,0.431585,0.938884,-0.009872,0.373709,0.863599,-0.012659,0.358017,0.758219,-0.012703,0.371285,0.696781,-0.012435,0.397731,0.749293,-0.020482,0.374561,0.627523,-0.027943,0.364908,0.554947,-0.032344,0.358998,0.496637,-0.036779,0.439700,0.709149,-0.015527,0.400652,0.679769,-0.021584,0.397766,0.724966,-0.014219,0.410671,0.756221,-0.008322,0.471379,0.699857,-0.011002,0.431213,0.688442,-0.018124,0.427803,0.723689,-0.009941,0.439823,0.754822,-0.003670,0.495436,0.701550,-0.007069,0.460572,0.698393,-0.012374,0.457600,0.730491,-0.008015,0.467321,0.758039,-0.003255
827,1694846651.920751,1,-23.2066,-23.2066,-11.7567,-12.2507,23.6863,392.8755,18.3469,5209.8287,1.6500,147.8418,98.4648,137.3911,116.6707,93.7424,73.0563,0.000000,0.500442,0.918240,-0.000000,0.429952,0.943885,-0.009534,0.370257,0.868613,-0.010476,0.350961,0.765365,-0.008602,0.363215,0.707306,-0.006131,0.393316,0.752146,-0.017715,0.367043,0.631870,-0.023909,0.356037,0.560825,-0.027539,0.349009,0.502972,-0.031547,0.433732,0.711025,-0.012157,0.391944,0.689090,-0.017620,0.391193,0.736743,-0.010235,0.405902,0.765214,-0.004199,0.464459,0.700050,-0.007104,0.422690,0.693036,-0.014031,0.420464,0.730718,-0.005856,0.433474,0.759950,0.000688,0.487687,0.700845,-0.002680,0.452306,0.698260,-0.007956,0.449312,0.731457,-0.003804,0.459421,0.758602,0.001003
828,1694846651.929085,1,19.7502,19.7502,-0.9772,10.7794,22.7237,1237.5604,5.1918,5396.6213,2.0897,141.9174,90.9648,130.6767,115.2899,97.7177,83.3342,0.001178,0.498390,0.919220,-0.000000,0.427840,0.945472,-0.008492,0.368273,0.873700,-0.009342,0.346105,0.772008,-0.007746,0.351842,0.711175,-0.005684,0.383413,0.753986,-0.015928,0.356147,0.634944,-0.022233,0.345033,0.563836,-0.025609,0.338111,0.507376,-0.028949,0.423988,0.711229,-0.010904,0.384612,0.678766,-0.015264,0.381401,0.721962,-0.007866,0.392781,0.755174,-0.001795,0.456519,0.698272,-0.006368,0.415373,0.687397,-0.012563,0.412680,0.721042,-0.004749,0.423850,0.752793,0.001601,0.481821,0.697338,-0.002365,0.446197,0.694877,-0.006826,0.442887,0.727106,-0.002230,0.451803,0.756019,0.002948
829,1694846651.937418,1,33.5775,33.5775,14.5554,15.5327,25.4958,2088.6306,42.0515,4272.7418,1.9742,140.5270,80.6610,128.0791,118.7377,106.8272,98.4978,0.004142,0.495862,0.921130,-0.000000,0.425185,0.948808,-0.009481,0.364195,0.878646,-0.011088,0.339331,0.779158,-0.009859,0.343569,0.719171,-0.008250,0.377283,0.761280,-0.019842,0.346024,0.642596,-0.029067,0.333414,0.570349,-0.034851,0.324900,0.513357,-0.039617,0.417092,0.713887,-0.014138,0.372608,0.678670,-0.018912,0.369738,0.721269,-0.010642,0.380643,0.754865,-0.003981,0.449001,0.698239,-0.009068,0.403348,0.686945,-0.015203,0.400400,0.720517,-0.006087,0.411398,0.752279,0.001218,0.473501,0.696534,-0.004700,0.435125,0.693005,-0.009601,0.430172,0.724425,-0.004726,0.438093,0.753657,0.000784
830,1694846651.945751,1,29.2541,29.2541,13.7850,-0.7705,25.9138,1953.2930,3.4083,4180.7777,2.0716,137.3125,68.0216,132.9666,126.8895,117.9511,112.4604,0.004788,0.489104,0.911164,-0.000000,0.421134,0.946339,-0.010161,0.360166,0.883914,-0.011284,0.333578,0.791653,-0.009280,0.334257,0.732327,-0.006966,0.372284,0.763182,-0.020541,0.338061,0.648751,-0.028257,0.323923,0.579044,-0.032712,0.315134,0.522982,-0.036440,0.410676,0.715278,-0.014723,0.364639,0.683232,-0.018948,0.360957,0.725376,-0.011142,0.372765,0.757153,-0.004776,0.441543,0.699047,-0.009379,0.394422,0.691355,-0.015123,0.391122,0.726095,-0.006638,0.403033,0.755496,0.000186,0.464577,0.696881,-0.004742,0.425950,0.694038,-0.009276,0.421875,0.725832,-0.004297,0.430810,0.753832,0.001179
831,1694846651.954085,1,28.5492,28.5492,12.9389,-0.8460,20.8844,1339.0016,3.8546,4879.1854,2.0886,140.0093,65.5404,137.5537,134.4763,128.1050,124.9725,0.008704,0.484768,0.906145,-0.000000,0.417723,0.947027,-0.011133,0.354656,0.886645,-0.013433,0.327209,0.790494,-0.012540,0.330751,0.726202,-0.011088,0.367705,0.766630,-0.019644,0.332206,0.655468,-0.026070,0.315929,0.587466,-0.029607,0.305579,0.532472,-0.033137,0.405073,0.718538,-0.013877,0.362133,0.686658,-0.019091,0.360572,0.728060,-0.012186,0.373763,0.758230,-0.006280,0.435771,0.700604,-0.008581,0.391667,0.689069,-0.014814,0.389280,0.723418,-0.006778,0.401695,0.751996,-0.000359,0.459146,0.695532,-0.004098,0.422305,0.694097,-0.008962,0.419955,0.725623,-0.004613,0.430384,0.751523,0.000234
832,1694846651.962418,1,-30.9863,-30.9863,-12.6841,-25.6231,23.9328,1663.1967,4.8607,5613.7892,2.6708,136.2515,49.5271,151.7084,153.4358,148.9057,145.9635,0.009685,0.480925,0.908859,-0.000000,0.415584,0.949473,-0.007804,0.354151,0.893126,-0.007665,0.324470,0.805708,-0.004671,0.319455,0.747144,-0.001490,0.362348,0.774791,-0.017150,0.325298,0.670146,-0.023527,0.306776,0.604120,-0.027781,0.293726,0.551220,-0.031595,0.397561,0.722493,-0.012658,0.349712,0.692246,-0.015129,0.347928,0.734629,-0.007601,0.361506,0.763829,-0.001880,0.426792,0.701009,-0.008484,0.379365,0.691801,-0.012524,0.376202,0.727289,-0.004191,0.388843,0.755105,0.001922,0.448989,0.693989,-0.004875,0.410547,0.693187,-0.007869,0.406998,0.724068,-0.002789,0.417211,0.750135,0.002125
833,1694846651.970751,1,44.2483,44.2483,2.6677,15.3518,26.5569,1867.7894,40.8597,6385.2475,2.0627,133.3140,50.4835,158.6842,166.3451,165.5337,165.1977,0.009865,0.478603,0.909655,-0.000000,0.413026,0.952225,-0.011404,0.350631,0.898794,-0.012648,0.319962,0.810548,-0.009961,0.312411,0.751205,-0.006811,0.357784,0.777588,-0.022814,0.315976,0.675044,-0.031365,0.294404,0.611571,-0.037204,0.277650,0.561833,-0.042040,0.392335,0.723223,-0.016593,0.338902,0.690323,-0.019584,0.336541,0.730423,-0.011470,0.349076,0.760865,-0.005483,0.420629,0.701253,-0.010982,0.368283,0.689826,-0.015074,0.364675,0.724111,-0.005941,0.376336,0.752886,0.000475,0.442401,0.693842,-0.006339,0.401115,0.691240,-0.010537,0.394841,0.721075,-0.006060,0.402099,0.748170,-0.001506
834,1694846651.979085,1,-42.0705,-42.0705,-17.8311,-20.4988,35.1872,1867.9006,7.7567,9129.1835,2.7870,131.7423,55.6331,172.7258,183.0890,183.7025,184.6476,0.002056,0.476657,0.916810,-0.000000,0.410777,0.956833,-0.010647,0.347203,0.904265,-0.011007,0.315422,0.818549,-0.007813,0.306847,0.760244,-0.003956,0.351085,0.784336,-0.019737,0.307806,0.686637,-0.027083,0.284948,0.625511,-0.032023,0.266584,0.578999,-0.036264,0.384649,0.729456,-0.013938,0.333515,0.700025,-0.015836,0.330431,0.736427,-0.007907,0.340881,0.767178,-0.002094,0.412759,0.705870,-0.008864,0.362709,0.698051,-0.012353,0.359443,0.728934,-0.003944,0.370038,0.756351,0.002020,0.434882,0.696911,-0.004788,0.394516,0.697149,-0.008474,0.388286,0.725553,-0.004190,0.394402,0.751693,0.000262
835,1694846651.987418,0,-55.0742,-55.0742,-20.9058,-3.0747,39.8092,2541.5836,36.2582,6370.6582,2.6624,113.9483,69.0503,185.2436,197.7794,200.2464,204.2243,0.000000,0.470965,0.915245,-0.000000,0.406194,0.961090,-0.013588,0.342175,0.916251,-0.016508,0.311963,0.828441,-0.015427,0.305776,0.769129,-0.013713,0.345232,0.792383,-0.024779,0.297357,0.698096,-0.034378,0.272802,0.639288,-0.040945,0.253079,0.593994,-0.046153,0.378326,0.733549,-0.017490,0.325353,0.703912,-0.020118,0.319945,0.734045,-0.013229,0.327078,0.758736,-0.008511,0.406290,0.706965,-0.010978,0.355522,0.703123,-0.014663,0.350620,0.733124,-0.006516,0.359399,0.760757,-0.000788,0.428687,0.695552,-0.005734,0.386437,0.697402,-0.010010,0.378090,0.724240,-0.006355,0.381890,0.749340,-0.002215
836,1694846651.995751,0,55.6680,55.6680,21.6636,42.5694,46.1755,2631.5841,0.9363,5326.4709,2.8735,86.7662,90.6040,197.0815,213.1386,217.7524,222.9419,0.000000,0.467858,0.914788,-0.000000,0.403666,0.965374,-0.013205,0.337130,0.921532,-0.015750,0.303929,0.833519,-0.014031,0.297881,0.771832,-0.011610,0.338644,0.797561,-0.025028,0.285188,0.704613,-0.033383,0.259039,0.646819,-0.038579,0.238490,0.603051,-0.042933,0.372025,0.735218,-0.017332,0.317393,0.708355,-0.019870,0.317085,0.746091,-0.011264,0.329471,0.776820,-0.004857,0.400353,0.706704,-0.010352,0.348163,0.703483,-0.014996,0.346967,0.738461,-0.006998,0.359688,0.768741,-0.000933,0.422372,0.693289,-0.004301,0.379858,0.697037,-0.009881,0.374608,0.728150,-0.006841,0.382034,0.754798,-0.002912
837,1694846652.004085,0,-57.7268,-57.7268,-25.4938,-47.1573,50.1763,2909.5818,14.9521,5780.7946,2.5700,67.9792,98.8918,205.9542,223.1326,228.1939,234.4833,0.000000,0.465898,0.926789,-0.000000,0.401951,0.972278,-0.010458,0.336487,0.931158,-0.012117,0.303154,0.849818,-0.010288,0.294696,0.793997,-0.007976,0.332278,0.806110,-0.022621,0.279495,0.715107,-0.031961,0.251680,0.656523,-0.038676,0.230122,0.610984,-0.044104,0.364277,0.745552,-0.016387,0.315924,0.727183,-0.018619,0.320132,0.766815,-0.010265,0.335208,0.796565,-0.004410,0.392967,0.718977,-0.010690,0.346454,0.720139,-0.015213,0.349016,0.754362,-0.006643,0.363929,0.783871,-0.000387,0.416397,0.708482,-0.005765,0.377746,0.712713,-0.010813,0.376591,0.744346,-0.006351,0.387306,0.771900,-0.001418
838,1694846652.012418,0,,,0.0000,0.0000,0.0000,0.0000,,,,,,,,,,,0.000000,0.000000,0.000000,0.000000,0.000000,0.000000,0.000000,0.000000,0.000000,0.000000,0.000000,0.000000,0.000000,0.000000,0.000000,0.000000,0.000000,0.000000,0.000000,0.000000,0.000000,0.000000,0.000000,0.000000,0.000000,0.000000,0.000000,0.000000,0.000000,0.000000,0.000000,0.000000,0.000000,0.000000,0.000000,0.000000,0.000000,0.000000,0.000000,0.000000,0.000000,0.000000,0.000000,0.000000,0.000000,0.000000,0.000000,0.000000,0.000000,0.000000,0.000000,0.000000,0.000000,0.000000,0.000000,0.000000,0.000000,0.000000,0.000000,0.000000,0.000000,0.000000,0.000000
839,1694846652.020751,0,,,0.0000,0.0000,0.0000,0.0000,,,,,,,,,,,0.000000,0.000000,0.000000,0.000000,0.000000,0.000000,0.000000,0.000000,0.000000,0.000000,0.000000,0.000000,0.000000,0.000000,0.000000,0.000000,0.000000,0.000000,0.000000,0.000000,0.000000,0.000000,0.000000,0.000000,0.000000,0.000000,0.000000,0.000000,0.000000,0.000000,0.000000,0.000000,0.000000,0.000000,0.000000,0.000000,0.000000,0.000000,0.000000,0.000000,0.000000,0.000000,0.000000,0.000000,0.000000,0.000000,0.000000,0.000000,0.000000,0.000000,0.000000,0.000000,0.000000,0.000000,0.000000,0.000000,0.000000,0.000000,0.000000,0.000000,0.000000,0.000000,0.000000
840,1694846652.029085,0,,,0.0000,0.0000,0.0000,0.0000,,,,,,,,,,,0.000000,0.000000,0.000000,0.000000,0.000000,0.000000,0.000000,0.000000,0.000000,0.000000,0.000000,0.000000,0.000000,0.000000,0.000000,0.000000,0.000000,0.000000,0.000000,0.000000,0.000000,0.000000,0.000000,0.000000,0.000000,0.000000,0.000000,0.000000,0.000000,0.000000,0.000000,0.000000,0.000000,0.000000,0.000000,0.000000,0.000000,0.000000,0.000000,0.000000,0.000000,0.000000,0.000000,0.000000,0.000000,0.000000,0.000000,0.000000,0.000000,0.000000,0.000000,0.000000,0.000000,0.000000,0.000000,0.000000,0.000000,0.000000,0.000000,0.000000,0.000000,0.000000,0.000000
841,1694846652.037418,0,,,0.0000,0.0000,0.0000,0.0000,,,,,,,,,,,0.000000,0.000000,0.000000,0.000000,0.000000,0.000000,0.000000,0.000000,0.000000,0.000000,0.000000,0.000000,0.000000,0.000000,0.000000,0.000000,0.000000,0.000000,0.000000,0.000000,0.000000,0.000000,0.000000,0.000000,0.000000,0.000000,0.000000,0.000000,0.000000,0.000000,0.000000,0.000000,0.000000,0.000000,0.000000,0.000000,0.000000,0.000000,0.000000,0.000000,0.000000,0.000000,0.000000,0.000000,0.000000,0.000000,0.000000,0.000000,0.000000,0.000000,0.000000,0.000000,0.000000,0.000000,0.000000,0.000000,0.000000,0.000000,0.000000,0.000000,0.000000,0.000000,0.000000
842,1694846652.045751,0,,,0.0000,0.0000,0.0000,0.0000,,,,,,,,,,,0.000000,0.000000,0.000000,0.000000,0.000000,0.000000,0.000000,0.000000,0.000000,0.000000,0.000000,0.000000,0.000000,0.000000,0.000000,0.000000,0.000000,0.000000,0.000000,0.000000,0.000000,0.000000,0.000000,0.000000,0.000000,0.000000,0.000000,0.000000,0.000000,0.000000,0.000000,0.000000,0.000000,0.000000,0.000000,0.000000,0.000000,0.000000,0.000000,0.000000,0.000000,0.000000,0.000000,0.000000,0.000000,0.000000,0.000000,0.000000,0.000000,0.000000,0.000000,0.000000,0.000000,0.000000,0.000000,0.000000,0.000000,0.000000,0.000000,0.000000,0.000000,0.000000,0.000000
843,1694846652.054085,0,,,0.0000,0.0000,0.0000,0.0000,,,,,,,,,,,0.000000,0.000000,0.000000,0.000000,0.000000,0.000000,0.000000,0.000000,0.000000,0.000000,0.000000,0.000000,0.000000,0.000000,0.000000,0.000000,0.000000,0.000000,0.000000,0.000000,0.000000,0.000000,0.000000,0.000000,0.000000,0.000000,0.000000,0.000000,0.000000,0.000000,0.000000,0.000000,0.000000,0.000000,0.000000,0.000000,0.000000,0.000000,0.000000,0.000000,0.000000,0.000000,0.000000,0.000000,0.000000,0.000000,0.000000,0.000000,0.000000,0.000000,0.000000,0.000000,0.000000,0.000000,0.000000,0.000000,0.000000,0.000000,0.000000,0.000000,0.000000,0.000000,0.000000
844,1694846652.062418,0,,,0.0000,0.0000,0.0000,0.0000,,,,,,,,,,,0.000000,0.000000,0.000000,0.000000,0.000000,0.000000,0.000000,0.000000,0.000000,0.000000,0.000000,0.000000,0.000000,0.000000,0.000000,0.000000,0.000000,0.000000,0.000000,0.000000,0.000000,0.000000,0.000000,0.000000,0.000000,0.000000,0.000000,0.000000,0.000000,0.000000,0.000000,0.000000,0.000000,0.000000,0.000000,0.000000,0.000000,0.000000,0.000000,0.000000,0.000000,0.000000,0.000000,0.000000,0.000000,0.000000,0.000000,0.000000,0.000000,0.000000,0.000000,0.000000,0.000000,0.000000,0.000000,0.000000,0.000000,0.000000,0.000000,0.000000,0.000000,0.000000,0.000000
845,1694846652.070751,0,,,0.0000,0.0000,0.0000,0.0000,,,,,,,,,,,0.000000,0.000000,0.000000,0.000000,0.000000,0.000000,0.000000,0.000000,0.000000,0.000000,0.000000,0.000000,0.000000,0.000000,0.000000,0.000000,0.000000,0.000000,0.000000,0.000000,0.000000,0.000000,0.000000,0.000000,0.000000,0.000000,0.000000,0.000000,0.000000,0.000000,0.000000,0.000000,0.000000,0.000000,0.000000,0.000000,0.000000,0.000000,0.000000,0.000000,0.000000,0.000000,0.000000,0.000000,0.000000,0.000000,0.000000,0.000000,0.000000,0.000000,0.000000,0.000000,0.000000,0.000000,0.000000,0.000000,0.000000,0.000000,0.000000,0.000000,0.000000,0.000000,0.000000
846,1694846652.079085,0,,,0.0000,0.0000,0.0000,0.0000,,,,,,,,,,,0.000000,0.000000,0.000000,0.000000,0.000000,0.000000,0.000000,0.000000,0.000000,0.000000,0.000000,0.000000,0.000000,0.000000,0.000000,0.000000,0.000000,0.000000,0.000000,0.000000,0.000000,0.000000,0.000000,0.000000,0.000000,0.000000,0.000000,0.000000,0.000000,0.000000,0.000000,0.000000,0.000000,0.000000,0.000000,0.000000,0.000000,0.000000,0.000000,0.000000,0.000000,0.000000,0.000000,0.000000,0.000000,0.000000,0.000000,0.000000,0.000000,0.000000,0.000000,0.000000,0.000000,0.000000,0.000000,0.000000,0.000000,0.000000,0.000000,0.000000,0.000000,0.000000,0.000000
847,1694846652.087418,0,,,0.0000,0.0000,0.0000,0.0000,,,,,,,,,,,0.000000,0.000000,0.000000,0.000000,0.000000,0.000000,0.000000,0.000000,0.000000,0.000000,0.000000,0.000000,0.000000,0.000000,0.000000,0.000000,0.000000,0.000000,0.000000,0.000000,0.000000,0.000000,0.000000,0.000000,0.000000,0.000000,0.000000,0.000000,0.000000,0.000000,0.000000,0.000000,0.000000,0.000000,0.000000,0.000000,0.000000,0.000000,0.000000,0.000000,0.000000,0.000000,0.000000,0.000000,0.000000,0.000000,0.000000,0.000000,0.000000,0.000000,0.000000,0.000000,0.000000,0.000000,0.000000,0.000000,0.000000,0.000000,0.000000,0.000000,0.000000,0.000000,0.000000
848,1694846652.095751,0,,,0.0000,0.0000,0.0000,0.0000,,,,,,,,,,,0.000000,0.000000,0.000000,0.000000,0.000000,0.000000,0.000000,0.000000,0.000000,0.000000,0.000000,0.000000,0.000000,0.000000,0.000000,0.000000,0.000000,0.000000,0.000000,0.000000,0.000000,0.000000,0.000000,0.000000,0.000000,0.000000,0.000000,0.000000,0.000000,0.000000,0.000000,0.000000,0.000000,0.000000,0.000000,0.000000,0.000000,0.000000,0.000000,0.000000,0.000000,0.000000,0.000000,0.000000,0.000000,0.000000,0.000000,0.000000,0.000000,0.000000,0.000000,0.000000,0.000000,0.000000,0.000000,0.000000,0.000000,0.000000,0.000000,0.000000,0.000000,0.000000,0.000000
849,1694846652.104085,0,,,0.0000,0.0000,0.0000,0.0000,,,,,,,,,,,0.000000,0.000000,0.000000,0.000000,0.000000,0.000000,0.000000,0.000000,0.000000,0.000000,0.000000,0.000000,0.000000,0.000000,0.000000,0.000000,0.000000,0.000000,0.000000,0.000000,0.000000,0.000000,0.000000,0.000000,0.000000,0.000000,0.000000,0.000000,0.000000,0.000000,0.000000,0.000000,0.000000,0.000000,0.000000,0.000000,0.000000,0.000000,0.000000,0.000000,0.000000,0.000000,0.000000,0.000000,0.000000,0.000000,0.000000,0.000000,0.000000,0.000000,0.000000,0.000000,0.000000,0.000000,0.000000,0.000000,0.000000,0.000000,0.000000,0.000000,0.000000,0.000000,0.000000
850,1694846652.112418,0,,,0.0000,0.0000,0.0000,0.0000,,,,,,,,,,,0.000000,0.000000,0.000000,0.000000,0.000000,0.000000,0.000000,0.000000,0.000000,0.000000,0.000000,0.000000,0.000000,0.000000,0.000000,0.000000,0.000000,0.000000,0.000000,0.000000,0.000000,0.000000,0.000000,0.000000,0.000000,0.000000,0.000000,0.000000,0.000000,0.000000,0.000000,0.000000,0.000000,0.000000,0.000000,0.000000,0.000000,0.000000,0.000000,0.000000,0.000000,0.000000,0.000000,0.000000,0.000000,0.000000,0.000000,0.000000,0.000000,0.000000,0.000000,0.000000,0.000000,0.000000,0.000000,0.000000,0.000000,0.000000,0.000000,0.000000,0.000000,0.000000,0.000000
851,1694846652.120751,0,,,0.0000,0.0000,0.0000,0.0000,,,,,,,,,,,0.000000,0.000000,0.000000,0.000000,0.000000,0.000000,0.000000,0.000000,0.000000,0.000000,0.000000,0.000000,0.000000,0.000000,0.000000,0.000000,0.000000,0.000000,0.000000,0.000000,0.000000,0.000000,0.000000,0.000000,0.000000,0.000000,0.000000,0.000000,0.000000,0.000000,0.000000,0.000000,0.000000,0.000000,0.000000,0.000000,0.000000,0.000000,0.000000,0.000000,0.000000,0.000000,0.000000,0.000000,0.000000,0.000000,0.000000,0.000000,0.000000,0.000000,0.000000,0.000000,0.000000,0.000000,0.000000,0.000000,0.000000,0.000000,0.000000,0.000000,0.000000,0.000000,0.000000
852,1694846652.129085,0,,,0.0000,0.0000,0.0000,0.0000,,,,,,,,,,,0.000000,0.000000,0.000000,0.000000,0.000000,0.000000,0.000000,0.000000,0.000000,0.000000,0.000000,0.000000,0.000000,0.000000,0.000000,0.000000,0.000000,0.000000,0.000000,0.000000,0.000000,0.000000,0.000000,0.000000,0.000000,0.000000,0.000000,0.000000,0.000000,0.000000,0.000000,0.000000,0.000000,0.000000,0.000000,0.000000,0.000000,0.000000,0.000000,0.000000,0.000000,0.000000,0.000000,0.000000,0.000000,0.000000,0.000000,0.000000,0.000000,0.000000,0.000000,0.000000,0.000000,0.000000,0.000000,0.000000,0.000000,0.000000,0.000000,0.000000,0.000000,0.000000,0.000000
853,1694846652.137418,0,,,0.0000,0.0000,0.0000,0.0000,,,,,,,,,,,0.000000,0.000000,0.000000,0.000000,0.000000,0.000000,0.000000,0.000000,0.000000,0.000000,0.000000,0.000000,0.000000,0.000000,0.000000,0.000000,0.000000,0.000000,0.000000,0.000000,0.000000,0.000000,0.000000,0.000000,0.000000,0.000000,0.000000,0.000000,0.000000,0.000000,0.000000,0.000000,0.000000,0.000000,0.000000,0.000000,0.000000,0.000000,0.000000,0.000000,0.000000,0.000000,0.000000,0.000000,0.000000,0.000000,0.000000,0.000000,0.000000,0.000000,0.000000,0.000000,0.000000,0.000000,0.000000,0.000000,0.000000,0.000000,0.000000,0.000000,0.000000,0.000000,0.000000
854,1694846652.145751,0,,,0.0000,0.0000,0.0000,0.0000,,,,,,,,,,,0.000000,0.000000,0.000000,0.000000,0.000000,0.000000,0.000000,0.000000,0.000000,0.000000,0.000000,0.000000,0.000000,0.000000,0.000000,0.000000,0.000000,0.000000,0.000000,0.000000,0.000000,0.000000,0.000000,0.000000,0.000000,0.000000,0.000000,0.000000,0.000000,0.000000,0.000000,0.000000,0.000000,0.000000,0.000000,0.000000,0.000000,0.000000,0.000000,0.000000,0.000000,0.000000,0.000000,0.000000,0.000000,0.000000,0.000000,0.000000,0.000000,0.000000,0.000000,0.000000,0.000000,0.000000,0.000000,0.000000,0.000000,0.000000,0.000000,0.000000,0.000000,0.000000,0.000000
855,1694846652.154085,0,,,0.0000,0.0000,0.0000,0.0000,,3356.3758,3.0667,51.6049,123.7618,208.2076,229.3669,238.6352,249.3845,0.000000,0.456971,0.947569,-0.000000,0.386953,0.984084,-0.011588,0.320752,0.941414,-0.017930,0.284297,0.853741,-0.020382,0.281386,0.793570,-0.022474,0.321743,0.825584,-0.035327,0.260819,0.718264,-0.049729,0.233281,0.655124,-0.056630,0.214242,0.603360,-0.061263,0.354682,0.763101,-0.028274,0.299709,0.719081,-0.034160,0.303916,0.764200,-0.023790,0.318436,0.801384,-0.016067,0.384854,0.731565,-0.021142,0.334410,0.709678,-0.029140,0.337985,0.749527,-0.019217,0.352443,0.785458,-0.011327,0.409490,0.715104,-0.014249,0.366599,0.707847,-0.021956,0.364798,0.743701,-0.017495,0.374960,0.774041,-0.012056
856,1694846652.162418,0,,,0.0000,0.0000,0.0000,0.0000,,,,,,,,,,,0.000000,0.000000,0.000000,0.000000,0.000000,0.000000,0.000000,0.000000,0.000000,0.000000,0.000000,0.000000,0.000000,0.000000,0.000000,0.000000,0.000000,0.000000,0.000000,0.000000,0.000000,0.000000,0.000000,0.000000,0.000000,0.000000,0.000000,0.000000,0.000000,0.000000,0.000000,0.000000,0.000000,0.000000,0.000000,0.000000,0.000000,0.000000,0.000000,0.000000,0.000000,0.000000,0.000000,0.000000,0.000000,0.000000,0.000000,0.000000,0.000000,0.000000,0.000000,0.000000,0.000000,0.000000,0.000000,0.000000,0.000000,0.000000,0.000000,0.000000,0.000000,0.000000,0.000000
857,1694846652.170751,0,,,0.0000,0.0000,0.0000,0.0000,,,,,,,,,,,0.000000,0.000000,0.000000,0.000000,0.000000,0.000000,0.000000,0.000000,0.000000,0.000000,0.000000,0.000000,0.000000,0.000000,0.000000,0.000000,0.000000,0.000000,0.000000,0.000000,0.000000,0.000000,0.000000,0.000000,0.000000,0.000000,0.000000,0.000000,0.000000,0.000000,0.000000,0.000000,0.000000,0.000000,0.000000,0.000000,0.000000,0.000000,0.000000,0.000000,0.000000,0.000000,0.000000,0.000000,0.000000,0.000000,0.000000,0.000000,0.000000,0.000000,0.000000,0.000000,0.000000,0.000000,0.000000,0.000000,0.000000,0.000000,0.000000,0.000000,0.000000,0.000000,0.000000
858,1694846652.179085,0,,,0.0000,0.0000,0.0000,0.0000,,,,,,,,,,,0.000000,0.000000,0.000000,0.000000,0.000000,0.000000,0.000000,0.000000,0.000000,0.000000,0.000000,0.000000,0.000000,0.000000,0.000000,0.000000,0.000000,0.000000,0.000000,0.000000,0.000000,0.000000,0.000000,0.000000,0.000000,0.000000,0.000000,0.000000,0.000000,0.000000,0.000000,0.000000,0.000000,0.000000,0.000000,0.000000,0.000000,0.000000,0.000000,0.000000,0.000000,0.000000,0.000000,0.000000,0.000000,0.000000,0.000000,0.000000,0.000000,0.000000,0.000000,0.000000,0.000000,0.000000,0.000000,0.000000,0.000000,0.000000,0.000000,0.000000,0.000000,0.000000,0.000000
859,1694846652.187418,0,,,0.0000,0.0000,0.0000,0.0000,,,,,,,,,,,0.000000,0.000000,0.000000,0.000000,0.000000,0.000000,0.000000,0.000000,0.000000,0.000000,0.000000,0.000000,0.000000,0.000000,0.000000,0.000000,0.000000,0.000000,0.000000,0.000000,0.000000,0.000000,0.000000,0.000000,0.000000,0.000000,0.000000,0.000000,0.000000,0.000000,0.000000,0.000000,0.000000,0.000000,0.000000,0.000000,0.000000,0.000000,0.000000,0.000000,0.000000,0.000000,0.000000,0.000000,0.000000,0.000000,0.000000,0.000000,0.000000,0.000000,0.000000,0.000000,0.000000,0.000000,0.000000,0.000000,0.000000,0.000000,0.000000,0.000000,0.000000,0.000000,0.000000
860,1694846652.195751,0,63.4556,63.4556,26.3815,0.0000,54.7822,392.3856,,7945.1363,2.9316,130.4367,86.0088,167.1715,183.4400,190.5428,200.0874,0.000798,0.463971,0.928129,-0.000000,0.396060,0.965894,-0.012953,0.332835,0.914832,-0.017248,0.304736,0.821559,-0.016841,0.303109,0.758005,-0.015950,0.341238,0.799988,-0.031889,0.289405,0.690006,-0.043316,0.265264,0.624388,-0.049630,0.246392,0.573642,-0.054247,0.377271,0.741925,-0.024024,0.322768,0.696257,-0.027899,0.320232,0.734738,-0.018217,0.331121,0.770596,-0.011096,0.407028,0.715720,-0.016476,0.354316,0.696739,-0.022151,0.352096,0.733077,-0.013451,0.364085,0.769072,-0.006751,0.430719,0.702706,-0.009547,0.387531,0.698273,-0.015597,0.381368,0.730438,-0.012261,0.388328,0.759661,-0.008077
861,1694846652.204085,1,-59.5213,-59.5213,-1.1118,-27.4933,57.3896,142.6865,21.7415,9369.7844,2.1075,135.6914,71.6633,164.5090,178.6413,183.4059,190.3311,0.003211,0.465793,0.923716,-0.000000,0.400361,0.959227,-0.011871,0.337329,0.907073,-0.015183,0.307735,0.817354,-0.013914,0.303916,0.754484,-0.012361,0.347040,0.796512,-0.031093,0.297064,0.688993,-0.041987,0.273394,0.622154,-0.048354,0.254824,0.570361,-0.052845,0.382613,0.739841,-0.023899,0.327007,0.688926,-0.027632,0.320225,0.720404,-0.019149,0.327209,0.753431,-0.012341,0.412275,0.714210,-0.016670,0.358977,0.697427,-0.021124,0.355115,0.729125,-0.012678,0.365197,0.761936,-0.005902,0.434992,0.702179,-0.010055,0.392199,0.697745,-0.014837,0.385335,0.727947,-0.010760,0.391097,0.755866,-0.005847
862,1694846652.212418,1,49.2364,49.2364,-1.6079,-0.4961,56.3958,210.3800,65.8061,8147.2593,1.9803,132.5895,72.2243,160.2062,173.4907,176.8462,182.7822,0.007097,0.469024,0.925085,-0.000000,0.403879,0.958356,-0.009792,0.341935,0.904034,-0.011825,0.312293,0.813798,-0.010052,0.307122,0.754141,-0.007907,0.349057,0.788617,-0.025388,0.301644,0.681144,-0.033869,0.278761,0.615987,-0.039079,0.260582,0.566479,-0.043088,0.385123,0.734529,-0.018997,0.332404,0.685480,-0.020693,0.325900,0.717324,-0.011685,0.332634,0.751695,-0.004730,0.415849,0.711835,-0.012594,0.364900,0.696108,-0.015086,0.359441,0.726637,-0.006582,0.367985,0.759349,-0.000268,0.440330,0.702951,-0.006773,0.399539,0.699220,-0.009704,0.391308,0.728660,-0.005332,0.395952,0.757062,-0.000578
863,1694846652.220751,1,45.2112,45.2112,25.7345,27.3424,54.8443,502.9602,10.9777,5515.6356,2.1461,132.7647,60.5812,152.5316,164.0123,166.5537,170.5407,0.011726,0.471214,0.920830,-0.000000,0.403912,0.952117,-0.007822,0.344140,0.894049,-0.008832,0.315766,0.805744,-0.006250,0.308617,0.748497,-0.003599,0.352997,0.782387,-0.025860,0.307919,0.672060,-0.034253,0.285348,0.607193,-0.039050,0.267506,0.557125,-0.042804,0.390038,0.729890,-0.020683,0.338273,0.686763,-0.022960,0.334704,0.726132,-0.012933,0.345523,0.762196,-0.005265,0.421581,0.709659,-0.015317,0.370458,0.694973,-0.019162,0.367062,0.730082,-0.010038,0.378876,0.763684,-0.003116,0.446585,0.702425,-0.010198,0.406565,0.697023,-0.013870,0.399871,0.728972,-0.008991,0.406807,0.758430,-0.003892
864,1694846652.229085,1,-46.4831,-46.4831,-27.4847,-53.2192,52.2679,2486.2187,4.8244,4324.3323,2.2986,134.3279,66.5241,147.4074,158.4547,161.2383,165.3139,0.014751,0.478234,0.920651,-0.000000,0.408743,0.952720,-0.007999,0.348410,0.892006,-0.009123,0.320992,0.799818,-0.007059,0.317469,0.740209,-0.004830,0.355493,0.778105,-0.022451,0.311138,0.669812,-0.031742,0.287918,0.603765,-0.038052,0.269674,0.552189,-0.043118,0.393396,0.726313,-0.017740,0.344479,0.684313,-0.021290,0.341987,0.725999,-0.012427,0.354194,0.764491,-0.005302,0.426380,0.708055,-0.013202,0.378732,0.696361,-0.018640,0.376822,0.730976,-0.010031,0.390641,0.764516,-0.003112,0.453072,0.703023,-0.008985,0.415128,0.700532,-0.013455,0.411131,0.733800,-0.008255,0.421177,0.763840,-0.002859
865,1694846652.237418,1,50.7677,50.7677,27.5722,55.0569,49.8830,2041.8203,30.3260,4161.9701,2.3772,141.0833,64.2363,145.0341,153.9156,155.3154,158.8685,0.015250,0.481778,0.918796,-0.000000,0.414487,0.952377,-0.008968,0.352518,0.890819,-0.011706,0.323932,0.795203,-0.010996,0.325620,0.732902,-0.010308,0.361498,0.781994,-0.025982,0.315845,0.669411,-0.037028,0.292715,0.601075,-0.044037,0.275049,0.548060,-0.049292,0.399506,0.727767,-0.020534,0.350271,0.678803,-0.025255,0.347581,0.721169,-0.015861,0.359433,0.762469,-0.007739,0.432957,0.708584,-0.015195,0.385447,0.695456,-0.021453,0.384163,0.730856,-0.012810,0.398069,0.765299,-0.005366,0.460345,0.703300,-0.010064,0.422961,0.699820,-0.014781,0.419450,0.733096,-0.009609,0.429767,0.762592,-0.004064
866,1694846652.245751,1,55.2135,55.2135,1.4943,-26.0780,38.7685,990.1190,28.7995,4291.7221,2.9779,147.6096,57.7732,142.3558,149.2889,149.3140,151.2432,0.012651,0.482937,0.915392,-0.000000,0.417090,0.947177,-0.008228,0.357091,0.884527,-0.011072,0.332681,0.791228,-0.010705,0.336910,0.733447,-0.010779,0.369544,0.782990,-0.028514,0.323716,0.669566,-0.041387,0.300219,0.600850,-0.049839,0.282799,0.546946,-0.056233,0.407999,0.729209,-0.024914,0.357428,0.680264,-0.032474,0.353593,0.722243,-0.024830,0.365456,0.761048,-0.017754,0.441016,0.709507,-0.021136,0.393058,0.698817,-0.028982,0.391114,0.734314,-0.019685,0.405272,0.767875,-0.011701,0.467450,0.704509,-0.017630,0.429434,0.700967,-0.023806,0.425826,0.734902,-0.017658,0.436229,0.763955,-0.011209
867,1694846652.254085,1,46.4469,46.4469,0.3089,-1.1854,38.5183,830.7908,45.9858,5489.7635,1.8372,140.9267,53.3307,146.0010,147.2726,143.0324,140.6232,0.008261,0.488378,0.913070,-0.000000,0.422408,0.945610,-0.009716,0.361748,0.881759,-0.012858,0.340421,0.787192,-0.012437,0.349650,0.731454,-0.012166,0.376957,0.778760,-0.027819,0.331809,0.667651,-0.038011,0.309971,0.601673,-0.043729,0.294120,0.549460,-0.048452,0.415748,0.725957,-0.023133,0.365096,0.682167,-0.029302,0.363090,0.726194,-0.020579,0.376461,0.761880,-0.013001,0.448116,0.706642,-0.018477,0.399679,0.695909,-0.025851,0.398244,0.733557,-0.016762,0.412451,0.764808,-0.009122,0.473925,0.701487,-0.014153,0.435124,0.698077,-0.019926,0.432508,0.730875,-0.014407,0.443277,0.757167,-0.008720
868,1694846652.262418,1,41.8846,41.8846,22.0919,21.7830,38.2818,816.6546,17.2999,6146.5380,2.4004,137.7523,58.0523,146.8640,143.3398,135.3492,128.4778,0.004569,0.495126,0.915956,-0.000000,0.429446,0.946279,-0.008484,0.368718,0.883777,-0.012283,0.345924,0.788727,-0.013150,0.353339,0.730227,-0.014156,0.380603,0.776992,-0.023512,0.340866,0.670925,-0.033768,0.322682,0.604527,-0.040611,0.309935,0.551780,-0.046191,0.419592,0.727167,-0.019925,0.375255,0.675900,-0.025978,0.373893,0.718147,-0.018293,0.385465,0.756725,-0.011275,0.453107,0.709618,-0.016380,0.410164,0.686735,-0.023625,0.407511,0.722382,-0.014921,0.419317,0.756930,-0.007422,0.480256,0.705592,-0.013052,0.444838,0.696790,-0.019014,0.441086,0.728716,-0.013793,0.450343,0.756916,-0.008145
869,1694846652.270751,1,-30.4767,-30.4767,-20.3111,-42.4030,31.9309,686.7081,35.9731,6340.0069,1.4625,132.6512,69.0894,142.5733,134.2166,121.7623,110.8044,0.001703,0.501636,0.926674,-0.000000,0.434506,0.950986,-0.008265,0.373255,0.881147,-0.010591,0.352767,0.782454,-0.010382,0.363420,0.726438,-0.009906,0.388376,0.774361,-0.019295,0.351499,0.660798,-0.027047,0.335357,0.594166,-0.031550,0.324215,0.540663,-0.035929,0.427610,0.728087,-0.015236,0.384830,0.687934,-0.021686,0.384147,0.733803,-0.014344,0.396299,0.770273,-0.007655,0.460077,0.711363,-0.011410,0.416908,0.696602,-0.019000,0.415254,0.735533,-0.010331,0.427372,0.769519,-0.002964,0.487001,0.706354,-0.007984,0.450309,0.700850,-0.013993,0.446741,0.735063,-0.009282,0.455889,0.763422,-0.003962
870,1694846652.279085,1,-32.1915,-32.1915,-21.8513,-1.5402,39.0309,902.3870,7.2266,5597.5241,1.4802,133.8125,79.1992,142.7967,129.8254,112.9002,96.3697,0.000208,0.505523,0.921557,-0.000000,0.437299,0.947757,-0.010775,0.378389,0.878088,-0.014311,0.362489,0.777808,-0.015077,0.376812,0.719100,-0.015582,0.398398,0.764663,-0.021155,0.365160,0.655172,-0.029301,0.348396,0.587805,-0.034469,0.336975,0.531967,-0.039723,0.439393,0.722432,-0.017085,0.398603,0.688642,-0.025214,0.396383,0.734248,-0.019187,0.409684,0.766964,-0.013597,0.471455,0.710142,-0.013477,0.430533,0.694721,-0.023145,0.427083,0.731485,-0.015126,0.439543,0.762089,-0.008113,0.496163,0.709464,-0.010495,0.460419,0.702037,-0.018332,0.457364,0.734969,-0.013977,0.468092,0.761568,-0.008820
871,1694846652.287418,1,-27.6003,-27.6003,-18.5118,3.3395,36.4356,1164.4754,17.6663,6582.5142,1.9944,140.6134,81.7241,148.1330,130.5870,110.1037,89.5986,0.000000,0.512010,0.928038,-0.000000,0.443648,0.951131,-0.009861,0.385052,0.879139,-0.011684,0.367982,0.779966,-0.010419,0.382101,0.724976,-0.008769,0.406050,0.765198,-0.020271,0.374892,0.653932,-0.027721,0.358580,0.586298,-0.032740,0.347201,0.530362,-0.037940,0.447142,0.724259,-0.015261,0.406431,0.691676,-0.020807,0.404341,0.738100,-0.013379,0.417470,0.770167,-0.007394,0.479127,0.713289,-0.010686,0.438148,0.699462,-0.018003,0.435348,0.736358,-0.009683,0.447908,0.766893,-0.003048,0.503851,0.714443,-0.006725,0.469261,0.708662,-0.013097,0.466325,0.741501,-0.009111,0.476759,0.768285,-0.004567
872,1694846652.295751,1,30.5662,30.5662,-2.8296,15.6822,32.7170,1267.3319,7.5605,4293.5542,2.7862,133.8086,86.8643,154.9552,134.0185,110.3394,84.7855,0.000000,0.516011,0.932990,-0.000000,0.447554,0.952598,-0.011230,0.388506,0.875741,-0.014796,0.374496,0.770442,-0.015172,0.393471,0.713740,-0.015232,0.414261,0.768440,-0.022867,0.384425,0.654769,-0.030329,0.368661,0.586838,-0.034924,0.357310,0.530996,-0.040252,0.456051,0.726941,-0.018106,0.414918,0.695365,-0.025381,0.413142,0.744114,-0.018297,0.426044,0.777136,-0.012245,0.487751,0.715548,-0.013710,0.447004,0.704312,-0.021577,0.444129,0.742933,-0.012669,0.456055,0.774292,-0.005703,0.511964,0.716478,-0.010157,0.477050,0.713576,-0.017513,0.474284,0.747273,-0.013816,0.484614,0.773167,-0.009340
873,1694846652.304085,1,22.5684,22.5684,13.2613,16.0909,27.9096,2222.2823,28.0877,4179.6344,2.6035,131.7253,104.3765,163.0095,139.6000,112.6869,80.9317,0.000000,0.519510,0.932748,-0.000000,0.452536,0.951714,-0.008191,0.396782,0.881711,-0.010251,0.379874,0.784252,-0.009229,0.392164,0.727368,-0.007958,0.419059,0.768858,-0.021915,0.393106,0.653661,-0.028282,0.379418,0.586086,-0.031848,0.369365,0.532044,-0.035763,0.459808,0.728324,-0.017227,0.419864,0.698786,-0.020882,0.418016,0.744499,-0.012212,0.430468,0.778147,-0.005629,0.491462,0.718688,-0.012473,0.450170,0.711235,-0.017282,0.447739,0.747675,-0.008618,0.459517,0.778184,-0.002349,0.515926,0.720506,-0.008093,0.480824,0.720733,-0.011962,0.478438,0.753230,-0.007233,0.488403,0.778701,-0.002508
874,1694846652.312418,1,,,0.0000,0.0000,0.0000,0.0000,24.3698,4173.2401,2.3740,103.6111,119.0886,176.3992,148.4882,117.3604,78.9477,0.000000,0.523705,0.936142,-0.000000,0.455546,0.951788,-0.009346,0.400302,0.878716,-0.011530,0.385191,0.779411,-0.011144,0.398137,0.724321,-0.010193,0.423051,0.763708,-0.017638,0.401356,0.653049,-0.023481,0.390514,0.586599,-0.027068,0.383175,0.532760,-0.031264,0.464855,0.727489,-0.013625,0.429777,0.694247,-0.018300,0.426948,0.737745,-0.011634,0.437794,0.772117,-0.006324,0.497993,0.720322,-0.009983,0.461387,0.706323,-0.015894,0.458220,0.741789,-0.007713,0.468244,0.774015,-0.001536,0.524141,0.724592,-0.007085,0.493073,0.720425,-0.011680,0.489919,0.751796,-0.007459,0.498186,0.779259,-0.003028
875,1694846652.320751,0,,,0.0000,0.0000,0.0000,0.0000,41.8855,4529.8379,2.8368,93.4205,129.9338,185.7688,157.0622,123.9768,81.8722,0.000000,0.529196,0.941685,-0.000000,0.460483,0.951219,-0.007523,0.405000,0.874726,-0.009051,0.390233,0.773187,-0.008231,0.407380,0.718567,-0.006846,0.432262,0.762822,-0.016196,0.410511,0.652405,-0.019821,0.399946,0.589224,-0.021351,0.392428,0.538003,-0.024196,0.473934,0.727670,-0.012178,0.436053,0.697045,-0.015075,0.433456,0.742109,-0.007306,0.444882,0.776517,-0.001408,0.506190,0.720909,-0.008212,0.467395,0.707498,-0.013137,0.464311,0.744641,-0.005405,0.474912,0.778018,0.000447,0.531403,0.725452,-0.004629,0.498804,0.720254,-0.008141,0.495836,0.751867,-0.003953,0.505107,0.779936,0.000376
876,1694846652.329085,0,,,0.0000,0.0000,0.0000,0.0000,,,,,,,,,,,0.000000,0.000000,0.000000,0.000000,0.000000,0.000000,0.000000,0.000000,0.000000,0.000000,0.000000,0.000000,0.000000,0.000000,0.000000,0.000000,0.000000,0.000000,0.000000,0.000000,0.000000,0.000000,0.000000,0.000000,0.000000,0.000000,0.000000,0.000000,0.000000,0.000000,0.000000,0.000000,0.000000,0.000000,0.000000,0.000000,0.000000,0.000000,0.000000,0.000000,0.000000,0.000000,0.000000,0.000000,0.000000,0.000000,0.000000,0.000000,0.000000,0.000000,0.000000,0.000000,0.000000,0.000000,0.000000,0.000000,0.000000,0.000000,0.000000,0.000000,0.000000,0.000000,0.000000
877,1694846652.337418,0,,,0.0000,0.0000,0.0000,0.0000,,4434.8980,3.5067,69.7708,145.6856,202.7504,171.7409,136.7922,92.2267,0.000000,0.536959,0.951027,-0.000000,0.464983,0.951941,-0.007352,0.412806,0.870470,-0.006206,0.400576,0.770363,-0.002238,0.414216,0.718095,0.002906,0.443214,0.758250,-0.011800,0.422910,0.650722,-0.011655,0.414308,0.594634,-0.010221,0.409486,0.545361,-0.011245,0.485382,0.726467,-0.007158,0.443602,0.686123,-0.007979,0.437855,0.734545,-0.000169,0.447357,0.772240,0.005948,0.516505,0.720758,-0.002628,0.471112,0.703078,-0.004990,0.465395,0.743361,0.001857,0.474210,0.778501,0.006878,0.540183,0.725971,0.001380,0.502795,0.718903,-0.000148,0.497328,0.749174,0.002980,0.504042,0.779039,0.006262
878,1694846652.345751,0,,,0.0000,0.0000,0.0000,0.0000,,,,,,,,,,,0.000000,0.000000,0.000000,0.000000,0.000000,0.000000,0.000000,0.000000,0.000000,0.000000,0.000000,0.000000,0.000000,0.000000,0.000000,0.000000,0.000000,0.000000,0.000000,0.000000,0.000000,0.000000,0.000000,0.000000,0.000000,0.000000,0.000000,0.000000,0.000000,0.000000,0.000000,0.000000,0.000000,0.000000,0.000000,0.000000,0.000000,0.000000,0.000000,0.000000,0.000000,0.000000,0.000000,0.000000,0.000000,0.000000,0.000000,0.000000,0.000000,0.000000,0.000000,0.000000,0.000000,0.000000,0.000000,0.000000,0.000000,0.000000,0.000000,0.000000,0.000000,0.000000,0.000000
879,1694846652.354085,0,,,0.0000,0.0000,0.0000,0.0000,,,,,,,,,,,0.000000,0.000000,0.000000,0.000000,0.000000,0.000000,0.000000,0.000000,0.000000,0.000000,0.000000,0.000000,0.000000,0.000000,0.000000,0.000000,0.000000,0.000000,0.000000,0.000000,0.000000,0.000000,0.000000,0.000000,0.000000,0.000000,0.000000,0.000000,0.000000,0.000000,0.000000,0.000000,0.000000,0.000000,0.000000,0.000000,0.000000,0.000000,0.000000,0.000000,0.000000,0.000000,0.000000,0.000000,0.000000,0.000000,0.000000,0.000000,0.000000,0.000000,0.000000,0.000000,0.000000,0.000000,0.000000,0.000000,0.000000,0.000000,0.000000,0.000000,0.000000,0.000000,0.000000
880,1694846652.362418,0,,,0.0000,0.0000,0.0000,0.0000,,4578.2335,3.4659,74.7716,175.7671,217.9017,183.8172,147.0577,99.7298,0.000000,0.541698,0.939767,-0.000000,0.473113,0.947070,-0.008354,0.421790,0.859848,-0.009628,0.413067,0.757247,-0.007855,0.434935,0.710079,-0.005809,0.454901,0.754284,-0.016928,0.438650,0.643103,-0.018709,0.432232,0.580736,-0.019093,0.429198,0.529916,-0.021107,0.497005,0.722513,-0.011628,0.463295,0.687517,-0.011769,0.458790,0.733006,-0.002742,0.468101,0.769754,0.004031,0.528600,0.719305,-0.006456,0.491504,0.708389,-0.008480,0.487211,0.746389,-0.001810,0.496132,0.779354,0.002862,0.552379,0.726045,-0.001666,0.521408,0.723915,-0.002526,0.518070,0.755748,0.001105,0.525348,0.783559,0.004384
881,1694846652.370751,0,,,0.0000,0.0000,0.0000,0.0000,39.3943,4585.5150,3.8215,77.2199,182.7327,220.1113,185.5932,148.9594,102.2509,0.000000,0.545576,0.941646,-0.000000,0.476104,0.946052,-0.008499,0.423783,0.857378,-0.010613,0.415882,0.752824,-0.009548,0.439853,0.706461,-0.008183,0.459157,0.760973,-0.019966,0.443568,0.644787,-0.023022,0.437027,0.579466,-0.024099,0.433144,0.526486,-0.026687,0.501570,0.727285,-0.014734,0.465528,0.684605,-0.015605,0.459562,0.730767,-0.006120,0.468032,0.769503,0.000957,0.532833,0.721575,-0.009447,0.493600,0.706280,-0.011143,0.487717,0.744272,-0.003338,0.496099,0.778956,0.001914,0.556585,0.726319,-0.004637,0.524143,0.721970,-0.005363,0.519399,0.752922,-0.001430,0.526274,0.781228,0.001971
882,1694846652.379085,0,,,0.0000,0.0000,0.0000,0.0000,,,,,,,,,,,0.000000,0.000000,0.000000,0.000000,0.000000,0.000000,0.000000,0.000000,0.000000,0.000000,0.000000,0.000000,0.000000,0.000000,0.000000,0.000000,0.000000,0.000000,0.000000,0.000000,0.000000,0.000000,0.000000,0.000000,0.000000,0.000000,0.000000,0.000000,0.000000,0.000000,0.000000,0.000000,0.000000,0.000000,0.000000,0.000000,0.000000,0.000000,0.000000,0.000000,0.000000,0.000000,0.000000,0.000000,0.000000,0.000000,0.000000,0.000000,0.000000,0.000000,0.000000,0.000000,0.000000,0.000000,0.000000,0.000000,0.000000,0.000000,0.000000,0.000000,0.000000,0.000000,0.000000
883,1694846652.387418,0,,,0.0000,0.0000,0.0000,0.0000,,,,,,,,,,,0.000000,0.000000,0.000000,0.000000,0.000000,0.000000,0.000000,0.000000,0.000000,0.000000,0.000000,0.000000,0.000000,0.000000,0.000000,0.000000,0.000000,0.000000,0.000000,0.000000,0.000000,0.000000,0.000000,0.000000,0.000000,0.000000,0.000000,0.000000,0.000000,0.000000,0.000000,0.000000,0.000000,0.000000,0.000000,0.000000,0.000000,0.000000,0.000000,0.000000,0.000000,0.000000,0.000000,0.000000,0.000000,0.000000,0.000000,0.000000,0.000000,0.000000,0.000000,0.000000,0.000000,0.000000,0.000000,0.000000,0.000000,0.000000,0.000000,0.000000,0.000000,0.000000,0.000000
884,1694846652.395751,0,,,0.0000,0.0000,0.0000,0.0000,,,,,,,,,,,0.000000,0.000000,0.000000,0.000000,0.000000,0.000000,0.000000,0.000000,0.000000,0.000000,0.000000,0.000000,0.000000,0.000000,0.000000,0.000000,0.000000,0.000000,0.000000,0.000000,0.000000,0.000000,0.000000,0.000000,0.000000,0.000000,0.000000,0.000000,0.000000,0.000000,0.000000,0.000000,0.000000,0.000000,0.000000,0.000000,0.000000,0.000000,0.000000,0.000000,0.000000,0.000000,0.000000,0.000000,0.000000,0.000000,0.000000,0.000000,0.000000,0.000000,0.000000,0.000000,0.000000,0.000000,0.000000,0.000000,0.000000,0.000000,0.000000,0.000000,0.000000,0.000000,0.000000
885,1694846652.404085,0,,,0.0000,0.0000,0.0000,0.0000,,4361.5032,2.1354,80.4313,201.5348,230.2947,194.3730,156.4902,109.4904,0.000000,0.549062,0.934056,-0.000000,0.479893,0.937720,-0.009217,0.429502,0.850659,-0.011068,0.422722,0.747602,-0.009858,0.444225,0.701094,-0.008416,0.464017,0.742552,-0.017991,0.452434,0.628083,-0.020099,0.448170,0.562241,-0.020925,0.446313,0.510087,-0.023272,0.506863,0.715854,-0.012407,0.475590,0.681486,-0.013892,0.469013,0.725615,-0.005666,0.476584,0.763458,0.000618,0.538669,0.716032,-0.006812,0.503076,0.702915,-0.010098,0.497947,0.738759,-0.003176,0.505847,0.774032,0.001893,0.562673,0.724712,-0.001673,0.531157,0.718533,-0.004129,0.526894,0.750255,-0.000288,0.533582,0.779647,0.003651
886,1694846652.412418,0,,,0.0000,0.0000,0.0000,0.0000,0.1511,4541.0508,1.7208,82.1705,202.4620,231.1616,194.9370,157.2371,110.4271,0.000000,0.548264,0.929362,-0.000000,0.479370,0.936518,-0.008699,0.429447,0.851125,-0.009512,0.421841,0.750630,-0.006698,0.442397,0.705554,-0.003506,0.464309,0.742782,-0.019773,0.452094,0.625655,-0.021669,0.448103,0.559406,-0.021835,0.446815,0.507694,-0.023392,0.507172,0.715866,-0.013540,0.474153,0.679344,-0.013735,0.467041,0.723177,-0.004028,0.475187,0.760318,0.003015,0.538686,0.715803,-0.007226,0.501797,0.698762,-0.010082,0.495915,0.734632,-0.003015,0.503892,0.769768,0.002147,0.562360,0.724174,-0.001179,0.530502,0.716285,-0.003338,0.525634,0.746909,0.000307,0.531670,0.776389,0.004046
887,1694846652.420751,0,,,0.0000,0.0000,0.0000,0.0000,35.3076,4333.4470,2.0523,77.4267,204.1805,229.2760,192.5664,154.8531,108.0263,0.000000,0.547087,0.927979,-0.000000,0.478358,0.932468,-0.007774,0.429262,0.848011,-0.009501,0.421114,0.746861,-0.007723,0.440402,0.699496,-0.005872,0.463643,0.745599,-0.022054,0.451622,0.623857,-0.024979,0.447553,0.555425,-0.025522,0.445566,0.502272,-0.027255,0.506654,0.717797,-0.016435,0.474053,0.674667,-0.017346,0.467393,0.716403,-0.007604,0.475098,0.752923,-0.000611,0.538436,0.716453,-0.010433,0.502082,0.695999,-0.013222,0.497090,0.729877,-0.005638,0.505370,0.763806,-0.000348,0.562443,0.722838,-0.004536,0.530816,0.712365,-0.006397,0.526521,0.742172,-0.002244,0.532884,0.770581,0.001720
888,1694846652.429085,0,,,0.0000,0.0000,0.0000,0.0000,,,,,,,,,,,0.000000,0.000000,0.000000,0.000000,0.000000,0.000000,0.000000,0.000000,0.000000,0.000000,0.000000,0.000000,0.000000,0.000000,0.000000,0.000000,0.000000,0.000000,0.000000,0.000000,0.000000,0.000000,0.000000,0.000000,0.000000,0.000000,0.000000,0.000000,0.000000,0.000000,0.000000,0.000000,0.000000,0.000000,0.000000,0.000000,0.000000,0.000000,0.000000,0.000000,0.000000,0.000000,0.000000,0.000000,0.000000,0.000000,0.000000,0.000000,0.000000,0.000000,0.000000,0.000000,0.000000,0.000000,0.000000,0.000000,0.000000,0.000000,0.000000,0.000000,0.000000,0.000000,0.000000
889,1694846652.437418,0,,,0.0000,0.0000,0.0000,0.0000,,4152.2701,2.1565,73.9954,202.9835,222.9365,186.6420,148.6315,101.4768,0.000000,0.546107,0.935172,-0.000000,0.476147,0.937670,-0.008248,0.425204,0.848666,-0.009615,0.417898,0.741545,-0.007208,0.440952,0.692785,-0.004506,0.462298,0.747027,-0.023332,0.448201,0.618548,-0.025419,0.444414,0.548814,-0.025119,0.442413,0.493787,-0.026657,0.505721,0.716894,-0.016557,0.468190,0.675065,-0.016807,0.461647,0.720653,-0.006248,0.469771,0.758579,0.001119,0.536445,0.713664,-0.009184,0.495530,0.695149,-0.010550,0.490085,0.731522,-0.002175,0.498562,0.767456,0.003197,0.558748,0.720088,-0.002047,0.524173,0.712505,-0.003320,0.519279,0.743649,0.000550,0.525992,0.773250,0.004128
890,1694846652.445751,0,,,0.0000,0.0000,0.0000,0.0000,54.4617,4091.0624,2.8916,79.8989,197.7340,221.2452,185.0303,146.9399,99.3634,0.000000,0.545098,0.930519,-0.000000,0.474338,0.936167,-0.009390,0.423706,0.849833,-0.010506,0.415280,0.743575,-0.006973,0.436055,0.692708,-0.002885,0.461419,0.747761,-0.025633,0.445281,0.620486,-0.028693,0.441030,0.550880,-0.029030,0.439371,0.495216,-0.030456,0.504359,0.717275,-0.018033,0.466394,0.671167,-0.016838,0.459379,0.715276,-0.005189,0.467726,0.752330,0.002623,0.534342,0.713370,-0.010083,0.493300,0.689196,-0.010985,0.487301,0.725656,-0.002734,0.495596,0.761053,0.002479,0.556574,0.718542,-0.002384,0.522195,0.706183,-0.002762,0.517568,0.736068,0.001480,0.524084,0.765836,0.005089
891,1694846652.454085,0,,,0.0000,0.0000,0.0000,0.0000,36.9694,3957.8765,2.8331,76.3426,197.2284,216.2282,179.9045,141.9622,94.7377,0.000000,0.542935,0.930291,-0.000000,0.472167,0.935336,-0.009195,0.421035,0.851053,-0.010388,0.411383,0.744397,-0.006535,0.432122,0.692617,-0.002105,0.459456,0.748225,-0.029192,0.441413,0.618808,-0.032811,0.437842,0.546942,-0.032903,0.436463,0.491225,-0.033851,0.502853,0.716636,-0.020940,0.463465,0.669121,-0.019961,0.455754,0.710382,-0.007512,0.462658,0.747961,0.000909,0.532750,0.711899,-0.011978,0.490069,0.689463,-0.013315,0.483712,0.722365,-0.005038,0.491040,0.757460,0.000471,0.553930,0.715849,-0.003018,0.517567,0.706009,-0.003775,0.512403,0.734017,0.000285,0.517907,0.762583,0.003945
892,1694846652.462418,0,,,0.0000,0.0000,0.0000,0.0000,44.9345,4020.2440,2.3546,78.7222,192.2465,211.4053,175.1081,137.4627,90.1130,0.000000,0.539736,0.931768,-0.000000,0.469389,0.938794,-0.009084,0.417698,0.851863,-0.011440,0.408534,0.744085,-0.009438,0.430903,0.693304,-0.007196,0.454376,0.753264,-0.028092,0.438400,0.622287,-0.033192,0.433810,0.549313,-0.035075,0.431237,0.491001,-0.037824,0.497538,0.718546,-0.021247,0.459050,0.671234,-0.022485,0.453101,0.716441,-0.011133,0.461827,0.753705,-0.003232,0.527560,0.711646,-0.013907,0.485654,0.690018,-0.015550,0.480423,0.725214,-0.006111,0.489349,0.760166,-0.000109,0.549054,0.714735,-0.006917,0.513896,0.704055,-0.008341,0.509617,0.734047,-0.003983,0.516507,0.763132,-0.000173
893,1694846652.470751,0,,,0.0000,0.0000,0.0000,0.0000,7.4410,4373.3008,2.4601,92.5116,183.9426,205.8034,170.3598,132.9330,86.2029,0.000000,0.536282,0.926633,-0.000000,0.466659,0.938133,-0.008504,0.413504,0.854191,-0.011535,0.403592,0.745579,-0.010582,0.426710,0.695001,-0.009675,0.448612,0.754376,-0.026681,0.433821,0.627443,-0.032241,0.428825,0.553128,-0.034835,0.425970,0.495325,-0.037926,0.491765,0.718755,-0.020710,0.453438,0.677904,-0.022873,0.447623,0.723695,-0.011743,0.457115,0.761468,-0.003503,0.522109,0.711974,-0.014386,0.481714,0.695653,-0.016908,0.476726,0.730692,-0.008147,0.485904,0.764875,-0.002174,0.544377,0.714421,-0.008266,0.509040,0.707474,-0.009201,0.505222,0.737583,-0.004524,0.512892,0.764634,-0.000462
894,1694846652.479085,0,,,0.0000,0.0000,0.0000,0.0000,8.0429,4435.8806,2.9465,84.4653,177.2914,198.0268,162.5174,125.1689,78.0767,0.000000,0.537436,0.930516,-0.000000,0.465668,0.940162,-0.009046,0.411020,0.858170,-0.012607,0.399716,0.747881,-0.012878,0.420001,0.690485,-0.012980,0.446505,0.754392,-0.026083,0.428609,0.625401,-0.031661,0.423358,0.550186,-0.033433,0.419842,0.491747,-0.035909,0.489468,0.716915,-0.020707,0.447533,0.676667,-0.025356,0.440967,0.720605,-0.016113,0.449450,0.758518,-0.008604,0.520059,0.707684,-0.014904,0.475627,0.692088,-0.019571,0.470288,0.726124,-0.010953,0.478867,0.760948,-0.004318,0.541871,0.708688,-0.009430,0.503337,0.702717,-0.012048,0.497899,0.732832,-0.007584,0.504127,0.760900,-0.002950
895,1694846652.487418,0,,,0.0000,0.0000,0.0000,0.0000,22.8020,3552.2106,2.7849,78.8418,168.8287,189.9574,155.4116,118.2303,71.2713,0.000000,0.534305,0.931286,-0.000000,0.462344,0.941695,-0.008235,0.406882,0.860544,-0.010791,0.395039,0.751048,-0.009678,0.414085,0.693083,-0.008389,0.441018,0.756038,-0.027307,0.424041,0.624925,-0.032995,0.417925,0.549264,-0.034914,0.412954,0.490238,-0.037543,0.484714,0.718361,-0.021351,0.442529,0.677347,-0.024094,0.436302,0.721875,-0.013180,0.445317,0.758689,-0.005284,0.515419,0.709352,-0.014817,0.471231,0.690998,-0.018405,0.465652,0.725827,-0.008708,0.474469,0.761707,-0.001897,0.537765,0.710481,-0.008485,0.499030,0.702773,-0.010847,0.493532,0.734360,-0.005927,0.500181,0.763832,-0.001219
896,1694846652.495751,0,,,0.0000,0.0000,0.0000,0.0000,49.6429,3538.1470,3.5679,80.4282,163.0671,184.3106,150.6869,114.3228,67.7160,0.000000,0.529676,0.927681,-0.000000,0.458207,0.940319,-0.008139,0.403543,0.858745,-0.010114,0.391005,0.749258,-0.008646,0.408484,0.690215,-0.007047,0.437762,0.749564,-0.022691,0.418252,0.622181,-0.025724,0.411891,0.548694,-0.026543,0.407824,0.491392,-0.028678,0.479807,0.714814,-0.017067,0.439475,0.672758,-0.018865,0.432659,0.717340,-0.009296,0.441800,0.755210,-0.002193,0.510428,0.708877,-0.010914,0.467621,0.688434,-0.013645,0.461881,0.724249,-0.005063,0.471466,0.759411,0.000900,0.533229,0.711934,-0.004997,0.495533,0.700725,-0.006635,0.489606,0.733039,-0.001794,0.496852,0.761911,0.002689
897,1694846652.504085,0,,,0.0000,0.0000,0.0000,0.0000,44.9575,3780.6911,3.4936,85.8511,155.1390,177.2098,144.8541,109.4131,64.5139,0.000000,0.526511,0.927925,-0.000000,0.453766,0.940877,-0.009782,0.398838,0.860384,-0.012394,0.385803,0.750369,-0.011212,0.401510,0.690135,-0.009661,0.432392,0.752563,-0.024784,0.412129,0.625709,-0.029880,0.405210,0.552327,-0.031954,0.400158,0.494751,-0.034689,0.474709,0.714930,-0.018727,0.432719,0.669447,-0.021733,0.425838,0.713280,-0.012226,0.434540,0.751950,-0.004953,0.505082,0.705966,-0.012481,0.461017,0.684131,-0.016713,0.455575,0.719793,-0.008254,0.464942,0.755913,-0.001995,0.527437,0.706564,-0.006630,0.488848,0.696248,-0.009470,0.483141,0.728455,-0.005094,0.490081,0.757885,-0.000748
898,1694846652.512418,0,,,0.0000,0.0000,0.0000,0.0000,14.5099,3947.4538,2.7146,103.6003,139.3165,167.8569,137.5926,103.9138,61.6314,0.000000,0.523174,0.929268,-0.000000,0.451141,0.945633,-0.009446,0.394328,0.866459,-0.011900,0.380158,0.756435,-0.010699,0.395636,0.694083,-0.009062,0.427024,0.760969,-0.024358,0.405221,0.632156,-0.030532,0.396708,0.556645,-0.033021,0.390522,0.497678,-0.035844,0.469182,0.720030,-0.018427,0.424913,0.673862,-0.022434,0.419173,0.719002,-0.012645,0.429343,0.757282,-0.004890,0.499173,0.707525,-0.012412,0.452972,0.683675,-0.017574,0.446712,0.720065,-0.008404,0.456023,0.756309,-0.001349,0.521294,0.704812,-0.006733,0.480873,0.694779,-0.009947,0.474605,0.726608,-0.005082,0.481481,0.756262,-0.000275
899,1694846652.520751,1,-23.6954,-23.6954,2.1240,0.0000,26.9032,208.2770,14.9208,4541.8182,2.6945,123.6150,128.5427,158.2162,129.9550,98.4499,59.7232,0.000000,0.519032,0.928314,-0.000000,0.447284,0.946205,-0.008922,0.389990,0.867180,-0.010951,0.375535,0.759074,-0.009517,0.390669,0.697790,-0.007760,0.419966,0.759585,-0.024290,0.396985,0.632966,-0.030894,0.387887,0.556552,-0.034001,0.381200,0.497109,-0.037284,0.462699,0.718249,-0.019025,0.418823,0.677890,-0.023563,0.414171,0.720920,-0.014258,0.425083,0.756468,-0.006878,0.493292,0.707113,-0.013657,0.447777,0.687987,-0.019424,0.442920,0.722405,-0.010744,0.453466,0.756265,-0.004042,0.515562,0.706355,-0.008599,0.475837,0.700195,-0.012580,0.471650,0.731808,-0.007957,0.480182,0.760229,-0.003208
900,1694846652.529085,1,-24.9612,-24.9612,0.6598,-1.4642,25.6242,138.1562,5.7707,4080.6761,2.1164,139.8318,115.8754,150.8934,125.5611,97.1982,64.7009,0.000000,0.515068,0.927312,-0.000000,0.443529,0.946772,-0.008043,0.385857,0.870291,-0.009984,0.370124,0.765776,-0.009148,0.383653,0.706285,-0.008011,0.414729,0.761409,-0.020368,0.389654,0.638247,-0.027119,0.378410,0.564649,-0.030790,0.370706,0.505847,-0.034654,0.455942,0.719674,-0.015868,0.411067,0.681898,-0.020923,0.406855,0.728255,-0.012225,0.419421,0.762936,-0.005153,0.486201,0.707744,-0.011508,0.440133,0.690631,-0.017702,0.435122,0.727043,-0.008553,0.446752,0.760487,-0.001442,0.508610,0.706502,-0.007511,0.468600,0.699964,-0.011806,0.464026,0.733217,-0.006665,0.473297,0.762155,-0.001496
901,1694846652.537418,1,-23.7278,-23.7278,-13.5735,-14.2333,24.9682,397.7852,5.9049,4437.4948,2.5566,147.1690,99.5200,147.5270,123.8190,97.9869,71.9553,0.000000,0.508311,0.925157,-0.000000,0.438244,0.947390,-0.008242,0.380521,0.872044,-0.010178,0.363777,0.767508,-0.009468,0.377356,0.707708,-0.008470,0.405748,0.757662,-0.019327,0.380792,0.639073,-0.026111,0.369289,0.566709,-0.030280,0.362018,0.508897,-0.034535,0.446457,0.717725,-0.014658,0.405956,0.688684,-0.019630,0.403416,0.734143,-0.011562,0.416933,0.765701,-0.005202,0.477448,0.708060,-0.010204,0.436006,0.695318,-0.017052,0.431968,0.730949,-0.008501,0.444335,0.761963,-0.001750,0.501168,0.709652,-0.006097,0.464837,0.704551,-0.011190,0.461194,0.737033,-0.006279,0.471599,0.764782,-0.001043
902,1694846652.545751,1,23.1956,23.1956,0.1568,13.7303,23.0355,116.3397,1.8690,4925.2525,2.7997,159.7369,101.3571,137.0626,116.0478,92.7209,70.6284,0.000000,0.504255,0.928376,-0.000000,0.432558,0.950328,-0.008953,0.373783,0.874778,-0.009892,0.356618,0.772130,-0.007756,0.369739,0.712521,-0.004935,0.396458,0.757138,-0.019537,0.372750,0.634187,-0.026036,0.362816,0.562549,-0.029904,0.356069,0.505210,-0.033946,0.438959,0.716190,-0.014091,0.397725,0.685577,-0.017866,0.394935,0.732195,-0.009338,0.407647,0.764779,-0.003010,0.470805,0.706057,-0.009044,0.428202,0.693785,-0.014230,0.425304,0.730513,-0.005498,0.437253,0.762910,0.000900,0.494919,0.707966,-0.004588,0.458908,0.702833,-0.008443,0.455752,0.735156,-0.003691,0.465001,0.764274,0.001196
903,1694846652.554085,1,-23.8259,-23.8259,-0.0326,-0.1894,18.9051,1249.3150,0.1420,5259.3515,2.6225,144.1890,91.9573,136.4331,121.4844,102.9129,85.9133,0.000375,0.500352,0.927688,-0.000000,0.429606,0.951300,-0.008829,0.370654,0.878125,-0.009563,0.350474,0.778287,-0.007841,0.359264,0.717688,-0.005679,0.388115,0.759410,-0.016153,0.363970,0.642720,-0.023197,0.352587,0.573023,-0.027685,0.344794,0.517428,-0.032036,0.429408,0.717165,-0.011533,0.389321,0.683558,-0.016086,0.385621,0.727476,-0.008829,0.397676,0.760081,-0.002984,0.461935,0.704992,-0.007621,0.419919,0.692000,-0.013823,0.416660,0.726708,-0.005886,0.428788,0.757629,0.000428,0.487128,0.705602,-0.004377,0.451069,0.701413,-0.009093,0.447760,0.733270,-0.004621,0.458118,0.761930,0.000338
904,1694846652.562418,1,25.3432,25.3432,12.5761,12.6087,23.7448,2154.3465,11.4542,5412.3324,1.9600,137.5216,79.4857,132.0998,122.4087,109.3775,98.7870,0.003297,0.494336,0.922258,-0.000000,0.424981,0.949905,-0.008622,0.364501,0.881721,-0.010020,0.341982,0.783865,-0.009238,0.347699,0.724593,-0.008110,0.380291,0.763157,-0.016578,0.350966,0.648817,-0.024093,0.338590,0.578801,-0.028668,0.330669,0.523051,-0.032885,0.420332,0.718768,-0.012620,0.378201,0.688822,-0.018720,0.375844,0.732422,-0.012274,0.388665,0.763658,-0.006639,0.452381,0.704636,-0.009231,0.408650,0.694424,-0.016748,0.405353,0.728677,-0.008531,0.417400,0.758514,-0.001694,0.477223,0.703480,-0.006475,0.439869,0.699798,-0.011931,0.435710,0.731917,-0.006886,0.445162,0.760783,-0.001275
905,1694846652.570751,1,-30.4991,-30.4991,-1.6928,-14.2689,24.7668,1337.7907,25.5150,3581.9479,2.1044,136.9460,70.8907,129.8366,125.3369,116.7874,111.5080,0.006308,0.488643,0.924765,-0.000000,0.419940,0.951769,-0.008070,0.360257,0.885072,-0.009007,0.335072,0.790346,-0.007334,0.335725,0.730306,-0.005387,0.372553,0.768772,-0.019511,0.340117,0.651489,-0.027772,0.326640,0.580446,-0.032836,0.318221,0.523670,-0.037027,0.411292,0.722692,-0.014916,0.366742,0.690807,-0.019134,0.364367,0.732867,-0.011350,0.376505,0.764151,-0.005283,0.443004,0.707552,-0.010657,0.397657,0.697208,-0.016506,0.395040,0.731933,-0.007626,0.407186,0.762708,-0.000651,0.467528,0.706413,-0.006924,0.429874,0.699885,-0.011734,0.425256,0.731768,-0.006442,0.433972,0.761716,-0.000646
906,1694846652.579085,1,26.9072,26.9072,0.9279,2.6207,25.7409,1441.8280,13.6413,5526.1604,2.6658,135.9252,67.4369,136.3495,133.9352,127.4349,123.9440,0.009211,0.483151,0.912173,-0.000000,0.416563,0.951319,-0.009929,0.354286,0.892041,-0.011173,0.327005,0.799477,-0.009540,0.329964,0.740590,-0.007569,0.367289,0.771769,-0.018597,0.332955,0.659350,-0.024934,0.318282,0.590609,-0.028074,0.309413,0.535994,-0.030963,0.404514,0.724501,-0.013535,0.359406,0.695682,-0.019197,0.358170,0.737957,-0.012803,0.372470,0.767882,-0.006942,0.434890,0.707056,-0.008862,0.388913,0.697081,-0.016339,0.386874,0.731474,-0.009001,0.399946,0.759398,-0.002455,0.458013,0.702620,-0.004762,0.419487,0.699271,-0.010192,0.416769,0.730539,-0.005710,0.427146,0.757457,-0.000440
907,1694846652.587418,1,-34.8974,-34.8974,-2.7679,-3.6958,27.5992,1723.4521,19.9771,5805.9922,1.8770,134.8310,58.6150,145.5094,148.8904,146.5128,146.1564,0.013142,0.479876,0.915658,-0.000000,0.413201,0.954723,-0.009548,0.350871,0.897412,-0.010474,0.322588,0.807231,-0.008859,0.321184,0.747164,-0.006941,0.359299,0.778339,-0.016320,0.324580,0.672380,-0.024383,0.307373,0.604099,-0.030009,0.295325,0.549960,-0.034914,0.395440,0.726877,-0.012188,0.348696,0.698472,-0.017979,0.347559,0.741386,-0.012339,0.361385,0.771856,-0.007309,0.425242,0.706077,-0.008796,0.378670,0.697572,-0.015513,0.376073,0.732635,-0.007527,0.388936,0.761211,-0.001025,0.448464,0.699734,-0.006276,0.409961,0.699654,-0.011605,0.406451,0.730242,-0.007119,0.416775,0.756776,-0.002051
908,1694846652.595751,1,36.3049,36.3049,2.7404,5.5083,30.7411,1993.6598,4.8478,6808.1523,1.7668,128.5247,56.6647,157.8401,166.6384,167.6235,169.2930,0.010199,0.476466,0.922278,-0.000000,0.410219,0.957438,-0.009793,0.348049,0.902715,-0.010831,0.318813,0.813294,-0.008589,0.315579,0.753632,-0.005774,0.355316,0.782098,-0.019702,0.315249,0.675375,-0.025992,0.294407,0.612593,-0.029387,0.277619,0.565095,-0.032647,0.390256,0.730633,-0.014183,0.338848,0.694611,-0.016375,0.336787,0.732943,-0.008496,0.348148,0.765484,-0.002544,0.419255,0.709728,-0.009024,0.368382,0.697661,-0.012495,0.366235,0.730728,-0.004134,0.377244,0.761208,0.001822,0.441987,0.702868,-0.004638,0.401206,0.700762,-0.007890,0.395470,0.729594,-0.003558,0.401832,0.757069,0.000892
909,1694846652.604085,0,41.1508,41.1508,17.9125,15.1721,33.4059,2139.1294,10.1092,10399.5167,2.1010,131.6458,60.1562,176.4995,188.0737,189.3308,190.3650,0.001106,0.472642,0.922972,-0.000000,0.407992,0.962976,-0.009903,0.345334,0.912994,-0.010271,0.313953,0.828771,-0.007549,0.303427,0.770472,-0.004183,0.347992,0.790677,-0.018010,0.305440,0.694293,-0.025237,0.283041,0.633055,-0.029908,0.265021,0.586429,-0.033734,0.382000,0.734840,-0.012976,0.331572,0.708492,-0.015785,0.329150,0.745598,-0.008840,0.339981,0.775189,-0.003294,0.410844,0.710362,-0.008581,0.360781,0.705221,-0.013344,0.357261,0.738085,-0.005603,0.367371,0.765101,0.000499,0.433521,0.700561,-0.004991,0.392656,0.701717,-0.009207,0.385496,0.730970,-0.004809,0.390485,0.757187,0.000110
910,1694846652.612418,0,-50.6844,-50.6844,-19.3979,-37.3104,38.6047,2713.1548,27.0879,6067.8189,2.2177,104.8804,80.4402,189.3966,203.8829,207.4852,211.7203,0.000000,0.468735,0.924342,-0.000000,0.404984,0.966877,-0.010782,0.341459,0.924390,-0.012636,0.308157,0.841973,-0.011231,0.297265,0.783984,-0.009217,0.338895,0.800818,-0.020836,0.291584,0.706833,-0.029704,0.267300,0.646103,-0.035476,0.248448,0.599925,-0.039885,0.371651,0.742913,-0.015394,0.321150,0.708992,-0.017636,0.318481,0.742001,-0.009965,0.328939,0.773342,-0.004220,0.401018,0.717030,-0.010678,0.352380,0.708618,-0.014752,0.349965,0.739372,-0.006467,0.360915,0.768638,-0.000296,0.425154,0.705830,-0.006915,0.385472,0.706877,-0.010748,0.379929,0.735787,-0.006211,0.386279,0.763019,-0.001448
911,1694846652.620751,0,-51.5747,-51.5747,-4.1693,15.2286,41.8217,2635.3191,4.1542,5539.7238,2.3166,69.7886,98.5181,203.2393,221.0006,227.1251,231.8622,0.000000,0.468196,0.929303,-0.000000,0.401586,0.973955,-0.011038,0.334751,0.929894,-0.013217,0.300886,0.841507,-0.012217,0.291034,0.781767,-0.010520,0.333086,0.807912,-0.021070,0.280600,0.715124,-0.028890,0.254468,0.657074,-0.033733,0.234536,0.611098,-0.038091,0.365889,0.749080,-0.015515,0.315557,0.726358,-0.018990,0.319012,0.764879,-0.011794,0.333822,0.793677,-0.006503,0.395162,0.723085,-0.010522,0.347136,0.723292,-0.015689,0.349371,0.757228,-0.007217,0.364131,0.785414,-0.001115,0.419042,0.712090,-0.006451,0.378370,0.718459,-0.011343,0.376598,0.749793,-0.006841,0.387128,0.775547,-0.002089
912,1694846652.629085,0,,,0.0000,0.0000,0.0000,0.0000,,,,,,,,,,,0.000000,0.000000,0.000000,0.000000,0.000000,0.000000,0.000000,0.000000,0.000000,0.000000,0.000000,0.000000,0.000000,0.000000,0.000000,0.000000,0.000000,0.000000,0.000000,0.000000,0.000000,0.000000,0.000000,0.000000,0.000000,0.000000,0.000000,0.000000,0.000000,0.000000,0.000000,0.000000,0.000000,0.000000,0.000000,0.000000,0.000000,0.000000,0.000000,0.000000,0.000000,0.000000,0.000000,0.000000,0.000000,0.000000,0.000000,0.000000,0.000000,0.000000,0.000000,0.000000,0.000000,0.000000,0.000000,0.000000,0.000000,0.000000,0.000000,0.000000,0.000000,0.000000,0.000000
913,1694846652.637418,0,,,0.0000,0.0000,0.0000,0.0000,,,,,,,,,,,0.000000,0.000000,0.000000,0.000000,0.000000,0.000000,0.000000,0.000000,0.000000,0.000000,0.000000,0.000000,0.000000,0.000000,0.000000,0.000000,0.000000,0.000000,0.000000,0.000000,0.000000,0.000000,0.000000,0.000000,0.000000,0.000000,0.000000,0.000000,0.000000,0.000000,0.000000,0.000000,0.000000,0.000000,0.000000,0.000000,0.000000,0.000000,0.000000,0.000000,0.000000,0.000000,0.000000,0.000000,0.000000,0.000000,0.000000,0.000000,0.000000,0.000000,0.000000,0.000000,0.000000,0.000000,0.000000,0.000000,0.000000,0.000000,0.000000,0.000000,0.000000,0.000000,0.000000
914,1694846652.645751,0,,,0.0000,0.0000,0.0000,0.0000,,,,,,,,,,,0.000000,0.000000,0.000000,0.000000,0.000000,0.000000,0.000000,0.000000,0.000000,0.000000,0.000000,0.000000,0.000000,0.000000,0.000000,0.000000,0.000000,0.000000,0.000000,0.000000,0.000000,0.000000,0.000000,0.000000,0.000000,0.000000,0.000000,0.000000,0.000000,0.000000,0.000000,0.000000,0.000000,0.000000,0.000000,0.000000,0.000000,0.000000,0.000000,0.000000,0.000000,0.000000,0.000000,0.000000,0.000000,0.000000,0.000000,0.000000,0.000000,0.000000,0.000000,0.000000,0.000000,0.000000,0.000000,0.000000,0.000000,0.000000,0.000000,0.000000,0.000000,0.000000,0.000000
915,1694846652.654085,0,,,0.0000,0.0000,0.0000,0.0000,,,,,,,,,,,0.000000,0.000000,0.000000,0.000000,0.000000,0.000000,0.000000,0.000000,0.000000,0.000000,0.000000,0.000000,0.000000,0.000000,0.000000,0.000000,0.000000,0.000000,0.000000,0.000000,0.000000,0.000000,0.000000,0.000000,0.000000,0.000000,0.000000,0.000000,0.000000,0.000000,0.000000,0.000000,0.000000,0.000000,0.000000,0.000000,0.000000,0.000000,0.000000,0.000000,0.000000,0.000000,0.000000,0.000000,0.000000,0.000000,0.000000,0.000000,0.000000,0.000000,0.000000,0.000000,0.000000,0.000000,0.000000,0.000000,0.000000,0.000000,0.000000,0.000000,0.000000,0.000000,0.000000
916,1694846652.662418,0,,,0.0000,0.0000,0.0000,0.0000,,,,,,,,,,,0.000000,0.000000,0.000000,0.000000,0.000000,0.000000,0.000000,0.000000,0.000000,0.000000,0.000000,0.000000,0.000000,0.000000,0.000000,0.000000,0.000000,0.000000,0.000000,0.000000,0.000000,0.000000,0.000000,0.000000,0.000000,0.000000,0.000000,0.000000,0.000000,0.000000,0.000000,0.000000,0.000000,0.000000,0.000000,0.000000,0.000000,0.000000,0.000000,0.000000,0.000000,0.000000,0.000000,0.000000,0.000000,0.000000,0.000000,0.000000,0.000000,0.000000,0.000000,0.000000,0.000000,0.000000,0.000000,0.000000,0.000000,0.000000,0.000000,0.000000,0.000000,0.000000,0.000000
917,1694846652.670751,0,,,0.0000,0.0000,0.0000,0.0000,,,,,,,,,,,0.000000,0.000000,0.000000,0.000000,0.000000,0.000000,0.000000,0.000000,0.000000,0.000000,0.000000,0.000000,0.000000,0.000000,0.000000,0.000000,0.000000,0.000000,0.000000,0.000000,0.000000,0.000000,0.000000,0.000000,0.000000,0.000000,0.000000,0.000000,0.000000,0.000000,0.000000,0.000000,0.000000,0.000000,0.000000,0.000000,0.000000,0.000000,0.000000,0.000000,0.000000,0.000000,0.000000,0.000000,0.000000,0.000000,0.000000,0.000000,0.000000,0.000000,0.000000,0.000000,0.000000,0.000000,0.000000,0.000000,0.000000,0.000000,0.000000,0.000000,0.000000,0.000000,0.000000
918,1694846652.679085,0,,,0.0000,0.0000,0.0000,0.0000,,,,,,,,,,,0.000000,0.000000,0.000000,0.000000,0.000000,0.000000,0.000000,0.000000,0.000000,0.000000,0.000000,0.000000,0.000000,0.000000,0.000000,0.000000,0.000000,0.000000,0.000000,0.000000,0.000000,0.000000,0.000000,0.000000,0.000000,0.000000,0.000000,0.000000,0.000000,0.000000,0.000000,0.000000,0.000000,0.000000,0.000000,0.000000,0.000000,0.000000,0.000000,0.000000,0.000000,0.000000,0.000000,0.000000,0.000000,0.000000,0.000000,0.000000,0.000000,0.000000,0.000000,0.000000,0.000000,0.000000,0.000000,0.000000,0.000000,0.000000,0.000000,0.000000,0.000000,0.000000,0.000000
919,1694846652.687418,0,,,0.0000,0.0000,0.0000,0.0000,,,,,,,,,,,0.000000,0.000000,0.000000,0.000000,0.000000,0.000000,0.000000,0.000000,0.000000,0.000000,0.000000,0.000000,0.000000,0.000000,0.000000,0.000000,0.000000,0.000000,0.000000,0.000000,0.000000,0.000000,0.000000,0.000000,0.000000,0.000000,0.000000,0.000000,0.000000,0.000000,0.000000,0.000000,0.000000,0.000000,0.000000,0.000000,0.000000,0.000000,0.000000,0.000000,0.000000,0.000000,0.000000,0.000000,0.000000,0.000000,0.000000,0.000000,0.000000,0.000000,0.000000,0.000000,0.000000,0.000000,0.000000,0.000000,0.000000,0.000000,0.000000,0.000000,0.000000,0.000000,0.000000
920,1694846652.695751,0,,,0.0000,0.0000,0.0000,0.0000,,,,,,,,,,,0.000000,0.000000,0.000000,0.000000,0.000000,0.000000,0.000000,0.000000,0.000000,0.000000,0.000000,0.000000,0.000000,0.000000,0.000000,0.000000,0.000000,0.000000,0.000000,0.000000,0.000000,0.000000,0.000000,0.000000,0.000000,0.000000,0.000000,0.000000,0.000000,0.000000,0.000000,0.000000,0.000000,0.000000,0.000000,0.000000,0.000000,0.000000,0.000000,0.000000,0.000000,0.000000,0.000000,0.000000,0.000000,0.000000,0.000000,0.000000,0.000000,0.000000,0.000000,0.000000,0.000000,0.000000,0.000000,0.000000,0.000000,0.000000,0.000000,0.000000,0.000000,0.000000,0.000000
921,1694846652.704085,0,,,0.0000,0.0000,0.0000,0.0000,,,,,,,,,,,0.000000,0.000000,0.000000,0.000000,0.000000,0.000000,0.000000,0.000000,0.000000,0.000000,0.000000,0.000000,0.000000,0.000000,0.000000,0.000000,0.000000,0.000000,0.000000,0.000000,0.000000,0.000000,0.000000,0.000000,0.000000,0.000000,0.000000,0.000000,0.000000,0.000000,0.000000,0.000000,0.000000,0.000000,0.000000,0.000000,0.000000,0.000000,0.000000,0.000000,0.000000,0.000000,0.000000,0.000000,0.000000,0.000000,0.000000,0.000000,0.000000,0.000000,0.000000,0.000000,0.000000,0.000000,0.000000,0.000000,0.000000,0.000000,0.000000,0.000000,0.000000,0.000000,0.000000
922,1694846652.712418,0,,,0.0000,0.0000,0.0000,0.0000,,,,,,,,,,,0.000000,0.000000,0.000000,0.000000,0.000000,0.000000,0.000000,0.000000,0.000000,0.000000,0.000000,0.000000,0.000000,0.000000,0.000000,0.000000,0.000000,0.000000,0.000000,0.000000,0.000000,0.000000,0.000000,0.000000,0.000000,0.000000,0.000000,0.000000,0.000000,0.000000,0.000000,0.000000,0.000000,0.000000,0.000000,0.000000,0.000000,0.000000,0.000000,0.000000,0.000000,0.000000,0.000000,0.000000,0.000000,0.000000,0.000000,0.000000,0.000000,0.000000,0.000000,0.000000,0.000000,0.000000,0.000000,0.000000,0.000000,0.000000,0.000000,0.000000,0.000000,0.000000,0.000000
923,1694846652.720751,0,,,0.0000,0.0000,0.0000,0.0000,,,,,,,,,,,0.000000,0.000000,0.000000,0.000000,0.000000,0.000000,0.000000,0.000000,0.000000,0.000000,0.000000,0.000000,0.000000,0.000000,0.000000,0.000000,0.000000,0.000000,0.000000,0.000000,0.000000,0.000000,0.000000,0.000000,0.000000,0.000000,0.000000,0.000000,0.000000,0.000000,0.000000,0.000000,0.000000,0.000000,0.000000,0.000000,0.000000,0.000000,0.000000,0.000000,0.000000,0.000000,0.000000,0.000000,0.000000,0.000000,0.000000,0.000000,0.000000,0.000000,0.000000,0.000000,0.000000,0.000000,0.000000,0.000000,0.000000,0.000000,0.000000,0.000000,0.000000,0.000000,0.000000
924,1694846652.729085,0,,,0.0000,0.0000,0.0000,0.0000,,,,,,,,,,,0.000000,0.000000,0.000000,0.000000,0.000000,0.000000,0.000000,0.000000,0.000000,0.000000,0.000000,0.000000,0.000000,0.000000,0.000000,0.000000,0.000000,0.000000,0.000000,0.000000,0.000000,0.000000,0.000000,0.000000,0.000000,0.000000,0.000000,0.000000,0.000000,0.000000,0.000000,0.000000,0.000000,0.000000,0.000000,0.000000,0.000000,0.000000,0.000000,0.000000,0.000000,0.000000,0.000000,0.000000,0.000000,0.000000,0.000000,0.000000,0.000000,0.000000,0.000000,0.000000,0.000000,0.000000,0.000000,0.000000,0.000000,0.000000,0.000000,0.000000,0.000000,0.000000,0.000000
925,1694846652.737418,0,,,0.0000,0.0000,0.0000,0.0000,,,,,,,,,,,0.000000,0.000000,0.000000,0.000000,0.000000,0.000000,0.000000,0.000000,0.000000,0.000000,0.000000,0.000000,0.000000,0.000000,0.000000,0.000000,0.000000,0.000000,0.000000,0.000000,0.000000,0.000000,0.000000,0.000000,0.000000,0.000000,0.000000,0.000000,0.000000,0.000000,0.000000,0.000000,0.000000,0.000000,0.000000,0.000000,0.000000,0.000000,0.000000,0.000000,0.000000,0.000000,0.000000,0.000000,0.000000,0.000000,0.000000,0.000000,0.000000,0.000000,0.000000,0.000000,0.000000,0.000000,0.000000,0.000000,0.000000,0.000000,0.000000,0.000000,0.000000,0.000000,0.000000
926,1694846652.745751,0,,,0.0000,0.0000,0.0000,0.0000,,,,,,,,,,,0.000000,0.000000,0.000000,0.000000,0.000000,0.000000,0.000000,0.000000,0.000000,0.000000,0.000000,0.000000,0.000000,0.000000,0.000000,0.000000,0.000000,0.000000,0.000000,0.000000,0.000000,0.000000,0.000000,0.000000,0.000000,0.000000,0.000000,0.000000,0.000000,0.000000,0.000000,0.000000,0.000000,0.000000,0.000000,0.000000,0.000000,0.000000,0.000000,0.000000,0.000000,0.000000,0.000000,0.000000,0.000000,0.000000,0.000000,0.000000,0.000000,0.000000,0.000000,0.000000,0.000000,0.000000,0.000000,0.000000,0.000000,0.000000,0.000000,0.000000,0.000000,0.000000,0.000000
927,1694846652.754085,0,,,0.0000,0.0000,0.0000,0.0000,,,,,,,,,,,0.000000,0.000000,0.000000,0.000000,0.000000,0.000000,0.000000,0.000000,0.000000,0.000000,0.000000,0.000000,0.000000,0.000000,0.000000,0.000000,0.000000,0.000000,0.000000,0.000000,0.000000,0.000000,0.000000,0.000000,0.000000,0.000000,0.000000,0.000000,0.000000,0.000000,0.000000,0.000000,0.000000,0.000000,0.000000,0.000000,0.000000,0.000000,0.000000,0.000000,0.000000,0.000000,0.000000,0.000000,0.000000,0.000000,0.000000,0.000000,0.000000,0.000000,0.000000,0.000000,0.000000,0.000000,0.000000,0.000000,0.000000,0.000000,0.000000,0.000000,0.000000,0.000000,0.000000
928,1694846652.762418,0,,,0.0000,0.0000,0.0000,0.0000,,,,,,,,,,,0.000000,0.000000,0.000000,0.000000,0.000000,0.000000,0.000000,0.000000,0.000000,0.000000,0.000000,0.000000,0.000000,0.000000,0.000000,0.000000,0.000000,0.000000,0.000000,0.000000,0.000000,0.000000,0.000000,0.000000,0.000000,0.000000,0.000000,0.000000,0.000000,0.000000,0.000000,0.000000,0.000000,0.000000,0.000000,0.000000,0.000000,0.000000,0.000000,0.000000,0.000000,0.000000,0.000000,0.000000,0.000000,0.000000,0.000000,0.000000,0.000000,0.000000,0.000000,0.000000,0.000000,0.000000,0.000000,0.000000,0.000000,0.000000,0.000000,0.000000,0.000000,0.000000,0.000000
929,1694846652.770751,0,,,0.0000,0.0000,0.0000,0.0000,,,,,,,,,,,0.000000,0.000000,0.000000,0.000000,0.000000,0.000000,0.000000,0.000000,0.000000,0.000000,0.000000,0.000000,0.000000,0.000000,0.000000,0.000000,0.000000,0.000000,0.000000,0.000000,0.000000,0.000000,0.000000,0.000000,0.000000,0.000000,0.000000,0.000000,0.000000,0.000000,0.000000,0.000000,0.000000,0.000000,0.000000,0.000000,0.000000,0.000000,0.000000,0.000000,0.000000,0.000000,0.000000,0.000000,0.000000,0.000000,0.000000,0.000000,0.000000,0.000000,0.000000,0.000000,0.000000,0.000000,0.000000,0.000000,0.000000,0.000000,0.000000,0.000000,0.000000,0.000000,0.000000
930,1694846652.779085,0,,,0.0000,0.0000,0.0000,0.0000,,,,,,,,,,,0.000000,0.000000,0.000000,0.000000,0.000000,0.000000,0.000000,0.000000,0.000000,0.000000,0.000000,0.000000,0.000000,0.000000,0.000000,0.000000,0.000000,0.000000,0.000000,0.000000,0.000000,0.000000,0.000000,0.000000,0.000000,0.000000,0.000000,0.000000,0.000000,0.000000,0.000000,0.000000,0.000000,0.000000,0.000000,0.000000,0.000000,0.000000,0.000000,0.000000,0.000000,0.000000,0.000000,0.000000,0.000000,0.000000,0.000000,0.000000,0.000000,0.000000,0.000000,0.000000,0.000000,0.000000,0.000000,0.000000,0.000000,0.000000,0.000000,0.000000,0.000000,0.000000,0.000000
931,1694846652.787418,0,,,0.0000,0.0000,0.0000,0.0000,,,,,,,,,,,0.000000,0.000000,0.000000,0.000000,0.000000,0.000000,0.000000,0.000000,0.000000,0.000000,0.000000,0.000000,0.000000,0.000000,0.000000,0.000000,0.000000,0.000000,0.000000,0.000000,0.000000,0.000000,0.000000,0.000000,0.000000,0.000000,0.000000,0.000000,0.000000,0.000000,0.000000,0.000000,0.000000,0.000000,0.000000,0.000000,0.000000,0.000000,0.000000,0.000000,0.000000,0.000000,0.000000,0.000000,0.000000,0.000000,0.000000,0.000000,0.000000,0.000000,0.000000,0.000000,0.000000,0.000000,0.000000,0.000000,0.000000,0.000000,0.000000,0.000000,0.000000,0.000000,0.000000
932,1694846652.795751,0,,,0.0000,0.0000,0.0000,0.0000,,,,,,,,,,,0.000000,0.000000,0.000000,0.000000,0.000000,0.000000,0.000000,0.000000,0.000000,0.000000,0.000000,0.000000,0.000000,0.000000,0.000000,0.000000,0.000000,0.000000,0.000000,0.000000,0.000000,0.000000,0.000000,0.000000,0.000000,0.000000,0.000000,0.000000,0.000000,0.000000,0.000000,0.000000,0.000000,0.000000,0.000000,0.000000,0.000000,0.000000,0.000000,0.000000,0.000000,0.000000,0.000000,0.000000,0.000000,0.000000,0.000000,0.000000,0.000000,0.000000,0.000000,0.000000,0.000000,0.000000,0.000000,0.000000,0.000000,0.000000,0.000000,0.000000,0.000000,0.000000,0.000000
933,1694846652.804085,0,72.0436,72.0436,8.9347,0.0000,50.9593,210.2580,,3227.8556,2.1871,98.4622,113.2781,177.4008,198.5290,209.1111,221.3439,0.000451,0.458724,0.941119,-0.000000,0.387957,0.977790,-0.014131,0.321756,0.930444,-0.020855,0.288124,0.837188,-0.022979,0.285613,0.774445,-0.024562,0.326901,0.812744,-0.036612,0.272732,0.697610,-0.048551,0.247789,0.630263,-0.054045,0.228472,0.576845,-0.058369,0.361918,0.751918,-0.028568,0.309535,0.710830,-0.034184,0.311753,0.755784,-0.023818,0.325444,0.794107,-0.016282,0.392202,0.721630,-0.020499,0.340921,0.704355,-0.027216,0.343258,0.743249,-0.016950,0.357573,0.779838,-0.009403,0.416551,0.705617,-0.013110,0.372148,0.701802,-0.019968,0.369523,0.737848,-0.015662,0.379451,0.768722,-0.010642
934,1694846652.812418,0,66.2810,66.2810,6.2826,-2.6521,55.3412,191.2483,34.6914,6169.5420,2.3516,124.2137,103.7517,169.9787,189.4945,199.2587,210.0625,0.002930,0.460968,0.936289,-0.000000,0.392339,0.973584,-0.011851,0.327178,0.926195,-0.016558,0.296078,0.834190,-0.017081,0.293561,0.771751,-0.017170,0.331778,0.805785,-0.031716,0.279757,0.693471,-0.043270,0.255484,0.624699,-0.049762,0.236234,0.571953,-0.054665,0.367306,0.746486,-0.024702,0.315769,0.708947,-0.028514,0.316296,0.748514,-0.018362,0.329093,0.784698,-0.011343,0.397925,0.719405,-0.017935,0.348775,0.704546,-0.024271,0.349583,0.737955,-0.015353,0.363058,0.772932,-0.008736,0.422430,0.704718,-0.011616,0.380640,0.700339,-0.018307,0.377604,0.733190,-0.014491,0.386475,0.763868,-0.009983
935,1694846652.820751,0,-57.3518,-57.3518,-1.6668,-7.9494,60.0182,191.2066,41.7146,8907.0858,2.1264,131.7153,91.0457,162.3751,180.7910,189.3528,199.4418,0.003487,0.461397,0.934010,-0.000000,0.393260,0.967211,-0.010905,0.329295,0.918756,-0.014126,0.301227,0.829352,-0.013810,0.300613,0.767099,-0.013138,0.335144,0.799785,-0.026765,0.288334,0.691754,-0.037622,0.264682,0.623383,-0.044371,0.245329,0.571089,-0.049681,0.371020,0.742264,-0.021661,0.319435,0.702520,-0.026377,0.317799,0.740130,-0.018179,0.329505,0.776461,-0.011801,0.401447,0.716257,-0.016950,0.351795,0.706111,-0.023049,0.350881,0.738649,-0.014531,0.363612,0.771946,-0.007804,0.425861,0.703958,-0.012985,0.384017,0.703298,-0.019068,0.379022,0.734538,-0.014972,0.386378,0.763702,-0.010092
936,1694846652.829085,0,-47.3039,-47.3039,1.0677,2.7345,59.5083,319.0683,41.7152,8414.4987,1.8377,129.6265,78.7320,155.8463,172.4658,178.4473,186.6846,0.014156,0.464845,0.933223,-0.000000,0.396168,0.963250,-0.009172,0.334666,0.911765,-0.010732,0.305477,0.824454,-0.008641,0.299266,0.765008,-0.006142,0.341474,0.791992,-0.025054,0.294486,0.682255,-0.034128,0.272348,0.616106,-0.039053,0.254674,0.564410,-0.042603,0.378110,0.738095,-0.019558,0.325900,0.695203,-0.022069,0.321536,0.731048,-0.012934,0.330919,0.766023,-0.005855,0.408858,0.714750,-0.014151,0.358174,0.702370,-0.018736,0.356284,0.735423,-0.010501,0.367737,0.767369,-0.003851,0.433278,0.703579,-0.009163,0.391283,0.701014,-0.012911,0.385651,0.733033,-0.007934,0.392157,0.761817,-0.002572
937,1694846652.837418,1,47.5705,47.5705,-6.1183,-7.1860,56.6627,1041.5920,1.6952,7034.3629,1.7760,132.1975,68.3572,150.4317,164.1825,168.8424,176.9948,0.012702,0.469285,0.928782,-0.000000,0.402022,0.960639,-0.009193,0.339998,0.905670,-0.010772,0.311103,0.816473,-0.008681,0.304544,0.756931,-0.006263,0.348070,0.788248,-0.025397,0.302052,0.678299,-0.034871,0.280384,0.611683,-0.040517,0.262820,0.560447,-0.044714,0.385027,0.734097,-0.019472,0.332144,0.694918,-0.022310,0.328326,0.732840,-0.013055,0.338372,0.767148,-0.005945,0.415755,0.711615,-0.013693,0.363854,0.700609,-0.018521,0.361353,0.734366,-0.010149,0.373047,0.766778,-0.003481,0.439997,0.702120,-0.008300,0.398193,0.698416,-0.012861,0.391909,0.730349,-0.008429,0.398511,0.759540,-0.003354
938,1694846652.845751,1,-37.2267,-37.2267,-25.8769,-19.7587,51.7913,2784.7788,43.9833,4047.3627,2.3135,131.2878,68.5256,140.6731,152.4610,155.4754,161.3743,0.018283,0.471512,0.930298,-0.000000,0.403329,0.956924,-0.007772,0.343294,0.896544,-0.007653,0.316592,0.807151,-0.004062,0.312943,0.749429,-0.000019,0.351629,0.778374,-0.021874,0.308141,0.668259,-0.029318,0.287977,0.602488,-0.033337,0.272038,0.551827,-0.036367,0.389303,0.729309,-0.016171,0.339835,0.688541,-0.016941,0.336773,0.726406,-0.006995,0.346860,0.762478,0.000427,0.420944,0.711353,-0.010658,0.371873,0.699177,-0.014559,0.369893,0.733195,-0.006965,0.381161,0.765644,-0.000907,0.446267,0.705805,-0.005327,0.405953,0.701965,-0.008486,0.400370,0.734396,-0.003943,0.407031,0.764909,0.000868
939,1694846652.854085,1,-40.5725,-40.5725,4.1948,30.0718,37.9026,1223.8502,16.8736,4968.3939,2.5068,140.4699,69.9191,132.0888,140.9550,143.6300,150.8618,0.019003,0.478573,0.923940,-0.000000,0.408697,0.956744,-0.006469,0.348841,0.894784,-0.006454,0.321819,0.803101,-0.003065,0.317607,0.744949,0.000436,0.357258,0.778798,-0.023207,0.314616,0.664238,-0.032352,0.293653,0.595588,-0.038019,0.277608,0.541827,-0.042065,0.395715,0.727201,-0.017558,0.346753,0.686895,-0.019080,0.344351,0.728437,-0.008078,0.356315,0.766206,0.000192,0.428193,0.709359,-0.011935,0.379675,0.697270,-0.016638,0.378239,0.732109,-0.007788,0.391590,0.766416,-0.000661,0.453902,0.704017,-0.006220,0.415714,0.699982,-0.009872,0.411843,0.733540,-0.004441,0.420910,0.764707,0.001136
940,1694846652.862418,1,-42.3740,-42.3740,1.2325,-2.9623,35.9238,986.7627,7.6015,5190.1592,3.1112,139.9275,65.7185,131.6806,138.0704,138.5783,142.1245,0.015818,0.481993,0.917953,-0.000000,0.414314,0.951490,-0.006432,0.353617,0.892306,-0.008429,0.327641,0.799893,-0.007958,0.331529,0.739331,-0.007795,0.362334,0.778816,-0.022750,0.322338,0.667561,-0.032949,0.302005,0.597322,-0.039893,0.287153,0.541759,-0.045397,0.400588,0.727421,-0.019479,0.354922,0.686900,-0.024526,0.353044,0.727948,-0.016605,0.366192,0.763603,-0.010131,0.433919,0.708875,-0.016052,0.389507,0.695756,-0.022359,0.387254,0.728862,-0.013482,0.400821,0.761835,-0.006393,0.460692,0.704586,-0.012762,0.424829,0.700324,-0.017516,0.422040,0.732634,-0.011599,0.432719,0.762451,-0.005635
941,1694846652.870751,1,-47.1572,-47.1572,-23.6819,-24.9144,35.9048,1590.8948,17.4750,4689.5745,1.7423,137.8426,66.8376,129.0583,131.1602,128.8185,129.9238,0.012677,0.486339,0.917304,-0.000000,0.419342,0.949851,-0.008486,0.358305,0.886251,-0.011455,0.334022,0.791783,-0.011556,0.339858,0.734260,-0.012072,0.371932,0.778237,-0.026448,0.331451,0.664406,-0.037896,0.311974,0.593857,-0.045508,0.298040,0.537792,-0.051687,0.411258,0.726031,-0.022872,0.364646,0.692118,-0.030264,0.363455,0.736306,-0.022832,0.377523,0.769924,-0.016564,0.444558,0.707824,-0.019298,0.400293,0.701060,-0.027278,0.398919,0.736544,-0.017975,0.413417,0.768037,-0.010525,0.471186,0.704853,-0.016064,0.435035,0.704153,-0.022416,0.432724,0.737726,-0.016467,0.443859,0.765674,-0.010343
942,1694846652.879085,1,-35.6420,-35.6420,0.3962,24.0781,4.0523,1107.2058,40.8105,4712.9001,1.5922,128.6937,68.8497,131.8694,127.5270,119.7397,115.3894,0.006514,0.491572,0.920758,-0.000000,0.425424,0.947368,-0.007353,0.366330,0.885432,-0.009849,0.342848,0.792741,-0.010040,0.348677,0.732558,-0.010300,0.379968,0.772112,-0.021868,0.343785,0.661267,-0.031430,0.325811,0.593295,-0.037136,0.313288,0.539614,-0.041786,0.419139,0.724161,-0.018976,0.376640,0.692080,-0.025938,0.374317,0.734220,-0.019390,0.387051,0.766405,-0.013607,0.452431,0.707229,-0.016049,0.410221,0.697923,-0.023873,0.407263,0.732156,-0.015410,0.419778,0.762552,-0.008373,0.479220,0.704316,-0.013395,0.444579,0.703283,-0.018901,0.441038,0.735583,-0.013099,0.450745,0.762879,-0.006924
943,1694846652.887418,1,-35.3247,-35.3247,1.3119,0.9157,4.4229,1302.4719,2.2702,4706.5022,1.6828,134.0455,80.3090,127.7329,118.3994,106.0966,97.9374,0.003941,0.497649,0.924756,-0.000000,0.431210,0.947840,-0.008069,0.372404,0.881747,-0.011048,0.351388,0.783893,-0.011771,0.355163,0.724125,-0.012317,0.386952,0.768990,-0.020967,0.354389,0.654820,-0.031228,0.338023,0.583518,-0.037816,0.326177,0.527330,-0.043276,0.426943,0.723735,-0.017931,0.387982,0.691464,-0.025724,0.386103,0.735433,-0.018994,0.398478,0.769130,-0.013009,0.460535,0.709757,-0.015157,0.421290,0.699856,-0.024621,0.418928,0.734725,-0.015810,0.431129,0.766070,-0.008229,0.488278,0.708268,-0.012672,0.454901,0.705277,-0.019608,0.451350,0.738722,-0.013745,0.460637,0.766701,-0.007311
944,1694846652.895751,1,36.5164,36.5164,19.7226,18.4107,30.9732,713.8687,7.4308,5565.1519,2.0305,140.2261,83.5808,131.0093,117.0501,100.4368,86.7962,0.000712,0.502530,0.923263,-0.000000,0.435565,0.948031,-0.007559,0.378288,0.878565,-0.009411,0.360100,0.780101,-0.008023,0.373378,0.724660,-0.006574,0.398227,0.766782,-0.024423,0.366436,0.651534,-0.033745,0.349858,0.581552,-0.040406,0.338514,0.524979,-0.046255,0.438819,0.722537,-0.019778,0.396975,0.691419,-0.023761,0.396203,0.738721,-0.014384,0.410407,0.770483,-0.007491,0.470626,0.711587,-0.015090,0.428980,0.702456,-0.020450,0.425811,0.739101,-0.010955,0.439081,0.769355,-0.003983,0.495376,0.713898,-0.010596,0.460447,0.712147,-0.014964,0.457734,0.743808,-0.009275,0.468734,0.769322,-0.003809
945,1694846652.904085,1,26.4011,26.4011,18.3896,-1.3330,35.1081,1060.4899,38.4310,6373.7937,1.7126,143.0856,91.9207,139.6033,119.1260,96.4233,76.0717,0.000000,0.510247,0.927104,-0.000000,0.441978,0.949123,-0.008954,0.384223,0.878585,-0.011195,0.366890,0.780380,-0.010675,0.380821,0.724687,-0.009782,0.405537,0.761509,-0.019963,0.376844,0.648168,-0.027585,0.362066,0.580142,-0.032947,0.351847,0.523759,-0.038408,0.446991,0.722092,-0.015578,0.407375,0.694572,-0.021207,0.406028,0.742336,-0.013808,0.419885,0.774000,-0.007938,0.479399,0.713359,-0.011530,0.439651,0.702573,-0.018597,0.436939,0.740539,-0.009978,0.450096,0.771222,-0.003232,0.504620,0.716306,-0.008033,0.470488,0.710665,-0.014197,0.467949,0.744210,-0.009834,0.479294,0.770870,-0.004916
946,1694846652.912418,1,25.7708,25.7708,15.3532,-3.0364,32.0935,1720.3048,18.5143,4252.3881,2.5835,146.4861,108.7782,143.6345,120.3402,94.7270,67.7564,0.000000,0.516888,0.932510,-0.000000,0.449072,0.952410,-0.009796,0.390278,0.878279,-0.012516,0.374615,0.776303,-0.012374,0.394147,0.721220,-0.011788,0.412530,0.762488,-0.020595,0.385131,0.645313,-0.026819,0.372053,0.575757,-0.030672,0.363750,0.518623,-0.035325,0.453757,0.724339,-0.015671,0.416314,0.696962,-0.021230,0.415472,0.744211,-0.013763,0.429257,0.777248,-0.007794,0.486483,0.716115,-0.010925,0.449149,0.706959,-0.017408,0.447293,0.744751,-0.008913,0.459932,0.776959,-0.002464,0.512798,0.719300,-0.006876,0.480948,0.716824,-0.013008,0.479077,0.750529,-0.009272,0.489883,0.777189,-0.004803
947,1694846652.920751,1,17.5590,17.5590,13.2209,-2.1322,25.4745,2266.4765,26.1406,3668.6096,2.4733,132.6381,118.2397,156.9031,130.5393,100.9426,65.5893,0.000000,0.521334,0.935282,-0.000000,0.453210,0.951943,-0.009533,0.396352,0.876375,-0.011643,0.381211,0.775104,-0.011236,0.397064,0.721065,-0.010294,0.418523,0.762099,-0.017583,0.395457,0.647052,-0.022905,0.383635,0.579479,-0.025939,0.375821,0.524362,-0.030094,0.460057,0.726064,-0.013504,0.424087,0.694558,-0.019305,0.422635,0.740916,-0.012534,0.435277,0.774394,-0.006811,0.493303,0.719376,-0.009780,0.456599,0.708634,-0.016505,0.455256,0.746436,-0.007783,0.467143,0.778660,-0.001079,0.519960,0.723953,-0.006862,0.489068,0.721413,-0.012625,0.487501,0.754898,-0.008488,0.497238,0.781753,-0.003857
948,1694846652.929085,0,,,0.0000,0.0000,0.0000,0.0000,9.8622,3752.2529,2.4932,108.7400,129.9140,170.4902,142.8217,110.8903,70.5168,0.000000,0.526252,0.937878,-0.000000,0.457066,0.951660,-0.008321,0.402202,0.875719,-0.010669,0.388956,0.773555,-0.010406,0.402664,0.715113,-0.009578,0.426798,0.762586,-0.018534,0.405665,0.648248,-0.024134,0.395759,0.581847,-0.026785,0.389668,0.528003,-0.029946,0.468822,0.727262,-0.014295,0.431984,0.691507,-0.018512,0.428844,0.737313,-0.010566,0.440695,0.772080,-0.004136,0.501548,0.721342,-0.010240,0.462713,0.706234,-0.016708,0.459306,0.744448,-0.008879,0.470600,0.776997,-0.002525,0.527388,0.724886,-0.006467,0.494087,0.718785,-0.010672,0.491038,0.751615,-0.006069,0.500510,0.778934,-0.001329
949,1694846652.937418,0,,,0.0000,0.0000,0.0000,0.0000,,,,,,,,,,,0.000000,0.000000,0.000000,0.000000,0.000000,0.000000,0.000000,0.000000,0.000000,0.000000,0.000000,0.000000,0.000000,0.000000,0.000000,0.000000,0.000000,0.000000,0.000000,0.000000,0.000000,0.000000,0.000000,0.000000,0.000000,0.000000,0.000000,0.000000,0.000000,0.000000,0.000000,0.000000,0.000000,0.000000,0.000000,0.000000,0.000000,0.000000,0.000000,0.000000,0.000000,0.000000,0.000000,0.000000,0.000000,0.000000,0.000000,0.000000,0.000000,0.000000,0.000000,0.000000,0.000000,0.000000,0.000000,0.000000,0.000000,0.000000,0.000000,0.000000,0.000000,0.000000,0.000000
950,1694846652.945751,0,,,0.0000,0.0000,0.0000,0.0000,,,,,,,,,,,0.000000,0.000000,0.000000,0.000000,0.000000,0.000000,0.000000,0.000000,0.000000,0.000000,0.000000,0.000000,0.000000,0.000000,0.000000,0.000000,0.000000,0.000000,0.000000,0.000000,0.000000,0.000000,0.000000,0.000000,0.000000,0.000000,0.000000,0.000000,0.000000,0.000000,0.000000,0.000000,0.000000,0.000000,0.000000,0.000000,0.000000,0.000000,0.000000,0.000000,0.000000,0.000000,0.000000,0.000000,0.000000,0.000000,0.000000,0.000000,0.000000,0.000000,0.000000,0.000000,0.000000,0.000000,0.000000,0.000000,0.000000,0.000000,0.000000,0.000000,0.000000,0.000000,0.000000
951,1694846652.954085,0,,,0.0000,0.0000,0.0000,0.0000,,,,,,,,,,,0.000000,0.000000,0.000000,0.000000,0.000000,0.000000,0.000000,0.000000,0.000000,0.000000,0.000000,0.000000,0.000000,0.000000,0.000000,0.000000,0.000000,0.000000,0.000000,0.000000,0.000000,0.000000,0.000000,0.000000,0.000000,0.000000,0.000000,0.000000,0.000000,0.000000,0.000000,0.000000,0.000000,0.000000,0.000000,0.000000,0.000000,0.000000,0.000000,0.000000,0.000000,0.000000,0.000000,0.000000,0.000000,0.000000,0.000000,0.000000,0.000000,0.000000,0.000000,0.000000,0.000000,0.000000,0.000000,0.000000,0.000000,0.000000,0.000000,0.000000,0.000000,0.000000,0.000000
952,1694846652.962418,0,,,0.0000,0.0000,0.0000,0.0000,,4088.3313,2.6310,59.4144,168.7794,206.8381,174.2110,138.3130,92.2286,0.000000,0.540821,0.944829,-0.000000,0.471263,0.948946,-0.006758,0.418880,0.866128,-0.005811,0.408579,0.765020,-0.002037,0.428469,0.716497,0.002641,0.449715,0.752294,-0.013387,0.435287,0.641146,-0.013182,0.428751,0.580819,-0.012014,0.424617,0.532230,-0.013181,0.492480,0.723229,-0.008125,0.457553,0.693862,-0.006927,0.453054,0.739064,0.001929,0.462441,0.774112,0.008035,0.524650,0.721578,-0.002783,0.486689,0.710841,-0.004416,0.482114,0.748892,0.002423,0.490820,0.782855,0.007171,0.549742,0.730298,0.002265,0.518395,0.726731,0.000786,0.514060,0.756730,0.003906,0.520801,0.785796,0.007158
953,1694846652.970751,0,,,0.0000,0.0000,0.0000,0.0000,13.8792,4240.1496,2.9981,61.9730,174.6231,213.7384,179.2004,141.6713,94.4786,0.000000,0.542548,0.941782,-0.000000,0.473921,0.944839,-0.005264,0.423494,0.862486,-0.004323,0.413481,0.763879,-0.000679,0.432206,0.716212,0.003338,0.453493,0.752939,-0.013011,0.439103,0.643082,-0.012955,0.432769,0.580335,-0.011998,0.429132,0.530930,-0.012809,0.495090,0.722610,-0.008273,0.460405,0.691148,-0.006514,0.455081,0.736389,0.003073,0.463628,0.774440,0.010258,0.526542,0.719895,-0.003308,0.487911,0.710838,-0.004021,0.482994,0.748439,0.002534,0.490831,0.782576,0.007251,0.550539,0.726940,0.001647,0.517501,0.727611,0.002124,0.513413,0.759561,0.006264,0.519756,0.788084,0.010042
954,1694846652.979085,0,,,0.0000,0.0000,0.0000,0.0000,13.4801,4382.4881,2.9200,67.2130,185.4931,220.4154,185.7337,148.2302,101.3138,0.000000,0.547897,0.942892,-0.000000,0.477583,0.944676,-0.006054,0.426808,0.861927,-0.004904,0.416348,0.761178,-0.001001,0.435121,0.712378,0.003574,0.458539,0.750707,-0.013587,0.445134,0.636413,-0.012769,0.440955,0.574339,-0.010990,0.438655,0.524933,-0.011627,0.501327,0.722382,-0.008309,0.465014,0.696234,-0.007563,0.459956,0.740997,0.000555,0.468778,0.776946,0.006283,0.533235,0.721030,-0.002588,0.494269,0.713174,-0.003870,0.489740,0.751317,0.002519,0.497932,0.786475,0.006875,0.557479,0.729469,0.002964,0.525701,0.727314,0.001815,0.521950,0.757183,0.004803,0.529012,0.785547,0.008065
955,1694846652.987418,0,,,0.0000,0.0000,0.0000,0.0000,41.1949,4451.5513,2.7326,68.0540,190.2630,224.9117,189.5600,151.8710,104.5344,0.000000,0.548994,0.946823,-0.000000,0.478152,0.943853,-0.006223,0.427018,0.854882,-0.005278,0.419420,0.752875,-0.001486,0.442718,0.707733,0.002886,0.462845,0.750894,-0.015529,0.448854,0.635461,-0.016432,0.444680,0.572474,-0.015848,0.442581,0.521693,-0.017319,0.506453,0.722658,-0.010320,0.469014,0.685991,-0.010335,0.462784,0.732450,-0.001327,0.470938,0.770493,0.005229,0.537669,0.720652,-0.004807,0.497086,0.706278,-0.006368,0.491109,0.743824,0.000846,0.498685,0.780023,0.005806,0.560275,0.729063,0.000443,0.526932,0.724085,-0.001056,0.522171,0.754120,0.002110,0.528413,0.783784,0.005413
956,1694846652.995751,0,,,0.0000,0.0000,0.0000,0.0000,51.1341,4353.9706,2.5980,68.1057,198.0644,224.8915,188.1307,150.0468,103.5613,0.000000,0.547461,0.942187,-0.000000,0.479471,0.940389,-0.005796,0.429260,0.851937,-0.005530,0.421165,0.747634,-0.002782,0.444746,0.700566,0.000421,0.462489,0.743724,-0.013365,0.450652,0.627158,-0.012061,0.446925,0.565163,-0.009781,0.445255,0.515516,-0.010034,0.505342,0.717175,-0.008103,0.472675,0.686287,-0.005989,0.467796,0.730663,0.003436,0.476411,0.767114,0.010115,0.537617,0.718054,-0.002433,0.501353,0.707304,-0.003193,0.497348,0.745483,0.003065,0.505720,0.780897,0.007406,0.562469,0.727751,0.003221,0.532288,0.723509,0.003032,0.528717,0.755124,0.006613,0.535363,0.785136,0.010133
957,1694846653.004085,0,,,0.0000,0.0000,0.0000,0.0000,53.9349,4400.5543,2.4561,67.3480,203.3171,228.2049,191.5307,153.5833,106.9782,0.000000,0.551609,0.942984,-0.000000,0.481574,0.942982,-0.007341,0.430249,0.851063,-0.008466,0.423562,0.744775,-0.006698,0.447720,0.698471,-0.004636,0.467282,0.749969,-0.019073,0.454018,0.627981,-0.020942,0.450580,0.561701,-0.020725,0.448608,0.508769,-0.022572,0.510938,0.720210,-0.013660,0.472276,0.686748,-0.014788,0.467228,0.733648,-0.005304,0.476493,0.769667,0.001515,0.541804,0.718294,-0.007911,0.500689,0.706125,-0.009811,0.496141,0.744126,-0.001693,0.505006,0.778568,0.003588,0.564392,0.726509,-0.002516,0.530559,0.724467,-0.003816,0.527634,0.754879,-0.000097,0.535705,0.782003,0.003342
958,1694846653.012418,0,,,0.0000,0.0000,0.0000,0.0000,38.0582,4397.8038,2.5298,69.1312,207.8556,227.1726,190.6266,152.8019,106.4024,0.000000,0.551093,0.937825,-0.000000,0.481996,0.939705,-0.007251,0.431558,0.848869,-0.007680,0.424874,0.743483,-0.005165,0.448259,0.695134,-0.002380,0.467035,0.743357,-0.017039,0.454668,0.622933,-0.017922,0.451180,0.556617,-0.017366,0.449868,0.503702,-0.018838,0.510271,0.715457,-0.011410,0.475620,0.682072,-0.011317,0.469656,0.728142,-0.001733,0.478348,0.765548,0.005137,0.541709,0.715395,-0.005539,0.502989,0.702093,-0.007679,0.498150,0.740729,-0.000156,0.506879,0.776349,0.004993,0.565614,0.724297,0.000158,0.532708,0.719532,-0.001307,0.529445,0.751730,0.002847,0.537271,0.780609,0.006729
959,1694846653.020751,0,,,0.0000,0.0000,0.0000,0.0000,83.6613,4481.2630,1.5368,77.4606,207.8730,230.4575,193.8069,155.8216,109.0483,0.000000,0.553460,0.937630,-0.000000,0.482952,0.941331,-0.006676,0.432412,0.851129,-0.006284,0.425144,0.745024,-0.002199,0.448443,0.696816,0.002158,0.468110,0.744558,-0.017934,0.455132,0.621369,-0.015774,0.452016,0.555941,-0.012951,0.450666,0.504205,-0.012744,0.510922,0.716640,-0.010557,0.476407,0.675589,-0.005163,0.468970,0.719521,0.007091,0.476144,0.757920,0.014980,0.541498,0.716927,-0.002572,0.502811,0.697871,0.000096,0.496538,0.734971,0.007251,0.504498,0.771681,0.011190,0.564611,0.724642,0.005468,0.531929,0.716914,0.008253,0.527677,0.747604,0.012526,0.534471,0.777490,0.015627
960,1694846653.029085,0,,,0.0000,0.0000,0.0000,0.0000,,,,,,,,,,,0.000000,0.000000,0.000000,0.000000,0.000000,0.000000,0.000000,0.000000,0.000000,0.000000,0.000000,0.000000,0.000000,0.000000,0.000000,0.000000,0.000000,0.000000,0.000000,0.000000,0.000000,0.000000,0.000000,0.000000,0.000000,0.000000,0.000000,0.000000,0.000000,0.000000,0.000000,0.000000,0.000000,0.000000,0.000000,0.000000,0.000000,0.000000,0.000000,0.000000,0.000000,0.000000,0.000000,0.000000,0.000000,0.000000,0.000000,0.000000,0.000000,0.000000,0.000000,0.000000,0.000000,0.000000,0.000000,0.000000,0.000000,0.000000,0.000000,0.000000,0.000000,0.000000,0.000000
961,1694846653.037418,0,,,0.0000,0.0000,0.0000,0.0000,,4576.1531,1.9165,82.5077,207.1761,227.7763,190.7985,152.4384,105.5647,0.000000,0.549169,0.932484,-0.000000,0.479210,0.936489,-0.009695,0.429012,0.847512,-0.010582,0.422381,0.744281,-0.007834,0.442786,0.697987,-0.004608,0.464373,0.738616,-0.018950,0.453211,0.620625,-0.020944,0.449533,0.553678,-0.021178,0.448599,0.501217,-0.022789,0.507495,0.712673,-0.012671,0.474543,0.672912,-0.013770,0.467022,0.717353,-0.004706,0.474615,0.755995,0.002374,0.539371,0.713061,-0.006526,0.502572,0.695879,-0.009950,0.497062,0.732750,-0.003248,0.504849,0.768457,0.001990,0.563827,0.721582,-0.000811,0.532019,0.714077,-0.003159,0.527314,0.745606,0.000303,0.532986,0.775272,0.004096
962,1694846653.045751,0,,,0.0000,0.0000,0.0000,0.0000,15.2203,4060.4024,2.5704,80.2423,205.9050,226.2075,188.7883,149.9880,103.0666,0.000000,0.548754,0.937198,-0.000000,0.477755,0.937679,-0.008947,0.425746,0.847215,-0.010093,0.419793,0.740865,-0.007967,0.444148,0.693038,-0.005357,0.464030,0.744550,-0.019950,0.451717,0.619781,-0.022092,0.448532,0.551257,-0.022074,0.447672,0.496857,-0.024017,0.507970,0.716349,-0.013965,0.471925,0.680072,-0.016053,0.465638,0.726145,-0.007333,0.474951,0.762877,-0.001017,0.539253,0.713856,-0.007790,0.500661,0.696828,-0.011327,0.495138,0.734455,-0.003476,0.503597,0.770235,0.001968,0.562668,0.720800,-0.002088,0.529562,0.711633,-0.005372,0.524777,0.743585,-0.001963,0.531780,0.773679,0.001677
963,1694846653.054085,0,,,0.0000,0.0000,0.0000,0.0000,58.0240,3816.4467,3.1881,85.5309,204.1893,224.3787,187.6369,149.2661,102.2733,0.000000,0.547460,0.927508,-0.000000,0.476682,0.934773,-0.007885,0.425869,0.847824,-0.009413,0.418019,0.744535,-0.007862,0.438246,0.697867,-0.006239,0.460086,0.745354,-0.019723,0.448130,0.624388,-0.023937,0.445477,0.554469,-0.026038,0.444855,0.499717,-0.028948,0.503670,0.715567,-0.014266,0.468766,0.675198,-0.016698,0.461693,0.717939,-0.008202,0.469720,0.754373,-0.001866,0.535674,0.712748,-0.008690,0.497650,0.694432,-0.012826,0.492161,0.728053,-0.005408,0.500439,0.762637,0.000012,0.559954,0.718555,-0.003344,0.527675,0.708422,-0.006251,0.522818,0.738849,-0.002408,0.529402,0.767952,0.001517
964,1694846653.062418,0,,,0.0000,0.0000,0.0000,0.0000,40.9521,3979.8117,2.8349,78.9900,200.9977,219.2720,182.6019,144.3426,97.1614,0.000000,0.545275,0.935048,-0.000000,0.473337,0.937355,-0.009151,0.422111,0.849047,-0.009788,0.413181,0.744238,-0.006995,0.432608,0.693122,-0.003707,0.458052,0.741164,-0.019624,0.445293,0.617590,-0.021825,0.442116,0.549290,-0.021587,0.441017,0.495402,-0.022844,0.502287,0.713109,-0.013204,0.466446,0.673652,-0.014523,0.459204,0.717499,-0.005588,0.467031,0.755545,0.001114,0.533990,0.711349,-0.006676,0.494397,0.692631,-0.009911,0.489046,0.728762,-0.002776,0.497167,0.764458,0.002442,0.556923,0.719628,-0.000524,0.523241,0.710859,-0.002851,0.518701,0.741760,0.000688,0.525512,0.772440,0.004454
965,1694846653.070751,0,,,0.0000,0.0000,0.0000,0.0000,44.3396,3925.5746,2.3952,74.9174,197.5607,213.9938,176.7403,137.9102,90.2834,0.000000,0.542703,0.933275,-0.000000,0.471336,0.937100,-0.006816,0.419580,0.850295,-0.008081,0.410806,0.743169,-0.005816,0.433899,0.693876,-0.003388,0.455636,0.744420,-0.022846,0.441167,0.618574,-0.025166,0.437295,0.548180,-0.025406,0.435469,0.492730,-0.027163,0.498915,0.712962,-0.016568,0.462305,0.671646,-0.015160,0.455650,0.715439,-0.003633,0.463953,0.753080,0.003955,0.530062,0.709653,-0.009610,0.490062,0.691445,-0.009631,0.484524,0.726242,-0.000823,0.493102,0.762954,0.004469,0.552772,0.716085,-0.002768,0.519155,0.708236,-0.002599,0.515333,0.739002,0.002108,0.522670,0.769633,0.006003
966,1694846653.079085,0,,,0.0000,0.0000,0.0000,0.0000,68.0544,4074.9258,2.5376,81.5324,188.1972,206.9279,171.0065,132.8902,85.0033,0.000000,0.540067,0.923317,-0.000000,0.469718,0.937000,-0.009467,0.416938,0.851747,-0.013244,0.407659,0.743299,-0.013483,0.428665,0.688102,-0.013723,0.451686,0.748350,-0.025031,0.437031,0.623000,-0.031165,0.431554,0.551207,-0.034342,0.428880,0.494104,-0.037939,0.494982,0.714579,-0.019487,0.458256,0.676127,-0.023226,0.452780,0.720968,-0.013690,0.462906,0.755270,-0.006530,0.525948,0.709929,-0.013852,0.486655,0.692104,-0.018189,0.481955,0.728046,-0.009332,0.491827,0.760489,-0.003089,0.548568,0.714316,-0.008608,0.514514,0.705822,-0.011556,0.511015,0.737077,-0.006802,0.519420,0.764400,-0.002272
967,1694846653.087418,0,,,0.0000,0.0000,0.0000,0.0000,28.6155,3996.2131,2.5066,86.0887,179.6896,199.1346,163.9370,126.4696,79.4618,0.000000,0.537435,0.929254,-0.000000,0.465934,0.939319,-0.008458,0.411648,0.853511,-0.010307,0.400958,0.744920,-0.008445,0.422219,0.690767,-0.006241,0.448076,0.751822,-0.025466,0.430694,0.624243,-0.029666,0.425221,0.551262,-0.030450,0.422116,0.494321,-0.032348,0.491287,0.716374,-0.019384,0.449921,0.676673,-0.021434,0.443691,0.720877,-0.010604,0.453528,0.755778,-0.002748,0.521731,0.709118,-0.012854,0.478443,0.691095,-0.016099,0.472474,0.726107,-0.006926,0.481674,0.759808,-0.000469,0.543856,0.711804,-0.006535,0.506424,0.703189,-0.008109,0.501246,0.733371,-0.003108,0.508630,0.761735,0.001442
968,1694846653.095751,0,,,0.0000,0.0000,0.0000,0.0000,20.1671,3586.3452,3.1411,79.6289,172.0727,191.0911,155.9906,118.6999,71.9954,0.000000,0.533397,0.925701,-0.000000,0.462286,0.936745,-0.008165,0.407468,0.851908,-0.009841,0.396887,0.744389,-0.007900,0.417894,0.690932,-0.005851,0.442670,0.751155,-0.025223,0.425100,0.624858,-0.030067,0.418531,0.550599,-0.031458,0.414275,0.492905,-0.033632,0.485520,0.714626,-0.019807,0.445209,0.670707,-0.022731,0.438739,0.715043,-0.012321,0.447976,0.752571,-0.004181,0.515944,0.706025,-0.013964,0.473237,0.685642,-0.017859,0.466861,0.720573,-0.009122,0.475517,0.755514,-0.002480,0.538044,0.707385,-0.008276,0.500041,0.699614,-0.010177,0.494823,0.729544,-0.005130,0.501954,0.757659,-0.000326
969,1694846653.104085,0,,,0.0000,0.0000,0.0000,0.0000,2.5757,3770.1228,3.1826,83.1620,160.7533,184.8286,151.9210,115.5193,69.1872,0.000000,0.531208,0.923570,-0.000000,0.458902,0.935497,-0.007763,0.404550,0.857248,-0.010274,0.392204,0.750439,-0.009872,0.408836,0.692250,-0.009425,0.435832,0.748330,-0.021980,0.418162,0.626076,-0.026893,0.411546,0.552874,-0.029343,0.407056,0.495507,-0.032484,0.478241,0.711191,-0.017605,0.438882,0.672910,-0.020682,0.433416,0.716975,-0.011989,0.443325,0.754220,-0.005412,0.509634,0.703337,-0.012914,0.468141,0.686329,-0.016783,0.463391,0.721342,-0.008227,0.473236,0.756294,-0.002096,0.533032,0.705853,-0.008541,0.496873,0.697308,-0.010972,0.492514,0.728279,-0.006010,0.500700,0.756868,-0.001259
970,1694846653.112418,0,,,0.0000,0.0000,0.0000,0.0000,13.9979,4016.6638,3.1075,91.6065,151.9320,177.1620,143.9659,107.4382,61.7258,0.000000,0.526233,0.923795,-0.000000,0.454261,0.936400,-0.008847,0.399917,0.855848,-0.010297,0.387091,0.749633,-0.008579,0.401659,0.691867,-0.006548,0.431344,0.745309,-0.020077,0.411980,0.625826,-0.024176,0.404796,0.553321,-0.026253,0.399991,0.496935,-0.029168,0.473409,0.709593,-0.015269,0.433025,0.672502,-0.018815,0.427358,0.717127,-0.010934,0.437318,0.754323,-0.004559,0.504365,0.702813,-0.010406,0.462242,0.685391,-0.015412,0.457153,0.721194,-0.007907,0.466922,0.755600,-0.001997,0.527569,0.706366,-0.005923,0.490647,0.696936,-0.009427,0.485148,0.728173,-0.005223,0.492784,0.756469,-0.000769
971,1694846653.120751,1,,,0.0000,0.0000,0.0000,0.0000,23.0783,3933.6499,3.3810,106.4290,140.1767,167.7122,137.2373,102.8907,59.7822,0.000000,0.523585,0.921605,-0.000000,0.452036,0.938789,-0.008687,0.396149,0.861514,-0.010570,0.380707,0.754193,-0.009363,0.394412,0.693991,-0.007817,0.423958,0.750534,-0.019983,0.405171,0.630176,-0.025294,0.397158,0.557025,-0.028212,0.391383,0.500115,-0.031681,0.465433,0.711307,-0.015156,0.425111,0.674734,-0.018937,0.421242,0.718566,-0.010805,0.432025,0.753560,-0.004392,0.496450,0.701612,-0.010394,0.454973,0.687355,-0.014848,0.451546,0.722458,-0.006520,0.462325,0.755477,-0.000405,0.519995,0.702383,-0.006133,0.483856,0.698649,-0.009120,0.480921,0.729087,-0.004829,0.489990,0.754698,-0.000522
972,1694846653.129085,1,-14.9613,-14.9613,-12.8694,0.0000,17.6642,401.6954,2.8185,3982.9387,2.4681,129.7955,126.6349,158.9506,130.2191,98.4750,60.0483,0.000000,0.518904,0.919773,-0.000000,0.446956,0.937244,-0.008367,0.390245,0.861697,-0.009107,0.374356,0.757177,-0.006449,0.388663,0.699128,-0.003290,0.418451,0.747185,-0.020141,0.396143,0.629988,-0.024648,0.386627,0.558014,-0.026840,0.380444,0.502229,-0.029632,0.460526,0.708842,-0.015039,0.418584,0.678210,-0.017759,0.414158,0.723416,-0.008835,0.425872,0.758701,-0.001977,0.491812,0.700420,-0.010004,0.448883,0.689762,-0.014373,0.445168,0.725554,-0.006420,0.456446,0.758412,-0.000419,0.515566,0.702895,-0.005318,0.478194,0.700452,-0.007760,0.475127,0.730607,-0.003111,0.484574,0.756977,0.001437
973,1694846653.137418,1,20.1355,20.1355,-1.5664,11.3030,15.3401,117.3415,26.6175,4219.4485,2.0941,151.5201,119.8094,145.8632,118.4544,88.5535,55.5676,0.000000,0.515153,0.926636,-0.000000,0.442196,0.945142,-0.009201,0.384491,0.865577,-0.010071,0.369726,0.761305,-0.007728,0.384178,0.704336,-0.004767,0.412057,0.750784,-0.020016,0.388852,0.627380,-0.026465,0.378110,0.554697,-0.030274,0.370470,0.495550,-0.034432,0.454853,0.710593,-0.014510,0.410265,0.679930,-0.019006,0.407468,0.729850,-0.010143,0.421626,0.763168,-0.003108,0.485554,0.701848,-0.009386,0.440720,0.689635,-0.015069,0.437075,0.728513,-0.006147,0.449746,0.760967,0.000723,0.507963,0.705171,-0.004872,0.471261,0.701159,-0.009092,0.468110,0.733375,-0.004631,0.478103,0.761530,0.000159
974,1694846653.145751,1,27.4605,27.4605,0.4224,1.9888,15.5028,22.5186,29.2933,4560.8801,2.4969,153.9020,111.1953,138.4830,113.9693,87.3724,61.4841,0.000000,0.510732,0.919766,-0.000000,0.438989,0.944898,-0.010888,0.379774,0.868741,-0.013143,0.363160,0.763934,-0.012043,0.376299,0.703315,-0.010326,0.405724,0.752209,-0.021524,0.379520,0.629701,-0.029059,0.368396,0.557917,-0.033694,0.361294,0.499511,-0.038436,0.447348,0.711437,-0.015541,0.403650,0.685763,-0.021593,0.401475,0.734002,-0.013785,0.416062,0.763640,-0.007620,0.477846,0.701896,-0.010114,0.434135,0.692814,-0.017066,0.431420,0.730848,-0.008269,0.444830,0.760214,-0.001612,0.500694,0.703964,-0.005450,0.464235,0.702172,-0.011146,0.462014,0.735146,-0.007034,0.473043,0.760983,-0.002377
975,1694846653.154085,1,25.1721,25.1721,1.9033,1.4809,15.4228,130.9315,11.6758,5828.9408,2.3403,141.5123,94.6756,135.3523,117.6647,97.2053,78.8947,0.000055,0.505792,0.920131,-0.000000,0.434863,0.947014,-0.010933,0.375542,0.874252,-0.012161,0.356130,0.773037,-0.010512,0.365227,0.715343,-0.008178,0.396795,0.754642,-0.016994,0.370377,0.639972,-0.023594,0.357173,0.570823,-0.028005,0.348451,0.513867,-0.032759,0.437438,0.713342,-0.011771,0.396697,0.691086,-0.018358,0.395304,0.739042,-0.012382,0.409711,0.768226,-0.007206,0.468423,0.702203,-0.007340,0.427056,0.695381,-0.015013,0.424502,0.732596,-0.007184,0.437420,0.761444,-0.000794,0.492115,0.703521,-0.003826,0.456690,0.701346,-0.009736,0.453648,0.733611,-0.005712,0.464276,0.760498,-0.000962
976,1694846653.162418,1,-29.4366,-29.4366,-3.6188,-5.5221,23.3347,1639.9506,18.1924,6167.5251,2.2249,134.5000,76.3478,135.8693,124.0518,109.2156,97.0004,0.001679,0.502209,0.913964,-0.000000,0.433925,0.949572,-0.009032,0.373624,0.884381,-0.010672,0.349540,0.787024,-0.009648,0.352481,0.724785,-0.008330,0.386679,0.765242,-0.018411,0.356781,0.652112,-0.026888,0.343823,0.582415,-0.032301,0.335667,0.527342,-0.036817,0.425109,0.718592,-0.013394,0.382665,0.688885,-0.018136,0.380334,0.731519,-0.010766,0.393170,0.761515,-0.004945,0.456576,0.703290,-0.008994,0.413168,0.692575,-0.015897,0.410161,0.727623,-0.007538,0.422494,0.757579,-0.000738,0.481523,0.700455,-0.005120,0.444573,0.696141,-0.010053,0.440440,0.728349,-0.004984,0.449725,0.757286,0.000491
977,1694846653.170751,1,29.5443,29.5443,2.3522,5.9710,22.2277,1762.1424,3.1508,3809.7986,2.4023,137.2384,74.6435,127.3999,122.1889,114.0779,108.9965,0.006370,0.497139,0.920581,-0.000000,0.428054,0.950295,-0.008380,0.366970,0.884218,-0.009347,0.341180,0.789600,-0.007864,0.343433,0.731549,-0.006140,0.379519,0.765594,-0.018132,0.345042,0.650777,-0.026332,0.329619,0.580458,-0.031649,0.319061,0.524070,-0.036226,0.418216,0.718658,-0.013731,0.372718,0.686479,-0.019034,0.370487,0.730368,-0.011862,0.383218,0.762724,-0.005811,0.449304,0.703092,-0.009774,0.402908,0.693011,-0.016195,0.400465,0.728142,-0.007331,0.413460,0.758501,-0.000190,0.472978,0.701622,-0.006443,0.434579,0.695996,-0.011248,0.430313,0.728361,-0.005739,0.439815,0.757891,0.000139
978,1694846653.179085,1,38.7267,38.7267,2.8166,0.4644,24.3048,1577.9882,32.7655,5354.0604,2.7596,140.6960,73.8546,132.4124,129.8601,123.3760,120.4842,0.009290,0.490873,0.916674,-0.000000,0.422421,0.951960,-0.010440,0.360364,0.890888,-0.012652,0.333953,0.796857,-0.012027,0.335152,0.736097,-0.010964,0.371648,0.773693,-0.020893,0.335513,0.659679,-0.031176,0.320737,0.589509,-0.037506,0.310056,0.534166,-0.042608,0.409999,0.723434,-0.015861,0.361023,0.690687,-0.022778,0.360841,0.732680,-0.015650,0.374312,0.762315,-0.009525,0.440407,0.705065,-0.011611,0.391027,0.694930,-0.019808,0.389666,0.729562,-0.010512,0.402646,0.758183,-0.002746,0.463000,0.700734,-0.008179,0.421943,0.697708,-0.014963,0.417994,0.729243,-0.010202,0.427175,0.756205,-0.004620
979,1694846653.187418,1,40.1436,40.1436,3.7429,0.9263,25.7481,1731.7919,3.4584,5894.2428,2.8621,135.1150,59.7077,144.6199,147.5226,144.5317,143.4317,0.013202,0.484316,0.915816,-0.000000,0.418179,0.953733,-0.008408,0.356212,0.896605,-0.009816,0.327570,0.807440,-0.008739,0.327651,0.748915,-0.007592,0.364661,0.781733,-0.018559,0.328614,0.675743,-0.028292,0.310693,0.607715,-0.035379,0.297599,0.554390,-0.041204,0.400869,0.728768,-0.014782,0.352885,0.695416,-0.020038,0.350968,0.736158,-0.013324,0.364036,0.765678,-0.008001,0.430543,0.707312,-0.011562,0.382903,0.695156,-0.017493,0.379688,0.728361,-0.008172,0.392689,0.756790,-0.001207,0.453543,0.700742,-0.009130,0.414955,0.697602,-0.014122,0.411263,0.727837,-0.008715,0.421857,0.754844,-0.003238
980,1694846653.195751,1,39.8973,39.8973,17.3335,13.5906,26.8930,1271.5504,1.3268,5897.4896,2.0855,135.7978,53.8162,158.3218,165.3558,164.3780,164.1932,0.011347,0.481914,0.916452,-0.000000,0.416017,0.960765,-0.010298,0.352749,0.906690,-0.010952,0.322254,0.817437,-0.007970,0.319656,0.757214,-0.004481,0.359759,0.786915,-0.019851,0.320263,0.682636,-0.026869,0.299022,0.619252,-0.031775,0.281949,0.570422,-0.036342,0.394605,0.731615,-0.013918,0.341804,0.698237,-0.015684,0.339384,0.738249,-0.007342,0.351320,0.768547,-0.001400,0.422883,0.708297,-0.008540,0.370962,0.698225,-0.011175,0.367733,0.731747,-0.001668,0.379364,0.759781,0.004625,0.444490,0.699701,-0.004144,0.403103,0.699090,-0.007269,0.397449,0.727958,-0.002603,0.405038,0.754206,0.001844
981,1694846653.204085,0,40.8276,40.8276,2.8208,-14.5127,4.1969,2411.1057,2.5956,10268.8248,1.8230,132.1134,53.2518,180.1345,190.1222,189.6864,189.2333,0.001222,0.478470,0.926182,-0.000000,0.413688,0.967375,-0.011326,0.349819,0.916733,-0.012576,0.317984,0.830276,-0.010677,0.310925,0.771015,-0.008096,0.352410,0.794494,-0.018126,0.309537,0.700124,-0.025253,0.287074,0.641862,-0.029969,0.269033,0.597674,-0.034181,0.385950,0.738941,-0.012967,0.334182,0.708146,-0.016187,0.331295,0.744140,-0.009903,0.341284,0.774592,-0.004795,0.414419,0.713623,-0.008603,0.363867,0.704382,-0.013075,0.360252,0.736186,-0.005271,0.370138,0.763877,0.000670,0.436805,0.703284,-0.005365,0.395406,0.702832,-0.010175,0.388250,0.731127,-0.006528,0.393492,0.756977,-0.002181
982,1694846653.212418,0,-52.0746,-52.0746,-22.7003,-25.5212,36.7956,2862.0903,31.3401,6329.1824,2.3772,104.2469,77.2804,192.1017,206.8307,209.5485,212.9399,0.000000,0.474430,0.925578,-0.000000,0.409703,0.971711,-0.013123,0.344420,0.930548,-0.016176,0.311694,0.845986,-0.015776,0.303325,0.786361,-0.014529,0.344047,0.803432,-0.022325,0.295368,0.710480,-0.031434,0.270428,0.652010,-0.037321,0.250345,0.607584,-0.042203,0.376840,0.744641,-0.016169,0.325045,0.717180,-0.020356,0.322252,0.749811,-0.014084,0.331289,0.777269,-0.009259,0.405173,0.717770,-0.010853,0.354938,0.713606,-0.016423,0.351720,0.744811,-0.008481,0.361610,0.772576,-0.002363,0.427785,0.706523,-0.006756,0.385533,0.709487,-0.012811,0.378138,0.738557,-0.009421,0.382959,0.764439,-0.004982
983,1694846653.220751,0,54.4585,54.4585,3.5787,26.2791,38.7542,2879.4565,6.1461,5895.0962,2.5416,72.8696,90.8054,208.5149,224.2283,228.2989,232.2573,0.000000,0.469256,0.924808,-0.000000,0.406549,0.974590,-0.011868,0.340962,0.941007,-0.015319,0.307550,0.860812,-0.015524,0.298717,0.803120,-0.015077,0.336987,0.815279,-0.022354,0.286750,0.725947,-0.031703,0.260248,0.669588,-0.037385,0.239824,0.628094,-0.041840,0.368355,0.754279,-0.016841,0.319117,0.730503,-0.021214,0.320800,0.765656,-0.014829,0.334494,0.793445,-0.009963,0.396795,0.724651,-0.012054,0.350134,0.720665,-0.018551,0.350329,0.753215,-0.011615,0.363346,0.781415,-0.006140,0.420614,0.709333,-0.008095,0.381277,0.712530,-0.014186,0.377893,0.742249,-0.010789,0.386787,0.767819,-0.006538
984,1694846653.229085,0,,,0.0000,0.0000,0.0000,0.0000,,,,,,,,,,,0.000000,0.000000,0.000000,0.000000,0.000000,0.000000,0.000000,0.000000,0.000000,0.000000,0.000000,0.000000,0.000000,0.000000,0.000000,0.000000,0.000000,0.000000,0.000000,0.000000,0.000000,0.000000,0.000000,0.000000,0.000000,0.000000,0.000000,0.000000,0.000000,0.000000,0.000000,0.000000,0.000000,0.000000,0.000000,0.000000,0.000000,0.000000,0.000000,0.000000,0.000000,0.000000,0.000000,0.000000,0.000000,0.000000,0.000000,0.000000,0.000000,0.000000,0.000000,0.000000,0.000000,0.000000,0.000000,0.000000,0.000000,0.000000,0.000000,0.000000,0.000000,0.000000,0.000000
985,1694846653.237418,0,,,0.0000,0.0000,0.0000,0.0000,,,,,,,,,,,0.000000,0.000000,0.000000,0.000000,0.000000,0.000000,0.000000,0.000000,0.000000,0.000000,0.000000,0.000000,0.000000,0.000000,0.000000,0.000000,0.000000,0.000000,0.000000,0.000000,0.000000,0.000000,0.000000,0.000000,0.000000,0.000000,0.000000,0.000000,0.000000,0.000000,0.000000,0.000000,0.000000,0.000000,0.000000,0.000000,0.000000,0.000000,0.000000,0.000000,0.000000,0.000000,0.000000,0.000000,0.000000,0.000000,0.000000,0.000000,0.000000,0.000000,0.000000,0.000000,0.000000,0.000000,0.000000,0.000000,0.000000,0.000000,0.000000,0.000000,0.000000,0.000000,0.000000
986,1694846653.245751,0,,,0.0000,0.0000,0.0000,0.0000,,,,,,,,,,,0.000000,0.000000,0.000000,0.000000,0.000000,0.000000,0.000000,0.000000,0.000000,0.000000,0.000000,0.000000,0.000000,0.000000,0.000000,0.000000,0.000000,0.000000,0.000000,0.000000,0.000000,0.000000,0.000000,0.000000,0.000000,0.000000,0.000000,0.000000,0.000000,0.000000,0.000000,0.000000,0.000000,0.000000,0.000000,0.000000,0.000000,0.000000,0.000000,0.000000,0.000000,0.000000,0.000000,0.000000,0.000000,0.000000,0.000000,0.000000,0.000000,0.000000,0.000000,0.000000,0.000000,0.000000,0.000000,0.000000,0.000000,0.000000,0.000000,0.000000,0.000000,0.000000,0.000000
987,1694846653.254085,0,,,0.0000,0.0000,0.0000,0.0000,,,,,,,,,,,0.000000,0.000000,0.000000,0.000000,0.000000,0.000000,0.000000,0.000000,0.000000,0.000000,0.000000,0.000000,0.000000,0.000000,0.000000,0.000000,0.000000,0.000000,0.000000,0.000000,0.000000,0.000000,0.000000,0.000000,0.000000,0.000000,0.000000,0.000000,0.000000,0.000000,0.000000,0.000000,0.000000,0.000000,0.000000,0.000000,0.000000,0.000000,0.000000,0.000000,0.000000,0.000000,0.000000,0.000000,0.000000,0.000000,0.000000,0.000000,0.000000,0.000000,0.000000,0.000000,0.000000,0.000000,0.000000,0.000000,0.000000,0.000000,0.000000,0.000000,0.000000,0.000000,0.000000
988,1694846653.262418,0,,,0.0000,0.0000,0.0000,0.0000,,,,,,,,,,,0.000000,0.000000,0.000000,0.000000,0.000000,0.000000,0.000000,0.000000,0.000000,0.000000,0.000000,0.000000,0.000000,0.000000,0.000000,0.000000,0.000000,0.000000,0.000000,0.000000,0.000000,0.000000,0.000000,0.000000,0.000000,0.000000,0.000000,0.000000,0.000000,0.000000,0.000000,0.000000,0.000000,0.000000,0.000000,0.000000,0.000000,0.000000,0.000000,0.000000,0.000000,0.000000,0.000000,0.000000,0.000000,0.000000,0.000000,0.000000,0.000000,0.000000,0.000000,0.000000,0.000000,0.000000,0.000000,0.000000,0.000000,0.000000,0.000000,0.000000,0.000000,0.000000,0.000000
989,1694846653.270751,0,,,0.0000,0.0000,0.0000,0.0000,,,,,,,,,,,0.000000,0.000000,0.000000,0.000000,0.000000,0.000000,0.000000,0.000000,0.000000,0.000000,0.000000,0.000000,0.000000,0.000000,0.000000,0.000000,0.000000,0.000000,0.000000,0.000000,0.000000,0.000000,0.000000,0.000000,0.000000,0.000000,0.000000,0.000000,0.000000,0.000000,0.000000,0.000000,0.000000,0.000000,0.000000,0.000000,0.000000,0.000000,0.000000,0.000000,0.000000,0.000000,0.000000,0.000000,0.000000,0.000000,0.000000,0.000000,0.000000,0.000000,0.000000,0.000000,0.000000,0.000000,0.000000,0.000000,0.000000,0.000000,0.000000,0.000000,0.000000,0.000000,0.000000
990,1694846653.279085,0,,,0.0000,0.0000,0.0000,0.0000,,,,,,,,,,,0.000000,0.000000,0.000000,0.000000,0.000000,0.000000,0.000000,0.000000,0.000000,0.000000,0.000000,0.000000,0.000000,0.000000,0.000000,0.000000,0.000000,0.000000,0.000000,0.000000,0.000000,0.000000,0.000000,0.000000,0.000000,0.000000,0.000000,0.000000,0.000000,0.000000,0.000000,0.000000,0.000000,0.000000,0.000000,0.000000,0.000000,0.000000,0.000000,0.000000,0.000000,0.000000,0.000000,0.000000,0.000000,0.000000,0.000000,0.000000,0.000000,0.000000,0.000000,0.000000,0.000000,0.000000,0.000000,0.000000,0.000000,0.000000,0.000000,0.000000,0.000000,0.000000,0.000000
991,1694846653.287418,0,,,0.0000,0.0000,0.0000,0.0000,,,,,,,,,,,0.000000,0.000000,0.000000,0.000000,0.000000,0.000000,0.000000,0.000000,0.000000,0.000000,0.000000,0.000000,0.000000,0.000000,0.000000,0.000000,0.000000,0.000000,0.000000,0.000000,0.000000,0.000000,0.000000,0.000000,0.000000,0.000000,0.000000,0.000000,0.000000,0.000000,0.000000,0.000000,0.000000,0.000000,0.000000,0.000000,0.000000,0.000000,0.000000,0.000000,0.000000,0.000000,0.000000,0.000000,0.000000,0.000000,0.000000,0.000000,0.000000,0.000000,0.000000,0.000000,0.000000,0.000000,0.000000,0.000000,0.000000,0.000000,0.000000,0.000000,0.000000,0.000000,0.000000
992,1694846653.295751,0,,,0.0000,0.0000,0.0000,0.0000,,,,,,,,,,,0.000000,0.000000,0.000000,0.000000,0.000000,0.000000,0.000000,0.000000,0.000000,0.000000,0.000000,0.000000,0.000000,0.000000,0.000000,0.000000,0.000000,0.000000,0.000000,0.000000,0.000000,0.000000,0.000000,0.000000,0.000000,0.000000,0.000000,0.000000,0.000000,0.000000,0.000000,0.000000,0.000000,0.000000,0.000000,0.000000,0.000000,0.000000,0.000000,0.000000,0.000000,0.000000,0.000000,0.000000,0.000000,0.000000,0.000000,0.000000,0.000000,0.000000,0.000000,0.000000,0.000000,0.000000,0.000000,0.000000,0.000000,0.000000,0.000000,0.000000,0.000000,0.000000,0.000000
993,1694846653.304085,0,,,0.0000,0.0000,0.0000,0.0000,,,,,,,,,,,0.000000,0.000000,0.000000,0.000000,0.000000,0.000000,0.000000,0.000000,0.000000,0.000000,0.000000,0.000000,0.000000,0.000000,0.000000,0.000000,0.000000,0.000000,0.000000,0.000000,0.000000,0.000000,0.000000,0.000000,0.000000,0.000000,0.000000,0.000000,0.000000,0.000000,0.000000,0.000000,0.000000,0.000000,0.000000,0.000000,0.000000,0.000000,0.000000,0.000000,0.000000,0.000000,0.000000,0.000000,0.000000,0.000000,0.000000,0.000000,0.000000,0.000000,0.000000,0.000000,0.000000,0.000000,0.000000,0.000000,0.000000,0.000000,0.000000,0.000000,0.000000,0.000000,0.000000
994,1694846653.312418,0,,,0.0000,0.0000,0.0000,0.0000,,,,,,,,,,,0.000000,0.000000,0.000000,0.000000,0.000000,0.000000,0.000000,0.000000,0.000000,0.000000,0.000000,0.000000,0.000000,0.000000,0.000000,0.000000,0.000000,0.000000,0.000000,0.000000,0.000000,0.000000,0.000000,0.000000,0.000000,0.000000,0.000000,0.000000,0.000000,0.000000,0.000000,0.000000,0.000000,0.000000,0.000000,0.000000,0.000000,0.000000,0.000000,0.000000,0.000000,0.000000,0.000000,0.000000,0.000000,0.000000,0.000000,0.000000,0.000000,0.000000,0.000000,0.000000,0.000000,0.000000,0.000000,0.000000,0.000000,0.000000,0.000000,0.000000,0.000000,0.000000,0.000000
995,1694846653.320751,0,,,0.0000,0.0000,0.0000,0.0000,,,,,,,,,,,0.000000,0.000000,0.000000,0.000000,0.000000,0.000000,0.000000,0.000000,0.000000,0.000000,0.000000,0.000000,0.000000,0.000000,0.000000,0.000000,0.000000,0.000000,0.000000,0.000000,0.000000,0.000000,0.000000,0.000000,0.000000,0.000000,0.000000,0.000000,0.000000,0.000000,0.000000,0.000000,0.000000,0.000000,0.000000,0.000000,0.000000,0.000000,0.000000,0.000000,0.000000,0.000000,0.000000,0.000000,0.000000,0.000000,0.000000,0.000000,0.000000,0.000000,0.000000,0.000000,0.000000,0.000000,0.000000,0.000000,0.000000,0.000000,0.000000,0.000000,0.000000,0.000000,0.000000
996,1694846653.329085,0,,,0.0000,0.0000,0.0000,0.0000,,,,,,,,,,,0.000000,0.000000,0.000000,0.000000,0.000000,0.000000,0.000000,0.000000,0.000000,0.000000,0.000000,0.000000,0.000000,0.000000,0.000000,0.000000,0.000000,0.000000,0.000000,0.000000,0.000000,0.000000,0.000000,0.000000,0.000000,0.000000,0.000000,0.000000,0.000000,0.000000,0.000000,0.000000,0.000000,0.000000,0.000000,0.000000,0.000000,0.000000,0.000000,0.000000,0.000000,0.000000,0.000000,0.000000,0.000000,0.000000,0.000000,0.000000,0.000000,0.000000,0.000000,0.000000,0.000000,0.000000,0.000000,0.000000,0.000000,0.000000,0.000000,0.000000,0.000000,0.000000,0.000000
997,1694846653.337418,0,,,0.0000,0.0000,0.0000,0.0000,,,,,,,,,,,0.000000,0.000000,0.000000,0.000000,0.000000,0.000000,0.000000,0.000000,0.000000,0.000000,0.000000,0.000000,0.000000,0.000000,0.000000,0.000000,0.000000,0.000000,0.000000,0.000000,0.000000,0.000000,0.000000,0.000000,0.000000,0.000000,0.000000,0.000000,0.000000,0.000000,0.000000,0.000000,0.000000,0.000000,0.000000,0.000000,0.000000,0.000000,0.000000,0.000000,0.000000,0.000000,0.000000,0.000000,0.000000,0.000000,0.000000,0.000000,0.000000,0.000000,0.000000,0.000000,0.000000,0.000000,0.000000,0.000000,0.000000,0.000000,0.000000,0.000000,0.000000,0.000000,0.000000
998,1694846653.345751,0,,,0.0000,0.0000,0.0000,0.0000,,,,,,,,,,,0.000000,0.000000,0.000000,0.000000,0.000000,0.000000,0.000000,0.000000,0.000000,0.000000,0.000000,0.000000,0.000000,0.000000,0.000000,0.000000,0.000000,0.000000,0.000000,0.000000,0.000000,0.000000,0.000000,0.000000,0.000000,0.000000,0.000000,0.000000,0.000000,0.000000,0.000000,0.000000,0.000000,0.000000,0.000000,0.000000,0.000000,0.000000,0.000000,0.000000,0.000000,0.000000,0.000000,0.000000,0.000000,0.000000,0.000000,0.000000,0.000000,0.000000,0.000000,0.000000,0.000000,0.000000,0.000000,0.000000,0.000000,0.000000,0.000000,0.000000,0.000000,0.000000,0.000000
999,1694846653.354085,0,,,0.0000,0.0000,0.0000,0.0000,,,,,,,,,,,0.000000,0.000000,0.000000,0.000000,0.000000,0.000000,0.000000,0.000000,0.000000,0.000000,0.000000,0.000000,0.000000,0.000000,0.000000,0.000000,0.000000,0.000000,0.000000,0.000000,0.000000,0.000000,0.000000,0.000000,0.000000,0.000000,0.000000,0.000000,0.000000,0.000000,0.000000,0.000000,0.000000,0.000000,0.000000,0.000000,0.000000,0.000000,0.000000,0.000000,0.000000,0.000000,0.000000,0.000000,0.000000,0.000000,0.000000,0.000000,0.000000,0.000000,0.000000,0.000000,0.000000,0.000000,0.000000,0.000000,0.000000,0.000000,0.000000,0.000000,0.000000,0.000000,0.000000
1000,1694846653.362418,0,,,0.0000,0.0000,0.0000,0.0000,,,,,,,,,,,0.000000,0.000000,0.000000,0.000000,0.000000,0.000000,0.000000,0.000000,0.000000,0.000000,0.000000,0.000000,0.000000,0.000000,0.000000,0.000000,0.000000,0.000000,0.000000,0.000000,0.000000,0.000000,0.000000,0.000000,0.000000,0.000000,0.000000,0.000000,0.000000,0.000000,0.000000,0.000000,0.000000,0.000000,0.000000,0.000000,0.000000,0.000000,0.000000,0.000000,0.000000,0.000000,0.000000,0.000000,0.000000,0.000000,0.000000,0.000000,0.000000,0.000000,0.000000,0.000000,0.000000,0.000000,0.000000,0.000000,0.000000,0.000000,0.000000,0.000000,0.000000,0.000000,0.000000
1001,1694846653.370751,0,,,0.0000,0.0000,0.0000,0.0000,,,,,,,,,,,0.000000,0.000000,0.000000,0.000000,0.000000,0.000000,0.000000,0.000000,0.000000,0.000000,0.000000,0.000000,0.000000,0.000000,0.000000,0.000000,0.000000,0.000000,0.000000,0.000000,0.000000,0.000000,0.000000,0.000000,0.000000,0.000000,0.000000,0.000000,0.000000,0.000000,0.000000,0.000000,0.000000,0.000000,0.000000,0.000000,0.000000,0.000000,0.000000,0.000000,0.000000,0.000000,0.000000,0.000000,0.000000,0.000000,0.000000,0.000000,0.000000,0.000000,0.000000,0.000000,0.000000,0.000000,0.000000,0.000000,0.000000,0.000000,0.000000,0.000000,0.000000,0.000000,0.000000
1002,1694846653.379085,0,,,0.0000,0.0000,0.0000,0.0000,,,,,,,,,,,0.000000,0.000000,0.000000,0.000000,0.000000,0.000000,0.000000,0.000000,0.000000,0.000000,0.000000,0.000000,0.000000,0.000000,0.000000,0.000000,0.000000,0.000000,0.000000,0.000000,0.000000,0.000000,0.000000,0.000000,0.000000,0.000000,0.000000,0.000000,0.000000,0.000000,0.000000,0.000000,0.000000,0.000000,0.000000,0.000000,0.000000,0.000000,0.000000,0.000000,0.000000,0.000000,0.000000,0.000000,0.000000,0.000000,0.000000,0.000000,0.000000,0.000000,0.000000,0.000000,0.000000,0.000000,0.000000,0.000000,0.000000,0.000000,0.000000,0.000000,0.000000,0.000000,0.000000
1003,1694846653.387418,0,,,0.0000,0.0000,0.0000,0.0000,,,,,,,,,,,0.000000,0.000000,0.000000,0.000000,0.000000,0.000000,0.000000,0.000000,0.000000,0.000000,0.000000,0.000000,0.000000,0.000000,0.000000,0.000000,0.000000,0.000000,0.000000,0.000000,0.000000,0.000000,0.000000,0.000000,0.000000,0.000000,0.000000,0.000000,0.000000,0.000000,0.000000,0.000000,0.000000,0.000000,0.000000,0.000000,0.000000,0.000000,0.000000,0.000000,0.000000,0.000000,0.000000,0.000000,0.000000,0.000000,0.000000,0.000000,0.000000,0.000000,0.000000,0.000000,0.000000,0.000000,0.000000,0.000000,0.000000,0.000000,0.000000,0.000000,0.000000,0.000000,0.000000
1004,1694846653.395751,0,,,0.0000,0.0000,0.0000,0.0000,,,,,,,,,,,0.000000,0.000000,0.000000,0.000000,0.000000,0.000000,0.000000,0.000000,0.000000,0.000000,0.000000,0.000000,0.000000,0.000000,0.000000,0.000000,0.000000,0.000000,0.000000,0.000000,0.000000,0.000000,0.000000,0.000000,0.000000,0.000000,0.000000,0.000000,0.000000,0.000000,0.000000,0.000000,0.000000,0.000000,0.000000,0.000000,0.000000,0.000000,0.000000,0.000000,0.000000,0.000000,0.000000,0.000000,0.000000,0.000000,0.000000,0.000000,0.000000,0.000000,0.000000,0.000000,0.000000,0.000000,0.000000,0.000000,0.000000,0.000000,0.000000,0.000000,0.000000,0.000000,0.000000
1005,1694846653.404085,0,,,0.0000,0.0000,0.0000,0.0000,,,,,,,,,,,0.000000,0.000000,0.000000,0.000000,0.000000,0.000000,0.000000,0.000000,0.000000,0.000000,0.000000,0.000000,0.000000,0.000000,0.000000,0.000000,0.000000,0.000000,0.000000,0.000000,0.000000,0.000000,0.000000,0.000000,0.000000,0.000000,0.000000,0.000000,0.000000,0.000000,0.000000,0.000000,0.000000,0.000000,0.000000,0.000000,0.000000,0.000000,0.000000,0.000000,0.000000,0.000000,0.000000,0.000000,0.000000,0.000000,0.000000,0.000000,0.000000,0.000000,0.000000,0.000000,0.000000,0.000000,0.000000,0.000000,0.000000,0.000000,0.000000,0.000000,0.000000,0.000000,0.000000
1006,1694846653.412418,0,-66.5415,-66.5415,-26.6097,0.0000,51.5928,403.2622,,5067.4150,2.1373,105.8526,107.9491,175.0787,194.5559,204.4573,215.9195,0.003667,0.462696,0.932787,-0.000000,0.392617,0.970970,-0.012817,0.328696,0.924686,-0.017220,0.298235,0.834617,-0.017293,0.293696,0.773629,-0.016756,0.331410,0.804364,-0.031372,0.277450,0.695782,-0.042738,0.251191,0.628911,-0.048878,0.230363,0.577133,-0.053451,0.365961,0.742989,-0.024207,0.312071,0.706222,-0.028543,0.310280,0.745733,-0.019124,0.321725,0.782542,-0.012195,0.396046,0.713631,-0.017336,0.344512,0.704987,-0.024063,0.344967,0.741339,-0.015329,0.358974,0.777260,-0.008359,0.420301,0.698638,-0.011145,0.376035,0.700321,-0.018112,0.372222,0.734716,-0.014309,0.380993,0.765068,-0.009413
1007,1694846653.420751,0,66.3795,66.3795,6.3880,32.9977,56.2276,199.0741,14.6732,6422.2384,2.4079,122.3665,101.0911,166.6056,186.3221,196.6002,208.2112,0.003096,0.464540,0.925224,-0.000000,0.396919,0.965671,-0.013182,0.331405,0.916260,-0.016864,0.302303,0.825024,-0.015934,0.302095,0.761631,-0.014721,0.337367,0.797747,-0.031764,0.284481,0.692112,-0.043523,0.257797,0.624736,-0.051225,0.236332,0.572726,-0.057284,0.372946,0.736842,-0.024715,0.318984,0.700769,-0.028843,0.318444,0.741331,-0.019190,0.331806,0.777976,-0.012345,0.402779,0.708919,-0.018209,0.351433,0.696027,-0.024477,0.350668,0.730529,-0.015477,0.364734,0.765009,-0.008712,0.426288,0.694529,-0.012490,0.383196,0.690054,-0.019551,0.379083,0.722232,-0.015782,0.388431,0.752381,-0.011305
1008,1694846653.429085,0,-49.7663,-49.7663,0.5771,-5.8109,57.5084,174.1351,60.3379,10100.2105,2.3583,135.8426,84.0692,157.4558,174.8269,182.9160,193.6857,0.005158,0.467946,0.924337,-0.000000,0.399982,0.960915,-0.011853,0.335712,0.909100,-0.013974,0.305965,0.819388,-0.011773,0.302133,0.758297,-0.009149,0.340380,0.789739,-0.027690,0.289805,0.681231,-0.035863,0.265574,0.616031,-0.040158,0.246110,0.565200,-0.043767,0.376131,0.734058,-0.020888,0.322685,0.693063,-0.023327,0.320287,0.731104,-0.013827,0.331070,0.767056,-0.006561,0.406760,0.710292,-0.014272,0.355419,0.700893,-0.018770,0.355146,0.734529,-0.010333,0.367972,0.766546,-0.003754,0.431487,0.699180,-0.008365,0.388749,0.698087,-0.013018,0.384944,0.730522,-0.008622,0.393271,0.759944,-0.003760
1009,1694846653.437418,1,46.2031,46.2031,-2.0639,-2.6409,56.3851,313.0245,25.3832,6408.6712,2.4266,131.7022,73.7763,152.7847,168.2480,173.9887,183.4263,0.011068,0.471221,0.915427,-0.000000,0.403630,0.955267,-0.009515,0.339726,0.903463,-0.010621,0.308013,0.814676,-0.007660,0.300223,0.756287,-0.004347,0.344944,0.785146,-0.025563,0.296590,0.676980,-0.034021,0.273430,0.612477,-0.038558,0.254898,0.562910,-0.041876,0.380811,0.728081,-0.018820,0.326583,0.688540,-0.020373,0.322243,0.724063,-0.010479,0.331819,0.757367,-0.002922,0.411798,0.703476,-0.012093,0.359798,0.696794,-0.016388,0.358294,0.730032,-0.008250,0.370266,0.761745,-0.001665,0.436838,0.691426,-0.005687,0.395752,0.694172,-0.009866,0.391376,0.726909,-0.005607,0.398873,0.755243,-0.000744
1010,1694846653.445751,1,-43.6497,-43.6497,5.7229,7.7868,54.5928,889.1429,17.3841,6566.6937,2.3785,135.4298,71.3985,147.6984,161.5858,166.8374,174.3193,0.015292,0.471969,0.916705,-0.000000,0.404400,0.949800,-0.007823,0.343120,0.894522,-0.008804,0.312467,0.807384,-0.006489,0.303609,0.750034,-0.004097,0.349963,0.777056,-0.023504,0.303608,0.668986,-0.032080,0.280140,0.604777,-0.036965,0.261808,0.554757,-0.040568,0.386738,0.723514,-0.018624,0.335290,0.682782,-0.021413,0.332390,0.721372,-0.012271,0.343318,0.757772,-0.004856,0.418884,0.702951,-0.013636,0.368940,0.694165,-0.018974,0.368074,0.728474,-0.010604,0.380835,0.760675,-0.003599,0.444409,0.695268,-0.008785,0.404478,0.694373,-0.012832,0.401370,0.728015,-0.007201,0.410630,0.757357,-0.001340
1011,1694846653.454085,1,29.8580,29.8580,-9.1304,-14.8533,47.6104,934.6445,62.7130,4364.7855,2.6774,130.0046,68.2056,141.6304,153.4368,157.1537,164.0258,0.017252,0.478953,0.919195,-0.000000,0.410403,0.949628,-0.006570,0.349019,0.892665,-0.006317,0.319541,0.802530,-0.002952,0.312787,0.741856,0.000915,0.352923,0.771321,-0.019913,0.307814,0.663151,-0.025236,0.286089,0.599534,-0.027327,0.269452,0.549816,-0.029165,0.389661,0.720817,-0.014756,0.339559,0.675925,-0.014207,0.335046,0.713471,-0.003823,0.344502,0.752182,0.003938,0.422506,0.702361,-0.009511,0.374486,0.689148,-0.012438,0.372182,0.722065,-0.004737,0.383531,0.755386,0.001346,0.449257,0.695934,-0.004313,0.410491,0.692117,-0.006364,0.405966,0.724638,-0.001328,0.413738,0.755719,0.003678
1012,1694846653.462418,1,35.2756,35.2756,21.2605,30.3908,41.4448,2583.5802,45.3816,4400.5065,2.5923,130.7353,73.8588,138.9892,149.2244,151.7454,158.1136,0.020830,0.482872,0.915886,-0.000000,0.412217,0.946396,-0.007206,0.351094,0.885325,-0.007482,0.323659,0.794155,-0.004275,0.323167,0.733697,-0.001022,0.357650,0.769028,-0.022774,0.310924,0.660566,-0.029092,0.288407,0.596342,-0.032502,0.271039,0.545346,-0.035433,0.395855,0.717202,-0.016751,0.347159,0.672724,-0.016305,0.343818,0.713653,-0.005361,0.354488,0.755528,0.002806,0.429561,0.699707,-0.010511,0.383234,0.690446,-0.013281,0.382451,0.724961,-0.005493,0.395827,0.760278,0.000605,0.456895,0.694893,-0.004233,0.420084,0.692205,-0.006084,0.417317,0.725777,-0.000796,0.427091,0.757043,0.004243
1013,1694846653.470751,1,-34.7550,-34.7550,-20.2395,-41.5000,37.8600,2125.8568,11.0573,5223.6517,2.6232,133.3889,68.0714,135.5452,145.1047,147.2033,152.5016,0.017072,0.486825,0.906699,-0.000000,0.417082,0.941474,-0.008230,0.355021,0.880948,-0.009545,0.330931,0.788469,-0.008298,0.338752,0.728376,-0.007155,0.362867,0.765703,-0.019497,0.318168,0.662309,-0.027418,0.294772,0.596852,-0.032979,0.277228,0.543282,-0.038078,0.400886,0.714160,-0.015817,0.353521,0.675573,-0.020660,0.351872,0.717808,-0.013542,0.365505,0.754572,-0.007297,0.433642,0.695572,-0.012327,0.388424,0.685571,-0.018572,0.386143,0.720191,-0.010590,0.400257,0.752116,-0.003961,0.459456,0.691633,-0.009354,0.422367,0.690407,-0.014010,0.419973,0.723130,-0.008667,0.431585,0.750939,-0.003215
1014,1694846653.479085,1,47.1710,47.1710,22.7052,42.9447,38.0640,1617.3321,48.1155,5686.1002,3.1269,141.5046,59.0536,136.2382,142.4889,142.3910,145.3537,0.013260,0.488984,0.904701,-0.000000,0.421283,0.939480,-0.008728,0.359518,0.878011,-0.011464,0.335318,0.781918,-0.010550,0.343263,0.721311,-0.009897,0.373113,0.769329,-0.028088,0.325839,0.662910,-0.037850,0.301934,0.596898,-0.044433,0.284107,0.543379,-0.050171,0.411292,0.715617,-0.023239,0.363003,0.674301,-0.027236,0.360691,0.716401,-0.018550,0.373562,0.753555,-0.011976,0.443608,0.696670,-0.018050,0.398848,0.688289,-0.023029,0.395982,0.722820,-0.014308,0.409533,0.757215,-0.007957,0.468641,0.693287,-0.013176,0.432496,0.693961,-0.018007,0.430172,0.725776,-0.012985,0.441212,0.753923,-0.008021
1015,1694846653.487418,1,-47.6548,-47.6548,-19.3782,-42.0834,39.1437,1323.3393,5.2363,4876.5252,2.1240,140.4228,63.6524,134.0332,136.0104,133.5758,134.0829,0.011113,0.493788,0.906513,-0.000000,0.426666,0.941928,-0.008681,0.364564,0.878802,-0.011913,0.341633,0.781745,-0.011826,0.351747,0.721288,-0.012142,0.377330,0.767865,-0.026639,0.332588,0.660009,-0.037415,0.310560,0.593080,-0.045088,0.294391,0.539228,-0.051375,0.415983,0.713634,-0.021802,0.369236,0.671705,-0.026612,0.366827,0.716344,-0.017760,0.379364,0.754428,-0.010572,0.449022,0.695418,-0.016873,0.404964,0.686772,-0.022538,0.402112,0.722793,-0.013168,0.415701,0.756919,-0.005879,0.475240,0.693036,-0.012233,0.439499,0.693859,-0.016628,0.436768,0.727514,-0.010417,0.447679,0.755926,-0.004431
1016,1694846653.495751,1,-35.2424,-35.2424,-17.6295,1.7487,39.8560,856.1155,41.9581,4451.7124,1.4263,133.1867,75.4340,129.1590,125.6248,118.7937,115.3248,0.006778,0.498734,0.917339,-0.000000,0.430772,0.943652,-0.008741,0.371647,0.878626,-0.011339,0.346796,0.783482,-0.011372,0.345310,0.722873,-0.011127,0.382005,0.764547,-0.020232,0.342530,0.655562,-0.029792,0.323342,0.588029,-0.035649,0.310076,0.533371,-0.040280,0.421537,0.716122,-0.016317,0.377991,0.678893,-0.022904,0.376159,0.723469,-0.015934,0.388851,0.759669,-0.009481,0.455498,0.699948,-0.012750,0.411880,0.687654,-0.021751,0.409071,0.724588,-0.013745,0.421590,0.756474,-0.006352,0.483046,0.696862,-0.009376,0.446820,0.692495,-0.015420,0.442421,0.726366,-0.009707,0.451735,0.754628,-0.003477
1017,1694846653.504085,1,34.9009,34.9009,17.4140,35.0434,39.7766,991.6391,3.0350,5317.4516,1.8584,136.5995,87.4634,129.1182,118.7848,105.5416,95.4888,0.003099,0.503441,0.919100,-0.000000,0.434833,0.947414,-0.008779,0.374918,0.878114,-0.011368,0.354832,0.777256,-0.010948,0.363973,0.718817,-0.010474,0.389387,0.761121,-0.022272,0.355758,0.648231,-0.030735,0.339335,0.579769,-0.036262,0.327954,0.523647,-0.041319,0.430361,0.714354,-0.017267,0.389442,0.683771,-0.021568,0.388635,0.730883,-0.012947,0.401957,0.763627,-0.006323,0.464334,0.700566,-0.012443,0.423034,0.693020,-0.019078,0.421661,0.730090,-0.010445,0.434873,0.760269,-0.003697,0.491725,0.699350,-0.007870,0.456594,0.699522,-0.012802,0.454587,0.732926,-0.007495,0.465214,0.758908,-0.002117
1018,1694846653.512418,1,30.1839,30.1839,-4.2468,-21.6607,39.2298,1785.4269,18.3320,5564.9506,1.8257,139.5131,91.5063,132.2972,116.8154,99.1060,83.8819,0.000506,0.510806,0.921097,-0.000000,0.440153,0.945446,-0.009103,0.379799,0.873357,-0.011870,0.361957,0.771026,-0.011614,0.376205,0.711525,-0.011261,0.402014,0.759767,-0.022393,0.368722,0.645495,-0.029178,0.352318,0.577495,-0.033463,0.340851,0.520433,-0.038428,0.443505,0.715027,-0.017614,0.399994,0.682081,-0.022525,0.398302,0.731781,-0.014444,0.412458,0.765026,-0.008353,0.475701,0.701396,-0.012866,0.431836,0.689797,-0.018671,0.428638,0.728398,-0.009740,0.442295,0.759983,-0.003286,0.500122,0.700086,-0.008608,0.462878,0.696575,-0.014000,0.461101,0.730100,-0.009738,0.473583,0.756398,-0.005280
1019,1694846653.520751,1,-27.5724,-27.5724,5.0206,9.2674,34.6134,1636.3564,3.2315,6364.4860,2.0742,139.7207,95.0522,143.8360,122.7288,98.9492,75.4921,0.000000,0.515084,0.922590,-0.000000,0.445832,0.945985,-0.008519,0.386886,0.874560,-0.010743,0.369320,0.773996,-0.009774,0.383092,0.716455,-0.008586,0.408723,0.760021,-0.022069,0.379243,0.646787,-0.029148,0.363999,0.578814,-0.034096,0.352997,0.522491,-0.039343,0.449932,0.717686,-0.017064,0.407837,0.688356,-0.021014,0.406711,0.738276,-0.012374,0.420455,0.771227,-0.006031,0.481760,0.706557,-0.012079,0.439295,0.696500,-0.017176,0.436407,0.735608,-0.007888,0.449310,0.767128,-0.001301,0.506267,0.707496,-0.007525,0.469520,0.703828,-0.012088,0.467139,0.737875,-0.007166,0.478761,0.764463,-0.002296
1020,1694846653.529085,1,-25.3004,-25.3004,2.4855,-2.5351,30.5465,1456.1088,16.5472,4024.4676,2.3446,137.5864,102.9842,149.2856,125.7462,99.3671,70.5904,0.000000,0.519379,0.928231,-0.000000,0.450228,0.949439,-0.010223,0.390568,0.872830,-0.013602,0.375345,0.767438,-0.013764,0.394336,0.710135,-0.013588,0.415416,0.764503,-0.022517,0.387464,0.647473,-0.029094,0.373470,0.579090,-0.032903,0.363764,0.522259,-0.037600,0.456895,0.722502,-0.017552,0.416231,0.686485,-0.023039,0.414365,0.734705,-0.015048,0.427133,0.768854,-0.008648,0.488751,0.710195,-0.012755,0.447348,0.696683,-0.018821,0.444096,0.735560,-0.009959,0.455890,0.767661,-0.003392,0.513498,0.709231,-0.008661,0.477276,0.705456,-0.014126,0.474385,0.739488,-0.010194,0.484909,0.766234,-0.005932
1021,1694846653.537418,1,-17.2634,-17.2634,-13.0411,-15.5265,27.6493,2351.0008,44.0423,3984.3707,2.7736,138.3310,118.2016,159.3784,133.3152,104.2146,69.5321,0.000000,0.522800,0.933450,-0.000000,0.453002,0.948228,-0.006744,0.397849,0.875770,-0.008190,0.381026,0.774372,-0.007054,0.390336,0.713505,-0.005479,0.421771,0.761306,-0.018361,0.396322,0.645367,-0.023749,0.383773,0.576807,-0.026653,0.374065,0.522207,-0.030013,0.463171,0.722112,-0.013878,0.422019,0.686137,-0.016099,0.418192,0.732077,-0.007070,0.429118,0.769415,-0.000434,0.495308,0.713571,-0.009319,0.452848,0.698658,-0.013388,0.448517,0.735187,-0.004542,0.459003,0.770475,0.001814,0.519970,0.716103,-0.004995,0.485070,0.711086,-0.007736,0.480867,0.743547,-0.002692,0.489271,0.772361,0.002100
1022,1694846653.545751,0,,,0.0000,0.0000,0.0000,0.0000,18.6073,4096.5061,3.2193,111.9228,130.3191,172.7467,144.0280,112.1461,72.8728,0.000000,0.525373,0.936897,-0.000000,0.456109,0.949466,-0.007423,0.401645,0.873840,-0.009229,0.386600,0.768450,-0.007961,0.398510,0.707433,-0.006172,0.425911,0.766362,-0.020677,0.404981,0.647580,-0.024784,0.394828,0.580752,-0.025552,0.387246,0.527646,-0.027183,0.467483,0.728108,-0.015483,0.430339,0.679614,-0.016513,0.425724,0.722569,-0.006460,0.434307,0.762305,0.001128,0.499857,0.718854,-0.009992,0.459776,0.699885,-0.013181,0.455692,0.736032,-0.005061,0.464268,0.772308,0.000898,0.524858,0.719030,-0.004613,0.491253,0.713026,-0.006006,0.486693,0.744440,-0.001350,0.492924,0.773866,0.002863
1023,1694846653.554085,0,,,0.0000,0.0000,0.0000,0.0000,18.8843,4439.2191,2.8437,85.6157,140.6179,181.4676,150.8247,116.4396,72.9274,0.000000,0.528384,0.938892,-0.000000,0.458876,0.947401,-0.007277,0.404563,0.872757,-0.008910,0.390474,0.771584,-0.007990,0.404969,0.715602,-0.006464,0.433220,0.761036,-0.017706,0.412780,0.646854,-0.021737,0.403775,0.582204,-0.023071,0.396839,0.530486,-0.025408,0.475324,0.725897,-0.013488,0.437517,0.686546,-0.016155,0.433727,0.729355,-0.008147,0.443511,0.765772,-0.001960,0.507519,0.718016,-0.009118,0.467551,0.701906,-0.013413,0.463558,0.737043,-0.005712,0.472793,0.771505,0.000120,0.532268,0.720768,-0.005054,0.498897,0.714970,-0.007992,0.495004,0.745210,-0.003903,0.502666,0.773806,0.000350
1024,1694846653.562418,0,,,0.0000,0.0000,0.0000,0.0000,15.8230,4178.6584,2.9323,64.4020,151.4584,189.9645,159.0417,124.3409,79.6127,0.000000,0.529776,0.940254,-0.000000,0.460657,0.946103,-0.006099,0.409464,0.870993,-0.007021,0.395646,0.770357,-0.004729,0.409802,0.715794,-0.001957,0.438959,0.763391,-0.019788,0.419638,0.646357,-0.022186,0.411488,0.582766,-0.022614,0.405216,0.530496,-0.024561,0.480965,0.728912,-0.014805,0.441116,0.685203,-0.014555,0.435997,0.728369,-0.004730,0.445315,0.763908,0.001946,0.511911,0.722521,-0.009182,0.469740,0.701990,-0.010411,0.465012,0.736757,-0.001816,0.474294,0.771091,0.003739,0.534645,0.725963,-0.003671,0.499933,0.716463,-0.004777,0.496197,0.745506,-0.000365,0.504005,0.773430,0.003551
1025,1694846653.570751,0,,,0.0000,0.0000,0.0000,0.0000,,,,,,,,,,,0.000000,0.000000,0.000000,0.000000,0.000000,0.000000,0.000000,0.000000,0.000000,0.000000,0.000000,0.000000,0.000000,0.000000,0.000000,0.000000,0.000000,0.000000,0.000000,0.000000,0.000000,0.000000,0.000000,0.000000,0.000000,0.000000,0.000000,0.000000,0.000000,0.000000,0.000000,0.000000,0.000000,0.000000,0.000000,0.000000,0.000000,0.000000,0.000000,0.000000,0.000000,0.000000,0.000000,0.000000,0.000000,0.000000,0.000000,0.000000,0.000000,0.000000,0.000000,0.000000,0.000000,0.000000,0.000000,0.000000,0.000000,0.000000,0.000000,0.000000,0.000000,0.000000,0.000000
1026,1694846653.579085,0,,,0.0000,0.0000,0.0000,0.0000,,,,,,,,,,,0.000000,0.000000,0.000000,0.000000,0.000000,0.000000,0.000000,0.000000,0.000000,0.000000,0.000000,0.000000,0.000000,0.000000,0.000000,0.000000,0.000000,0.000000,0.000000,0.000000,0.000000,0.000000,0.000000,0.000000,0.000000,0.000000,0.000000,0.000000,0.000000,0.000000,0.000000,0.000000,0.000000,0.000000,0.000000,0.000000,0.000000,0.000000,0.000000,0.000000,0.000000,0.000000,0.000000,0.000000,0.000000,0.000000,0.000000,0.000000,0.000000,0.000000,0.000000,0.000000,0.000000,0.000000,0.000000,0.000000,0.000000,0.000000,0.000000,0.000000,0.000000,0.000000,0.000000
1027,1694846653.587418,0,,,0.0000,0.0000,0.0000,0.0000,,,,,,,,,,,0.000000,0.000000,0.000000,0.000000,0.000000,0.000000,0.000000,0.000000,0.000000,0.000000,0.000000,0.000000,0.000000,0.000000,0.000000,0.000000,0.000000,0.000000,0.000000,0.000000,0.000000,0.000000,0.000000,0.000000,0.000000,0.000000,0.000000,0.000000,0.000000,0.000000,0.000000,0.000000,0.000000,0.000000,0.000000,0.000000,0.000000,0.000000,0.000000,0.000000,0.000000,0.000000,0.000000,0.000000,0.000000,0.000000,0.000000,0.000000,0.000000,0.000000,0.000000,0.000000,0.000000,0.000000,0.000000,0.000000,0.000000,0.000000,0.000000,0.000000,0.000000,0.000000,0.000000
1028,1694846653.595751,0,,,0.0000,0.0000,0.0000,0.0000,,,,,,,,,,,0.000000,0.000000,0.000000,0.000000,0.000000,0.000000,0.000000,0.000000,0.000000,0.000000,0.000000,0.000000,0.000000,0.000000,0.000000,0.000000,0.000000,0.000000,0.000000,0.000000,0.000000,0.000000,0.000000,0.000000,0.000000,0.000000,0.000000,0.000000,0.000000,0.000000,0.000000,0.000000,0.000000,0.000000,0.000000,0.000000,0.000000,0.000000,0.000000,0.000000,0.000000,0.000000,0.000000,0.000000,0.000000,0.000000,0.000000,0.000000,0.000000,0.000000,0.000000,0.000000,0.000000,0.000000,0.000000,0.000000,0.000000,0.000000,0.000000,0.000000,0.000000,0.000000,0.000000
1029,1694846653.604085,0,,,0.0000,0.0000,0.0000,0.0000,,,,,,,,,,,0.000000,0.000000,0.000000,0.000000,0.000000,0.000000,0.000000,0.000000,0.000000,0.000000,0.000000,0.000000,0.000000,0.000000,0.000000,0.000000,0.000000,0.000000,0.000000,0.000000,0.000000,0.000000,0.000000,0.000000,0.000000,0.000000,0.000000,0.000000,0.000000,0.000000,0.000000,0.000000,0.000000,0.000000,0.000000,0.000000,0.000000,0.000000,0.000000,0.000000,0.000000,0.000000,0.000000,0.000000,0.000000,0.000000,0.000000,0.000000,0.000000,0.000000,0.000000,0.000000,0.000000,0.000000,0.000000,0.000000,0.000000,0.000000,0.000000,0.000000,0.000000,0.000000,0.000000
1030,1694846653.612418,0,,,0.0000,0.0000,0.0000,0.0000,,4176.2074,2.4814,71.1427,187.1188,222.3603,186.9250,149.1892,101.6806,0.000000,0.542247,0.943970,-0.000000,0.473155,0.947235,-0.007707,0.421825,0.862010,-0.009587,0.413497,0.756171,-0.008071,0.435341,0.705988,-0.006085,0.455352,0.761712,-0.021227,0.441959,0.640865,-0.022472,0.437995,0.576424,-0.021301,0.435634,0.524837,-0.022140,0.497779,0.731171,-0.015213,0.464245,0.686330,-0.014214,0.458385,0.729338,-0.003416,0.465554,0.767933,0.004163,0.528899,0.727351,-0.008690,0.491069,0.709027,-0.009381,0.486048,0.744605,-0.001495,0.493310,0.780757,0.003611,0.552090,0.732393,-0.002352,0.520295,0.726670,-0.002497,0.515795,0.756890,0.001321,0.521230,0.786239,0.004627
1031,1694846653.620751,0,,,0.0000,0.0000,0.0000,0.0000,,,,,,,,,,,0.000000,0.000000,0.000000,0.000000,0.000000,0.000000,0.000000,0.000000,0.000000,0.000000,0.000000,0.000000,0.000000,0.000000,0.000000,0.000000,0.000000,0.000000,0.000000,0.000000,0.000000,0.000000,0.000000,0.000000,0.000000,0.000000,0.000000,0.000000,0.000000,0.000000,0.000000,0.000000,0.000000,0.000000,0.000000,0.000000,0.000000,0.000000,0.000000,0.000000,0.000000,0.000000,0.000000,0.000000,0.000000,0.000000,0.000000,0.000000,0.000000,0.000000,0.000000,0.000000,0.000000,0.000000,0.000000,0.000000,0.000000,0.000000,0.000000,0.000000,0.000000,0.000000,0.000000
1032,1694846653.629085,0,,,0.0000,0.0000,0.0000,0.0000,,4457.1529,1.8024,74.8156,194.8641,227.3229,190.6900,152.3214,104.9930,0.000000,0.542682,0.942785,-0.000000,0.473246,0.946638,-0.007786,0.421233,0.861209,-0.010068,0.413849,0.756146,-0.009438,0.437093,0.707625,-0.008595,0.456596,0.757202,-0.019969,0.445218,0.639318,-0.022693,0.442200,0.572431,-0.023432,0.440584,0.519539,-0.025740,0.499660,0.727936,-0.014730,0.467403,0.689191,-0.015391,0.461016,0.731629,-0.006070,0.467915,0.769852,0.000459,0.531506,0.725887,-0.009217,0.495181,0.710659,-0.011336,0.489798,0.744826,-0.003641,0.497020,0.780903,0.001433,0.555905,0.732889,-0.004022,0.524771,0.726103,-0.005513,0.520113,0.756400,-0.001692,0.526006,0.786431,0.001840
1033,1694846653.637418,0,,,0.0000,0.0000,0.0000,0.0000,22.4820,4177.0589,1.7385,74.3565,196.4374,229.1699,192.8607,154.1759,106.0838,0.000000,0.542862,0.938471,-0.000000,0.472790,0.942938,-0.008660,0.421307,0.857845,-0.010457,0.413243,0.754009,-0.009134,0.434752,0.706715,-0.007616,0.455980,0.758025,-0.019419,0.444254,0.636743,-0.022430,0.442068,0.569525,-0.022858,0.441832,0.516190,-0.024589,0.498528,0.728336,-0.013452,0.465508,0.684336,-0.015296,0.458400,0.727051,-0.006614,0.465029,0.766065,0.000095,0.530061,0.724370,-0.007332,0.493250,0.704266,-0.010936,0.488076,0.739151,-0.004015,0.495468,0.775497,0.001197,0.554769,0.729219,-0.001488,0.522265,0.721397,-0.004110,0.517315,0.752389,-0.000838,0.523243,0.781978,0.002750
1034,1694846653.645751,0,,,0.0000,0.0000,0.0000,0.0000,19.6632,4293.1917,1.1059,82.6134,196.0824,230.1045,192.8774,154.3546,106.5875,0.000000,0.542625,0.936202,-0.000000,0.473048,0.940517,-0.007428,0.423185,0.858752,-0.009589,0.414899,0.757703,-0.008943,0.434076,0.708663,-0.008114,0.454579,0.759095,-0.018634,0.444637,0.640035,-0.022022,0.442388,0.571595,-0.023154,0.441444,0.518182,-0.025194,0.497055,0.729298,-0.013918,0.465610,0.685145,-0.016430,0.458406,0.725507,-0.008710,0.463904,0.764228,-0.002393,0.528949,0.725565,-0.008878,0.492748,0.706616,-0.012049,0.487653,0.738733,-0.004872,0.494306,0.773476,0.000622,0.553545,0.730940,-0.004050,0.521834,0.722758,-0.005185,0.516892,0.750121,-0.000702,0.522108,0.777504,0.003724
1035,1694846653.654085,0,,,0.0000,0.0000,0.0000,0.0000,,,,,,,,,,,0.000000,0.000000,0.000000,0.000000,0.000000,0.000000,0.000000,0.000000,0.000000,0.000000,0.000000,0.000000,0.000000,0.000000,0.000000,0.000000,0.000000,0.000000,0.000000,0.000000,0.000000,0.000000,0.000000,0.000000,0.000000,0.000000,0.000000,0.000000,0.000000,0.000000,0.000000,0.000000,0.000000,0.000000,0.000000,0.000000,0.000000,0.000000,0.000000,0.000000,0.000000,0.000000,0.000000,0.000000,0.000000,0.000000,0.000000,0.000000,0.000000,0.000000,0.000000,0.000000,0.000000,0.000000,0.000000,0.000000,0.000000,0.000000,0.000000,0.000000,0.000000,0.000000,0.000000
1036,1694846653.662418,0,,,0.0000,0.0000,0.0000,0.0000,,,,,,,,,,,0.000000,0.000000,0.000000,0.000000,0.000000,0.000000,0.000000,0.000000,0.000000,0.000000,0.000000,0.000000,0.000000,0.000000,0.000000,0.000000,0.000000,0.000000,0.000000,0.000000,0.000000,0.000000,0.000000,0.000000,0.000000,0.000000,0.000000,0.000000,0.000000,0.000000,0.000000,0.000000,0.000000,0.000000,0.000000,0.000000,0.000000,0.000000,0.000000,0.000000,0.000000,0.000000,0.000000,0.000000,0.000000,0.000000,0.000000,0.000000,0.000000,0.000000,0.000000,0.000000,0.000000,0.000000,0.000000,0.000000,0.000000,0.000000,0.000000,0.000000,0.000000,0.000000,0.000000
1037,1694846653.670751,0,,,0.0000,0.0000,0.0000,0.0000,,,,,,,,,,,0.000000,0.000000,0.000000,0.000000,0.000000,0.000000,0.000000,0.000000,0.000000,0.000000,0.000000,0.000000,0.000000,0.000000,0.000000,0.000000,0.000000,0.000000,0.000000,0.000000,0.000000,0.000000,0.000000,0.000000,0.000000,0.000000,0.000000,0.000000,0.000000,0.000000,0.000000,0.000000,0.000000,0.000000,0.000000,0.000000,0.000000,0.000000,0.000000,0.000000,0.000000,0.000000,0.000000,0.000000,0.000000,0.000000,0.000000,0.000000,0.000000,0.000000,0.000000,0.000000,0.000000,0.000000,0.000000,0.000000,0.000000,0.000000,0.000000,0.000000,0.000000,0.000000,0.000000
1038,1694846653.679085,0,,,0.0000,0.0000,0.0000,0.0000,,,,,,,,,,,0.000000,0.000000,0.000000,0.000000,0.000000,0.000000,0.000000,0.000000,0.000000,0.000000,0.000000,0.000000,0.000000,0.000000,0.000000,0.000000,0.000000,0.000000,0.000000,0.000000,0.000000,0.000000,0.000000,0.000000,0.000000,0.000000,0.000000,0.000000,0.000000,0.000000,0.000000,0.000000,0.000000,0.000000,0.000000,0.000000,0.000000,0.000000,0.000000,0.000000,0.000000,0.000000,0.000000,0.000000,0.000000,0.000000,0.000000,0.000000,0.000000,0.000000,0.000000,0.000000,0.000000,0.000000,0.000000,0.000000,0.000000,0.000000,0.000000,0.000000,0.000000,0.000000,0.000000
1039,1694846653.687418,0,,,0.0000,0.0000,0.0000,0.0000,,,,,,,,,,,0.000000,0.000000,0.000000,0.000000,0.000000,0.000000,0.000000,0.000000,0.000000,0.000000,0.000000,0.000000,0.000000,0.000000,0.000000,0.000000,0.000000,0.000000,0.000000,0.000000,0.000000,0.000000,0.000000,0.000000,0.000000,0.000000,0.000000,0.000000,0.000000,0.000000,0.000000,0.000000,0.000000,0.000000,0.000000,0.000000,0.000000,0.000000,0.000000,0.000000,0.000000,0.000000,0.000000,0.000000,0.000000,0.000000,0.000000,0.000000,0.000000,0.000000,0.000000,0.000000,0.000000,0.000000,0.000000,0.000000,0.000000,0.000000,0.000000,0.000000,0.000000,0.000000,0.000000
1040,1694846653.695751,0,,,0.0000,0.0000,0.0000,0.0000,,,,,,,,,,,0.000000,0.000000,0.000000,0.000000,0.000000,0.000000,0.000000,0.000000,0.000000,0.000000,0.000000,0.000000,0.000000,0.000000,0.000000,0.000000,0.000000,0.000000,0.000000,0.000000,0.000000,0.000000,0.000000,0.000000,0.000000,0.000000,0.000000,0.000000,0.000000,0.000000,0.000000,0.000000,0.000000,0.000000,0.000000,0.000000,0.000000,0.000000,0.000000,0.000000,0.000000,0.000000,0.000000,0.000000,0.000000,0.000000,0.000000,0.000000,0.000000,0.000000,0.000000,0.000000,0.000000,0.000000,0.000000,0.000000,0.000000,0.000000,0.000000,0.000000,0.000000,0.000000,0.000000
1041,1694846653.704085,0,,,0.0000,0.0000,0.0000,0.0000,,,,,,,,,,,0.000000,0.000000,0.000000,0.000000,0.000000,0.000000,0.000000,0.000000,0.000000,0.000000,0.000000,0.000000,0.000000,0.000000,0.000000,0.000000,0.000000,0.000000,0.000000,0.000000,0.000000,0.000000,0.000000,0.000000,0.000000,0.000000,0.000000,0.000000,0.000000,0.000000,0.000000,0.000000,0.000000,0.000000,0.000000,0.000000,0.000000,0.000000,0.000000,0.000000,0.000000,0.000000,0.000000,0.000000,0.000000,0.000000,0.000000,0.000000,0.000000,0.000000,0.000000,0.000000,0.000000,0.000000,0.000000,0.000000,0.000000,0.000000,0.000000,0.000000,0.000000,0.000000,0.000000
1042,1694846653.712418,0,,,0.0000,0.0000,0.0000,0.0000,,4057.2467,2.7981,77.2184,170.6899,201.4487,166.2936,128.4977,80.7465,0.000000,0.528716,0.935794,-0.000000,0.458185,0.945443,-0.007197,0.405994,0.870334,-0.009274,0.394102,0.765892,-0.007842,0.409263,0.707552,-0.005935,0.435702,0.764802,-0.024752,0.422806,0.637291,-0.030391,0.419362,0.562886,-0.032244,0.416754,0.506457,-0.034218,0.478357,0.729670,-0.019385,0.441732,0.686989,-0.022024,0.434406,0.726570,-0.012209,0.440782,0.763813,-0.004704,0.509406,0.721831,-0.013398,0.468681,0.703954,-0.017035,0.462969,0.735180,-0.008392,0.469611,0.769263,-0.001869,0.532696,0.723452,-0.007422,0.496509,0.716854,-0.008873,0.490160,0.744905,-0.003584,0.494115,0.772236,0.001558
1043,1694846653.720751,0,,,0.0000,0.0000,0.0000,0.0000,52.6165,3863.4115,3.1642,79.2731,164.6693,195.7379,161.2714,123.4881,75.6792,0.000000,0.527785,0.937967,-0.000000,0.457136,0.951270,-0.008931,0.402228,0.874231,-0.012643,0.389456,0.764866,-0.013027,0.405379,0.701763,-0.012983,0.435211,0.771586,-0.025901,0.419272,0.642339,-0.033131,0.415028,0.566177,-0.035931,0.411858,0.507621,-0.038691,0.477596,0.732927,-0.020395,0.436407,0.692519,-0.025401,0.430612,0.735320,-0.015882,0.439515,0.771455,-0.008320,0.507613,0.721759,-0.014593,0.464335,0.701579,-0.020673,0.458429,0.735516,-0.011379,0.466570,0.769963,-0.004012,0.529811,0.719728,-0.008974,0.491757,0.710759,-0.012397,0.485497,0.741555,-0.007191,0.491244,0.770085,-0.001829
1044,1694846653.729085,0,,,0.0000,0.0000,0.0000,0.0000,19.0818,3535.8619,3.4925,79.3372,159.2560,190.4350,156.2524,119.1840,72.7371,0.000000,0.523519,0.934859,-0.000000,0.452258,0.946617,-0.008596,0.398571,0.870604,-0.012148,0.386264,0.763486,-0.012623,0.402217,0.702241,-0.012905,0.428610,0.765607,-0.023390,0.413528,0.639831,-0.030289,0.409681,0.564303,-0.033446,0.407650,0.506207,-0.036298,0.470466,0.728172,-0.018673,0.430933,0.683029,-0.023465,0.423434,0.725262,-0.015000,0.431149,0.764577,-0.007763,0.501065,0.718032,-0.013813,0.458458,0.699216,-0.018988,0.452495,0.734799,-0.010895,0.460384,0.770519,-0.004222,0.524076,0.717010,-0.009197,0.485141,0.710148,-0.011451,0.478473,0.741548,-0.006311,0.483582,0.769950,-0.001109
1045,1694846653.737418,0,,,0.0000,0.0000,0.0000,0.0000,33.1413,3969.2177,3.0811,78.1667,152.5821,179.3399,147.0846,111.2979,65.8199,0.000000,0.520678,0.933971,-0.000000,0.449834,0.949258,-0.011031,0.394752,0.870691,-0.014436,0.383010,0.761451,-0.013933,0.398982,0.699073,-0.012831,0.425964,0.766403,-0.025962,0.409735,0.636194,-0.033592,0.403748,0.562007,-0.036836,0.399601,0.503669,-0.040101,0.468238,0.728829,-0.019503,0.428086,0.683296,-0.024621,0.422006,0.726975,-0.015221,0.431138,0.763176,-0.008016,0.498366,0.718239,-0.013245,0.455939,0.695702,-0.019379,0.450959,0.730953,-0.010132,0.459829,0.765343,-0.003156,0.520864,0.716589,-0.007551,0.482582,0.706996,-0.011963,0.476902,0.737955,-0.007574,0.482910,0.766060,-0.002982
1046,1694846653.745751,0,,,0.0000,0.0000,0.0000,0.0000,,,,,,,,,,,0.000000,0.000000,0.000000,0.000000,0.000000,0.000000,0.000000,0.000000,0.000000,0.000000,0.000000,0.000000,0.000000,0.000000,0.000000,0.000000,0.000000,0.000000,0.000000,0.000000,0.000000,0.000000,0.000000,0.000000,0.000000,0.000000,0.000000,0.000000,0.000000,0.000000,0.000000,0.000000,0.000000,0.000000,0.000000,0.000000,0.000000,0.000000,0.000000,0.000000,0.000000,0.000000,0.000000,0.000000,0.000000,0.000000,0.000000,0.000000,0.000000,0.000000,0.000000,0.000000,0.000000,0.000000,0.000000,0.000000,0.000000,0.000000,0.000000,0.000000,0.000000,0.000000,0.000000
1047,1694846653.754085,0,-19.4088,-19.4088,-12.3982,0.0000,21.3607,411.2479,,3873.7043,3.1811,116.6829,129.5893,163.3045,134.4382,101.9761,62.1971,0.000000,0.516120,0.932122,-0.000000,0.445456,0.951996,-0.011376,0.387795,0.876304,-0.014581,0.372986,0.769518,-0.014924,0.386556,0.706589,-0.014607,0.413757,0.765233,-0.020334,0.395064,0.640224,-0.027357,0.387629,0.566524,-0.030681,0.382460,0.508325,-0.034366,0.455388,0.727145,-0.015025,0.415669,0.694456,-0.022576,0.411916,0.738795,-0.015807,0.423459,0.772097,-0.009855,0.486225,0.717013,-0.010275,0.445492,0.700415,-0.019058,0.441616,0.736425,-0.010875,0.451981,0.769417,-0.003958,0.509822,0.716457,-0.006274,0.473796,0.709082,-0.012984,0.468999,0.741255,-0.009230,0.476745,0.769827,-0.004488
1048,1694846653.762418,1,34.9941,34.9941,15.6416,28.0398,23.2573,445.9882,65.0931,3884.2445,3.0023,129.2245,122.4473,154.8654,127.7260,97.5096,61.8877,0.000000,0.508266,0.922932,-0.000000,0.441783,0.949788,-0.009489,0.383479,0.878414,-0.014076,0.367746,0.772154,-0.015442,0.382290,0.709484,-0.016926,0.408369,0.773348,-0.026222,0.386914,0.647589,-0.036232,0.379181,0.568640,-0.042140,0.374858,0.508742,-0.047054,0.449874,0.730803,-0.021822,0.411216,0.691562,-0.029672,0.407545,0.735144,-0.021374,0.419010,0.769378,-0.014047,0.480459,0.718437,-0.017568,0.441008,0.702466,-0.025776,0.437354,0.739032,-0.016798,0.448243,0.771296,-0.009208,0.503145,0.715451,-0.013580,0.467081,0.711407,-0.019449,0.464230,0.743598,-0.014562,0.473059,0.767667,-0.009084
1049,1694846653.770751,1,,,0.0000,0.0000,0.0000,0.0000,,,,,,,,,,,0.000000,0.000000,0.000000,0.000000,0.000000,0.000000,0.000000,0.000000,0.000000,0.000000,0.000000,0.000000,0.000000,0.000000,0.000000,0.000000,0.000000,0.000000,0.000000,0.000000,0.000000,0.000000,0.000000,0.000000,0.000000,0.000000,0.000000,0.000000,0.000000,0.000000,0.000000,0.000000,0.000000,0.000000,0.000000,0.000000,0.000000,0.000000,0.000000,0.000000,0.000000,0.000000,0.000000,0.000000,0.000000,0.000000,0.000000,0.000000,0.000000,0.000000,0.000000,0.000000,0.000000,0.000000,0.000000,0.000000,0.000000,0.000000,0.000000,0.000000,0.000000,0.000000,0.000000
1050,1694846653.779085,1,27.2522,27.2522,13.1382,0.0000,25.6207,365.7911,,5755.9545,2.4511,143.0764,89.2055,145.7543,125.5502,102.3820,79.8767,0.000000,0.504702,0.924719,-0.000000,0.434942,0.955446,-0.010960,0.373420,0.882405,-0.014047,0.354814,0.777052,-0.014268,0.371197,0.716177,-0.014182,0.397756,0.770921,-0.021001,0.370943,0.652464,-0.028393,0.359776,0.581198,-0.032633,0.353327,0.522495,-0.037266,0.437720,0.726685,-0.016020,0.395936,0.700243,-0.023414,0.394459,0.747424,-0.016329,0.408789,0.777175,-0.010275,0.468024,0.712537,-0.011620,0.425798,0.703453,-0.019933,0.423372,0.740207,-0.011459,0.436368,0.769302,-0.004654,0.491080,0.710176,-0.007969,0.453254,0.708006,-0.014671,0.450962,0.741228,-0.010589,0.461850,0.767559,-0.005851
1051,1694846653.787418,1,-30.3908,-30.3908,-3.2819,-16.4200,26.6869,155.7254,20.9848,5417.6470,2.0160,139.6636,79.0721,140.9985,125.9731,107.1091,89.6740,0.000099,0.499835,0.925196,-0.000000,0.431407,0.955085,-0.009889,0.370742,0.885334,-0.012572,0.349744,0.785413,-0.012397,0.360065,0.726878,-0.011896,0.387729,0.777522,-0.020203,0.360303,0.659469,-0.029315,0.349041,0.586881,-0.035085,0.342103,0.528604,-0.040204,0.426427,0.731253,-0.015079,0.386494,0.695627,-0.021913,0.384270,0.739725,-0.014604,0.396261,0.772872,-0.008163,0.457196,0.714800,-0.010500,0.415525,0.702532,-0.018408,0.413327,0.737420,-0.009494,0.425219,0.768792,-0.001954,0.481459,0.710462,-0.006546,0.444857,0.705922,-0.012864,0.441935,0.737915,-0.008200,0.451422,0.765146,-0.002689
1052,1694846653.795751,1,-31.3169,-31.3169,-2.9770,0.3048,28.9037,1397.6486,2.9024,5758.6335,2.1764,139.9491,76.7930,135.4075,123.7859,109.4586,98.5401,0.002422,0.495085,0.922983,-0.000000,0.427038,0.954996,-0.010369,0.367047,0.890160,-0.012870,0.343658,0.792344,-0.012144,0.349238,0.733480,-0.010870,0.381801,0.774699,-0.022094,0.350864,0.656467,-0.030299,0.338827,0.585674,-0.034963,0.330433,0.529619,-0.039094,0.420024,0.726597,-0.016022,0.375324,0.699018,-0.020702,0.373779,0.742084,-0.012313,0.385575,0.773410,-0.005787,0.450199,0.711084,-0.010413,0.404566,0.706432,-0.016788,0.403123,0.740914,-0.007759,0.414524,0.771612,-0.000673,0.472765,0.709711,-0.005452,0.434802,0.709467,-0.010620,0.431319,0.740596,-0.005829,0.439134,0.768836,-0.000453
1053,1694846653.804085,1,-31.6017,-31.6017,-16.6489,-13.6719,30.5853,1829.7057,5.2653,4243.0594,2.2510,134.7199,72.9583,132.6807,126.7086,117.5432,110.8686,0.005212,0.489015,0.918073,-0.000000,0.421603,0.951096,-0.008983,0.361729,0.890153,-0.010492,0.336555,0.798994,-0.009546,0.338392,0.741451,-0.008405,0.373774,0.772044,-0.018949,0.341526,0.658652,-0.027944,0.327590,0.588565,-0.033538,0.318366,0.532633,-0.038244,0.411727,0.723643,-0.014624,0.367630,0.701061,-0.020732,0.367445,0.744480,-0.014197,0.381338,0.772200,-0.008807,0.442191,0.706908,-0.010892,0.397618,0.704904,-0.017578,0.397381,0.738982,-0.008943,0.410826,0.764708,-0.002261,0.465423,0.704856,-0.007936,0.428842,0.706176,-0.013010,0.427022,0.737683,-0.007934,0.437116,0.763969,-0.002440
1054,1694846653.812418,1,26.0761,26.0761,-0.2940,16.3549,28.3053,1241.6708,21.5341,5323.9382,2.0659,139.6481,64.4197,131.9463,130.0980,124.2084,121.2996,0.007642,0.482381,0.911317,-0.000000,0.416906,0.951706,-0.010232,0.356909,0.894297,-0.011197,0.329600,0.805390,-0.009130,0.325519,0.746540,-0.006727,0.368671,0.770785,-0.018813,0.333757,0.659483,-0.025460,0.318462,0.590647,-0.029067,0.308880,0.535903,-0.031984,0.405123,0.724449,-0.013142,0.359968,0.700244,-0.017857,0.357932,0.741964,-0.011053,0.371297,0.770800,-0.005117,0.434024,0.708459,-0.007952,0.387761,0.703826,-0.014523,0.385753,0.737550,-0.006928,0.398410,0.763543,-0.000413,0.455057,0.705962,-0.003393,0.416284,0.706963,-0.008347,0.413638,0.738592,-0.003375,0.423551,0.764659,0.002331
1055,1694846653.820751,1,31.8419,31.8419,15.5582,15.8522,29.4835,815.7267,21.3066,4766.1770,2.0667,132.6705,58.7355,138.3550,139.6536,135.7293,134.6605,0.011409,0.476332,0.914755,-0.000000,0.412050,0.954299,-0.009975,0.351899,0.897145,-0.011467,0.323585,0.807536,-0.010160,0.321677,0.747554,-0.008547,0.362139,0.781733,-0.018810,0.326771,0.670979,-0.026854,0.310067,0.601704,-0.031370,0.298535,0.546503,-0.035076,0.397195,0.730886,-0.013907,0.349020,0.699160,-0.019622,0.347303,0.740836,-0.013174,0.360756,0.770883,-0.007313,0.425389,0.710209,-0.009487,0.377308,0.702074,-0.016316,0.375537,0.736670,-0.007866,0.388735,0.764604,-0.000744,0.446349,0.704035,-0.005840,0.407288,0.703806,-0.011374,0.404387,0.734767,-0.006589,0.414492,0.760627,-0.001039
1056,1694846653.829085,1,41.6016,41.6016,18.2296,2.6715,32.0501,1186.1280,27.7957,5477.5107,2.3022,134.2083,51.2256,149.9566,154.8199,152.6424,151.7203,0.011287,0.475337,0.914568,-0.000000,0.410672,0.956163,-0.012490,0.347118,0.901875,-0.015230,0.317744,0.810651,-0.014464,0.317349,0.749009,-0.013243,0.359782,0.785770,-0.022571,0.320173,0.681551,-0.031814,0.300750,0.615421,-0.037328,0.285975,0.563035,-0.041978,0.393451,0.730816,-0.016570,0.340370,0.704858,-0.023040,0.340183,0.749209,-0.016306,0.354457,0.777619,-0.010480,0.419502,0.706957,-0.011229,0.367805,0.701206,-0.018396,0.365940,0.737905,-0.009110,0.379104,0.764610,-0.001748,0.438857,0.698553,-0.006921,0.396109,0.700008,-0.013453,0.391491,0.731095,-0.008877,0.400674,0.755560,-0.003538
1057,1694846653.837418,1,44.8798,44.8798,19.1204,0.8907,27.9025,1723.1760,9.9868,5534.8205,3.1029,130.3094,49.7393,162.2811,171.1441,171.0664,171.7032,0.006725,0.470003,0.914403,-0.000000,0.407486,0.956752,-0.013866,0.345817,0.908000,-0.015803,0.316276,0.824127,-0.013426,0.312572,0.766746,-0.010263,0.352873,0.787511,-0.023967,0.312573,0.686885,-0.032149,0.290382,0.624781,-0.037405,0.272384,0.577399,-0.041822,0.385136,0.733478,-0.016559,0.333845,0.705946,-0.019924,0.329847,0.741510,-0.012669,0.340033,0.769271,-0.007177,0.410794,0.710094,-0.009921,0.360605,0.702540,-0.014061,0.355644,0.732937,-0.005508,0.364918,0.759497,0.000718,0.430476,0.701746,-0.004542,0.389272,0.700655,-0.009065,0.381145,0.727215,-0.005069,0.385773,0.752725,-0.000536
1058,1694846653.845751,1,46.8052,46.8052,5.1823,-13.9381,7.9705,1988.7118,6.9902,10494.5231,2.1973,134.8356,59.6050,171.7460,183.6599,186.6124,190.0887,0.000565,0.468884,0.921747,-0.000000,0.404928,0.963064,-0.014412,0.342461,0.915115,-0.016189,0.312097,0.831782,-0.013633,0.304136,0.776821,-0.010171,0.346565,0.792568,-0.024016,0.301792,0.695929,-0.031411,0.278920,0.636594,-0.036336,0.259936,0.590769,-0.040843,0.378238,0.738830,-0.015744,0.326386,0.715522,-0.017196,0.323362,0.751469,-0.009297,0.332402,0.778936,-0.004078,0.404063,0.716258,-0.008281,0.353563,0.713092,-0.010952,0.349916,0.744925,-0.001981,0.358948,0.771937,0.003918,0.423864,0.709500,-0.002239,0.382249,0.710487,-0.006465,0.373802,0.738154,-0.002920,0.377436,0.763795,0.001041
1059,1694846653.854085,0,-49.4123,-49.4123,-20.3135,-25.4958,36.6416,2678.9484,4.0261,5661.6029,2.7116,104.0802,81.2223,187.0266,202.3391,207.9250,213.3518,0.000000,0.464859,0.920556,-0.000000,0.402214,0.966345,-0.013550,0.338200,0.923323,-0.015758,0.305989,0.839984,-0.013812,0.298487,0.782475,-0.010841,0.339815,0.800154,-0.023320,0.289132,0.707822,-0.030668,0.263325,0.651251,-0.034572,0.243379,0.607791,-0.037902,0.370456,0.743101,-0.015565,0.317262,0.716259,-0.017450,0.315598,0.751297,-0.009498,0.326748,0.779415,-0.003846,0.396002,0.717120,-0.008560,0.344658,0.710211,-0.013070,0.342256,0.742704,-0.005181,0.352950,0.770341,0.000613,0.415825,0.706259,-0.002581,0.372622,0.706330,-0.007767,0.366009,0.735053,-0.004465,0.371572,0.761433,-0.000516
1060,1694846653.862418,0,53.6050,53.6050,3.0008,23.3144,38.6538,2339.1234,24.6795,5991.1355,2.8432,68.1250,95.1753,199.5147,216.7332,223.2870,229.5291,0.000000,0.460716,0.921374,-0.000000,0.397755,0.967239,-0.013730,0.332128,0.927069,-0.015949,0.299557,0.842799,-0.013556,0.294809,0.784837,-0.010063,0.333385,0.802711,-0.025876,0.278457,0.714644,-0.034134,0.251523,0.659330,-0.038539,0.231094,0.616078,-0.041988,0.363615,0.745463,-0.017190,0.310392,0.720992,-0.018530,0.311441,0.758654,-0.009036,0.324899,0.788497,-0.002398,0.389182,0.719555,-0.009315,0.339922,0.716175,-0.014282,0.340067,0.750277,-0.007025,0.352938,0.778880,-0.001431,0.409545,0.707939,-0.002231,0.368966,0.708336,-0.007588,0.364984,0.738486,-0.004709,0.372831,0.765793,-0.001092
1061,1694846653.870751,0,,,0.0000,0.0000,0.0000,0.0000,,,,,,,,,,,0.000000,0.000000,0.000000,0.000000,0.000000,0.000000,0.000000,0.000000,0.000000,0.000000,0.000000,0.000000,0.000000,0.000000,0.000000,0.000000,0.000000,0.000000,0.000000,0.000000,0.000000,0.000000,0.000000,0.000000,0.000000,0.000000,0.000000,0.000000,0.000000,0.000000,0.000000,0.000000,0.000000,0.000000,0.000000,0.000000,0.000000,0.000000,0.000000,0.000000,0.000000,0.000000,0.000000,0.000000,0.000000,0.000000,0.000000,0.000000,0.000000,0.000000,0.000000,0.000000,0.000000,0.000000,0.000000,0.000000,0.000000,0.000000,0.000000,0.000000,0.000000,0.000000,0.000000
1062,1694846653.879085,0,,,0.0000,0.0000,0.0000,0.0000,,,,,,,,,,,0.000000,0.000000,0.000000,0.000000,0.000000,0.000000,0.000000,0.000000,0.000000,0.000000,0.000000,0.000000,0.000000,0.000000,0.000000,0.000000,0.000000,0.000000,0.000000,0.000000,0.000000,0.000000,0.000000,0.000000,0.000000,0.000000,0.000000,0.000000,0.000000,0.000000,0.000000,0.000000,0.000000,0.000000,0.000000,0.000000,0.000000,0.000000,0.000000,0.000000,0.000000,0.000000,0.000000,0.000000,0.000000,0.000000,0.000000,0.000000,0.000000,0.000000,0.000000,0.000000,0.000000,0.000000,0.000000,0.000000,0.000000,0.000000,0.000000,0.000000,0.000000,0.000000,0.000000
1063,1694846653.887418,0,,,0.0000,0.0000,0.0000,0.0000,,,,,,,,,,,0.000000,0.000000,0.000000,0.000000,0.000000,0.000000,0.000000,0.000000,0.000000,0.000000,0.000000,0.000000,0.000000,0.000000,0.000000,0.000000,0.000000,0.000000,0.000000,0.000000,0.000000,0.000000,0.000000,0.000000,0.000000,0.000000,0.000000,0.000000,0.000000,0.000000,0.000000,0.000000,0.000000,0.000000,0.000000,0.000000,0.000000,0.000000,0.000000,0.000000,0.000000,0.000000,0.000000,0.000000,0.000000,0.000000,0.000000,0.000000,0.000000,0.000000,0.000000,0.000000,0.000000,0.000000,0.000000,0.000000,0.000000,0.000000,0.000000,0.000000,0.000000,0.000000,0.000000
1064,1694846653.895751,0,,,0.0000,0.0000,0.0000,0.0000,,,,,,,,,,,0.000000,0.000000,0.000000,0.000000,0.000000,0.000000,0.000000,0.000000,0.000000,0.000000,0.000000,0.000000,0.000000,0.000000,0.000000,0.000000,0.000000,0.000000,0.000000,0.000000,0.000000,0.000000,0.000000,0.000000,0.000000,0.000000,0.000000,0.000000,0.000000,0.000000,0.000000,0.000000,0.000000,0.000000,0.000000,0.000000,0.000000,0.000000,0.000000,0.000000,0.000000,0.000000,0.000000,0.000000,0.000000,0.000000,0.000000,0.000000,0.000000,0.000000,0.000000,0.000000,0.000000,0.000000,0.000000,0.000000,0.000000,0.000000,0.000000,0.000000,0.000000,0.000000,0.000000
1065,1694846653.904085,0,,,0.0000,0.0000,0.0000,0.0000,,,,,,,,,,,0.000000,0.000000,0.000000,0.000000,0.000000,0.000000,0.000000,0.000000,0.000000,0.000000,0.000000,0.000000,0.000000,0.000000,0.000000,0.000000,0.000000,0.000000,0.000000,0.000000,0.000000,0.000000,0.000000,0.000000,0.000000,0.000000,0.000000,0.000000,0.000000,0.000000,0.000000,0.000000,0.000000,0.000000,0.000000,0.000000,0.000000,0.000000,0.000000,0.000000,0.000000,0.000000,0.000000,0.000000,0.000000,0.000000,0.000000,0.000000,0.000000,0.000000,0.000000,0.000000,0.000000,0.000000,0.000000,0.000000,0.000000,0.000000,0.000000,0.000000,0.000000,0.000000,0.000000
1066,1694846653.912418,0,,,0.0000,0.0000,0.0000,0.0000,,,,,,,,,,,0.000000,0.000000,0.000000,0.000000,0.000000,0.000000,0.000000,0.000000,0.000000,0.000000,0.000000,0.000000,0.000000,0.000000,0.000000,0.000000,0.000000,0.000000,0.000000,0.000000,0.000000,0.000000,0.000000,0.000000,0.000000,0.000000,0.000000,0.000000,0.000000,0.000000,0.000000,0.000000,0.000000,0.000000,0.000000,0.000000,0.000000,0.000000,0.000000,0.000000,0.000000,0.000000,0.000000,0.000000,0.000000,0.000000,0.000000,0.000000,0.000000,0.000000,0.000000,0.000000,0.000000,0.000000,0.000000,0.000000,0.000000,0.000000,0.000000,0.000000,0.000000,0.000000,0.000000
1067,1694846653.920751,0,,,0.0000,0.0000,0.0000,0.0000,,,,,,,,,,,0.000000,0.000000,0.000000,0.000000,0.000000,0.000000,0.000000,0.000000,0.000000,0.000000,0.000000,0.000000,0.000000,0.000000,0.000000,0.000000,0.000000,0.000000,0.000000,0.000000,0.000000,0.000000,0.000000,0.000000,0.000000,0.000000,0.000000,0.000000,0.000000,0.000000,0.000000,0.000000,0.000000,0.000000,0.000000,0.000000,0.000000,0.000000,0.000000,0.000000,0.000000,0.000000,0.000000,0.000000,0.000000,0.000000,0.000000,0.000000,0.000000,0.000000,0.000000,0.000000,0.000000,0.000000,0.000000,0.000000,0.000000,0.000000,0.000000,0.000000,0.000000,0.000000,0.000000
1068,1694846653.929085,0,,,0.0000,0.0000,0.0000,0.0000,,,,,,,,,,,0.000000,0.000000,0.000000,0.000000,0.000000,0.000000,0.000000,0.000000,0.000000,0.000000,0.000000,0.000000,0.000000,0.000000,0.000000,0.000000,0.000000,0.000000,0.000000,0.000000,0.000000,0.000000,0.000000,0.000000,0.000000,0.000000,0.000000,0.000000,0.000000,0.000000,0.000000,0.000000,0.000000,0.000000,0.000000,0.000000,0.000000,0.000000,0.000000,0.000000,0.000000,0.000000,0.000000,0.000000,0.000000,0.000000,0.000000,0.000000,0.000000,0.000000,0.000000,0.000000,0.000000,0.000000,0.000000,0.000000,0.000000,0.000000,0.000000,0.000000,0.000000,0.000000,0.000000
1069,1694846653.937418,0,,,0.0000,0.0000,0.0000,0.0000,,,,,,,,,,,0.000000,0.000000,0.000000,0.000000,0.000000,0.000000,0.000000,0.000000,0.000000,0.000000,0.000000,0.000000,0.000000,0.000000,0.000000,0.000000,0.000000,0.000000,0.000000,0.000000,0.000000,0.000000,0.000000,0.000000,0.000000,0.000000,0.000000,0.000000,0.000000,0.000000,0.000000,0.000000,0.000000,0.000000,0.000000,0.000000,0.000000,0.000000,0.000000,0.000000,0.000000,0.000000,0.000000,0.000000,0.000000,0.000000,0.000000,0.000000,0.000000,0.000000,0.000000,0.000000,0.000000,0.000000,0.000000,0.000000,0.000000,0.000000,0.000000,0.000000,0.000000,0.000000,0.000000
1070,1694846653.945751,0,,,0.0000,0.0000,0.0000,0.0000,,,,,,,,,,,0.000000,0.000000,0.000000,0.000000,0.000000,0.000000,0.000000,0.000000,0.000000,0.000000,0.000000,0.000000,0.000000,0.000000,0.000000,0.000000,0.000000,0.000000,0.000000,0.000000,0.000000,0.000000,0.000000,0.000000,0.000000,0.000000,0.000000,0.000000,0.000000,0.000000,0.000000,0.000000,0.000000,0.000000,0.000000,0.000000,0.000000,0.000000,0.000000,0.000000,0.000000,0.000000,0.000000,0.000000,0.000000,0.000000,0.000000,0.000000,0.000000,0.000000,0.000000,0.000000,0.000000,0.000000,0.000000,0.000000,0.000000,0.000000,0.000000,0.000000,0.000000,0.000000,0.000000
1071,1694846653.954085,0,,,0.0000,0.0000,0.0000,0.0000,,,,,,,,,,,0.000000,0.000000,0.000000,0.000000,0.000000,0.000000,0.000000,0.000000,0.000000,0.000000,0.000000,0.000000,0.000000,0.000000,0.000000,0.000000,0.000000,0.000000,0.000000,0.000000,0.000000,0.000000,0.000000,0.000000,0.000000,0.000000,0.000000,0.000000,0.000000,0.000000,0.000000,0.000000,0.000000,0.000000,0.000000,0.000000,0.000000,0.000000,0.000000,0.000000,0.000000,0.000000,0.000000,0.000000,0.000000,0.000000,0.000000,0.000000,0.000000,0.000000,0.000000,0.000000,0.000000,0.000000,0.000000,0.000000,0.000000,0.000000,0.000000,0.000000,0.000000,0.000000,0.000000
1072,1694846653.962418,0,,,0.0000,0.0000,0.0000,0.0000,,,,,,,,,,,0.000000,0.000000,0.000000,0.000000,0.000000,0.000000,0.000000,0.000000,0.000000,0.000000,0.000000,0.000000,0.000000,0.000000,0.000000,0.000000,0.000000,0.000000,0.000000,0.000000,0.000000,0.000000,0.000000,0.000000,0.000000,0.000000,0.000000,0.000000,0.000000,0.000000,0.000000,0.000000,0.000000,0.000000,0.000000,0.000000,0.000000,0.000000,0.000000,0.000000,0.000000,0.000000,0.000000,0.000000,0.000000,0.000000,0.000000,0.000000,0.000000,0.000000,0.000000,0.000000,0.000000,0.000000,0.000000,0.000000,0.000000,0.000000,0.000000,0.000000,0.000000,0.000000,0.000000
1073,1694846653.970751,0,,,0.0000,0.0000,0.0000,0.0000,,,,,,,,,,,0.000000,0.000000,0.000000,0.000000,0.000000,0.000000,0.000000,0.000000,0.000000,0.000000,0.000000,0.000000,0.000000,0.000000,0.000000,0.000000,0.000000,0.000000,0.000000,0.000000,0.000000,0.000000,0.000000,0.000000,0.000000,0.000000,0.000000,0.000000,0.000000,0.000000,0.000000,0.000000,0.000000,0.000000,0.000000,0.000000,0.000000,0.000000,0.000000,0.000000,0.000000,0.000000,0.000000,0.000000,0.000000,0.000000,0.000000,0.000000,0.000000,0.000000,0.000000,0.000000,0.000000,0.000000,0.000000,0.000000,0.000000,0.000000,0.000000,0.000000,0.000000,0.000000,0.000000
1074,1694846653.979085,0,,,0.0000,0.0000,0.0000,0.0000,,,,,,,,,,,0.000000,0.000000,0.000000,0.000000,0.000000,0.000000,0.000000,0.000000,0.000000,0.000000,0.000000,0.000000,0.000000,0.000000,0.000000,0.000000,0.000000,0.000000,0.000000,0.000000,0.000000,0.000000,0.000000,0.000000,0.000000,0.000000,0.000000,0.000000,0.000000,0.000000,0.000000,0.000000,0.000000,0.000000,0.000000,0.000000,0.000000,0.000000,0.000000,0.000000,0.000000,0.000000,0.000000,0.000000,0.000000,0.000000,0.000000,0.000000,0.000000,0.000000,0.000000,0.000000,0.000000,0.000000,0.000000,0.000000,0.000000,0.000000,0.000000,0.000000,0.000000,0.000000,0.000000
1075,1694846653.987418,0,,,0.0000,0.0000,0.0000,0.0000,,,,,,,,,,,0.000000,0.000000,0.000000,0.000000,0.000000,0.000000,0.000000,0.000000,0.000000,0.000000,0.000000,0.000000,0.000000,0.000000,0.000000,0.000000,0.000000,0.000000,0.000000,0.000000,0.000000,0.000000,0.000000,0.000000,0.000000,0.000000,0.000000,0.000000,0.000000,0.000000,0.000000,0.000000,0.000000,0.000000,0.000000,0.000000,0.000000,0.000000,0.000000,0.000000,0.000000,0.000000,0.000000,0.000000,0.000000,0.000000,0.000000,0.000000,0.000000,0.000000,0.000000,0.000000,0.000000,0.000000,0.000000,0.000000,0.000000,0.000000,0.000000,0.000000,0.000000,0.000000,0.000000
1076,1694846653.995751,0,,,0.0000,0.0000,0.0000,0.0000,,,,,,,,,,,0.000000,0.000000,0.000000,0.000000,0.000000,0.000000,0.000000,0.000000,0.000000,0.000000,0.000000,0.000000,0.000000,0.000000,0.000000,0.000000,0.000000,0.000000,0.000000,0.000000,0.000000,0.000000,0.000000,0.000000,0.000000,0.000000,0.000000,0.000000,0.000000,0.000000,0.000000,0.000000,0.000000,0.000000,0.000000,0.000000,0.000000,0.000000,0.000000,0.000000,0.000000,0.000000,0.000000,0.000000,0.000000,0.000000,0.000000,0.000000,0.000000,0.000000,0.000000,0.000000,0.000000,0.000000,0.000000,0.000000,0.000000,0.000000,0.000000,0.000000,0.000000,0.000000,0.000000
1077,1694846654.004085,0,,,0.0000,0.0000,0.0000,0.0000,,,,,,,,,,,0.000000,0.000000,0.000000,0.000000,0.000000,0.000000,0.000000,0.000000,0.000000,0.000000,0.000000,0.000000,0.000000,0.000000,0.000000,0.000000,0.000000,0.000000,0.000000,0.000000,0.000000,0.000000,0.000000,0.000000,0.000000,0.000000,0.000000,0.000000,0.000000,0.000000,0.000000,0.000000,0.000000,0.000000,0.000000,0.000000,0.000000,0.000000,0.000000,0.000000,0.000000,0.000000,0.000000,0.000000,0.000000,0.000000,0.000000,0.000000,0.000000,0.000000,0.000000,0.000000,0.000000,0.000000,0.000000,0.000000,0.000000,0.000000,0.000000,0.000000,0.000000,0.000000,0.000000
1078,1694846654.012418,0,,,0.0000,0.0000,0.0000,0.0000,,,,,,,,,,,0.000000,0.000000,0.000000,0.000000,0.000000,0.000000,0.000000,0.000000,0.000000,0.000000,0.000000,0.000000,0.000000,0.000000,0.000000,0.000000,0.000000,0.000000,0.000000,0.000000,0.000000,0.000000,0.000000,0.000000,0.000000,0.000000,0.000000,0.000000,0.000000,0.000000,0.000000,0.000000,0.000000,0.000000,0.000000,0.000000,0.000000,0.000000,0.000000,0.000000,0.000000,0.000000,0.000000,0.000000,0.000000,0.000000,0.000000,0.000000,0.000000,0.000000,0.000000,0.000000,0.000000,0.000000,0.000000,0.000000,0.000000,0.000000,0.000000,0.000000,0.000000,0.000000,0.000000
1079,1694846654.020751,0,,,0.0000,0.0000,0.0000,0.0000,,,,,,,,,,,0.000000,0.000000,0.000000,0.000000,0.000000,0.000000,0.000000,0.000000,0.000000,0.000000,0.000000,0.000000,0.000000,0.000000,0.000000,0.000000,0.000000,0.000000,0.000000,0.000000,0.000000,0.000000,0.000000,0.000000,0.000000,0.000000,0.000000,0.000000,0.000000,0.000000,0.000000,0.000000,0.000000,0.000000,0.000000,0.000000,0.000000,0.000000,0.000000,0.000000,0.000000,0.000000,0.000000,0.000000,0.000000,0.000000,0.000000,0.000000,0.000000,0.000000,0.000000,0.000000,0.000000,0.000000,0.000000,0.000000,0.000000,0.000000,0.000000,0.000000,0.000000,0.000000,0.000000
1080,1694846654.029085,0,,,0.0000,0.0000,0.0000,0.0000,,,,,,,,,,,0.000000,0.000000,0.000000,0.000000,0.000000,0.000000,0.000000,0.000000,0.000000,0.000000,0.000000,0.000000,0.000000,0.000000,0.000000,0.000000,0.000000,0.000000,0.000000,0.000000,0.000000,0.000000,0.000000,0.000000,0.000000,0.000000,0.000000,0.000000,0.000000,0.000000,0.000000,0.000000,0.000000,0.000000,0.000000,0.000000,0.000000,0.000000,0.000000,0.000000,0.000000,0.000000,0.000000,0.000000,0.000000,0.000000,0.000000,0.000000,0.000000,0.000000,0.000000,0.000000,0.000000,0.000000,0.000000,0.000000,0.000000,0.000000,0.000000,0.000000,0.000000,0.000000,0.000000
1081,1694846654.037418,0,,,0.0000,0.0000,0.0000,0.0000,,,,,,,,,,,0.000000,0.000000,0.000000,0.000000,0.000000,0.000000,0.000000,0.000000,0.000000,0.000000,0.000000,0.000000,0.000000,0.000000,0.000000,0.000000,0.000000,0.000000,0.000000,0.000000,0.000000,0.000000,0.000000,0.000000,0.000000,0.000000,0.000000,0.000000,0.000000,0.000000,0.000000,0.000000,0.000000,0.000000,0.000000,0.000000,0.000000,0.000000,0.000000,0.000000,0.000000,0.000000,0.000000,0.000000,0.000000,0.000000,0.000000,0.000000,0.000000,0.000000,0.000000,0.000000,0.000000,0.000000,0.000000,0.000000,0.000000,0.000000,0.000000,0.000000,0.000000,0.000000,0.000000
1082,1694846654.045751,0,-69.7329,-69.7329,-28.6532,0.0000,53.3778,430.3694,,5494.8530,2.6866,114.9861,102.9212,173.0918,192.1553,201.5366,212.3549,0.002753,0.462901,0.946305,-0.000000,0.394041,0.981978,-0.015367,0.329601,0.939163,-0.022578,0.296024,0.851340,-0.025055,0.292685,0.790223,-0.026846,0.333820,0.821677,-0.037317,0.280117,0.708095,-0.050086,0.255885,0.641823,-0.055763,0.237903,0.588209,-0.059766,0.367861,0.762027,-0.028457,0.315232,0.720140,-0.034011,0.315766,0.759641,-0.024280,0.327599,0.795225,-0.017218,0.397265,0.731308,-0.019726,0.346862,0.712648,-0.026787,0.348338,0.748850,-0.017681,0.360883,0.784253,-0.010616,0.420876,0.714004,-0.011755,0.377647,0.706016,-0.019130,0.373987,0.739320,-0.015786,0.381825,0.769420,-0.011222
1083,1694846654.054085,0,,,0.0000,0.0000,0.0000,0.0000,,,,,,,,,,,0.000000,0.000000,0.000000,0.000000,0.000000,0.000000,0.000000,0.000000,0.000000,0.000000,0.000000,0.000000,0.000000,0.000000,0.000000,0.000000,0.000000,0.000000,0.000000,0.000000,0.000000,0.000000,0.000000,0.000000,0.000000,0.000000,0.000000,0.000000,0.000000,0.000000,0.000000,0.000000,0.000000,0.000000,0.000000,0.000000,0.000000,0.000000,0.000000,0.000000,0.000000,0.000000,0.000000,0.000000,0.000000,0.000000,0.000000,0.000000,0.000000,0.000000,0.000000,0.000000,0.000000,0.000000,0.000000,0.000000,0.000000,0.000000,0.000000,0.000000,0.000000,0.000000,0.000000
1084,1694846654.062418,0,-58.8767,-58.8767,-26.4205,0.0000,54.0929,425.8209,,9806.2393,1.6053,129.7230,85.4128,164.7131,182.0232,188.7316,198.1036,0.001893,0.464552,0.940366,-0.000000,0.396507,0.974187,-0.013961,0.332970,0.926366,-0.019289,0.304619,0.834644,-0.020294,0.303613,0.770649,-0.020700,0.341032,0.809921,-0.031848,0.292032,0.699334,-0.042401,0.268312,0.632481,-0.047732,0.248972,0.580438,-0.052227,0.376238,0.752201,-0.025165,0.322653,0.711954,-0.030671,0.321022,0.749535,-0.022314,0.332060,0.784755,-0.016094,0.405090,0.725071,-0.018798,0.353628,0.712051,-0.025315,0.353215,0.745861,-0.016438,0.365388,0.779887,-0.009825,0.427230,0.711895,-0.013390,0.383358,0.710668,-0.020424,0.378635,0.743527,-0.017114,0.385690,0.772875,-0.012894
1085,1694846654.070751,1,51.5562,51.5562,25.2421,51.6626,55.2096,475.7212,52.0939,10966.8952,2.5317,132.2361,71.5949,159.9528,174.3610,178.5632,186.4689,0.005921,0.465436,0.931161,-0.000000,0.398957,0.966543,-0.010438,0.337369,0.918224,-0.013243,0.307557,0.831257,-0.012133,0.300100,0.771459,-0.010596,0.345348,0.801696,-0.027872,0.296920,0.693567,-0.037382,0.274558,0.628688,-0.042258,0.256324,0.578349,-0.045787,0.380473,0.745179,-0.021506,0.326228,0.707295,-0.024960,0.323268,0.744582,-0.015795,0.333566,0.777866,-0.008798,0.409563,0.719241,-0.015225,0.356314,0.707386,-0.020379,0.353546,0.741054,-0.011947,0.364408,0.772960,-0.005325,0.432144,0.706333,-0.009352,0.388086,0.703831,-0.014181,0.380411,0.735293,-0.010011,0.385219,0.763696,-0.005206
1086,1694846654.079085,1,48.3966,48.3966,-1.3021,-26.5442,56.7070,294.6097,7.9647,8818.1382,1.6688,134.0193,72.5587,149.1749,163.4440,168.2929,176.4417,0.012656,0.468751,0.931827,-0.000000,0.401663,0.964080,-0.009182,0.340060,0.909448,-0.011261,0.311544,0.819469,-0.009595,0.306304,0.759650,-0.007696,0.346985,0.794815,-0.026194,0.301051,0.683844,-0.035770,0.279725,0.617122,-0.041427,0.262353,0.565980,-0.045660,0.383273,0.741059,-0.020114,0.331667,0.699431,-0.022433,0.329371,0.736978,-0.012571,0.339746,0.772665,-0.005250,0.413639,0.718846,-0.014161,0.362956,0.707265,-0.018245,0.362054,0.740509,-0.009302,0.373997,0.773657,-0.002638,0.437554,0.709336,-0.008605,0.396056,0.707595,-0.012637,0.391338,0.740211,-0.007964,0.398555,0.769249,-0.003052
1087,1694846654.087418,1,-48.0320,-48.0320,5.4252,6.7273,53.7778,842.1094,8.0592,4390.4310,1.7875,139.2215,68.8093,141.6223,154.2881,158.5252,165.8442,0.016553,0.469831,0.934219,-0.000000,0.401457,0.960920,-0.010233,0.340473,0.901812,-0.012222,0.314587,0.809414,-0.010293,0.313581,0.749487,-0.007852,0.350277,0.785082,-0.025505,0.305827,0.674594,-0.035013,0.284750,0.607649,-0.041035,0.267599,0.555951,-0.045725,0.388114,0.733997,-0.019118,0.336664,0.692959,-0.020880,0.333830,0.731253,-0.010951,0.344008,0.767348,-0.003902,0.419071,0.715489,-0.013158,0.368419,0.700977,-0.017861,0.366684,0.734591,-0.009265,0.378040,0.767723,-0.002758,0.443500,0.710194,-0.007661,0.401824,0.703999,-0.012335,0.396069,0.735799,-0.007766,0.402652,0.766437,-0.002942
1088,1694846654.095751,1,-38.1783,-38.1783,5.1746,-0.2506,48.6291,1061.8865,72.7735,4322.1548,2.3029,132.8519,69.7642,137.4516,148.6918,152.2273,158.9465,0.018517,0.472956,0.928896,-0.000000,0.404622,0.956896,-0.007478,0.344887,0.896801,-0.007709,0.318415,0.806139,-0.004687,0.314104,0.746481,-0.001348,0.352730,0.781358,-0.021273,0.308778,0.670826,-0.029072,0.288257,0.604727,-0.033626,0.272005,0.553718,-0.037065,0.390016,0.731222,-0.015725,0.341670,0.685868,-0.016660,0.338977,0.724431,-0.006474,0.348996,0.763313,0.001297,0.421697,0.713160,-0.010391,0.373896,0.699582,-0.014164,0.372608,0.733941,-0.006018,0.384363,0.768382,0.000447,0.447224,0.706903,-0.005231,0.408805,0.703019,-0.008326,0.404460,0.735654,-0.003508,0.412090,0.766012,0.001464
1089,1694846654.104085,1,-40.5518,-40.5518,-23.0270,-28.2016,45.3114,2298.2105,30.0109,4296.4113,2.5437,136.3457,71.4040,136.6315,147.0300,149.4453,155.3188,0.019946,0.475877,0.926711,-0.000000,0.405932,0.955798,-0.005899,0.346467,0.892188,-0.006164,0.319970,0.800499,-0.003260,0.317334,0.741951,-0.000469,0.355914,0.780444,-0.023185,0.311839,0.668137,-0.031882,0.290204,0.600891,-0.037113,0.273298,0.548514,-0.041037,0.394565,0.728456,-0.018160,0.345438,0.683630,-0.019872,0.341861,0.724832,-0.009274,0.352416,0.765373,-0.001086,0.427530,0.710377,-0.012902,0.379830,0.698891,-0.017256,0.378498,0.732683,-0.008648,0.391780,0.767824,-0.001707,0.453703,0.705242,-0.007492,0.416027,0.701830,-0.011084,0.413020,0.735109,-0.005670,0.422589,0.766424,-0.000142
1090,1694846654.112418,1,40.3643,40.3643,-2.0081,21.0189,42.6422,842.5913,0.9070,5225.6044,3.0581,137.8441,68.1816,134.6239,143.3711,145.1294,150.4372,0.018005,0.481262,0.917477,-0.000000,0.411857,0.953318,-0.009186,0.349880,0.890426,-0.011270,0.323991,0.794949,-0.009919,0.328877,0.734046,-0.008651,0.362539,0.780653,-0.023946,0.318164,0.670857,-0.032347,0.296488,0.603101,-0.037649,0.280220,0.548750,-0.042191,0.400302,0.727559,-0.018647,0.350861,0.685152,-0.022820,0.348474,0.728059,-0.014139,0.361270,0.766720,-0.006774,0.432554,0.707739,-0.013310,0.384894,0.696085,-0.018741,0.382958,0.732389,-0.009923,0.396889,0.766514,-0.002688,0.458249,0.701834,-0.008365,0.420114,0.698861,-0.012437,0.417331,0.731719,-0.006948,0.428315,0.760093,-0.001327
1091,1694846654.120751,1,-41.5821,-41.5821,1.6125,3.6206,33.1411,579.0036,8.6971,5323.3516,2.1193,141.0008,66.4131,131.0002,137.5322,137.7662,141.6754,0.015903,0.486156,0.921027,-0.000000,0.415914,0.949742,-0.008851,0.353649,0.884904,-0.011593,0.328157,0.787069,-0.010946,0.332605,0.726590,-0.010266,0.367581,0.777146,-0.025553,0.322919,0.663692,-0.034920,0.301872,0.596465,-0.040414,0.285871,0.542483,-0.045027,0.406820,0.725222,-0.020074,0.357352,0.679523,-0.023687,0.356078,0.722971,-0.013437,0.368829,0.760868,-0.005363,0.439718,0.707164,-0.014656,0.391883,0.693205,-0.020699,0.391242,0.729078,-0.011582,0.405520,0.761606,-0.004208,0.465897,0.701554,-0.009405,0.427724,0.695256,-0.014549,0.425037,0.729126,-0.009470,0.435824,0.758017,-0.004196
1092,1694846654.129085,1,38.1589,38.1589,19.0843,17.4718,38.9030,1071.4641,21.0901,4121.2800,2.2743,133.6597,60.8434,135.3721,135.2815,131.5230,130.4000,0.009202,0.485027,0.917730,-0.000000,0.417736,0.946221,-0.009494,0.357609,0.877452,-0.012405,0.337381,0.780230,-0.012121,0.346531,0.723647,-0.011820,0.374515,0.780059,-0.023766,0.332236,0.667393,-0.032763,0.312943,0.599966,-0.037818,0.299464,0.546539,-0.042141,0.413603,0.729396,-0.019170,0.367436,0.681778,-0.026447,0.364796,0.725040,-0.019247,0.376812,0.763279,-0.012100,0.445998,0.710753,-0.014629,0.400687,0.696299,-0.022952,0.398511,0.733092,-0.015154,0.411742,0.766162,-0.007821,0.471889,0.704599,-0.010345,0.435206,0.699359,-0.016577,0.432233,0.731841,-0.011749,0.442874,0.758697,-0.006209
1093,1694846654.137418,1,-39.4348,-39.4348,0.2793,-18.8050,39.0984,980.2379,3.9270,4245.4040,1.6430,130.4637,65.5861,133.5376,128.8545,120.2644,114.1463,0.004992,0.489751,0.922536,-0.000000,0.423113,0.945656,-0.009839,0.364629,0.876545,-0.013164,0.344454,0.780224,-0.013332,0.350174,0.724021,-0.013462,0.381287,0.771500,-0.022991,0.344904,0.663876,-0.033039,0.327684,0.596393,-0.039873,0.314912,0.542527,-0.045468,0.420706,0.724474,-0.018360,0.377021,0.680881,-0.024744,0.374180,0.723399,-0.017675,0.384811,0.759234,-0.011329,0.453230,0.708396,-0.013979,0.409206,0.691025,-0.021865,0.405398,0.727217,-0.013415,0.416189,0.760444,-0.006112,0.479406,0.705177,-0.009968,0.443373,0.697614,-0.016179,0.438032,0.730025,-0.010852,0.446085,0.758083,-0.005034
1094,1694846654.145751,1,36.3429,36.3429,-1.0053,-1.2846,38.6295,1394.9026,10.3356,5703.2801,1.9655,139.2400,81.4203,128.9135,117.7877,104.1032,93.6191,0.002492,0.496298,0.926352,-0.000000,0.428442,0.948971,-0.008073,0.370619,0.878820,-0.010954,0.349805,0.780219,-0.010867,0.354981,0.721843,-0.010727,0.388000,0.771143,-0.023315,0.355791,0.654439,-0.033144,0.341012,0.585059,-0.039108,0.330458,0.528570,-0.044012,0.428206,0.725040,-0.018540,0.385260,0.685326,-0.023549,0.383561,0.732139,-0.014404,0.395741,0.766712,-0.007139,0.461218,0.710090,-0.013859,0.417135,0.695005,-0.021164,0.414735,0.733637,-0.011421,0.426761,0.766035,-0.003482,0.487734,0.707421,-0.009296,0.450879,0.699095,-0.014604,0.446517,0.733669,-0.008523,0.455389,0.762430,-0.002312
1095,1694846654.154085,1,24.7217,24.7217,16.5759,17.5813,36.3482,519.6443,37.8849,6400.6903,2.4862,135.7145,80.4746,139.5527,123.1067,103.6039,85.5911,0.000001,0.501920,0.925096,-0.000000,0.433862,0.948303,-0.008443,0.375885,0.878371,-0.010869,0.357706,0.779628,-0.010947,0.370971,0.724250,-0.010851,0.397544,0.763922,-0.018201,0.368796,0.656005,-0.025521,0.353757,0.588149,-0.030559,0.343209,0.531926,-0.035714,0.437700,0.721998,-0.014712,0.399511,0.696373,-0.020905,0.398722,0.743113,-0.014258,0.412458,0.774831,-0.008562,0.470000,0.710211,-0.011514,0.431004,0.701737,-0.019385,0.428243,0.738781,-0.011155,0.440871,0.768645,-0.004292,0.495401,0.710576,-0.008766,0.461275,0.707410,-0.014811,0.458927,0.739921,-0.009906,0.470185,0.765767,-0.004520
1096,1694846654.162418,1,29.0756,29.0756,-2.2708,-18.8468,29.0144,1400.0685,10.1472,6836.5215,2.0815,136.5903,89.5120,142.5453,123.7147,101.5821,80.3691,0.000000,0.508063,0.928607,-0.000000,0.440040,0.950579,-0.008859,0.381961,0.876968,-0.010388,0.365324,0.776409,-0.008354,0.380956,0.722017,-0.005971,0.405821,0.766325,-0.022586,0.376441,0.653720,-0.029374,0.361222,0.585958,-0.033488,0.350590,0.529910,-0.037918,0.446755,0.723674,-0.017386,0.403988,0.690787,-0.020718,0.401238,0.739250,-0.011102,0.413925,0.772523,-0.003844,0.477588,0.711832,-0.012362,0.434082,0.700955,-0.017365,0.429846,0.739435,-0.008379,0.441400,0.769656,-0.001742,0.501106,0.712260,-0.007748,0.463694,0.710600,-0.011488,0.459979,0.742864,-0.006592,0.469587,0.768213,-0.001936
1097,1694846654.170751,1,30.2786,30.2786,17.4284,19.6992,28.0627,1604.0991,3.7439,5229.2224,1.7539,147.2022,99.1733,142.1787,120.0681,95.5724,71.0553,0.000000,0.513269,0.927762,-0.000000,0.445050,0.949308,-0.008707,0.387269,0.877869,-0.011486,0.370067,0.776146,-0.011202,0.384621,0.717650,-0.010670,0.411262,0.763668,-0.023163,0.382184,0.646251,-0.030480,0.368250,0.577021,-0.035074,0.358446,0.520427,-0.039928,0.452385,0.722876,-0.018410,0.411253,0.691056,-0.023171,0.409414,0.738058,-0.014653,0.422310,0.771233,-0.008330,0.484010,0.713108,-0.013615,0.442117,0.700378,-0.019524,0.438831,0.737547,-0.010040,0.450985,0.769312,-0.003149,0.508075,0.715052,-0.009261,0.471884,0.709712,-0.014382,0.468845,0.742454,-0.009413,0.479357,0.769164,-0.004389
1098,1694846654.179085,1,28.8796,28.8796,-1.8658,-19.2942,3.7465,1085.4256,14.9625,4083.5431,2.3922,143.8665,110.2918,147.7721,124.0403,97.3025,67.4959,0.000000,0.516951,0.932148,-0.000000,0.448340,0.951966,-0.009612,0.391320,0.875877,-0.012457,0.377014,0.771550,-0.012053,0.395547,0.715292,-0.011411,0.416972,0.766607,-0.023243,0.389486,0.649059,-0.029908,0.375812,0.579755,-0.033861,0.366447,0.523124,-0.038395,0.458182,0.726453,-0.018189,0.418417,0.694128,-0.022809,0.416137,0.741835,-0.013987,0.428925,0.776569,-0.007164,0.489679,0.717246,-0.013230,0.449363,0.705039,-0.019113,0.446028,0.743636,-0.010131,0.458100,0.776322,-0.003430,0.514081,0.719707,-0.008802,0.479565,0.716284,-0.013729,0.476794,0.749586,-0.009184,0.487417,0.776318,-0.004498
1099,1694846654.187418,1,-15.2953,-15.2953,-10.0043,-8.1384,17.5147,2831.4174,54.1061,3841.5472,2.1872,145.3465,117.9595,154.8899,128.0022,98.4521,63.9246,0.000000,0.520949,0.941361,-0.000000,0.451536,0.951896,-0.009464,0.394433,0.873209,-0.011575,0.382016,0.768300,-0.010880,0.402157,0.715015,-0.009638,0.420992,0.761981,-0.019274,0.396292,0.644252,-0.023782,0.384266,0.576398,-0.025616,0.375627,0.522166,-0.028815,0.463424,0.725550,-0.014127,0.425848,0.691805,-0.017840,0.421890,0.738218,-0.009868,0.432398,0.774179,-0.003792,0.496283,0.717888,-0.009095,0.457912,0.705411,-0.014984,0.454478,0.743127,-0.007136,0.464832,0.777571,-0.001123,0.522445,0.721923,-0.004578,0.489986,0.718180,-0.010040,0.486697,0.751121,-0.006622,0.495717,0.780134,-0.002515
1100,1694846654.195751,0,,,0.0000,0.0000,0.0000,0.0000,8.6767,3880.9959,2.3099,119.3187,129.4817,167.6623,138.9831,106.7493,66.9000,0.000000,0.523729,0.938283,-0.000000,0.453541,0.947288,-0.005877,0.401280,0.873371,-0.006290,0.387355,0.773377,-0.003399,0.399154,0.716660,-0.000047,0.428948,0.762038,-0.020892,0.406447,0.646211,-0.024811,0.395828,0.579638,-0.026403,0.387732,0.526590,-0.028668,0.470628,0.725084,-0.015821,0.429714,0.691973,-0.014489,0.424881,0.736539,-0.003405,0.435253,0.771760,0.003798,0.501749,0.718902,-0.010379,0.459867,0.706972,-0.011637,0.454730,0.743161,-0.002882,0.464172,0.777138,0.002686,0.525374,0.724097,-0.004945,0.491359,0.720244,-0.005006,0.486728,0.750537,0.000497,0.493569,0.779127,0.005007
1101,1694846654.204085,0,,,0.0000,0.0000,0.0000,0.0000,24.5946,4726.2664,3.0480,90.4568,141.5505,183.3634,152.8169,117.9825,74.1512,0.000000,0.527956,0.942962,-0.000000,0.457748,0.948250,-0.005865,0.404801,0.870739,-0.007135,0.391593,0.769774,-0.006302,0.404938,0.713919,-0.004997,0.434404,0.762145,-0.016229,0.416436,0.650939,-0.020053,0.407546,0.587898,-0.021428,0.400683,0.536205,-0.023965,0.476793,0.726814,-0.012852,0.437426,0.688551,-0.014851,0.432993,0.732918,-0.006190,0.443210,0.768507,0.000262,0.508849,0.720453,-0.009333,0.467962,0.704619,-0.013045,0.463190,0.740466,-0.004806,0.472661,0.774235,0.001153,0.533041,0.725018,-0.006027,0.499617,0.719071,-0.007800,0.495613,0.749482,-0.002924,0.503537,0.777925,0.001559
1102,1694846654.212418,0,,,0.0000,0.0000,0.0000,0.0000,66.2138,4756.5071,2.8022,68.2685,145.4982,191.5893,160.5661,125.3248,79.8727,0.000000,0.529506,0.944313,-0.000000,0.460290,0.947529,-0.006151,0.408005,0.865949,-0.005815,0.396005,0.764717,-0.003113,0.412511,0.713832,0.000225,0.437585,0.753369,-0.011619,0.420579,0.647514,-0.011364,0.412313,0.588949,-0.010337,0.406736,0.540459,-0.011503,0.479121,0.723209,-0.007062,0.443918,0.690268,-0.005572,0.439464,0.733551,0.002934,0.448968,0.768074,0.008780,0.511040,0.719964,-0.002420,0.473468,0.704844,-0.004061,0.468996,0.741002,0.002368,0.477914,0.774445,0.006756,0.536077,0.726712,0.002032,0.504928,0.721080,0.001391,0.501449,0.751871,0.005288,0.509421,0.781150,0.008853
1103,1694846654.220751,0,,,0.0000,0.0000,0.0000,0.0000,20.4027,4541.9118,3.4030,60.9738,151.9953,195.9869,164.4314,128.7570,83.0731,0.000000,0.534987,0.942805,-0.000000,0.463412,0.944394,-0.004713,0.412436,0.864118,-0.002991,0.400511,0.764130,0.001857,0.415221,0.713802,0.007454,0.443482,0.754787,-0.014216,0.425473,0.645161,-0.012567,0.417870,0.588021,-0.010212,0.412220,0.539748,-0.010503,0.485535,0.723075,-0.008714,0.446792,0.685150,-0.004589,0.441516,0.729311,0.005935,0.449860,0.765149,0.012536,0.516680,0.719121,-0.002632,0.475251,0.704204,-0.001201,0.469959,0.740396,0.005772,0.477699,0.775772,0.009669,0.540295,0.725104,0.003484,0.506893,0.718375,0.004459,0.502468,0.747008,0.007832,0.508311,0.776672,0.010560
1104,1694846654.229085,0,,,0.0000,0.0000,0.0000,0.0000,4.8483,4276.3272,2.5894,66.1690,159.0851,203.2382,170.5201,134.2079,87.4817,0.000000,0.534218,0.941016,-0.000000,0.464381,0.942152,-0.005456,0.414544,0.861100,-0.004558,0.402920,0.761085,-0.000910,0.418159,0.710699,0.003211,0.445929,0.753497,-0.014120,0.428352,0.646854,-0.013153,0.422390,0.587344,-0.011420,0.418523,0.538063,-0.012119,0.487872,0.721333,-0.009474,0.447909,0.690033,-0.007647,0.442740,0.735906,0.001208,0.451134,0.772872,0.007337,0.519002,0.717056,-0.004301,0.476949,0.707093,-0.004442,0.471696,0.744030,0.002271,0.479250,0.778966,0.006615,0.542162,0.724329,0.000786,0.507300,0.721003,0.001425,0.502786,0.748987,0.005445,0.508915,0.777393,0.008980
1105,1694846654.237418,0,,,0.0000,0.0000,0.0000,0.0000,,,,,,,,,,,0.000000,0.000000,0.000000,0.000000,0.000000,0.000000,0.000000,0.000000,0.000000,0.000000,0.000000,0.000000,0.000000,0.000000,0.000000,0.000000,0.000000,0.000000,0.000000,0.000000,0.000000,0.000000,0.000000,0.000000,0.000000,0.000000,0.000000,0.000000,0.000000,0.000000,0.000000,0.000000,0.000000,0.000000,0.000000,0.000000,0.000000,0.000000,0.000000,0.000000,0.000000,0.000000,0.000000,0.000000,0.000000,0.000000,0.000000,0.000000,0.000000,0.000000,0.000000,0.000000,0.000000,0.000000,0.000000,0.000000,0.000000,0.000000,0.000000,0.000000,0.000000,0.000000,0.000000
1106,1694846654.245751,0,,,0.0000,0.0000,0.0000,0.0000,,5216.9675,2.7901,68.7770,173.9772,206.9829,172.9223,135.8183,88.6648,0.000000,0.537537,0.932600,-0.000000,0.467185,0.936577,-0.008261,0.417019,0.849052,-0.009394,0.409305,0.744940,-0.007495,0.430490,0.696425,-0.005136,0.452172,0.749553,-0.017748,0.436693,0.636972,-0.019787,0.430541,0.575707,-0.020027,0.426412,0.525063,-0.022333,0.495401,0.718360,-0.012369,0.455644,0.682843,-0.013281,0.450626,0.729669,-0.004289,0.460566,0.764286,0.002132,0.526010,0.715266,-0.007013,0.483948,0.702110,-0.009440,0.478583,0.740961,-0.001883,0.488082,0.773635,0.003140,0.548825,0.722913,-0.002131,0.515007,0.720125,-0.004146,0.510850,0.750305,-0.001111,0.518438,0.777178,0.001794
1107,1694846654.254085,0,,,0.0000,0.0000,0.0000,0.0000,,,,,,,,,,,0.000000,0.000000,0.000000,0.000000,0.000000,0.000000,0.000000,0.000000,0.000000,0.000000,0.000000,0.000000,0.000000,0.000000,0.000000,0.000000,0.000000,0.000000,0.000000,0.000000,0.000000,0.000000,0.000000,0.000000,0.000000,0.000000,0.000000,0.000000,0.000000,0.000000,0.000000,0.000000,0.000000,0.000000,0.000000,0.000000,0.000000,0.000000,0.000000,0.000000,0.000000,0.000000,0.000000,0.000000,0.000000,0.000000,0.000000,0.000000,0.000000,0.000000,0.000000,0.000000,0.000000,0.000000,0.000000,0.000000,0.000000,0.000000,0.000000,0.000000,0.000000,0.000000,0.000000
1108,1694846654.262418,0,,,0.0000,0.0000,0.0000,0.0000,,,,,,,,,,,0.000000,0.000000,0.000000,0.000000,0.000000,0.000000,0.000000,0.000000,0.000000,0.000000,0.000000,0.000000,0.000000,0.000000,0.000000,0.000000,0.000000,0.000000,0.000000,0.000000,0.000000,0.000000,0.000000,0.000000,0.000000,0.000000,0.000000,0.000000,0.000000,0.000000,0.000000,0.000000,0.000000,0.000000,0.000000,0.000000,0.000000,0.000000,0.000000,0.000000,0.000000,0.000000,0.000000,0.000000,0.000000,0.000000,0.000000,0.000000,0.000000,0.000000,0.000000,0.000000,0.000000,0.000000,0.000000,0.000000,0.000000,0.000000,0.000000,0.000000,0.000000,0.000000,0.000000
1109,1694846654.270751,0,,,0.0000,0.0000,0.0000,0.0000,,,,,,,,,,,0.000000,0.000000,0.000000,0.000000,0.000000,0.000000,0.000000,0.000000,0.000000,0.000000,0.000000,0.000000,0.000000,0.000000,0.000000,0.000000,0.000000,0.000000,0.000000,0.000000,0.000000,0.000000,0.000000,0.000000,0.000000,0.000000,0.000000,0.000000,0.000000,0.000000,0.000000,0.000000,0.000000,0.000000,0.000000,0.000000,0.000000,0.000000,0.000000,0.000000,0.000000,0.000000,0.000000,0.000000,0.000000,0.000000,0.000000,0.000000,0.000000,0.000000,0.000000,0.000000,0.000000,0.000000,0.000000,0.000000,0.000000,0.000000,0.000000,0.000000,0.000000,0.000000,0.000000
1110,1694846654.279085,0,,,0.0000,0.0000,0.0000,0.0000,,,,,,,,,,,0.000000,0.000000,0.000000,0.000000,0.000000,0.000000,0.000000,0.000000,0.000000,0.000000,0.000000,0.000000,0.000000,0.000000,0.000000,0.000000,0.000000,0.000000,0.000000,0.000000,0.000000,0.000000,0.000000,0.000000,0.000000,0.000000,0.000000,0.000000,0.000000,0.000000,0.000000,0.000000,0.000000,0.000000,0.000000,0.000000,0.000000,0.000000,0.000000,0.000000,0.000000,0.000000,0.000000,0.000000,0.000000,0.000000,0.000000,0.000000,0.000000,0.000000,0.000000,0.000000,0.000000,0.000000,0.000000,0.000000,0.000000,0.000000,0.000000,0.000000,0.000000,0.000000,0.000000
1111,1694846654.287418,0,,,0.0000,0.0000,0.0000,0.0000,,4516.2839,1.6819,72.0216,195.6191,217.7719,180.5128,141.8465,94.6059,0.000000,0.538482,0.934311,-0.000000,0.469528,0.933629,-0.006303,0.421354,0.847332,-0.007194,0.413791,0.744741,-0.004860,0.433084,0.695418,-0.002405,0.456776,0.742467,-0.019511,0.444207,0.623303,-0.019416,0.440901,0.557631,-0.017843,0.438498,0.506620,-0.018339,0.499161,0.713574,-0.013555,0.461662,0.680652,-0.011205,0.454038,0.726184,-0.000608,0.460489,0.765486,0.006675,0.529932,0.712905,-0.006857,0.488307,0.701298,-0.006280,0.481903,0.739012,0.001066,0.488498,0.775880,0.005707,0.552794,0.721031,-0.000096,0.517221,0.717347,0.001487,0.511645,0.747438,0.005966,0.517100,0.776196,0.009713
1112,1694846654.295751,0,,,0.0000,0.0000,0.0000,0.0000,,,,,,,,,,,0.000000,0.000000,0.000000,0.000000,0.000000,0.000000,0.000000,0.000000,0.000000,0.000000,0.000000,0.000000,0.000000,0.000000,0.000000,0.000000,0.000000,0.000000,0.000000,0.000000,0.000000,0.000000,0.000000,0.000000,0.000000,0.000000,0.000000,0.000000,0.000000,0.000000,0.000000,0.000000,0.000000,0.000000,0.000000,0.000000,0.000000,0.000000,0.000000,0.000000,0.000000,0.000000,0.000000,0.000000,0.000000,0.000000,0.000000,0.000000,0.000000,0.000000,0.000000,0.000000,0.000000,0.000000,0.000000,0.000000,0.000000,0.000000,0.000000,0.000000,0.000000,0.000000,0.000000
1113,1694846654.304085,0,,,0.0000,0.0000,0.0000,0.0000,,,,,,,,,,,0.000000,0.000000,0.000000,0.000000,0.000000,0.000000,0.000000,0.000000,0.000000,0.000000,0.000000,0.000000,0.000000,0.000000,0.000000,0.000000,0.000000,0.000000,0.000000,0.000000,0.000000,0.000000,0.000000,0.000000,0.000000,0.000000,0.000000,0.000000,0.000000,0.000000,0.000000,0.000000,0.000000,0.000000,0.000000,0.000000,0.000000,0.000000,0.000000,0.000000,0.000000,0.000000,0.000000,0.000000,0.000000,0.000000,0.000000,0.000000,0.000000,0.000000,0.000000,0.000000,0.000000,0.000000,0.000000,0.000000,0.000000,0.000000,0.000000,0.000000,0.000000,0.000000,0.000000
1114,1694846654.312418,0,,,0.0000,0.0000,0.0000,0.0000,,,,,,,,,,,0.000000,0.000000,0.000000,0.000000,0.000000,0.000000,0.000000,0.000000,0.000000,0.000000,0.000000,0.000000,0.000000,0.000000,0.000000,0.000000,0.000000,0.000000,0.000000,0.000000,0.000000,0.000000,0.000000,0.000000,0.000000,0.000000,0.000000,0.000000,0.000000,0.000000,0.000000,0.000000,0.000000,0.000000,0.000000,0.000000,0.000000,0.000000,0.000000,0.000000,0.000000,0.000000,0.000000,0.000000,0.000000,0.000000,0.000000,0.000000,0.000000,0.000000,0.000000,0.000000,0.000000,0.000000,0.000000,0.000000,0.000000,0.000000,0.000000,0.000000,0.000000,0.000000,0.000000
1115,1694846654.320751,0,,,0.0000,0.0000,0.0000,0.0000,,,,,,,,,,,0.000000,0.000000,0.000000,0.000000,0.000000,0.000000,0.000000,0.000000,0.000000,0.000000,0.000000,0.000000,0.000000,0.000000,0.000000,0.000000,0.000000,0.000000,0.000000,0.000000,0.000000,0.000000,0.000000,0.000000,0.000000,0.000000,0.000000,0.000000,0.000000,0.000000,0.000000,0.000000,0.000000,0.000000,0.000000,0.000000,0.000000,0.000000,0.000000,0.000000,0.000000,0.000000,0.000000,0.000000,0.000000,0.000000,0.000000,0.000000,0.000000,0.000000,0.000000,0.000000,0.000000,0.000000,0.000000,0.000000,0.000000,0.000000,0.000000,0.000000,0.000000,0.000000,0.000000
1116,1694846654.329085,0,,,0.0000,0.0000,0.0000,0.0000,,,,,,,,,,,0.000000,0.000000,0.000000,0.000000,0.000000,0.000000,0.000000,0.000000,0.000000,0.000000,0.000000,0.000000,0.000000,0.000000,0.000000,0.000000,0.000000,0.000000,0.000000,0.000000,0.000000,0.000000,0.000000,0.000000,0.000000,0.000000,0.000000,0.000000,0.000000,0.000000,0.000000,0.000000,0.000000,0.000000,0.000000,0.000000,0.000000,0.000000,0.000000,0.000000,0.000000,0.000000,0.000000,0.000000,0.000000,0.000000,0.000000,0.000000,0.000000,0.000000,0.000000,0.000000,0.000000,0.000000,0.000000,0.000000,0.000000,0.000000,0.000000,0.000000,0.000000,0.000000,0.000000
1117,1694846654.337418,0,,,0.0000,0.0000,0.0000,0.0000,,3827.1301,2.3891,80.5255,190.2084,208.8960,172.0778,133.1811,85.3818,0.000000,0.532742,0.932840,-0.000000,0.463177,0.935699,-0.007230,0.411742,0.852102,-0.008326,0.401842,0.746499,-0.005381,0.422765,0.695435,-0.001952,0.449002,0.750043,-0.024230,0.434190,0.623372,-0.026716,0.430854,0.552861,-0.026284,0.429198,0.498467,-0.027114,0.491160,0.718341,-0.017353,0.453949,0.675368,-0.016161,0.446439,0.717769,-0.004337,0.452946,0.755569,0.003762,0.521234,0.713167,-0.009767,0.480583,0.694675,-0.009989,0.474384,0.728267,-0.001224,0.480502,0.763942,0.004337,0.543238,0.717718,-0.002225,0.508756,0.709682,-0.001553,0.503171,0.739317,0.003338,0.507340,0.768852,0.007464
1118,1694846654.345751,0,,,0.0000,0.0000,0.0000,0.0000,47.0905,3882.5344,2.5197,75.8897,185.9889,200.8006,163.8890,125.2736,77.3713,0.000000,0.530940,0.932764,-0.000000,0.459729,0.935969,-0.008093,0.409236,0.850398,-0.009991,0.400649,0.743421,-0.007893,0.421131,0.691032,-0.005504,0.446668,0.751079,-0.026499,0.431566,0.622803,-0.030711,0.427731,0.549929,-0.031596,0.425259,0.493044,-0.033538,0.490084,0.718052,-0.020051,0.451157,0.673180,-0.021132,0.443883,0.715489,-0.010086,0.451299,0.752604,-0.002487,0.520388,0.711696,-0.012948,0.478091,0.690174,-0.015025,0.471762,0.723737,-0.005725,0.479232,0.759433,0.000346,0.541837,0.714971,-0.006035,0.505652,0.704399,-0.007296,0.500293,0.733868,-0.002568,0.506153,0.763026,0.001604
1119,1694846654.354085,0,,,0.0000,0.0000,0.0000,0.0000,,,,,,,,,,,0.000000,0.000000,0.000000,0.000000,0.000000,0.000000,0.000000,0.000000,0.000000,0.000000,0.000000,0.000000,0.000000,0.000000,0.000000,0.000000,0.000000,0.000000,0.000000,0.000000,0.000000,0.000000,0.000000,0.000000,0.000000,0.000000,0.000000,0.000000,0.000000,0.000000,0.000000,0.000000,0.000000,0.000000,0.000000,0.000000,0.000000,0.000000,0.000000,0.000000,0.000000,0.000000,0.000000,0.000000,0.000000,0.000000,0.000000,0.000000,0.000000,0.000000,0.000000,0.000000,0.000000,0.000000,0.000000,0.000000,0.000000,0.000000,0.000000,0.000000,0.000000,0.000000,0.000000
1120,1694846654.362418,0,,,0.0000,0.0000,0.0000,0.0000,,4528.0870,2.5788,90.7361,175.8991,192.7056,157.0705,118.5520,70.4339,0.000000,0.527165,0.925396,-0.000000,0.457140,0.937205,-0.010310,0.403646,0.850981,-0.013113,0.394271,0.743219,-0.011917,0.413713,0.687767,-0.010479,0.439530,0.752692,-0.025494,0.424910,0.629189,-0.032239,0.419650,0.554110,-0.036133,0.416818,0.495176,-0.040276,0.482729,0.717700,-0.019836,0.443494,0.682534,-0.024151,0.437294,0.728720,-0.014824,0.447136,0.763342,-0.007540,0.512817,0.711364,-0.014333,0.471941,0.696328,-0.018893,0.466480,0.732677,-0.010303,0.475922,0.763489,-0.003985,0.535083,0.714543,-0.009372,0.499090,0.707889,-0.012421,0.494224,0.737617,-0.008108,0.501719,0.763102,-0.003805
1121,1694846654.370751,0,,,0.0000,0.0000,0.0000,0.0000,11.7891,4094.4563,2.6314,84.6242,171.0248,187.3589,150.7351,112.2458,64.2338,0.000000,0.525890,0.933356,-0.000000,0.454542,0.938588,-0.009046,0.401355,0.856172,-0.011232,0.390517,0.748396,-0.009576,0.406503,0.690590,-0.007503,0.437315,0.753263,-0.027060,0.422327,0.624707,-0.033148,0.417588,0.549932,-0.035633,0.413080,0.491181,-0.038607,0.480514,0.717943,-0.020944,0.439651,0.674515,-0.023611,0.432680,0.716538,-0.013720,0.439956,0.752988,-0.006728,0.510605,0.709484,-0.014370,0.467286,0.687081,-0.017866,0.460742,0.720897,-0.008630,0.467316,0.757075,-0.002260,0.532179,0.711218,-0.008178,0.495052,0.700260,-0.010771,0.488173,0.730445,-0.006219,0.492416,0.760676,-0.001767
1122,1694846654.379085,0,,,0.0000,0.0000,0.0000,0.0000,55.9902,3605.8502,3.4389,77.9421,168.5408,182.5770,147.0627,109.0884,61.3254,0.000000,0.521722,0.931451,-0.000000,0.450747,0.936131,-0.008171,0.398785,0.853661,-0.009640,0.388026,0.746038,-0.007193,0.403239,0.688368,-0.004328,0.434030,0.749208,-0.025539,0.418146,0.619366,-0.029307,0.413597,0.545726,-0.029752,0.410116,0.489067,-0.031129,0.477340,0.715673,-0.018897,0.436785,0.673618,-0.019631,0.429453,0.714837,-0.008907,0.436731,0.750377,-0.001389,0.507969,0.709504,-0.011593,0.464968,0.690875,-0.013433,0.458798,0.723303,-0.004719,0.466006,0.757108,0.001074,0.530168,0.712625,-0.004450,0.493495,0.704046,-0.005587,0.486942,0.733252,-0.001068,0.491564,0.761267,0.003194
1123,1694846654.387418,0,,,0.0000,0.0000,0.0000,0.0000,69.6598,3773.1986,3.0587,79.1543,163.0947,174.4488,139.6576,102.0898,54.8952,0.000000,0.519694,0.928774,-0.000000,0.448840,0.936514,-0.010403,0.396378,0.854649,-0.012020,0.385187,0.747682,-0.008776,0.400290,0.688817,-0.004758,0.431661,0.753350,-0.030504,0.413341,0.620721,-0.037732,0.407700,0.545738,-0.040629,0.403260,0.487131,-0.043437,0.474824,0.716889,-0.022876,0.432369,0.672320,-0.024637,0.425440,0.714965,-0.013162,0.433746,0.749383,-0.005493,0.504516,0.707563,-0.015074,0.459960,0.685917,-0.018514,0.453849,0.720153,-0.009050,0.461737,0.754064,-0.002699,0.525983,0.708225,-0.007668,0.488237,0.696462,-0.010310,0.481118,0.725731,-0.005853,0.485120,0.754971,-0.001648
1124,1694846654.395751,0,,,0.0000,0.0000,0.0000,0.0000,42.1023,4021.3058,2.7735,93.2106,156.9294,166.9457,133.9884,97.5123,51.1776,0.000000,0.517616,0.928384,-0.000000,0.445945,0.936290,-0.007713,0.391843,0.855710,-0.010134,0.380590,0.748256,-0.009127,0.397049,0.688890,-0.007896,0.426619,0.754039,-0.025785,0.408500,0.623577,-0.031789,0.402596,0.548017,-0.033945,0.398254,0.488708,-0.036554,0.469371,0.716548,-0.020293,0.427956,0.670505,-0.023240,0.421420,0.713176,-0.012711,0.430344,0.751089,-0.004995,0.499933,0.707247,-0.014341,0.456481,0.685760,-0.018185,0.450930,0.720000,-0.008672,0.459480,0.756128,-0.001991,0.522248,0.707461,-0.008552,0.484333,0.699111,-0.010743,0.479101,0.730322,-0.005571,0.485353,0.759109,-0.000892
1125,1694846654.404085,0,,,0.0000,0.0000,0.0000,0.0000,8.8822,3912.2893,2.4284,105.3958,144.5938,162.2233,129.9426,94.5670,51.0819,0.000000,0.515729,0.925105,-0.000000,0.444318,0.940490,-0.008971,0.388599,0.861544,-0.011712,0.375875,0.751808,-0.010932,0.392490,0.690797,-0.009835,0.420836,0.756992,-0.025121,0.401579,0.628764,-0.031601,0.395580,0.552579,-0.034149,0.391607,0.493918,-0.036778,0.462986,0.717847,-0.019382,0.421789,0.676754,-0.023812,0.416452,0.720783,-0.014154,0.426148,0.759598,-0.006357,0.493289,0.707478,-0.013444,0.450567,0.690615,-0.018839,0.445645,0.725645,-0.010205,0.454606,0.762084,-0.003457,0.516017,0.707211,-0.007723,0.478141,0.704209,-0.010647,0.473597,0.735947,-0.005778,0.480288,0.764545,-0.000929
1126,1694846654.412418,1,22.7700,22.7700,-1.5764,0.0000,17.4162,197.7153,15.2448,4029.5796,2.8579,122.6528,138.4492,153.4249,123.2260,89.8254,49.5363,0.000000,0.513185,0.923878,-0.000000,0.441346,0.940734,-0.011179,0.385038,0.858245,-0.013965,0.373113,0.748940,-0.013220,0.389223,0.688747,-0.011938,0.417658,0.753652,-0.024162,0.397247,0.626903,-0.030883,0.389098,0.553075,-0.034100,0.383231,0.493764,-0.038002,0.460204,0.715116,-0.018283,0.417427,0.678482,-0.024588,0.413290,0.724871,-0.016300,0.425274,0.757943,-0.009766,0.490089,0.704963,-0.012676,0.446376,0.686525,-0.019289,0.441816,0.723041,-0.009824,0.452503,0.756032,-0.002847,0.511853,0.705281,-0.007867,0.474500,0.697350,-0.013088,0.469682,0.728962,-0.009002,0.477751,0.756893,-0.004649
1127,1694846654.420751,1,-23.5966,-23.5966,-13.4688,-11.8924,23.1932,425.9889,18.4215,3961.7381,2.3618,140.4190,126.6762,144.7635,115.6382,84.4312,49.2093,0.000000,0.508601,0.927125,-0.000000,0.438488,0.944832,-0.010395,0.381423,0.861620,-0.013030,0.369092,0.752185,-0.011972,0.387507,0.693745,-0.010621,0.412669,0.757288,-0.024727,0.390615,0.630954,-0.032000,0.380901,0.556564,-0.035752,0.374408,0.497227,-0.039731,0.454493,0.718365,-0.018803,0.413003,0.677543,-0.023904,0.408718,0.724396,-0.014202,0.420588,0.759691,-0.006604,0.484758,0.708955,-0.013154,0.441990,0.688592,-0.019900,0.437531,0.726446,-0.010748,0.448503,0.760799,-0.003665,0.507623,0.709366,-0.007983,0.470284,0.700894,-0.013252,0.466324,0.734321,-0.008766,0.475110,0.763607,-0.004071
1128,1694846654.429085,1,27.7777,27.7777,-0.2755,13.1934,22.7430,44.6290,12.0019,4542.2943,2.2786,146.8079,117.3259,139.8772,113.6109,85.1963,55.8343,0.000000,0.504406,0.923604,-0.000000,0.432474,0.942897,-0.010426,0.376107,0.862653,-0.012571,0.363495,0.755064,-0.010873,0.380453,0.696480,-0.008770,0.406846,0.759016,-0.025090,0.382633,0.634965,-0.032226,0.372509,0.562544,-0.036250,0.365716,0.503410,-0.040676,0.448747,0.717871,-0.019053,0.405950,0.681531,-0.023700,0.402417,0.728570,-0.014593,0.414771,0.760785,-0.007973,0.478819,0.705785,-0.013224,0.434698,0.689227,-0.018963,0.430308,0.725693,-0.009546,0.441739,0.757467,-0.002835,0.501251,0.704613,-0.008011,0.462666,0.696802,-0.012866,0.458008,0.728034,-0.008416,0.466551,0.756124,-0.003934
1129,1694846654.437418,1,-23.6611,-23.6611,-2.0914,-1.8160,22.8554,67.7639,27.1944,5364.8102,1.7876,148.7539,101.2629,137.5460,112.8671,86.7249,62.7074,0.000000,0.501286,0.927554,-0.000000,0.430714,0.948604,-0.011369,0.372143,0.867824,-0.013311,0.356549,0.760704,-0.011761,0.374257,0.703866,-0.009694,0.400086,0.758754,-0.022015,0.376158,0.636684,-0.028529,0.366011,0.565378,-0.031926,0.359922,0.507305,-0.035964,0.441302,0.718885,-0.015636,0.400632,0.686506,-0.021296,0.397459,0.733820,-0.013171,0.409651,0.766311,-0.006701,0.472174,0.707195,-0.009734,0.430378,0.693855,-0.016422,0.426844,0.730869,-0.007574,0.437909,0.762769,-0.000753,0.495710,0.706908,-0.004654,0.459057,0.700073,-0.010308,0.454485,0.732474,-0.006476,0.462772,0.760668,-0.002047
1130,1694846654.445751,1,-24.7634,-24.7634,-11.8833,-9.7919,24.1980,3222.1521,11.9949,5361.7144,2.5225,145.7068,93.1868,130.9277,111.5993,89.9412,72.2202,0.000129,0.496447,0.924678,-0.000000,0.426436,0.947071,-0.009641,0.368991,0.872031,-0.012128,0.351047,0.770631,-0.011613,0.360076,0.713254,-0.010775,0.391908,0.763070,-0.020886,0.365712,0.641111,-0.028889,0.355393,0.570866,-0.033026,0.349051,0.513337,-0.036888,0.432400,0.720792,-0.015833,0.389311,0.685883,-0.022634,0.386632,0.734951,-0.014661,0.399622,0.769121,-0.007624,0.463679,0.708158,-0.011202,0.418877,0.696432,-0.019467,0.417083,0.736283,-0.010332,0.429763,0.767382,-0.002582,0.487899,0.706695,-0.007085,0.449328,0.701791,-0.013062,0.446621,0.736625,-0.007917,0.456439,0.763725,-0.002132
1131,1694846654.454085,1,20.4599,20.4599,11.0141,22.8975,23.6937,2551.7507,20.3798,5783.5494,1.7495,140.8094,88.0022,126.1062,112.3955,96.4404,84.6381,0.001653,0.495020,0.921275,-0.000000,0.425512,0.948705,-0.009675,0.366312,0.877489,-0.010987,0.343307,0.778669,-0.009590,0.346962,0.717959,-0.007637,0.386044,0.758036,-0.018386,0.358156,0.642218,-0.024555,0.346003,0.574857,-0.027416,0.338437,0.520664,-0.030505,0.426271,0.717060,-0.013387,0.384443,0.686884,-0.018579,0.381141,0.730292,-0.011505,0.393662,0.760900,-0.005734,0.457810,0.705565,-0.008893,0.414211,0.693331,-0.015552,0.410744,0.727965,-0.007636,0.422456,0.757112,-0.001379,0.481447,0.706439,-0.005078,0.444661,0.701388,-0.009846,0.439985,0.733297,-0.005442,0.448811,0.761637,-0.000604
1132,1694846654.462418,1,25.9557,25.9557,-0.4555,-11.4696,24.1005,1393.3801,25.2019,3692.0621,1.8051,138.3611,83.7586,119.9873,112.1700,102.4762,97.6568,0.007292,0.488288,0.918359,-0.000000,0.419912,0.947228,-0.010251,0.359529,0.880754,-0.012714,0.337304,0.780708,-0.012257,0.344381,0.718648,-0.011081,0.379241,0.762644,-0.020212,0.345706,0.646574,-0.027501,0.332103,0.577070,-0.031290,0.324225,0.521013,-0.034767,0.418801,0.719189,-0.015276,0.373985,0.684595,-0.022133,0.371221,0.726674,-0.015575,0.384313,0.758338,-0.009454,0.449240,0.706499,-0.010748,0.403601,0.694287,-0.018494,0.399703,0.727603,-0.010636,0.411422,0.756241,-0.003848,0.471498,0.706473,-0.006848,0.433600,0.703932,-0.012050,0.429612,0.734317,-0.007290,0.438599,0.761123,-0.001986
1133,1694846654.470751,1,25.4332,25.4332,12.2736,12.7291,23.6748,1526.0263,5.4180,3513.2444,2.3166,134.3827,77.1044,123.2820,117.7342,110.3149,106.7167,0.007076,0.483922,0.919939,-0.000000,0.415998,0.950375,-0.009454,0.355699,0.884907,-0.011066,0.330836,0.789500,-0.010118,0.334107,0.727273,-0.008888,0.370093,0.766435,-0.018235,0.339536,0.653298,-0.025840,0.326227,0.583667,-0.030253,0.317467,0.528135,-0.034218,0.409385,0.721045,-0.013825,0.366574,0.689054,-0.019893,0.364506,0.731698,-0.013499,0.377328,0.764058,-0.007815,0.440625,0.705776,-0.009945,0.396372,0.695927,-0.017080,0.394293,0.730281,-0.009027,0.406767,0.759928,-0.002344,0.464037,0.703721,-0.006769,0.426922,0.702726,-0.012144,0.425020,0.734663,-0.007363,0.435676,0.762064,-0.001983
1134,1694846654.479085,1,26.6010,26.6010,12.8411,0.5675,19.8698,830.2413,5.0312,4514.0479,3.0165,140.8426,78.7431,124.2019,123.4413,119.8062,120.0716,0.014082,0.479607,0.916779,-0.000000,0.412497,0.954523,-0.010354,0.351972,0.893907,-0.011280,0.325292,0.802332,-0.009158,0.324371,0.742931,-0.006592,0.364867,0.771787,-0.018244,0.331357,0.658304,-0.024869,0.316903,0.588721,-0.028452,0.307643,0.533213,-0.031566,0.402561,0.724665,-0.012552,0.356778,0.697888,-0.017557,0.354886,0.741334,-0.010727,0.368798,0.771323,-0.004739,0.432450,0.707469,-0.007440,0.385650,0.699147,-0.014102,0.383468,0.734234,-0.006410,0.396541,0.762003,0.000143,0.454961,0.703465,-0.003044,0.416340,0.701033,-0.008150,0.413236,0.733070,-0.003658,0.423484,0.760454,0.001626
1135,1694846654.487418,1,28.2022,28.2022,1.9356,-10.9055,2.6071,1293.9294,6.3719,5424.7453,2.0677,139.1258,69.1157,131.4203,134.4019,132.2040,134.7170,0.017523,0.477596,0.916768,-0.000000,0.412007,0.957422,-0.009770,0.349539,0.902439,-0.010875,0.320382,0.812529,-0.009107,0.318381,0.752119,-0.006986,0.358510,0.778952,-0.017696,0.324162,0.668251,-0.024177,0.307362,0.599286,-0.027543,0.295386,0.545400,-0.030658,0.394419,0.728887,-0.012673,0.347600,0.703237,-0.017734,0.347456,0.748027,-0.010904,0.362073,0.779562,-0.004916,0.423751,0.708820,-0.008132,0.376459,0.702849,-0.014787,0.375618,0.739597,-0.006490,0.388948,0.768905,0.000443,0.446290,0.702290,-0.004276,0.407256,0.702565,-0.009339,0.404641,0.734904,-0.004553,0.414709,0.761274,0.000922
1136,1694846654.495751,1,34.5527,34.5527,2.1492,0.2137,3.3344,1625.9971,10.4409,5249.1597,2.1025,130.1034,60.0293,151.3682,157.8588,157.1736,158.2231,0.014952,0.473395,0.923489,-0.000000,0.408116,0.960528,-0.009565,0.347290,0.907384,-0.009766,0.318057,0.822974,-0.006809,0.313150,0.765833,-0.003238,0.353950,0.786891,-0.018331,0.316574,0.682135,-0.025225,0.297090,0.618379,-0.028803,0.281481,0.570320,-0.031811,0.388151,0.733552,-0.012942,0.337994,0.701022,-0.015653,0.336524,0.741569,-0.007492,0.348713,0.774260,-0.000952,0.416395,0.710265,-0.008195,0.366084,0.699678,-0.012709,0.363510,0.734499,-0.004449,0.374608,0.764283,0.002084,0.438357,0.701917,-0.004192,0.397512,0.699181,-0.008037,0.390563,0.728601,-0.003822,0.396247,0.756150,0.000939
1137,1694846654.504085,1,37.3015,37.3015,2.9671,0.8178,4.6649,1985.8815,14.8984,8239.1311,1.3704,126.1181,65.2620,159.0647,170.5734,172.7301,177.7024,0.010219,0.472239,0.925955,-0.000000,0.406982,0.967006,-0.010633,0.343846,0.917955,-0.012296,0.313800,0.832350,-0.010826,0.311011,0.773678,-0.008912,0.347851,0.793875,-0.019924,0.306239,0.689357,-0.026194,0.284499,0.625839,-0.029588,0.267251,0.577891,-0.033124,0.381500,0.739301,-0.014946,0.330339,0.708613,-0.018519,0.329559,0.746422,-0.011890,0.341582,0.776575,-0.006763,0.409386,0.714423,-0.010329,0.358341,0.704909,-0.014281,0.356665,0.737572,-0.005681,0.367844,0.766448,0.000281,0.430678,0.704649,-0.006754,0.388778,0.704831,-0.011060,0.383636,0.733643,-0.006994,0.390403,0.759461,-0.002601
1138,1694846654.512418,0,,,0.0000,0.0000,0.0000,0.0000,,,,,,,,,,,0.000000,0.000000,0.000000,0.000000,0.000000,0.000000,0.000000,0.000000,0.000000,0.000000,0.000000,0.000000,0.000000,0.000000,0.000000,0.000000,0.000000,0.000000,0.000000,0.000000,0.000000,0.000000,0.000000,0.000000,0.000000,0.000000,0.000000,0.000000,0.000000,0.000000,0.000000,0.000000,0.000000,0.000000,0.000000,0.000000,0.000000,0.000000,0.000000,0.000000,0.000000,0.000000,0.000000,0.000000,0.000000,0.000000,0.000000,0.000000,0.000000,0.000000,0.000000,0.000000,0.000000,0.000000,0.000000,0.000000,0.000000,0.000000,0.000000,0.000000,0.000000,0.000000,0.000000
1139,1694846654.520751,0,,,0.0000,0.0000,0.0000,0.0000,,,,,,,,,,,0.000000,0.000000,0.000000,0.000000,0.000000,0.000000,0.000000,0.000000,0.000000,0.000000,0.000000,0.000000,0.000000,0.000000,0.000000,0.000000,0.000000,0.000000,0.000000,0.000000,0.000000,0.000000,0.000000,0.000000,0.000000,0.000000,0.000000,0.000000,0.000000,0.000000,0.000000,0.000000,0.000000,0.000000,0.000000,0.000000,0.000000,0.000000,0.000000,0.000000,0.000000,0.000000,0.000000,0.000000,0.000000,0.000000,0.000000,0.000000,0.000000,0.000000,0.000000,0.000000,0.000000,0.000000,0.000000,0.000000,0.000000,0.000000,0.000000,0.000000,0.000000,0.000000,0.000000
1140,1694846654.529085,0,,,0.0000,0.0000,0.0000,0.0000,,,,,,,,,,,0.000000,0.000000,0.000000,0.000000,0.000000,0.000000,0.000000,0.000000,0.000000,0.000000,0.000000,0.000000,0.000000,0.000000,0.000000,0.000000,0.000000,0.000000,0.000000,0.000000,0.000000,0.000000,0.000000,0.000000,0.000000,0.000000,0.000000,0.000000,0.000000,0.000000,0.000000,0.000000,0.000000,0.000000,0.000000,0.000000,0.000000,0.000000,0.000000,0.000000,0.000000,0.000000,0.000000,0.000000,0.000000,0.000000,0.000000,0.000000,0.000000,0.000000,0.000000,0.000000,0.000000,0.000000,0.000000,0.000000,0.000000,0.000000,0.000000,0.000000,0.000000,0.000000,0.000000
1141,1694846654.537418,0,,,0.0000,0.0000,0.0000,0.0000,,,,,,,,,,,0.000000,0.000000,0.000000,0.000000,0.000000,0.000000,0.000000,0.000000,0.000000,0.000000,0.000000,0.000000,0.000000,0.000000,0.000000,0.000000,0.000000,0.000000,0.000000,0.000000,0.000000,0.000000,0.000000,0.000000,0.000000,0.000000,0.000000,0.000000,0.000000,0.000000,0.000000,0.000000,0.000000,0.000000,0.000000,0.000000,0.000000,0.000000,0.000000,0.000000,0.000000,0.000000,0.000000,0.000000,0.000000,0.000000,0.000000,0.000000,0.000000,0.000000,0.000000,0.000000,0.000000,0.000000,0.000000,0.000000,0.000000,0.000000,0.000000,0.000000,0.000000,0.000000,0.000000
1142,1694846654.545751,0,,,0.0000,0.0000,0.0000,0.0000,,,,,,,,,,,0.000000,0.000000,0.000000,0.000000,0.000000,0.000000,0.000000,0.000000,0.000000,0.000000,0.000000,0.000000,0.000000,0.000000,0.000000,0.000000,0.000000,0.000000,0.000000,0.000000,0.000000,0.000000,0.000000,0.000000,0.000000,0.000000,0.000000,0.000000,0.000000,0.000000,0.000000,0.000000,0.000000,0.000000,0.000000,0.000000,0.000000,0.000000,0.000000,0.000000,0.000000,0.000000,0.000000,0.000000,0.000000,0.000000,0.000000,0.000000,0.000000,0.000000,0.000000,0.000000,0.000000,0.000000,0.000000,0.000000,0.000000,0.000000,0.000000,0.000000,0.000000,0.000000,0.000000
1143,1694846654.554085,0,,,0.0000,0.0000,0.0000,0.0000,,,,,,,,,,,0.000000,0.000000,0.000000,0.000000,0.000000,0.000000,0.000000,0.000000,0.000000,0.000000,0.000000,0.000000,0.000000,0.000000,0.000000,0.000000,0.000000,0.000000,0.000000,0.000000,0.000000,0.000000,0.000000,0.000000,0.000000,0.000000,0.000000,0.000000,0.000000,0.000000,0.000000,0.000000,0.000000,0.000000,0.000000,0.000000,0.000000,0.000000,0.000000,0.000000,0.000000,0.000000,0.000000,0.000000,0.000000,0.000000,0.000000,0.000000,0.000000,0.000000,0.000000,0.000000,0.000000,0.000000,0.000000,0.000000,0.000000,0.000000,0.000000,0.000000,0.000000,0.000000,0.000000
1144,1694846654.562418,0,,,0.0000,0.0000,0.0000,0.0000,,,,,,,,,,,0.000000,0.000000,0.000000,0.000000,0.000000,0.000000,0.000000,0.000000,0.000000,0.000000,0.000000,0.000000,0.000000,0.000000,0.000000,0.000000,0.000000,0.000000,0.000000,0.000000,0.000000,0.000000,0.000000,0.000000,0.000000,0.000000,0.000000,0.000000,0.000000,0.000000,0.000000,0.000000,0.000000,0.000000,0.000000,0.000000,0.000000,0.000000,0.000000,0.000000,0.000000,0.000000,0.000000,0.000000,0.000000,0.000000,0.000000,0.000000,0.000000,0.000000,0.000000,0.000000,0.000000,0.000000,0.000000,0.000000,0.000000,0.000000,0.000000,0.000000,0.000000,0.000000,0.000000
1145,1694846654.570751,0,,,0.0000,0.0000,0.0000,0.0000,,,,,,,,,,,0.000000,0.000000,0.000000,0.000000,0.000000,0.000000,0.000000,0.000000,0.000000,0.000000,0.000000,0.000000,0.000000,0.000000,0.000000,0.000000,0.000000,0.000000,0.000000,0.000000,0.000000,0.000000,0.000000,0.000000,0.000000,0.000000,0.000000,0.000000,0.000000,0.000000,0.000000,0.000000,0.000000,0.000000,0.000000,0.000000,0.000000,0.000000,0.000000,0.000000,0.000000,0.000000,0.000000,0.000000,0.000000,0.000000,0.000000,0.000000,0.000000,0.000000,0.000000,0.000000,0.000000,0.000000,0.000000,0.000000,0.000000,0.000000,0.000000,0.000000,0.000000,0.000000,0.000000
1146,1694846654.579085,0,,,0.0000,0.0000,0.0000,0.0000,,,,,,,,,,,0.000000,0.000000,0.000000,0.000000,0.000000,0.000000,0.000000,0.000000,0.000000,0.000000,0.000000,0.000000,0.000000,0.000000,0.000000,0.000000,0.000000,0.000000,0.000000,0.000000,0.000000,0.000000,0.000000,0.000000,0.000000,0.000000,0.000000,0.000000,0.000000,0.000000,0.000000,0.000000,0.000000,0.000000,0.000000,0.000000,0.000000,0.000000,0.000000,0.000000,0.000000,0.000000,0.000000,0.000000,0.000000,0.000000,0.000000,0.000000,0.000000,0.000000,0.000000,0.000000,0.000000,0.000000,0.000000,0.000000,0.000000,0.000000,0.000000,0.000000,0.000000,0.000000,0.000000
1147,1694846654.587418,0,,,0.0000,0.0000,0.0000,0.0000,,,,,,,,,,,0.000000,0.000000,0.000000,0.000000,0.000000,0.000000,0.000000,0.000000,0.000000,0.000000,0.000000,0.000000,0.000000,0.000000,0.000000,0.000000,0.000000,0.000000,0.000000,0.000000,0.000000,0.000000,0.000000,0.000000,0.000000,0.000000,0.000000,0.000000,0.000000,0.000000,0.000000,0.000000,0.000000,0.000000,0.000000,0.000000,0.000000,0.000000,0.000000,0.000000,0.000000,0.000000,0.000000,0.000000,0.000000,0.000000,0.000000,0.000000,0.000000,0.000000,0.000000,0.000000,0.000000,0.000000,0.000000,0.000000,0.000000,0.000000,0.000000,0.000000,0.000000,0.000000,0.000000
1148,1694846654.595751,0,,,0.0000,0.0000,0.0000,0.0000,,,,,,,,,,,0.000000,0.000000,0.000000,0.000000,0.000000,0.000000,0.000000,0.000000,0.000000,0.000000,0.000000,0.000000,0.000000,0.000000,0.000000,0.000000,0.000000,0.000000,0.000000,0.000000,0.000000,0.000000,0.000000,0.000000,0.000000,0.000000,0.000000,0.000000,0.000000,0.000000,0.000000,0.000000,0.000000,0.000000,0.000000,0.000000,0.000000,0.000000,0.000000,0.000000,0.000000,0.000000,0.000000,0.000000,0.000000,0.000000,0.000000,0.000000,0.000000,0.000000,0.000000,0.000000,0.000000,0.000000,0.000000,0.000000,0.000000,0.000000,0.000000,0.000000,0.000000,0.000000,0.000000
1149,1694846654.604085,0,,,0.0000,0.0000,0.0000,0.0000,,,,,,,,,,,0.000000,0.000000,0.000000,0.000000,0.000000,0.000000,0.000000,0.000000,0.000000,0.000000,0.000000,0.000000,0.000000,0.000000,0.000000,0.000000,0.000000,0.000000,0.000000,0.000000,0.000000,0.000000,0.000000,0.000000,0.000000,0.000000,0.000000,0.000000,0.000000,0.000000,0.000000,0.000000,0.000000,0.000000,0.000000,0.000000,0.000000,0.000000,0.000000,0.000000,0.000000,0.000000,0.000000,0.000000,0.000000,0.000000,0.000000,0.000000,0.000000,0.000000,0.000000,0.000000,0.000000,0.000000,0.000000,0.000000,0.000000,0.000000,0.000000,0.000000,0.000000,0.000000,0.000000
1150,1694846654.612418,0,,,0.0000,0.0000,0.0000,0.0000,,,,,,,,,,,0.000000,0.000000,0.000000,0.000000,0.000000,0.000000,0.000000,0.000000,0.000000,0.000000,0.000000,0.000000,0.000000,0.000000,0.000000,0.000000,0.000000,0.000000,0.000000,0.000000,0.000000,0.000000,0.000000,0.000000,0.000000,0.000000,0.000000,0.000000,0.000000,0.000000,0.000000,0.000000,0.000000,0.000000,0.000000,0.000000,0.000000,0.000000,0.000000,0.000000,0.000000,0.000000,0.000000,0.000000,0.000000,0.000000,0.000000,0.000000,0.000000,0.000000,0.000000,0.000000,0.000000,0.000000,0.000000,0.000000,0.000000,0.000000,0.000000,0.000000,0.000000,0.000000,0.000000
1151,1694846654.620751,0,,,0.0000,0.0000,0.0000,0.0000,,,,,,,,,,,0.000000,0.000000,0.000000,0.000000,0.000000,0.000000,0.000000,0.000000,0.000000,0.000000,0.000000,0.000000,0.000000,0.000000,0.000000,0.000000,0.000000,0.000000,0.000000,0.000000,0.000000,0.000000,0.000000,0.000000,0.000000,0.000000,0.000000,0.000000,0.000000,0.000000,0.000000,0.000000,0.000000,0.000000,0.000000,0.000000,0.000000,0.000000,0.000000,0.000000,0.000000,0.000000,0.000000,0.000000,0.000000,0.000000,0.000000,0.000000,0.000000,0.000000,0.000000,0.000000,0.000000,0.000000,0.000000,0.000000,0.000000,0.000000,0.000000,0.000000,0.000000,0.000000,0.000000
1152,1694846654.629085,0,,,0.0000,0.0000,0.0000,0.0000,,,,,,,,,,,0.000000,0.000000,0.000000,0.000000,0.000000,0.000000,0.000000,0.000000,0.000000,0.000000,0.000000,0.000000,0.000000,0.000000,0.000000,0.000000,0.000000,0.000000,0.000000,0.000000,0.000000,0.000000,0.000000,0.000000,0.000000,0.000000,0.000000,0.000000,0.000000,0.000000,0.000000,0.000000,0.000000,0.000000,0.000000,0.000000,0.000000,0.000000,0.000000,0.000000,0.000000,0.000000,0.000000,0.000000,0.000000,0.000000,0.000000,0.000000,0.000000,0.000000,0.000000,0.000000,0.000000,0.000000,0.000000,0.000000,0.000000,0.000000,0.000000,0.000000,0.000000,0.000000,0.000000
1153,1694846654.637418,0,,,0.0000,0.0000,0.0000,0.0000,,,,,,,,,,,0.000000,0.000000,0.000000,0.000000,0.000000,0.000000,0.000000,0.000000,0.000000,0.000000,0.000000,0.000000,0.000000,0.000000,0.000000,0.000000,0.000000,0.000000,0.000000,0.000000,0.000000,0.000000,0.000000,0.000000,0.000000,0.000000,0.000000,0.000000,0.000000,0.000000,0.000000,0.000000,0.000000,0.000000,0.000000,0.000000,0.000000,0.000000,0.000000,0.000000,0.000000,0.000000,0.000000,0.000000,0.000000,0.000000,0.000000,0.000000,0.000000,0.000000,0.000000,0.000000,0.000000,0.000000,0.000000,0.000000,0.000000,0.000000,0.000000,0.000000,0.000000,0.000000,0.000000
1154,1694846654.645751,0,,,0.0000,0.0000,0.0000,0.0000,,,,,,,,,,,0.000000,0.000000,0.000000,0.000000,0.000000,0.000000,0.000000,0.000000,0.000000,0.000000,0.000000,0.000000,0.000000,0.000000,0.000000,0.000000,0.000000,0.000000,0.000000,0.000000,0.000000,0.000000,0.000000,0.000000,0.000000,0.000000,0.000000,0.000000,0.000000,0.000000,0.000000,0.000000,0.000000,0.000000,0.000000,0.000000,0.000000,0.000000,0.000000,0.000000,0.000000,0.000000,0.000000,0.000000,0.000000,0.000000,0.000000,0.000000,0.000000,0.000000,0.000000,0.000000,0.000000,0.000000,0.000000,0.000000,0.000000,0.000000,0.000000,0.000000,0.000000,0.000000,0.000000
1155,1694846654.654085,0,,,0.0000,0.0000,0.0000,0.0000,,,,,,,,,,,0.000000,0.000000,0.000000,0.000000,0.000000,0.000000,0.000000,0.000000,0.000000,0.000000,0.000000,0.000000,0.000000,0.000000,0.000000,0.000000,0.000000,0.000000,0.000000,0.000000,0.000000,0.000000,0.000000,0.000000,0.000000,0.000000,0.000000,0.000000,0.000000,0.000000,0.000000,0.000000,0.000000,0.000000,0.000000,0.000000,0.000000,0.000000,0.000000,0.000000,0.000000,0.000000,0.000000,0.000000,0.000000,0.000000,0.000000,0.000000,0.000000,0.000000,0.000000,0.000000,0.000000,0.000000,0.000000,0.000000,0.000000,0.000000,0.000000,0.000000,0.000000,0.000000,0.000000
1156,1694846654.662418,0,,,0.0000,0.0000,0.0000,0.0000,,,,,,,,,,,0.000000,0.000000,0.000000,0.000000,0.000000,0.000000,0.000000,0.000000,0.000000,0.000000,0.000000,0.000000,0.000000,0.000000,0.000000,0.000000,0.000000,0.000000,0.000000,0.000000,0.000000,0.000000,0.000000,0.000000,0.000000,0.000000,0.000000,0.000000,0.000000,0.000000,0.000000,0.000000,0.000000,0.000000,0.000000,0.000000,0.000000,0.000000,0.000000,0.000000,0.000000,0.000000,0.000000,0.000000,0.000000,0.000000,0.000000,0.000000,0.000000,0.000000,0.000000,0.000000,0.000000,0.000000,0.000000,0.000000,0.000000,0.000000,0.000000,0.000000,0.000000,0.000000,0.000000
1157,1694846654.670751,0,,,0.0000,0.0000,0.0000,0.0000,,,,,,,,,,,0.000000,0.000000,0.000000,0.000000,0.000000,0.000000,0.000000,0.000000,0.000000,0.000000,0.000000,0.000000,0.000000,0.000000,0.000000,0.000000,0.000000,0.000000,0.000000,0.000000,0.000000,0.000000,0.000000,0.000000,0.000000,0.000000,0.000000,0.000000,0.000000,0.000000,0.000000,0.000000,0.000000,0.000000,0.000000,0.000000,0.000000,0.000000,0.000000,0.000000,0.000000,0.000000,0.000000,0.000000,0.000000,0.000000,0.000000,0.000000,0.000000,0.000000,0.000000,0.000000,0.000000,0.000000,0.000000,0.000000,0.000000,0.000000,0.000000,0.000000,0.000000,0.000000,0.000000
1158,1694846654.679085,0,,,0.0000,0.0000,0.0000,0.0000,,,,,,,,,,,0.000000,0.000000,0.000000,0.000000,0.000000,0.000000,0.000000,0.000000,0.000000,0.000000,0.000000,0.000000,0.000000,0.000000,0.000000,0.000000,0.000000,0.000000,0.000000,0.000000,0.000000,0.000000,0.000000,0.000000,0.000000,0.000000,0.000000,0.000000,0.000000,0.000000,0.000000,0.000000,0.000000,0.000000,0.000000,0.000000,0.000000,0.000000,0.000000,0.000000,0.000000,0.000000,0.000000,0.000000,0.000000,0.000000,0.000000,0.000000,0.000000,0.000000,0.000000,0.000000,0.000000,0.000000,0.000000,0.000000,0.000000,0.000000,0.000000,0.000000,0.000000,0.000000,0.000000
1159,1694846654.687418,0,,,0.0000,0.0000,0.0000,0.0000,,,,,,,,,,,0.000000,0.000000,0.000000,0.000000,0.000000,0.000000,0.000000,0.000000,0.000000,0.000000,0.000000,0.000000,0.000000,0.000000,0.000000,0.000000,0.000000,0.000000,0.000000,0.000000,0.000000,0.000000,0.000000,0.000000,0.000000,0.000000,0.000000,0.000000,0.000000,0.000000,0.000000,0.000000,0.000000,0.000000,0.000000,0.000000,0.000000,0.000000,0.000000,0.000000,0.000000,0.000000,0.000000,0.000000,0.000000,0.000000,0.000000,0.000000,0.000000,0.000000,0.000000,0.000000,0.000000,0.000000,0.000000,0.000000,0.000000,0.000000,0.000000,0.000000,0.000000,0.000000,0.000000
1160,1694846654.695751,0,,,0.0000,0.0000,0.0000,0.0000,,,,,,,,,,,0.000000,0.000000,0.000000,0.000000,0.000000,0.000000,0.000000,0.000000,0.000000,0.000000,0.000000,0.000000,0.000000,0.000000,0.000000,0.000000,0.000000,0.000000,0.000000,0.000000,0.000000,0.000000,0.000000,0.000000,0.000000,0.000000,0.000000,0.000000,0.000000,0.000000,0.000000,0.000000,0.000000,0.000000,0.000000,0.000000,0.000000,0.000000,0.000000,0.000000,0.000000,0.000000,0.000000,0.000000,0.000000,0.000000,0.000000,0.000000,0.000000,0.000000,0.000000,0.000000,0.000000,0.000000,0.000000,0.000000,0.000000,0.000000,0.000000,0.000000,0.000000,0.000000,0.000000
1161,1694846654.704085,0,-64.8531,-64.8531,-22.8635,0.0000,38.8078,319.3494,,6209.1631,1.7920,135.1435,98.5161,159.3725,178.0554,187.0471,198.1248,0.009147,0.461562,0.937808,-0.000000,0.394279,0.975143,-0.013854,0.329405,0.929889,-0.019063,0.300304,0.840103,-0.019801,0.300912,0.778640,-0.020076,0.337149,0.812436,-0.033580,0.285936,0.701743,-0.045257,0.261172,0.633458,-0.051398,0.241820,0.580202,-0.056192,0.371948,0.754699,-0.026809,0.319096,0.717773,-0.033252,0.317223,0.754811,-0.025231,0.328693,0.788772,-0.019047,0.400682,0.726629,-0.020252,0.350066,0.718152,-0.027994,0.350699,0.752050,-0.019607,0.364288,0.785335,-0.012866,0.423143,0.712304,-0.014550,0.380247,0.712638,-0.022391,0.376887,0.745923,-0.019092,0.385474,0.774506,-0.014551
1162,1694846654.712418,0,,,0.0000,0.0000,0.0000,0.0000,,,,,,,,,,,0.000000,0.000000,0.000000,0.000000,0.000000,0.000000,0.000000,0.000000,0.000000,0.000000,0.000000,0.000000,0.000000,0.000000,0.000000,0.000000,0.000000,0.000000,0.000000,0.000000,0.000000,0.000000,0.000000,0.000000,0.000000,0.000000,0.000000,0.000000,0.000000,0.000000,0.000000,0.000000,0.000000,0.000000,0.000000,0.000000,0.000000,0.000000,0.000000,0.000000,0.000000,0.000000,0.000000,0.000000,0.000000,0.000000,0.000000,0.000000,0.000000,0.000000,0.000000,0.000000,0.000000,0.000000,0.000000,0.000000,0.000000,0.000000,0.000000,0.000000,0.000000,0.000000,0.000000
1163,1694846654.720751,0,,,0.0000,0.0000,0.0000,0.0000,,,,,,,,,,,0.000000,0.000000,0.000000,0.000000,0.000000,0.000000,0.000000,0.000000,0.000000,0.000000,0.000000,0.000000,0.000000,0.000000,0.000000,0.000000,0.000000,0.000000,0.000000,0.000000,0.000000,0.000000,0.000000,0.000000,0.000000,0.000000,0.000000,0.000000,0.000000,0.000000,0.000000,0.000000,0.000000,0.000000,0.000000,0.000000,0.000000,0.000000,0.000000,0.000000,0.000000,0.000000,0.000000,0.000000,0.000000,0.000000,0.000000,0.000000,0.000000,0.000000,0.000000,0.000000,0.000000,0.000000,0.000000,0.000000,0.000000,0.000000,0.000000,0.000000,0.000000,0.000000,0.000000
1164,1694846654.729085,1,,,0.0000,0.0000,0.0000,0.0000,,,,,,,,,,,0.000000,0.000000,0.000000,0.000000,0.000000,0.000000,0.000000,0.000000,0.000000,0.000000,0.000000,0.000000,0.000000,0.000000,0.000000,0.000000,0.000000,0.000000,0.000000,0.000000,0.000000,0.000000,0.000000,0.000000,0.000000,0.000000,0.000000,0.000000,0.000000,0.000000,0.000000,0.000000,0.000000,0.000000,0.000000,0.000000,0.000000,0.000000,0.000000,0.000000,0.000000,0.000000,0.000000,0.000000,0.000000,0.000000,0.000000,0.000000,0.000000,0.000000,0.000000,0.000000,0.000000,0.000000,0.000000,0.000000,0.000000,0.000000,0.000000,0.000000,0.000000,0.000000,0.000000
1165,1694846654.737418,1,-42.7285,-42.7285,-17.7327,0.0000,43.3612,204.3606,,4420.4172,2.5838,130.6690,66.6552,140.0595,151.8036,154.9816,163.0334,0.017175,0.473942,0.929470,-0.000000,0.406680,0.961665,-0.009001,0.344719,0.905978,-0.010368,0.316378,0.816021,-0.008233,0.314180,0.757352,-0.005689,0.353046,0.788984,-0.023547,0.308147,0.681100,-0.032041,0.286492,0.616393,-0.037150,0.268883,0.566197,-0.041364,0.389325,0.736239,-0.017895,0.338080,0.700494,-0.019684,0.336091,0.739059,-0.009888,0.346736,0.773253,-0.002847,0.419955,0.715801,-0.012540,0.369743,0.707566,-0.016929,0.369157,0.742058,-0.007974,0.381644,0.774346,-0.001245,0.444528,0.708798,-0.007633,0.403530,0.707659,-0.012108,0.399258,0.740538,-0.007484,0.407086,0.769957,-0.002576
1166,1694846654.745751,1,39.3044,39.3044,1.1879,18.9206,45.0760,45.8377,23.8549,4644.5265,2.5134,137.2446,67.5873,132.3432,142.2129,144.7325,151.3670,0.018833,0.478888,0.931548,-0.000000,0.410236,0.962327,-0.009081,0.348354,0.903647,-0.010406,0.322173,0.810900,-0.007874,0.322082,0.750516,-0.004982,0.357606,0.789236,-0.024135,0.313323,0.678501,-0.031391,0.293062,0.612765,-0.035663,0.276862,0.561158,-0.039422,0.394880,0.736707,-0.017723,0.344133,0.693208,-0.017701,0.340918,0.731598,-0.007063,0.350519,0.768855,0.000314,0.425571,0.716250,-0.011430,0.375539,0.704064,-0.013599,0.373662,0.737425,-0.004516,0.384836,0.771371,0.001746,0.449717,0.708958,-0.005620,0.408560,0.707263,-0.008445,0.404217,0.739159,-0.003827,0.411847,0.768914,0.000604
1167,1694846654.754085,1,44.4463,44.4463,1.7862,0.5983,46.7056,108.5293,42.7950,4868.0584,2.7787,140.2060,63.2368,131.5980,140.2701,142.0221,146.9460,0.016621,0.480226,0.923492,-0.000000,0.413593,0.956096,-0.009277,0.351632,0.896599,-0.012072,0.325943,0.803439,-0.011733,0.327969,0.745217,-0.011479,0.364503,0.790492,-0.025032,0.319745,0.680520,-0.034840,0.297474,0.612238,-0.040850,0.280658,0.558876,-0.045781,0.401683,0.737487,-0.020642,0.353295,0.694462,-0.026914,0.351303,0.734055,-0.019243,0.363544,0.771041,-0.012319,0.432854,0.716562,-0.016265,0.385650,0.705342,-0.023971,0.384179,0.738853,-0.015839,0.397818,0.771462,-0.008591,0.457373,0.708944,-0.012188,0.418907,0.706523,-0.018678,0.415677,0.739264,-0.013989,0.425869,0.767481,-0.008472
1168,1694846654.762418,1,39.4477,39.4477,26.0752,24.2890,47.0304,1151.7052,21.6742,5199.0011,2.7592,141.2724,55.5112,129.9597,133.4495,132.1359,135.0279,0.010853,0.485776,0.922478,-0.000000,0.417904,0.953738,-0.009394,0.357102,0.892543,-0.011793,0.332940,0.798935,-0.011161,0.335574,0.740359,-0.010477,0.371089,0.785426,-0.024172,0.326662,0.676575,-0.033788,0.305430,0.609915,-0.039599,0.289634,0.557061,-0.044367,0.408669,0.733684,-0.019588,0.360503,0.695013,-0.025699,0.358183,0.735551,-0.017970,0.370218,0.770583,-0.011148,0.439851,0.714701,-0.015165,0.393667,0.706831,-0.022808,0.392295,0.740992,-0.014454,0.406018,0.772342,-0.007090,0.464089,0.709482,-0.011148,0.426953,0.708001,-0.017293,0.423924,0.740111,-0.012330,0.433857,0.767670,-0.006679
1169,1694846654.770751,1,43.5012,43.5012,21.5574,-4.5178,33.8253,1129.5155,6.5328,4405.0779,2.1113,133.8611,59.3362,131.9591,131.1480,126.4240,125.2079,0.009708,0.488114,0.921694,-0.000000,0.422716,0.951016,-0.008464,0.363991,0.889538,-0.011564,0.340554,0.797520,-0.011685,0.342542,0.740010,-0.011957,0.376979,0.784054,-0.024763,0.336175,0.677179,-0.035698,0.316289,0.610819,-0.042685,0.301815,0.558252,-0.047927,0.414901,0.732800,-0.020485,0.367942,0.692206,-0.026309,0.364869,0.732550,-0.018323,0.376378,0.767161,-0.011427,0.446746,0.714602,-0.016294,0.400550,0.702697,-0.024004,0.397552,0.737609,-0.015629,0.410009,0.769413,-0.008282,0.471961,0.710139,-0.012236,0.434571,0.707006,-0.017957,0.430301,0.738945,-0.012449,0.439453,0.766828,-0.006533
1170,1694846654.779085,1,36.9466,36.9466,-0.5895,-22.1469,2.8100,1130.7909,22.6735,4867.1510,1.4161,133.5918,68.3027,131.6298,125.0810,115.0377,108.0823,0.003757,0.497333,0.931204,-0.000000,0.429081,0.954429,-0.010277,0.368331,0.886760,-0.013702,0.348819,0.790008,-0.014234,0.356794,0.732793,-0.014518,0.384999,0.776467,-0.021832,0.347778,0.670732,-0.031427,0.330464,0.606025,-0.038071,0.318024,0.553693,-0.044099,0.424301,0.730038,-0.017159,0.380927,0.707169,-0.023937,0.380796,0.752989,-0.017456,0.394059,0.783789,-0.012298,0.455765,0.715710,-0.013085,0.413842,0.711839,-0.021015,0.412203,0.748276,-0.012787,0.424534,0.779335,-0.006411,0.481002,0.713923,-0.009743,0.446759,0.715518,-0.016906,0.443393,0.749145,-0.013040,0.452277,0.776815,-0.008382
1171,1694846654.787418,1,-35.1173,-35.1173,-19.8909,-19.3015,30.6021,855.0602,11.9538,6704.7526,2.2786,133.5571,79.0265,131.8961,120.8915,106.3417,94.1785,0.001993,0.501256,0.928343,-0.000000,0.433800,0.953846,-0.008902,0.374883,0.887916,-0.011658,0.354178,0.791812,-0.011252,0.361839,0.736585,-0.010577,0.393029,0.777734,-0.022887,0.358093,0.667288,-0.032085,0.341680,0.601501,-0.038002,0.330063,0.547704,-0.043113,0.432315,0.732971,-0.017733,0.389318,0.700119,-0.023247,0.389232,0.748326,-0.014696,0.402880,0.781594,-0.007609,0.464309,0.719030,-0.012769,0.421669,0.708128,-0.020421,0.419999,0.747493,-0.011224,0.433137,0.778822,-0.003453,0.490540,0.717596,-0.008053,0.455173,0.710624,-0.013928,0.450988,0.745113,-0.008595,0.460455,0.773035,-0.002771
1172,1694846654.795751,1,30.5599,30.5599,-2.2219,17.6690,29.3942,1561.0938,9.9106,5856.4684,2.5753,142.1806,85.1138,134.2427,117.5268,98.0688,81.1904,0.000100,0.504867,0.932232,-0.000000,0.437273,0.954738,-0.009810,0.379382,0.884521,-0.012861,0.362521,0.784802,-0.013001,0.376725,0.727635,-0.012825,0.401764,0.774297,-0.022551,0.368761,0.662543,-0.031343,0.352386,0.594925,-0.037179,0.340991,0.539104,-0.042940,0.442019,0.730991,-0.018180,0.402213,0.704788,-0.025282,0.401566,0.751857,-0.017936,0.415255,0.782595,-0.012006,0.473875,0.718759,-0.014154,0.433979,0.711142,-0.022548,0.432445,0.748054,-0.013352,0.445779,0.777703,-0.006068,0.499018,0.719676,-0.010739,0.465170,0.717029,-0.018112,0.462655,0.749847,-0.013528,0.473225,0.776228,-0.008334
1173,1694846654.804085,1,-31.7308,-31.7308,-18.8080,-16.5860,34.7602,1521.3253,10.1138,6382.5417,2.1490,145.8557,99.7528,138.9767,118.0150,93.8964,70.4552,0.000000,0.512135,0.930290,-0.000000,0.444527,0.953242,-0.011204,0.387338,0.885912,-0.014507,0.370226,0.788042,-0.014286,0.383009,0.729954,-0.013620,0.411975,0.769792,-0.024375,0.379114,0.657373,-0.032447,0.363489,0.590994,-0.037403,0.352800,0.535034,-0.042380,0.452513,0.729099,-0.018893,0.409604,0.705643,-0.025344,0.408515,0.751961,-0.018116,0.423013,0.781250,-0.012518,0.482972,0.718611,-0.013730,0.440260,0.712471,-0.021381,0.438520,0.749222,-0.012876,0.451989,0.777577,-0.006337,0.505846,0.720546,-0.009254,0.470012,0.719146,-0.015839,0.468637,0.751392,-0.011556,0.480082,0.776359,-0.006726
1174,1694846654.812418,1,28.1296,28.1296,-2.2043,16.6037,32.1389,1439.0906,11.2448,4054.4307,2.4341,143.8966,108.5673,144.1887,118.8734,91.2007,62.0475,0.000000,0.516551,0.937178,-0.000000,0.448709,0.953083,-0.009638,0.392397,0.880389,-0.012338,0.378293,0.779691,-0.011665,0.395188,0.725807,-0.010745,0.419341,0.771755,-0.023942,0.388046,0.657354,-0.031308,0.373210,0.589342,-0.036376,0.362383,0.532294,-0.041940,0.460239,0.731546,-0.018864,0.417290,0.704541,-0.024173,0.416391,0.752448,-0.016349,0.430036,0.783387,-0.010655,0.490605,0.721681,-0.013795,0.448407,0.714097,-0.019243,0.446064,0.750853,-0.009972,0.458654,0.781160,-0.003636,0.513542,0.724723,-0.009426,0.478766,0.724089,-0.014986,0.477232,0.755740,-0.010893,0.488397,0.780628,-0.006581
1175,1694846654.820751,1,-33.7836,-33.7836,0.3334,2.5377,30.8375,1364.7834,11.0658,4112.8628,2.7606,134.9815,117.3244,154.1443,127.5951,97.7451,62.3147,0.000000,0.521319,0.936923,-0.000000,0.454486,0.956284,-0.011246,0.397798,0.880205,-0.014399,0.384227,0.778554,-0.013689,0.402313,0.725710,-0.012694,0.424765,0.774118,-0.024660,0.397484,0.660601,-0.033037,0.383515,0.591780,-0.039040,0.373697,0.535596,-0.045236,0.466652,0.734691,-0.019511,0.424292,0.697088,-0.025045,0.420648,0.743038,-0.017045,0.432920,0.775043,-0.011075,0.497569,0.725332,-0.014869,0.455396,0.706957,-0.021298,0.451567,0.743634,-0.011641,0.463336,0.773868,-0.004833,0.521108,0.728331,-0.011077,0.486305,0.719149,-0.017532,0.482634,0.751753,-0.013267,0.491772,0.778778,-0.008920
1176,1694846654.829085,0,,,0.0000,0.0000,0.0000,0.0000,36.3071,4004.6009,3.0531,111.6574,129.8445,173.6645,144.6328,111.7335,70.4269,0.000000,0.524996,0.943663,-0.000000,0.458432,0.954812,-0.009157,0.403403,0.876829,-0.011515,0.390547,0.776492,-0.011213,0.408165,0.724548,-0.010582,0.430948,0.772311,-0.018687,0.408284,0.665077,-0.025063,0.396592,0.600704,-0.029136,0.388589,0.547808,-0.033791,0.471558,0.735510,-0.014865,0.433251,0.705203,-0.020483,0.430228,0.751888,-0.013793,0.441638,0.784969,-0.008242,0.502554,0.726809,-0.011406,0.463257,0.715086,-0.017734,0.459402,0.752805,-0.009611,0.469899,0.784877,-0.003403,0.526729,0.729898,-0.008657,0.494112,0.727549,-0.013827,0.490270,0.760498,-0.009864,0.499004,0.788187,-0.005548
1177,1694846654.837418,0,,,0.0000,0.0000,0.0000,0.0000,40.6160,4586.6954,3.2270,81.3017,144.3135,182.8505,151.9896,116.9645,72.6121,0.000000,0.530876,0.948033,-0.000000,0.461846,0.953972,-0.008692,0.407855,0.877673,-0.010182,0.395327,0.778278,-0.009241,0.411858,0.726185,-0.007624,0.437984,0.768820,-0.017095,0.417007,0.658444,-0.021577,0.407557,0.595805,-0.023539,0.400863,0.544673,-0.026801,0.479585,0.734896,-0.013048,0.438652,0.709033,-0.018289,0.435842,0.755740,-0.011820,0.447562,0.789226,-0.006577,0.510284,0.728039,-0.009210,0.468410,0.721158,-0.015217,0.465288,0.759880,-0.007444,0.475515,0.792340,-0.001582,0.533741,0.733554,-0.006061,0.499221,0.734908,-0.010851,0.496503,0.766423,-0.007369,0.505443,0.793244,-0.003382
1178,1694846654.845751,0,,,0.0000,0.0000,0.0000,0.0000,56.7212,4096.5271,2.8541,66.6273,158.3401,194.6929,162.2496,126.1594,80.2903,0.000000,0.536140,0.955721,-0.000000,0.464240,0.952337,-0.005134,0.412448,0.870629,-0.004569,0.400891,0.770677,-0.001626,0.415819,0.721060,0.001851,0.443259,0.766516,-0.014644,0.423940,0.655655,-0.015597,0.416507,0.595946,-0.014886,0.411500,0.545657,-0.016231,0.485139,0.734223,-0.010796,0.444901,0.702249,-0.011404,0.440087,0.747521,-0.003237,0.449333,0.783253,0.002632,0.516039,0.728423,-0.006500,0.473012,0.719213,-0.008195,0.468921,0.756479,-0.001325,0.477669,0.791441,0.003141,0.539172,0.734111,-0.002417,0.504114,0.731492,-0.003621,0.501005,0.761686,-0.000101,0.508487,0.790633,0.003365
1179,1694846654.854085,0,,,0.0000,0.0000,0.0000,0.0000,,,,,,,,,,,0.000000,0.000000,0.000000,0.000000,0.000000,0.000000,0.000000,0.000000,0.000000,0.000000,0.000000,0.000000,0.000000,0.000000,0.000000,0.000000,0.000000,0.000000,0.000000,0.000000,0.000000,0.000000,0.000000,0.000000,0.000000,0.000000,0.000000,0.000000,0.000000,0.000000,0.000000,0.000000,0.000000,0.000000,0.000000,0.000000,0.000000,0.000000,0.000000,0.000000,0.000000,0.000000,0.000000,0.000000,0.000000,0.000000,0.000000,0.000000,0.000000,0.000000,0.000000,0.000000,0.000000,0.000000,0.000000,0.000000,0.000000,0.000000,0.000000,0.000000,0.000000,0.000000,0.000000
1180,1694846654.862418,0,,,0.0000,0.0000,0.0000,0.0000,,,,,,,,,,,0.000000,0.000000,0.000000,0.000000,0.000000,0.000000,0.000000,0.000000,0.000000,0.000000,0.000000,0.000000,0.000000,0.000000,0.000000,0.000000,0.000000,0.000000,0.000000,0.000000,0.000000,0.000000,0.000000,0.000000,0.000000,0.000000,0.000000,0.000000,0.000000,0.000000,0.000000,0.000000,0.000000,0.000000,0.000000,0.000000,0.000000,0.000000,0.000000,0.000000,0.000000,0.000000,0.000000,0.000000,0.000000,0.000000,0.000000,0.000000,0.000000,0.000000,0.000000,0.000000,0.000000,0.000000,0.000000,0.000000,0.000000,0.000000,0.000000,0.000000,0.000000,0.000000,0.000000
1181,1694846654.870751,0,,,0.0000,0.0000,0.0000,0.0000,,,,,,,,,,,0.000000,0.000000,0.000000,0.000000,0.000000,0.000000,0.000000,0.000000,0.000000,0.000000,0.000000,0.000000,0.000000,0.000000,0.000000,0.000000,0.000000,0.000000,0.000000,0.000000,0.000000,0.000000,0.000000,0.000000,0.000000,0.000000,0.000000,0.000000,0.000000,0.000000,0.000000,0.000000,0.000000,0.000000,0.000000,0.000000,0.000000,0.000000,0.000000,0.000000,0.000000,0.000000,0.000000,0.000000,0.000000,0.000000,0.000000,0.000000,0.000000,0.000000,0.000000,0.000000,0.000000,0.000000,0.000000,0.000000,0.000000,0.000000,0.000000,0.000000,0.000000,0.000000,0.000000
1182,1694846654.879085,0,,,0.0000,0.0000,0.0000,0.0000,,,,,,,,,,,0.000000,0.000000,0.000000,0.000000,0.000000,0.000000,0.000000,0.000000,0.000000,0.000000,0.000000,0.000000,0.000000,0.000000,0.000000,0.000000,0.000000,0.000000,0.000000,0.000000,0.000000,0.000000,0.000000,0.000000,0.000000,0.000000,0.000000,0.000000,0.000000,0.000000,0.000000,0.000000,0.000000,0.000000,0.000000,0.000000,0.000000,0.000000,0.000000,0.000000,0.000000,0.000000,0.000000,0.000000,0.000000,0.000000,0.000000,0.000000,0.000000,0.000000,0.000000,0.000000,0.000000,0.000000,0.000000,0.000000,0.000000,0.000000,0.000000,0.000000,0.000000,0.000000,0.000000
1183,1694846654.887418,0,,,0.0000,0.0000,0.0000,0.0000,,4392.1862,2.4710,72.2299,198.8804,224.2376,188.8109,151.4812,104.7326,0.000000,0.545873,0.943556,-0.000000,0.478002,0.941667,-0.007775,0.430078,0.855691,-0.007983,0.423574,0.757042,-0.004968,0.445607,0.716391,-0.001559,0.463394,0.758173,-0.016610,0.449837,0.645584,-0.017921,0.445715,0.581916,-0.018139,0.443364,0.530703,-0.020043,0.504722,0.729914,-0.010964,0.469461,0.693527,-0.010993,0.464097,0.736750,-0.002786,0.471888,0.773859,0.003291,0.535117,0.726784,-0.005146,0.496462,0.713089,-0.007204,0.491569,0.748613,-0.001074,0.498922,0.783493,0.003450,0.557674,0.733916,0.000382,0.525822,0.724994,-0.000698,0.521101,0.752973,0.002742,0.526547,0.781991,0.006280
1184,1694846654.895751,0,,,0.0000,0.0000,0.0000,0.0000,,,,,,,,,,,0.000000,0.000000,0.000000,0.000000,0.000000,0.000000,0.000000,0.000000,0.000000,0.000000,0.000000,0.000000,0.000000,0.000000,0.000000,0.000000,0.000000,0.000000,0.000000,0.000000,0.000000,0.000000,0.000000,0.000000,0.000000,0.000000,0.000000,0.000000,0.000000,0.000000,0.000000,0.000000,0.000000,0.000000,0.000000,0.000000,0.000000,0.000000,0.000000,0.000000,0.000000,0.000000,0.000000,0.000000,0.000000,0.000000,0.000000,0.000000,0.000000,0.000000,0.000000,0.000000,0.000000,0.000000,0.000000,0.000000,0.000000,0.000000,0.000000,0.000000,0.000000,0.000000,0.000000
1185,1694846654.904085,0,,,0.0000,0.0000,0.0000,0.0000,,,,,,,,,,,0.000000,0.000000,0.000000,0.000000,0.000000,0.000000,0.000000,0.000000,0.000000,0.000000,0.000000,0.000000,0.000000,0.000000,0.000000,0.000000,0.000000,0.000000,0.000000,0.000000,0.000000,0.000000,0.000000,0.000000,0.000000,0.000000,0.000000,0.000000,0.000000,0.000000,0.000000,0.000000,0.000000,0.000000,0.000000,0.000000,0.000000,0.000000,0.000000,0.000000,0.000000,0.000000,0.000000,0.000000,0.000000,0.000000,0.000000,0.000000,0.000000,0.000000,0.000000,0.000000,0.000000,0.000000,0.000000,0.000000,0.000000,0.000000,0.000000,0.000000,0.000000,0.000000,0.000000
1186,1694846654.912418,0,,,0.0000,0.0000,0.0000,0.0000,,,,,,,,,,,0.000000,0.000000,0.000000,0.000000,0.000000,0.000000,0.000000,0.000000,0.000000,0.000000,0.000000,0.000000,0.000000,0.000000,0.000000,0.000000,0.000000,0.000000,0.000000,0.000000,0.000000,0.000000,0.000000,0.000000,0.000000,0.000000,0.000000,0.000000,0.000000,0.000000,0.000000,0.000000,0.000000,0.000000,0.000000,0.000000,0.000000,0.000000,0.000000,0.000000,0.000000,0.000000,0.000000,0.000000,0.000000,0.000000,0.000000,0.000000,0.000000,0.000000,0.000000,0.000000,0.000000,0.000000,0.000000,0.000000,0.000000,0.000000,0.000000,0.000000,0.000000,0.000000,0.000000
1187,1694846654.920751,0,,,0.0000,0.0000,0.0000,0.0000,,,,,,,,,,,0.000000,0.000000,0.000000,0.000000,0.000000,0.000000,0.000000,0.000000,0.000000,0.000000,0.000000,0.000000,0.000000,0.000000,0.000000,0.000000,0.000000,0.000000,0.000000,0.000000,0.000000,0.000000,0.000000,0.000000,0.000000,0.000000,0.000000,0.000000,0.000000,0.000000,0.000000,0.000000,0.000000,0.000000,0.000000,0.000000,0.000000,0.000000,0.000000,0.000000,0.000000,0.000000,0.000000,0.000000,0.000000,0.000000,0.000000,0.000000,0.000000,0.000000,0.000000,0.000000,0.000000,0.000000,0.000000,0.000000,0.000000,0.000000,0.000000,0.000000,0.000000,0.000000,0.000000
1188,1694846654.929085,0,,,0.0000,0.0000,0.0000,0.0000,,,,,,,,,,,0.000000,0.000000,0.000000,0.000000,0.000000,0.000000,0.000000,0.000000,0.000000,0.000000,0.000000,0.000000,0.000000,0.000000,0.000000,0.000000,0.000000,0.000000,0.000000,0.000000,0.000000,0.000000,0.000000,0.000000,0.000000,0.000000,0.000000,0.000000,0.000000,0.000000,0.000000,0.000000,0.000000,0.000000,0.000000,0.000000,0.000000,0.000000,0.000000,0.000000,0.000000,0.000000,0.000000,0.000000,0.000000,0.000000,0.000000,0.000000,0.000000,0.000000,0.000000,0.000000,0.000000,0.000000,0.000000,0.000000,0.000000,0.000000,0.000000,0.000000,0.000000,0.000000,0.000000
1189,1694846654.937418,0,,,0.0000,0.0000,0.0000,0.0000,,,,,,,,,,,0.000000,0.000000,0.000000,0.000000,0.000000,0.000000,0.000000,0.000000,0.000000,0.000000,0.000000,0.000000,0.000000,0.000000,0.000000,0.000000,0.000000,0.000000,0.000000,0.000000,0.000000,0.000000,0.000000,0.000000,0.000000,0.000000,0.000000,0.000000,0.000000,0.000000,0.000000,0.000000,0.000000,0.000000,0.000000,0.000000,0.000000,0.000000,0.000000,0.000000,0.000000,0.000000,0.000000,0.000000,0.000000,0.000000,0.000000,0.000000,0.000000,0.000000,0.000000,0.000000,0.000000,0.000000,0.000000,0.000000,0.000000,0.000000,0.000000,0.000000,0.000000,0.000000,0.000000
1190,1694846654.945751,0,,,0.0000,0.0000,0.0000,0.0000,,,,,,,,,,,0.000000,0.000000,0.000000,0.000000,0.000000,0.000000,0.000000,0.000000,0.000000,0.000000,0.000000,0.000000,0.000000,0.000000,0.000000,0.000000,0.000000,0.000000,0.000000,0.000000,0.000000,0.000000,0.000000,0.000000,0.000000,0.000000,0.000000,0.000000,0.000000,0.000000,0.000000,0.000000,0.000000,0.000000,0.000000,0.000000,0.000000,0.000000,0.000000,0.000000,0.000000,0.000000,0.000000,0.000000,0.000000,0.000000,0.000000,0.000000,0.000000,0.000000,0.000000,0.000000,0.000000,0.000000,0.000000,0.000000,0.000000,0.000000,0.000000,0.000000,0.000000,0.000000,0.000000
1191,1694846654.954085,0,,,0.0000,0.0000,0.0000,0.0000,,,,,,,,,,,0.000000,0.000000,0.000000,0.000000,0.000000,0.000000,0.000000,0.000000,0.000000,0.000000,0.000000,0.000000,0.000000,0.000000,0.000000,0.000000,0.000000,0.000000,0.000000,0.000000,0.000000,0.000000,0.000000,0.000000,0.000000,0.000000,0.000000,0.000000,0.000000,0.000000,0.000000,0.000000,0.000000,0.000000,0.000000,0.000000,0.000000,0.000000,0.000000,0.000000,0.000000,0.000000,0.000000,0.000000,0.000000,0.000000,0.000000,0.000000,0.000000,0.000000,0.000000,0.000000,0.000000,0.000000,0.000000,0.000000,0.000000,0.000000,0.000000,0.000000,0.000000,0.000000,0.000000
1192,1694846654.962418,0,,,0.0000,0.0000,0.0000,0.0000,,4513.0663,2.7599,88.0988,212.0750,225.1897,188.1622,149.9467,103.2734,0.000000,0.547778,0.936147,-0.000000,0.478670,0.939191,-0.011645,0.427741,0.851701,-0.014780,0.421587,0.746246,-0.014129,0.443262,0.697134,-0.013060,0.468734,0.751927,-0.024200,0.453978,0.630566,-0.029227,0.449063,0.561844,-0.031247,0.446464,0.507107,-0.034377,0.511371,0.724229,-0.017628,0.473248,0.690446,-0.022856,0.467294,0.735909,-0.014975,0.477137,0.769598,-0.008903,0.540752,0.721789,-0.011135,0.500793,0.705834,-0.017632,0.495492,0.741841,-0.009720,0.504278,0.775341,-0.003716,0.561639,0.727659,-0.005298,0.528107,0.719034,-0.011218,0.523134,0.750902,-0.008205,0.530189,0.778913,-0.004392
1193,1694846654.970751,0,,,0.0000,0.0000,0.0000,0.0000,,,,,,,,,,,0.000000,0.000000,0.000000,0.000000,0.000000,0.000000,0.000000,0.000000,0.000000,0.000000,0.000000,0.000000,0.000000,0.000000,0.000000,0.000000,0.000000,0.000000,0.000000,0.000000,0.000000,0.000000,0.000000,0.000000,0.000000,0.000000,0.000000,0.000000,0.000000,0.000000,0.000000,0.000000,0.000000,0.000000,0.000000,0.000000,0.000000,0.000000,0.000000,0.000000,0.000000,0.000000,0.000000,0.000000,0.000000,0.000000,0.000000,0.000000,0.000000,0.000000,0.000000,0.000000,0.000000,0.000000,0.000000,0.000000,0.000000,0.000000,0.000000,0.000000,0.000000,0.000000,0.000000
1194,1694846654.979085,0,,,0.0000,0.0000,0.0000,0.0000,,,,,,,,,,,0.000000,0.000000,0.000000,0.000000,0.000000,0.000000,0.000000,0.000000,0.000000,0.000000,0.000000,0.000000,0.000000,0.000000,0.000000,0.000000,0.000000,0.000000,0.000000,0.000000,0.000000,0.000000,0.000000,0.000000,0.000000,0.000000,0.000000,0.000000,0.000000,0.000000,0.000000,0.000000,0.000000,0.000000,0.000000,0.000000,0.000000,0.000000,0.000000,0.000000,0.000000,0.000000,0.000000,0.000000,0.000000,0.000000,0.000000,0.000000,0.000000,0.000000,0.000000,0.000000,0.000000,0.000000,0.000000,0.000000,0.000000,0.000000,0.000000,0.000000,0.000000,0.000000,0.000000
1195,1694846654.987418,0,,,0.0000,0.0000,0.0000,0.0000,,,,,,,,,,,0.000000,0.000000,0.000000,0.000000,0.000000,0.000000,0.000000,0.000000,0.000000,0.000000,0.000000,0.000000,0.000000,0.000000,0.000000,0.000000,0.000000,0.000000,0.000000,0.000000,0.000000,0.000000,0.000000,0.000000,0.000000,0.000000,0.000000,0.000000,0.000000,0.000000,0.000000,0.000000,0.000000,0.000000,0.000000,0.000000,0.000000,0.000000,0.000000,0.000000,0.000000,0.000000,0.000000,0.000000,0.000000,0.000000,0.000000,0.000000,0.000000,0.000000,0.000000,0.000000,0.000000,0.000000,0.000000,0.000000,0.000000,0.000000,0.000000,0.000000,0.000000,0.000000,0.000000
1196,1694846654.995751,0,,,0.0000,0.0000,0.0000,0.0000,,,,,,,,,,,0.000000,0.000000,0.000000,0.000000,0.000000,0.000000,0.000000,0.000000,0.000000,0.000000,0.000000,0.000000,0.000000,0.000000,0.000000,0.000000,0.000000,0.000000,0.000000,0.000000,0.000000,0.000000,0.000000,0.000000,0.000000,0.000000,0.000000,0.000000,0.000000,0.000000,0.000000,0.000000,0.000000,0.000000,0.000000,0.000000,0.000000,0.000000,0.000000,0.000000,0.000000,0.000000,0.000000,0.000000,0.000000,0.000000,0.000000,0.000000,0.000000,0.000000,0.000000,0.000000,0.000000,0.000000,0.000000,0.000000,0.000000,0.000000,0.000000,0.000000,0.000000,0.000000,0.000000
1197,1694846655.004085,0,,,0.0000,0.0000,0.0000,0.0000,,3801.5255,3.1714,82.6713,192.0165,200.0505,163.2454,124.8119,78.1005,0.000000,0.537148,0.932185,-0.000000,0.466546,0.940024,-0.009348,0.413861,0.855994,-0.012391,0.403172,0.747127,-0.011159,0.422342,0.690417,-0.009740,0.453103,0.756557,-0.028531,0.434621,0.626310,-0.033381,0.430044,0.553461,-0.034761,0.427612,0.495644,-0.037053,0.495460,0.721831,-0.021406,0.453558,0.683846,-0.022934,0.448069,0.729073,-0.011707,0.457725,0.763303,-0.004171,0.524487,0.715007,-0.013723,0.481221,0.698298,-0.015972,0.476845,0.733723,-0.006169,0.486333,0.767778,-0.000036,0.545135,0.717720,-0.006333,0.509427,0.710843,-0.008133,0.506197,0.741756,-0.003387,0.513955,0.769505,0.000815
1198,1694846655.012418,0,,,0.0000,0.0000,0.0000,0.0000,,,,,,,,,,,0.000000,0.000000,0.000000,0.000000,0.000000,0.000000,0.000000,0.000000,0.000000,0.000000,0.000000,0.000000,0.000000,0.000000,0.000000,0.000000,0.000000,0.000000,0.000000,0.000000,0.000000,0.000000,0.000000,0.000000,0.000000,0.000000,0.000000,0.000000,0.000000,0.000000,0.000000,0.000000,0.000000,0.000000,0.000000,0.000000,0.000000,0.000000,0.000000,0.000000,0.000000,0.000000,0.000000,0.000000,0.000000,0.000000,0.000000,0.000000,0.000000,0.000000,0.000000,0.000000,0.000000,0.000000,0.000000,0.000000,0.000000,0.000000,0.000000,0.000000,0.000000,0.000000,0.000000
1199,1694846655.020751,0,,,0.0000,0.0000,0.0000,0.0000,,4094.6541,2.9645,87.6404,177.0602,187.5101,151.2844,113.3891,66.3029,0.000000,0.527747,0.931759,-0.000000,0.457269,0.939156,-0.008924,0.405144,0.857395,-0.010885,0.394896,0.749355,-0.009136,0.412170,0.692570,-0.007066,0.441836,0.752280,-0.024796,0.424106,0.625604,-0.028829,0.418875,0.553286,-0.029436,0.415123,0.497798,-0.030972,0.484231,0.718177,-0.018351,0.442143,0.682701,-0.020449,0.434394,0.726265,-0.010455,0.442006,0.762588,-0.003047,0.513978,0.711377,-0.011501,0.469871,0.698412,-0.014922,0.463788,0.732814,-0.006604,0.471534,0.766766,-0.000535,0.535646,0.714153,-0.004896,0.497587,0.708546,-0.006884,0.491379,0.738198,-0.002535,0.496874,0.765406,0.001853
1200,1694846655.029085,0,,,0.0000,0.0000,0.0000,0.0000,62.7423,3631.8302,3.2954,78.8133,170.8030,178.3361,143.2264,105.6512,58.7778,0.000000,0.525799,0.932105,-0.000000,0.454018,0.939682,-0.010613,0.400545,0.858478,-0.012865,0.390000,0.751042,-0.010883,0.406995,0.693370,-0.008142,0.437172,0.755292,-0.028134,0.419313,0.624957,-0.034670,0.413641,0.552387,-0.037103,0.409040,0.494909,-0.040069,0.480542,0.720225,-0.021247,0.437084,0.679108,-0.025029,0.431472,0.722980,-0.015078,0.441426,0.756194,-0.008124,0.510094,0.712255,-0.014184,0.465099,0.691625,-0.018922,0.460006,0.727435,-0.009211,0.469400,0.761337,-0.002464,0.530732,0.714365,-0.007727,0.493746,0.701730,-0.011989,0.487923,0.732251,-0.008008,0.493969,0.761267,-0.003853
1201,1694846655.037418,0,,,0.0000,0.0000,0.0000,0.0000,31.5289,3813.2520,2.7710,88.0147,156.9238,169.5895,136.1447,99.5616,53.6868,0.000000,0.522005,0.937758,-0.000000,0.449156,0.942325,-0.007499,0.395678,0.857787,-0.008051,0.384060,0.750920,-0.005256,0.401174,0.694866,-0.001927,0.429683,0.756989,-0.022227,0.411262,0.630929,-0.026903,0.405143,0.558882,-0.028489,0.400209,0.500927,-0.031160,0.472377,0.719301,-0.016577,0.428802,0.677471,-0.019486,0.423403,0.723366,-0.009711,0.433058,0.759159,-0.002470,0.502501,0.708773,-0.010533,0.456933,0.688540,-0.013784,0.450963,0.724551,-0.004041,0.459716,0.760138,0.002772,0.523887,0.709605,-0.004927,0.485448,0.700127,-0.007515,0.478935,0.730758,-0.003157,0.484674,0.760859,0.001149
1202,1694846655.045751,1,,,0.0000,0.0000,0.0000,0.0000,5.2557,4036.6215,2.9841,103.1211,145.7726,163.2291,131.1455,95.4148,51.5830,0.000000,0.519125,0.935267,-0.000000,0.446690,0.944004,-0.009206,0.390839,0.860835,-0.010382,0.378204,0.753679,-0.008089,0.396057,0.697122,-0.004981,0.425041,0.755961,-0.021629,0.405483,0.631706,-0.026270,0.397794,0.562544,-0.027801,0.392245,0.504907,-0.030636,0.467577,0.718648,-0.015446,0.422243,0.681904,-0.018938,0.418134,0.730729,-0.009166,0.430618,0.763763,-0.001882,0.497415,0.709323,-0.009265,0.451261,0.691218,-0.014009,0.446210,0.729957,-0.004351,0.457061,0.763476,0.002719,0.519036,0.710532,-0.003640,0.481188,0.700201,-0.007429,0.475850,0.732174,-0.003236,0.483783,0.760668,0.001123
1203,1694846655.054085,1,,,0.0000,0.0000,0.0000,0.0000,3.2432,3844.8501,2.8989,131.0856,135.1959,152.0179,122.5428,90.1015,50.3207,0.000000,0.514780,0.924371,-0.000000,0.444054,0.943391,-0.008567,0.388085,0.866597,-0.010125,0.374710,0.762247,-0.008772,0.389245,0.703296,-0.006935,0.418215,0.756831,-0.019091,0.397159,0.635894,-0.024544,0.388313,0.564727,-0.026958,0.382356,0.508680,-0.029903,0.460292,0.718658,-0.014050,0.418029,0.685481,-0.018792,0.413794,0.730813,-0.010491,0.426206,0.763682,-0.003789,0.490205,0.709575,-0.009221,0.446822,0.695617,-0.015662,0.442340,0.732403,-0.007504,0.453844,0.764271,-0.001040,0.512339,0.710413,-0.004721,0.475006,0.704556,-0.009154,0.471230,0.736988,-0.004693,0.480421,0.764873,0.000024
1204,1694846655.062418,1,16.7493,16.7493,-3.4527,0.0000,28.7548,141.2084,25.5173,3993.7388,2.9993,143.5054,124.2710,147.3470,118.9764,87.8996,52.5301,0.000000,0.508857,0.922238,-0.000000,0.439242,0.944785,-0.008880,0.382642,0.868887,-0.009697,0.367526,0.764135,-0.006715,0.384667,0.707262,-0.003179,0.411364,0.757893,-0.021217,0.387902,0.638900,-0.026501,0.379328,0.567595,-0.029337,0.374646,0.511615,-0.032398,0.452857,0.718790,-0.015182,0.411250,0.683369,-0.017222,0.407073,0.727762,-0.007270,0.419033,0.760504,0.000087,0.482605,0.710120,-0.009391,0.440456,0.694382,-0.013722,0.435673,0.729451,-0.005458,0.447073,0.761036,0.000698,0.505129,0.712599,-0.003918,0.469052,0.706263,-0.006792,0.465018,0.735762,-0.002159,0.473577,0.763654,0.002347
1205,1694846655.070751,1,-10.6511,-10.6511,5.2699,8.7226,25.0506,60.7226,42.6791,4412.4863,2.3600,154.0918,118.9557,140.0392,112.6481,83.2198,51.8739,0.000000,0.503496,0.924873,-0.000000,0.433403,0.946552,-0.008472,0.376790,0.871716,-0.008873,0.360180,0.769019,-0.006560,0.372374,0.711486,-0.003495,0.401752,0.755183,-0.015730,0.380658,0.634664,-0.020406,0.372906,0.564639,-0.022449,0.368501,0.509159,-0.025016,0.443049,0.718063,-0.010534,0.402662,0.694352,-0.015118,0.400167,0.740251,-0.007458,0.413520,0.771039,-0.001070,0.473822,0.709784,-0.005780,0.432922,0.702065,-0.012785,0.430395,0.738816,-0.005269,0.442401,0.768933,0.001180,0.496982,0.711851,-0.001399,0.462197,0.707609,-0.006066,0.459085,0.739909,-0.001672,0.468096,0.767842,0.003365
1206,1694846655.079085,1,-16.0567,-16.0567,-11.0466,-16.3165,22.5196,376.4417,19.4161,4110.4093,2.2422,145.9630,105.7156,140.0329,115.4704,89.0626,62.7418,0.000000,0.498466,0.922444,-0.000000,0.430452,0.948291,-0.008806,0.372306,0.874519,-0.009717,0.353576,0.772988,-0.007722,0.364553,0.716168,-0.005122,0.395992,0.760774,-0.017530,0.373477,0.641587,-0.022716,0.366012,0.573232,-0.025051,0.362219,0.519173,-0.027878,0.436801,0.721074,-0.012196,0.396996,0.693506,-0.016748,0.394509,0.739119,-0.008662,0.407410,0.769816,-0.002010,0.467623,0.711529,-0.007289,0.426389,0.702843,-0.013656,0.423761,0.738405,-0.005794,0.435646,0.767957,0.000536,0.490962,0.713108,-0.002809,0.455255,0.713049,-0.007336,0.452863,0.744766,-0.003183,0.462371,0.771080,0.001428
1207,1694846655.087418,1,21.8671,21.8671,13.9127,24.9592,20.8595,373.4639,19.1380,5432.7757,2.6266,144.9360,100.0012,134.4003,116.4224,94.5972,72.4478,0.000000,0.495016,0.924566,-0.000000,0.426349,0.953792,-0.009227,0.368991,0.883296,-0.009702,0.349562,0.785417,-0.007496,0.354789,0.727613,-0.004756,0.387614,0.766333,-0.014818,0.365602,0.655393,-0.021824,0.356530,0.586579,-0.026942,0.351575,0.531012,-0.031593,0.427991,0.725627,-0.009852,0.389404,0.698655,-0.014340,0.386386,0.743003,-0.007893,0.399284,0.772432,-0.002609,0.459174,0.714780,-0.005763,0.419066,0.704918,-0.012278,0.415402,0.739936,-0.004896,0.427305,0.769082,0.001113,0.483477,0.716352,-0.002302,0.448452,0.714338,-0.006933,0.445231,0.745345,-0.002509,0.455068,0.772409,0.002321
1208,1694846655.095751,1,-22.9216,-22.9216,-9.9177,-23.8304,18.0617,2443.9307,5.7286,5788.4275,1.2855,142.4035,84.0703,126.1494,115.0035,100.8383,90.3761,0.002764,0.492461,0.931723,-0.000000,0.423824,0.956338,-0.009259,0.363264,0.889052,-0.010805,0.339520,0.792514,-0.010271,0.342564,0.732135,-0.009082,0.380650,0.770277,-0.015349,0.351925,0.657481,-0.022748,0.339333,0.589856,-0.026968,0.330953,0.535876,-0.030931,0.420420,0.726858,-0.011498,0.376749,0.696519,-0.018400,0.374556,0.738741,-0.012852,0.387515,0.768274,-0.007695,0.451749,0.712496,-0.008407,0.406680,0.701390,-0.017049,0.403417,0.734993,-0.009664,0.415222,0.763039,-0.003090,0.475505,0.711415,-0.005960,0.436565,0.706896,-0.012451,0.431445,0.737814,-0.008114,0.440172,0.766065,-0.002807
1209,1694846655.104085,1,-27.1461,-27.1461,-4.1237,5.7940,17.3710,1640.8501,16.6871,4078.1805,2.0517,132.3179,72.6511,128.5285,123.0869,113.8219,107.2273,0.005742,0.486039,0.930211,-0.000000,0.419497,0.960000,-0.008873,0.358148,0.896977,-0.010537,0.333449,0.802437,-0.010273,0.337475,0.739420,-0.009632,0.372231,0.778440,-0.015467,0.341165,0.670282,-0.023292,0.327530,0.601517,-0.028706,0.318695,0.546432,-0.033620,0.410510,0.732773,-0.012547,0.367650,0.702138,-0.019477,0.366045,0.743551,-0.014628,0.379493,0.773420,-0.010052,0.441165,0.716802,-0.010286,0.397409,0.704484,-0.018123,0.394397,0.737585,-0.010345,0.407091,0.765323,-0.003860,0.464466,0.714342,-0.008800,0.427517,0.709812,-0.014812,0.424942,0.740798,-0.009765,0.435819,0.768247,-0.004174
1210,1694846655.112418,1,23.0733,23.0733,9.7825,13.9063,22.0949,1572.3170,15.9684,5225.5131,2.3829,136.6150,68.5295,130.3747,128.7391,122.5387,118.2778,0.008235,0.480539,0.925233,-0.000000,0.415772,0.962518,-0.008452,0.354721,0.906466,-0.009483,0.326986,0.817098,-0.008169,0.327390,0.757610,-0.006464,0.363207,0.785628,-0.015820,0.330850,0.675012,-0.022164,0.317385,0.607135,-0.025341,0.309617,0.554185,-0.028033,0.400128,0.738421,-0.011500,0.357566,0.712200,-0.016612,0.356901,0.754328,-0.010242,0.370854,0.785101,-0.004376,0.431062,0.721143,-0.007606,0.387290,0.716051,-0.014546,0.386314,0.750752,-0.007305,0.399357,0.778717,-0.000836,0.455315,0.717568,-0.004167,0.418486,0.718663,-0.008835,0.416476,0.750267,-0.003958,0.426934,0.777077,0.001646
1211,1694846655.120751,1,-34.0429,-34.0429,-13.9775,-23.7600,24.9997,1575.9882,33.2174,5631.8323,2.6148,136.9722,56.0481,139.5370,142.2740,138.8360,137.7608,0.012564,0.476710,0.928923,-0.000000,0.411109,0.966911,-0.011235,0.349803,0.914551,-0.014196,0.322690,0.824648,-0.014321,0.323541,0.762153,-0.013714,0.358033,0.796353,-0.019557,0.322659,0.685963,-0.027688,0.306812,0.618624,-0.031902,0.295216,0.565903,-0.035607,0.393834,0.744937,-0.014510,0.345218,0.714225,-0.020754,0.345182,0.754623,-0.014413,0.358667,0.785812,-0.008698,0.422893,0.723607,-0.010177,0.373123,0.716155,-0.017749,0.371962,0.750926,-0.009606,0.384002,0.779890,-0.002602,0.444797,0.716547,-0.006676,0.402780,0.716560,-0.012707,0.397749,0.746655,-0.008614,0.404920,0.772490,-0.003606
1212,1694846655.129085,1,43.1977,43.1977,16.5298,30.5073,30.8415,2140.9654,14.9797,5656.6868,1.7678,127.2647,46.0200,160.7389,167.6068,166.6882,165.5919,0.005577,0.472867,0.930871,-0.000000,0.410245,0.971840,-0.010220,0.348891,0.924838,-0.012538,0.319653,0.840190,-0.011510,0.318565,0.779997,-0.010036,0.355085,0.804261,-0.021586,0.316392,0.703943,-0.030073,0.295943,0.642652,-0.035640,0.279620,0.596022,-0.040230,0.388784,0.749498,-0.016043,0.337255,0.714924,-0.018258,0.334896,0.752465,-0.010271,0.346224,0.781788,-0.004552,0.416497,0.725464,-0.011027,0.365294,0.712208,-0.014269,0.361377,0.744393,-0.005277,0.371908,0.772241,0.001015,0.437726,0.716695,-0.006851,0.396319,0.711585,-0.010076,0.388770,0.738438,-0.005481,0.394094,0.764669,-0.000873
1213,1694846655.137418,0,,,0.0000,0.0000,0.0000,0.0000,,,,,,,,,,,0.000000,0.000000,0.000000,0.000000,0.000000,0.000000,0.000000,0.000000,0.000000,0.000000,0.000000,0.000000,0.000000,0.000000,0.000000,0.000000,0.000000,0.000000,0.000000,0.000000,0.000000,0.000000,0.000000,0.000000,0.000000,0.000000,0.000000,0.000000,0.000000,0.000000,0.000000,0.000000,0.000000,0.000000,0.000000,0.000000,0.000000,0.000000,0.000000,0.000000,0.000000,0.000000,0.000000,0.000000,0.000000,0.000000,0.000000,0.000000,0.000000,0.000000,0.000000,0.000000,0.000000,0.000000,0.000000,0.000000,0.000000,0.000000,0.000000,0.000000,0.000000,0.000000,0.000000
1214,1694846655.145751,0,,,0.0000,0.0000,0.0000,0.0000,,,,,,,,,,,0.000000,0.000000,0.000000,0.000000,0.000000,0.000000,0.000000,0.000000,0.000000,0.000000,0.000000,0.000000,0.000000,0.000000,0.000000,0.000000,0.000000,0.000000,0.000000,0.000000,0.000000,0.000000,0.000000,0.000000,0.000000,0.000000,0.000000,0.000000,0.000000,0.000000,0.000000,0.000000,0.000000,0.000000,0.000000,0.000000,0.000000,0.000000,0.000000,0.000000,0.000000,0.000000,0.000000,0.000000,0.000000,0.000000,0.000000,0.000000,0.000000,0.000000,0.000000,0.000000,0.000000,0.000000,0.000000,0.000000,0.000000,0.000000,0.000000,0.000000,0.000000,0.000000,0.000000
1215,1694846655.154085,0,-61.8497,-61.8497,-8.6759,0.0000,38.6655,2351.1348,,4906.4701,2.3404,63.8426,98.2534,198.1903,215.6330,221.2910,227.0221,0.000000,0.460305,0.941612,-0.000000,0.396917,0.984336,-0.012688,0.333694,0.949799,-0.017074,0.301894,0.871678,-0.017853,0.297292,0.817170,-0.017989,0.332816,0.828085,-0.027103,0.281096,0.734944,-0.037399,0.254398,0.677856,-0.043445,0.234011,0.632941,-0.048297,0.364221,0.771149,-0.021182,0.314594,0.750019,-0.027166,0.316985,0.787673,-0.020470,0.331586,0.815296,-0.015101,0.392045,0.744671,-0.015742,0.344180,0.742834,-0.022943,0.345931,0.775563,-0.015080,0.360768,0.803370,-0.008667,0.415137,0.732069,-0.011182,0.373700,0.736556,-0.017704,0.371178,0.767117,-0.013785,0.381265,0.792430,-0.008894
1216,1694846655.162418,0,,,0.0000,0.0000,0.0000,0.0000,,,,,,,,,,,0.000000,0.000000,0.000000,0.000000,0.000000,0.000000,0.000000,0.000000,0.000000,0.000000,0.000000,0.000000,0.000000,0.000000,0.000000,0.000000,0.000000,0.000000,0.000000,0.000000,0.000000,0.000000,0.000000,0.000000,0.000000,0.000000,0.000000,0.000000,0.000000,0.000000,0.000000,0.000000,0.000000,0.000000,0.000000,0.000000,0.000000,0.000000,0.000000,0.000000,0.000000,0.000000,0.000000,0.000000,0.000000,0.000000,0.000000,0.000000,0.000000,0.000000,0.000000,0.000000,0.000000,0.000000,0.000000,0.000000,0.000000,0.000000,0.000000,0.000000,0.000000,0.000000,0.000000
1217,1694846655.170751,0,,,0.0000,0.0000,0.0000,0.0000,,,,,,,,,,,0.000000,0.000000,0.000000,0.000000,0.000000,0.000000,0.000000,0.000000,0.000000,0.000000,0.000000,0.000000,0.000000,0.000000,0.000000,0.000000,0.000000,0.000000,0.000000,0.000000,0.000000,0.000000,0.000000,0.000000,0.000000,0.000000,0.000000,0.000000,0.000000,0.000000,0.000000,0.000000,0.000000,0.000000,0.000000,0.000000,0.000000,0.000000,0.000000,0.000000,0.000000,0.000000,0.000000,0.000000,0.000000,0.000000,0.000000,0.000000,0.000000,0.000000,0.000000,0.000000,0.000000,0.000000,0.000000,0.000000,0.000000,0.000000,0.000000,0.000000,0.000000,0.000000,0.000000
1218,1694846655.179085,0,,,0.0000,0.0000,0.0000,0.0000,,,,,,,,,,,0.000000,0.000000,0.000000,0.000000,0.000000,0.000000,0.000000,0.000000,0.000000,0.000000,0.000000,0.000000,0.000000,0.000000,0.000000,0.000000,0.000000,0.000000,0.000000,0.000000,0.000000,0.000000,0.000000,0.000000,0.000000,0.000000,0.000000,0.000000,0.000000,0.000000,0.000000,0.000000,0.000000,0.000000,0.000000,0.000000,0.000000,0.000000,0.000000,0.000000,0.000000,0.000000,0.000000,0.000000,0.000000,0.000000,0.000000,0.000000,0.000000,0.000000,0.000000,0.000000,0.000000,0.000000,0.000000,0.000000,0.000000,0.000000,0.000000,0.000000,0.000000,0.000000,0.000000
1219,1694846655.187418,0,,,0.0000,0.0000,0.0000,0.0000,,,,,,,,,,,0.000000,0.000000,0.000000,0.000000,0.000000,0.000000,0.000000,0.000000,0.000000,0.000000,0.000000,0.000000,0.000000,0.000000,0.000000,0.000000,0.000000,0.000000,0.000000,0.000000,0.000000,0.000000,0.000000,0.000000,0.000000,0.000000,0.000000,0.000000,0.000000,0.000000,0.000000,0.000000,0.000000,0.000000,0.000000,0.000000,0.000000,0.000000,0.000000,0.000000,0.000000,0.000000,0.000000,0.000000,0.000000,0.000000,0.000000,0.000000,0.000000,0.000000,0.000000,0.000000,0.000000,0.000000,0.000000,0.000000,0.000000,0.000000,0.000000,0.000000,0.000000,0.000000,0.000000
1220,1694846655.195751,0,,,0.0000,0.0000,0.0000,0.0000,,,,,,,,,,,0.000000,0.000000,0.000000,0.000000,0.000000,0.000000,0.000000,0.000000,0.000000,0.000000,0.000000,0.000000,0.000000,0.000000,0.000000,0.000000,0.000000,0.000000,0.000000,0.000000,0.000000,0.000000,0.000000,0.000000,0.000000,0.000000,0.000000,0.000000,0.000000,0.000000,0.000000,0.000000,0.000000,0.000000,0.000000,0.000000,0.000000,0.000000,0.000000,0.000000,0.000000,0.000000,0.000000,0.000000,0.000000,0.000000,0.000000,0.000000,0.000000,0.000000,0.000000,0.000000,0.000000,0.000000,0.000000,0.000000,0.000000,0.000000,0.000000,0.000000,0.000000,0.000000,0.000000
1221,1694846655.204085,0,,,0.0000,0.0000,0.0000,0.0000,,,,,,,,,,,0.000000,0.000000,0.000000,0.000000,0.000000,0.000000,0.000000,0.000000,0.000000,0.000000,0.000000,0.000000,0.000000,0.000000,0.000000,0.000000,0.000000,0.000000,0.000000,0.000000,0.000000,0.000000,0.000000,0.000000,0.000000,0.000000,0.000000,0.000000,0.000000,0.000000,0.000000,0.000000,0.000000,0.000000,0.000000,0.000000,0.000000,0.000000,0.000000,0.000000,0.000000,0.000000,0.000000,0.000000,0.000000,0.000000,0.000000,0.000000,0.000000,0.000000,0.000000,0.000000,0.000000,0.000000,0.000000,0.000000,0.000000,0.000000,0.000000,0.000000,0.000000,0.000000,0.000000
1222,1694846655.212418,0,,,0.0000,0.0000,0.0000,0.0000,,,,,,,,,,,0.000000,0.000000,0.000000,0.000000,0.000000,0.000000,0.000000,0.000000,0.000000,0.000000,0.000000,0.000000,0.000000,0.000000,0.000000,0.000000,0.000000,0.000000,0.000000,0.000000,0.000000,0.000000,0.000000,0.000000,0.000000,0.000000,0.000000,0.000000,0.000000,0.000000,0.000000,0.000000,0.000000,0.000000,0.000000,0.000000,0.000000,0.000000,0.000000,0.000000,0.000000,0.000000,0.000000,0.000000,0.000000,0.000000,0.000000,0.000000,0.000000,0.000000,0.000000,0.000000,0.000000,0.000000,0.000000,0.000000,0.000000,0.000000,0.000000,0.000000,0.000000,0.000000,0.000000
1223,1694846655.220751,0,,,0.0000,0.0000,0.0000,0.0000,,,,,,,,,,,0.000000,0.000000,0.000000,0.000000,0.000000,0.000000,0.000000,0.000000,0.000000,0.000000,0.000000,0.000000,0.000000,0.000000,0.000000,0.000000,0.000000,0.000000,0.000000,0.000000,0.000000,0.000000,0.000000,0.000000,0.000000,0.000000,0.000000,0.000000,0.000000,0.000000,0.000000,0.000000,0.000000,0.000000,0.000000,0.000000,0.000000,0.000000,0.000000,0.000000,0.000000,0.000000,0.000000,0.000000,0.000000,0.000000,0.000000,0.000000,0.000000,0.000000,0.000000,0.000000,0.000000,0.000000,0.000000,0.000000,0.000000,0.000000,0.000000,0.000000,0.000000,0.000000,0.000000
1224,1694846655.229085,0,,,0.0000,0.0000,0.0000,0.0000,,,,,,,,,,,0.000000,0.000000,0.000000,0.000000,0.000000,0.000000,0.000000,0.000000,0.000000,0.000000,0.000000,0.000000,0.000000,0.000000,0.000000,0.000000,0.000000,0.000000,0.000000,0.000000,0.000000,0.000000,0.000000,0.000000,0.000000,0.000000,0.000000,0.000000,0.000000,0.000000,0.000000,0.000000,0.000000,0.000000,0.000000,0.000000,0.000000,0.000000,0.000000,0.000000,0.000000,0.000000,0.000000,0.000000,0.000000,0.000000,0.000000,0.000000,0.000000,0.000000,0.000000,0.000000,0.000000,0.000000,0.000000,0.000000,0.000000,0.000000,0.000000,0.000000,0.000000,0.000000,0.000000
1225,1694846655.237418,0,,,0.0000,0.0000,0.0000,0.0000,,,,,,,,,,,0.000000,0.000000,0.000000,0.000000,0.000000,0.000000,0.000000,0.000000,0.000000,0.000000,0.000000,0.000000,0.000000,0.000000,0.000000,0.000000,0.000000,0.000000,0.000000,0.000000,0.000000,0.000000,0.000000,0.000000,0.000000,0.000000,0.000000,0.000000,0.000000,0.000000,0.000000,0.000000,0.000000,0.000000,0.000000,0.000000,0.000000,0.000000,0.000000,0.000000,0.000000,0.000000,0.000000,0.000000,0.000000,0.000000,0.000000,0.000000,0.000000,0.000000,0.000000,0.000000,0.000000,0.000000,0.000000,0.000000,0.000000,0.000000,0.000000,0.000000,0.000000,0.000000,0.000000
1226,1694846655.245751,0,,,0.0000,0.0000,0.0000,0.0000,,,,,,,,,,,0.000000,0.000000,0.000000,0.000000,0.000000,0.000000,0.000000,0.000000,0.000000,0.000000,0.000000,0.000000,0.000000,0.000000,0.000000,0.000000,0.000000,0.000000,0.000000,0.000000,0.000000,0.000000,0.000000,0.000000,0.000000,0.000000,0.000000,0.000000,0.000000,0.000000,0.000000,0.000000,0.000000,0.000000,0.000000,0.000000,0.000000,0.000000,0.000000,0.000000,0.000000,0.000000,0.000000,0.000000,0.000000,0.000000,0.000000,0.000000,0.000000,0.000000,0.000000,0.000000,0.000000,0.000000,0.000000,0.000000,0.000000,0.000000,0.000000,0.000000,0.000000,0.000000,0.000000
1227,1694846655.254085,0,,,0.0000,0.0000,0.0000,0.0000,,,,,,,,,,,0.000000,0.000000,0.000000,0.000000,0.000000,0.000000,0.000000,0.000000,0.000000,0.000000,0.000000,0.000000,0.000000,0.000000,0.000000,0.000000,0.000000,0.000000,0.000000,0.000000,0.000000,0.000000,0.000000,0.000000,0.000000,0.000000,0.000000,0.000000,0.000000,0.000000,0.000000,0.000000,0.000000,0.000000,0.000000,0.000000,0.000000,0.000000,0.000000,0.000000,0.000000,0.000000,0.000000,0.000000,0.000000,0.000000,0.000000,0.000000,0.000000,0.000000,0.000000,0.000000,0.000000,0.000000,0.000000,0.000000,0.000000,0.000000,0.000000,0.000000,0.000000,0.000000,0.000000
1228,1694846655.262418,0,,,0.0000,0.0000,0.0000,0.0000,,,,,,,,,,,0.000000,0.000000,0.000000,0.000000,0.000000,0.000000,0.000000,0.000000,0.000000,0.000000,0.000000,0.000000,0.000000,0.000000,0.000000,0.000000,0.000000,0.000000,0.000000,0.000000,0.000000,0.000000,0.000000,0.000000,0.000000,0.000000,0.000000,0.000000,0.000000,0.000000,0.000000,0.000000,0.000000,0.000000,0.000000,0.000000,0.000000,0.000000,0.000000,0.000000,0.000000,0.000000,0.000000,0.000000,0.000000,0.000000,0.000000,0.000000,0.000000,0.000000,0.000000,0.000000,0.000000,0.000000,0.000000,0.000000,0.000000,0.000000,0.000000,0.000000,0.000000,0.000000,0.000000
1229,1694846655.270751,0,,,0.0000,0.0000,0.0000,0.0000,,,,,,,,,,,0.000000,0.000000,0.000000,0.000000,0.000000,0.000000,0.000000,0.000000,0.000000,0.000000,0.000000,0.000000,0.000000,0.000000,0.000000,0.000000,0.000000,0.000000,0.000000,0.000000,0.000000,0.000000,0.000000,0.000000,0.000000,0.000000,0.000000,0.000000,0.000000,0.000000,0.000000,0.000000,0.000000,0.000000,0.000000,0.000000,0.000000,0.000000,0.000000,0.000000,0.000000,0.000000,0.000000,0.000000,0.000000,0.000000,0.000000,0.000000,0.000000,0.000000,0.000000,0.000000,0.000000,0.000000,0.000000,0.000000,0.000000,0.000000,0.000000,0.000000,0.000000,0.000000,0.000000
1230,1694846655.279085,0,,,0.0000,0.0000,0.0000,0.0000,,,,,,,,,,,0.000000,0.000000,0.000000,0.000000,0.000000,0.000000,0.000000,0.000000,0.000000,0.000000,0.000000,0.000000,0.000000,0.000000,0.000000,0.000000,0.000000,0.000000,0.000000,0.000000,0.000000,0.000000,0.000000,0.000000,0.000000,0.000000,0.000000,0.000000,0.000000,0.000000,0.000000,0.000000,0.000000,0.000000,0.000000,0.000000,0.000000,0.000000,0.000000,0.000000,0.000000,0.000000,0.000000,0.000000,0.000000,0.000000,0.000000,0.000000,0.000000,0.000000,0.000000,0.000000,0.000000,0.000000,0.000000,0.000000,0.000000,0.000000,0.000000,0.000000,0.000000,0.000000,0.000000
1231,1694846655.287418,0,,,0.0000,0.0000,0.0000,0.0000,,,,,,,,,,,0.000000,0.000000,0.000000,0.000000,0.000000,0.000000,0.000000,0.000000,0.000000,0.000000,0.000000,0.000000,0.000000,0.000000,0.000000,0.000000,0.000000,0.000000,0.000000,0.000000,0.000000,0.000000,0.000000,0.000000,0.000000,0.000000,0.000000,0.000000,0.000000,0.000000,0.000000,0.000000,0.000000,0.000000,0.000000,0.000000,0.000000,0.000000,0.000000,0.000000,0.000000,0.000000,0.000000,0.000000,0.000000,0.000000,0.000000,0.000000,0.000000,0.000000,0.000000,0.000000,0.000000,0.000000,0.000000,0.000000,0.000000,0.000000,0.000000,0.000000,0.000000,0.000000,0.000000
1232,1694846655.295751,0,,,0.0000,0.0000,0.0000,0.0000,,,,,,,,,,,0.000000,0.000000,0.000000,0.000000,0.000000,0.000000,0.000000,0.000000,0.000000,0.000000,0.000000,0.000000,0.000000,0.000000,0.000000,0.000000,0.000000,0.000000,0.000000,0.000000,0.000000,0.000000,0.000000,0.000000,0.000000,0.000000,0.000000,0.000000,0.000000,0.000000,0.000000,0.000000,0.000000,0.000000,0.000000,0.000000,0.000000,0.000000,0.000000,0.000000,0.000000,0.000000,0.000000,0.000000,0.000000,0.000000,0.000000,0.000000,0.000000,0.000000,0.000000,0.000000,0.000000,0.000000,0.000000,0.000000,0.000000,0.000000,0.000000,0.000000,0.000000,0.000000,0.000000
1233,1694846655.304085,0,,,0.0000,0.0000,0.0000,0.0000,,,,,,,,,,,0.000000,0.000000,0.000000,0.000000,0.000000,0.000000,0.000000,0.000000,0.000000,0.000000,0.000000,0.000000,0.000000,0.000000,0.000000,0.000000,0.000000,0.000000,0.000000,0.000000,0.000000,0.000000,0.000000,0.000000,0.000000,0.000000,0.000000,0.000000,0.000000,0.000000,0.000000,0.000000,0.000000,0.000000,0.000000,0.000000,0.000000,0.000000,0.000000,0.000000,0.000000,0.000000,0.000000,0.000000,0.000000,0.000000,0.000000,0.000000,0.000000,0.000000,0.000000,0.000000,0.000000,0.000000,0.000000,0.000000,0.000000,0.000000,0.000000,0.000000,0.000000,0.000000,0.000000
1234,1694846655.312418,0,,,0.0000,0.0000,0.0000,0.0000,,,,,,,,,,,0.000000,0.000000,0.000000,0.000000,0.000000,0.000000,0.000000,0.000000,0.000000,0.000000,0.000000,0.000000,0.000000,0.000000,0.000000,0.000000,0.000000,0.000000,0.000000,0.000000,0.000000,0.000000,0.000000,0.000000,0.000000,0.000000,0.000000,0.000000,0.000000,0.000000,0.000000,0.000000,0.000000,0.000000,0.000000,0.000000,0.000000,0.000000,0.000000,0.000000,0.000000,0.000000,0.000000,0.000000,0.000000,0.000000,0.000000,0.000000,0.000000,0.000000,0.000000,0.000000,0.000000,0.000000,0.000000,0.000000,0.000000,0.000000,0.000000,0.000000,0.000000,0.000000,0.000000
1235,1694846655.320751,0,,,0.0000,0.0000,0.0000,0.0000,,,,,,,,,,,0.000000,0.000000,0.000000,0.000000,0.000000,0.000000,0.000000,0.000000,0.000000,0.000000,0.000000,0.000000,0.000000,0.000000,0.000000,0.000000,0.000000,0.000000,0.000000,0.000000,0.000000,0.000000,0.000000,0.000000,0.000000,0.000000,0.000000,0.000000,0.000000,0.000000,0.000000,0.000000,0.000000,0.000000,0.000000,0.000000,0.000000,0.000000,0.000000,0.000000,0.000000,0.000000,0.000000,0.000000,0.000000,0.000000,0.000000,0.000000,0.000000,0.000000,0.000000,0.000000,0.000000,0.000000,0.000000,0.000000,0.000000,0.000000,0.000000,0.000000,0.000000,0.000000,0.000000
1236,1694846655.329085,0,,,0.0000,0.0000,0.0000,0.0000,,,,,,,,,,,0.000000,0.000000,0.000000,0.000000,0.000000,0.000000,0.000000,0.000000,0.000000,0.000000,0.000000,0.000000,0.000000,0.000000,0.000000,0.000000,0.000000,0.000000,0.000000,0.000000,0.000000,0.000000,0.000000,0.000000,0.000000,0.000000,0.000000,0.000000,0.000000,0.000000,0.000000,0.000000,0.000000,0.000000,0.000000,0.000000,0.000000,0.000000,0.000000,0.000000,0.000000,0.000000,0.000000,0.000000,0.000000,0.000000,0.000000,0.000000,0.000000,0.000000,0.000000,0.000000,0.000000,0.000000,0.000000,0.000000,0.000000,0.000000,0.000000,0.000000,0.000000,0.000000,0.000000
1237,1694846655.337418,0,,,0.0000,0.0000,0.0000,0.0000,,,,,,,,,,,0.000000,0.000000,0.000000,0.000000,0.000000,0.000000,0.000000,0.000000,0.000000,0.000000,0.000000,0.000000,0.000000,0.000000,0.000000,0.000000,0.000000,0.000000,0.000000,0.000000,0.000000,0.000000,0.000000,0.000000,0.000000,0.000000,0.000000,0.000000,0.000000,0.000000,0.000000,0.000000,0.000000,0.000000,0.000000,0.000000,0.000000,0.000000,0.000000,0.000000,0.000000,0.000000,0.000000,0.000000,0.000000,0.000000,0.000000,0.000000,0.000000,0.000000,0.000000,0.000000,0.000000,0.000000,0.000000,0.000000,0.000000,0.000000,0.000000,0.000000,0.000000,0.000000,0.000000
1238,1694846655.345751,0,,,0.0000,0.0000,0.0000,0.0000,,,,,,,,,,,0.000000,0.000000,0.000000,0.000000,0.000000,0.000000,0.000000,0.000000,0.000000,0.000000,0.000000,0.000000,0.000000,0.000000,0.000000,0.000000,0.000000,0.000000,0.000000,0.000000,0.000000,0.000000,0.000000,0.000000,0.000000,0.000000,0.000000,0.000000,0.000000,0.000000,0.000000,0.000000,0.000000,0.000000,0.000000,0.000000,0.000000,0.000000,0.000000,0.000000,0.000000,0.000000,0.000000,0.000000,0.000000,0.000000,0.000000,0.000000,0.000000,0.000000,0.000000,0.000000,0.000000,0.000000,0.000000,0.000000,0.000000,0.000000,0.000000,0.000000,0.000000,0.000000,0.000000
1239,1694846655.354085,0,,,0.0000,0.0000,0.0000,0.0000,,,,,,,,,,,0.000000,0.000000,0.000000,0.000000,0.000000,0.000000,0.000000,0.000000,0.000000,0.000000,0.000000,0.000000,0.000000,0.000000,0.000000,0.000000,0.000000,0.000000,0.000000,0.000000,0.000000,0.000000,0.000000,0.000000,0.000000,0.000000,0.000000,0.000000,0.000000,0.000000,0.000000,0.000000,0.000000,0.000000,0.000000,0.000000,0.000000,0.000000,0.000000,0.000000,0.000000,0.000000,0.000000,0.000000,0.000000,0.000000,0.000000,0.000000,0.000000,0.000000,0.000000,0.000000,0.000000,0.000000,0.000000,0.000000,0.000000,0.000000,0.000000,0.000000,0.000000,0.000000,0.000000
1240,1694846655.362418,0,,,0.0000,0.0000,0.0000,0.0000,,,,,,,,,,,0.000000,0.000000,0.000000,0.000000,0.000000,0.000000,0.000000,0.000000,0.000000,0.000000,0.000000,0.000000,0.000000,0.000000,0.000000,0.000000,0.000000,0.000000,0.000000,0.000000,0.000000,0.000000,0.000000,0.000000,0.000000,0.000000,0.000000,0.000000,0.000000,0.000000,0.000000,0.000000,0.000000,0.000000,0.000000,0.000000,0.000000,0.000000,0.000000,0.000000,0.000000,0.000000,0.000000,0.000000,0.000000,0.000000,0.000000,0.000000,0.000000,0.000000,0.000000,0.000000,0.000000,0.000000,0.000000,0.000000,0.000000,0.000000,0.000000,0.000000,0.000000,0.000000,0.000000
1241,1694846655.370751,0,,,0.0000,0.0000,0.0000,0.0000,,,,,,,,,,,0.000000,0.000000,0.000000,0.000000,0.000000,0.000000,0.000000,0.000000,0.000000,0.000000,0.000000,0.000000,0.000000,0.000000,0.000000,0.000000,0.000000,0.000000,0.000000,0.000000,0.000000,0.000000,0.000000,0.000000,0.000000,0.000000,0.000000,0.000000,0.000000,0.000000,0.000000,0.000000,0.000000,0.000000,0.000000,0.000000,0.000000,0.000000,0.000000,0.000000,0.000000,0.000000,0.000000,0.000000,0.000000,0.000000,0.000000,0.000000,0.000000,0.000000,0.000000,0.000000,0.000000,0.000000,0.000000,0.000000,0.000000,0.000000,0.000000,0.000000,0.000000,0.000000,0.000000
1242,1694846655.379085,0,,,0.0000,0.0000,0.0000,0.0000,,,,,,,,,,,0.000000,0.000000,0.000000,0.000000,0.000000,0.000000,0.000000,0.000000,0.000000,0.000000,0.000000,0.000000,0.000000,0.000000,0.000000,0.000000,0.000000,0.000000,0.000000,0.000000,0.000000,0.000000,0.000000,0.000000,0.000000,0.000000,0.000000,0.000000,0.000000,0.000000,0.000000,0.000000,0.000000,0.000000,0.000000,0.000000,0.000000,0.000000,0.000000,0.000000,0.000000,0.000000,0.000000,0.000000,0.000000,0.000000,0.000000,0.000000,0.000000,0.000000,0.000000,0.000000,0.000000,0.000000,0.000000,0.000000,0.000000,0.000000,0.000000,0.000000,0.000000,0.000000,0.000000
1243,1694846655.387418,0,,,0.0000,0.0000,0.0000,0.0000,,,,,,,,,,,0.000000,0.000000,0.000000,0.000000,0.000000,0.000000,0.000000,0.000000,0.000000,0.000000,0.000000,0.000000,0.000000,0.000000,0.000000,0.000000,0.000000,0.000000,0.000000,0.000000,0.000000,0.000000,0.000000,0.000000,0.000000,0.000000,0.000000,0.000000,0.000000,0.000000,0.000000,0.000000,0.000000,0.000000,0.000000,0.000000,0.000000,0.000000,0.000000,0.000000,0.000000,0.000000,0.000000,0.000000,0.000000,0.000000,0.000000,0.000000,0.000000,0.000000,0.000000,0.000000,0.000000,0.000000,0.000000,0.000000,0.000000,0.000000,0.000000,0.000000,0.000000,0.000000,0.000000
1244,1694846655.395751,0,,,0.0000,0.0000,0.0000,0.0000,,,,,,,,,,,0.000000,0.000000,0.000000,0.000000,0.000000,0.000000,0.000000,0.000000,0.000000,0.000000,0.000000,0.000000,0.000000,0.000000,0.000000,0.000000,0.000000,0.000000,0.000000,0.000000,0.000000,0.000000,0.000000,0.000000,0.000000,0.000000,0.000000,0.000000,0.000000,0.000000,0.000000,0.000000,0.000000,0.000000,0.000000,0.000000,0.000000,0.000000,0.000000,0.000000,0.000000,0.000000,0.000000,0.000000,0.000000,0.000000,0.000000,0.000000,0.000000,0.000000,0.000000,0.000000,0.000000,0.000000,0.000000,0.000000,0.000000,0.000000,0.000000,0.000000,0.000000,0.000000,0.000000
1245,1694846655.404085,0,,,0.0000,0.0000,0.0000,0.0000,,,,,,,,,,,0.000000,0.000000,0.000000,0.000000,0.000000,0.000000,0.000000,0.000000,0.000000,0.000000,0.000000,0.000000,0.000000,0.000000,0.000000,0.000000,0.000000,0.000000,0.000000,0.000000,0.000000,0.000000,0.000000,0.000000,0.000000,0.000000,0.000000,0.000000,0.000000,0.000000,0.000000,0.000000,0.000000,0.000000,0.000000,0.000000,0.000000,0.000000,0.000000,0.000000,0.000000,0.000000,0.000000,0.000000,0.000000,0.000000,0.000000,0.000000,0.000000,0.000000,0.000000,0.000000,0.000000,0.000000,0.000000,0.000000,0.000000,0.000000,0.000000,0.000000,0.000000,0.000000,0.000000
1246,1694846655.412418,0,,,0.0000,0.0000,0.0000,0.0000,,,,,,,,,,,0.000000,0.000000,0.000000,0.000000,0.000000,0.000000,0.000000,0.000000,0.000000,0.000000,0.000000,0.000000,0.000000,0.000000,0.000000,0.000000,0.000000,0.000000,0.000000,0.000000,0.000000,0.000000,0.000000,0.000000,0.000000,0.000000,0.000000,0.000000,0.000000,0.000000,0.000000,0.000000,0.000000,0.000000,0.000000,0.000000,0.000000,0.000000,0.000000,0.000000,0.000000,0.000000,0.000000,0.000000,0.000000,0.000000,0.000000,0.000000,0.000000,0.000000,0.000000,0.000000,0.000000,0.000000,0.000000,0.000000,0.000000,0.000000,0.000000,0.000000,0.000000,0.000000,0.000000
1247,1694846655.420751,0,,,0.0000,0.0000,0.0000,0.0000,,,,,,,,,,,0.000000,0.000000,0.000000,0.000000,0.000000,0.000000,0.000000,0.000000,0.000000,0.000000,0.000000,0.000000,0.000000,0.000000,0.000000,0.000000,0.000000,0.000000,0.000000,0.000000,0.000000,0.000000,0.000000,0.000000,0.000000,0.000000,0.000000,0.000000,0.000000,0.000000,0.000000,0.000000,0.000000,0.000000,0.000000,0.000000,0.000000,0.000000,0.000000,0.000000,0.000000,0.000000,0.000000,0.000000,0.000000,0.000000,0.000000,0.000000,0.000000,0.000000,0.000000,0.000000,0.000000,0.000000,0.000000,0.000000,0.000000,0.000000,0.000000,0.000000,0.000000,0.000000,0.000000
1248,1694846655.429085,0,-68.5351,-68.5351,-22.9021,0.0000,45.0618,208.6209,,7681.0891,1.9675,133.8519,91.6464,163.4114,181.2060,188.7543,198.6110,0.001691,0.465620,0.945322,-0.000000,0.398620,0.982543,-0.017482,0.334034,0.937811,-0.024236,0.304580,0.846803,-0.025603,0.305830,0.786208,-0.026271,0.342097,0.821421,-0.037744,0.289181,0.711431,-0.049330,0.264248,0.644214,-0.055103,0.244696,0.590778,-0.059682,0.375732,0.761979,-0.028250,0.318876,0.721894,-0.034004,0.314527,0.755088,-0.025327,0.323344,0.786718,-0.018871,0.402186,0.732869,-0.019049,0.347706,0.721839,-0.026031,0.347564,0.754811,-0.017490,0.360085,0.788380,-0.010692,0.421438,0.718425,-0.010995,0.376116,0.718426,-0.018935,0.372066,0.750542,-0.016545,0.380084,0.777452,-0.012641
1249,1694846655.437418,0,73.6239,73.6239,26.9167,49.8188,57.4711,206.0215,51.5216,7476.3921,2.0804,139.0139,86.9638,162.2292,179.3555,186.5261,196.2805,0.001704,0.467562,0.939426,-0.000000,0.398943,0.979294,-0.018320,0.334085,0.933097,-0.025778,0.305375,0.839085,-0.027350,0.307078,0.776177,-0.028304,0.345939,0.824136,-0.041631,0.295000,0.709604,-0.054727,0.269118,0.641968,-0.061245,0.247641,0.589410,-0.066466,0.380194,0.762054,-0.031830,0.323669,0.723602,-0.038352,0.320272,0.760397,-0.028748,0.329960,0.792325,-0.022043,0.406445,0.730709,-0.022396,0.351824,0.719039,-0.029987,0.351645,0.753241,-0.020045,0.364148,0.785938,-0.012752,0.425844,0.714176,-0.014147,0.380859,0.715513,-0.023107,0.376359,0.747702,-0.020455,0.383732,0.772949,-0.016501
1250,1694846655.445751,0,,,0.0000,0.0000,0.0000,0.0000,,,,,,,,,,,0.000000,0.000000,0.000000,0.000000,0.000000,0.000000,0.000000,0.000000,0.000000,0.000000,0.000000,0.000000,0.000000,0.000000,0.000000,0.000000,0.000000,0.000000,0.000000,0.000000,0.000000,0.000000,0.000000,0.000000,0.000000,0.000000,0.000000,0.000000,0.000000,0.000000,0.000000,0.000000,0.000000,0.000000,0.000000,0.000000,0.000000,0.000000,0.000000,0.000000,0.000000,0.000000,0.000000,0.000000,0.000000,0.000000,0.000000,0.000000,0.000000,0.000000,0.000000,0.000000,0.000000,0.000000,0.000000,0.000000,0.000000,0.000000,0.000000,0.000000,0.000000,0.000000,0.000000
1251,1694846655.454085,0,-65.5701,-65.5701,-27.1919,0.0000,61.4101,200.7250,,8833.9824,1.7356,144.2816,75.9009,157.0887,171.9152,177.6672,186.0921,0.006249,0.471986,0.936456,-0.000000,0.405571,0.976781,-0.017611,0.341078,0.931815,-0.023618,0.311891,0.842143,-0.023967,0.311373,0.780869,-0.023576,0.350894,0.813668,-0.037205,0.298598,0.703673,-0.049078,0.273978,0.636677,-0.055305,0.254376,0.584949,-0.060060,0.384668,0.754257,-0.027704,0.327689,0.717983,-0.033555,0.324958,0.753905,-0.024521,0.335704,0.786395,-0.017579,0.410964,0.726118,-0.018747,0.356198,0.716211,-0.026249,0.355967,0.748604,-0.017662,0.368643,0.779948,-0.010709,0.430370,0.712918,-0.010923,0.385151,0.713422,-0.019895,0.380863,0.745539,-0.017634,0.388364,0.773245,-0.013639
1252,1694846655.462418,0,-63.5085,-63.5085,-0.4147,26.7772,55.4408,198.8491,27.4823,6440.7476,2.2890,139.5147,79.3293,153.5244,169.5056,175.3942,184.1724,0.010165,0.473237,0.937549,-0.000000,0.407086,0.976235,-0.015163,0.342899,0.929202,-0.020221,0.313697,0.837902,-0.019784,0.313611,0.776155,-0.018841,0.352146,0.812411,-0.036585,0.300124,0.699395,-0.047935,0.275754,0.631964,-0.053872,0.256024,0.580661,-0.058371,0.386315,0.753835,-0.027161,0.330602,0.716360,-0.030978,0.327082,0.753461,-0.020595,0.336728,0.787595,-0.013212,0.413146,0.726636,-0.017979,0.359307,0.716958,-0.023499,0.358377,0.748981,-0.014629,0.370223,0.781078,-0.008064,0.433126,0.713307,-0.009604,0.388174,0.713851,-0.017055,0.383044,0.746204,-0.014424,0.389811,0.774413,-0.010512
1253,1694846655.470751,0,60.6056,60.6056,32.2852,32.6999,65.2991,2270.9999,31.7331,5551.4162,1.7631,140.7292,76.9760,150.4376,165.2516,170.2980,178.8224,0.013826,0.475953,0.945240,-0.000000,0.407754,0.977253,-0.017874,0.343048,0.927704,-0.024703,0.315543,0.831836,-0.025834,0.317801,0.769391,-0.026072,0.354240,0.812509,-0.038342,0.303221,0.695662,-0.048502,0.279785,0.629085,-0.052426,0.260586,0.576368,-0.055949,0.389670,0.754224,-0.028214,0.331666,0.712430,-0.033007,0.326619,0.749344,-0.023260,0.334704,0.783576,-0.016383,0.416734,0.726380,-0.018284,0.361172,0.713664,-0.024496,0.359225,0.747027,-0.015348,0.369586,0.780961,-0.008660,0.436716,0.712793,-0.009486,0.390161,0.711286,-0.017301,0.383868,0.742663,-0.014963,0.389527,0.770062,-0.011306
1254,1694846655.479085,0,-66.6169,-66.6169,-35.0602,-67.3454,64.9746,2145.0804,63.2441,3433.1664,1.5409,144.8117,76.3886,148.6104,163.3973,168.4019,177.4040,0.012991,0.476844,0.938821,-0.000000,0.410311,0.976399,-0.018611,0.346245,0.928408,-0.025814,0.318433,0.832814,-0.027150,0.317937,0.768604,-0.027648,0.357548,0.812033,-0.039915,0.304863,0.695149,-0.052287,0.280966,0.627183,-0.058264,0.261333,0.574501,-0.062973,0.392201,0.752039,-0.029487,0.335046,0.717453,-0.035890,0.333002,0.757464,-0.026301,0.343648,0.790394,-0.019256,0.418001,0.724119,-0.019524,0.363287,0.715941,-0.027399,0.363440,0.750944,-0.017992,0.375881,0.783376,-0.010766,0.436783,0.710726,-0.010688,0.391388,0.712755,-0.020188,0.386863,0.745819,-0.017859,0.393761,0.773112,-0.013834
1255,1694846655.487418,0,-77.1789,-77.1789,-2.9022,32.1580,51.7467,363.1705,64.8283,1105.9595,1.4138,147.3495,71.6077,149.4691,162.8531,167.0332,175.0143,0.012097,0.475767,0.922881,-0.000000,0.410613,0.968019,-0.017047,0.347085,0.923705,-0.024371,0.319396,0.832743,-0.026013,0.320252,0.768993,-0.027468,0.361950,0.810566,-0.040875,0.309743,0.700591,-0.056779,0.283811,0.630793,-0.066724,0.263292,0.576668,-0.073762,0.395887,0.749992,-0.031837,0.339644,0.719265,-0.040875,0.337616,0.758870,-0.032818,0.350605,0.790488,-0.026241,0.421506,0.722676,-0.023237,0.368013,0.716819,-0.032730,0.366999,0.751058,-0.023557,0.381214,0.782064,-0.015728,0.440178,0.710550,-0.015557,0.395677,0.712304,-0.025037,0.391772,0.744341,-0.021415,0.401068,0.770078,-0.016148
1256,1694846655.495751,0,59.7208,59.7208,30.8073,33.7096,63.4891,2371.0417,78.2028,4568.5939,1.6139,143.9460,75.2890,144.9978,158.8140,163.0798,171.4786,0.017258,0.480459,0.937942,-0.000000,0.412788,0.971491,-0.015966,0.350984,0.922711,-0.021720,0.323088,0.831355,-0.022014,0.320194,0.769097,-0.021681,0.360002,0.803933,-0.036125,0.307839,0.692197,-0.046747,0.284408,0.625220,-0.052379,0.265849,0.572205,-0.056694,0.394396,0.748204,-0.026356,0.338052,0.710897,-0.029097,0.334603,0.747025,-0.018571,0.343805,0.780440,-0.011288,0.421912,0.724522,-0.016833,0.367775,0.715691,-0.021456,0.367340,0.748874,-0.011975,0.379033,0.781031,-0.005114,0.442871,0.714142,-0.008255,0.397695,0.714028,-0.014181,0.393301,0.746851,-0.010358,0.400662,0.775414,-0.005855
1257,1694846655.504085,0,68.5903,68.5903,1.9962,-28.8112,66.2291,303.9304,47.8963,3541.6864,1.5804,141.7955,69.9190,148.4124,160.8105,163.7814,169.2889,0.014821,0.479070,0.928012,-0.000000,0.414194,0.969533,-0.018715,0.350686,0.923063,-0.025454,0.322980,0.831582,-0.026166,0.324203,0.768286,-0.026143,0.365158,0.807163,-0.039767,0.313118,0.697081,-0.053191,0.288723,0.629871,-0.060222,0.268987,0.577895,-0.065376,0.399774,0.748263,-0.029883,0.341772,0.718628,-0.038125,0.338233,0.759394,-0.029701,0.349289,0.792577,-0.022948,0.425285,0.721156,-0.020650,0.369394,0.714090,-0.030621,0.367302,0.749874,-0.022182,0.379384,0.781795,-0.014743,0.443695,0.709058,-0.012491,0.397110,0.711887,-0.022786,0.391019,0.744240,-0.020505,0.397597,0.770485,-0.016157
1258,1694846655.512418,0,,,0.0000,0.0000,0.0000,0.0000,,,,,,,,,,,0.000000,0.000000,0.000000,0.000000,0.000000,0.000000,0.000000,0.000000,0.000000,0.000000,0.000000,0.000000,0.000000,0.000000,0.000000,0.000000,0.000000,0.000000,0.000000,0.000000,0.000000,0.000000,0.000000,0.000000,0.000000,0.000000,0.000000,0.000000,0.000000,0.000000,0.000000,0.000000,0.000000,0.000000,0.000000,0.000000,0.000000,0.000000,0.000000,0.000000,0.000000,0.000000,0.000000,0.000000,0.000000,0.000000,0.000000,0.000000,0.000000,0.000000,0.000000,0.000000,0.000000,0.000000,0.000000,0.000000,0.000000,0.000000,0.000000,0.000000,0.000000,0.000000,0.000000
1259,1694846655.520751,0,,,0.0000,0.0000,0.0000,0.0000,,,,,,,,,,,0.000000,0.000000,0.000000,0.000000,0.000000,0.000000,0.000000,0.000000,0.000000,0.000000,0.000000,0.000000,0.000000,0.000000,0.000000,0.000000,0.000000,0.000000,0.000000,0.000000,0.000000,0.000000,0.000000,0.000000,0.000000,0.000000,0.000000,0.000000,0.000000,0.000000,0.000000,0.000000,0.000000,0.000000,0.000000,0.000000,0.000000,0.000000,0.000000,0.000000,0.000000,0.000000,0.000000,0.000000,0.000000,0.000000,0.000000,0.000000,0.000000,0.000000,0.000000,0.000000,0.000000,0.000000,0.000000,0.000000,0.000000,0.000000,0.000000,0.000000,0.000000,0.000000,0.000000
1260,1694846655.529085,0,-62.4085,-62.4085,1.0521,0.0000,65.3406,269.6552,,3719.0340,1.6246,143.5108,67.1899,142.3990,153.9166,156.2912,162.2583,0.016624,0.485447,0.932176,-0.000000,0.418020,0.968481,-0.018893,0.354003,0.916657,-0.025221,0.326121,0.819998,-0.025409,0.325358,0.754592,-0.024853,0.368468,0.803027,-0.039787,0.316010,0.689694,-0.050927,0.292005,0.622894,-0.055845,0.272672,0.571356,-0.059669,0.403476,0.745727,-0.029121,0.344531,0.706979,-0.035279,0.339873,0.743904,-0.025718,0.348967,0.777981,-0.018072,0.429707,0.720368,-0.018834,0.372946,0.712240,-0.026970,0.371445,0.746785,-0.018603,0.383080,0.778643,-0.011383,0.448435,0.708740,-0.009570,0.401512,0.711730,-0.018859,0.396192,0.745385,-0.016825,0.403128,0.772488,-0.012848
1261,1694846655.537418,0,,,0.0000,0.0000,0.0000,0.0000,,,,,,,,,,,0.000000,0.000000,0.000000,0.000000,0.000000,0.000000,0.000000,0.000000,0.000000,0.000000,0.000000,0.000000,0.000000,0.000000,0.000000,0.000000,0.000000,0.000000,0.000000,0.000000,0.000000,0.000000,0.000000,0.000000,0.000000,0.000000,0.000000,0.000000,0.000000,0.000000,0.000000,0.000000,0.000000,0.000000,0.000000,0.000000,0.000000,0.000000,0.000000,0.000000,0.000000,0.000000,0.000000,0.000000,0.000000,0.000000,0.000000,0.000000,0.000000,0.000000,0.000000,0.000000,0.000000,0.000000,0.000000,0.000000,0.000000,0.000000,0.000000,0.000000,0.000000,0.000000,0.000000
1262,1694846655.545751,0,55.8422,55.8422,33.2553,0.0000,64.5658,937.2040,,3889.7407,1.9136,147.3850,65.1771,136.8782,146.5895,148.7525,155.2374,0.016825,0.487308,0.933861,-0.000000,0.419484,0.968707,-0.016962,0.356686,0.916013,-0.022420,0.328858,0.820642,-0.021819,0.326995,0.755372,-0.020566,0.369747,0.799673,-0.037768,0.317166,0.685673,-0.047623,0.294632,0.619255,-0.052149,0.276727,0.566994,-0.055514,0.404735,0.744184,-0.026588,0.346986,0.699128,-0.029291,0.341953,0.736544,-0.017946,0.350321,0.773449,-0.009443,0.431661,0.721323,-0.015548,0.375884,0.710931,-0.020442,0.373399,0.744788,-0.011516,0.383932,0.776972,-0.004428,0.451162,0.710677,-0.005289,0.405270,0.710324,-0.011323,0.399425,0.742816,-0.008081,0.405787,0.770109,-0.003800
1263,1694846655.554085,0,60.5858,60.5858,0.2162,-33.0390,49.6107,258.9775,50.4137,3360.6930,1.4608,147.4830,68.4960,136.1138,146.1201,148.2232,154.6394,0.018837,0.487932,0.934869,-0.000000,0.420656,0.968073,-0.016836,0.357600,0.914945,-0.022461,0.328350,0.819652,-0.021930,0.325217,0.754442,-0.020777,0.371852,0.801237,-0.039593,0.318786,0.684606,-0.050409,0.295843,0.617456,-0.055869,0.276906,0.563979,-0.059944,0.406104,0.744863,-0.028122,0.346519,0.696644,-0.030753,0.339416,0.730774,-0.018920,0.345454,0.764987,-0.010300,0.432635,0.721073,-0.016677,0.375151,0.708663,-0.020984,0.371212,0.739926,-0.011215,0.380558,0.770302,-0.003735,0.451791,0.709483,-0.006055,0.404991,0.706911,-0.012077,0.396996,0.738716,-0.008684,0.401992,0.765630,-0.004304
1264,1694846655.562418,0,-73.0982,-73.0982,-35.4221,-35.6384,63.6262,802.6509,58.6642,3166.4923,2.4767,148.3665,62.4348,139.2882,148.3789,149.7460,153.7638,0.015987,0.485311,0.918450,-0.000000,0.420878,0.963235,-0.020249,0.358734,0.912676,-0.028124,0.331265,0.818675,-0.029229,0.331603,0.753107,-0.029968,0.374839,0.808321,-0.043649,0.324561,0.694466,-0.058052,0.300372,0.622861,-0.066859,0.280857,0.567730,-0.073458,0.407925,0.749132,-0.032747,0.349364,0.699220,-0.040015,0.340405,0.730261,-0.032193,0.346211,0.762064,-0.026023,0.432919,0.721473,-0.022235,0.377089,0.708700,-0.028971,0.374553,0.741856,-0.019610,0.386756,0.773051,-0.012204,0.450537,0.708473,-0.013137,0.404066,0.706565,-0.021910,0.398748,0.736646,-0.019287,0.406396,0.761135,-0.015054
1265,1694846655.570751,0,-58.0352,-58.0352,1.0933,36.5154,60.3422,133.8307,72.7145,4943.6390,2.0235,142.6196,65.0144,135.4754,144.3736,146.0713,152.2779,0.017124,0.488959,0.931953,-0.000000,0.421920,0.968084,-0.015746,0.358924,0.913128,-0.019912,0.329227,0.820274,-0.017934,0.325149,0.756357,-0.015430,0.373808,0.799627,-0.037680,0.321370,0.684497,-0.048773,0.298419,0.617068,-0.054349,0.280473,0.563747,-0.058157,0.407754,0.743921,-0.026481,0.349241,0.700390,-0.028622,0.345437,0.739866,-0.016053,0.356055,0.775019,-0.006891,0.434554,0.721340,-0.015536,0.378840,0.709483,-0.020729,0.377747,0.744839,-0.011196,0.390492,0.776187,-0.003665,0.454598,0.710879,-0.005187,0.410083,0.708629,-0.011751,0.405441,0.742091,-0.008317,0.413340,0.770119,-0.003864
1266,1694846655.579085,0,-55.8513,-55.8513,-27.9234,-29.0167,59.3702,1428.0797,26.7076,4711.4136,1.6707,145.4151,68.2212,129.7975,139.8856,143.4779,150.3936,0.018701,0.490633,0.928852,-0.000000,0.423441,0.965582,-0.016596,0.360163,0.912471,-0.021394,0.329678,0.819283,-0.020042,0.324445,0.754407,-0.018125,0.374653,0.797567,-0.038585,0.322119,0.680818,-0.048954,0.299150,0.613613,-0.053502,0.280875,0.560164,-0.056676,0.409273,0.741386,-0.027142,0.349688,0.696402,-0.030129,0.345132,0.735247,-0.017935,0.355200,0.771380,-0.008679,0.436418,0.718827,-0.015826,0.379685,0.707819,-0.021649,0.378344,0.743020,-0.012416,0.390550,0.774108,-0.004847,0.456337,0.707791,-0.005110,0.410930,0.706445,-0.011547,0.405770,0.740245,-0.008056,0.413078,0.767712,-0.003537
1267,1694846655.587418,0,-57.4349,-57.4349,-29.5052,-1.5818,49.0739,1332.3318,24.1915,4734.0391,2.2042,147.6767,72.7306,131.8290,140.0505,142.3534,148.2489,0.020577,0.488424,0.933273,-0.000000,0.421235,0.964548,-0.016158,0.360042,0.911797,-0.021503,0.332857,0.819142,-0.021003,0.330538,0.755175,-0.019884,0.374593,0.797667,-0.037903,0.323679,0.681497,-0.048965,0.301326,0.613244,-0.054442,0.283103,0.559848,-0.058332,0.409702,0.741674,-0.027160,0.350849,0.697990,-0.030205,0.345013,0.733800,-0.018907,0.353019,0.767634,-0.010668,0.436214,0.718205,-0.016574,0.378860,0.706721,-0.021811,0.375919,0.740175,-0.012470,0.386404,0.771693,-0.005171,0.455237,0.707623,-0.006740,0.408675,0.705528,-0.013086,0.401622,0.738192,-0.009557,0.407156,0.765918,-0.005034
1268,1694846655.595751,0,56.8907,56.8907,32.4972,62.0024,47.6082,1172.3107,16.6126,3817.5132,1.8976,147.4653,69.4734,130.1981,138.4753,140.8017,146.7702,0.019590,0.490072,0.926325,-0.000000,0.423554,0.964883,-0.016256,0.361050,0.912718,-0.021376,0.330081,0.820563,-0.020898,0.321633,0.755853,-0.019950,0.374260,0.798297,-0.036727,0.324338,0.681469,-0.048547,0.301483,0.613171,-0.054253,0.283811,0.558207,-0.058068,0.408638,0.741995,-0.026541,0.350926,0.698658,-0.031679,0.346432,0.738091,-0.020993,0.356905,0.773185,-0.012323,0.435866,0.718038,-0.016647,0.380330,0.707568,-0.023796,0.378945,0.742745,-0.014244,0.391586,0.772629,-0.006099,0.455951,0.705793,-0.007486,0.410927,0.704248,-0.014627,0.406261,0.738710,-0.010517,0.414635,0.765428,-0.005175
1269,1694846655.604085,0,-62.9947,-62.9947,-1.2399,-33.7371,46.2496,378.6568,53.6006,3144.0667,1.7114,150.6327,74.1011,130.8452,138.8748,141.1308,147.0234,0.021372,0.490637,0.932030,-0.000000,0.423554,0.966294,-0.017606,0.360653,0.912337,-0.023493,0.331480,0.816122,-0.023037,0.328719,0.749546,-0.022057,0.375074,0.799784,-0.041246,0.323871,0.679075,-0.053264,0.301163,0.609715,-0.059150,0.282645,0.554640,-0.063415,0.409392,0.742001,-0.029603,0.349385,0.695895,-0.032743,0.343415,0.734281,-0.020322,0.351462,0.769428,-0.011449,0.435874,0.717322,-0.018210,0.378701,0.704736,-0.023758,0.376754,0.739013,-0.013599,0.388176,0.770157,-0.005839,0.455333,0.705307,-0.007668,0.409023,0.704492,-0.014869,0.403590,0.738086,-0.011568,0.410999,0.765090,-0.007211
1270,1694846655.612418,0,-59.9314,-59.9314,-1.0200,0.2198,46.4404,266.7609,15.3025,5420.4460,1.8736,144.4074,60.5929,133.7500,141.0817,141.6588,145.4857,0.015326,0.487051,0.922328,-0.000000,0.421273,0.960883,-0.016592,0.360631,0.909930,-0.022949,0.334027,0.817959,-0.023472,0.332742,0.753116,-0.023598,0.376918,0.799452,-0.039366,0.326951,0.683919,-0.051328,0.304546,0.614547,-0.057402,0.286774,0.561312,-0.061625,0.411097,0.742912,-0.029107,0.353902,0.700675,-0.034855,0.349210,0.737362,-0.025099,0.358705,0.771399,-0.017282,0.437190,0.717942,-0.018926,0.381253,0.707507,-0.025700,0.379496,0.741805,-0.016764,0.391527,0.774163,-0.009254,0.455647,0.705943,-0.009507,0.410414,0.706487,-0.016733,0.405130,0.738602,-0.013477,0.412098,0.765198,-0.008778
1271,1694846655.620751,0,-60.6599,-60.6599,-0.8062,0.2138,46.8919,215.7638,10.1805,3981.7375,1.5044,148.3063,67.1034,129.8534,137.4818,139.0068,144.6673,0.018234,0.491665,0.926838,-0.000000,0.425654,0.963541,-0.017048,0.362177,0.910745,-0.022796,0.332874,0.815725,-0.022341,0.331647,0.750082,-0.021417,0.376507,0.798486,-0.040455,0.324250,0.679490,-0.052216,0.302492,0.611008,-0.058102,0.285042,0.556772,-0.062447,0.411483,0.742260,-0.029092,0.352148,0.696327,-0.033258,0.347809,0.734363,-0.021846,0.357084,0.768529,-0.013359,0.438050,0.717992,-0.017873,0.381086,0.705371,-0.023758,0.379696,0.739074,-0.014145,0.391504,0.769625,-0.006656,0.456987,0.705205,-0.007437,0.410562,0.703095,-0.014814,0.405385,0.735892,-0.011837,0.412595,0.762227,-0.007651
1272,1694846655.629085,0,70.8063,70.8063,3.4789,4.2851,61.4249,132.8267,64.4021,3777.9270,1.3185,149.6165,68.0589,130.0418,137.1583,138.3749,144.2048,0.018628,0.487375,0.919436,-0.000000,0.423946,0.959714,-0.016688,0.362577,0.910637,-0.024534,0.335207,0.818941,-0.026713,0.334057,0.753657,-0.028823,0.378504,0.804444,-0.041840,0.328217,0.686632,-0.056777,0.304742,0.614898,-0.065349,0.286656,0.559521,-0.071215,0.412347,0.746396,-0.032664,0.355139,0.698606,-0.041677,0.350248,0.735590,-0.033646,0.359941,0.770101,-0.026609,0.438181,0.718929,-0.023443,0.382876,0.703722,-0.031999,0.380876,0.738282,-0.022545,0.393360,0.770850,-0.014471,0.456295,0.705421,-0.015016,0.410963,0.702778,-0.023883,0.406528,0.735626,-0.020095,0.415169,0.761821,-0.014671
1273,1694846655.637418,0,56.8425,56.8425,29.9593,26.4804,61.4142,1325.6463,69.6848,4869.4064,1.3662,142.8881,70.8570,131.3765,139.4215,141.4903,146.9044,0.019900,0.491906,0.931176,-0.000000,0.425376,0.964649,-0.016838,0.363059,0.911461,-0.021737,0.333020,0.819430,-0.020372,0.328044,0.755689,-0.018419,0.377914,0.796239,-0.039146,0.324705,0.679284,-0.049462,0.302285,0.613094,-0.054223,0.284379,0.559985,-0.057670,0.412544,0.741416,-0.027343,0.353092,0.697121,-0.029661,0.348330,0.736030,-0.017356,0.357385,0.770812,-0.008415,0.439346,0.719256,-0.015684,0.382810,0.707321,-0.020560,0.381122,0.742295,-0.011177,0.392714,0.772730,-0.003839,0.458888,0.708544,-0.004714,0.413485,0.705512,-0.010966,0.407554,0.739298,-0.007689,0.414336,0.767138,-0.003402
1274,1694846655.645751,0,-56.5972,-56.5972,0.8336,-29.1257,60.3795,420.0125,0.5461,4719.9845,1.0943,148.3943,71.7720,128.2515,137.0983,139.7707,146.0715,0.020308,0.491803,0.931685,-0.000000,0.425286,0.964984,-0.016026,0.363407,0.912001,-0.020571,0.333901,0.821512,-0.019091,0.327997,0.759127,-0.017112,0.376554,0.795316,-0.038474,0.324088,0.677680,-0.049229,0.301614,0.610640,-0.054233,0.283742,0.557141,-0.057682,0.411350,0.740263,-0.027405,0.352468,0.695635,-0.029721,0.347725,0.735029,-0.017183,0.357077,0.771220,-0.008011,0.438957,0.718886,-0.016518,0.383156,0.708238,-0.021637,0.382071,0.743824,-0.012023,0.394371,0.775347,-0.004473,0.459505,0.709944,-0.006282,0.414690,0.709353,-0.012644,0.409676,0.744083,-0.009022,0.417294,0.772602,-0.004441
1275,1694846655.654085,0,58.8504,58.8504,29.8776,29.0440,59.3834,1093.7403,39.1699,4901.7430,1.8403,145.7577,65.2866,132.1544,139.9282,140.8919,146.1427,0.016820,0.490869,0.932292,-0.000000,0.423023,0.963973,-0.016806,0.360405,0.908775,-0.022509,0.334128,0.812726,-0.021953,0.335354,0.747091,-0.020885,0.377820,0.797763,-0.040638,0.325395,0.681165,-0.051314,0.303206,0.613411,-0.056530,0.285011,0.560039,-0.060484,0.413166,0.742454,-0.029207,0.353636,0.698545,-0.031845,0.347400,0.734700,-0.019932,0.354787,0.769226,-0.011487,0.439575,0.719725,-0.017746,0.381726,0.708650,-0.022430,0.378790,0.741856,-0.012913,0.389447,0.773357,-0.005762,0.458344,0.709551,-0.007016,0.411101,0.708628,-0.013334,0.404479,0.741385,-0.009955,0.410759,0.768765,-0.005688
1276,1694846655.662418,0,54.2705,54.2705,-4.1339,-34.0115,47.0587,212.9092,58.8233,5347.6243,2.1734,142.8310,63.3678,133.5429,140.0614,140.7031,145.4756,0.016522,0.491636,0.922063,-0.000000,0.425888,0.963335,-0.013963,0.363111,0.911260,-0.018441,0.334401,0.818177,-0.017640,0.330801,0.753063,-0.016746,0.377729,0.799844,-0.036456,0.328068,0.683820,-0.047277,0.304702,0.616040,-0.052373,0.286271,0.562481,-0.055905,0.412294,0.744265,-0.027578,0.355259,0.702293,-0.032543,0.350258,0.741525,-0.022127,0.361181,0.776181,-0.013774,0.439347,0.720214,-0.018535,0.383928,0.709194,-0.025395,0.382108,0.743800,-0.016032,0.395703,0.775008,-0.008176,0.459113,0.708047,-0.009958,0.414321,0.707216,-0.016802,0.410520,0.740698,-0.012305,0.420114,0.767777,-0.006750
1277,1694846655.670751,0,-58.1446,-58.1446,-28.7468,-24.6128,55.8818,1261.8020,57.8169,4754.9433,1.2690,146.0363,62.9982,129.9875,137.3269,139.2363,144.9839,0.016092,0.490699,0.931680,-0.000000,0.423870,0.964755,-0.015968,0.361346,0.910789,-0.021590,0.335504,0.815148,-0.021379,0.337553,0.750275,-0.020824,0.378649,0.799223,-0.038653,0.327010,0.682329,-0.049787,0.304314,0.613727,-0.055438,0.285677,0.560345,-0.059780,0.414063,0.742971,-0.028198,0.354765,0.701948,-0.032159,0.350569,0.741177,-0.020831,0.360224,0.776464,-0.012435,0.440482,0.719424,-0.017798,0.383212,0.710062,-0.023932,0.382117,0.744823,-0.014517,0.394758,0.776881,-0.007066,0.459183,0.708432,-0.008053,0.412392,0.709246,-0.015681,0.407732,0.743283,-0.012433,0.415732,0.770440,-0.007953
1278,1694846655.679085,0,57.8823,57.8823,28.6199,57.3666,56.0535,1227.6160,24.4325,5316.7530,1.1954,148.2701,68.7910,129.9718,137.3493,139.1367,145.2147,0.018653,0.494497,0.932225,-0.000000,0.426922,0.965023,-0.017406,0.363485,0.910585,-0.023104,0.334191,0.814189,-0.022385,0.331418,0.747061,-0.021102,0.378081,0.797471,-0.040576,0.325038,0.679902,-0.050825,0.302660,0.612643,-0.055284,0.284702,0.558548,-0.058686,0.412890,0.741954,-0.028920,0.352745,0.696653,-0.031624,0.347111,0.734681,-0.019472,0.355507,0.770792,-0.010734,0.439731,0.719371,-0.017304,0.382664,0.707828,-0.022576,0.381721,0.742028,-0.013235,0.394003,0.773311,-0.006056,0.459343,0.708356,-0.006416,0.412349,0.709383,-0.013193,0.407886,0.743233,-0.010062,0.416149,0.770226,-0.005953
1279,1694846655.687418,0,-55.3662,-55.3662,-28.5541,-57.1740,55.7569,970.5729,17.9702,5248.3873,1.1413,146.8912,64.5654,131.5262,137.2271,137.5208,142.3630,0.016063,0.491658,0.928737,-0.000000,0.425346,0.964649,-0.015394,0.365127,0.912456,-0.020368,0.338158,0.821216,-0.019641,0.334932,0.758143,-0.018572,0.378941,0.798189,-0.037349,0.327495,0.684192,-0.048190,0.305451,0.616790,-0.053563,0.288174,0.563501,-0.057195,0.413703,0.743545,-0.026989,0.356541,0.702313,-0.030727,0.351646,0.739707,-0.019950,0.360761,0.774478,-0.011563,0.440728,0.721391,-0.016634,0.385595,0.712878,-0.022695,0.384077,0.747654,-0.014200,0.395980,0.779360,-0.006956,0.460501,0.711047,-0.006818,0.416302,0.711379,-0.013343,0.411416,0.745029,-0.009845,0.418457,0.772975,-0.005087
1280,1694846655.695751,0,67.0770,67.0770,3.2016,31.7558,57.2318,296.8336,74.5790,4442.8728,1.2553,150.8989,65.6649,131.1899,137.0783,136.5621,140.3664,0.016356,0.488274,0.919418,-0.000000,0.425485,0.962190,-0.017513,0.364601,0.913560,-0.024463,0.337275,0.822970,-0.025295,0.336558,0.758152,-0.026038,0.381148,0.803706,-0.042064,0.330186,0.688294,-0.055987,0.306385,0.617148,-0.063625,0.288222,0.562122,-0.068573,0.414674,0.746471,-0.032207,0.356574,0.694890,-0.039648,0.348393,0.729930,-0.030932,0.356164,0.765567,-0.023141,0.440277,0.720982,-0.022347,0.385180,0.705783,-0.030600,0.381926,0.740626,-0.021899,0.393688,0.772645,-0.013828,0.458227,0.709295,-0.013259,0.413911,0.706126,-0.021525,0.409076,0.738413,-0.017649,0.417155,0.764767,-0.012084
1281,1694846655.704085,0,61.8532,61.8532,29.9994,26.7978,58.3902,872.0792,61.7581,5475.8474,2.3609,149.1273,63.2260,132.5504,136.6690,134.7916,137.9414,0.013666,0.490653,0.926022,-0.000000,0.424588,0.962660,-0.016479,0.363770,0.911345,-0.022753,0.338017,0.818828,-0.022960,0.339508,0.754565,-0.022895,0.381175,0.803276,-0.041585,0.329528,0.686280,-0.053971,0.307462,0.617659,-0.060150,0.290227,0.563990,-0.064414,0.415167,0.747431,-0.031075,0.357425,0.701649,-0.036326,0.352678,0.739536,-0.025651,0.362053,0.775178,-0.017337,0.440707,0.723017,-0.020511,0.384847,0.710198,-0.026898,0.383130,0.744668,-0.017774,0.395295,0.777602,-0.010327,0.458868,0.711319,-0.010631,0.413866,0.709488,-0.017926,0.408800,0.742918,-0.014664,0.415960,0.771519,-0.010097
1282,1694846655.712418,0,,,0.0000,0.0000,0.0000,0.0000,,,,,,,,,,,0.000000,0.000000,0.000000,0.000000,0.000000,0.000000,0.000000,0.000000,0.000000,0.000000,0.000000,0.000000,0.000000,0.000000,0.000000,0.000000,0.000000,0.000000,0.000000,0.000000,0.000000,0.000000,0.000000,0.000000,0.000000,0.000000,0.000000,0.000000,0.000000,0.000000,0.000000,0.000000,0.000000,0.000000,0.000000,0.000000,0.000000,0.000000,0.000000,0.000000,0.000000,0.000000,0.000000,0.000000,0.000000,0.000000,0.000000,0.000000,0.000000,0.000000,0.000000,0.000000,0.000000,0.000000,0.000000,0.000000,0.000000,0.000000,0.000000,0.000000,0.000000,0.000000,0.000000
1283,1694846655.720751,0,-58.9390,-58.9390,-29.2053,0.0000,58.5888,636.2560,,6200.3235,2.0612,144.2677,60.0235,133.2892,136.6803,134.3713,136.8626,0.011451,0.490865,0.924771,-0.000000,0.425793,0.963749,-0.017493,0.364850,0.911675,-0.024025,0.338658,0.818427,-0.024748,0.338708,0.753686,-0.025042,0.380815,0.800583,-0.038886,0.330450,0.686923,-0.050966,0.308679,0.618475,-0.057118,0.291749,0.565202,-0.061403,0.415509,0.746501,-0.028839,0.359490,0.697400,-0.035822,0.353648,0.733890,-0.027040,0.362069,0.769658,-0.019357,0.441838,0.723390,-0.019013,0.387356,0.706340,-0.027188,0.384492,0.741004,-0.019201,0.395701,0.774039,-0.011776,0.460457,0.712168,-0.009993,0.416334,0.707255,-0.018283,0.410250,0.739485,-0.015550,0.416867,0.767212,-0.011009
1284,1694846655.729085,0,,,0.0000,0.0000,0.0000,0.0000,,,,,,,,,,,0.000000,0.000000,0.000000,0.000000,0.000000,0.000000,0.000000,0.000000,0.000000,0.000000,0.000000,0.000000,0.000000,0.000000,0.000000,0.000000,0.000000,0.000000,0.000000,0.000000,0.000000,0.000000,0.000000,0.000000,0.000000,0.000000,0.000000,0.000000,0.000000,0.000000,0.000000,0.000000,0.000000,0.000000,0.000000,0.000000,0.000000,0.000000,0.000000,0.000000,0.000000,0.000000,0.000000,0.000000,0.000000,0.000000,0.000000,0.000000,0.000000,0.000000,0.000000,0.000000,0.000000,0.000000,0.000000,0.000000,0.000000,0.000000,0.000000,0.000000,0.000000,0.000000,0.000000
1285,1694846655.737418,0,,,0.0000,0.0000,0.0000,0.0000,,,,,,,,,,,0.000000,0.000000,0.000000,0.000000,0.000000,0.000000,0.000000,0.000000,0.000000,0.000000,0.000000,0.000000,0.000000,0.000000,0.000000,0.000000,0.000000,0.000000,0.000000,0.000000,0.000000,0.000000,0.000000,0.000000,0.000000,0.000000,0.000000,0.000000,0.000000,0.000000,0.000000,0.000000,0.000000,0.000000,0.000000,0.000000,0.000000,0.000000,0.000000,0.000000,0.000000,0.000000,0.000000,0.000000,0.000000,0.000000,0.000000,0.000000,0.000000,0.000000,0.000000,0.000000,0.000000,0.000000,0.000000,0.000000,0.000000,0.000000,0.000000,0.000000,0.000000,0.000000,0.000000
1286,1694846655.745751,0,59.3198,59.3198,28.6715,0.0000,58.8041,450.2476,,6000.4090,1.5450,144.8549,65.3126,131.0020,135.3109,134.2775,137.1732,0.014771,0.495088,0.929257,-0.000000,0.429565,0.965946,-0.016722,0.367668,0.914944,-0.022692,0.340750,0.821662,-0.022818,0.340022,0.756336,-0.022621,0.381898,0.802169,-0.040052,0.331681,0.686823,-0.051764,0.309561,0.617273,-0.057294,0.292208,0.563279,-0.061071,0.416080,0.746579,-0.029957,0.359588,0.704426,-0.034700,0.355036,0.742373,-0.023859,0.364786,0.778641,-0.015436,0.442621,0.722869,-0.019998,0.388537,0.710986,-0.026684,0.386940,0.745243,-0.017768,0.398754,0.777516,-0.010390,0.462121,0.711551,-0.010753,0.418038,0.710655,-0.017786,0.413151,0.743461,-0.014232,0.420175,0.770883,-0.009506
1287,1694846655.754085,0,63.9263,63.9263,-0.7877,-29.4592,48.8595,21.6799,64.1348,6179.6022,0.6781,140.1088,62.9784,131.4661,135.6211,134.2764,136.8511,0.013994,0.492867,0.919116,-0.000000,0.428852,0.962491,-0.015953,0.367110,0.914780,-0.022661,0.340241,0.823532,-0.023803,0.341497,0.758590,-0.024960,0.383984,0.804366,-0.039663,0.334878,0.690396,-0.053628,0.311314,0.619881,-0.061595,0.293529,0.565274,-0.066894,0.417991,0.748072,-0.030799,0.362292,0.702755,-0.038401,0.357375,0.740106,-0.029497,0.368179,0.773670,-0.021751,0.444124,0.723169,-0.022054,0.390973,0.708246,-0.030743,0.388658,0.743011,-0.021854,0.401463,0.773730,-0.013738,0.462948,0.711085,-0.013934,0.419776,0.706359,-0.022154,0.416051,0.738573,-0.017922,0.425142,0.764429,-0.012241
1288,1694846655.762418,0,-63.1804,-63.1804,-31.2584,-30.4707,60.1723,356.1010,13.2456,6532.8948,1.2749,139.9769,54.6159,137.3468,140.9923,138.4210,138.5435,0.011066,0.489835,0.918522,-0.000000,0.429461,0.961451,-0.015255,0.368448,0.917106,-0.022451,0.341039,0.829264,-0.024424,0.340992,0.765187,-0.026530,0.383628,0.807555,-0.039175,0.336357,0.694676,-0.052736,0.312938,0.624381,-0.060347,0.294916,0.570681,-0.065533,0.416877,0.751954,-0.032030,0.361775,0.703297,-0.040495,0.354626,0.738307,-0.033104,0.363344,0.772037,-0.026335,0.443176,0.726753,-0.024749,0.391396,0.710108,-0.033585,0.388887,0.743924,-0.024651,0.401325,0.774755,-0.016575,0.462789,0.714413,-0.018127,0.420215,0.709676,-0.026228,0.416913,0.740694,-0.021295,0.426229,0.766344,-0.015089
1289,1694846655.770751,0,55.8785,55.8785,28.7044,59.9628,59.2342,354.9208,55.6808,6313.8803,1.3028,141.5617,64.8010,132.4191,136.0424,134.5250,135.6117,0.013809,0.492586,0.923689,-0.000000,0.428647,0.963172,-0.013610,0.368404,0.913432,-0.018567,0.342261,0.823998,-0.018859,0.341130,0.761689,-0.019142,0.381863,0.800790,-0.034057,0.334507,0.688879,-0.046521,0.312084,0.619965,-0.053840,0.294953,0.565784,-0.058708,0.416644,0.746629,-0.026651,0.362838,0.701193,-0.033749,0.356179,0.735964,-0.026192,0.364603,0.769257,-0.019214,0.444232,0.723134,-0.019204,0.392318,0.710730,-0.027175,0.389321,0.743772,-0.019076,0.401112,0.775171,-0.011438,0.464385,0.712578,-0.012370,0.422920,0.710521,-0.019696,0.418648,0.742165,-0.015413,0.426907,0.769402,-0.009576
1290,1694846655.779085,0,68.0788,68.0788,2.1898,-26.5146,50.1626,340.6213,65.6492,6467.1926,1.7622,138.1944,56.0506,135.9503,138.7646,136.6836,138.5569,0.011836,0.491284,0.915627,-0.000000,0.431409,0.959803,-0.016840,0.370407,0.917165,-0.024801,0.343021,0.830400,-0.027345,0.342008,0.767064,-0.030052,0.385794,0.807185,-0.040951,0.337960,0.695897,-0.055966,0.313911,0.625546,-0.064840,0.295243,0.571764,-0.071002,0.419029,0.750465,-0.033464,0.362374,0.706225,-0.043685,0.356483,0.743165,-0.037153,0.366261,0.774777,-0.031003,0.444450,0.723761,-0.026082,0.390941,0.707757,-0.036272,0.388517,0.742075,-0.027103,0.400961,0.771591,-0.018845,0.462711,0.710396,-0.019547,0.418031,0.705296,-0.029257,0.414613,0.736286,-0.024663,0.423782,0.761374,-0.018550
1291,1694846655.787418,0,64.7501,64.7501,0.2059,-1.9838,50.6943,133.7455,41.7341,4910.9255,0.8831,146.0309,63.5312,134.1387,137.6969,135.7883,137.2239,0.013858,0.491073,0.919944,-0.000000,0.428469,0.962809,-0.015876,0.368862,0.915026,-0.022228,0.342373,0.826662,-0.022929,0.340139,0.763460,-0.023697,0.383703,0.803195,-0.040016,0.335923,0.690372,-0.053576,0.312453,0.621227,-0.061474,0.294531,0.567211,-0.066817,0.417967,0.747673,-0.031400,0.362317,0.701494,-0.038453,0.355104,0.737574,-0.030128,0.363703,0.769823,-0.023069,0.444764,0.723174,-0.022783,0.391523,0.708130,-0.030628,0.387724,0.743148,-0.021923,0.399270,0.774447,-0.014298,0.464339,0.711755,-0.014878,0.421370,0.707718,-0.022661,0.416403,0.739933,-0.018505,0.424298,0.766853,-0.012989
1292,1694846655.795751,0,59.8247,59.8247,30.7513,30.5453,50.2980,390.8794,78.0934,4860.1599,1.8514,146.4715,58.0326,136.4959,138.2463,134.7814,134.9972,0.010612,0.493052,0.920660,-0.000000,0.429405,0.963455,-0.014953,0.368729,0.915326,-0.020963,0.342556,0.824709,-0.021765,0.343177,0.761107,-0.022565,0.384112,0.802720,-0.037063,0.336109,0.690372,-0.049890,0.313464,0.621458,-0.057301,0.296216,0.567716,-0.062385,0.418447,0.748193,-0.028664,0.363489,0.706913,-0.035664,0.357708,0.743763,-0.027325,0.366893,0.775701,-0.020212,0.445206,0.724689,-0.020331,0.392812,0.714121,-0.028535,0.390229,0.748763,-0.020071,0.402101,0.779799,-0.012462,0.464758,0.713753,-0.012601,0.422515,0.711160,-0.020307,0.418390,0.743508,-0.016149,0.426569,0.770181,-0.010599
1293,1694846655.804085,0,64.5811,64.5811,2.1756,-28.5756,4.2765,214.0493,79.0933,5724.0165,2.0203,146.0980,59.8505,132.9828,136.6714,134.6685,135.8818,0.012150,0.492511,0.921458,-0.000000,0.430345,0.964251,-0.016701,0.369056,0.917217,-0.023788,0.342383,0.826909,-0.024923,0.342610,0.762205,-0.026022,0.387177,0.806881,-0.041502,0.338087,0.692279,-0.054572,0.314697,0.621904,-0.061915,0.296178,0.568003,-0.067041,0.420880,0.750172,-0.032406,0.363880,0.702643,-0.039376,0.357097,0.737671,-0.030927,0.365450,0.770698,-0.023833,0.446574,0.725210,-0.023188,0.391838,0.710968,-0.030738,0.389174,0.746017,-0.021622,0.400903,0.777605,-0.013813,0.464574,0.713901,-0.014722,0.420547,0.711431,-0.022353,0.416472,0.743540,-0.017954,0.424638,0.769754,-0.012357
1294,1694846655.812418,0,,,0.0000,0.0000,0.0000,0.0000,,,,,,,,,,,0.000000,0.000000,0.000000,0.000000,0.000000,0.000000,0.000000,0.000000,0.000000,0.000000,0.000000,0.000000,0.000000,0.000000,0.000000,0.000000,0.000000,0.000000,0.000000,0.000000,0.000000,0.000000,0.000000,0.000000,0.000000,0.000000,0.000000,0.000000,0.000000,0.000000,0.000000,0.000000,0.000000,0.000000,0.000000,0.000000,0.000000,0.000000,0.000000,0.000000,0.000000,0.000000,0.000000,0.000000,0.000000,0.000000,0.000000,0.000000,0.000000,0.000000,0.000000,0.000000,0.000000,0.000000,0.000000,0.000000,0.000000,0.000000,0.000000,0.000000,0.000000,0.000000,0.000000
1295,1694846655.820751,0,-52.4826,-52.4826,-30.1404,0.0000,46.7905,498.2710,,5703.2152,0.9772,146.2400,63.6815,133.1265,135.0713,131.7638,132.3928,0.012045,0.494906,0.933732,-0.000000,0.429887,0.967662,-0.015822,0.369704,0.914482,-0.021372,0.343397,0.821354,-0.021515,0.342289,0.758398,-0.021091,0.385455,0.803344,-0.036416,0.335156,0.688310,-0.047119,0.313978,0.620606,-0.052101,0.297208,0.567681,-0.055563,0.419725,0.749329,-0.026393,0.363464,0.704422,-0.031624,0.358085,0.740864,-0.022005,0.366527,0.775026,-0.014133,0.445934,0.726387,-0.016418,0.390721,0.712442,-0.023211,0.387612,0.746409,-0.014991,0.398359,0.778096,-0.007843,0.464611,0.715337,-0.007082,0.420168,0.712159,-0.013891,0.412709,0.744467,-0.010741,0.418183,0.771767,-0.006191
1296,1694846655.829085,0,-55.0703,-55.0703,-29.9551,0.1853,57.2672,364.8347,73.9866,5229.4668,0.7553,144.4136,63.3471,133.0882,134.9403,131.7906,131.3232,0.011489,0.496171,0.935338,-0.000000,0.431350,0.969509,-0.016197,0.371831,0.919009,-0.021795,0.345106,0.828789,-0.021517,0.341508,0.767085,-0.020732,0.386017,0.805414,-0.039245,0.334653,0.689397,-0.050466,0.313767,0.621962,-0.055757,0.297452,0.568457,-0.059232,0.420018,0.751240,-0.028089,0.363527,0.706894,-0.031965,0.358518,0.744451,-0.020839,0.367283,0.778951,-0.012351,0.445992,0.728823,-0.016954,0.391442,0.715343,-0.022381,0.388796,0.750023,-0.013717,0.399669,0.781728,-0.006695,0.464654,0.718196,-0.006435,0.421308,0.714576,-0.012316,0.413904,0.746960,-0.009095,0.418977,0.774462,-0.004763
1297,1694846655.837418,0,,,0.0000,0.0000,0.0000,0.0000,,,,,,,,,,,0.000000,0.000000,0.000000,0.000000,0.000000,0.000000,0.000000,0.000000,0.000000,0.000000,0.000000,0.000000,0.000000,0.000000,0.000000,0.000000,0.000000,0.000000,0.000000,0.000000,0.000000,0.000000,0.000000,0.000000,0.000000,0.000000,0.000000,0.000000,0.000000,0.000000,0.000000,0.000000,0.000000,0.000000,0.000000,0.000000,0.000000,0.000000,0.000000,0.000000,0.000000,0.000000,0.000000,0.000000,0.000000,0.000000,0.000000,0.000000,0.000000,0.000000,0.000000,0.000000,0.000000,0.000000,0.000000,0.000000,0.000000,0.000000,0.000000,0.000000,0.000000,0.000000,0.000000
1298,1694846655.845751,0,57.3322,57.3322,-0.6231,0.0000,56.0770,115.7116,,5628.1966,1.7566,146.0610,62.1916,134.1768,136.0548,132.9007,133.1203,0.012027,0.494618,0.933435,-0.000000,0.430740,0.968307,-0.013280,0.371595,0.919601,-0.018445,0.345524,0.832131,-0.018498,0.346201,0.772878,-0.018556,0.387410,0.808134,-0.037564,0.336971,0.694954,-0.049807,0.314729,0.627504,-0.056219,0.297779,0.574686,-0.060353,0.421489,0.754666,-0.028900,0.366396,0.713191,-0.034295,0.362054,0.752461,-0.024049,0.372373,0.787952,-0.015744,0.448107,0.732328,-0.020036,0.394998,0.720369,-0.027090,0.392878,0.755529,-0.018392,0.405223,0.788373,-0.010728,0.467825,0.722395,-0.011467,0.425578,0.719584,-0.017939,0.420375,0.752613,-0.013615,0.427789,0.781013,-0.008121
1299,1694846655.854085,0,60.7602,60.7602,-0.9552,-0.3321,56.2282,164.6122,34.3181,4297.8914,1.2775,146.6975,59.6604,136.9095,136.9149,132.1436,129.8903,0.008849,0.493608,0.934025,-0.000000,0.429361,0.970804,-0.017483,0.370303,0.920334,-0.024640,0.347080,0.829717,-0.026168,0.349307,0.768705,-0.027351,0.389458,0.809805,-0.038807,0.339547,0.699670,-0.052480,0.317907,0.631343,-0.060147,0.301687,0.578264,-0.065232,0.423371,0.755376,-0.029376,0.366663,0.715070,-0.037884,0.359998,0.750397,-0.030524,0.368426,0.781594,-0.023763,0.448398,0.731828,-0.020267,0.393426,0.721846,-0.029507,0.389861,0.756231,-0.021974,0.401187,0.787218,-0.014648,0.466054,0.721382,-0.012010,0.421727,0.721858,-0.020653,0.415997,0.753918,-0.017513,0.423044,0.780087,-0.012432
1300,1694846655.862418,0,,,0.0000,0.0000,0.0000,0.0000,,,,,,,,,,,0.000000,0.000000,0.000000,0.000000,0.000000,0.000000,0.000000,0.000000,0.000000,0.000000,0.000000,0.000000,0.000000,0.000000,0.000000,0.000000,0.000000,0.000000,0.000000,0.000000,0.000000,0.000000,0.000000,0.000000,0.000000,0.000000,0.000000,0.000000,0.000000,0.000000,0.000000,0.000000,0.000000,0.000000,0.000000,0.000000,0.000000,0.000000,0.000000,0.000000,0.000000,0.000000,0.000000,0.000000,0.000000,0.000000,0.000000,0.000000,0.000000,0.000000,0.000000,0.000000,0.000000,0.000000,0.000000,0.000000,0.000000,0.000000,0.000000,0.000000,0.000000,0.000000,0.000000
1301,1694846655.870751,0,,,0.0000,0.0000,0.0000,0.0000,,,,,,,,,,,0.000000,0.000000,0.000000,0.000000,0.000000,0.000000,0.000000,0.000000,0.000000,0.000000,0.000000,0.000000,0.000000,0.000000,0.000000,0.000000,0.000000,0.000000,0.000000,0.000000,0.000000,0.000000,0.000000,0.000000,0.000000,0.000000,0.000000,0.000000,0.000000,0.000000,0.000000,0.000000,0.000000,0.000000,0.000000,0.000000,0.000000,0.000000,0.000000,0.000000,0.000000,0.000000,0.000000,0.000000,0.000000,0.000000,0.000000,0.000000,0.000000,0.000000,0.000000,0.000000,0.000000,0.000000,0.000000,0.000000,0.000000,0.000000,0.000000,0.000000,0.000000,0.000000,0.000000
1302,1694846655.879085,0,,,0.0000,0.0000,0.0000,0.0000,,,,,,,,,,,0.000000,0.000000,0.000000,0.000000,0.000000,0.000000,0.000000,0.000000,0.000000,0.000000,0.000000,0.000000,0.000000,0.000000,0.000000,0.000000,0.000000,0.000000,0.000000,0.000000,0.000000,0.000000,0.000000,0.000000,0.000000,0.000000,0.000000,0.000000,0.000000,0.000000,0.000000,0.000000,0.000000,0.000000,0.000000,0.000000,0.000000,0.000000,0.000000,0.000000,0.000000,0.000000,0.000000,0.000000,0.000000,0.000000,0.000000,0.000000,0.000000,0.000000,0.000000,0.000000,0.000000,0.000000,0.000000,0.000000,0.000000,0.000000,0.000000,0.000000,0.000000,0.000000,0.000000
1303,1694846655.887418,0,,,0.0000,0.0000,0.0000,0.0000,,,,,,,,,,,0.000000,0.000000,0.000000,0.000000,0.000000,0.000000,0.000000,0.000000,0.000000,0.000000,0.000000,0.000000,0.000000,0.000000,0.000000,0.000000,0.000000,0.000000,0.000000,0.000000,0.000000,0.000000,0.000000,0.000000,0.000000,0.000000,0.000000,0.000000,0.000000,0.000000,0.000000,0.000000,0.000000,0.000000,0.000000,0.000000,0.000000,0.000000,0.000000,0.000000,0.000000,0.000000,0.000000,0.000000,0.000000,0.000000,0.000000,0.000000,0.000000,0.000000,0.000000,0.000000,0.000000,0.000000,0.000000,0.000000,0.000000,0.000000,0.000000,0.000000,0.000000,0.000000,0.000000
1304,1694846655.895751,0,,,0.0000,0.0000,0.0000,0.0000,,,,,,,,,,,0.000000,0.000000,0.000000,0.000000,0.000000,0.000000,0.000000,0.000000,0.000000,0.000000,0.000000,0.000000,0.000000,0.000000,0.000000,0.000000,0.000000,0.000000,0.000000,0.000000,0.000000,0.000000,0.000000,0.000000,0.000000,0.000000,0.000000,0.000000,0.000000,0.000000,0.000000,0.000000,0.000000,0.000000,0.000000,0.000000,0.000000,0.000000,0.000000,0.000000,0.000000,0.000000,0.000000,0.000000,0.000000,0.000000,0.000000,0.000000,0.000000,0.000000,0.000000,0.000000,0.000000,0.000000,0.000000,0.000000,0.000000,0.000000,0.000000,0.000000,0.000000,0.000000,0.000000
1305,1694846655.904085,0,-59.4458,-59.4458,-1.7408,0.0000,56.2519,147.5743,,4831.2322,1.0476,144.2438,53.5023,134.6452,134.7580,129.9972,128.1272,0.008057,0.497781,0.938644,-0.000000,0.432984,0.973000,-0.016022,0.372260,0.923492,-0.023060,0.346752,0.831509,-0.024525,0.347871,0.768074,-0.025659,0.391749,0.815440,-0.039412,0.342966,0.701649,-0.052250,0.321084,0.632970,-0.059083,0.304207,0.579425,-0.063917,0.425948,0.760267,-0.030183,0.370226,0.718913,-0.037522,0.365089,0.756139,-0.028987,0.374027,0.789712,-0.021914,0.451509,0.735981,-0.020950,0.398079,0.727148,-0.028650,0.395877,0.760622,-0.020177,0.407071,0.792750,-0.012971,0.469387,0.725087,-0.012407,0.425940,0.725565,-0.020172,0.421076,0.756613,-0.016885,0.428061,0.782961,-0.012092
1306,1694846655.912418,0,,,0.0000,0.0000,0.0000,0.0000,,,,,,,,,,,0.000000,0.000000,0.000000,0.000000,0.000000,0.000000,0.000000,0.000000,0.000000,0.000000,0.000000,0.000000,0.000000,0.000000,0.000000,0.000000,0.000000,0.000000,0.000000,0.000000,0.000000,0.000000,0.000000,0.000000,0.000000,0.000000,0.000000,0.000000,0.000000,0.000000,0.000000,0.000000,0.000000,0.000000,0.000000,0.000000,0.000000,0.000000,0.000000,0.000000,0.000000,0.000000,0.000000,0.000000,0.000000,0.000000,0.000000,0.000000,0.000000,0.000000,0.000000,0.000000,0.000000,0.000000,0.000000,0.000000,0.000000,0.000000,0.000000,0.000000,0.000000,0.000000,0.000000
1307,1694846655.920751,0,,,0.0000,0.0000,0.0000,0.0000,,,,,,,,,,,0.000000,0.000000,0.000000,0.000000,0.000000,0.000000,0.000000,0.000000,0.000000,0.000000,0.000000,0.000000,0.000000,0.000000,0.000000,0.000000,0.000000,0.000000,0.000000,0.000000,0.000000,0.000000,0.000000,0.000000,0.000000,0.000000,0.000000,0.000000,0.000000,0.000000,0.000000,0.000000,0.000000,0.000000,0.000000,0.000000,0.000000,0.000000,0.000000,0.000000,0.000000,0.000000,0.000000,0.000000,0.000000,0.000000,0.000000,0.000000,0.000000,0.000000,0.000000,0.000000,0.000000,0.000000,0.000000,0.000000,0.000000,0.000000,0.000000,0.000000,0.000000,0.000000,0.000000
1308,1694846655.929085,0,,,0.0000,0.0000,0.0000,0.0000,,,,,,,,,,,0.000000,0.000000,0.000000,0.000000,0.000000,0.000000,0.000000,0.000000,0.000000,0.000000,0.000000,0.000000,0.000000,0.000000,0.000000,0.000000,0.000000,0.000000,0.000000,0.000000,0.000000,0.000000,0.000000,0.000000,0.000000,0.000000,0.000000,0.000000,0.000000,0.000000,0.000000,0.000000,0.000000,0.000000,0.000000,0.000000,0.000000,0.000000,0.000000,0.000000,0.000000,0.000000,0.000000,0.000000,0.000000,0.000000,0.000000,0.000000,0.000000,0.000000,0.000000,0.000000,0.000000,0.000000,0.000000,0.000000,0.000000,0.000000,0.000000,0.000000,0.000000,0.000000,0.000000
1309,1694846655.937418,0,,,0.0000,0.0000,0.0000,0.0000,,,,,,,,,,,0.000000,0.000000,0.000000,0.000000,0.000000,0.000000,0.000000,0.000000,0.000000,0.000000,0.000000,0.000000,0.000000,0.000000,0.000000,0.000000,0.000000,0.000000,0.000000,0.000000,0.000000,0.000000,0.000000,0.000000,0.000000,0.000000,0.000000,0.000000,0.000000,0.000000,0.000000,0.000000,0.000000,0.000000,0.000000,0.000000,0.000000,0.000000,0.000000,0.000000,0.000000,0.000000,0.000000,0.000000,0.000000,0.000000,0.000000,0.000000,0.000000,0.000000,0.000000,0.000000,0.000000,0.000000,0.000000,0.000000,0.000000,0.000000,0.000000,0.000000,0.000000,0.000000,0.000000
1310,1694846655.945751,0,,,0.0000,0.0000,0.0000,0.0000,,,,,,,,,,,0.000000,0.000000,0.000000,0.000000,0.000000,0.000000,0.000000,0.000000,0.000000,0.000000,0.000000,0.000000,0.000000,0.000000,0.000000,0.000000,0.000000,0.000000,0.000000,0.000000,0.000000,0.000000,0.000000,0.000000,0.000000,0.000000,0.000000,0.000000,0.000000,0.000000,0.000000,0.000000,0.000000,0.000000,0.000000,0.000000,0.000000,0.000000,0.000000,0.000000,0.000000,0.000000,0.000000,0.000000,0.000000,0.000000,0.000000,0.000000,0.000000,0.000000,0.000000,0.000000,0.000000,0.000000,0.000000,0.000000,0.000000,0.000000,0.000000,0.000000,0.000000,0.000000,0.000000
1311,1694846655.954085,0,69.0183,69.0183,31.0221,0.0000,58.7450,102.5939,,4462.8949,0.8908,137.8086,58.5000,133.2131,133.6946,129.9166,129.8971,0.009124,0.500475,0.928112,-0.000000,0.437573,0.971306,-0.018250,0.377209,0.925494,-0.026120,0.349329,0.835686,-0.027113,0.349040,0.770758,-0.028061,0.393519,0.815660,-0.046142,0.343904,0.700094,-0.060139,0.320684,0.630260,-0.067954,0.302631,0.576236,-0.073330,0.426816,0.759896,-0.035474,0.367456,0.706385,-0.040819,0.359675,0.742014,-0.030527,0.367358,0.777293,-0.022839,0.452072,0.735521,-0.024760,0.396410,0.714776,-0.031131,0.393553,0.749824,-0.021350,0.405107,0.782698,-0.013601,0.470050,0.724104,-0.014834,0.424530,0.718932,-0.022329,0.420184,0.750636,-0.018369,0.428174,0.777965,-0.013404
1312,1694846655.962418,0,,,0.0000,0.0000,0.0000,0.0000,,,,,,,,,,,0.000000,0.000000,0.000000,0.000000,0.000000,0.000000,0.000000,0.000000,0.000000,0.000000,0.000000,0.000000,0.000000,0.000000,0.000000,0.000000,0.000000,0.000000,0.000000,0.000000,0.000000,0.000000,0.000000,0.000000,0.000000,0.000000,0.000000,0.000000,0.000000,0.000000,0.000000,0.000000,0.000000,0.000000,0.000000,0.000000,0.000000,0.000000,0.000000,0.000000,0.000000,0.000000,0.000000,0.000000,0.000000,0.000000,0.000000,0.000000,0.000000,0.000000,0.000000,0.000000,0.000000,0.000000,0.000000,0.000000,0.000000,0.000000,0.000000,0.000000,0.000000,0.000000,0.000000
1313,1694846655.970751,0,-70.5741,-70.5741,-31.9766,0.0000,62.6178,80.6721,,4843.7152,0.7409,140.5548,57.2502,133.6903,133.2707,128.6318,127.9465,0.009107,0.499540,0.928552,-0.000000,0.437624,0.969777,-0.019227,0.376777,0.923365,-0.027718,0.350381,0.833884,-0.029467,0.352204,0.770345,-0.031197,0.395908,0.816752,-0.045603,0.345634,0.703403,-0.059897,0.322095,0.632553,-0.068421,0.303105,0.578285,-0.074475,0.429222,0.761195,-0.035458,0.371005,0.713096,-0.043520,0.363229,0.747776,-0.035689,0.370783,0.781915,-0.029142,0.453576,0.736102,-0.025309,0.397942,0.720212,-0.033738,0.395695,0.753957,-0.024943,0.407865,0.784810,-0.017281,0.470315,0.723966,-0.016040,0.423163,0.719960,-0.024772,0.419335,0.750209,-0.020700,0.428114,0.775527,-0.015233
1314,1694846655.979085,0,,,0.0000,0.0000,0.0000,0.0000,,,,,,,,,,,0.000000,0.000000,0.000000,0.000000,0.000000,0.000000,0.000000,0.000000,0.000000,0.000000,0.000000,0.000000,0.000000,0.000000,0.000000,0.000000,0.000000,0.000000,0.000000,0.000000,0.000000,0.000000,0.000000,0.000000,0.000000,0.000000,0.000000,0.000000,0.000000,0.000000,0.000000,0.000000,0.000000,0.000000,0.000000,0.000000,0.000000,0.000000,0.000000,0.000000,0.000000,0.000000,0.000000,0.000000,0.000000,0.000000,0.000000,0.000000,0.000000,0.000000,0.000000,0.000000,0.000000,0.000000,0.000000,0.000000,0.000000,0.000000,0.000000,0.000000,0.000000,0.000000,0.000000
1315,1694846655.987418,0,68.6461,68.6461,1.9715,0.0000,64.4147,35.3532,,4391.9979,1.0464,144.9352,57.5073,131.9439,133.0270,129.1864,128.8503,0.008850,0.500778,0.931802,-0.000000,0.438132,0.972296,-0.017658,0.379129,0.928149,-0.025100,0.351964,0.841542,-0.026057,0.349270,0.777822,-0.026914,0.393119,0.816494,-0.044456,0.344289,0.701860,-0.058917,0.320846,0.631766,-0.067384,0.302412,0.577300,-0.073114,0.426220,0.761421,-0.034502,0.368523,0.708848,-0.039573,0.357865,0.739041,-0.030197,0.362600,0.771089,-0.023393,0.451594,0.736700,-0.024602,0.397575,0.719486,-0.030493,0.393836,0.752425,-0.021020,0.404568,0.784096,-0.013619,0.469944,0.725293,-0.015627,0.425887,0.720543,-0.023061,0.421003,0.752006,-0.019165,0.428222,0.779018,-0.014129
1316,1694846655.995751,0,,,0.0000,0.0000,0.0000,0.0000,,,,,,,,,,,0.000000,0.000000,0.000000,0.000000,0.000000,0.000000,0.000000,0.000000,0.000000,0.000000,0.000000,0.000000,0.000000,0.000000,0.000000,0.000000,0.000000,0.000000,0.000000,0.000000,0.000000,0.000000,0.000000,0.000000,0.000000,0.000000,0.000000,0.000000,0.000000,0.000000,0.000000,0.000000,0.000000,0.000000,0.000000,0.000000,0.000000,0.000000,0.000000,0.000000,0.000000,0.000000,0.000000,0.000000,0.000000,0.000000,0.000000,0.000000,0.000000,0.000000,0.000000,0.000000,0.000000,0.000000,0.000000,0.000000,0.000000,0.000000,0.000000,0.000000,0.000000,0.000000,0.000000
1317,1694846656.004085,0,,,0.0000,0.0000,0.0000,0.0000,,,,,,,,,,,0.000000,0.000000,0.000000,0.000000,0.000000,0.000000,0.000000,0.000000,0.000000,0.000000,0.000000,0.000000,0.000000,0.000000,0.000000,0.000000,0.000000,0.000000,0.000000,0.000000,0.000000,0.000000,0.000000,0.000000,0.000000,0.000000,0.000000,0.000000,0.000000,0.000000,0.000000,0.000000,0.000000,0.000000,0.000000,0.000000,0.000000,0.000000,0.000000,0.000000,0.000000,0.000000,0.000000,0.000000,0.000000,0.000000,0.000000,0.000000,0.000000,0.000000,0.000000,0.000000,0.000000,0.000000,0.000000,0.000000,0.000000,0.000000,0.000000,0.000000,0.000000,0.000000,0.000000
1318,1694846656.012418,0,,,0.0000,0.0000,0.0000,0.0000,,,,,,,,,,,0.000000,0.000000,0.000000,0.000000,0.000000,0.000000,0.000000,0.000000,0.000000,0.000000,0.000000,0.000000,0.000000,0.000000,0.000000,0.000000,0.000000,0.000000,0.000000,0.000000,0.000000,0.000000,0.000000,0.000000,0.000000,0.000000,0.000000,0.000000,0.000000,0.000000,0.000000,0.000000,0.000000,0.000000,0.000000,0.000000,0.000000,0.000000,0.000000,0.000000,0.000000,0.000000,0.000000,0.000000,0.000000,0.000000,0.000000,0.000000,0.000000,0.000000,0.000000,0.000000,0.000000,0.000000,0.000000,0.000000,0.000000,0.000000,0.000000,0.000000,0.000000,0.000000,0.000000
1319,1694846656.020751,0,,,0.0000,0.0000,0.0000,0.0000,,,,,,,,,,,0.000000,0.000000,0.000000,0.000000,0.000000,0.000000,0.000000,0.000000,0.000000,0.000000,0.000000,0.000000,0.000000,0.000000,0.000000,0.000000,0.000000,0.000000,0.000000,0.000000,0.000000,0.000000,0.000000,0.000000,0.000000,0.000000,0.000000,0.000000,0.000000,0.000000,0.000000,0.000000,0.000000,0.000000,0.000000,0.000000,0.000000,0.000000,0.000000,0.000000,0.000000,0.000000,0.000000,0.000000,0.000000,0.000000,0.000000,0.000000,0.000000,0.000000,0.000000,0.000000,0.000000,0.000000,0.000000,0.000000,0.000000,0.000000,0.000000,0.000000,0.000000,0.000000,0.000000
1320,1694846656.029085,0,,,0.0000,0.0000,0.0000,0.0000,,,,,,,,,,,0.000000,0.000000,0.000000,0.000000,0.000000,0.000000,0.000000,0.000000,0.000000,0.000000,0.000000,0.000000,0.000000,0.000000,0.000000,0.000000,0.000000,0.000000,0.000000,0.000000,0.000000,0.000000,0.000000,0.000000,0.000000,0.000000,0.000000,0.000000,0.000000,0.000000,0.000000,0.000000,0.000000,0.000000,0.000000,0.000000,0.000000,0.000000,0.000000,0.000000,0.000000,0.000000,0.000000,0.000000,0.000000,0.000000,0.000000,0.000000,0.000000,0.000000,0.000000,0.000000,0.000000,0.000000,0.000000,0.000000,0.000000,0.000000,0.000000,0.000000,0.000000,0.000000,0.000000
1321,1694846656.037418,0,,,0.0000,0.0000,0.0000,0.0000,,,,,,,,,,,0.000000,0.000000,0.000000,0.000000,0.000000,0.000000,0.000000,0.000000,0.000000,0.000000,0.000000,0.000000,0.000000,0.000000,0.000000,0.000000,0.000000,0.000000,0.000000,0.000000,0.000000,0.000000,0.000000,0.000000,0.000000,0.000000,0.000000,0.000000,0.000000,0.000000,0.000000,0.000000,0.000000,0.000000,0.000000,0.000000,0.000000,0.000000,0.000000,0.000000,0.000000,0.000000,0.000000,0.000000,0.000000,0.000000,0.000000,0.000000,0.000000,0.000000,0.000000,0.000000,0.000000,0.000000,0.000000,0.000000,0.000000,0.000000,0.000000,0.000000,0.000000,0.000000,0.000000
1322,1694846656.045751,0,-66.1431,-66.1431,-1.6743,0.0000,65.8495,22.5882,,4935.9961,1.4121,142.5671,54.1214,131.9946,132.1736,128.4503,128.2828,0.008968,0.497955,0.933681,-0.000000,0.435614,0.972049,-0.015996,0.374608,0.925143,-0.023605,0.348061,0.835126,-0.025225,0.350529,0.772230,-0.026909,0.394526,0.822698,-0.044057,0.344962,0.706508,-0.058138,0.321770,0.637088,-0.065609,0.303339,0.583646,-0.070924,0.427884,0.767081,-0.035214,0.371347,0.723132,-0.043100,0.367487,0.761311,-0.033815,0.378276,0.794690,-0.026481,0.452799,0.741156,-0.026133,0.399253,0.727299,-0.034477,0.398189,0.761116,-0.024747,0.411258,0.792256,-0.016772,0.470343,0.728050,-0.017630,0.425609,0.725714,-0.026503,0.422703,0.756936,-0.022451,0.431959,0.782308,-0.017079
1323,1694846656.054085,0,,,0.0000,0.0000,0.0000,0.0000,,,,,,,,,,,0.000000,0.000000,0.000000,0.000000,0.000000,0.000000,0.000000,0.000000,0.000000,0.000000,0.000000,0.000000,0.000000,0.000000,0.000000,0.000000,0.000000,0.000000,0.000000,0.000000,0.000000,0.000000,0.000000,0.000000,0.000000,0.000000,0.000000,0.000000,0.000000,0.000000,0.000000,0.000000,0.000000,0.000000,0.000000,0.000000,0.000000,0.000000,0.000000,0.000000,0.000000,0.000000,0.000000,0.000000,0.000000,0.000000,0.000000,0.000000,0.000000,0.000000,0.000000,0.000000,0.000000,0.000000,0.000000,0.000000,0.000000,0.000000,0.000000,0.000000,0.000000,0.000000,0.000000
1324,1694846656.062418,0,,,0.0000,0.0000,0.0000,0.0000,,,,,,,,,,,0.000000,0.000000,0.000000,0.000000,0.000000,0.000000,0.000000,0.000000,0.000000,0.000000,0.000000,0.000000,0.000000,0.000000,0.000000,0.000000,0.000000,0.000000,0.000000,0.000000,0.000000,0.000000,0.000000,0.000000,0.000000,0.000000,0.000000,0.000000,0.000000,0.000000,0.000000,0.000000,0.000000,0.000000,0.000000,0.000000,0.000000,0.000000,0.000000,0.000000,0.000000,0.000000,0.000000,0.000000,0.000000,0.000000,0.000000,0.000000,0.000000,0.000000,0.000000,0.000000,0.000000,0.000000,0.000000,0.000000,0.000000,0.000000,0.000000,0.000000,0.000000,0.000000,0.000000
1325,1694846656.070751,0,,,0.0000,0.0000,0.0000,0.0000,,,,,,,,,,,0.000000,0.000000,0.000000,0.000000,0.000000,0.000000,0.000000,0.000000,0.000000,0.000000,0.000000,0.000000,0.000000,0.000000,0.000000,0.000000,0.000000,0.000000,0.000000,0.000000,0.000000,0.000000,0.000000,0.000000,0.000000,0.000000,0.000000,0.000000,0.000000,0.000000,0.000000,0.000000,0.000000,0.000000,0.000000,0.000000,0.000000,0.000000,0.000000,0.000000,0.000000,0.000000,0.000000,0.000000,0.000000,0.000000,0.000000,0.000000,0.000000,0.000000,0.000000,0.000000,0.000000,0.000000,0.000000,0.000000,0.000000,0.000000,0.000000,0.000000,0.000000,0.000000,0.000000
1326,1694846656.079085,0,,,0.0000,0.0000,0.0000,0.0000,,,,,,,,,,,0.000000,0.000000,0.000000,0.000000,0.000000,0.000000,0.000000,0.000000,0.000000,0.000000,0.000000,0.000000,0.000000,0.000000,0.000000,0.000000,0.000000,0.000000,0.000000,0.000000,0.000000,0.000000,0.000000,0.000000,0.000000,0.000000,0.000000,0.000000,0.000000,0.000000,0.000000,0.000000,0.000000,0.000000,0.000000,0.000000,0.000000,0.000000,0.000000,0.000000,0.000000,0.000000,0.000000,0.000000,0.000000,0.000000,0.000000,0.000000,0.000000,0.000000,0.000000,0.000000,0.000000,0.000000,0.000000,0.000000,0.000000,0.000000,0.000000,0.000000,0.000000,0.000000,0.000000
1327,1694846656.087418,0,,,0.0000,0.0000,0.0000,0.0000,,,,,,,,,,,0.000000,0.000000,0.000000,0.000000,0.000000,0.000000,0.000000,0.000000,0.000000,0.000000,0.000000,0.000000,0.000000,0.000000,0.000000,0.000000,0.000000,0.000000,0.000000,0.000000,0.000000,0.000000,0.000000,0.000000,0.000000,0.000000,0.000000,0.000000,0.000000,0.000000,0.000000,0.000000,0.000000,0.000000,0.000000,0.000000,0.000000,0.000000,0.000000,0.000000,0.000000,0.000000,0.000000,0.000000,0.000000,0.000000,0.000000,0.000000,0.000000,0.000000,0.000000,0.000000,0.000000,0.000000,0.000000,0.000000,0.000000,0.000000,0.000000,0.000000,0.000000,0.000000,0.000000
1328,1694846656.095751,0,,,0.0000,0.0000,0.0000,0.0000,,,,,,,,,,,0.000000,0.000000,0.000000,0.000000,0.000000,0.000000,0.000000,0.000000,0.000000,0.000000,0.000000,0.000000,0.000000,0.000000,0.000000,0.000000,0.000000,0.000000,0.000000,0.000000,0.000000,0.000000,0.000000,0.000000,0.000000,0.000000,0.000000,0.000000,0.000000,0.000000,0.000000,0.000000,0.000000,0.000000,0.000000,0.000000,0.000000,0.000000,0.000000,0.000000,0.000000,0.000000,0.000000,0.000000,0.000000,0.000000,0.000000,0.000000,0.000000,0.000000,0.000000,0.000000,0.000000,0.000000,0.000000,0.000000,0.000000,0.000000,0.000000,0.000000,0.000000,0.000000,0.000000
1329,1694846656.104085,0,,,0.0000,0.0000,0.0000,0.0000,,,,,,,,,,,0.000000,0.000000,0.000000,0.000000,0.000000,0.000000,0.000000,0.000000,0.000000,0.000000,0.000000,0.000000,0.000000,0.000000,0.000000,0.000000,0.000000,0.000000,0.000000,0.000000,0.000000,0.000000,0.000000,0.000000,0.000000,0.000000,0.000000,0.000000,0.000000,0.000000,0.000000,0.000000,0.000000,0.000000,0.000000,0.000000,0.000000,0.000000,0.000000,0.000000,0.000000,0.000000,0.000000,0.000000,0.000000,0.000000,0.000000,0.000000,0.000000,0.000000,0.000000,0.000000,0.000000,0.000000,0.000000,0.000000,0.000000,0.000000,0.000000,0.000000,0.000000,0.000000,0.000000
1330,1694846656.112418,0,,,0.0000,0.0000,0.0000,0.0000,,,,,,,,,,,0.000000,0.000000,0.000000,0.000000,0.000000,0.000000,0.000000,0.000000,0.000000,0.000000,0.000000,0.000000,0.000000,0.000000,0.000000,0.000000,0.000000,0.000000,0.000000,0.000000,0.000000,0.000000,0.000000,0.000000,0.000000,0.000000,0.000000,0.000000,0.000000,0.000000,0.000000,0.000000,0.000000,0.000000,0.000000,0.000000,0.000000,0.000000,0.000000,0.000000,0.000000,0.000000,0.000000,0.000000,0.000000,0.000000,0.000000,0.000000,0.000000,0.000000,0.000000,0.000000,0.000000,0.000000,0.000000,0.000000,0.000000,0.000000,0.000000,0.000000,0.000000,0.000000,0.000000
1331,1694846656.120751,0,68.7123,68.7123,-0.0765,0.0000,67.2046,24.6022,,4687.1058,1.3660,142.3086,56.4283,133.0257,133.8026,129.5602,128.9283,0.008571,0.497624,0.930752,-0.000000,0.435890,0.972390,-0.017882,0.376200,0.928452,-0.026254,0.348998,0.839496,-0.027971,0.350475,0.775830,-0.029658,0.394177,0.821279,-0.047149,0.344496,0.704435,-0.060814,0.321303,0.635520,-0.067912,0.302786,0.582356,-0.072982,0.427362,0.766119,-0.037068,0.368912,0.718014,-0.043453,0.363160,0.754664,-0.033326,0.372374,0.788292,-0.025770,0.452129,0.741257,-0.026747,0.396972,0.723392,-0.033511,0.394752,0.757358,-0.023343,0.406667,0.788897,-0.015526,0.469669,0.728558,-0.017226,0.424261,0.723635,-0.024978,0.419930,0.754289,-0.020893,0.427691,0.780722,-0.015883
1332,1694846656.129085,0,,,0.0000,0.0000,0.0000,0.0000,,,,,,,,,,,0.000000,0.000000,0.000000,0.000000,0.000000,0.000000,0.000000,0.000000,0.000000,0.000000,0.000000,0.000000,0.000000,0.000000,0.000000,0.000000,0.000000,0.000000,0.000000,0.000000,0.000000,0.000000,0.000000,0.000000,0.000000,0.000000,0.000000,0.000000,0.000000,0.000000,0.000000,0.000000,0.000000,0.000000,0.000000,0.000000,0.000000,0.000000,0.000000,0.000000,0.000000,0.000000,0.000000,0.000000,0.000000,0.000000,0.000000,0.000000,0.000000,0.000000,0.000000,0.000000,0.000000,0.000000,0.000000,0.000000,0.000000,0.000000,0.000000,0.000000,0.000000,0.000000,0.000000
1333,1694846656.137418,0,,,0.0000,0.0000,0.0000,0.0000,,,,,,,,,,,0.000000,0.000000,0.000000,0.000000,0.000000,0.000000,0.000000,0.000000,0.000000,0.000000,0.000000,0.000000,0.000000,0.000000,0.000000,0.000000,0.000000,0.000000,0.000000,0.000000,0.000000,0.000000,0.000000,0.000000,0.000000,0.000000,0.000000,0.000000,0.000000,0.000000,0.000000,0.000000,0.000000,0.000000,0.000000,0.000000,0.000000,0.000000,0.000000,0.000000,0.000000,0.000000,0.000000,0.000000,0.000000,0.000000,0.000000,0.000000,0.000000,0.000000,0.000000,0.000000,0.000000,0.000000,0.000000,0.000000,0.000000,0.000000,0.000000,0.000000,0.000000,0.000000,0.000000
1334,1694846656.145751,0,65.8676,65.8676,34.1104,0.0000,66.6980,27.1336,,4686.2436,0.7439,149.2315,59.2029,130.4636,130.7917,126.1460,125.2358,0.008659,0.497099,0.936267,-0.000000,0.433470,0.972416,-0.016558,0.373528,0.924711,-0.024533,0.347732,0.832294,-0.026593,0.350358,0.768245,-0.028679,0.392799,0.817568,-0.043807,0.343231,0.701403,-0.057758,0.321473,0.632647,-0.065223,0.304547,0.578602,-0.070405,0.426884,0.762990,-0.034263,0.369979,0.715808,-0.041836,0.364531,0.751228,-0.032928,0.372906,0.784088,-0.025801,0.452654,0.738639,-0.024455,0.398936,0.723873,-0.032302,0.397091,0.757619,-0.023288,0.409032,0.790896,-0.015738,0.470806,0.726754,-0.015304,0.426788,0.722956,-0.023745,0.422265,0.754902,-0.020380,0.430024,0.782415,-0.015508
1335,1694846656.154085,0,,,0.0000,0.0000,0.0000,0.0000,,,,,,,,,,,0.000000,0.000000,0.000000,0.000000,0.000000,0.000000,0.000000,0.000000,0.000000,0.000000,0.000000,0.000000,0.000000,0.000000,0.000000,0.000000,0.000000,0.000000,0.000000,0.000000,0.000000,0.000000,0.000000,0.000000,0.000000,0.000000,0.000000,0.000000,0.000000,0.000000,0.000000,0.000000,0.000000,0.000000,0.000000,0.000000,0.000000,0.000000,0.000000,0.000000,0.000000,0.000000,0.000000,0.000000,0.000000,0.000000,0.000000,0.000000,0.000000,0.000000,0.000000,0.000000,0.000000,0.000000,0.000000,0.000000,0.000000,0.000000,0.000000,0.000000,0.000000,0.000000,0.000000
1336,1694846656.162418,0,,,0.0000,0.0000,0.0000,0.0000,,,,,,,,,,,0.000000,0.000000,0.000000,0.000000,0.000000,0.000000,0.000000,0.000000,0.000000,0.000000,0.000000,0.000000,0.000000,0.000000,0.000000,0.000000,0.000000,0.000000,0.000000,0.000000,0.000000,0.000000,0.000000,0.000000,0.000000,0.000000,0.000000,0.000000,0.000000,0.000000,0.000000,0.000000,0.000000,0.000000,0.000000,0.000000,0.000000,0.000000,0.000000,0.000000,0.000000,0.000000,0.000000,0.000000,0.000000,0.000000,0.000000,0.000000,0.000000,0.000000,0.000000,0.000000,0.000000,0.000000,0.000000,0.000000,0.000000,0.000000,0.000000,0.000000,0.000000,0.000000,0.000000
1337,1694846656.170751,0,,,0.0000,0.0000,0.0000,0.0000,,,,,,,,,,,0.000000,0.000000,0.000000,0.000000,0.000000,0.000000,0.000000,0.000000,0.000000,0.000000,0.000000,0.000000,0.000000,0.000000,0.000000,0.000000,0.000000,0.000000,0.000000,0.000000,0.000000,0.000000,0.000000,0.000000,0.000000,0.000000,0.000000,0.000000,0.000000,0.000000,0.000000,0.000000,0.000000,0.000000,0.000000,0.000000,0.000000,0.000000,0.000000,0.000000,0.000000,0.000000,0.000000,0.000000,0.000000,0.000000,0.000000,0.000000,0.000000,0.000000,0.000000,0.000000,0.000000,0.000000,0.000000,0.000000,0.000000,0.000000,0.000000,0.000000,0.000000,0.000000,0.000000
1338,1694846656.179085,0,,,0.0000,0.0000,0.0000,0.0000,,,,,,,,,,,0.000000,0.000000,0.000000,0.000000,0.000000,0.000000,0.000000,0.000000,0.000000,0.000000,0.000000,0.000000,0.000000,0.000000,0.000000,0.000000,0.000000,0.000000,0.000000,0.000000,0.000000,0.000000,0.000000,0.000000,0.000000,0.000000,0.000000,0.000000,0.000000,0.000000,0.000000,0.000000,0.000000,0.000000,0.000000,0.000000,0.000000,0.000000,0.000000,0.000000,0.000000,0.000000,0.000000,0.000000,0.000000,0.000000,0.000000,0.000000,0.000000,0.000000,0.000000,0.000000,0.000000,0.000000,0.000000,0.000000,0.000000,0.000000,0.000000,0.000000,0.000000,0.000000,0.000000
1339,1694846656.187418,0,57.0791,57.0791,-2.8917,0.0000,52.6600,13.7279,,4729.7361,0.6744,141.6767,56.5157,133.0858,134.3535,130.5507,130.1740,0.008473,0.498507,0.939868,-0.000000,0.434971,0.973126,-0.015853,0.376139,0.926637,-0.022597,0.349435,0.837076,-0.024039,0.347211,0.774775,-0.025245,0.392701,0.812575,-0.039088,0.342833,0.699858,-0.050635,0.320596,0.634201,-0.056404,0.302949,0.580495,-0.060496,0.426454,0.760939,-0.030226,0.369119,0.718351,-0.036472,0.361941,0.751903,-0.028097,0.369170,0.781973,-0.021460,0.452405,0.738361,-0.021119,0.398290,0.727891,-0.028169,0.395285,0.760438,-0.019360,0.406095,0.791507,-0.012073,0.471100,0.727491,-0.012794,0.427681,0.725096,-0.020168,0.422313,0.756587,-0.016205,0.428999,0.784481,-0.010969
1340,1694846656.195751,0,,,0.0000,0.0000,0.0000,0.0000,,,,,,,,,,,0.000000,0.000000,0.000000,0.000000,0.000000,0.000000,0.000000,0.000000,0.000000,0.000000,0.000000,0.000000,0.000000,0.000000,0.000000,0.000000,0.000000,0.000000,0.000000,0.000000,0.000000,0.000000,0.000000,0.000000,0.000000,0.000000,0.000000,0.000000,0.000000,0.000000,0.000000,0.000000,0.000000,0.000000,0.000000,0.000000,0.000000,0.000000,0.000000,0.000000,0.000000,0.000000,0.000000,0.000000,0.000000,0.000000,0.000000,0.000000,0.000000,0.000000,0.000000,0.000000,0.000000,0.000000,0.000000,0.000000,0.000000,0.000000,0.000000,0.000000,0.000000,0.000000,0.000000
1341,1694846656.204085,0,71.9419,71.9419,34.5212,0.0000,53.0482,45.6934,,3899.6824,0.7130,146.0903,57.2335,132.8722,133.8489,130.1618,130.1260,0.009202,0.497675,0.934598,-0.000000,0.436286,0.974545,-0.017771,0.379103,0.932594,-0.026019,0.352107,0.848778,-0.028309,0.347210,0.787162,-0.030524,0.393449,0.819517,-0.044303,0.344372,0.703638,-0.060302,0.320720,0.634103,-0.069528,0.302251,0.579298,-0.075439,0.426283,0.765802,-0.035079,0.369013,0.718679,-0.043747,0.362314,0.754439,-0.035533,0.370843,0.786750,-0.028624,0.451415,0.741633,-0.025975,0.397474,0.726304,-0.034899,0.395187,0.760955,-0.025274,0.406848,0.791963,-0.016993,0.469648,0.729784,-0.017767,0.426135,0.724951,-0.026306,0.421878,0.757091,-0.021584,0.429450,0.784369,-0.015547
1342,1694846656.212418,0,,,0.0000,0.0000,0.0000,0.0000,,,,,,,,,,,0.000000,0.000000,0.000000,0.000000,0.000000,0.000000,0.000000,0.000000,0.000000,0.000000,0.000000,0.000000,0.000000,0.000000,0.000000,0.000000,0.000000,0.000000,0.000000,0.000000,0.000000,0.000000,0.000000,0.000000,0.000000,0.000000,0.000000,0.000000,0.000000,0.000000,0.000000,0.000000,0.000000,0.000000,0.000000,0.000000,0.000000,0.000000,0.000000,0.000000,0.000000,0.000000,0.000000,0.000000,0.000000,0.000000,0.000000,0.000000,0.000000,0.000000,0.000000,0.000000,0.000000,0.000000,0.000000,0.000000,0.000000,0.000000,0.000000,0.000000,0.000000,0.000000,0.000000
1343,1694846656.220751,0,,,0.0000,0.0000,0.0000,0.0000,,,,,,,,,,,0.000000,0.000000,0.000000,0.000000,0.000000,0.000000,0.000000,0.000000,0.000000,0.000000,0.000000,0.000000,0.000000,0.000000,0.000000,0.000000,0.000000,0.000000,0.000000,0.000000,0.000000,0.000000,0.000000,0.000000,0.000000,0.000000,0.000000,0.000000,0.000000,0.000000,0.000000,0.000000,0.000000,0.000000,0.000000,0.000000,0.000000,0.000000,0.000000,0.000000,0.000000,0.000000,0.000000,0.000000,0.000000,0.000000,0.000000,0.000000,0.000000,0.000000,0.000000,0.000000,0.000000,0.000000,0.000000,0.000000,0.000000,0.000000,0.000000,0.000000,0.000000,0.000000,0.000000
1344,1694846656.229085,0,,,0.0000,0.0000,0.0000,0.0000,,,,,,,,,,,0.000000,0.000000,0.000000,0.000000,0.000000,0.000000,0.000000,0.000000,0.000000,0.000000,0.000000,0.000000,0.000000,0.000000,0.000000,0.000000,0.000000,0.000000,0.000000,0.000000,0.000000,0.000000,0.000000,0.000000,0.000000,0.000000,0.000000,0.000000,0.000000,0.000000,0.000000,0.000000,0.000000,0.000000,0.000000,0.000000,0.000000,0.000000,0.000000,0.000000,0.000000,0.000000,0.000000,0.000000,0.000000,0.000000,0.000000,0.000000,0.000000,0.000000,0.000000,0.000000,0.000000,0.000000,0.000000,0.000000,0.000000,0.000000,0.000000,0.000000,0.000000,0.000000,0.000000
1345,1694846656.237418,0,,,0.0000,0.0000,0.0000,0.0000,,,,,,,,,,,0.000000,0.000000,0.000000,0.000000,0.000000,0.000000,0.000000,0.000000,0.000000,0.000000,0.000000,0.000000,0.000000,0.000000,0.000000,0.000000,0.000000,0.000000,0.000000,0.000000,0.000000,0.000000,0.000000,0.000000,0.000000,0.000000,0.000000,0.000000,0.000000,0.000000,0.000000,0.000000,0.000000,0.000000,0.000000,0.000000,0.000000,0.000000,0.000000,0.000000,0.000000,0.000000,0.000000,0.000000,0.000000,0.000000,0.000000,0.000000,0.000000,0.000000,0.000000,0.000000,0.000000,0.000000,0.000000,0.000000,0.000000,0.000000,0.000000,0.000000,0.000000,0.000000,0.000000
1346,1694846656.245751,0,-68.4268,-68.4268,-34.2848,0.0000,53.9578,55.4747,,4866.3263,1.3107,144.6836,54.0446,136.1576,137.0535,133.2615,132.5467,0.009013,0.499038,0.935240,-0.000000,0.435698,0.974304,-0.016092,0.375091,0.928521,-0.023497,0.349060,0.837451,-0.025112,0.349283,0.774625,-0.026760,0.393669,0.818874,-0.043855,0.343829,0.704351,-0.058536,0.319723,0.637152,-0.066600,0.300689,0.582921,-0.072380,0.427600,0.764278,-0.035722,0.369455,0.721626,-0.044556,0.365437,0.761825,-0.035720,0.376537,0.793520,-0.028605,0.452580,0.739700,-0.027428,0.397947,0.726874,-0.036521,0.396509,0.762298,-0.026172,0.409523,0.793623,-0.017753,0.470263,0.728153,-0.019864,0.425508,0.723902,-0.029017,0.422305,0.756102,-0.024323,0.431159,0.782761,-0.018574
1347,1694846656.254085,0,,,0.0000,0.0000,0.0000,0.0000,,,,,,,,,,,0.000000,0.000000,0.000000,0.000000,0.000000,0.000000,0.000000,0.000000,0.000000,0.000000,0.000000,0.000000,0.000000,0.000000,0.000000,0.000000,0.000000,0.000000,0.000000,0.000000,0.000000,0.000000,0.000000,0.000000,0.000000,0.000000,0.000000,0.000000,0.000000,0.000000,0.000000,0.000000,0.000000,0.000000,0.000000,0.000000,0.000000,0.000000,0.000000,0.000000,0.000000,0.000000,0.000000,0.000000,0.000000,0.000000,0.000000,0.000000,0.000000,0.000000,0.000000,0.000000,0.000000,0.000000,0.000000,0.000000,0.000000,0.000000,0.000000,0.000000,0.000000,0.000000,0.000000
1348,1779366670.228218,0,-65.7515,-65.7515,-32.9048,0.0000,64.8699,0.0000,,5105.1853,0.7013,140.0177,52.6135,137.7995,137.9475,133.2043,131.1830,0.007407,0.497191,0.932502,-0.000000,0.435873,0.970012,-0.015894,0.376625,0.926726,-0.023617,0.350288,0.840265,-0.025827,0.350442,0.777792,-0.027976,0.393865,0.819033,-0.041731,0.345274,0.705815,-0.056135,0.321584,0.637922,-0.064337,0.303035,0.584461,-0.069985,0.427226,0.765095,-0.033713,0.370689,0.722269,-0.042406,0.364884,0.758912,-0.034582,0.374507,0.790503,-0.027913,0.452616,0.740833,-0.025539,0.399638,0.727489,-0.034248,0.397339,0.761173,-0.024930,0.410049,0.792837,-0.016922,0.470919,0.729109,-0.018119,0.428227,0.725273,-0.026912,0.424062,0.756692,-0.022692,0.432502,0.783413,-0.017013
1349,1779366670.325962,0,,,0.0000,0.0000,0.0000,0.0000,,,,,,,,,,,0.000000,0.000000,0.000000,0.000000,0.000000,0.000000,0.000000,0.000000,0.000000,0.000000,0.000000,0.000000,0.000000,0.000000,0.000000,0.000000,0.000000,0.000000,0.000000,0.000000,0.000000,0.000000,0.000000,0.000000,0.000000,0.000000,0.000000,0.000000,0.000000,0.000000,0.000000,0.000000,0.000000,0.000000,0.000000,0.000000,0.000000,0.000000,0.000000,0.000000,0.000000,0.000000,0.000000,0.000000,0.000000,0.000000,0.000000,0.000000,0.000000,0.000000,0.000000,0.000000,0.000000,0.000000,0.000000,0.000000,0.000000,0.000000,0.000000,0.000000,0.000000,0.000000,0.000000
