frame_id,timestamp,contact_label,dist_raw,dist_local,v_n,a_n,sigma_d,v_t,approach_theta,shadow_score,flow_mag,brightness_contact,dist2d_palm_0,dist2d_palm_5,dist2d_palm_9,dist2d_palm_13,dist2d_palm_17,hull_overlap_ratio,lm_0_x,lm_0_y,lm_0_z,lm_1_x,lm_1_y,lm_1_z,lm_2_x,lm_2_y,lm_2_z,lm_3_x,lm_3_y,lm_3_z,lm_4_x,lm_4_y,lm_4_z,lm_5_x,lm_5_y,lm_5_z,lm_6_x,lm_6_y,lm_6_z,lm_7_x,lm_7_y,lm_7_z,lm_8_x,lm_8_y,lm_8_z,lm_9_x,lm_9_y,lm_9_z,lm_10_x,lm_10_y,lm_10_z,lm_11_x,lm_11_y,lm_11_z,lm_12_x,lm_12_y,lm_12_z,lm_13_x,lm_13_y,lm_13_z,lm_14_x,lm_14_y,lm_14_z,lm_15_x,lm_15_y,lm_15_z,lm_16_x,lm_16_y,lm_16_z,lm_17_x,lm_17_y,lm_17_z,lm_18_x,lm_18_y,lm_18_z,lm_19_x,lm_19_y,lm_19_z,lm_20_x,lm_20_y,lm_20_z
0,1694951212.516705,0,29.4341,29.4341,0.0000,0.0000,0.0000,0.0000,,8028.3441,0.0000,77.1528,269.3789,53.4176,52.5787,92.2220,143.0377,0.108587,0.557323,0.693265,-0.000000,0.481905,0.655933,-0.037157,0.428625,0.548946,-0.053341,0.411295,0.418607,-0.059513,0.413579,0.331753,-0.061307,0.515478,0.437563,-0.063983,0.449097,0.311684,-0.072266,0.408713,0.281708,-0.069589,0.386114,0.262616,-0.066127,0.559410,0.401188,-0.046254,0.529252,0.223610,-0.061192,0.485962,0.225457,-0.054795,0.460653,0.257991,-0.044354,0.583658,0.396919,-0.027498,0.563201,0.234522,-0.040812,0.521596,0.243344,-0.031430,0.500981,0.278809,-0.018590,0.593948,0.411849,-0.010441,0.584063,0.285035,-0.019311,0.550405,0.265294,-0.014678,0.528383,0.276842,-0.006608
1,1694951212.525038,0,43.1355,43.1355,13.7014,13.7014,6.8507,856.1259,51.1382,8892.7129,2.0461,84.9475,271.7960,51.7356,55.3905,96.3822,147.7307,0.118951,0.555110,0.678028,-0.000000,0.480095,0.654578,-0.040985,0.428645,0.548050,-0.058009,0.412565,0.415346,-0.062925,0.416612,0.330448,-0.063263,0.516168,0.442644,-0.073789,0.454228,0.315276,-0.082976,0.411996,0.278948,-0.080300,0.383873,0.254018,-0.077411,0.558818,0.403186,-0.054045,0.530167,0.222733,-0.070692,0.487203,0.219176,-0.064197,0.459903,0.249672,-0.053910,0.581623,0.394371,-0.033078,0.563886,0.229324,-0.047451,0.521937,0.233950,-0.038906,0.498592,0.266186,-0.027051,0.590143,0.406587,-0.013951,0.583978,0.282449,-0.023736,0.552090,0.263555,-0.020538,0.530498,0.272754,-0.014120
2,1694951212.533371,0,35.4291,35.4291,2.9975,-10.7039,5.6081,1102.2089,19.4749,7780.5215,2.7893,68.7593,255.1362,45.6143,43.6394,86.1192,136.1283,0.115890,0.556763,0.692250,-0.000000,0.480385,0.657784,-0.037244,0.428043,0.550465,-0.053659,0.412966,0.419055,-0.060231,0.418055,0.333429,-0.062135,0.515257,0.437149,-0.064161,0.449328,0.308877,-0.074526,0.406078,0.282600,-0.072916,0.382570,0.271104,-0.069793,0.558534,0.403043,-0.047305,0.529797,0.225103,-0.065025,0.486683,0.222084,-0.060192,0.460568,0.254434,-0.050417,0.582406,0.399432,-0.029656,0.563222,0.237673,-0.045465,0.522361,0.238790,-0.037276,0.499796,0.271457,-0.024729,0.593133,0.416270,-0.013741,0.583047,0.287100,-0.024979,0.549740,0.264791,-0.021314,0.526074,0.277179,-0.013467
3,1694951212.541705,0,29.5423,29.5423,0.0361,-2.9614,5.6041,482.8081,25.1527,9570.8543,1.5723,77.4576,259.9859,46.6314,51.0049,93.2831,144.6237,0.114423,0.556395,0.692837,-0.000000,0.480098,0.658034,-0.035011,0.426510,0.550650,-0.050363,0.411084,0.418651,-0.055620,0.419051,0.334448,-0.056539,0.513254,0.438763,-0.064044,0.447308,0.309770,-0.072410,0.406388,0.278771,-0.069384,0.382660,0.259997,-0.065433,0.557678,0.402561,-0.046977,0.527948,0.220832,-0.062872,0.485207,0.219865,-0.056783,0.459578,0.252143,-0.045871,0.582567,0.396724,-0.028460,0.561016,0.232615,-0.041726,0.519131,0.237247,-0.032478,0.497126,0.270366,-0.019355,0.593619,0.410509,-0.011409,0.583296,0.280725,-0.019201,0.550828,0.259087,-0.013888,0.529146,0.269620,-0.005191
4,1694951212.550038,0,30.2200,30.2200,0.1965,0.1604,5.2821,335.1542,59.6766,9466.2598,1.6983,80.5255,263.3009,51.0431,56.5610,99.2078,149.9354,0.116939,0.555008,0.683433,-0.000000,0.480236,0.653773,-0.040130,0.430043,0.547498,-0.058064,0.412166,0.418009,-0.063942,0.414681,0.330955,-0.064861,0.514807,0.439647,-0.075326,0.451416,0.312327,-0.083438,0.409652,0.278816,-0.078491,0.384186,0.257037,-0.073692,0.558195,0.404805,-0.055281,0.527089,0.224814,-0.070356,0.485141,0.227599,-0.060624,0.461021,0.260306,-0.047826,0.582723,0.400221,-0.033727,0.563499,0.234727,-0.046113,0.522371,0.242515,-0.033680,0.501541,0.275363,-0.019037,0.593276,0.414338,-0.013985,0.586719,0.287512,-0.021580,0.554980,0.266566,-0.015940,0.534612,0.273700,-0.007559
5,1694951212.558371,0,-33.5447,-33.5447,-19.1700,-19.3665,27.6813,1465.0426,45.8898,10807.3823,1.2723,80.2747,262.0213,45.1227,52.7574,95.5474,147.1033,0.119587,0.555227,0.674500,-0.000000,0.479366,0.650244,-0.039459,0.427397,0.546299,-0.056499,0.411751,0.414863,-0.061066,0.416619,0.328115,-0.060836,0.515167,0.438032,-0.074684,0.451490,0.308186,-0.081562,0.409786,0.275746,-0.076099,0.382070,0.256784,-0.070816,0.558245,0.402816,-0.053762,0.528244,0.221708,-0.067415,0.487113,0.217872,-0.058328,0.461025,0.247156,-0.046295,0.581563,0.397573,-0.031088,0.562138,0.234516,-0.042025,0.520365,0.235679,-0.031702,0.496601,0.263909,-0.018942,0.590379,0.410286,-0.009959,0.582385,0.287328,-0.016404,0.549894,0.265923,-0.011481,0.527791,0.272581,-0.003898
6,1694951212.566705,0,-34.6787,-34.6787,-17.5269,1.6431,32.3222,1337.5773,2.1332,10047.7040,1.5733,77.9375,263.7458,47.3027,51.9564,94.4158,147.4777,0.106390,0.554480,0.674033,-0.000000,0.479142,0.650782,-0.041042,0.428105,0.546871,-0.058799,0.410971,0.413800,-0.063083,0.418679,0.327473,-0.062168,0.514471,0.438742,-0.078856,0.452463,0.311300,-0.084115,0.410599,0.278403,-0.076804,0.381771,0.259034,-0.070737,0.557372,0.402522,-0.056241,0.525290,0.224645,-0.069322,0.485487,0.219420,-0.058648,0.461041,0.251142,-0.045840,0.581246,0.396875,-0.031601,0.560072,0.232820,-0.042174,0.518881,0.232301,-0.030641,0.495446,0.262085,-0.017184,0.591406,0.409662,-0.008505,0.582735,0.285070,-0.014533,0.551296,0.264477,-0.009105,0.530584,0.272799,-0.001324
7,1694951212.575038,0,-39.1640,-39.1640,-17.1766,0.3504,32.2306,1500.7297,22.6619,9968.1838,2.0058,85.6752,265.8204,48.0927,55.9813,99.3009,152.4028,0.117688,0.554952,0.681418,0.000000,0.479086,0.652464,-0.041791,0.429016,0.548568,-0.059607,0.412767,0.418547,-0.063899,0.417494,0.331511,-0.062869,0.515026,0.441787,-0.077532,0.451391,0.312435,-0.083840,0.410846,0.277211,-0.078747,0.382944,0.252628,-0.074079,0.557911,0.407474,-0.054533,0.529204,0.225652,-0.066599,0.489374,0.217782,-0.056939,0.464940,0.245843,-0.045253,0.581479,0.403865,-0.029804,0.563596,0.238590,-0.039326,0.523609,0.238992,-0.028356,0.502726,0.268400,-0.015481,0.591560,0.416822,-0.006788,0.584684,0.290167,-0.011557,0.554288,0.264638,-0.005688,0.535168,0.268643,0.002264
8,1694951212.583371,0,45.3874,45.3874,3.7919,20.9684,36.4224,125.5289,63.6471,10627.4162,1.9406,83.9614,258.9761,44.0347,50.8404,92.4105,143.0299,0.117701,0.554007,0.673791,-0.000000,0.478961,0.647898,-0.038686,0.427114,0.546414,-0.056978,0.411097,0.416075,-0.063782,0.416276,0.330567,-0.066236,0.515271,0.441066,-0.075206,0.452681,0.313109,-0.086140,0.410135,0.277542,-0.083546,0.381779,0.256075,-0.080027,0.559136,0.403317,-0.056721,0.527933,0.219066,-0.075206,0.484611,0.219891,-0.068119,0.457931,0.252315,-0.056703,0.583088,0.395628,-0.036599,0.562094,0.227149,-0.052254,0.519004,0.234872,-0.042483,0.495719,0.267743,-0.029143,0.592347,0.408374,-0.017919,0.583460,0.281514,-0.027538,0.549771,0.263561,-0.022839,0.527582,0.272369,-0.014992
9,1694951212.591705,0,27.1471,27.1471,15.1730,11.3811,35.8210,1498.0277,63.4160,7206.4375,1.2012,82.4807,270.2916,56.0800,58.7233,100.1159,152.1145,0.107790,0.557505,0.690498,-0.000000,0.482854,0.654804,-0.036361,0.430948,0.548534,-0.053560,0.413983,0.417537,-0.060237,0.417414,0.330997,-0.062476,0.514330,0.442289,-0.071515,0.451734,0.312215,-0.079841,0.411568,0.278660,-0.075300,0.387891,0.257219,-0.070769,0.558734,0.404076,-0.054348,0.527857,0.223544,-0.069612,0.484941,0.225610,-0.061211,0.460317,0.259284,-0.049624,0.584435,0.397509,-0.035426,0.564239,0.232896,-0.047356,0.522111,0.241868,-0.035784,0.500891,0.277473,-0.022251,0.595941,0.411894,-0.018150,0.588232,0.284000,-0.025171,0.554444,0.263626,-0.019280,0.532166,0.275259,-0.010961
10,1694951212.600038,0,38.1940,38.1940,18.2182,3.0452,36.6608,1511.3204,55.6545,10371.4365,1.2360,87.3187,267.3177,51.9775,59.1304,101.0900,152.5327,0.126744,0.555187,0.678430,-0.000000,0.480260,0.652142,-0.043166,0.428849,0.545299,-0.060534,0.412077,0.413586,-0.064575,0.417728,0.327325,-0.063620,0.517085,0.441733,-0.077259,0.454990,0.314348,-0.086300,0.412729,0.277788,-0.083305,0.383192,0.252435,-0.079869,0.559876,0.403719,-0.055135,0.529651,0.220615,-0.071773,0.487307,0.217583,-0.064870,0.460792,0.251309,-0.053676,0.582785,0.396201,-0.031685,0.561112,0.230581,-0.045699,0.517977,0.235690,-0.037520,0.493812,0.269244,-0.025234,0.591683,0.408197,-0.010082,0.582581,0.282452,-0.018637,0.549724,0.262490,-0.015286,0.527225,0.272786,-0.008490
11,1694951212.608371,0,40.5221,40.5221,19.9215,1.7034,31.3654,1330.2462,12.9989,8307.2595,1.4109,83.7392,262.8700,48.2984,52.9144,94.1841,146.3989,0.105967,0.553576,0.668510,-0.000000,0.477890,0.650519,-0.040752,0.426439,0.547291,-0.058564,0.410567,0.414793,-0.063204,0.419647,0.332555,-0.063232,0.514703,0.439334,-0.080044,0.453101,0.311146,-0.088191,0.411617,0.277401,-0.083167,0.383889,0.258258,-0.078402,0.558023,0.403633,-0.058446,0.526592,0.225897,-0.073947,0.486325,0.222791,-0.064678,0.461256,0.251842,-0.052603,0.581672,0.398304,-0.034933,0.561559,0.233967,-0.048167,0.521843,0.235882,-0.037932,0.499684,0.265821,-0.024879,0.590731,0.411879,-0.012888,0.581902,0.287610,-0.021671,0.550486,0.267675,-0.017640,0.530491,0.276127,-0.010519
12,1694951212.616705,0,46.6932,46.6932,0.3265,-19.5951,6.9528,210.8950,59.5072,8769.5339,0.7653,83.6049,261.6134,48.5733,52.0893,93.0150,144.4019,0.114212,0.554832,0.668207,-0.000000,0.480086,0.648118,-0.041297,0.428322,0.548060,-0.060394,0.411796,0.417717,-0.067294,0.414401,0.329924,-0.069656,0.514711,0.438781,-0.077090,0.453888,0.308994,-0.087881,0.411442,0.276324,-0.085014,0.383952,0.256786,-0.081392,0.558076,0.403388,-0.057531,0.527750,0.220509,-0.075272,0.484848,0.224269,-0.067537,0.459668,0.256363,-0.055961,0.581331,0.397599,-0.036694,0.561182,0.232434,-0.051866,0.519958,0.241485,-0.042127,0.499082,0.274277,-0.029222,0.590362,0.409885,-0.017597,0.580534,0.285150,-0.027966,0.547804,0.269114,-0.024097,0.527539,0.280374,-0.016979
13,1694951212.625038,0,-31.2784,-31.2784,-14.6064,-14.9328,28.4770,1458.0853,65.1962,9977.6831,1.5318,74.6111,256.9119,44.8714,47.8555,90.3350,141.3431,0.118793,0.555823,0.688754,-0.000000,0.479876,0.655606,-0.042765,0.429909,0.548921,-0.060751,0.412769,0.417276,-0.064872,0.416228,0.328426,-0.063302,0.516419,0.438409,-0.080850,0.450122,0.307711,-0.083873,0.408088,0.278558,-0.073510,0.382169,0.261928,-0.065026,0.559058,0.405340,-0.056636,0.526152,0.224863,-0.067190,0.484801,0.221456,-0.054580,0.460380,0.251081,-0.040741,0.582736,0.403571,-0.030310,0.562076,0.240613,-0.039084,0.521661,0.242810,-0.027003,0.500325,0.272719,-0.013506,0.592893,0.419385,-0.005615,0.585575,0.292524,-0.010524,0.554194,0.268754,-0.004877,0.533618,0.275155,0.002883
14,1694951212.633371,0,-38.9314,-38.9314,-19.2813,-4.6750,37.8567,1547.9973,53.8946,10474.0953,2.5837,88.8696,259.8530,50.7650,57.2167,98.3607,149.2867,0.106342,0.553989,0.670291,-0.000000,0.481019,0.652672,-0.038679,0.428889,0.548986,-0.055906,0.411384,0.418698,-0.061506,0.419050,0.337745,-0.062779,0.513498,0.445521,-0.074167,0.452656,0.316545,-0.086084,0.410937,0.278747,-0.084744,0.383816,0.252228,-0.082509,0.556412,0.408654,-0.056410,0.527917,0.225531,-0.075884,0.485787,0.222138,-0.069284,0.460780,0.250538,-0.058073,0.580405,0.401148,-0.037383,0.561306,0.238843,-0.053470,0.521168,0.241124,-0.043581,0.501232,0.269841,-0.029940,0.590381,0.413004,-0.020077,0.582802,0.286626,-0.030638,0.552123,0.261404,-0.026520,0.533302,0.265501,-0.018868
15,1694951212.641705,0,-35.2745,-35.2745,-18.9492,0.3322,38.7139,1358.9870,72.8837,9243.8673,1.0074,80.9637,264.2453,49.0382,51.4960,92.3069,141.9544,0.112808,0.555385,0.682516,-0.000000,0.480636,0.653082,-0.038329,0.430261,0.548312,-0.054954,0.413775,0.418552,-0.060379,0.416400,0.331884,-0.061136,0.515175,0.437417,-0.068917,0.452024,0.311679,-0.076575,0.410231,0.277720,-0.072305,0.384414,0.255491,-0.068052,0.558401,0.402406,-0.050466,0.527398,0.224240,-0.065176,0.485007,0.224621,-0.056776,0.459948,0.255417,-0.044989,0.582828,0.398073,-0.030813,0.563896,0.233717,-0.043694,0.523186,0.239490,-0.032672,0.502004,0.270748,-0.018994,0.593346,0.413242,-0.012956,0.587950,0.287200,-0.021410,0.557466,0.265629,-0.016440,0.537758,0.272320,-0.008531
16,1694951212.650038,0,30.5204,30.5204,-4.0432,14.9060,36.5792,94.9921,39.6755,8229.7556,1.8899,80.2338,263.7413,50.5358,54.0404,94.7681,146.0246,0.110688,0.555867,0.691275,-0.000000,0.480009,0.655631,-0.037371,0.429623,0.545293,-0.053846,0.412912,0.412883,-0.058933,0.416374,0.325130,-0.059153,0.515783,0.442398,-0.071318,0.451570,0.312227,-0.080171,0.410278,0.279077,-0.076226,0.385984,0.259340,-0.071654,0.559318,0.407494,-0.052476,0.529280,0.223023,-0.067963,0.487189,0.224212,-0.059306,0.463316,0.257450,-0.046999,0.583909,0.402190,-0.032085,0.565744,0.233226,-0.044464,0.524386,0.239242,-0.032541,0.503833,0.273083,-0.017957,0.593831,0.416978,-0.013327,0.587253,0.286327,-0.020487,0.555224,0.264200,-0.014439,0.535038,0.273642,-0.005543
17,1694951212.658371,0,-40.8042,-40.8042,-2.3815,1.6617,27.0345,540.7838,51.5270,10995.1215,1.1885,89.6528,269.1047,50.6779,60.1519,101.6670,152.3602,0.116428,0.554546,0.670513,-0.000000,0.479899,0.652363,-0.040729,0.429021,0.547213,-0.058359,0.414337,0.411634,-0.062958,0.421173,0.325156,-0.063215,0.516615,0.439782,-0.080836,0.453469,0.312843,-0.089270,0.411676,0.276574,-0.085368,0.382585,0.251469,-0.082358,0.558550,0.401351,-0.060304,0.520519,0.225874,-0.074688,0.478835,0.228105,-0.066102,0.454818,0.259186,-0.056091,0.581833,0.394134,-0.037850,0.558435,0.227237,-0.051083,0.518269,0.235718,-0.041274,0.498514,0.270346,-0.029907,0.590997,0.406337,-0.017006,0.581033,0.281166,-0.027178,0.550566,0.261824,-0.024373,0.533351,0.269576,-0.018999
18,1694951212.666705,0,25.3864,25.3864,16.0794,18.4609,32.5646,1398.2682,78.7029,10454.1337,1.5674,82.9267,271.9776,53.8893,61.9389,104.0640,158.4912,0.098108,0.555409,0.687966,-0.000000,0.479754,0.656343,-0.040694,0.430218,0.545928,-0.057481,0.413880,0.414070,-0.061563,0.416673,0.325751,-0.060761,0.516005,0.435860,-0.075254,0.449836,0.308732,-0.080245,0.409065,0.276211,-0.073515,0.384346,0.253508,-0.067847,0.559439,0.403668,-0.053364,0.528071,0.225403,-0.065284,0.485916,0.223477,-0.054910,0.461074,0.254271,-0.042638,0.583823,0.403078,-0.029825,0.564704,0.240969,-0.040064,0.523523,0.244722,-0.029351,0.502687,0.276873,-0.016652,0.594910,0.419417,-0.007926,0.587068,0.293451,-0.014086,0.554789,0.270111,-0.009203,0.534144,0.277086,-0.001979
19,1694951212.675038,0,-41.4393,-41.4393,-1.5412,-17.6206,32.9947,343.3349,71.1936,10569.0272,1.4773,90.4645,272.5985,55.1947,62.2217,103.0339,154.0072,0.111573,0.555468,0.680019,0.000000,0.480801,0.652377,-0.046318,0.430579,0.546042,-0.064730,0.413833,0.415325,-0.068490,0.417969,0.327197,-0.066860,0.517872,0.442686,-0.082672,0.453430,0.311782,-0.090358,0.411767,0.276126,-0.086031,0.384795,0.250508,-0.082002,0.560276,0.405878,-0.057603,0.526534,0.225363,-0.071084,0.484851,0.222813,-0.062339,0.461482,0.256046,-0.051335,0.582848,0.399707,-0.031187,0.560432,0.234468,-0.042743,0.518807,0.237223,-0.033707,0.497730,0.268674,-0.022096,0.591684,0.411882,-0.006760,0.582474,0.285082,-0.013864,0.552711,0.262060,-0.010107,0.534600,0.269296,-0.003742
20,1694951212.683371,0,36.8623,36.8623,1.5855,3.1267,35.4819,187.4454,39.7151,9785.6701,2.2899,75.8534,267.5406,47.9576,53.2655,96.6121,149.4142,0.119002,0.557209,0.691697,-0.000000,0.480374,0.657552,-0.044599,0.429617,0.547231,-0.063195,0.411880,0.413294,-0.068122,0.412380,0.322515,-0.067807,0.517742,0.440918,-0.081164,0.449171,0.307345,-0.086359,0.407455,0.277778,-0.078776,0.381642,0.259637,-0.072134,0.561220,0.405378,-0.056859,0.527628,0.223412,-0.068029,0.485444,0.221556,-0.057416,0.459642,0.252234,-0.045330,0.584501,0.401255,-0.030874,0.562158,0.236116,-0.040532,0.520465,0.242664,-0.030162,0.498354,0.276045,-0.018050,0.593137,0.413728,-0.006732,0.583479,0.286077,-0.013200,0.551116,0.266101,-0.008893,0.529726,0.275901,-0.002101
21,1694951212.691705,0,-33.0167,-33.0167,1.9469,0.3614,34.3906,719.1246,20.6043,9189.5347,1.7312,72.9059,256.6703,47.0519,43.3139,84.2514,135.1269,0.108588,0.556691,0.692091,-0.000000,0.480142,0.659185,-0.035895,0.427438,0.549607,-0.051346,0.411119,0.416228,-0.056631,0.416610,0.332288,-0.057489,0.516466,0.436804,-0.064459,0.450250,0.308265,-0.073631,0.407588,0.283224,-0.070970,0.384290,0.271199,-0.067157,0.559904,0.402351,-0.047162,0.531553,0.221846,-0.064009,0.488190,0.219805,-0.058499,0.461957,0.251441,-0.048176,0.583169,0.398185,-0.028638,0.562989,0.235709,-0.043404,0.520899,0.238451,-0.035073,0.498060,0.271687,-0.022479,0.592629,0.414406,-0.011557,0.583000,0.286484,-0.021561,0.551514,0.262289,-0.017640,0.530036,0.270147,-0.009740
22,1694951212.700038,0,-30.4089,-30.4089,-13.9488,-15.8957,32.7783,1346.6756,2.0217,9274.0505,1.9478,79.5833,266.9695,51.7013,56.6241,98.3505,150.5388,0.105459,0.556628,0.687426,-0.000000,0.481022,0.654380,-0.040423,0.429879,0.546949,-0.058154,0.411807,0.416573,-0.063913,0.415231,0.329084,-0.064876,0.516984,0.436468,-0.073231,0.451668,0.309623,-0.079251,0.410382,0.277580,-0.073580,0.384536,0.257795,-0.068381,0.560168,0.402054,-0.052521,0.530472,0.223619,-0.065127,0.487824,0.220275,-0.056356,0.461029,0.249828,-0.045128,0.584409,0.398646,-0.030283,0.565905,0.234030,-0.040788,0.523439,0.238290,-0.030722,0.500018,0.270560,-0.018560,0.594697,0.413065,-0.009765,0.586564,0.285902,-0.016135,0.553687,0.265478,-0.011192,0.531500,0.274353,-0.003875
23,1694951212.708371,0,30.3065,30.3065,17.9364,31.8853,33.8382,1510.9818,3.6356,7810.4059,1.1862,79.5448,267.0058,52.7739,55.5386,96.7653,148.5790,0.109487,0.554987,0.684566,-0.000000,0.480715,0.653843,-0.043391,0.430301,0.550561,-0.061454,0.412270,0.422503,-0.066489,0.415351,0.334129,-0.066203,0.516826,0.439273,-0.074312,0.453220,0.314041,-0.080075,0.412448,0.280099,-0.074163,0.387352,0.257482,-0.069018,0.559949,0.404480,-0.051565,0.529262,0.228908,-0.064299,0.488125,0.224590,-0.054802,0.463646,0.252500,-0.042901,0.584029,0.401642,-0.027633,0.565708,0.240818,-0.038693,0.526355,0.242114,-0.027321,0.505583,0.270008,-0.013819,0.594127,0.417592,-0.005754,0.588742,0.292456,-0.012918,0.559117,0.266731,-0.007895,0.539578,0.269884,-0.000190
24,1694951212.716705,0,38.8219,38.8219,0.4899,-17.4465,32.9755,148.3108,35.9951,10571.2409,1.2840,87.3827,268.4572,51.7664,58.7831,101.0067,153.0526,0.118845,0.555315,0.672825,-0.000000,0.479807,0.650371,-0.041892,0.429610,0.546742,-0.059579,0.413291,0.418346,-0.065081,0.414527,0.331210,-0.065990,0.515011,0.435223,-0.073821,0.449963,0.307202,-0.082672,0.407768,0.272111,-0.078849,0.383254,0.250643,-0.074591,0.559033,0.401627,-0.053500,0.529402,0.223866,-0.068530,0.487877,0.220690,-0.059911,0.463745,0.249622,-0.048060,0.582708,0.398485,-0.032361,0.564286,0.232307,-0.047008,0.525109,0.234446,-0.037557,0.504839,0.262761,-0.024730,0.591760,0.413055,-0.012967,0.584663,0.287604,-0.023854,0.554349,0.265036,-0.020407,0.534540,0.271232,-0.013320
25,1694951212.725038,0,-35.3643,-35.3643,-0.5869,-1.0768,33.2118,356.1988,0.3202,11314.6806,2.6141,76.0208,260.0201,44.5208,51.3354,94.9683,148.0259,0.109771,0.557713,0.686470,-0.000000,0.481479,0.658227,-0.044468,0.429802,0.548985,-0.062260,0.412257,0.415629,-0.066606,0.414322,0.325997,-0.065783,0.517475,0.436796,-0.078614,0.449802,0.306806,-0.084379,0.406748,0.278977,-0.078543,0.380209,0.261667,-0.073514,0.559702,0.399483,-0.054917,0.526704,0.220980,-0.067156,0.484363,0.219328,-0.058390,0.458809,0.252132,-0.047772,0.582191,0.393621,-0.029832,0.559424,0.231524,-0.040674,0.517727,0.239057,-0.032243,0.495835,0.273544,-0.021645,0.591140,0.405577,-0.006704,0.581816,0.281092,-0.014687,0.549448,0.264452,-0.012058,0.528486,0.276961,-0.006675
26,1694951212.733371,0,44.5077,44.5077,18.7292,19.3160,34.9964,1462.2503,24.2631,9820.1625,1.9554,87.3063,262.4608,48.2522,54.0802,95.3628,145.1883,0.116365,0.554464,0.676539,-0.000000,0.480286,0.651285,-0.040462,0.429693,0.546760,-0.058243,0.413090,0.415787,-0.064194,0.415425,0.328892,-0.065591,0.515559,0.440145,-0.074878,0.452800,0.309679,-0.085035,0.410512,0.274852,-0.082553,0.384737,0.252877,-0.079411,0.559479,0.404240,-0.055819,0.530431,0.221270,-0.072698,0.488058,0.223162,-0.065433,0.463160,0.257074,-0.054474,0.583137,0.398895,-0.035501,0.564842,0.232244,-0.050205,0.524083,0.242706,-0.040483,0.503462,0.278446,-0.027645,0.592268,0.413323,-0.016943,0.585601,0.286685,-0.027150,0.553564,0.269458,-0.023303,0.532969,0.281432,-0.016211
27,1694951212.741705,0,37.7597,37.7597,1.8633,-16.8658,29.6322,87.8197,39.7813,10472.9143,1.5199,85.5401,263.7842,50.5002,57.2583,97.6604,149.4292,0.108702,0.554944,0.671914,-0.000000,0.479938,0.647796,-0.037808,0.429086,0.543497,-0.054471,0.413158,0.413435,-0.059517,0.418977,0.329339,-0.060197,0.514584,0.437523,-0.073506,0.452382,0.311316,-0.083050,0.410268,0.276385,-0.080061,0.382616,0.253463,-0.076722,0.557445,0.399398,-0.055141,0.527397,0.221055,-0.072055,0.485489,0.222528,-0.065384,0.460806,0.255954,-0.054696,0.580856,0.391566,-0.035045,0.559649,0.229280,-0.049365,0.518379,0.237839,-0.040668,0.497302,0.271551,-0.028576,0.589863,0.403437,-0.016371,0.582269,0.281041,-0.025733,0.551255,0.260926,-0.022179,0.531497,0.268054,-0.015351
28,1694951212.750038,0,-39.4130,-39.4130,-19.5587,-21.4221,38.1810,1733.5756,8.3930,12574.1898,1.7767,96.6188,264.7220,49.7806,59.5373,101.5185,152.5088,0.115134,0.554188,0.672564,-0.000000,0.481201,0.651154,-0.039423,0.429705,0.548424,-0.056672,0.412788,0.419089,-0.062543,0.416563,0.333928,-0.064155,0.514504,0.438861,-0.071515,0.451490,0.313759,-0.082136,0.409439,0.273167,-0.080730,0.382271,0.246353,-0.078380,0.557909,0.402193,-0.053687,0.530991,0.221965,-0.070035,0.489187,0.213175,-0.063265,0.462494,0.238281,-0.052531,0.581489,0.396505,-0.034902,0.564053,0.232034,-0.050196,0.524391,0.232780,-0.041011,0.502718,0.260615,-0.028199,0.590509,0.411162,-0.017840,0.584188,0.286366,-0.028995,0.553301,0.262823,-0.024997,0.532078,0.269232,-0.017347
29,1694951212.758371,0,-32.8031,-32.8031,0.6403,20.1990,37.8382,174.1842,17.5567,11560.1082,2.0918,77.8796,261.3401,43.6357,52.7755,97.1599,148.5778,0.135947,0.556340,0.677600,-0.000000,0.479839,0.655946,-0.037757,0.425280,0.551021,-0.052963,0.411055,0.418807,-0.057247,0.420513,0.338407,-0.056977,0.514139,0.437865,-0.067528,0.448738,0.306462,-0.078009,0.405127,0.274807,-0.075866,0.379014,0.260144,-0.072223,0.558382,0.402079,-0.049809,0.529353,0.219733,-0.068287,0.487283,0.215367,-0.062323,0.461062,0.248340,-0.051064,0.582550,0.395685,-0.031204,0.560158,0.234302,-0.047720,0.519377,0.236408,-0.039234,0.496996,0.268861,-0.025918,0.593503,0.409531,-0.014246,0.580972,0.280060,-0.025479,0.549132,0.260357,-0.021326,0.527651,0.273746,-0.012995
30,1694951212.766705,0,-34.4285,-34.4285,-19.7341,-20.3743,37.6899,1509.9172,9.0704,9069.5935,2.2493,89.0810,275.5981,56.7962,62.4479,102.7448,154.5579,0.105936,0.554683,0.676931,-0.000000,0.480227,0.653244,-0.039428,0.429467,0.547666,-0.056057,0.412826,0.415955,-0.061002,0.415806,0.329774,-0.061514,0.515626,0.442444,-0.071459,0.454588,0.313822,-0.080665,0.412950,0.275936,-0.078573,0.386084,0.250314,-0.076095,0.558875,0.405723,-0.052794,0.530310,0.222630,-0.068892,0.488350,0.222688,-0.061985,0.462650,0.255916,-0.051312,0.582331,0.399490,-0.032997,0.565229,0.232343,-0.047169,0.524399,0.238060,-0.038339,0.502623,0.270310,-0.026271,0.591238,0.413220,-0.014904,0.584195,0.287434,-0.024819,0.552141,0.268022,-0.021513,0.530745,0.277961,-0.015014
31,1694951212.775038,0,34.6581,34.6581,-0.7754,18.9586,35.2347,60.8861,29.2053,8877.3083,1.7119,83.6759,264.6691,53.4904,58.5410,98.1194,149.2729,0.103081,0.553431,0.677574,-0.000000,0.479137,0.650356,-0.040107,0.429148,0.547134,-0.058218,0.412740,0.417516,-0.064341,0.414988,0.331139,-0.065739,0.513893,0.441377,-0.075437,0.452271,0.312230,-0.085243,0.410753,0.276088,-0.081966,0.383827,0.254799,-0.078098,0.557980,0.404064,-0.056265,0.529319,0.223403,-0.073137,0.487206,0.217217,-0.065606,0.460067,0.246732,-0.054358,0.582198,0.397663,-0.035706,0.563666,0.231869,-0.050145,0.523283,0.233307,-0.039982,0.500361,0.264464,-0.026690,0.591670,0.412234,-0.016868,0.585235,0.286524,-0.026622,0.554956,0.264405,-0.022160,0.534072,0.272846,-0.014403
32,1694951212.783371,0,-38.2702,-38.2702,0.2857,1.0611,28.4578,222.3529,48.9427,8245.3326,1.8126,80.8040,267.0089,53.2692,55.9065,97.7954,148.8533,0.112961,0.556040,0.684661,-0.000000,0.480281,0.654381,-0.039379,0.429422,0.548530,-0.056922,0.412928,0.418093,-0.063167,0.414050,0.329506,-0.064489,0.514115,0.439816,-0.070947,0.451945,0.309965,-0.080344,0.411068,0.277391,-0.077365,0.386636,0.257510,-0.073741,0.557804,0.405014,-0.052352,0.528503,0.224482,-0.067337,0.485902,0.223937,-0.059297,0.461446,0.253899,-0.048219,0.582239,0.400068,-0.032758,0.564099,0.235064,-0.045262,0.522999,0.241027,-0.033847,0.502761,0.272963,-0.020315,0.592694,0.414237,-0.015183,0.586816,0.285449,-0.023344,0.555777,0.262120,-0.018104,0.536055,0.269222,-0.010162
33,1694951212.791705,0,32.5125,32.5125,16.3289,16.0432,33.7353,1626.5395,37.3849,8634.3106,0.9296,81.7693,264.9473,51.3561,53.0750,94.7610,146.3567,0.113783,0.555387,0.682212,-0.000000,0.479901,0.655295,-0.039284,0.428902,0.549070,-0.055475,0.412461,0.419012,-0.060203,0.413119,0.331351,-0.060284,0.515320,0.436678,-0.070517,0.451978,0.312028,-0.079927,0.410919,0.277461,-0.076828,0.385881,0.256667,-0.072833,0.558711,0.399701,-0.051549,0.529882,0.220605,-0.068049,0.487893,0.216343,-0.059910,0.462220,0.246425,-0.047657,0.582362,0.395215,-0.031604,0.563397,0.232305,-0.047117,0.522608,0.235155,-0.036893,0.501254,0.266345,-0.022549,0.591869,0.412033,-0.013339,0.584456,0.282381,-0.023500,0.552436,0.259614,-0.018432,0.531105,0.269713,-0.009667
34,1694951212.800038,0,33.0578,33.0578,16.8716,0.5427,34.2035,1230.3830,50.3151,8520.8842,3.6240,76.4244,272.3041,48.2999,51.7515,94.4931,148.1077,0.117261,0.556707,0.695509,-0.000000,0.481500,0.658253,-0.032330,0.427626,0.550296,-0.046949,0.412831,0.418133,-0.052958,0.422438,0.336314,-0.054909,0.513318,0.437789,-0.058344,0.447906,0.311736,-0.069078,0.406909,0.279911,-0.068564,0.383765,0.260404,-0.066137,0.557296,0.401277,-0.043931,0.528030,0.218911,-0.062729,0.484999,0.223881,-0.058529,0.460731,0.260081,-0.047984,0.582443,0.395105,-0.028300,0.561128,0.229776,-0.044349,0.520189,0.241030,-0.035236,0.500959,0.279139,-0.021104,0.593944,0.409630,-0.014036,0.582095,0.278540,-0.023635,0.548275,0.259380,-0.017964,0.526520,0.272198,-0.008254
35,1694951212.808371,0,35.4116,35.4116,0.1884,-16.6832,28.8911,254.9656,47.3523,8783.4300,3.0494,83.1080,272.1631,53.3288,56.7160,97.1359,147.5554,0.114980,0.555936,0.682399,-0.000000,0.479948,0.651916,-0.036314,0.428344,0.544335,-0.052329,0.412842,0.413402,-0.057745,0.417086,0.328498,-0.058729,0.514157,0.436988,-0.070428,0.449156,0.308427,-0.080393,0.407925,0.275107,-0.077476,0.384287,0.254462,-0.073700,0.558271,0.402150,-0.053291,0.526992,0.218502,-0.069655,0.483879,0.222382,-0.060895,0.460025,0.257234,-0.048428,0.583307,0.397925,-0.034770,0.562646,0.231745,-0.048757,0.520100,0.242455,-0.036751,0.500390,0.278351,-0.021831,0.594412,0.413633,-0.017868,0.586008,0.282557,-0.026472,0.551971,0.263489,-0.020326,0.531114,0.275839,-0.011221
36,1694951212.816705,0,30.5832,30.5832,17.2133,17.0250,28.5062,1243.9651,45.3847,9003.8914,2.9447,75.3935,266.4114,46.3711,48.7490,89.8921,140.5918,0.113957,0.556305,0.702473,-0.000000,0.481631,0.658345,-0.035498,0.429045,0.548893,-0.051392,0.412345,0.418973,-0.057721,0.416119,0.333707,-0.059509,0.512566,0.437838,-0.063465,0.447683,0.312333,-0.072360,0.406925,0.280548,-0.069459,0.382897,0.261199,-0.065487,0.556993,0.400621,-0.046674,0.528409,0.219885,-0.064585,0.484698,0.221617,-0.059342,0.458553,0.256350,-0.048406,0.582236,0.396349,-0.028467,0.563633,0.232589,-0.043465,0.523406,0.241189,-0.034127,0.503282,0.278438,-0.020119,0.592806,0.412843,-0.011736,0.584110,0.283109,-0.020539,0.550495,0.258832,-0.015266,0.527487,0.269398,-0.006050
37,1694951212.825038,0,-29.6547,-29.6547,-15.5418,-32.7551,25.0657,1330.9050,46.8829,9127.5857,0.9698,76.1651,265.5933,50.3237,52.7096,93.9544,145.2699,0.112524,0.556928,0.692150,-0.000000,0.480347,0.653206,-0.038114,0.429523,0.545315,-0.055045,0.412212,0.412774,-0.061271,0.411663,0.321159,-0.062747,0.512079,0.434115,-0.068618,0.446932,0.306643,-0.077298,0.406317,0.278764,-0.072786,0.384166,0.262543,-0.067785,0.556381,0.396098,-0.050187,0.523431,0.215829,-0.067974,0.480299,0.220479,-0.061002,0.456706,0.258287,-0.049203,0.581348,0.390285,-0.030478,0.557953,0.223724,-0.045021,0.514008,0.229635,-0.035191,0.491690,0.264808,-0.021577,0.592141,0.404883,-0.012458,0.581742,0.274478,-0.021135,0.547552,0.253199,-0.016440,0.525596,0.264406,-0.008234
38,1694951212.833371,0,-35.9956,-35.9956,-17.2633,-1.7216,32.3545,1391.6149,13.4407,9873.9790,2.1140,85.4252,268.6762,50.5580,55.0028,97.0394,146.8578,0.119159,0.556043,0.699134,-0.000000,0.480917,0.654666,-0.035938,0.428660,0.546109,-0.052589,0.411925,0.415213,-0.059457,0.416057,0.328086,-0.061968,0.513085,0.438131,-0.064760,0.447875,0.311235,-0.073693,0.408343,0.277270,-0.070499,0.385581,0.253571,-0.066374,0.556753,0.400353,-0.047599,0.525766,0.218902,-0.064404,0.482021,0.222214,-0.057977,0.457850,0.256197,-0.046433,0.582065,0.394799,-0.028981,0.561113,0.227145,-0.042454,0.519107,0.236824,-0.031636,0.499525,0.273744,-0.017045,0.593264,0.409734,-0.011966,0.583477,0.278047,-0.018974,0.549232,0.256588,-0.012310,0.527713,0.267745,-0.002387
39,1694951212.841705,0,23.8543,23.8543,-2.8893,14.3740,31.0364,589.9423,30.5699,8728.6031,1.2425,72.3696,256.8801,47.0320,47.9419,88.3685,136.4287,0.115980,0.554693,0.692256,-0.000000,0.478886,0.652525,-0.035507,0.428177,0.545215,-0.051651,0.412286,0.416008,-0.057622,0.415045,0.327712,-0.058726,0.513436,0.433177,-0.064884,0.447289,0.303064,-0.072488,0.406732,0.274996,-0.066686,0.384756,0.262094,-0.060022,0.557628,0.399174,-0.046947,0.528070,0.214675,-0.062171,0.485528,0.218676,-0.052085,0.461578,0.253788,-0.037469,0.582413,0.396442,-0.027781,0.562820,0.230896,-0.040145,0.520961,0.235042,-0.027298,0.499505,0.265656,-0.011194,0.592560,0.412921,-0.010116,0.583788,0.283016,-0.016237,0.550051,0.258625,-0.008671,0.527262,0.265015,0.001896
40,1694951212.850038,0,-23.9361,-23.9361,-13.6298,-10.7405,28.3030,1208.3727,59.0256,8327.6724,1.1343,73.7755,266.1340,50.2207,53.8461,95.7286,146.8500,0.113640,0.556730,0.697228,-0.000000,0.480144,0.658024,-0.035410,0.428389,0.549088,-0.050629,0.412579,0.419326,-0.056069,0.414458,0.332519,-0.056901,0.512536,0.435504,-0.062234,0.447630,0.309301,-0.070990,0.407044,0.278246,-0.067821,0.384030,0.260372,-0.063429,0.556158,0.401001,-0.045242,0.527968,0.220990,-0.061849,0.485256,0.218877,-0.055268,0.460006,0.251317,-0.043500,0.580836,0.397640,-0.027204,0.562117,0.235082,-0.040898,0.520764,0.236365,-0.030800,0.498725,0.267018,-0.016666,0.592070,0.414085,-0.010834,0.584148,0.284650,-0.018749,0.550851,0.259016,-0.013078,0.527281,0.267042,-0.003812
41,1694951212.858371,0,34.6171,34.6171,16.0679,29.6978,29.3999,1126.9129,44.3054,8227.3075,1.6033,78.1505,267.8733,51.3072,48.8407,89.3971,140.4212,0.116062,0.556120,0.692192,-0.000000,0.480704,0.651785,-0.039666,0.429818,0.543663,-0.057009,0.410916,0.413756,-0.063653,0.411748,0.323015,-0.065329,0.513604,0.433902,-0.066350,0.448204,0.310053,-0.075627,0.408146,0.281745,-0.072338,0.386686,0.263881,-0.068152,0.556965,0.396594,-0.047382,0.523910,0.216398,-0.064807,0.480183,0.219412,-0.057883,0.456425,0.254496,-0.045991,0.581594,0.392327,-0.027625,0.559503,0.227847,-0.041983,0.516204,0.232574,-0.031216,0.494502,0.265258,-0.016673,0.592442,0.408757,-0.009862,0.583091,0.279710,-0.017819,0.548847,0.256733,-0.011991,0.526048,0.266551,-0.002828
42,1694951212.866705,0,28.6556,28.6556,16.1628,0.0948,29.3572,1540.0583,22.4459,9324.6001,1.6005,81.7176,276.0311,50.9652,55.3712,97.0278,148.8577,0.120048,0.555681,0.699264,-0.000000,0.481784,0.657957,-0.036536,0.428657,0.548668,-0.052566,0.410432,0.417069,-0.057981,0.416757,0.331012,-0.058762,0.512493,0.433943,-0.066318,0.446142,0.303737,-0.072299,0.406178,0.273072,-0.067634,0.384486,0.252674,-0.063434,0.555490,0.397752,-0.047571,0.521272,0.220908,-0.058787,0.478408,0.219333,-0.050662,0.455633,0.248562,-0.040535,0.580837,0.394981,-0.027316,0.559730,0.231671,-0.035890,0.517981,0.234988,-0.024740,0.498277,0.267826,-0.012529,0.592614,0.411967,-0.008888,0.585619,0.284362,-0.014267,0.553786,0.256830,-0.008813,0.533611,0.262254,-0.001192
43,1694951212.875038,0,-27.5099,-27.5099,-12.8410,-29.0038,27.0689,1642.5082,11.9028,11174.7004,1.5079,75.5239,263.1267,42.2163,51.4801,96.6413,149.3158,0.128663,0.555159,0.684159,-0.000000,0.478263,0.650401,-0.034134,0.427250,0.540970,-0.048439,0.411290,0.411140,-0.052156,0.414639,0.325536,-0.051395,0.512474,0.428794,-0.064734,0.447142,0.302633,-0.071141,0.405762,0.272780,-0.066391,0.379818,0.255984,-0.061420,0.555773,0.393729,-0.046760,0.524419,0.215827,-0.060178,0.482725,0.217737,-0.051216,0.457898,0.251196,-0.038798,0.580446,0.390439,-0.027209,0.562141,0.226159,-0.037812,0.520292,0.229192,-0.026591,0.497755,0.259248,-0.013000,0.590542,0.406851,-0.009035,0.584876,0.282223,-0.014497,0.553117,0.260293,-0.008364,0.532076,0.266787,0.000151
44,1694951212.883371,0,-28.8567,-28.8567,-1.2301,11.6109,28.7191,272.0527,55.8593,9560.9703,1.4297,78.1705,270.9700,49.9558,56.6611,99.0221,150.3601,0.122672,0.554799,0.698338,-0.000000,0.480169,0.657229,-0.037001,0.428507,0.546692,-0.053816,0.410042,0.414642,-0.059889,0.413689,0.326235,-0.061129,0.513588,0.435107,-0.069687,0.446152,0.300911,-0.077240,0.404458,0.272174,-0.071816,0.381928,0.254810,-0.066418,0.556786,0.399696,-0.051410,0.522437,0.217557,-0.066485,0.476809,0.216909,-0.058317,0.451417,0.247853,-0.046715,0.581037,0.395909,-0.031565,0.559394,0.228109,-0.043484,0.514198,0.228322,-0.032427,0.490328,0.258156,-0.019061,0.590894,0.412403,-0.013332,0.581917,0.281443,-0.019872,0.548537,0.256079,-0.013611,0.526160,0.264652,-0.004871
45,1694951212.891705,0,-24.4995,-24.4995,-14.7791,-13.5490,28.8004,1216.4265,24.9420,8634.0617,1.4743,76.5069,268.8349,51.6224,56.7514,99.5871,152.2083,0.109459,0.554198,0.686516,-0.000000,0.478069,0.651132,-0.037342,0.428004,0.543119,-0.053030,0.411347,0.413217,-0.057652,0.413402,0.325523,-0.057197,0.512225,0.430240,-0.067228,0.447140,0.303515,-0.075031,0.407086,0.274608,-0.070298,0.384086,0.257595,-0.064892,0.555779,0.397227,-0.048061,0.525824,0.216563,-0.064113,0.484452,0.219519,-0.055240,0.460953,0.254116,-0.041880,0.580525,0.395500,-0.027644,0.562571,0.231194,-0.040636,0.521117,0.236829,-0.028377,0.500154,0.269080,-0.012620,0.591474,0.413427,-0.008897,0.584593,0.281731,-0.015349,0.551303,0.259616,-0.008080,0.529486,0.269997,0.002202
46,1694951212.900038,0,-32.5854,-32.5854,-15.3102,-0.5311,22.9548,1386.7990,39.7148,9616.8865,1.8354,88.2184,278.7758,54.8943,63.2222,104.7043,157.0878,0.117451,0.554493,0.677466,-0.000000,0.478289,0.650712,-0.038952,0.427079,0.542876,-0.054781,0.411284,0.410383,-0.059167,0.417435,0.325517,-0.058890,0.511228,0.435591,-0.068463,0.450358,0.307969,-0.077698,0.409335,0.272536,-0.075365,0.384188,0.249611,-0.072187,0.554980,0.400979,-0.049573,0.526966,0.219190,-0.066059,0.484068,0.217594,-0.059862,0.458508,0.250000,-0.048965,0.579686,0.395973,-0.029642,0.562096,0.229581,-0.043917,0.519524,0.234451,-0.035005,0.496995,0.267249,-0.022017,0.590043,0.411157,-0.011458,0.584748,0.283066,-0.020381,0.554099,0.258664,-0.016340,0.534211,0.264939,-0.008760
47,1694951212.908371,0,-23.5492,-23.5492,0.9902,16.3004,3.2331,555.8024,64.6776,8901.1857,1.5797,83.7924,280.3689,56.3826,61.0636,101.9443,154.8176,0.106142,0.554443,0.686409,-0.000000,0.480199,0.649109,-0.037683,0.428870,0.543756,-0.055695,0.409790,0.414176,-0.062069,0.413594,0.325971,-0.063522,0.512043,0.433050,-0.076633,0.446052,0.301271,-0.082108,0.407217,0.271284,-0.073399,0.386564,0.252358,-0.065997,0.555273,0.397667,-0.056959,0.521319,0.217638,-0.070874,0.476756,0.216864,-0.059851,0.452188,0.247773,-0.046575,0.580604,0.393891,-0.035025,0.559996,0.225269,-0.045419,0.515070,0.228052,-0.032109,0.491769,0.258844,-0.017650,0.592416,0.409790,-0.014580,0.584427,0.278366,-0.019795,0.550253,0.254536,-0.012778,0.527839,0.261621,-0.003828
48,1694951212.916705,0,-38.5031,-38.5031,-2.4116,-3.4017,5.5019,279.4649,42.0583,11677.0041,1.5765,89.4776,275.1115,48.7272,60.6825,104.1234,155.4927,0.131902,0.551052,0.667537,-0.000000,0.477145,0.645060,-0.037250,0.425290,0.541904,-0.053005,0.408915,0.410639,-0.056565,0.415393,0.326787,-0.055738,0.510596,0.430631,-0.073709,0.447586,0.306179,-0.080698,0.407143,0.270727,-0.076760,0.379640,0.246021,-0.073352,0.553579,0.393855,-0.053904,0.523505,0.218215,-0.067017,0.484552,0.215198,-0.058525,0.460681,0.245009,-0.047634,0.577493,0.388999,-0.032042,0.558446,0.228006,-0.042593,0.517814,0.231545,-0.032012,0.496133,0.262414,-0.019537,0.586734,0.403710,-0.011626,0.579076,0.283153,-0.018373,0.547491,0.263016,-0.013360,0.527782,0.270780,-0.005843
49,1694951212.925038,0,-34.4548,-34.4548,-2.4888,-0.0772,5.7986,245.6769,25.2756,9037.0550,1.8000,80.8519,272.7655,50.1186,56.6054,99.1572,150.6553,0.122207,0.554134,0.691610,-0.000000,0.479206,0.651018,-0.035386,0.427706,0.544003,-0.051860,0.409839,0.414345,-0.058255,0.412472,0.327656,-0.060116,0.510648,0.434445,-0.066811,0.446211,0.304714,-0.075556,0.406881,0.273788,-0.072508,0.385039,0.254351,-0.068763,0.554254,0.399196,-0.049944,0.523098,0.217844,-0.065145,0.480053,0.215169,-0.058519,0.455638,0.245080,-0.048112,0.579773,0.395854,-0.031563,0.560012,0.229245,-0.043685,0.517952,0.231746,-0.033238,0.497022,0.264408,-0.020133,0.591455,0.412969,-0.014786,0.583414,0.283546,-0.022158,0.550649,0.257113,-0.016449,0.528945,0.265432,-0.007855
50,1694951212.933371,0,-27.3447,-27.3447,1.3102,3.7990,5.2765,385.1212,9.2483,11747.6775,1.2921,87.7693,268.3079,45.6780,59.2639,105.2814,161.1169,0.132932,0.554372,0.680274,-0.000000,0.477376,0.650452,-0.035627,0.425503,0.543104,-0.050349,0.409808,0.411029,-0.053734,0.417833,0.328324,-0.052521,0.509253,0.432565,-0.067137,0.445355,0.304477,-0.075145,0.404817,0.270762,-0.072698,0.378262,0.248363,-0.069505,0.552399,0.396010,-0.048121,0.523067,0.214748,-0.062792,0.480839,0.213924,-0.056081,0.454937,0.247543,-0.045178,0.577486,0.390179,-0.027443,0.558705,0.224561,-0.038350,0.515911,0.230200,-0.028640,0.493283,0.263928,-0.015901,0.588476,0.404638,-0.008277,0.582635,0.281274,-0.013785,0.552162,0.257473,-0.008609,0.532883,0.262396,-0.000636
51,1694951212.941705,0,-38.2494,-38.2494,-3.6750,-4.9852,5.9929,599.5519,16.0552,12701.0467,1.3601,85.4375,264.7914,37.7539,53.1613,99.1846,151.2616,0.138827,0.555082,0.682416,-0.000000,0.478795,0.652665,-0.044452,0.426290,0.543127,-0.062263,0.407167,0.409358,-0.066739,0.408818,0.318209,-0.065665,0.511965,0.428009,-0.075568,0.443796,0.295489,-0.080763,0.400659,0.267727,-0.073686,0.374974,0.253874,-0.066963,0.554673,0.392881,-0.051152,0.523646,0.210496,-0.063020,0.479087,0.206281,-0.053268,0.452414,0.235879,-0.040986,0.578085,0.390202,-0.025540,0.559998,0.222760,-0.035198,0.515216,0.224659,-0.025189,0.490714,0.254977,-0.012867,0.587917,0.406277,-0.001893,0.579761,0.276632,-0.007196,0.545137,0.255420,-0.002094,0.521795,0.264882,0.005447
52,1694951212.950038,0,-23.9714,-23.9714,3.6329,7.3080,5.8690,203.2990,66.5399,11014.7917,1.2766,78.7392,271.8297,47.0966,55.4618,98.9171,149.3930,0.128435,0.554718,0.695670,-0.000000,0.478509,0.651046,-0.037020,0.425498,0.543180,-0.052660,0.405549,0.412584,-0.057404,0.406127,0.321332,-0.057198,0.507364,0.426115,-0.062248,0.442011,0.302771,-0.066354,0.403733,0.274127,-0.059957,0.381888,0.254789,-0.053927,0.551668,0.392061,-0.042087,0.520282,0.214892,-0.054225,0.477925,0.211895,-0.046120,0.452641,0.240298,-0.034253,0.577323,0.390661,-0.020512,0.557083,0.225193,-0.030498,0.514661,0.226630,-0.019624,0.492039,0.258260,-0.005739,0.588953,0.408214,-0.000504,0.580159,0.277301,-0.005588,0.547414,0.251949,0.000959,0.525624,0.259756,0.010470
53,1694951212.958371,0,-35.4864,-35.4864,-0.2579,-3.8908,5.3538,190.9361,75.0528,11622.0114,1.3386,84.0340,270.8023,41.9586,56.1860,101.8912,155.7003,0.134427,0.553766,0.689601,-0.000000,0.479617,0.648685,-0.032574,0.426221,0.545358,-0.048286,0.407675,0.418834,-0.054915,0.409921,0.332990,-0.057191,0.507280,0.426259,-0.062383,0.444117,0.302819,-0.072726,0.403548,0.270441,-0.071293,0.377556,0.252524,-0.067703,0.551127,0.389152,-0.046751,0.521767,0.209548,-0.065378,0.478451,0.213106,-0.060852,0.452517,0.253740,-0.049883,0.577189,0.385377,-0.029381,0.556796,0.224796,-0.043467,0.515999,0.232429,-0.034278,0.495532,0.271496,-0.020311,0.589110,0.403083,-0.013307,0.577451,0.275833,-0.019791,0.543354,0.253887,-0.013260,0.520262,0.268348,-0.003291
54,1694951212.966705,0,-27.4598,-27.4598,-0.0288,0.2291,5.4173,255.0691,48.6699,12567.8997,2.0290,88.4722,275.2303,46.9202,60.9372,104.9224,156.5838,0.138559,0.556222,0.693303,-0.000000,0.480801,0.654008,-0.032711,0.425251,0.544386,-0.047748,0.405734,0.413482,-0.053345,0.409740,0.325642,-0.054344,0.507340,0.428193,-0.062045,0.441327,0.302658,-0.070513,0.402415,0.270277,-0.067431,0.379617,0.248215,-0.063204,0.550376,0.390066,-0.045635,0.517020,0.210907,-0.060503,0.473959,0.217610,-0.053041,0.451163,0.254586,-0.040967,0.576703,0.384715,-0.027542,0.554280,0.221680,-0.038477,0.512838,0.230579,-0.026719,0.494426,0.266495,-0.012093,0.589750,0.400417,-0.010905,0.577463,0.271270,-0.015281,0.542623,0.249926,-0.007302,0.521111,0.261525,0.003195
55,1694951212.975038,1,-32.4757,-32.4757,1.4434,1.4722,5.2038,271.0763,43.4055,10850.8936,1.6975,87.2994,272.9881,49.4142,61.1756,105.3369,158.0646,0.134941,0.554122,0.694598,-0.000000,0.478621,0.651175,-0.033568,0.425060,0.542650,-0.049107,0.406289,0.413917,-0.055355,0.409114,0.325808,-0.057248,0.506573,0.430816,-0.059915,0.442905,0.304794,-0.069685,0.404126,0.271339,-0.068437,0.381450,0.248798,-0.065522,0.550209,0.395339,-0.044208,0.519394,0.212347,-0.060041,0.476166,0.214303,-0.053885,0.452730,0.247582,-0.042710,0.576665,0.392433,-0.027373,0.555631,0.224834,-0.039685,0.513200,0.229630,-0.028633,0.493610,0.262530,-0.014260,0.589876,0.409212,-0.012175,0.579745,0.275959,-0.018305,0.545408,0.250806,-0.010895,0.524094,0.259422,-0.000578
56,1694951212.983371,1,-42.5333,-42.5333,-4.6405,-6.0839,6.4446,144.9611,55.1547,12063.6866,1.4918,90.2330,275.4532,44.5752,58.8907,104.1166,157.1160,0.135633,0.554738,0.693364,-0.000000,0.479098,0.650744,-0.033337,0.424851,0.541013,-0.048129,0.405924,0.409874,-0.053669,0.408917,0.321756,-0.054603,0.505231,0.431849,-0.058278,0.441541,0.307131,-0.069044,0.403257,0.271568,-0.069669,0.379607,0.248117,-0.067863,0.548286,0.394123,-0.042019,0.517894,0.214527,-0.057839,0.475627,0.216500,-0.054262,0.451697,0.249700,-0.045090,0.574845,0.387540,-0.024530,0.553201,0.220650,-0.036641,0.511575,0.228832,-0.027551,0.492634,0.266213,-0.014529,0.587569,0.401174,-0.008641,0.575843,0.271735,-0.014411,0.541993,0.248714,-0.007898,0.521311,0.259473,0.001841
57,1694951212.991705,1,-24.9173,-24.9173,2.6423,7.2827,6.2042,245.8815,63.3034,13095.7792,1.7064,92.8897,271.9839,44.0895,60.2945,105.5804,157.1322,0.140223,0.554779,0.697033,-0.000000,0.477439,0.649785,-0.035740,0.423619,0.542081,-0.051592,0.404905,0.413026,-0.058090,0.407057,0.323307,-0.059906,0.505817,0.424529,-0.058601,0.438399,0.298317,-0.066523,0.399209,0.267808,-0.063969,0.376926,0.247930,-0.060203,0.550140,0.390022,-0.041350,0.519004,0.208548,-0.058280,0.475132,0.212257,-0.053722,0.450027,0.249729,-0.043029,0.576426,0.389289,-0.023084,0.557104,0.223177,-0.036907,0.515195,0.229785,-0.028382,0.494572,0.266643,-0.014962,0.588950,0.408778,-0.006441,0.579515,0.280049,-0.013860,0.544740,0.256298,-0.008477,0.521173,0.268382,0.000754
58,1694951213.000038,1,17.0196,17.0196,11.1198,8.4776,20.4557,1901.3010,33.2678,11399.4979,1.6963,81.2747,269.5672,47.0023,59.5290,104.1202,158.5289,0.133803,0.554122,0.685057,-0.000000,0.475997,0.647147,-0.037101,0.423717,0.538805,-0.052818,0.405185,0.408576,-0.056255,0.408928,0.320995,-0.054119,0.503592,0.423922,-0.072442,0.437421,0.294639,-0.074576,0.398321,0.269370,-0.064010,0.377598,0.254921,-0.055337,0.546671,0.391856,-0.050936,0.511617,0.215026,-0.060024,0.468769,0.212047,-0.047430,0.446868,0.237530,-0.034012,0.573330,0.390399,-0.027171,0.551651,0.225765,-0.032543,0.508902,0.227164,-0.017500,0.488832,0.255112,-0.002853,0.587428,0.408291,-0.005103,0.579998,0.275703,-0.006005,0.546782,0.248212,0.002833,0.526537,0.251136,0.012592
59,1694951213.008371,1,-31.2287,-31.2287,0.3118,-10.8081,20.7082,157.8450,29.1196,13076.1751,2.2400,92.4360,269.7746,44.8525,60.1538,104.8592,156.8431,0.134766,0.553258,0.686696,-0.000000,0.477911,0.647542,-0.034435,0.425118,0.540038,-0.049603,0.407281,0.411411,-0.054759,0.407707,0.322344,-0.055372,0.504047,0.426036,-0.063835,0.438796,0.301329,-0.070577,0.401122,0.268127,-0.066037,0.379406,0.246410,-0.061131,0.548092,0.390685,-0.046278,0.516868,0.212810,-0.059285,0.475396,0.214260,-0.051370,0.452447,0.246126,-0.039738,0.574795,0.388447,-0.027076,0.553366,0.224993,-0.037364,0.512380,0.231626,-0.026175,0.493384,0.264989,-0.012459,0.588061,0.406212,-0.009378,0.577637,0.276408,-0.015036,0.543577,0.253201,-0.008350,0.521740,0.263135,0.001119
60,1694951213.016705,1,-33.1693,-33.1693,2.3410,2.0292,20.7746,77.0397,27.5796,12670.1966,1.6600,88.0741,275.8352,44.9754,60.0861,104.3131,155.7566,0.138400,0.553774,0.688785,-0.000000,0.478781,0.651118,-0.036682,0.425251,0.541647,-0.052622,0.405765,0.411339,-0.057819,0.408248,0.322769,-0.058177,0.504506,0.427390,-0.066168,0.439729,0.297927,-0.072610,0.400489,0.268751,-0.067887,0.378715,0.250472,-0.063006,0.548474,0.392350,-0.047036,0.519498,0.211214,-0.059986,0.477141,0.214939,-0.052231,0.454353,0.247977,-0.040916,0.574984,0.390577,-0.026282,0.556446,0.227959,-0.035764,0.514806,0.235021,-0.025047,0.495691,0.268905,-0.012078,0.587852,0.407935,-0.007181,0.579760,0.280002,-0.011936,0.546213,0.256004,-0.005542,0.525000,0.265576,0.003366
61,1694951213.025038,1,-23.4157,-23.4157,0.3754,-1.9656,18.4506,486.8852,38.2183,10786.1098,1.4051,78.8156,265.6117,46.9222,55.2846,99.4738,151.5356,0.132389,0.553138,0.683406,-0.000000,0.476825,0.645307,-0.036618,0.425217,0.538899,-0.052635,0.404791,0.410683,-0.057602,0.403076,0.320029,-0.057431,0.505994,0.425326,-0.066529,0.439230,0.300248,-0.071248,0.401363,0.273445,-0.063628,0.382527,0.257626,-0.056563,0.549690,0.394408,-0.047088,0.518463,0.215324,-0.059967,0.477951,0.210475,-0.050103,0.455995,0.237498,-0.037050,0.575626,0.395028,-0.026053,0.557178,0.228617,-0.036596,0.516590,0.225695,-0.024110,0.496416,0.253561,-0.009240,0.588140,0.414594,-0.006504,0.581067,0.282433,-0.012262,0.549585,0.254621,-0.005051,0.529464,0.261018,0.004885
62,1694951213.033371,1,29.4431,29.4431,3.1059,2.7305,26.2233,173.7147,19.8086,11072.9401,1.2169,80.5625,263.1402,43.0827,52.5480,96.2634,146.6391,0.135289,0.554692,0.696884,-0.000000,0.477441,0.652070,-0.035116,0.424274,0.542635,-0.049959,0.406044,0.411951,-0.054905,0.403871,0.320896,-0.055034,0.503825,0.427313,-0.058876,0.439616,0.302805,-0.065550,0.401716,0.273320,-0.061877,0.379936,0.257064,-0.057287,0.548335,0.393570,-0.040954,0.519534,0.215552,-0.055734,0.478328,0.212161,-0.049716,0.453201,0.243207,-0.038680,0.575135,0.392554,-0.021915,0.557139,0.228762,-0.033991,0.517662,0.230529,-0.023903,0.496894,0.263151,-0.009875,0.588302,0.411841,-0.004413,0.579031,0.282310,-0.010607,0.545502,0.256343,-0.004077,0.522414,0.265419,0.005806
63,1694951213.041705,1,29.3152,29.3152,15.1360,12.0301,28.9177,2213.8349,17.6097,12202.6280,2.7679,90.3333,269.3835,44.6218,58.5698,102.9153,153.5837,0.136238,0.554903,0.690963,-0.000000,0.479560,0.649749,-0.034674,0.425818,0.542813,-0.050318,0.406796,0.415253,-0.056441,0.408556,0.325456,-0.057844,0.505322,0.423862,-0.059624,0.439250,0.299373,-0.066993,0.401606,0.269310,-0.063973,0.380472,0.250684,-0.059902,0.548567,0.389664,-0.042190,0.518861,0.213617,-0.055512,0.477122,0.215340,-0.049046,0.453492,0.247518,-0.038261,0.574984,0.388523,-0.023532,0.556108,0.229294,-0.033685,0.515063,0.234790,-0.023289,0.495237,0.267769,-0.009959,0.588284,0.406713,-0.006526,0.578730,0.281503,-0.011483,0.544454,0.256298,-0.004735,0.521683,0.264276,0.004881
64,1694951213.050038,1,-18.6862,-18.6862,3.6208,-11.5152,27.0903,222.1541,19.2526,12112.4666,1.8912,91.7431,270.5307,48.1140,62.1989,107.2163,160.7319,0.133437,0.554804,0.693700,-0.000000,0.478680,0.650961,-0.034798,0.424865,0.544714,-0.049771,0.405882,0.414367,-0.054718,0.408201,0.324702,-0.054979,0.505583,0.429433,-0.059210,0.439875,0.304217,-0.065892,0.402601,0.271044,-0.062941,0.381576,0.247467,-0.059114,0.549355,0.394465,-0.040777,0.519786,0.212837,-0.054189,0.478250,0.214030,-0.048630,0.454798,0.246744,-0.038172,0.575827,0.391817,-0.020874,0.555318,0.223413,-0.031481,0.513996,0.232135,-0.021916,0.494842,0.269287,-0.008555,0.588868,0.407821,-0.002426,0.578274,0.276286,-0.007555,0.545189,0.252446,-0.001231,0.524904,0.260655,0.008376
65,1694951213.058371,0,-25.9012,-25.9012,-0.6214,-4.2422,25.6028,249.9081,53.2285,11892.6294,1.4175,87.8796,271.3295,47.5002,59.9553,104.7354,159.4319,0.125030,0.554716,0.688559,-0.000000,0.478455,0.650484,-0.037283,0.425814,0.540167,-0.052245,0.408642,0.408905,-0.056840,0.407445,0.319486,-0.056958,0.506961,0.427113,-0.061953,0.441092,0.303445,-0.069115,0.402732,0.272714,-0.066526,0.381335,0.250891,-0.063234,0.551139,0.392062,-0.043293,0.521177,0.216847,-0.057711,0.479653,0.215768,-0.053008,0.455488,0.246521,-0.043690,0.576665,0.389059,-0.023518,0.555747,0.228085,-0.035989,0.516445,0.234938,-0.028205,0.498093,0.269601,-0.016294,0.588720,0.404430,-0.005401,0.578091,0.276721,-0.013434,0.545776,0.253153,-0.009182,0.525470,0.263473,-0.001170
66,1694951213.066705,0,25.0884,25.0884,-1.0887,-0.4673,24.7689,291.2405,72.5912,11278.6823,2.0481,84.4321,272.3791,48.0463,58.5057,102.2882,154.6804,0.121392,0.557388,0.690886,-0.000000,0.480003,0.650075,-0.035819,0.427538,0.539233,-0.050350,0.409785,0.408249,-0.054322,0.409261,0.318927,-0.053615,0.508277,0.427746,-0.063378,0.441600,0.302695,-0.068635,0.403195,0.270682,-0.062815,0.381114,0.248967,-0.057191,0.552408,0.394517,-0.044538,0.520175,0.216038,-0.057569,0.478854,0.215396,-0.049409,0.455347,0.245375,-0.037496,0.578495,0.393209,-0.024201,0.557489,0.227954,-0.035086,0.516052,0.232478,-0.024014,0.495717,0.264751,-0.010006,0.591224,0.410448,-0.005400,0.582101,0.279201,-0.011504,0.548732,0.254696,-0.005172,0.527309,0.262560,0.004170
67,1694951213.075038,0,32.4482,32.4482,0.7832,1.8719,25.3159,283.4738,75.9288,11244.5977,1.4978,82.1620,273.0136,50.2189,62.5133,105.9808,159.3151,0.124148,0.553878,0.681208,-0.000000,0.477973,0.646248,-0.037892,0.427080,0.539537,-0.054696,0.409629,0.408285,-0.059303,0.412041,0.319243,-0.058692,0.510110,0.430786,-0.073229,0.446983,0.298833,-0.080859,0.406001,0.268948,-0.076134,0.381397,0.251199,-0.070992,0.553679,0.397305,-0.052704,0.524500,0.212441,-0.067449,0.481997,0.208304,-0.059150,0.457105,0.238751,-0.047080,0.578592,0.393689,-0.030231,0.560022,0.224962,-0.040837,0.516957,0.226177,-0.029210,0.494085,0.257316,-0.015098,0.589449,0.409234,-0.009318,0.584969,0.281039,-0.014643,0.555256,0.254118,-0.008168,0.535964,0.257864,0.000990
68,1694951213.083371,0,-21.2839,-21.2839,-0.6494,-1.4327,25.0658,184.9476,76.9931,11018.5305,1.5489,77.8935,271.5088,51.6589,59.0421,101.4771,154.4719,0.119643,0.556394,0.689349,-0.000000,0.480427,0.649026,-0.035049,0.429563,0.538581,-0.050091,0.412272,0.408168,-0.054873,0.414640,0.319515,-0.054761,0.510495,0.425002,-0.062834,0.444705,0.295180,-0.069367,0.404664,0.268162,-0.063746,0.382984,0.253407,-0.057623,0.554147,0.393127,-0.044322,0.525094,0.212016,-0.058961,0.482928,0.211912,-0.049946,0.458926,0.245124,-0.036493,0.579335,0.392526,-0.024490,0.562965,0.228729,-0.035680,0.521043,0.227698,-0.023648,0.498679,0.257274,-0.008502,0.590968,0.410559,-0.006214,0.584839,0.283585,-0.011256,0.552103,0.257790,-0.004067,0.529497,0.264578,0.005954
69,1694951213.091705,0,-21.0407,-21.0407,1.2151,1.8646,25.4010,231.4295,57.9157,10553.1485,1.3521,76.1512,271.1838,54.8050,60.2513,101.8177,155.8146,0.121667,0.556870,0.694060,-0.000000,0.480277,0.647999,-0.038153,0.428135,0.535773,-0.054431,0.410668,0.401993,-0.060168,0.409103,0.309249,-0.061041,0.511389,0.428179,-0.065267,0.446134,0.300272,-0.072835,0.406508,0.271250,-0.068243,0.385008,0.254575,-0.063141,0.556113,0.394031,-0.046605,0.526876,0.211169,-0.062657,0.484676,0.211509,-0.056143,0.460202,0.246215,-0.044792,0.581604,0.391339,-0.026809,0.562742,0.224361,-0.040193,0.522082,0.228765,-0.030329,0.501121,0.263340,-0.016618,0.592886,0.408154,-0.008757,0.585089,0.276206,-0.016991,0.551288,0.251666,-0.011931,0.527720,0.261561,-0.003239
70,1694951213.100038,0,-18.9529,-18.9529,-11.0103,-12.2254,24.2258,1640.4243,26.7990,10381.9814,1.9142,80.1698,278.3126,58.6345,65.0300,105.1455,157.5950,0.102223,0.556702,0.690650,-0.000000,0.480849,0.649809,-0.038149,0.429030,0.535144,-0.053144,0.412254,0.399887,-0.056866,0.417180,0.311534,-0.055518,0.514370,0.428128,-0.063485,0.450127,0.297163,-0.070494,0.410222,0.265414,-0.065848,0.387425,0.247711,-0.060325,0.558322,0.396362,-0.042755,0.530236,0.212558,-0.057705,0.488055,0.208723,-0.049964,0.462812,0.239670,-0.037113,0.582750,0.393279,-0.021049,0.564282,0.228423,-0.032799,0.521622,0.226621,-0.022402,0.497922,0.256854,-0.007830,0.592910,0.407945,-0.001100,0.585230,0.279108,-0.007019,0.553142,0.250170,-0.001329,0.530551,0.254302,0.008073
71,1694951213.108371,0,20.8823,20.8823,-2.8915,8.1188,23.3720,322.2999,52.9010,12493.5235,2.0756,85.0772,281.8958,57.5412,68.5685,111.8436,164.3349,0.114993,0.556995,0.697197,-0.000000,0.482480,0.645271,-0.036972,0.430835,0.532000,-0.053758,0.413455,0.400294,-0.060633,0.410518,0.305946,-0.062987,0.514153,0.427418,-0.064291,0.449254,0.297704,-0.074236,0.409584,0.263341,-0.071953,0.386748,0.242772,-0.068080,0.559527,0.396113,-0.046801,0.531003,0.211551,-0.064551,0.487560,0.212875,-0.058257,0.462335,0.248135,-0.046569,0.585668,0.396398,-0.028287,0.567759,0.228644,-0.042979,0.527408,0.234403,-0.032014,0.507551,0.269240,-0.016935,0.597547,0.414635,-0.011498,0.587026,0.283080,-0.019550,0.551741,0.259519,-0.013001,0.528138,0.269966,-0.002951
72,1694951213.116705,0,-17.4320,-17.4320,0.9630,3.8545,16.2854,431.2192,41.7241,13311.4428,2.2390,85.1705,283.7261,65.9245,74.2697,115.0689,167.5824,0.120189,0.558254,0.695930,-0.000000,0.482527,0.645510,-0.036212,0.432650,0.529996,-0.051266,0.418245,0.398759,-0.056531,0.417461,0.307495,-0.057402,0.515362,0.425079,-0.062086,0.451958,0.293765,-0.071001,0.412088,0.259037,-0.068634,0.389508,0.238579,-0.064805,0.560656,0.393743,-0.044497,0.532485,0.211106,-0.061274,0.488580,0.209657,-0.055416,0.463227,0.244823,-0.044032,0.586209,0.393895,-0.025958,0.567954,0.228424,-0.039767,0.527516,0.232102,-0.030042,0.507420,0.266730,-0.015850,0.597243,0.412345,-0.009121,0.587518,0.283001,-0.016630,0.553003,0.257094,-0.010829,0.529457,0.267537,-0.001379
73,1694951213.125038,0,23.6956,23.6956,11.1841,10.2211,20.3486,1685.5435,60.7360,14308.5428,1.6078,83.9090,281.1565,62.6099,70.9752,112.2938,164.2544,0.112195,0.558392,0.695359,-0.000000,0.483020,0.642470,-0.040479,0.432109,0.529095,-0.057448,0.413952,0.396792,-0.063791,0.408798,0.299872,-0.065137,0.516175,0.423279,-0.064070,0.452674,0.294164,-0.074383,0.411474,0.260551,-0.072819,0.387026,0.241053,-0.069206,0.561479,0.391517,-0.044429,0.534830,0.209761,-0.063173,0.491049,0.208566,-0.058649,0.463870,0.244532,-0.047870,0.586190,0.390358,-0.024300,0.569816,0.226236,-0.040184,0.529586,0.231247,-0.031663,0.507708,0.266602,-0.017697,0.596228,0.406911,-0.006088,0.586892,0.278128,-0.015098,0.553939,0.254311,-0.010208,0.530311,0.264773,-0.001054
74,1694951213.133371,0,28.6658,28.6658,11.9047,0.7206,21.0269,1556.9305,12.4159,12778.8138,2.8380,82.8086,287.3092,69.0719,73.9958,112.0117,163.0740,0.113235,0.555550,0.697761,-0.000000,0.483074,0.638573,-0.039549,0.434849,0.524367,-0.058688,0.415665,0.391042,-0.067228,0.411200,0.294555,-0.070729,0.518464,0.426565,-0.072671,0.455345,0.291140,-0.083406,0.414960,0.256458,-0.078160,0.392250,0.237322,-0.071869,0.564217,0.393058,-0.054158,0.536062,0.205151,-0.074701,0.491064,0.207116,-0.067534,0.464801,0.241975,-0.054676,0.589831,0.390233,-0.034184,0.572610,0.219032,-0.050793,0.529774,0.224945,-0.039261,0.506707,0.260904,-0.023470,0.599026,0.407786,-0.015875,0.588544,0.277719,-0.024549,0.552675,0.255969,-0.017939,0.527363,0.267953,-0.007739
75,1694951213.141705,0,-18.6515,-18.6515,-9.8834,-21.7881,20.9516,1928.8149,33.1165,13618.9191,2.4241,84.3279,296.9980,77.4573,82.3897,120.5022,172.4840,0.107297,0.556700,0.690911,-0.000000,0.484041,0.638810,-0.037599,0.434700,0.523793,-0.055665,0.415643,0.392932,-0.063421,0.415935,0.299648,-0.066235,0.517966,0.419742,-0.067345,0.457439,0.281408,-0.076991,0.417390,0.247836,-0.072862,0.395973,0.229141,-0.067511,0.563297,0.389894,-0.049415,0.535778,0.204458,-0.066072,0.489991,0.206199,-0.057311,0.464593,0.240145,-0.043960,0.589058,0.388671,-0.030467,0.572975,0.219369,-0.043072,0.527953,0.220951,-0.030202,0.504551,0.252890,-0.014486,0.599965,0.404480,-0.013392,0.591468,0.271968,-0.019312,0.556222,0.247228,-0.011500,0.532646,0.256236,-0.000989
76,1694951213.150038,0,27.1947,27.1947,11.1567,21.0401,21.8931,2057.0472,32.9917,15550.8538,3.2677,90.5262,299.4476,77.5847,84.0596,122.5650,172.3063,0.118189,0.556929,0.695172,-0.000000,0.484112,0.636032,-0.033147,0.435724,0.520923,-0.049409,0.421159,0.390105,-0.056592,0.420960,0.296550,-0.059588,0.517583,0.422074,-0.063485,0.460709,0.288936,-0.076955,0.421750,0.246354,-0.076399,0.396118,0.222632,-0.072480,0.563819,0.391867,-0.048397,0.540838,0.202754,-0.069483,0.496647,0.202128,-0.063861,0.468855,0.239297,-0.051114,0.590783,0.391226,-0.032073,0.577567,0.224349,-0.048107,0.536572,0.226602,-0.036710,0.513983,0.259833,-0.020192,0.602265,0.409103,-0.017150,0.593149,0.277316,-0.022857,0.559509,0.250863,-0.013763,0.535645,0.259789,-0.001580
77,1694951213.158371,0,-26.1795,-26.1795,-12.4688,-23.6254,24.1447,2231.4480,15.4351,15128.4956,2.4150,96.1574,305.3309,82.4758,93.1493,133.5209,185.7328,0.120065,0.557389,0.681167,-0.000000,0.482415,0.635826,-0.039659,0.434789,0.516728,-0.055557,0.422536,0.381010,-0.058429,0.430950,0.296663,-0.056247,0.521287,0.419941,-0.077310,0.462973,0.279447,-0.085842,0.423175,0.239346,-0.081181,0.398766,0.214854,-0.075860,0.566888,0.391986,-0.055403,0.538762,0.205914,-0.069152,0.493479,0.200267,-0.058816,0.467552,0.229038,-0.046066,0.592149,0.389456,-0.031860,0.576628,0.216651,-0.041715,0.530356,0.217240,-0.029485,0.506077,0.249715,-0.015437,0.602340,0.405275,-0.010122,0.594655,0.271475,-0.013570,0.558910,0.247633,-0.006305,0.535675,0.258417,0.002684
78,1694951213.166705,0,-21.8247,-21.8247,-12.6226,-0.1538,24.6882,1950.8010,48.2746,13362.4161,2.2891,97.1535,315.2001,93.9213,99.4375,136.4377,186.9107,0.101215,0.556568,0.684401,-0.000000,0.485244,0.631890,-0.036369,0.439520,0.513623,-0.052677,0.425066,0.382857,-0.058714,0.424573,0.291017,-0.060393,0.521890,0.416056,-0.066642,0.464983,0.279625,-0.076065,0.428143,0.235915,-0.072830,0.405331,0.208546,-0.068387,0.567452,0.386579,-0.048831,0.542401,0.202782,-0.065216,0.498556,0.201072,-0.058184,0.472147,0.234618,-0.046115,0.592818,0.385718,-0.029691,0.576800,0.219363,-0.042256,0.535569,0.221773,-0.031426,0.513860,0.254668,-0.017125,0.601956,0.401921,-0.012199,0.592364,0.276510,-0.018460,0.558745,0.252717,-0.011879,0.535564,0.262245,-0.002216
79,1694951213.175038,0,33.6712,33.6712,13.0807,25.7033,25.9852,1875.6573,78.4581,14851.9485,2.5801,95.1304,312.0304,87.1918,96.3166,136.0195,189.6263,0.116625,0.555525,0.683322,-0.000000,0.482585,0.628916,-0.037297,0.438045,0.506731,-0.054180,0.427998,0.371838,-0.060172,0.427700,0.280018,-0.061815,0.523401,0.418480,-0.073690,0.464211,0.280048,-0.085238,0.424726,0.236530,-0.082728,0.401316,0.210175,-0.078658,0.569205,0.391626,-0.055875,0.545855,0.201137,-0.075524,0.500957,0.196901,-0.068508,0.473714,0.231298,-0.056125,0.593867,0.391166,-0.036425,0.578797,0.221814,-0.051239,0.536750,0.224475,-0.039856,0.514809,0.258665,-0.024802,0.602436,0.407614,-0.018649,0.591932,0.280845,-0.026626,0.555354,0.258004,-0.020223,0.529884,0.268620,-0.010562
80,1694951213.183371,0,26.0148,26.0148,-0.2950,-13.3756,26.1131,466.6252,65.4979,15155.9547,2.4580,96.5332,317.1864,91.1974,100.6396,139.3949,191.1158,0.109094,0.554470,0.684043,-0.000000,0.483827,0.626558,-0.033450,0.438876,0.506806,-0.048411,0.427339,0.378173,-0.053425,0.427787,0.291422,-0.054218,0.523514,0.413746,-0.067160,0.466686,0.272770,-0.077144,0.429303,0.231240,-0.073720,0.405922,0.205801,-0.068828,0.569046,0.386069,-0.050812,0.543829,0.200297,-0.067497,0.498696,0.200775,-0.059281,0.471875,0.235288,-0.046188,0.594340,0.385718,-0.032899,0.579299,0.216693,-0.044899,0.536914,0.219137,-0.032888,0.514496,0.251854,-0.017860,0.603628,0.402991,-0.016492,0.594522,0.276745,-0.021584,0.559944,0.252462,-0.014030,0.535961,0.261761,-0.003846
81,1694951213.191705,0,17.2383,17.2383,10.8545,11.1494,24.9082,2275.4065,14.2406,13837.3627,2.3989,97.6065,321.3440,101.1949,110.2392,147.7963,198.9039,0.102288,0.555041,0.691461,-0.000000,0.482202,0.623289,-0.031337,0.439314,0.503426,-0.046172,0.429832,0.372486,-0.052451,0.430102,0.282748,-0.054925,0.521336,0.414880,-0.060841,0.465871,0.279170,-0.072424,0.430105,0.231305,-0.071009,0.408619,0.198261,-0.067724,0.567275,0.388458,-0.047236,0.544697,0.201507,-0.068792,0.502398,0.195848,-0.064503,0.475937,0.229879,-0.053231,0.593240,0.388567,-0.032268,0.580567,0.219202,-0.049245,0.539233,0.216002,-0.039705,0.515331,0.246298,-0.025024,0.602775,0.406414,-0.018624,0.594464,0.278875,-0.026682,0.560723,0.252134,-0.020140,0.536330,0.259101,-0.010091
82,1694951213.200038,0,21.8292,21.8292,10.9135,0.0590,19.3747,2097.5196,42.5934,14570.7899,1.7055,94.6744,321.2203,98.8724,107.9256,145.6714,196.6013,0.107912,0.553776,0.689691,-0.000000,0.482183,0.622167,-0.034506,0.438940,0.501778,-0.049787,0.431070,0.369717,-0.054898,0.433417,0.280339,-0.055792,0.522648,0.408458,-0.066605,0.465985,0.270319,-0.076408,0.428787,0.225790,-0.073342,0.406767,0.198677,-0.068902,0.569488,0.385143,-0.049487,0.547754,0.196323,-0.067913,0.506096,0.189796,-0.061580,0.479877,0.224594,-0.049558,0.594976,0.388409,-0.030770,0.581963,0.223099,-0.044294,0.541673,0.217658,-0.034527,0.517789,0.246157,-0.020788,0.604246,0.407927,-0.013510,0.594358,0.285140,-0.019952,0.559711,0.259459,-0.013870,0.533703,0.267280,-0.004641
83,1694951213.208371,0,36.5610,36.5610,0.7225,-10.1910,7.1958,255.2600,33.1219,14669.9412,1.5526,87.7940,319.6884,99.5126,104.3217,138.3950,187.6485,0.092276,0.555002,0.678865,-0.000000,0.483470,0.618025,-0.033506,0.439761,0.497179,-0.048933,0.430744,0.365496,-0.053725,0.433278,0.278014,-0.054287,0.525375,0.411202,-0.072631,0.471762,0.275408,-0.083786,0.433713,0.233322,-0.080537,0.409853,0.208082,-0.075759,0.571964,0.387897,-0.055905,0.550992,0.196817,-0.075916,0.507596,0.193225,-0.068600,0.480154,0.227828,-0.055594,0.597053,0.388155,-0.036989,0.583779,0.217765,-0.051410,0.541750,0.219574,-0.039933,0.518123,0.252465,-0.024483,0.605427,0.405344,-0.019259,0.594797,0.278696,-0.025366,0.559031,0.256924,-0.017848,0.533921,0.267649,-0.007390
84,1694951213.216705,0,-25.7133,-25.7133,-12.9320,-13.6545,21.4254,1911.0147,84.9610,15418.0343,1.3626,86.5540,320.2505,99.7381,105.4009,140.7764,190.8876,0.098527,0.553716,0.672077,-0.000000,0.483108,0.615348,-0.034632,0.440855,0.498243,-0.048814,0.433107,0.368094,-0.052672,0.436543,0.282012,-0.052236,0.525213,0.403904,-0.064066,0.470968,0.271505,-0.073628,0.432568,0.231839,-0.071253,0.410560,0.207519,-0.067435,0.570823,0.382053,-0.046321,0.551823,0.194802,-0.064989,0.509334,0.192995,-0.059582,0.483606,0.228339,-0.047946,0.594998,0.383796,-0.027131,0.582447,0.215748,-0.041437,0.541184,0.220532,-0.032725,0.519266,0.256088,-0.019058,0.602714,0.401867,-0.009274,0.593859,0.277097,-0.015856,0.560737,0.257686,-0.010331,0.539200,0.269043,-0.001289
85,1694951213.225038,0,17.6762,17.6762,0.1095,13.0415,20.8340,269.4413,38.1903,13177.0252,3.0404,93.0702,327.8548,108.1731,114.4994,149.5068,199.7561,0.098630,0.553323,0.667904,-0.000000,0.480863,0.611910,-0.033717,0.438388,0.487967,-0.045762,0.432860,0.357453,-0.047053,0.437999,0.272319,-0.044018,0.524216,0.399678,-0.063968,0.469662,0.262961,-0.070686,0.434556,0.221912,-0.065343,0.414116,0.195819,-0.059427,0.569790,0.377674,-0.045850,0.550581,0.195141,-0.059625,0.509019,0.192173,-0.050492,0.483689,0.225076,-0.036894,0.593874,0.378940,-0.026403,0.582974,0.215282,-0.037582,0.542146,0.217159,-0.027284,0.519884,0.248397,-0.013085,0.601791,0.395111,-0.008320,0.596220,0.271450,-0.014389,0.563117,0.246874,-0.009028,0.539420,0.254705,-0.000083
86,1694951213.233371,1,17.5498,17.5498,-1.0699,-1.1793,20.8455,91.8780,30.7924,16879.6047,3.1348,91.6767,324.0510,99.8267,108.5773,145.0500,194.9613,0.108741,0.556880,0.679348,-0.000000,0.485588,0.618766,-0.034391,0.439338,0.497846,-0.047349,0.430067,0.368405,-0.049850,0.434672,0.284479,-0.048036,0.525361,0.401417,-0.063645,0.468784,0.264873,-0.071405,0.431756,0.226136,-0.067459,0.411472,0.202429,-0.062755,0.571341,0.377596,-0.045840,0.549177,0.194166,-0.061122,0.506127,0.192368,-0.054135,0.479889,0.227614,-0.042191,0.596032,0.379681,-0.026698,0.582345,0.214948,-0.038664,0.541671,0.218694,-0.030111,0.519067,0.251798,-0.017464,0.604682,0.398217,-0.008936,0.595978,0.277899,-0.015218,0.563882,0.257338,-0.010425,0.541867,0.267340,-0.002144
87,1694951213.241705,1,16.4576,16.4576,-5.0259,-3.9560,20.5287,320.9116,6.8947,12161.6631,2.9732,95.4707,329.1702,111.5651,118.0334,152.4097,201.7186,0.090996,0.551962,0.667845,-0.000000,0.482135,0.608890,-0.031471,0.439655,0.488162,-0.043966,0.432770,0.358272,-0.045901,0.436320,0.274237,-0.043627,0.522719,0.400496,-0.065023,0.472822,0.266737,-0.073933,0.438494,0.223075,-0.070293,0.417276,0.195278,-0.065266,0.568732,0.380205,-0.047837,0.550823,0.192510,-0.064732,0.508227,0.188838,-0.057020,0.481365,0.222699,-0.043767,0.593736,0.381654,-0.028759,0.583239,0.212119,-0.041246,0.541319,0.214119,-0.030644,0.517771,0.247475,-0.015705,0.602904,0.399325,-0.010736,0.595947,0.271358,-0.016037,0.562877,0.247377,-0.009430,0.539885,0.254697,0.000561
88,1694951213.250038,1,-15.7792,-15.7792,2.4835,7.5094,18.8716,154.4011,25.4067,13968.1203,2.1170,88.7284,326.7273,106.9565,113.3908,147.0138,194.7987,0.089163,0.554010,0.667590,-0.000000,0.482794,0.615072,-0.034921,0.439952,0.493716,-0.045447,0.432902,0.365424,-0.044033,0.438115,0.284235,-0.037955,0.524451,0.400542,-0.064404,0.470962,0.269260,-0.071092,0.435208,0.228393,-0.066443,0.414976,0.202066,-0.060908,0.570137,0.379738,-0.044062,0.550728,0.197097,-0.057994,0.508418,0.193214,-0.049164,0.482416,0.225419,-0.035407,0.593982,0.381079,-0.022420,0.582211,0.215829,-0.033435,0.541433,0.218228,-0.023710,0.518886,0.249965,-0.009415,0.601951,0.398066,-0.002166,0.594495,0.274011,-0.007655,0.562905,0.248108,-0.002741,0.540831,0.253770,0.006140
89,1694951213.258371,1,-10.2412,-10.2412,-6.9793,-9.4628,14.9227,1981.4732,10.3110,12598.8636,2.3871,99.6343,329.5696,111.4567,121.3182,157.9304,207.8868,0.101942,0.555370,0.658315,-0.000000,0.481286,0.607438,-0.032591,0.440045,0.487600,-0.043509,0.434965,0.361027,-0.042697,0.439245,0.278140,-0.037237,0.524169,0.392362,-0.063584,0.469197,0.259189,-0.069774,0.434115,0.214354,-0.064883,0.414155,0.186942,-0.058985,0.569227,0.375348,-0.043835,0.550693,0.195606,-0.055676,0.511204,0.188775,-0.044397,0.487536,0.218884,-0.029379,0.593218,0.380455,-0.022773,0.583226,0.216512,-0.031357,0.543230,0.212618,-0.019154,0.521226,0.239491,-0.003871,0.601535,0.398847,-0.003024,0.595618,0.273975,-0.006207,0.563401,0.247370,0.000778,0.540996,0.251420,0.010676
90,1694951213.266705,1,5.8304,5.8304,-2.9298,4.0495,13.6273,174.8181,16.8666,12685.9984,1.1459,94.0463,328.4445,111.8099,119.3835,154.6207,204.4140,0.097907,0.555651,0.670690,-0.000000,0.482497,0.611201,-0.034290,0.438734,0.487199,-0.047282,0.431309,0.355392,-0.049060,0.436049,0.270611,-0.046345,0.525044,0.394714,-0.068943,0.468814,0.256498,-0.073005,0.434786,0.217768,-0.064343,0.417331,0.194258,-0.056592,0.571107,0.374731,-0.049285,0.547898,0.193279,-0.061043,0.505523,0.195230,-0.049436,0.481384,0.228643,-0.034933,0.596758,0.378435,-0.027596,0.584036,0.212648,-0.036348,0.542814,0.221260,-0.023887,0.521659,0.257069,-0.009058,0.606246,0.396793,-0.007174,0.598245,0.270667,-0.010858,0.563491,0.250508,-0.004108,0.540510,0.261922,0.005272
91,1694951213.275038,1,12.4169,12.4169,-1.0102,1.9197,12.6318,142.1346,50.0124,12858.8592,1.6799,99.7955,332.0671,113.7708,120.9617,154.7227,204.2514,0.089880,0.555017,0.656203,-0.000000,0.481659,0.604400,-0.033784,0.438850,0.482221,-0.046934,0.433219,0.350737,-0.048653,0.442229,0.266861,-0.046093,0.524431,0.395060,-0.069483,0.470608,0.257627,-0.075342,0.436518,0.215891,-0.068123,0.417479,0.191027,-0.061068,0.570703,0.374487,-0.050944,0.549472,0.192957,-0.063929,0.507731,0.188618,-0.052603,0.482000,0.221068,-0.037855,0.595305,0.376343,-0.030685,0.582757,0.212178,-0.040443,0.540668,0.210618,-0.028214,0.516356,0.240389,-0.013227,0.603143,0.393150,-0.011733,0.595032,0.267598,-0.016598,0.561418,0.241297,-0.010262,0.537249,0.247609,-0.000968
92,1694951213.283371,1,-2.4023,-2.4023,3.3442,4.3544,10.2674,183.9383,68.7365,12954.2067,2.0602,97.0239,328.7256,114.0553,121.6474,156.7468,206.3302,0.094282,0.555510,0.661193,-0.000000,0.482018,0.607811,-0.036556,0.439532,0.486447,-0.046664,0.435113,0.358029,-0.044050,0.441017,0.277348,-0.036449,0.525504,0.392823,-0.064565,0.471194,0.258956,-0.069125,0.435773,0.218053,-0.062959,0.416659,0.190762,-0.056702,0.570630,0.374742,-0.042265,0.551234,0.194194,-0.053660,0.510383,0.193440,-0.043903,0.486552,0.227687,-0.030049,0.594010,0.377208,-0.018853,0.583237,0.213007,-0.027579,0.542931,0.215662,-0.018434,0.521192,0.247862,-0.005315,0.601984,0.393264,0.003023,0.595376,0.268851,-0.001581,0.564035,0.246069,0.002463,0.542645,0.254191,0.010344
93,1694951213.291705,0,,,0.0000,0.0000,0.0000,0.0000,,,,,,,,,,,0.000000,0.000000,0.000000,0.000000,0.000000,0.000000,0.000000,0.000000,0.000000,0.000000,0.000000,0.000000,0.000000,0.000000,0.000000,0.000000,0.000000,0.000000,0.000000,0.000000,0.000000,0.000000,0.000000,0.000000,0.000000,0.000000,0.000000,0.000000,0.000000,0.000000,0.000000,0.000000,0.000000,0.000000,0.000000,0.000000,0.000000,0.000000,0.000000,0.000000,0.000000,0.000000,0.000000,0.000000,0.000000,0.000000,0.000000,0.000000,0.000000,0.000000,0.000000,0.000000,0.000000,0.000000,0.000000,0.000000,0.000000,0.000000,0.000000,0.000000,0.000000,0.000000,0.000000
94,1694951213.300038,0,,,0.0000,0.0000,0.0000,0.0000,,,,,,,,,,,0.000000,0.000000,0.000000,0.000000,0.000000,0.000000,0.000000,0.000000,0.000000,0.000000,0.000000,0.000000,0.000000,0.000000,0.000000,0.000000,0.000000,0.000000,0.000000,0.000000,0.000000,0.000000,0.000000,0.000000,0.000000,0.000000,0.000000,0.000000,0.000000,0.000000,0.000000,0.000000,0.000000,0.000000,0.000000,0.000000,0.000000,0.000000,0.000000,0.000000,0.000000,0.000000,0.000000,0.000000,0.000000,0.000000,0.000000,0.000000,0.000000,0.000000,0.000000,0.000000,0.000000,0.000000,0.000000,0.000000,0.000000,0.000000,0.000000,0.000000,0.000000,0.000000,0.000000
95,1694951213.308371,0,,,0.0000,0.0000,0.0000,0.0000,,,,,,,,,,,0.000000,0.000000,0.000000,0.000000,0.000000,0.000000,0.000000,0.000000,0.000000,0.000000,0.000000,0.000000,0.000000,0.000000,0.000000,0.000000,0.000000,0.000000,0.000000,0.000000,0.000000,0.000000,0.000000,0.000000,0.000000,0.000000,0.000000,0.000000,0.000000,0.000000,0.000000,0.000000,0.000000,0.000000,0.000000,0.000000,0.000000,0.000000,0.000000,0.000000,0.000000,0.000000,0.000000,0.000000,0.000000,0.000000,0.000000,0.000000,0.000000,0.000000,0.000000,0.000000,0.000000,0.000000,0.000000,0.000000,0.000000,0.000000,0.000000,0.000000,0.000000,0.000000,0.000000
96,1694951213.316705,0,13.9639,13.9639,6.0513,0.0000,9.1350,1218.6784,,13706.5221,2.3021,96.6481,328.6151,121.2547,129.7994,163.7852,211.7390,0.089794,0.557931,0.644889,-0.000000,0.486870,0.605813,-0.037612,0.443948,0.488067,-0.049882,0.436612,0.359731,-0.049085,0.439286,0.274174,-0.043595,0.529734,0.397758,-0.070739,0.478428,0.266598,-0.077551,0.441998,0.218322,-0.073128,0.418172,0.183219,-0.068514,0.575151,0.378563,-0.049274,0.557426,0.200744,-0.063549,0.517874,0.196228,-0.053403,0.491432,0.229368,-0.039041,0.598467,0.383085,-0.026495,0.586743,0.224387,-0.038419,0.547934,0.221981,-0.027898,0.525271,0.251056,-0.013111,0.606159,0.399543,-0.005117,0.598913,0.274999,-0.012059,0.569071,0.247908,-0.006838,0.548663,0.253476,0.002165
97,1694951213.325038,0,10.7079,10.7079,1.2194,-4.8319,5.9207,98.3085,13.2998,13197.1518,1.8477,95.3380,333.4016,125.5939,131.4827,164.5204,212.4934,0.079289,0.558424,0.664228,-0.000000,0.487087,0.606070,-0.036803,0.446553,0.484232,-0.051705,0.438345,0.355109,-0.054190,0.439445,0.267689,-0.052010,0.531787,0.401217,-0.073975,0.478356,0.263101,-0.079351,0.445418,0.219092,-0.072856,0.425431,0.189669,-0.066911,0.577815,0.379388,-0.052936,0.556963,0.198895,-0.064265,0.516156,0.196181,-0.054020,0.491275,0.228115,-0.041388,0.602341,0.381771,-0.029682,0.589818,0.218003,-0.037305,0.549914,0.221677,-0.025282,0.529054,0.255274,-0.011676,0.610189,0.397564,-0.007879,0.602560,0.274241,-0.011433,0.569689,0.251092,-0.005021,0.547677,0.259124,0.003652
98,1694951213.333371,0,17.6270,17.6270,1.3025,0.0832,6.8260,119.7529,55.7979,12001.3580,2.0458,96.6443,336.2038,127.8823,133.2805,165.6467,214.5375,0.071494,0.558133,0.665561,-0.000000,0.486746,0.606013,-0.038586,0.445425,0.482990,-0.053471,0.441128,0.351547,-0.056680,0.447325,0.265465,-0.055604,0.533148,0.403037,-0.069910,0.481722,0.262785,-0.079367,0.446155,0.217416,-0.076418,0.426909,0.187572,-0.072441,0.579307,0.381800,-0.050183,0.561786,0.198901,-0.066156,0.519551,0.195264,-0.059319,0.494117,0.228798,-0.047789,0.603340,0.381505,-0.029410,0.591576,0.213020,-0.042525,0.549484,0.216488,-0.033939,0.526601,0.251644,-0.021241,0.611198,0.395552,-0.010354,0.603509,0.268754,-0.019041,0.569984,0.247605,-0.015818,0.547300,0.258834,-0.008485
99,1694951213.341705,0,-26.7537,-26.7537,-6.0878,-7.3904,16.1700,202.5694,39.0517,13053.2592,2.3575,87.2006,335.8740,122.5288,127.0958,159.1417,207.5812,0.078527,0.559188,0.679367,-0.000000,0.489280,0.613107,-0.036902,0.448586,0.488475,-0.053625,0.442186,0.353711,-0.059374,0.445196,0.263381,-0.060985,0.538681,0.406928,-0.072501,0.485210,0.266536,-0.083587,0.447496,0.224536,-0.081240,0.426013,0.195359,-0.077929,0.584527,0.383734,-0.054588,0.562534,0.197851,-0.073424,0.518082,0.192319,-0.066794,0.490722,0.224754,-0.055546,0.607335,0.385184,-0.035122,0.593395,0.217284,-0.049275,0.550895,0.214653,-0.039277,0.526065,0.244167,-0.026016,0.613386,0.402587,-0.017302,0.602584,0.280486,-0.025791,0.567930,0.255000,-0.021299,0.543070,0.261118,-0.013494
100,1694951213.350038,0,-22.5019,-22.5019,-9.1165,-3.0286,19.1456,2214.4461,8.1609,12191.1851,1.6772,105.5340,354.7552,137.9391,146.4946,179.6542,228.2007,0.076421,0.561117,0.685390,-0.000000,0.490508,0.614572,-0.034669,0.449679,0.489902,-0.050686,0.443185,0.355431,-0.056548,0.441987,0.262851,-0.058596,0.537968,0.409326,-0.069983,0.486367,0.265346,-0.081297,0.451530,0.211379,-0.079489,0.431339,0.171129,-0.076694,0.583582,0.384091,-0.053850,0.562940,0.197095,-0.074929,0.519011,0.189209,-0.070123,0.491785,0.222575,-0.059753,0.606508,0.384028,-0.035917,0.593856,0.215511,-0.051602,0.550651,0.209285,-0.042705,0.525273,0.239802,-0.030026,0.612798,0.400215,-0.019463,0.603607,0.273976,-0.027585,0.568671,0.248778,-0.022509,0.544114,0.257518,-0.014503
101,1694951213.358371,0,24.5446,24.5446,3.4592,12.5756,21.2003,587.2128,31.7041,16059.6880,2.5610,93.1528,348.8617,129.8628,136.4100,168.3635,216.4313,0.061453,0.562513,0.678290,-0.000000,0.491347,0.611253,-0.036260,0.449960,0.485646,-0.051258,0.444068,0.351758,-0.055001,0.447681,0.263486,-0.054714,0.540005,0.404797,-0.072217,0.482379,0.262398,-0.079970,0.446934,0.214068,-0.074606,0.428376,0.179909,-0.069676,0.587348,0.382568,-0.053699,0.565367,0.195543,-0.070774,0.524039,0.190409,-0.062585,0.498683,0.224814,-0.050154,0.611047,0.384941,-0.033234,0.597737,0.219214,-0.046412,0.556685,0.216674,-0.035973,0.533579,0.246757,-0.022432,0.617596,0.401711,-0.014249,0.608516,0.279698,-0.022522,0.575932,0.256628,-0.017969,0.554243,0.265052,-0.010052
102,1694951213.366705,0,24.7173,24.7173,1.7726,-1.6866,23.1689,676.9640,4.4830,12725.3979,1.8941,97.6721,356.3215,140.5819,146.1285,177.1750,224.2480,0.065648,0.563914,0.675003,-0.000000,0.491962,0.607759,-0.034921,0.453163,0.477274,-0.049820,0.451168,0.338323,-0.054236,0.459428,0.249504,-0.054812,0.543672,0.405374,-0.069293,0.488196,0.261449,-0.078893,0.453898,0.211103,-0.075497,0.435594,0.175248,-0.071817,0.590543,0.383434,-0.052551,0.569986,0.193899,-0.071180,0.529048,0.192449,-0.065004,0.504633,0.230159,-0.053592,0.614239,0.384383,-0.033988,0.600952,0.217093,-0.048359,0.560153,0.218961,-0.039007,0.538734,0.252562,-0.025926,0.620317,0.399460,-0.016829,0.610152,0.277797,-0.025270,0.576448,0.257616,-0.020700,0.554833,0.269358,-0.012753
103,1694951213.375038,0,33.5417,33.5417,15.0739,13.3013,25.8280,1568.1753,47.6364,13951.0887,2.0511,91.3287,356.9464,139.2114,145.1019,175.7035,221.7592,0.047742,0.563040,0.669368,-0.000000,0.491111,0.604764,-0.037848,0.451814,0.474069,-0.052454,0.450547,0.337844,-0.055236,0.460426,0.252407,-0.053909,0.545119,0.398520,-0.072130,0.489993,0.254107,-0.079656,0.453605,0.208089,-0.074726,0.434837,0.176230,-0.070116,0.591659,0.378511,-0.052273,0.569250,0.192882,-0.068270,0.526484,0.190340,-0.060280,0.501719,0.225370,-0.048188,0.614119,0.379888,-0.030755,0.599885,0.211050,-0.042928,0.558019,0.212033,-0.033147,0.535918,0.245228,-0.020273,0.619623,0.394577,-0.010895,0.609418,0.271524,-0.018598,0.576048,0.249044,-0.014785,0.554932,0.258462,-0.007558
104,1694951213.383371,0,-23.5909,-23.5909,-0.2723,-15.3461,25.0270,383.0046,14.8693,13667.5391,2.2280,93.1173,364.5654,143.3771,149.3383,181.0542,228.9007,0.047815,0.563193,0.676191,-0.000000,0.493548,0.602296,-0.037749,0.455085,0.472618,-0.052707,0.452042,0.336116,-0.056004,0.457419,0.247239,-0.055082,0.546021,0.397500,-0.071244,0.491041,0.254904,-0.078975,0.456451,0.206702,-0.074107,0.437733,0.172097,-0.069422,0.593681,0.377561,-0.051741,0.571983,0.190730,-0.066375,0.530766,0.186657,-0.058226,0.504948,0.221005,-0.046414,0.617243,0.380832,-0.030647,0.604730,0.216884,-0.041605,0.563784,0.213281,-0.031766,0.539632,0.241458,-0.019270,0.622883,0.397853,-0.011271,0.614718,0.277843,-0.017760,0.582323,0.253900,-0.013169,0.558999,0.261649,-0.005569
105,1694951213.391705,0,,,0.0000,0.0000,0.0000,0.0000,,,,,,,,,,,0.000000,0.000000,0.000000,0.000000,0.000000,0.000000,0.000000,0.000000,0.000000,0.000000,0.000000,0.000000,0.000000,0.000000,0.000000,0.000000,0.000000,0.000000,0.000000,0.000000,0.000000,0.000000,0.000000,0.000000,0.000000,0.000000,0.000000,0.000000,0.000000,0.000000,0.000000,0.000000,0.000000,0.000000,0.000000,0.000000,0.000000,0.000000,0.000000,0.000000,0.000000,0.000000,0.000000,0.000000,0.000000,0.000000,0.000000,0.000000,0.000000,0.000000,0.000000,0.000000,0.000000,0.000000,0.000000,0.000000,0.000000,0.000000,0.000000,0.000000,0.000000,0.000000,0.000000
106,1694951213.400038,0,33.1917,33.1917,2.1618,0.0000,21.3960,509.7239,,11363.1247,2.7640,95.1003,369.6251,151.0131,157.0602,187.3576,233.2293,0.040984,0.564900,0.671134,-0.000000,0.493303,0.600333,-0.036751,0.456787,0.466820,-0.050494,0.458089,0.326404,-0.052749,0.465364,0.234414,-0.050975,0.545962,0.396556,-0.068758,0.498659,0.255508,-0.078473,0.464353,0.203466,-0.075672,0.442929,0.164952,-0.072337,0.594183,0.377949,-0.050658,0.574531,0.192683,-0.067356,0.532093,0.183052,-0.059851,0.504080,0.212264,-0.048243,0.618096,0.381026,-0.031397,0.606733,0.217427,-0.044910,0.565510,0.209357,-0.034749,0.540226,0.233535,-0.021511,0.624859,0.397583,-0.013901,0.619036,0.276055,-0.021908,0.587319,0.249289,-0.016972,0.564068,0.254020,-0.008933
107,1694951213.408371,0,,,0.0000,0.0000,0.0000,0.0000,,,,,,,,,,,0.000000,0.000000,0.000000,0.000000,0.000000,0.000000,0.000000,0.000000,0.000000,0.000000,0.000000,0.000000,0.000000,0.000000,0.000000,0.000000,0.000000,0.000000,0.000000,0.000000,0.000000,0.000000,0.000000,0.000000,0.000000,0.000000,0.000000,0.000000,0.000000,0.000000,0.000000,0.000000,0.000000,0.000000,0.000000,0.000000,0.000000,0.000000,0.000000,0.000000,0.000000,0.000000,0.000000,0.000000,0.000000,0.000000,0.000000,0.000000,0.000000,0.000000,0.000000,0.000000,0.000000,0.000000,0.000000,0.000000,0.000000,0.000000,0.000000,0.000000,0.000000,0.000000,0.000000
108,1694951213.416705,0,-28.3337,-28.3337,-13.2627,0.0000,27.8731,986.8540,,10852.0297,1.8037,96.8125,375.4776,159.4693,163.9855,193.1489,238.5833,0.033679,0.566798,0.656326,-0.000000,0.496348,0.596120,-0.035272,0.456981,0.467516,-0.047134,0.454333,0.332702,-0.047840,0.457963,0.244186,-0.044686,0.548620,0.394884,-0.064744,0.502491,0.255582,-0.074705,0.469079,0.201030,-0.074403,0.447182,0.157522,-0.073126,0.595758,0.375166,-0.047711,0.580939,0.189069,-0.064121,0.538574,0.185456,-0.059906,0.511112,0.219079,-0.050344,0.618892,0.375950,-0.029424,0.609564,0.207354,-0.043305,0.569787,0.213742,-0.036536,0.549506,0.249444,-0.025204,0.625394,0.391103,-0.012637,0.617793,0.272057,-0.022052,0.586284,0.254206,-0.019127,0.566696,0.267174,-0.012079
109,1694951213.425038,0,,,0.0000,0.0000,0.0000,0.0000,,,,,,,,,,,0.000000,0.000000,0.000000,0.000000,0.000000,0.000000,0.000000,0.000000,0.000000,0.000000,0.000000,0.000000,0.000000,0.000000,0.000000,0.000000,0.000000,0.000000,0.000000,0.000000,0.000000,0.000000,0.000000,0.000000,0.000000,0.000000,0.000000,0.000000,0.000000,0.000000,0.000000,0.000000,0.000000,0.000000,0.000000,0.000000,0.000000,0.000000,0.000000,0.000000,0.000000,0.000000,0.000000,0.000000,0.000000,0.000000,0.000000,0.000000,0.000000,0.000000,0.000000,0.000000,0.000000,0.000000,0.000000,0.000000,0.000000,0.000000,0.000000,0.000000,0.000000,0.000000,0.000000
110,1694951213.433371,0,,,0.0000,0.0000,0.0000,0.0000,,,,,,,,,,,0.000000,0.000000,0.000000,0.000000,0.000000,0.000000,0.000000,0.000000,0.000000,0.000000,0.000000,0.000000,0.000000,0.000000,0.000000,0.000000,0.000000,0.000000,0.000000,0.000000,0.000000,0.000000,0.000000,0.000000,0.000000,0.000000,0.000000,0.000000,0.000000,0.000000,0.000000,0.000000,0.000000,0.000000,0.000000,0.000000,0.000000,0.000000,0.000000,0.000000,0.000000,0.000000,0.000000,0.000000,0.000000,0.000000,0.000000,0.000000,0.000000,0.000000,0.000000,0.000000,0.000000,0.000000,0.000000,0.000000,0.000000,0.000000,0.000000,0.000000,0.000000,0.000000,0.000000
111,1694951213.441705,0,,,0.0000,0.0000,0.0000,0.0000,,,,,,,,,,,0.000000,0.000000,0.000000,0.000000,0.000000,0.000000,0.000000,0.000000,0.000000,0.000000,0.000000,0.000000,0.000000,0.000000,0.000000,0.000000,0.000000,0.000000,0.000000,0.000000,0.000000,0.000000,0.000000,0.000000,0.000000,0.000000,0.000000,0.000000,0.000000,0.000000,0.000000,0.000000,0.000000,0.000000,0.000000,0.000000,0.000000,0.000000,0.000000,0.000000,0.000000,0.000000,0.000000,0.000000,0.000000,0.000000,0.000000,0.000000,0.000000,0.000000,0.000000,0.000000,0.000000,0.000000,0.000000,0.000000,0.000000,0.000000,0.000000,0.000000,0.000000,0.000000,0.000000
112,1694951213.450038,0,,,0.0000,0.0000,0.0000,0.0000,,,,,,,,,,,0.000000,0.000000,0.000000,0.000000,0.000000,0.000000,0.000000,0.000000,0.000000,0.000000,0.000000,0.000000,0.000000,0.000000,0.000000,0.000000,0.000000,0.000000,0.000000,0.000000,0.000000,0.000000,0.000000,0.000000,0.000000,0.000000,0.000000,0.000000,0.000000,0.000000,0.000000,0.000000,0.000000,0.000000,0.000000,0.000000,0.000000,0.000000,0.000000,0.000000,0.000000,0.000000,0.000000,0.000000,0.000000,0.000000,0.000000,0.000000,0.000000,0.000000,0.000000,0.000000,0.000000,0.000000,0.000000,0.000000,0.000000,0.000000,0.000000,0.000000,0.000000,0.000000,0.000000
113,1694951213.458371,0,,,0.0000,0.0000,0.0000,0.0000,,,,,,,,,,,0.000000,0.000000,0.000000,0.000000,0.000000,0.000000,0.000000,0.000000,0.000000,0.000000,0.000000,0.000000,0.000000,0.000000,0.000000,0.000000,0.000000,0.000000,0.000000,0.000000,0.000000,0.000000,0.000000,0.000000,0.000000,0.000000,0.000000,0.000000,0.000000,0.000000,0.000000,0.000000,0.000000,0.000000,0.000000,0.000000,0.000000,0.000000,0.000000,0.000000,0.000000,0.000000,0.000000,0.000000,0.000000,0.000000,0.000000,0.000000,0.000000,0.000000,0.000000,0.000000,0.000000,0.000000,0.000000,0.000000,0.000000,0.000000,0.000000,0.000000,0.000000,0.000000,0.000000
114,1694951213.466705,0,,,0.0000,0.0000,0.0000,0.0000,,,,,,,,,,,0.000000,0.000000,0.000000,0.000000,0.000000,0.000000,0.000000,0.000000,0.000000,0.000000,0.000000,0.000000,0.000000,0.000000,0.000000,0.000000,0.000000,0.000000,0.000000,0.000000,0.000000,0.000000,0.000000,0.000000,0.000000,0.000000,0.000000,0.000000,0.000000,0.000000,0.000000,0.000000,0.000000,0.000000,0.000000,0.000000,0.000000,0.000000,0.000000,0.000000,0.000000,0.000000,0.000000,0.000000,0.000000,0.000000,0.000000,0.000000,0.000000,0.000000,0.000000,0.000000,0.000000,0.000000,0.000000,0.000000,0.000000,0.000000,0.000000,0.000000,0.000000,0.000000,0.000000
115,1694951213.475038,0,,,0.0000,0.0000,0.0000,0.0000,,,,,,,,,,,0.000000,0.000000,0.000000,0.000000,0.000000,0.000000,0.000000,0.000000,0.000000,0.000000,0.000000,0.000000,0.000000,0.000000,0.000000,0.000000,0.000000,0.000000,0.000000,0.000000,0.000000,0.000000,0.000000,0.000000,0.000000,0.000000,0.000000,0.000000,0.000000,0.000000,0.000000,0.000000,0.000000,0.000000,0.000000,0.000000,0.000000,0.000000,0.000000,0.000000,0.000000,0.000000,0.000000,0.000000,0.000000,0.000000,0.000000,0.000000,0.000000,0.000000,0.000000,0.000000,0.000000,0.000000,0.000000,0.000000,0.000000,0.000000,0.000000,0.000000,0.000000,0.000000,0.000000
116,1694951213.483371,0,,,0.0000,0.0000,0.0000,0.0000,,,,,,,,,,,0.000000,0.000000,0.000000,0.000000,0.000000,0.000000,0.000000,0.000000,0.000000,0.000000,0.000000,0.000000,0.000000,0.000000,0.000000,0.000000,0.000000,0.000000,0.000000,0.000000,0.000000,0.000000,0.000000,0.000000,0.000000,0.000000,0.000000,0.000000,0.000000,0.000000,0.000000,0.000000,0.000000,0.000000,0.000000,0.000000,0.000000,0.000000,0.000000,0.000000,0.000000,0.000000,0.000000,0.000000,0.000000,0.000000,0.000000,0.000000,0.000000,0.000000,0.000000,0.000000,0.000000,0.000000,0.000000,0.000000,0.000000,0.000000,0.000000,0.000000,0.000000,0.000000,0.000000
117,1694951213.491705,1,,,0.0000,0.0000,0.0000,0.0000,,,,,,,,,,,0.000000,0.000000,0.000000,0.000000,0.000000,0.000000,0.000000,0.000000,0.000000,0.000000,0.000000,0.000000,0.000000,0.000000,0.000000,0.000000,0.000000,0.000000,0.000000,0.000000,0.000000,0.000000,0.000000,0.000000,0.000000,0.000000,0.000000,0.000000,0.000000,0.000000,0.000000,0.000000,0.000000,0.000000,0.000000,0.000000,0.000000,0.000000,0.000000,0.000000,0.000000,0.000000,0.000000,0.000000,0.000000,0.000000,0.000000,0.000000,0.000000,0.000000,0.000000,0.000000,0.000000,0.000000,0.000000,0.000000,0.000000,0.000000,0.000000,0.000000,0.000000,0.000000,0.000000
118,1694951213.500038,1,,,0.0000,0.0000,0.0000,0.0000,,,,,,,,,,,0.000000,0.000000,0.000000,0.000000,0.000000,0.000000,0.000000,0.000000,0.000000,0.000000,0.000000,0.000000,0.000000,0.000000,0.000000,0.000000,0.000000,0.000000,0.000000,0.000000,0.000000,0.000000,0.000000,0.000000,0.000000,0.000000,0.000000,0.000000,0.000000,0.000000,0.000000,0.000000,0.000000,0.000000,0.000000,0.000000,0.000000,0.000000,0.000000,0.000000,0.000000,0.000000,0.000000,0.000000,0.000000,0.000000,0.000000,0.000000,0.000000,0.000000,0.000000,0.000000,0.000000,0.000000,0.000000,0.000000,0.000000,0.000000,0.000000,0.000000,0.000000,0.000000,0.000000
119,1694951213.508371,1,,,0.0000,0.0000,0.0000,0.0000,,,,,,,,,,,0.000000,0.000000,0.000000,0.000000,0.000000,0.000000,0.000000,0.000000,0.000000,0.000000,0.000000,0.000000,0.000000,0.000000,0.000000,0.000000,0.000000,0.000000,0.000000,0.000000,0.000000,0.000000,0.000000,0.000000,0.000000,0.000000,0.000000,0.000000,0.000000,0.000000,0.000000,0.000000,0.000000,0.000000,0.000000,0.000000,0.000000,0.000000,0.000000,0.000000,0.000000,0.000000,0.000000,0.000000,0.000000,0.000000,0.000000,0.000000,0.000000,0.000000,0.000000,0.000000,0.000000,0.000000,0.000000,0.000000,0.000000,0.000000,0.000000,0.000000,0.000000,0.000000,0.000000
120,1694951213.516705,1,,,0.0000,0.0000,0.0000,0.0000,,,,,,,,,,,0.000000,0.000000,0.000000,0.000000,0.000000,0.000000,0.000000,0.000000,0.000000,0.000000,0.000000,0.000000,0.000000,0.000000,0.000000,0.000000,0.000000,0.000000,0.000000,0.000000,0.000000,0.000000,0.000000,0.000000,0.000000,0.000000,0.000000,0.000000,0.000000,0.000000,0.000000,0.000000,0.000000,0.000000,0.000000,0.000000,0.000000,0.000000,0.000000,0.000000,0.000000,0.000000,0.000000,0.000000,0.000000,0.000000,0.000000,0.000000,0.000000,0.000000,0.000000,0.000000,0.000000,0.000000,0.000000,0.000000,0.000000,0.000000,0.000000,0.000000,0.000000,0.000000,0.000000
121,1694951213.525038,0,,,0.0000,0.0000,0.0000,0.0000,,,,,,,,,,,0.000000,0.000000,0.000000,0.000000,0.000000,0.000000,0.000000,0.000000,0.000000,0.000000,0.000000,0.000000,0.000000,0.000000,0.000000,0.000000,0.000000,0.000000,0.000000,0.000000,0.000000,0.000000,0.000000,0.000000,0.000000,0.000000,0.000000,0.000000,0.000000,0.000000,0.000000,0.000000,0.000000,0.000000,0.000000,0.000000,0.000000,0.000000,0.000000,0.000000,0.000000,0.000000,0.000000,0.000000,0.000000,0.000000,0.000000,0.000000,0.000000,0.000000,0.000000,0.000000,0.000000,0.000000,0.000000,0.000000,0.000000,0.000000,0.000000,0.000000,0.000000,0.000000,0.000000
122,1694951213.533371,0,,,0.0000,0.0000,0.0000,0.0000,,,,,,,,,,,0.000000,0.000000,0.000000,0.000000,0.000000,0.000000,0.000000,0.000000,0.000000,0.000000,0.000000,0.000000,0.000000,0.000000,0.000000,0.000000,0.000000,0.000000,0.000000,0.000000,0.000000,0.000000,0.000000,0.000000,0.000000,0.000000,0.000000,0.000000,0.000000,0.000000,0.000000,0.000000,0.000000,0.000000,0.000000,0.000000,0.000000,0.000000,0.000000,0.000000,0.000000,0.000000,0.000000,0.000000,0.000000,0.000000,0.000000,0.000000,0.000000,0.000000,0.000000,0.000000,0.000000,0.000000,0.000000,0.000000,0.000000,0.000000,0.000000,0.000000,0.000000,0.000000,0.000000
123,1694951213.541705,0,,,0.0000,0.0000,0.0000,0.0000,,,,,,,,,,,0.000000,0.000000,0.000000,0.000000,0.000000,0.000000,0.000000,0.000000,0.000000,0.000000,0.000000,0.000000,0.000000,0.000000,0.000000,0.000000,0.000000,0.000000,0.000000,0.000000,0.000000,0.000000,0.000000,0.000000,0.000000,0.000000,0.000000,0.000000,0.000000,0.000000,0.000000,0.000000,0.000000,0.000000,0.000000,0.000000,0.000000,0.000000,0.000000,0.000000,0.000000,0.000000,0.000000,0.000000,0.000000,0.000000,0.000000,0.000000,0.000000,0.000000,0.000000,0.000000,0.000000,0.000000,0.000000,0.000000,0.000000,0.000000,0.000000,0.000000,0.000000,0.000000,0.000000
124,1694951213.550038,0,,,0.0000,0.0000,0.0000,0.0000,,,,,,,,,,,0.000000,0.000000,0.000000,0.000000,0.000000,0.000000,0.000000,0.000000,0.000000,0.000000,0.000000,0.000000,0.000000,0.000000,0.000000,0.000000,0.000000,0.000000,0.000000,0.000000,0.000000,0.000000,0.000000,0.000000,0.000000,0.000000,0.000000,0.000000,0.000000,0.000000,0.000000,0.000000,0.000000,0.000000,0.000000,0.000000,0.000000,0.000000,0.000000,0.000000,0.000000,0.000000,0.000000,0.000000,0.000000,0.000000,0.000000,0.000000,0.000000,0.000000,0.000000,0.000000,0.000000,0.000000,0.000000,0.000000,0.000000,0.000000,0.000000,0.000000,0.000000,0.000000,0.000000
125,1694951213.558371,0,,,0.0000,0.0000,0.0000,0.0000,,,,,,,,,,,0.000000,0.000000,0.000000,0.000000,0.000000,0.000000,0.000000,0.000000,0.000000,0.000000,0.000000,0.000000,0.000000,0.000000,0.000000,0.000000,0.000000,0.000000,0.000000,0.000000,0.000000,0.000000,0.000000,0.000000,0.000000,0.000000,0.000000,0.000000,0.000000,0.000000,0.000000,0.000000,0.000000,0.000000,0.000000,0.000000,0.000000,0.000000,0.000000,0.000000,0.000000,0.000000,0.000000,0.000000,0.000000,0.000000,0.000000,0.000000,0.000000,0.000000,0.000000,0.000000,0.000000,0.000000,0.000000,0.000000,0.000000,0.000000,0.000000,0.000000,0.000000,0.000000,0.000000
126,1694951213.566705,0,,,0.0000,0.0000,0.0000,0.0000,,,,,,,,,,,0.000000,0.000000,0.000000,0.000000,0.000000,0.000000,0.000000,0.000000,0.000000,0.000000,0.000000,0.000000,0.000000,0.000000,0.000000,0.000000,0.000000,0.000000,0.000000,0.000000,0.000000,0.000000,0.000000,0.000000,0.000000,0.000000,0.000000,0.000000,0.000000,0.000000,0.000000,0.000000,0.000000,0.000000,0.000000,0.000000,0.000000,0.000000,0.000000,0.000000,0.000000,0.000000,0.000000,0.000000,0.000000,0.000000,0.000000,0.000000,0.000000,0.000000,0.000000,0.000000,0.000000,0.000000,0.000000,0.000000,0.000000,0.000000,0.000000,0.000000,0.000000,0.000000,0.000000
127,1694951213.575038,0,,,0.0000,0.0000,0.0000,0.0000,,,,,,,,,,,0.000000,0.000000,0.000000,0.000000,0.000000,0.000000,0.000000,0.000000,0.000000,0.000000,0.000000,0.000000,0.000000,0.000000,0.000000,0.000000,0.000000,0.000000,0.000000,0.000000,0.000000,0.000000,0.000000,0.000000,0.000000,0.000000,0.000000,0.000000,0.000000,0.000000,0.000000,0.000000,0.000000,0.000000,0.000000,0.000000,0.000000,0.000000,0.000000,0.000000,0.000000,0.000000,0.000000,0.000000,0.000000,0.000000,0.000000,0.000000,0.000000,0.000000,0.000000,0.000000,0.000000,0.000000,0.000000,0.000000,0.000000,0.000000,0.000000,0.000000,0.000000,0.000000,0.000000
128,1694951213.583371,0,,,0.0000,0.0000,0.0000,0.0000,,,,,,,,,,,0.000000,0.000000,0.000000,0.000000,0.000000,0.000000,0.000000,0.000000,0.000000,0.000000,0.000000,0.000000,0.000000,0.000000,0.000000,0.000000,0.000000,0.000000,0.000000,0.000000,0.000000,0.000000,0.000000,0.000000,0.000000,0.000000,0.000000,0.000000,0.000000,0.000000,0.000000,0.000000,0.000000,0.000000,0.000000,0.000000,0.000000,0.000000,0.000000,0.000000,0.000000,0.000000,0.000000,0.000000,0.000000,0.000000,0.000000,0.000000,0.000000,0.000000,0.000000,0.000000,0.000000,0.000000,0.000000,0.000000,0.000000,0.000000,0.000000,0.000000,0.000000,0.000000,0.000000
129,1694951213.591705,0,16.2016,16.2016,-4.3350,0.0000,27.0416,140.3952,,8792.2288,1.7130,96.0710,384.8647,169.7173,169.3933,194.6161,237.0439,0.020260,0.572023,0.666913,-0.000000,0.498982,0.594233,-0.037260,0.462604,0.462837,-0.048250,0.464952,0.332411,-0.048094,0.472830,0.251953,-0.043887,0.556008,0.383488,-0.057145,0.502340,0.246560,-0.061209,0.469288,0.199966,-0.056955,0.452596,0.163308,-0.053227,0.601824,0.366217,-0.036898,0.585392,0.190841,-0.048345,0.544515,0.187870,-0.041885,0.520661,0.219678,-0.031261,0.623750,0.370948,-0.016084,0.615587,0.209748,-0.026003,0.575194,0.212431,-0.019170,0.554733,0.245990,-0.008480,0.629599,0.386844,0.002840,0.624159,0.272304,-0.004900,0.592412,0.250668,-0.003518,0.572534,0.259224,0.002113
130,1694951213.600038,0,18.2533,18.2533,10.4611,14.7961,24.5245,148.9766,37.2755,7925.0983,1.6802,90.0995,373.3898,160.1806,159.3138,185.0275,228.3873,0.024911,0.571082,0.668613,-0.000000,0.500547,0.596653,-0.035653,0.463287,0.466853,-0.048332,0.462335,0.335112,-0.049973,0.467867,0.250290,-0.047442,0.555169,0.388589,-0.063515,0.501636,0.248079,-0.069152,0.468031,0.203536,-0.064226,0.449363,0.172233,-0.059543,0.601336,0.369460,-0.044504,0.583957,0.191234,-0.057278,0.543138,0.189024,-0.049728,0.517545,0.221603,-0.038292,0.623920,0.372433,-0.024162,0.616437,0.210341,-0.034335,0.576676,0.210769,-0.025209,0.554415,0.241924,-0.013032,0.629777,0.387152,-0.005436,0.625031,0.269612,-0.012222,0.593028,0.245482,-0.008538,0.570772,0.252423,-0.001373
131,1694951213.608371,0,-30.0238,-30.0238,-15.8039,-26.2650,26.0167,148.8131,24.5425,12408.9126,1.7438,85.6929,360.1365,147.4689,146.5059,172.4170,216.2891,0.028252,0.574522,0.665555,-0.000000,0.502206,0.601007,-0.038775,0.464267,0.473717,-0.051787,0.465636,0.339980,-0.053887,0.472190,0.254281,-0.051960,0.558772,0.394739,-0.061537,0.500778,0.258445,-0.069912,0.461972,0.214993,-0.068089,0.440900,0.185867,-0.065242,0.603468,0.372792,-0.042159,0.585683,0.191786,-0.058859,0.543481,0.188729,-0.055478,0.517553,0.224009,-0.046158,0.624241,0.373042,-0.022118,0.614958,0.209808,-0.036694,0.572854,0.212301,-0.031881,0.550292,0.247269,-0.021612,0.628874,0.386352,-0.003868,0.622177,0.268490,-0.013409,0.588948,0.252427,-0.011719,0.567249,0.268071,-0.005585
132,1694951213.616705,0,-35.5154,-35.5154,-1.7954,14.0085,23.8962,39.9901,23.2293,8727.8167,2.3345,100.0548,374.7096,156.8368,157.4972,184.7932,229.3385,0.030691,0.571074,0.675915,-0.000000,0.502739,0.610067,-0.037887,0.465111,0.481915,-0.051851,0.463472,0.349499,-0.054229,0.466387,0.262455,-0.052550,0.557714,0.402298,-0.068577,0.502066,0.262389,-0.077967,0.465459,0.211578,-0.075625,0.444957,0.171955,-0.072530,0.602713,0.379980,-0.049395,0.588126,0.193276,-0.068849,0.544525,0.188445,-0.063246,0.517551,0.226091,-0.051287,0.623544,0.380984,-0.028851,0.614644,0.219947,-0.043671,0.574829,0.218052,-0.035731,0.554374,0.250415,-0.022780,0.628777,0.394161,-0.010005,0.619403,0.276994,-0.018056,0.587138,0.257078,-0.013764,0.566326,0.270213,-0.005669
133,1694951213.625038,0,33.6639,33.6639,4.3656,6.1610,27.8940,821.6058,6.4172,9966.9915,2.3794,100.8627,362.6729,149.8506,149.1291,176.0125,221.6963,0.024134,0.571553,0.662211,-0.000000,0.501620,0.602841,-0.038719,0.463566,0.481337,-0.053266,0.461388,0.351808,-0.056039,0.467146,0.268414,-0.054489,0.558934,0.405204,-0.069920,0.502267,0.261814,-0.079425,0.465070,0.216819,-0.077128,0.445155,0.184519,-0.073850,0.602765,0.377638,-0.050365,0.585119,0.190587,-0.067694,0.539202,0.190216,-0.060618,0.512393,0.229280,-0.048138,0.622857,0.372893,-0.029737,0.613678,0.207562,-0.042264,0.569611,0.210112,-0.033254,0.547128,0.243433,-0.020370,0.627383,0.381961,-0.011109,0.621781,0.266328,-0.018140,0.587823,0.248533,-0.014281,0.566077,0.261225,-0.006891
134,1694951213.633371,0,24.5426,24.5426,1.5723,-2.7933,29.0093,838.5438,0.3498,10621.0696,1.9251,100.5394,351.6256,140.9139,138.2306,166.6620,214.4341,0.032459,0.572386,0.663329,-0.000000,0.503597,0.607290,-0.041314,0.464025,0.490989,-0.057674,0.456948,0.362588,-0.062180,0.459016,0.275286,-0.062073,0.558522,0.406880,-0.070267,0.501112,0.261764,-0.079161,0.461832,0.221758,-0.076312,0.440590,0.195720,-0.072766,0.602042,0.377221,-0.049614,0.583817,0.193240,-0.065860,0.539064,0.190390,-0.059743,0.511259,0.227089,-0.048786,0.621420,0.371949,-0.028164,0.611581,0.208836,-0.040890,0.568230,0.207882,-0.033545,0.543646,0.239235,-0.022440,0.624584,0.380910,-0.008760,0.618942,0.266515,-0.017487,0.585992,0.247302,-0.015282,0.562765,0.259261,-0.009225
135,1694951213.641705,0,-18.3239,-18.3239,2.9250,1.3527,28.6443,825.2457,21.2703,10153.9280,2.1346,94.1458,342.9617,132.0936,127.6121,155.3884,202.4858,0.034900,0.571506,0.666504,-0.000000,0.503746,0.608898,-0.039398,0.463312,0.498572,-0.056004,0.454599,0.373365,-0.062221,0.455320,0.283930,-0.064179,0.556943,0.403229,-0.063426,0.496103,0.268745,-0.072356,0.456614,0.231706,-0.069667,0.436576,0.209643,-0.065623,0.601418,0.375235,-0.044586,0.581145,0.197185,-0.059946,0.537826,0.195272,-0.054395,0.511383,0.229899,-0.043601,0.622692,0.373019,-0.025282,0.611939,0.212799,-0.038926,0.569024,0.214314,-0.032164,0.544631,0.246187,-0.020744,0.627769,0.385301,-0.007803,0.621785,0.268478,-0.017120,0.590091,0.249508,-0.014329,0.567144,0.261243,-0.007211
136,1694951213.650038,0,-29.8026,-29.8026,1.4282,-1.4968,28.6060,1782.0650,60.4906,11142.3579,2.1701,89.0571,325.2721,116.4688,113.2827,142.1692,190.1143,0.049171,0.572288,0.654821,-0.000000,0.502388,0.611221,-0.042406,0.459853,0.499960,-0.058169,0.450529,0.373480,-0.061303,0.452671,0.288981,-0.059803,0.557318,0.411947,-0.073984,0.497603,0.275644,-0.085326,0.453176,0.237689,-0.083175,0.427672,0.216418,-0.079296,0.601209,0.379427,-0.052736,0.580275,0.196264,-0.071355,0.534462,0.194299,-0.063955,0.507298,0.230889,-0.051345,0.620103,0.373129,-0.030957,0.607667,0.211974,-0.047692,0.564073,0.213350,-0.040289,0.540887,0.244168,-0.027559,0.622207,0.383560,-0.010973,0.614872,0.263706,-0.022141,0.582401,0.244413,-0.019586,0.560943,0.256402,-0.012528
137,1694951213.658371,0,28.0252,28.0252,-1.4097,-2.8379,26.2853,1587.2744,1.9721,12454.1098,1.8070,75.9051,312.3816,105.0304,100.2765,130.8335,180.1196,0.059840,0.573098,0.652254,-0.000000,0.504266,0.614706,-0.041418,0.456820,0.502352,-0.054829,0.445858,0.377038,-0.055519,0.452382,0.298661,-0.051496,0.557854,0.408717,-0.072379,0.491226,0.280611,-0.082982,0.443754,0.247318,-0.080467,0.416694,0.225957,-0.076301,0.600186,0.379595,-0.050581,0.577975,0.198355,-0.069910,0.532167,0.200244,-0.062741,0.505661,0.239735,-0.049763,0.618131,0.375262,-0.028163,0.605009,0.213796,-0.046956,0.561217,0.222309,-0.041720,0.538942,0.258707,-0.029273,0.621337,0.386497,-0.007119,0.613140,0.263497,-0.019758,0.581193,0.247460,-0.018299,0.561143,0.262971,-0.011378
138,1694951213.666705,0,,,0.0000,0.0000,0.0000,0.0000,,,,,,,,,,,0.000000,0.000000,0.000000,0.000000,0.000000,0.000000,0.000000,0.000000,0.000000,0.000000,0.000000,0.000000,0.000000,0.000000,0.000000,0.000000,0.000000,0.000000,0.000000,0.000000,0.000000,0.000000,0.000000,0.000000,0.000000,0.000000,0.000000,0.000000,0.000000,0.000000,0.000000,0.000000,0.000000,0.000000,0.000000,0.000000,0.000000,0.000000,0.000000,0.000000,0.000000,0.000000,0.000000,0.000000,0.000000,0.000000,0.000000,0.000000,0.000000,0.000000,0.000000,0.000000,0.000000,0.000000,0.000000,0.000000,0.000000,0.000000,0.000000,0.000000,0.000000,0.000000,0.000000
139,1694951213.675038,0,38.6988,38.6988,3.5390,0.0000,27.3390,1442.1481,,14327.5031,1.7235,96.6211,300.1043,99.3148,89.4104,115.7443,162.5797,0.051112,0.571730,0.639826,-0.000000,0.501806,0.617135,-0.043117,0.452987,0.515769,-0.061194,0.440023,0.392968,-0.066034,0.447492,0.320001,-0.066489,0.552538,0.416688,-0.082915,0.488319,0.287476,-0.093873,0.442459,0.257741,-0.089686,0.416577,0.245385,-0.084764,0.593888,0.381658,-0.061445,0.568339,0.200603,-0.081558,0.524164,0.208219,-0.074196,0.498649,0.246937,-0.061915,0.612343,0.371520,-0.038568,0.596353,0.211065,-0.055939,0.554587,0.222832,-0.049644,0.533189,0.258790,-0.038417,0.615497,0.379567,-0.017189,0.605345,0.262968,-0.030158,0.572901,0.248999,-0.030006,0.552321,0.261684,-0.025266
140,1694951213.683371,0,-38.3091,-38.3091,-4.9963,-8.5353,31.2949,1233.9685,11.8907,14302.5456,1.4912,96.7454,294.8110,94.7865,84.1536,109.8598,156.2045,0.052809,0.569257,0.660473,-0.000000,0.498787,0.621827,-0.044034,0.453476,0.520596,-0.063015,0.438534,0.398788,-0.069202,0.441053,0.317888,-0.070413,0.550664,0.425580,-0.081965,0.485616,0.289245,-0.093601,0.440259,0.261910,-0.090180,0.414517,0.250901,-0.085368,0.592810,0.388772,-0.060640,0.567792,0.204140,-0.081317,0.521437,0.202092,-0.076410,0.491174,0.238989,-0.066065,0.611441,0.378626,-0.037935,0.596478,0.215496,-0.054024,0.553883,0.219986,-0.047522,0.528636,0.253489,-0.036346,0.613680,0.387979,-0.017066,0.605664,0.268592,-0.026870,0.573638,0.252308,-0.024208,0.550221,0.268027,-0.017834
141,1694951213.691705,0,31.1243,31.1243,15.2317,20.2280,32.9565,1115.2149,40.0251,14438.3291,2.4559,94.9784,287.4166,88.7840,76.4868,103.7464,151.6436,0.060183,0.569107,0.666369,-0.000000,0.500479,0.628296,-0.041211,0.451425,0.524296,-0.059048,0.434178,0.399258,-0.064919,0.443420,0.319559,-0.065794,0.549347,0.421102,-0.078208,0.481158,0.288753,-0.088119,0.434023,0.264557,-0.082028,0.409532,0.257953,-0.075491,0.591988,0.384166,-0.058032,0.560681,0.201757,-0.078363,0.513448,0.203315,-0.071071,0.486413,0.241372,-0.058796,0.611542,0.376398,-0.036344,0.591341,0.214835,-0.053759,0.546687,0.217879,-0.045885,0.522039,0.250893,-0.033296,0.614967,0.389120,-0.016138,0.603842,0.266065,-0.027560,0.569720,0.247776,-0.024751,0.545852,0.261427,-0.017820
142,1694951213.700038,0,-37.9886,-37.9886,-16.5034,-31.7352,34.8412,946.7385,46.8911,16218.1188,1.4990,94.3465,280.9372,80.5585,67.4918,96.4682,145.2270,0.065421,0.569389,0.655558,-0.000000,0.497239,0.628970,-0.043114,0.446842,0.530072,-0.063045,0.430000,0.406127,-0.070926,0.439667,0.328832,-0.074104,0.546746,0.425150,-0.080066,0.475686,0.297998,-0.091870,0.427450,0.274216,-0.088575,0.402242,0.266627,-0.084302,0.588584,0.384364,-0.059645,0.558877,0.205379,-0.081193,0.511996,0.204716,-0.076194,0.484302,0.243200,-0.065943,0.607807,0.374457,-0.037781,0.588773,0.215138,-0.056071,0.544242,0.218596,-0.049834,0.519976,0.253867,-0.038674,0.612208,0.385773,-0.017511,0.600202,0.265487,-0.030222,0.565569,0.248442,-0.028850,0.541512,0.261781,-0.023083
143,1694951213.708371,0,-32.0812,-32.0812,-17.6950,-1.1916,34.9541,1253.9546,27.0256,13037.5293,1.8973,88.3580,268.5061,76.3302,58.1534,85.7959,134.2518,0.073759,0.569017,0.645916,-0.000000,0.498290,0.626497,-0.045461,0.446285,0.529188,-0.065504,0.428204,0.405245,-0.071867,0.438558,0.329566,-0.072840,0.543828,0.425381,-0.087374,0.472629,0.300888,-0.095275,0.424732,0.279022,-0.084985,0.399050,0.279584,-0.075633,0.584859,0.388668,-0.064636,0.552209,0.209029,-0.083790,0.507462,0.209092,-0.074686,0.481261,0.244012,-0.061909,0.604155,0.378556,-0.040110,0.582911,0.212753,-0.058383,0.539722,0.217654,-0.051032,0.515921,0.252290,-0.039109,0.608519,0.388867,-0.016960,0.596061,0.260056,-0.031032,0.562779,0.244577,-0.030007,0.540479,0.258673,-0.024503
144,1694951213.716705,0,-30.1340,-30.1340,2.0438,19.7388,26.4962,1030.7250,47.4433,13471.6188,1.3948,89.4344,265.7936,68.8908,52.1612,84.3904,136.1137,0.083237,0.570250,0.654834,-0.000000,0.496725,0.632042,-0.043654,0.443455,0.536405,-0.062633,0.423866,0.413474,-0.069004,0.432132,0.336648,-0.070030,0.542922,0.426099,-0.079854,0.467890,0.304199,-0.086914,0.420153,0.284030,-0.077948,0.395418,0.278662,-0.070051,0.584656,0.384293,-0.058318,0.550939,0.210182,-0.077729,0.505423,0.211728,-0.070971,0.478601,0.247316,-0.059678,0.603917,0.372556,-0.035012,0.581389,0.215424,-0.052738,0.538339,0.221630,-0.046682,0.514841,0.257696,-0.035655,0.607945,0.383143,-0.013172,0.593913,0.261511,-0.027042,0.560501,0.247856,-0.026440,0.537562,0.264735,-0.020958
145,1694951213.725038,0,-26.7308,-26.7308,-14.4638,-16.5076,25.4076,1125.2100,55.2754,14044.3174,1.6015,90.2006,251.9830,64.4759,46.1812,80.9844,133.4188,0.082070,0.567035,0.648440,-0.000000,0.496013,0.629608,-0.048965,0.442287,0.535730,-0.070410,0.420592,0.416639,-0.078010,0.428460,0.339193,-0.079883,0.539483,0.425863,-0.088367,0.465549,0.306408,-0.097255,0.416852,0.285086,-0.087142,0.390716,0.284648,-0.077641,0.581608,0.386192,-0.064581,0.548314,0.213466,-0.084276,0.503465,0.214463,-0.074981,0.477410,0.251505,-0.061796,0.601357,0.375608,-0.039621,0.577409,0.215848,-0.059895,0.534478,0.223132,-0.053293,0.510641,0.260666,-0.041206,0.606486,0.385911,-0.016318,0.592024,0.257740,-0.033019,0.557642,0.243876,-0.032990,0.532852,0.263148,-0.027388
146,1694951213.733371,0,-50.3697,-50.3697,-3.0953,11.3685,8.3027,956.0504,75.6250,11832.2835,2.5688,88.8634,250.6111,57.2554,41.9476,79.7240,131.1426,0.093240,0.564574,0.639265,-0.000000,0.494927,0.628724,-0.051118,0.442167,0.538004,-0.074048,0.420456,0.415079,-0.082287,0.427169,0.334275,-0.085014,0.536192,0.428054,-0.092967,0.465247,0.310833,-0.103096,0.417220,0.285952,-0.095412,0.387048,0.283577,-0.087989,0.576817,0.386530,-0.067806,0.546672,0.218448,-0.087025,0.506160,0.215082,-0.079182,0.479714,0.246759,-0.067861,0.596515,0.374478,-0.041274,0.574340,0.221331,-0.059659,0.535382,0.227086,-0.052398,0.513227,0.264007,-0.040845,0.602056,0.382906,-0.016767,0.588831,0.262948,-0.032421,0.557854,0.247025,-0.032340,0.537135,0.262339,-0.027149
147,1694951213.741705,0,-44.9130,-44.9130,-3.2079,-0.1127,9.1437,645.7180,22.9586,12138.5195,1.5020,88.6350,248.6235,62.4767,37.1558,70.7264,121.8110,0.088931,0.563610,0.644105,-0.000000,0.493205,0.630895,-0.047742,0.440652,0.540481,-0.069985,0.416420,0.420027,-0.078303,0.423327,0.341810,-0.081188,0.534547,0.427532,-0.088998,0.461408,0.309018,-0.097970,0.415004,0.292024,-0.089743,0.389895,0.296070,-0.081990,0.574635,0.387754,-0.065525,0.542017,0.214617,-0.084237,0.499932,0.215814,-0.077831,0.474148,0.250201,-0.067822,0.594204,0.377496,-0.040260,0.573436,0.217420,-0.058299,0.533944,0.227034,-0.053224,0.512370,0.265024,-0.043541,0.598495,0.389145,-0.016429,0.586347,0.269542,-0.031702,0.555021,0.257100,-0.032508,0.533840,0.273238,-0.028409
148,1694951213.750038,0,-29.3934,-29.3934,0.1851,3.3931,9.4808,513.9578,46.7397,10900.9428,1.5157,92.3156,249.9997,58.5889,43.3193,81.3833,132.5537,0.098569,0.562518,0.640750,0.000000,0.490965,0.631851,-0.044124,0.437938,0.544682,-0.063985,0.416782,0.425158,-0.069967,0.426411,0.347942,-0.070853,0.525293,0.425346,-0.081161,0.456628,0.311928,-0.085199,0.415100,0.288652,-0.076557,0.387629,0.283585,-0.069826,0.567135,0.389758,-0.057864,0.535183,0.233000,-0.068236,0.504988,0.212833,-0.061447,0.484406,0.231773,-0.053651,0.590779,0.385855,-0.032559,0.569256,0.238810,-0.042219,0.541416,0.217705,-0.036146,0.524952,0.235976,-0.028554,0.599543,0.398984,-0.008843,0.589342,0.284485,-0.019702,0.570827,0.248178,-0.019450,0.560226,0.242945,-0.015652
149,1694951213.758371,0,33.6437,33.6437,15.0936,14.9085,29.9702,198.8817,15.8154,11238.7370,2.0117,92.1343,243.6843,53.7715,30.0764,69.1086,119.1466,0.099298,0.563134,0.647817,-0.000000,0.492368,0.632816,-0.046780,0.437769,0.544129,-0.067742,0.412412,0.429351,-0.075074,0.420170,0.354311,-0.076902,0.532189,0.423015,-0.086804,0.455421,0.314244,-0.093552,0.408683,0.295126,-0.082073,0.382199,0.295745,-0.071848,0.574624,0.383729,-0.063456,0.537862,0.218153,-0.080361,0.496095,0.218292,-0.069888,0.470224,0.252085,-0.056574,0.595974,0.376817,-0.038408,0.570228,0.220380,-0.056802,0.531461,0.228021,-0.048365,0.509606,0.264837,-0.035420,0.602404,0.392481,-0.014740,0.586625,0.268963,-0.030408,0.554525,0.257624,-0.028359,0.531195,0.277532,-0.021235
150,1694951213.766705,1,38.1566,38.1566,22.1316,7.0379,38.5925,239.1155,68.2379,12213.3355,1.9163,95.1991,244.7607,55.5716,31.3574,70.4253,121.7334,0.095516,0.561382,0.645575,-0.000000,0.490907,0.635024,-0.050320,0.436997,0.542082,-0.070962,0.413745,0.424051,-0.076315,0.421420,0.349622,-0.075993,0.530716,0.424054,-0.091554,0.456590,0.313387,-0.097989,0.409688,0.295404,-0.086819,0.382303,0.297736,-0.076912,0.571115,0.387646,-0.065315,0.537159,0.218314,-0.081485,0.496380,0.215136,-0.071413,0.471611,0.246811,-0.058623,0.591044,0.382389,-0.037403,0.570911,0.222687,-0.054476,0.533170,0.227625,-0.046960,0.512782,0.261261,-0.034931,0.596137,0.397841,-0.011108,0.584767,0.273991,-0.025471,0.555982,0.256123,-0.024504,0.537762,0.267542,-0.018664
151,1694951213.775038,1,-34.5751,-34.5751,2.5845,-19.5471,35.7475,343.2101,2.5167,10368.1377,1.7992,92.6389,244.3249,54.7716,33.9500,75.4702,127.8288,0.099296,0.562724,0.640710,-0.000000,0.491502,0.632603,-0.045843,0.436677,0.543547,-0.066227,0.412670,0.424002,-0.073452,0.421332,0.350003,-0.075646,0.530263,0.423002,-0.083498,0.457703,0.314450,-0.092123,0.410618,0.294199,-0.084278,0.381133,0.294670,-0.076867,0.569948,0.381192,-0.061121,0.535192,0.220779,-0.078551,0.493881,0.220430,-0.071287,0.467478,0.254418,-0.060797,0.589841,0.372140,-0.037307,0.565746,0.216796,-0.056574,0.526768,0.225849,-0.050806,0.505544,0.265082,-0.040007,0.595352,0.386392,-0.014864,0.581173,0.265760,-0.031970,0.550926,0.252699,-0.032112,0.531168,0.269899,-0.026843
152,1694951213.783371,1,32.1934,32.1934,15.3967,12.8122,32.7513,272.8895,53.8280,11554.2068,1.3012,97.0463,242.8583,53.3420,36.7040,79.1256,134.1771,0.105155,0.559322,0.645351,-0.000000,0.489562,0.629565,-0.044199,0.435182,0.545067,-0.064259,0.410994,0.434531,-0.071916,0.417529,0.358957,-0.074541,0.526577,0.423403,-0.078899,0.453273,0.317835,-0.089270,0.407599,0.298906,-0.084124,0.380678,0.295903,-0.078302,0.567892,0.382897,-0.057681,0.534883,0.221088,-0.078719,0.493066,0.221726,-0.074121,0.466632,0.254291,-0.064160,0.588630,0.374762,-0.035074,0.566479,0.224304,-0.055061,0.526474,0.230549,-0.049538,0.503553,0.264909,-0.037980,0.595226,0.389076,-0.013875,0.582325,0.267594,-0.028388,0.552441,0.249733,-0.026505,0.531207,0.262220,-0.019496
153,1694951213.791705,1,38.4748,38.4748,1.2078,-14.1889,28.1843,108.5477,27.7563,10628.2368,1.7201,95.9336,245.3771,52.8939,35.9567,76.2801,128.7793,0.101209,0.562121,0.640987,-0.000000,0.491032,0.632306,-0.046338,0.436695,0.543915,-0.066427,0.413265,0.427201,-0.072781,0.421053,0.352513,-0.074203,0.525575,0.423755,-0.084471,0.453266,0.315643,-0.091876,0.408493,0.294403,-0.084065,0.381584,0.291929,-0.076636,0.566758,0.386519,-0.061017,0.532443,0.221340,-0.076844,0.493096,0.220758,-0.069119,0.469049,0.252892,-0.058185,0.588323,0.380811,-0.036012,0.565878,0.225193,-0.052588,0.529193,0.233174,-0.046474,0.509878,0.266850,-0.035615,0.595185,0.395028,-0.012377,0.582964,0.272365,-0.025494,0.554156,0.253837,-0.024353,0.535968,0.262886,-0.018757
154,1694951213.800038,1,-39.8270,-39.8270,-19.4959,-20.7037,36.1034,94.2943,41.3693,10639.3104,1.6950,96.8704,245.3635,54.6210,33.5259,75.4488,128.6416,0.095644,0.561666,0.640938,-0.000000,0.492218,0.635297,-0.049207,0.437156,0.543141,-0.069238,0.412910,0.423749,-0.074998,0.421892,0.350159,-0.075767,0.527140,0.423541,-0.084492,0.455927,0.318026,-0.092496,0.409869,0.298278,-0.085820,0.382096,0.295679,-0.079625,0.567053,0.384315,-0.059965,0.532462,0.222044,-0.076565,0.490604,0.221230,-0.069845,0.465226,0.252874,-0.059957,0.587031,0.376893,-0.034380,0.563876,0.223665,-0.052439,0.525830,0.231579,-0.047615,0.506691,0.266679,-0.037670,0.592656,0.390066,-0.010513,0.578992,0.269651,-0.025881,0.549082,0.253822,-0.026421,0.530934,0.266566,-0.021953
155,1694951213.808371,1,-17.0774,-17.0774,4.3744,23.8703,33.1764,248.6489,80.7634,11641.9877,1.3083,96.8025,248.3973,59.6235,40.8834,79.5989,133.9034,0.094329,0.561577,0.642423,-0.000000,0.492372,0.636057,-0.047718,0.437791,0.542014,-0.067708,0.414067,0.421804,-0.073342,0.422883,0.347307,-0.073633,0.526565,0.423507,-0.085215,0.456455,0.314865,-0.091023,0.411043,0.296615,-0.081119,0.384769,0.296137,-0.072830,0.567593,0.386233,-0.060545,0.531211,0.223472,-0.076726,0.488059,0.226730,-0.068482,0.462622,0.259180,-0.057352,0.588433,0.379594,-0.034281,0.564108,0.227316,-0.050193,0.523838,0.233614,-0.043614,0.502445,0.266103,-0.032976,0.595069,0.393250,-0.009605,0.581409,0.270838,-0.021951,0.551212,0.249716,-0.021226,0.532419,0.255567,-0.016455
156,1694951213.816705,1,-39.5397,-39.5397,-17.9333,-22.3077,34.1323,342.1129,26.9003,9664.2294,1.0589,94.2894,247.9613,54.2705,34.1275,73.6418,123.7375,0.096441,0.561845,0.641091,-0.000000,0.492079,0.632882,-0.050153,0.437455,0.541753,-0.070777,0.412425,0.424712,-0.076701,0.419835,0.350329,-0.077191,0.527660,0.421986,-0.086449,0.454447,0.314010,-0.092877,0.407975,0.294614,-0.083537,0.380480,0.293078,-0.075204,0.567771,0.386288,-0.060472,0.533486,0.222421,-0.076146,0.491769,0.220807,-0.068070,0.465653,0.251317,-0.057009,0.587888,0.381602,-0.033237,0.566168,0.227230,-0.050261,0.527962,0.234172,-0.045017,0.507439,0.268406,-0.034698,0.593831,0.395892,-0.007644,0.582470,0.273534,-0.022077,0.555141,0.252776,-0.022699,0.538183,0.259737,-0.018242
157,1694951213.825038,1,-29.9909,-29.9909,-17.1164,0.8169,29.2355,187.8664,15.2817,10996.7709,0.8895,97.3302,245.2372,55.4078,34.8686,76.2987,130.2645,0.100391,0.560197,0.642858,-0.000000,0.490771,0.632511,-0.047543,0.437082,0.541131,-0.068113,0.413849,0.422083,-0.074846,0.420975,0.347253,-0.076377,0.526437,0.424847,-0.085318,0.453886,0.315415,-0.093008,0.408301,0.295746,-0.084189,0.382219,0.294530,-0.076136,0.567156,0.388158,-0.061856,0.532688,0.221398,-0.079418,0.489879,0.216910,-0.071593,0.462893,0.246329,-0.060319,0.588237,0.382083,-0.037054,0.566047,0.227501,-0.054667,0.526028,0.228961,-0.048444,0.503733,0.259656,-0.037424,0.595626,0.396395,-0.013855,0.582868,0.273086,-0.027820,0.553474,0.249939,-0.027191,0.534634,0.255375,-0.021931
158,1694951213.833371,1,-37.0626,-37.0626,0.6911,17.8075,8.5792,130.8613,54.2996,12205.9996,1.6330,97.1173,246.5159,59.9945,36.2595,75.3588,127.1782,0.084768,0.562042,0.647340,-0.000000,0.493574,0.634868,-0.046636,0.439754,0.542755,-0.067415,0.414595,0.423915,-0.074726,0.420704,0.345818,-0.076984,0.528151,0.428438,-0.083789,0.457512,0.320298,-0.093777,0.411511,0.300095,-0.088088,0.385070,0.296626,-0.082140,0.568504,0.390018,-0.061127,0.536153,0.221403,-0.080791,0.494355,0.217939,-0.074957,0.469544,0.248584,-0.064761,0.589031,0.382276,-0.037110,0.567127,0.228528,-0.055578,0.528647,0.231554,-0.049634,0.508985,0.263318,-0.038584,0.595654,0.395272,-0.014697,0.582643,0.273064,-0.028063,0.553267,0.253074,-0.026684,0.535392,0.261871,-0.020917
159,1694951213.841705,1,-33.0328,-33.0328,-3.9889,-4.6800,7.8497,151.7365,72.1745,10897.2499,1.6747,97.1790,245.6114,55.9768,33.0733,71.5372,122.9169,0.094594,0.562668,0.643981,-0.000000,0.493562,0.632243,-0.049159,0.438940,0.539705,-0.070226,0.413832,0.420223,-0.076872,0.423571,0.347202,-0.077890,0.530933,0.421531,-0.087306,0.458087,0.312543,-0.093301,0.411648,0.293734,-0.081581,0.383378,0.296263,-0.071317,0.570768,0.385279,-0.062096,0.534671,0.221804,-0.077958,0.493687,0.221090,-0.068016,0.467496,0.253156,-0.055425,0.591255,0.379772,-0.035478,0.567674,0.223402,-0.053210,0.529054,0.228825,-0.046826,0.506992,0.264433,-0.035562,0.597747,0.394250,-0.010357,0.583404,0.271510,-0.025812,0.552464,0.254209,-0.026047,0.531718,0.266138,-0.021101
160,1694951213.850038,1,-37.1746,-37.1746,0.5913,4.5801,3.4031,326.9383,67.7363,10837.1330,1.4722,96.8117,243.5394,56.1618,33.1034,69.5195,120.2340,0.091212,0.561150,0.644264,-0.000000,0.492612,0.630527,-0.049485,0.439111,0.540542,-0.070843,0.413644,0.421274,-0.077340,0.419488,0.341802,-0.077685,0.530385,0.423849,-0.091002,0.457162,0.311459,-0.098422,0.410307,0.293652,-0.086669,0.384478,0.296817,-0.076092,0.571435,0.386513,-0.066169,0.536583,0.214451,-0.083901,0.493746,0.214310,-0.073120,0.468329,0.248204,-0.059476,0.592098,0.379555,-0.039817,0.570500,0.218244,-0.058160,0.531171,0.226064,-0.049718,0.510100,0.263008,-0.036752,0.598313,0.395359,-0.015095,0.586793,0.268990,-0.029846,0.556629,0.253679,-0.028447,0.536811,0.269908,-0.022250
161,1694951213.858371,0,-34.9151,-34.9151,-1.2311,-1.8223,2.6965,483.9626,15.5367,10971.1687,2.1498,96.4954,256.6988,62.0049,49.8785,87.1255,138.2890,0.095105,0.563707,0.639279,0.000000,0.493859,0.630417,-0.049473,0.439534,0.541263,-0.072474,0.416593,0.420340,-0.080745,0.424509,0.340337,-0.083797,0.529757,0.428335,-0.088707,0.459586,0.308561,-0.097709,0.414298,0.282786,-0.090601,0.388234,0.279032,-0.083516,0.571158,0.393049,-0.063465,0.538751,0.222913,-0.080709,0.498696,0.222082,-0.072647,0.473997,0.254018,-0.061131,0.592923,0.385765,-0.036871,0.572431,0.230026,-0.051894,0.533812,0.229705,-0.044245,0.512126,0.260668,-0.033077,0.600038,0.396624,-0.012185,0.584570,0.279685,-0.024406,0.553409,0.260798,-0.023263,0.534036,0.270794,-0.017849
162,1694951213.866705,0,40.0593,40.0593,19.2805,20.5115,30.2808,332.3244,3.0431,12335.3805,1.5505,93.2562,257.9102,67.4825,47.5650,80.0287,130.4870,0.086774,0.564683,0.642115,-0.000000,0.496135,0.628592,-0.046867,0.444086,0.539246,-0.068546,0.419229,0.420943,-0.076887,0.423275,0.339440,-0.080215,0.533527,0.426216,-0.085333,0.464289,0.310128,-0.095388,0.418529,0.290330,-0.089458,0.393932,0.289311,-0.083284,0.573622,0.386997,-0.062583,0.539759,0.216835,-0.080707,0.498152,0.218876,-0.073625,0.474294,0.253214,-0.063076,0.594111,0.377566,-0.038588,0.571966,0.217540,-0.055780,0.531737,0.225171,-0.049368,0.510050,0.259925,-0.038856,0.600288,0.388853,-0.016229,0.587924,0.267363,-0.029742,0.554637,0.254958,-0.029121,0.532115,0.271644,-0.024257
163,1694951213.875038,0,33.8237,33.8237,16.7141,-2.5663,35.3434,398.0957,83.9637,12298.0138,1.8482,91.0455,257.6887,68.4749,47.1859,78.8295,130.2178,0.085110,0.566810,0.658617,-0.000000,0.496295,0.632890,-0.042895,0.443746,0.539428,-0.063306,0.420196,0.415832,-0.071353,0.426809,0.333282,-0.074206,0.536673,0.427076,-0.081043,0.465513,0.306733,-0.090880,0.419873,0.289143,-0.084767,0.395388,0.288649,-0.078220,0.577767,0.387761,-0.059762,0.540528,0.216738,-0.078288,0.496160,0.222489,-0.070583,0.470805,0.262265,-0.059084,0.598977,0.380163,-0.036852,0.576187,0.219824,-0.052821,0.532396,0.226394,-0.044484,0.508483,0.262565,-0.032480,0.606263,0.394363,-0.015425,0.595233,0.272432,-0.025683,0.561679,0.256183,-0.022713,0.538841,0.268935,-0.016343
164,1694951213.883371,0,-27.9610,-27.9610,2.3034,-14.4107,34.6256,405.7022,12.2314,12850.6354,1.9561,90.8110,247.7336,71.0119,46.3429,74.4469,124.8913,0.074114,0.566872,0.647807,-0.000000,0.498188,0.633056,-0.045672,0.445381,0.538657,-0.066253,0.422784,0.417650,-0.073730,0.428768,0.341223,-0.075969,0.538656,0.429531,-0.086227,0.468363,0.312335,-0.096064,0.421641,0.293867,-0.087573,0.394359,0.297487,-0.079285,0.579439,0.389242,-0.064821,0.546598,0.218025,-0.084546,0.504294,0.219230,-0.077540,0.478094,0.253013,-0.066578,0.599545,0.377334,-0.041860,0.574594,0.218874,-0.061422,0.534482,0.229187,-0.055429,0.512602,0.268288,-0.044531,0.604892,0.388229,-0.020361,0.590966,0.265092,-0.036689,0.559759,0.251802,-0.036832,0.538669,0.268129,-0.031821
165,1694951213.891705,0,-29.7720,-29.7720,1.2858,-1.0176,33.3635,494.4600,54.0131,11051.1456,2.5909,93.3117,253.3724,67.7413,46.1410,76.3851,125.3657,0.078459,0.570043,0.647610,-0.000000,0.500298,0.630301,-0.046595,0.445939,0.539139,-0.067187,0.423626,0.421827,-0.074795,0.431497,0.344940,-0.076948,0.541503,0.423728,-0.081956,0.466180,0.306158,-0.089643,0.418685,0.287226,-0.080087,0.393703,0.291012,-0.071022,0.582567,0.386194,-0.058894,0.548913,0.219867,-0.076024,0.506257,0.217947,-0.067464,0.480487,0.250730,-0.055573,0.602469,0.377670,-0.034713,0.578145,0.220899,-0.052667,0.537219,0.225859,-0.045797,0.513939,0.260583,-0.034199,0.608373,0.388384,-0.012145,0.592901,0.262410,-0.027466,0.559822,0.247102,-0.026775,0.536430,0.262344,-0.020879
166,1694951213.900038,0,25.4092,25.4092,-3.6625,-4.9483,30.7154,102.9664,18.1809,11751.2068,2.2853,92.1219,257.3882,74.1291,52.7325,80.7263,129.4814,0.064926,0.568745,0.649505,-0.000000,0.499847,0.629403,-0.046211,0.448057,0.534508,-0.066237,0.427125,0.413733,-0.072451,0.434691,0.337579,-0.073123,0.542443,0.428873,-0.087336,0.471802,0.308240,-0.095199,0.425138,0.285535,-0.084527,0.397484,0.285598,-0.074599,0.583766,0.391177,-0.064302,0.550149,0.217384,-0.081823,0.508323,0.218083,-0.071934,0.482118,0.252395,-0.058809,0.604162,0.380578,-0.039667,0.579517,0.219654,-0.057448,0.539425,0.226968,-0.049808,0.516114,0.262952,-0.037701,0.609823,0.390540,-0.016489,0.595089,0.265705,-0.030807,0.562069,0.254083,-0.029594,0.538300,0.273036,-0.023709
167,1694951213.908371,0,35.6720,35.6720,0.4621,4.1246,29.8463,535.5663,26.9061,14118.4145,2.5723,94.8804,274.4912,87.4709,69.3070,94.2697,141.9196,0.066664,0.568043,0.640372,-0.000000,0.500455,0.627332,-0.050026,0.447871,0.531309,-0.072054,0.428039,0.405799,-0.079131,0.441893,0.332201,-0.080846,0.545261,0.428876,-0.091159,0.479626,0.305875,-0.100353,0.433492,0.280909,-0.092735,0.407685,0.275236,-0.085942,0.584935,0.393515,-0.065834,0.554570,0.218440,-0.084212,0.512283,0.220410,-0.076617,0.487742,0.253712,-0.065835,0.603691,0.384329,-0.039059,0.584786,0.221637,-0.056872,0.544738,0.229649,-0.051596,0.523021,0.267321,-0.041712,0.607649,0.394843,-0.014014,0.596560,0.272203,-0.028835,0.565984,0.256418,-0.030551,0.545719,0.269773,-0.027426
168,1694951213.916705,0,-29.9582,-29.9582,-0.4993,-0.9614,29.4693,1047.7902,73.7016,13899.1378,3.4791,91.4344,281.0510,87.9906,70.5882,96.1461,143.4537,0.064435,0.569848,0.644146,-0.000000,0.498220,0.623488,-0.048202,0.449233,0.528282,-0.069207,0.431615,0.406952,-0.075717,0.442643,0.329539,-0.076667,0.544960,0.424545,-0.089226,0.478189,0.298841,-0.095819,0.433833,0.275923,-0.085097,0.410569,0.271757,-0.075939,0.586216,0.390349,-0.064794,0.555539,0.215092,-0.081438,0.514228,0.213606,-0.072222,0.490262,0.247342,-0.060113,0.606157,0.383658,-0.038720,0.586365,0.222595,-0.054951,0.547612,0.227107,-0.048802,0.526415,0.261267,-0.038405,0.611290,0.395696,-0.014236,0.600764,0.274518,-0.027773,0.569907,0.258962,-0.028213,0.548455,0.274451,-0.024078
169,1694951213.925038,0,-23.4775,-23.4775,1.5736,2.0729,28.8280,497.4091,24.6703,12955.2165,2.6272,89.4066,268.3839,84.2124,65.2598,90.4112,137.5157,0.051101,0.573025,0.654404,-0.000000,0.502238,0.622556,-0.045107,0.450550,0.525006,-0.065010,0.430395,0.407700,-0.071802,0.440341,0.331644,-0.072916,0.546509,0.420330,-0.083662,0.476704,0.293374,-0.092188,0.430111,0.272187,-0.082205,0.406300,0.273534,-0.072559,0.589405,0.386204,-0.060931,0.557789,0.210871,-0.079705,0.513891,0.216344,-0.069768,0.489148,0.256590,-0.055748,0.610070,0.379718,-0.036829,0.589751,0.218930,-0.054629,0.547399,0.223962,-0.046535,0.523189,0.259289,-0.033712,0.614723,0.392472,-0.014226,0.602400,0.269464,-0.027882,0.568258,0.256028,-0.026389,0.543098,0.274090,-0.020051
170,1694951213.933371,0,-27.2299,-27.2299,-13.1598,-14.7334,28.3956,777.3940,17.3536,13055.0494,2.0323,91.6451,275.2800,85.2437,67.4173,91.8885,137.8976,0.057573,0.572609,0.651273,-0.000000,0.502297,0.624599,-0.043290,0.451548,0.521660,-0.060168,0.435269,0.398829,-0.063521,0.445323,0.323797,-0.061461,0.547159,0.423148,-0.082365,0.480360,0.295072,-0.090217,0.433203,0.272034,-0.080607,0.407306,0.268581,-0.071499,0.589697,0.388643,-0.059801,0.559248,0.208709,-0.077400,0.515088,0.213570,-0.066382,0.489820,0.251767,-0.051676,0.610341,0.381574,-0.035812,0.590518,0.219647,-0.052822,0.548571,0.227056,-0.044074,0.525402,0.260870,-0.030707,0.615485,0.393471,-0.013210,0.603298,0.270061,-0.026209,0.570033,0.255255,-0.024622,0.547157,0.269765,-0.018339
171,1694951213.941705,0,-25.7745,-25.7745,-15.3616,-2.2019,25.0014,774.0916,12.0345,13960.4110,2.4463,91.7315,281.9609,88.3571,73.0538,98.0296,144.3853,0.052996,0.571575,0.652989,-0.000000,0.500814,0.621629,-0.044299,0.452118,0.519146,-0.060766,0.436948,0.399412,-0.063711,0.444563,0.323270,-0.061264,0.549859,0.418637,-0.079517,0.482037,0.293410,-0.087610,0.435002,0.269075,-0.079402,0.408672,0.263776,-0.070924,0.592163,0.386664,-0.056040,0.563291,0.209755,-0.074117,0.518059,0.209776,-0.064327,0.490701,0.244869,-0.050042,0.611444,0.382438,-0.031523,0.593279,0.223576,-0.049195,0.550404,0.227666,-0.041389,0.525525,0.258418,-0.027901,0.615053,0.396695,-0.008462,0.603797,0.273201,-0.020991,0.570505,0.254215,-0.018966,0.546612,0.265654,-0.011959
172,1694951213.950038,0,-28.5118,-28.5118,0.3616,15.7232,2.2360,477.1763,24.3121,14217.0753,1.7615,94.4606,286.8519,94.5835,83.6030,110.5403,156.3742,0.056213,0.569482,0.639166,-0.000000,0.503119,0.616013,-0.047905,0.454003,0.515665,-0.067200,0.437299,0.395174,-0.072014,0.445404,0.318489,-0.071525,0.549764,0.417958,-0.085258,0.483693,0.292351,-0.094011,0.438690,0.260459,-0.086851,0.410795,0.249244,-0.079657,0.591549,0.385647,-0.060089,0.565177,0.211895,-0.078114,0.525195,0.206380,-0.070855,0.497957,0.237661,-0.059111,0.610782,0.379012,-0.033580,0.592344,0.223095,-0.050513,0.553860,0.225690,-0.044605,0.529913,0.259738,-0.033267,0.614741,0.389144,-0.008728,0.603172,0.271092,-0.022049,0.573837,0.251641,-0.021785,0.552144,0.263032,-0.016298
173,1694951213.958371,0,,,0.0000,0.0000,0.0000,0.0000,,,,,,,,,,,0.000000,0.000000,0.000000,0.000000,0.000000,0.000000,0.000000,0.000000,0.000000,0.000000,0.000000,0.000000,0.000000,0.000000,0.000000,0.000000,0.000000,0.000000,0.000000,0.000000,0.000000,0.000000,0.000000,0.000000,0.000000,0.000000,0.000000,0.000000,0.000000,0.000000,0.000000,0.000000,0.000000,0.000000,0.000000,0.000000,0.000000,0.000000,0.000000,0.000000,0.000000,0.000000,0.000000,0.000000,0.000000,0.000000,0.000000,0.000000,0.000000,0.000000,0.000000,0.000000,0.000000,0.000000,0.000000,0.000000,0.000000,0.000000,0.000000,0.000000,0.000000,0.000000,0.000000
174,1694951213.966705,0,10.4950,10.4950,8.4931,0.0000,14.7922,1006.8561,,14466.3760,2.6302,88.1435,301.2657,106.0157,90.4561,112.8413,158.5789,0.043358,0.570923,0.652052,-0.000000,0.501513,0.615821,-0.041338,0.453725,0.509618,-0.055532,0.440400,0.387726,-0.057404,0.448432,0.311654,-0.054350,0.552178,0.406501,-0.070234,0.487070,0.281647,-0.076812,0.442755,0.259489,-0.069591,0.420866,0.253019,-0.062284,0.594020,0.378875,-0.048260,0.567452,0.204966,-0.065551,0.523064,0.207387,-0.057337,0.497970,0.244342,-0.044197,0.612955,0.377276,-0.025548,0.597517,0.219663,-0.042063,0.554528,0.221944,-0.036347,0.530155,0.252647,-0.024550,0.617179,0.392792,-0.004306,0.608512,0.268747,-0.015498,0.576193,0.248873,-0.014304,0.553146,0.260922,-0.008260
175,1694951213.975038,0,,,0.0000,0.0000,0.0000,0.0000,,,,,,,,,,,0.000000,0.000000,0.000000,0.000000,0.000000,0.000000,0.000000,0.000000,0.000000,0.000000,0.000000,0.000000,0.000000,0.000000,0.000000,0.000000,0.000000,0.000000,0.000000,0.000000,0.000000,0.000000,0.000000,0.000000,0.000000,0.000000,0.000000,0.000000,0.000000,0.000000,0.000000,0.000000,0.000000,0.000000,0.000000,0.000000,0.000000,0.000000,0.000000,0.000000,0.000000,0.000000,0.000000,0.000000,0.000000,0.000000,0.000000,0.000000,0.000000,0.000000,0.000000,0.000000,0.000000,0.000000,0.000000,0.000000,0.000000,0.000000,0.000000,0.000000,0.000000,0.000000,0.000000
176,1694951213.983371,0,-11.3486,-11.3486,3.9703,0.0000,14.8371,656.7449,,15348.6687,2.2904,87.3202,309.0256,116.4603,104.1380,126.3039,169.8980,0.040861,0.568445,0.643015,-0.000000,0.501353,0.606776,-0.040116,0.452950,0.502294,-0.055021,0.441043,0.381887,-0.057100,0.452568,0.309069,-0.054369,0.550792,0.403063,-0.071793,0.493869,0.279547,-0.077144,0.451051,0.252894,-0.069930,0.426082,0.240070,-0.063512,0.592885,0.376045,-0.049413,0.569879,0.203416,-0.062472,0.527443,0.209120,-0.052371,0.502172,0.244420,-0.039335,0.612749,0.375694,-0.025733,0.599120,0.216830,-0.037925,0.558119,0.223008,-0.030091,0.533996,0.255344,-0.018633,0.616837,0.391682,-0.003450,0.607614,0.273221,-0.012942,0.575202,0.255706,-0.011481,0.552326,0.263531,-0.006200
177,1694951213.991705,1,,,0.0000,0.0000,0.0000,0.0000,,,,,,,,,,,0.000000,0.000000,0.000000,0.000000,0.000000,0.000000,0.000000,0.000000,0.000000,0.000000,0.000000,0.000000,0.000000,0.000000,0.000000,0.000000,0.000000,0.000000,0.000000,0.000000,0.000000,0.000000,0.000000,0.000000,0.000000,0.000000,0.000000,0.000000,0.000000,0.000000,0.000000,0.000000,0.000000,0.000000,0.000000,0.000000,0.000000,0.000000,0.000000,0.000000,0.000000,0.000000,0.000000,0.000000,0.000000,0.000000,0.000000,0.000000,0.000000,0.000000,0.000000,0.000000,0.000000,0.000000,0.000000,0.000000,0.000000,0.000000,0.000000,0.000000,0.000000,0.000000,0.000000
178,1694951214.000038,1,,,0.0000,0.0000,0.0000,0.0000,,,,,,,,,,,0.000000,0.000000,0.000000,0.000000,0.000000,0.000000,0.000000,0.000000,0.000000,0.000000,0.000000,0.000000,0.000000,0.000000,0.000000,0.000000,0.000000,0.000000,0.000000,0.000000,0.000000,0.000000,0.000000,0.000000,0.000000,0.000000,0.000000,0.000000,0.000000,0.000000,0.000000,0.000000,0.000000,0.000000,0.000000,0.000000,0.000000,0.000000,0.000000,0.000000,0.000000,0.000000,0.000000,0.000000,0.000000,0.000000,0.000000,0.000000,0.000000,0.000000,0.000000,0.000000,0.000000,0.000000,0.000000,0.000000,0.000000,0.000000,0.000000,0.000000,0.000000,0.000000,0.000000
179,1694951214.008371,1,,,0.0000,0.0000,0.0000,0.0000,,,,,,,,,,,0.000000,0.000000,0.000000,0.000000,0.000000,0.000000,0.000000,0.000000,0.000000,0.000000,0.000000,0.000000,0.000000,0.000000,0.000000,0.000000,0.000000,0.000000,0.000000,0.000000,0.000000,0.000000,0.000000,0.000000,0.000000,0.000000,0.000000,0.000000,0.000000,0.000000,0.000000,0.000000,0.000000,0.000000,0.000000,0.000000,0.000000,0.000000,0.000000,0.000000,0.000000,0.000000,0.000000,0.000000,0.000000,0.000000,0.000000,0.000000,0.000000,0.000000,0.000000,0.000000,0.000000,0.000000,0.000000,0.000000,0.000000,0.000000,0.000000,0.000000,0.000000,0.000000,0.000000
180,1694951214.016705,1,10.9596,10.9596,9.1835,0.0000,17.0054,457.6605,,15430.3789,1.8603,90.8480,310.8669,116.7430,104.5953,126.7145,169.9237,0.041271,0.571126,0.639140,-0.000000,0.502309,0.601719,-0.037087,0.455145,0.494291,-0.049532,0.444357,0.373878,-0.050441,0.453518,0.300000,-0.047036,0.552164,0.394205,-0.063942,0.491129,0.274920,-0.070268,0.449063,0.250303,-0.065534,0.426690,0.239104,-0.060278,0.594016,0.367733,-0.043558,0.570155,0.198815,-0.057565,0.528215,0.199849,-0.049369,0.503461,0.235497,-0.036918,0.613493,0.368478,-0.022335,0.600325,0.216994,-0.035678,0.558957,0.216637,-0.028807,0.535057,0.245331,-0.016934,0.617891,0.385548,-0.002387,0.609212,0.268731,-0.011508,0.576851,0.249050,-0.008838,0.553420,0.259538,-0.001942
181,1694951214.025038,1,,,0.0000,0.0000,0.0000,0.0000,,,,,,,,,,,0.000000,0.000000,0.000000,0.000000,0.000000,0.000000,0.000000,0.000000,0.000000,0.000000,0.000000,0.000000,0.000000,0.000000,0.000000,0.000000,0.000000,0.000000,0.000000,0.000000,0.000000,0.000000,0.000000,0.000000,0.000000,0.000000,0.000000,0.000000,0.000000,0.000000,0.000000,0.000000,0.000000,0.000000,0.000000,0.000000,0.000000,0.000000,0.000000,0.000000,0.000000,0.000000,0.000000,0.000000,0.000000,0.000000,0.000000,0.000000,0.000000,0.000000,0.000000,0.000000,0.000000,0.000000,0.000000,0.000000,0.000000,0.000000,0.000000,0.000000,0.000000,0.000000,0.000000
182,1694951214.033371,1,,,0.0000,0.0000,0.0000,0.0000,,,,,,,,,,,0.000000,0.000000,0.000000,0.000000,0.000000,0.000000,0.000000,0.000000,0.000000,0.000000,0.000000,0.000000,0.000000,0.000000,0.000000,0.000000,0.000000,0.000000,0.000000,0.000000,0.000000,0.000000,0.000000,0.000000,0.000000,0.000000,0.000000,0.000000,0.000000,0.000000,0.000000,0.000000,0.000000,0.000000,0.000000,0.000000,0.000000,0.000000,0.000000,0.000000,0.000000,0.000000,0.000000,0.000000,0.000000,0.000000,0.000000,0.000000,0.000000,0.000000,0.000000,0.000000,0.000000,0.000000,0.000000,0.000000,0.000000,0.000000,0.000000,0.000000,0.000000,0.000000,0.000000
183,1694951214.041705,1,-25.9261,-25.9261,0.6464,0.0000,17.0357,307.7218,,14862.8331,1.7161,100.8457,313.1716,112.5684,105.2371,132.0237,178.1035,0.050386,0.569127,0.628493,-0.000000,0.502894,0.597265,-0.044513,0.457229,0.491030,-0.058817,0.445134,0.371861,-0.059021,0.451379,0.295159,-0.054090,0.551293,0.396088,-0.075010,0.491726,0.277335,-0.084498,0.447168,0.244682,-0.081242,0.420695,0.225848,-0.076790,0.592908,0.369867,-0.050894,0.568294,0.199807,-0.067120,0.523765,0.200995,-0.059503,0.497121,0.235572,-0.047624,0.610640,0.369093,-0.026334,0.596961,0.213792,-0.043296,0.554236,0.220070,-0.038886,0.529734,0.253196,-0.028189,0.613005,0.383319,-0.003315,0.605554,0.265054,-0.014515,0.574075,0.249526,-0.013786,0.551649,0.263429,-0.008431
184,1694951214.050038,1,,,0.0000,0.0000,0.0000,0.0000,,,,,,,,,,,0.000000,0.000000,0.000000,0.000000,0.000000,0.000000,0.000000,0.000000,0.000000,0.000000,0.000000,0.000000,0.000000,0.000000,0.000000,0.000000,0.000000,0.000000,0.000000,0.000000,0.000000,0.000000,0.000000,0.000000,0.000000,0.000000,0.000000,0.000000,0.000000,0.000000,0.000000,0.000000,0.000000,0.000000,0.000000,0.000000,0.000000,0.000000,0.000000,0.000000,0.000000,0.000000,0.000000,0.000000,0.000000,0.000000,0.000000,0.000000,0.000000,0.000000,0.000000,0.000000,0.000000,0.000000,0.000000,0.000000,0.000000,0.000000,0.000000,0.000000,0.000000,0.000000,0.000000
185,1694951214.058371,1,,,0.0000,0.0000,0.0000,0.0000,,,,,,,,,,,0.000000,0.000000,0.000000,0.000000,0.000000,0.000000,0.000000,0.000000,0.000000,0.000000,0.000000,0.000000,0.000000,0.000000,0.000000,0.000000,0.000000,0.000000,0.000000,0.000000,0.000000,0.000000,0.000000,0.000000,0.000000,0.000000,0.000000,0.000000,0.000000,0.000000,0.000000,0.000000,0.000000,0.000000,0.000000,0.000000,0.000000,0.000000,0.000000,0.000000,0.000000,0.000000,0.000000,0.000000,0.000000,0.000000,0.000000,0.000000,0.000000,0.000000,0.000000,0.000000,0.000000,0.000000,0.000000,0.000000,0.000000,0.000000,0.000000,0.000000,0.000000,0.000000,0.000000
186,1694951214.066705,1,,,0.0000,0.0000,0.0000,0.0000,,,,,,,,,,,0.000000,0.000000,0.000000,0.000000,0.000000,0.000000,0.000000,0.000000,0.000000,0.000000,0.000000,0.000000,0.000000,0.000000,0.000000,0.000000,0.000000,0.000000,0.000000,0.000000,0.000000,0.000000,0.000000,0.000000,0.000000,0.000000,0.000000,0.000000,0.000000,0.000000,0.000000,0.000000,0.000000,0.000000,0.000000,0.000000,0.000000,0.000000,0.000000,0.000000,0.000000,0.000000,0.000000,0.000000,0.000000,0.000000,0.000000,0.000000,0.000000,0.000000,0.000000,0.000000,0.000000,0.000000,0.000000,0.000000,0.000000,0.000000,0.000000,0.000000,0.000000,0.000000,0.000000
187,1694951214.075038,0,,,0.0000,0.0000,0.0000,0.0000,,,,,,,,,,,0.000000,0.000000,0.000000,0.000000,0.000000,0.000000,0.000000,0.000000,0.000000,0.000000,0.000000,0.000000,0.000000,0.000000,0.000000,0.000000,0.000000,0.000000,0.000000,0.000000,0.000000,0.000000,0.000000,0.000000,0.000000,0.000000,0.000000,0.000000,0.000000,0.000000,0.000000,0.000000,0.000000,0.000000,0.000000,0.000000,0.000000,0.000000,0.000000,0.000000,0.000000,0.000000,0.000000,0.000000,0.000000,0.000000,0.000000,0.000000,0.000000,0.000000,0.000000,0.000000,0.000000,0.000000,0.000000,0.000000,0.000000,0.000000,0.000000,0.000000,0.000000,0.000000,0.000000
188,1694951214.083371,0,19.6793,19.6793,2.2961,0.0000,16.8256,257.4167,,13648.9010,1.5963,88.2917,329.0780,126.1718,114.3675,136.6648,180.5400,0.033675,0.571191,0.652260,-0.000000,0.504288,0.600328,-0.040657,0.460880,0.488557,-0.054336,0.447817,0.368217,-0.054875,0.452996,0.289959,-0.050245,0.556311,0.395203,-0.069887,0.496297,0.268643,-0.074583,0.455903,0.239935,-0.067295,0.433709,0.227798,-0.060181,0.599080,0.369787,-0.045863,0.577401,0.199092,-0.058401,0.534951,0.195310,-0.049065,0.508154,0.228079,-0.035997,0.618341,0.369906,-0.020573,0.607455,0.217496,-0.031590,0.565892,0.212202,-0.023869,0.540116,0.238061,-0.012005,0.621318,0.385312,0.003287,0.614856,0.273380,-0.003513,0.583104,0.249651,-0.000533,0.558591,0.256125,0.006257
189,1694951214.091705,0,,,0.0000,0.0000,0.0000,0.0000,,,,,,,,,,,0.000000,0.000000,0.000000,0.000000,0.000000,0.000000,0.000000,0.000000,0.000000,0.000000,0.000000,0.000000,0.000000,0.000000,0.000000,0.000000,0.000000,0.000000,0.000000,0.000000,0.000000,0.000000,0.000000,0.000000,0.000000,0.000000,0.000000,0.000000,0.000000,0.000000,0.000000,0.000000,0.000000,0.000000,0.000000,0.000000,0.000000,0.000000,0.000000,0.000000,0.000000,0.000000,0.000000,0.000000,0.000000,0.000000,0.000000,0.000000,0.000000,0.000000,0.000000,0.000000,0.000000,0.000000,0.000000,0.000000,0.000000,0.000000,0.000000,0.000000,0.000000,0.000000,0.000000
190,1694951214.100038,0,,,0.0000,0.0000,0.0000,0.0000,,,,,,,,,,,0.000000,0.000000,0.000000,0.000000,0.000000,0.000000,0.000000,0.000000,0.000000,0.000000,0.000000,0.000000,0.000000,0.000000,0.000000,0.000000,0.000000,0.000000,0.000000,0.000000,0.000000,0.000000,0.000000,0.000000,0.000000,0.000000,0.000000,0.000000,0.000000,0.000000,0.000000,0.000000,0.000000,0.000000,0.000000,0.000000,0.000000,0.000000,0.000000,0.000000,0.000000,0.000000,0.000000,0.000000,0.000000,0.000000,0.000000,0.000000,0.000000,0.000000,0.000000,0.000000,0.000000,0.000000,0.000000,0.000000,0.000000,0.000000,0.000000,0.000000,0.000000,0.000000,0.000000
191,1694951214.108371,0,,,0.0000,0.0000,0.0000,0.0000,,,,,,,,,,,0.000000,0.000000,0.000000,0.000000,0.000000,0.000000,0.000000,0.000000,0.000000,0.000000,0.000000,0.000000,0.000000,0.000000,0.000000,0.000000,0.000000,0.000000,0.000000,0.000000,0.000000,0.000000,0.000000,0.000000,0.000000,0.000000,0.000000,0.000000,0.000000,0.000000,0.000000,0.000000,0.000000,0.000000,0.000000,0.000000,0.000000,0.000000,0.000000,0.000000,0.000000,0.000000,0.000000,0.000000,0.000000,0.000000,0.000000,0.000000,0.000000,0.000000,0.000000,0.000000,0.000000,0.000000,0.000000,0.000000,0.000000,0.000000,0.000000,0.000000,0.000000,0.000000,0.000000
192,1694951214.116705,0,14.4360,14.4360,6.4461,0.0000,17.3468,342.1306,,15138.9259,2.4046,92.5363,343.6631,140.4976,130.0140,152.0869,194.9235,0.029549,0.573552,0.653871,-0.000000,0.506386,0.600747,-0.040645,0.465431,0.485395,-0.053810,0.455860,0.359148,-0.054868,0.463245,0.281675,-0.051188,0.561651,0.395406,-0.063697,0.503306,0.262780,-0.068498,0.463972,0.228878,-0.063252,0.442552,0.209817,-0.058218,0.604010,0.368374,-0.041102,0.583788,0.195369,-0.053575,0.542350,0.191267,-0.046858,0.515974,0.224672,-0.035805,0.622842,0.366206,-0.017787,0.612601,0.213790,-0.028302,0.571579,0.209064,-0.022464,0.546723,0.236397,-0.012343,0.626299,0.378779,0.003664,0.621249,0.270037,-0.003510,0.590338,0.248542,-0.002082,0.566979,0.258287,0.003360
193,1694951214.125038,0,17.7180,17.7180,1.6896,-4.7565,16.9118,418.3020,45.2994,14230.2322,3.4173,96.2407,349.0657,148.3220,138.2689,157.4728,197.3874,0.026512,0.572827,0.657038,-0.000000,0.504208,0.600598,-0.040719,0.464678,0.478920,-0.055029,0.461577,0.347640,-0.057076,0.473366,0.270488,-0.054645,0.565652,0.403547,-0.069417,0.509481,0.261254,-0.076510,0.469294,0.225427,-0.072519,0.446730,0.203469,-0.068530,0.608386,0.373945,-0.047816,0.585720,0.194328,-0.063024,0.540633,0.194283,-0.057586,0.513525,0.230590,-0.047582,0.626615,0.367623,-0.025006,0.611505,0.209804,-0.036908,0.567245,0.209602,-0.031270,0.542601,0.239553,-0.021679,0.628753,0.375368,-0.004012,0.619649,0.263468,-0.011660,0.586133,0.244514,-0.010150,0.563713,0.256057,-0.005081
194,1694951214.133371,0,-18.8137,-18.8137,1.7781,0.0885,19.6247,472.3514,53.5991,14724.5669,3.2295,95.7153,355.5526,150.5412,139.4057,159.4667,200.6551,0.023634,0.573444,0.651046,-0.000000,0.505644,0.596141,-0.040635,0.468450,0.474914,-0.054493,0.463960,0.345415,-0.055989,0.471221,0.264496,-0.052851,0.565640,0.398741,-0.068125,0.509548,0.255710,-0.074187,0.470508,0.220289,-0.069180,0.449885,0.200569,-0.064169,0.609110,0.373106,-0.045860,0.588156,0.190851,-0.060288,0.544097,0.190248,-0.054219,0.517841,0.227165,-0.043395,0.627995,0.369939,-0.022422,0.614775,0.209834,-0.033837,0.571590,0.208791,-0.027708,0.548246,0.238640,-0.017428,0.630342,0.379362,-0.000709,0.621323,0.266720,-0.008069,0.587405,0.248249,-0.006323,0.564971,0.260680,-0.000838
195,1694951214.141705,0,28.4247,28.4247,2.1864,0.4083,16.2261,602.2993,55.3753,15359.1744,4.0469,95.3897,358.1372,154.2572,143.2877,162.2078,202.4856,0.024335,0.570311,0.651918,-0.000000,0.503309,0.588561,-0.042944,0.467913,0.470339,-0.058237,0.465433,0.346915,-0.060499,0.468037,0.265997,-0.057948,0.566551,0.396624,-0.071825,0.514396,0.256756,-0.080181,0.475390,0.218977,-0.077264,0.452392,0.196359,-0.073636,0.609294,0.373350,-0.048555,0.592236,0.192629,-0.064971,0.547270,0.189074,-0.059581,0.519040,0.223710,-0.049260,0.627028,0.371963,-0.024293,0.615943,0.215552,-0.037017,0.572907,0.212694,-0.031006,0.548944,0.240362,-0.020674,0.629037,0.382663,-0.001919,0.620610,0.269600,-0.009635,0.586389,0.247977,-0.007457,0.562914,0.257028,-0.001721
196,1694951214.150038,0,15.3111,15.3111,0.2188,-1.9676,15.9194,1153.0375,41.7756,16058.8903,2.4216,108.0332,376.4779,169.0444,160.5004,180.3836,219.3959,0.019297,0.570626,0.665793,-0.000000,0.506094,0.593819,-0.038288,0.469922,0.463332,-0.051764,0.467177,0.332422,-0.053969,0.481008,0.254476,-0.051760,0.569226,0.394921,-0.064133,0.513193,0.254951,-0.069458,0.477424,0.212357,-0.064115,0.458567,0.179574,-0.059619,0.613677,0.372069,-0.043842,0.594428,0.192682,-0.059691,0.553125,0.189399,-0.053774,0.528211,0.222860,-0.042748,0.633397,0.372049,-0.022127,0.620537,0.220087,-0.034370,0.580298,0.218189,-0.026727,0.559388,0.247930,-0.014889,0.635988,0.383130,-0.002087,0.627390,0.272039,-0.007943,0.595425,0.253368,-0.003514,0.574883,0.266222,0.004022
197,1694951214.158371,0,18.3429,18.3429,0.1562,-0.0626,16.1428,678.5528,41.4841,17266.2282,1.8505,93.1960,366.5663,159.6192,151.4495,173.1482,214.7847,0.023962,0.578678,0.649872,-0.000000,0.510653,0.593086,-0.041436,0.470286,0.468625,-0.053842,0.468059,0.340768,-0.054246,0.476631,0.260775,-0.050267,0.572894,0.387623,-0.062105,0.515312,0.248773,-0.069078,0.474907,0.209079,-0.067218,0.452215,0.183770,-0.064385,0.616953,0.368159,-0.040104,0.597128,0.192777,-0.053471,0.553776,0.183779,-0.048070,0.526181,0.211147,-0.038398,0.635456,0.370953,-0.017927,0.624992,0.214996,-0.030618,0.581685,0.207713,-0.025348,0.556271,0.231532,-0.015413,0.638202,0.383755,0.002271,0.631281,0.265040,-0.006282,0.598770,0.245110,-0.003785,0.577027,0.257217,0.002539
198,1694951214.166705,0,,,0.0000,0.0000,0.0000,0.0000,,,,,,,,,,,0.000000,0.000000,0.000000,0.000000,0.000000,0.000000,0.000000,0.000000,0.000000,0.000000,0.000000,0.000000,0.000000,0.000000,0.000000,0.000000,0.000000,0.000000,0.000000,0.000000,0.000000,0.000000,0.000000,0.000000,0.000000,0.000000,0.000000,0.000000,0.000000,0.000000,0.000000,0.000000,0.000000,0.000000,0.000000,0.000000,0.000000,0.000000,0.000000,0.000000,0.000000,0.000000,0.000000,0.000000,0.000000,0.000000,0.000000,0.000000,0.000000,0.000000,0.000000,0.000000,0.000000,0.000000,0.000000,0.000000,0.000000,0.000000,0.000000,0.000000,0.000000,0.000000,0.000000
199,1694951214.175038,0,,,0.0000,0.0000,0.0000,0.0000,,,,,,,,,,,0.000000,0.000000,0.000000,0.000000,0.000000,0.000000,0.000000,0.000000,0.000000,0.000000,0.000000,0.000000,0.000000,0.000000,0.000000,0.000000,0.000000,0.000000,0.000000,0.000000,0.000000,0.000000,0.000000,0.000000,0.000000,0.000000,0.000000,0.000000,0.000000,0.000000,0.000000,0.000000,0.000000,0.000000,0.000000,0.000000,0.000000,0.000000,0.000000,0.000000,0.000000,0.000000,0.000000,0.000000,0.000000,0.000000,0.000000,0.000000,0.000000,0.000000,0.000000,0.000000,0.000000,0.000000,0.000000,0.000000,0.000000,0.000000,0.000000,0.000000,0.000000,0.000000,0.000000
200,1694951214.183371,0,,,0.0000,0.0000,0.0000,0.0000,,,,,,,,,,,0.000000,0.000000,0.000000,0.000000,0.000000,0.000000,0.000000,0.000000,0.000000,0.000000,0.000000,0.000000,0.000000,0.000000,0.000000,0.000000,0.000000,0.000000,0.000000,0.000000,0.000000,0.000000,0.000000,0.000000,0.000000,0.000000,0.000000,0.000000,0.000000,0.000000,0.000000,0.000000,0.000000,0.000000,0.000000,0.000000,0.000000,0.000000,0.000000,0.000000,0.000000,0.000000,0.000000,0.000000,0.000000,0.000000,0.000000,0.000000,0.000000,0.000000,0.000000,0.000000,0.000000,0.000000,0.000000,0.000000,0.000000,0.000000,0.000000,0.000000,0.000000,0.000000,0.000000
201,1694951214.191705,0,,,0.0000,0.0000,0.0000,0.0000,,,,,,,,,,,0.000000,0.000000,0.000000,0.000000,0.000000,0.000000,0.000000,0.000000,0.000000,0.000000,0.000000,0.000000,0.000000,0.000000,0.000000,0.000000,0.000000,0.000000,0.000000,0.000000,0.000000,0.000000,0.000000,0.000000,0.000000,0.000000,0.000000,0.000000,0.000000,0.000000,0.000000,0.000000,0.000000,0.000000,0.000000,0.000000,0.000000,0.000000,0.000000,0.000000,0.000000,0.000000,0.000000,0.000000,0.000000,0.000000,0.000000,0.000000,0.000000,0.000000,0.000000,0.000000,0.000000,0.000000,0.000000,0.000000,0.000000,0.000000,0.000000,0.000000,0.000000,0.000000,0.000000
202,1694951214.200038,0,,,0.0000,0.0000,0.0000,0.0000,,,,,,,,,,,0.000000,0.000000,0.000000,0.000000,0.000000,0.000000,0.000000,0.000000,0.000000,0.000000,0.000000,0.000000,0.000000,0.000000,0.000000,0.000000,0.000000,0.000000,0.000000,0.000000,0.000000,0.000000,0.000000,0.000000,0.000000,0.000000,0.000000,0.000000,0.000000,0.000000,0.000000,0.000000,0.000000,0.000000,0.000000,0.000000,0.000000,0.000000,0.000000,0.000000,0.000000,0.000000,0.000000,0.000000,0.000000,0.000000,0.000000,0.000000,0.000000,0.000000,0.000000,0.000000,0.000000,0.000000,0.000000,0.000000,0.000000,0.000000,0.000000,0.000000,0.000000,0.000000,0.000000
203,1694951214.208371,0,,,0.0000,0.0000,0.0000,0.0000,,,,,,,,,,,0.000000,0.000000,0.000000,0.000000,0.000000,0.000000,0.000000,0.000000,0.000000,0.000000,0.000000,0.000000,0.000000,0.000000,0.000000,0.000000,0.000000,0.000000,0.000000,0.000000,0.000000,0.000000,0.000000,0.000000,0.000000,0.000000,0.000000,0.000000,0.000000,0.000000,0.000000,0.000000,0.000000,0.000000,0.000000,0.000000,0.000000,0.000000,0.000000,0.000000,0.000000,0.000000,0.000000,0.000000,0.000000,0.000000,0.000000,0.000000,0.000000,0.000000,0.000000,0.000000,0.000000,0.000000,0.000000,0.000000,0.000000,0.000000,0.000000,0.000000,0.000000,0.000000,0.000000
204,1694951214.216705,0,,,0.0000,0.0000,0.0000,0.0000,,,,,,,,,,,0.000000,0.000000,0.000000,0.000000,0.000000,0.000000,0.000000,0.000000,0.000000,0.000000,0.000000,0.000000,0.000000,0.000000,0.000000,0.000000,0.000000,0.000000,0.000000,0.000000,0.000000,0.000000,0.000000,0.000000,0.000000,0.000000,0.000000,0.000000,0.000000,0.000000,0.000000,0.000000,0.000000,0.000000,0.000000,0.000000,0.000000,0.000000,0.000000,0.000000,0.000000,0.000000,0.000000,0.000000,0.000000,0.000000,0.000000,0.000000,0.000000,0.000000,0.000000,0.000000,0.000000,0.000000,0.000000,0.000000,0.000000,0.000000,0.000000,0.000000,0.000000,0.000000,0.000000
205,1694951214.225038,0,,,0.0000,0.0000,0.0000,0.0000,,,,,,,,,,,0.000000,0.000000,0.000000,0.000000,0.000000,0.000000,0.000000,0.000000,0.000000,0.000000,0.000000,0.000000,0.000000,0.000000,0.000000,0.000000,0.000000,0.000000,0.000000,0.000000,0.000000,0.000000,0.000000,0.000000,0.000000,0.000000,0.000000,0.000000,0.000000,0.000000,0.000000,0.000000,0.000000,0.000000,0.000000,0.000000,0.000000,0.000000,0.000000,0.000000,0.000000,0.000000,0.000000,0.000000,0.000000,0.000000,0.000000,0.000000,0.000000,0.000000,0.000000,0.000000,0.000000,0.000000,0.000000,0.000000,0.000000,0.000000,0.000000,0.000000,0.000000,0.000000,0.000000
206,1694951214.233371,1,,,0.0000,0.0000,0.0000,0.0000,,,,,,,,,,,0.000000,0.000000,0.000000,0.000000,0.000000,0.000000,0.000000,0.000000,0.000000,0.000000,0.000000,0.000000,0.000000,0.000000,0.000000,0.000000,0.000000,0.000000,0.000000,0.000000,0.000000,0.000000,0.000000,0.000000,0.000000,0.000000,0.000000,0.000000,0.000000,0.000000,0.000000,0.000000,0.000000,0.000000,0.000000,0.000000,0.000000,0.000000,0.000000,0.000000,0.000000,0.000000,0.000000,0.000000,0.000000,0.000000,0.000000,0.000000,0.000000,0.000000,0.000000,0.000000,0.000000,0.000000,0.000000,0.000000,0.000000,0.000000,0.000000,0.000000,0.000000,0.000000,0.000000
207,1694951214.241705,1,,,0.0000,0.0000,0.0000,0.0000,,,,,,,,,,,0.000000,0.000000,0.000000,0.000000,0.000000,0.000000,0.000000,0.000000,0.000000,0.000000,0.000000,0.000000,0.000000,0.000000,0.000000,0.000000,0.000000,0.000000,0.000000,0.000000,0.000000,0.000000,0.000000,0.000000,0.000000,0.000000,0.000000,0.000000,0.000000,0.000000,0.000000,0.000000,0.000000,0.000000,0.000000,0.000000,0.000000,0.000000,0.000000,0.000000,0.000000,0.000000,0.000000,0.000000,0.000000,0.000000,0.000000,0.000000,0.000000,0.000000,0.000000,0.000000,0.000000,0.000000,0.000000,0.000000,0.000000,0.000000,0.000000,0.000000,0.000000,0.000000,0.000000
208,1694951214.250038,1,,,0.0000,0.0000,0.0000,0.0000,,,,,,,,,,,0.000000,0.000000,0.000000,0.000000,0.000000,0.000000,0.000000,0.000000,0.000000,0.000000,0.000000,0.000000,0.000000,0.000000,0.000000,0.000000,0.000000,0.000000,0.000000,0.000000,0.000000,0.000000,0.000000,0.000000,0.000000,0.000000,0.000000,0.000000,0.000000,0.000000,0.000000,0.000000,0.000000,0.000000,0.000000,0.000000,0.000000,0.000000,0.000000,0.000000,0.000000,0.000000,0.000000,0.000000,0.000000,0.000000,0.000000,0.000000,0.000000,0.000000,0.000000,0.000000,0.000000,0.000000,0.000000,0.000000,0.000000,0.000000,0.000000,0.000000,0.000000,0.000000,0.000000
209,1694951214.258371,1,,,0.0000,0.0000,0.0000,0.0000,,,,,,,,,,,0.000000,0.000000,0.000000,0.000000,0.000000,0.000000,0.000000,0.000000,0.000000,0.000000,0.000000,0.000000,0.000000,0.000000,0.000000,0.000000,0.000000,0.000000,0.000000,0.000000,0.000000,0.000000,0.000000,0.000000,0.000000,0.000000,0.000000,0.000000,0.000000,0.000000,0.000000,0.000000,0.000000,0.000000,0.000000,0.000000,0.000000,0.000000,0.000000,0.000000,0.000000,0.000000,0.000000,0.000000,0.000000,0.000000,0.000000,0.000000,0.000000,0.000000,0.000000,0.000000,0.000000,0.000000,0.000000,0.000000,0.000000,0.000000,0.000000,0.000000,0.000000,0.000000,0.000000
210,1694951214.266705,1,,,0.0000,0.0000,0.0000,0.0000,,,,,,,,,,,0.000000,0.000000,0.000000,0.000000,0.000000,0.000000,0.000000,0.000000,0.000000,0.000000,0.000000,0.000000,0.000000,0.000000,0.000000,0.000000,0.000000,0.000000,0.000000,0.000000,0.000000,0.000000,0.000000,0.000000,0.000000,0.000000,0.000000,0.000000,0.000000,0.000000,0.000000,0.000000,0.000000,0.000000,0.000000,0.000000,0.000000,0.000000,0.000000,0.000000,0.000000,0.000000,0.000000,0.000000,0.000000,0.000000,0.000000,0.000000,0.000000,0.000000,0.000000,0.000000,0.000000,0.000000,0.000000,0.000000,0.000000,0.000000,0.000000,0.000000,0.000000,0.000000,0.000000
211,1694951214.275038,1,,,0.0000,0.0000,0.0000,0.0000,,,,,,,,,,,0.000000,0.000000,0.000000,0.000000,0.000000,0.000000,0.000000,0.000000,0.000000,0.000000,0.000000,0.000000,0.000000,0.000000,0.000000,0.000000,0.000000,0.000000,0.000000,0.000000,0.000000,0.000000,0.000000,0.000000,0.000000,0.000000,0.000000,0.000000,0.000000,0.000000,0.000000,0.000000,0.000000,0.000000,0.000000,0.000000,0.000000,0.000000,0.000000,0.000000,0.000000,0.000000,0.000000,0.000000,0.000000,0.000000,0.000000,0.000000,0.000000,0.000000,0.000000,0.000000,0.000000,0.000000,0.000000,0.000000,0.000000,0.000000,0.000000,0.000000,0.000000,0.000000,0.000000
212,1694951214.283371,1,,,0.0000,0.0000,0.0000,0.0000,,,,,,,,,,,0.000000,0.000000,0.000000,0.000000,0.000000,0.000000,0.000000,0.000000,0.000000,0.000000,0.000000,0.000000,0.000000,0.000000,0.000000,0.000000,0.000000,0.000000,0.000000,0.000000,0.000000,0.000000,0.000000,0.000000,0.000000,0.000000,0.000000,0.000000,0.000000,0.000000,0.000000,0.000000,0.000000,0.000000,0.000000,0.000000,0.000000,0.000000,0.000000,0.000000,0.000000,0.000000,0.000000,0.000000,0.000000,0.000000,0.000000,0.000000,0.000000,0.000000,0.000000,0.000000,0.000000,0.000000,0.000000,0.000000,0.000000,0.000000,0.000000,0.000000,0.000000,0.000000,0.000000
213,1694951214.291705,1,,,0.0000,0.0000,0.0000,0.0000,,,,,,,,,,,0.000000,0.000000,0.000000,0.000000,0.000000,0.000000,0.000000,0.000000,0.000000,0.000000,0.000000,0.000000,0.000000,0.000000,0.000000,0.000000,0.000000,0.000000,0.000000,0.000000,0.000000,0.000000,0.000000,0.000000,0.000000,0.000000,0.000000,0.000000,0.000000,0.000000,0.000000,0.000000,0.000000,0.000000,0.000000,0.000000,0.000000,0.000000,0.000000,0.000000,0.000000,0.000000,0.000000,0.000000,0.000000,0.000000,0.000000,0.000000,0.000000,0.000000,0.000000,0.000000,0.000000,0.000000,0.000000,0.000000,0.000000,0.000000,0.000000,0.000000,0.000000,0.000000,0.000000
214,1694951214.300038,0,,,0.0000,0.0000,0.0000,0.0000,,,,,,,,,,,0.000000,0.000000,0.000000,0.000000,0.000000,0.000000,0.000000,0.000000,0.000000,0.000000,0.000000,0.000000,0.000000,0.000000,0.000000,0.000000,0.000000,0.000000,0.000000,0.000000,0.000000,0.000000,0.000000,0.000000,0.000000,0.000000,0.000000,0.000000,0.000000,0.000000,0.000000,0.000000,0.000000,0.000000,0.000000,0.000000,0.000000,0.000000,0.000000,0.000000,0.000000,0.000000,0.000000,0.000000,0.000000,0.000000,0.000000,0.000000,0.000000,0.000000,0.000000,0.000000,0.000000,0.000000,0.000000,0.000000,0.000000,0.000000,0.000000,0.000000,0.000000,0.000000,0.000000
215,1694951214.308371,0,,,0.0000,0.0000,0.0000,0.0000,,,,,,,,,,,0.000000,0.000000,0.000000,0.000000,0.000000,0.000000,0.000000,0.000000,0.000000,0.000000,0.000000,0.000000,0.000000,0.000000,0.000000,0.000000,0.000000,0.000000,0.000000,0.000000,0.000000,0.000000,0.000000,0.000000,0.000000,0.000000,0.000000,0.000000,0.000000,0.000000,0.000000,0.000000,0.000000,0.000000,0.000000,0.000000,0.000000,0.000000,0.000000,0.000000,0.000000,0.000000,0.000000,0.000000,0.000000,0.000000,0.000000,0.000000,0.000000,0.000000,0.000000,0.000000,0.000000,0.000000,0.000000,0.000000,0.000000,0.000000,0.000000,0.000000,0.000000,0.000000,0.000000
216,1694951214.316705,0,,,0.0000,0.0000,0.0000,0.0000,,,,,,,,,,,0.000000,0.000000,0.000000,0.000000,0.000000,0.000000,0.000000,0.000000,0.000000,0.000000,0.000000,0.000000,0.000000,0.000000,0.000000,0.000000,0.000000,0.000000,0.000000,0.000000,0.000000,0.000000,0.000000,0.000000,0.000000,0.000000,0.000000,0.000000,0.000000,0.000000,0.000000,0.000000,0.000000,0.000000,0.000000,0.000000,0.000000,0.000000,0.000000,0.000000,0.000000,0.000000,0.000000,0.000000,0.000000,0.000000,0.000000,0.000000,0.000000,0.000000,0.000000,0.000000,0.000000,0.000000,0.000000,0.000000,0.000000,0.000000,0.000000,0.000000,0.000000,0.000000,0.000000
217,1694951214.325038,0,,,0.0000,0.0000,0.0000,0.0000,,,,,,,,,,,0.000000,0.000000,0.000000,0.000000,0.000000,0.000000,0.000000,0.000000,0.000000,0.000000,0.000000,0.000000,0.000000,0.000000,0.000000,0.000000,0.000000,0.000000,0.000000,0.000000,0.000000,0.000000,0.000000,0.000000,0.000000,0.000000,0.000000,0.000000,0.000000,0.000000,0.000000,0.000000,0.000000,0.000000,0.000000,0.000000,0.000000,0.000000,0.000000,0.000000,0.000000,0.000000,0.000000,0.000000,0.000000,0.000000,0.000000,0.000000,0.000000,0.000000,0.000000,0.000000,0.000000,0.000000,0.000000,0.000000,0.000000,0.000000,0.000000,0.000000,0.000000,0.000000,0.000000
218,1694951214.333371,0,,,0.0000,0.0000,0.0000,0.0000,,,,,,,,,,,0.000000,0.000000,0.000000,0.000000,0.000000,0.000000,0.000000,0.000000,0.000000,0.000000,0.000000,0.000000,0.000000,0.000000,0.000000,0.000000,0.000000,0.000000,0.000000,0.000000,0.000000,0.000000,0.000000,0.000000,0.000000,0.000000,0.000000,0.000000,0.000000,0.000000,0.000000,0.000000,0.000000,0.000000,0.000000,0.000000,0.000000,0.000000,0.000000,0.000000,0.000000,0.000000,0.000000,0.000000,0.000000,0.000000,0.000000,0.000000,0.000000,0.000000,0.000000,0.000000,0.000000,0.000000,0.000000,0.000000,0.000000,0.000000,0.000000,0.000000,0.000000,0.000000,0.000000
219,1694951214.341705,0,,,0.0000,0.0000,0.0000,0.0000,,,,,,,,,,,0.000000,0.000000,0.000000,0.000000,0.000000,0.000000,0.000000,0.000000,0.000000,0.000000,0.000000,0.000000,0.000000,0.000000,0.000000,0.000000,0.000000,0.000000,0.000000,0.000000,0.000000,0.000000,0.000000,0.000000,0.000000,0.000000,0.000000,0.000000,0.000000,0.000000,0.000000,0.000000,0.000000,0.000000,0.000000,0.000000,0.000000,0.000000,0.000000,0.000000,0.000000,0.000000,0.000000,0.000000,0.000000,0.000000,0.000000,0.000000,0.000000,0.000000,0.000000,0.000000,0.000000,0.000000,0.000000,0.000000,0.000000,0.000000,0.000000,0.000000,0.000000,0.000000,0.000000
220,1694951214.350038,0,,,0.0000,0.0000,0.0000,0.0000,,,,,,,,,,,0.000000,0.000000,0.000000,0.000000,0.000000,0.000000,0.000000,0.000000,0.000000,0.000000,0.000000,0.000000,0.000000,0.000000,0.000000,0.000000,0.000000,0.000000,0.000000,0.000000,0.000000,0.000000,0.000000,0.000000,0.000000,0.000000,0.000000,0.000000,0.000000,0.000000,0.000000,0.000000,0.000000,0.000000,0.000000,0.000000,0.000000,0.000000,0.000000,0.000000,0.000000,0.000000,0.000000,0.000000,0.000000,0.000000,0.000000,0.000000,0.000000,0.000000,0.000000,0.000000,0.000000,0.000000,0.000000,0.000000,0.000000,0.000000,0.000000,0.000000,0.000000,0.000000,0.000000
221,1694951214.358371,0,,,0.0000,0.0000,0.0000,0.0000,,,,,,,,,,,0.000000,0.000000,0.000000,0.000000,0.000000,0.000000,0.000000,0.000000,0.000000,0.000000,0.000000,0.000000,0.000000,0.000000,0.000000,0.000000,0.000000,0.000000,0.000000,0.000000,0.000000,0.000000,0.000000,0.000000,0.000000,0.000000,0.000000,0.000000,0.000000,0.000000,0.000000,0.000000,0.000000,0.000000,0.000000,0.000000,0.000000,0.000000,0.000000,0.000000,0.000000,0.000000,0.000000,0.000000,0.000000,0.000000,0.000000,0.000000,0.000000,0.000000,0.000000,0.000000,0.000000,0.000000,0.000000,0.000000,0.000000,0.000000,0.000000,0.000000,0.000000,0.000000,0.000000
222,1694951214.366705,0,-24.7468,-24.7468,-1.4833,0.0000,21.3384,78.6965,,14115.8331,3.3746,88.3503,373.0861,166.8089,153.8630,169.8533,206.9763,0.013217,0.585856,0.642123,-0.000000,0.516204,0.585172,-0.039728,0.478668,0.462264,-0.052806,0.477706,0.332420,-0.054037,0.494907,0.259716,-0.050991,0.583882,0.392902,-0.065541,0.524628,0.255842,-0.073372,0.481979,0.220664,-0.071319,0.457347,0.197584,-0.068891,0.626022,0.366647,-0.045394,0.603404,0.190903,-0.059169,0.560209,0.192402,-0.053892,0.534726,0.229928,-0.044698,0.644287,0.362859,-0.024516,0.629271,0.209723,-0.036788,0.585136,0.209829,-0.031463,0.562006,0.238912,-0.022261,0.646598,0.371359,-0.005450,0.638318,0.256324,-0.013606,0.604643,0.244031,-0.011074,0.583168,0.263584,-0.005405
223,1694951214.375038,0,39.2776,39.2776,2.7132,4.1965,21.7264,48.6804,52.8273,13151.7199,2.5446,87.3410,363.6268,160.4139,147.0191,162.8347,200.3073,0.014033,0.584757,0.640982,-0.000000,0.516689,0.586910,-0.047154,0.477669,0.465495,-0.062098,0.472971,0.335463,-0.063650,0.485463,0.263129,-0.060420,0.583919,0.402252,-0.072498,0.524632,0.259341,-0.082162,0.480161,0.226658,-0.080894,0.454953,0.205078,-0.078733,0.625067,0.373057,-0.048090,0.602989,0.191102,-0.064879,0.558398,0.198083,-0.061825,0.532807,0.242550,-0.053610,0.642130,0.365316,-0.023330,0.626615,0.206675,-0.038761,0.582729,0.212714,-0.037225,0.560678,0.249077,-0.029860,0.643044,0.368380,-0.000672,0.632965,0.252111,-0.012569,0.598531,0.243494,-0.013906,0.577229,0.268866,-0.010497
224,1694951214.383371,0,38.6058,38.6058,5.8237,3.1105,23.2805,108.4786,19.1655,13481.2002,2.2026,95.2847,358.6094,150.2587,138.7566,157.7098,197.6080,0.018853,0.584638,0.657152,-0.000000,0.516737,0.594316,-0.043294,0.478688,0.472551,-0.058407,0.474709,0.344235,-0.060998,0.486055,0.266480,-0.058791,0.581617,0.405785,-0.074126,0.518672,0.261740,-0.084879,0.473888,0.226195,-0.082657,0.448012,0.203130,-0.079645,0.624780,0.376283,-0.052833,0.601534,0.196162,-0.070453,0.556376,0.194001,-0.065845,0.526701,0.229276,-0.057018,0.642891,0.368578,-0.030696,0.627458,0.210166,-0.046311,0.584958,0.214322,-0.041037,0.560425,0.246986,-0.031423,0.644105,0.375165,-0.010578,0.633110,0.262158,-0.021486,0.599961,0.252789,-0.019689,0.576911,0.275212,-0.013966
225,1694951214.391705,0,-34.6615,-34.6615,-13.2511,-19.0748,31.3443,229.3245,30.3989,10420.8669,2.5809,90.8927,354.6066,153.8568,137.7994,151.6742,188.3045,0.012671,0.586544,0.651096,-0.000000,0.516351,0.597351,-0.042396,0.477474,0.482896,-0.057316,0.473276,0.355686,-0.060789,0.484316,0.277686,-0.059784,0.584472,0.408198,-0.067831,0.518823,0.263312,-0.077335,0.474945,0.233893,-0.075054,0.453354,0.218026,-0.071694,0.625405,0.374847,-0.047430,0.599182,0.190207,-0.065851,0.552963,0.194686,-0.062920,0.527058,0.236283,-0.053911,0.642126,0.364551,-0.026456,0.624357,0.205869,-0.042451,0.579504,0.213465,-0.039261,0.557606,0.248283,-0.030247,0.643254,0.368185,-0.007435,0.632522,0.252678,-0.018696,0.597911,0.244733,-0.018235,0.577040,0.268811,-0.013142
226,1694951214.400038,0,41.2943,41.2943,16.5103,29.7614,34.1693,2101.3828,68.5125,12760.5012,1.9195,91.6906,338.2811,140.1637,124.4544,140.4139,179.6156,0.021118,0.588420,0.625670,-0.000000,0.519145,0.599711,-0.051076,0.473177,0.488462,-0.066940,0.467770,0.358404,-0.066721,0.485766,0.289206,-0.061319,0.581893,0.407714,-0.086733,0.520317,0.272312,-0.097104,0.471608,0.242076,-0.093526,0.442750,0.223019,-0.090006,0.622502,0.370894,-0.060759,0.597371,0.190800,-0.078475,0.553792,0.204963,-0.071477,0.530192,0.249708,-0.060312,0.638415,0.357817,-0.034158,0.618405,0.202854,-0.051613,0.576452,0.218631,-0.047964,0.556228,0.256148,-0.038921,0.639627,0.360646,-0.009877,0.625139,0.246908,-0.025164,0.593259,0.244835,-0.027252,0.574701,0.272252,-0.024064
227,1694951214.408371,0,-42.0954,-42.0954,-20.3432,-36.8535,38.3455,2449.2811,10.8444,14058.0700,1.9902,91.2840,330.1054,136.9139,117.9176,130.2089,166.6891,0.016367,0.587294,0.639795,-0.000000,0.519563,0.597508,-0.042604,0.474925,0.489257,-0.057996,0.465780,0.365158,-0.061430,0.478347,0.294510,-0.060470,0.582874,0.414129,-0.073030,0.517290,0.282221,-0.086979,0.468863,0.255436,-0.087827,0.442596,0.241684,-0.086180,0.622321,0.378188,-0.053342,0.597503,0.192770,-0.075090,0.552599,0.195864,-0.072695,0.528225,0.236073,-0.063551,0.638947,0.366622,-0.032948,0.620427,0.209291,-0.052329,0.577192,0.216057,-0.049169,0.557019,0.250921,-0.039252,0.640237,0.371132,-0.014391,0.628139,0.252075,-0.027672,0.594691,0.245597,-0.026479,0.575172,0.272509,-0.020391
228,1694951214.416705,0,42.2998,42.2998,0.9235,21.2667,38.8467,1372.1643,44.8790,11182.8678,2.0068,90.9799,325.1035,131.5632,113.0238,126.7026,164.5224,0.020077,0.587456,0.629104,-0.000000,0.517913,0.603473,-0.050447,0.470212,0.498042,-0.068714,0.461900,0.371852,-0.071841,0.478608,0.302310,-0.069936,0.578071,0.408669,-0.086104,0.512458,0.275660,-0.096535,0.464184,0.251829,-0.092650,0.439265,0.242148,-0.088359,0.617600,0.372770,-0.060030,0.589936,0.196746,-0.077440,0.545765,0.205527,-0.070212,0.522260,0.245444,-0.059054,0.633687,0.359905,-0.033166,0.614836,0.205560,-0.049804,0.572983,0.215007,-0.045578,0.552166,0.250998,-0.036323,0.635281,0.363813,-0.008455,0.620500,0.249020,-0.022602,0.586320,0.246103,-0.023837,0.565920,0.274962,-0.020047
229,1694951214.425038,0,-50.4041,-50.4041,-3.9357,-4.8591,41.5425,1103.4539,58.3790,9766.2521,1.8295,92.8171,312.5951,120.2317,102.9497,119.6760,160.5419,0.027617,0.586883,0.618927,-0.000000,0.519742,0.601809,-0.054270,0.471024,0.503753,-0.075952,0.459288,0.383155,-0.081204,0.472232,0.308879,-0.081108,0.577328,0.413349,-0.098362,0.510352,0.281220,-0.110502,0.459342,0.250875,-0.104283,0.430377,0.243551,-0.097589,0.617185,0.373213,-0.070771,0.585865,0.192786,-0.089934,0.540003,0.192441,-0.080822,0.514506,0.228911,-0.068340,0.633372,0.356875,-0.042124,0.607120,0.201939,-0.060650,0.564719,0.212821,-0.054964,0.544399,0.251856,-0.044569,0.635022,0.358292,-0.015639,0.614578,0.241038,-0.031926,0.580295,0.240746,-0.032720,0.560432,0.271699,-0.028226
230,1694951214.433371,0,50.9778,50.9778,2.4209,6.3565,44.8371,1021.0813,16.9963,9854.6794,1.6947,94.0201,310.4199,118.8851,100.0366,115.3573,155.4664,0.024577,0.588275,0.629253,-0.000000,0.524482,0.610570,-0.058887,0.476096,0.515225,-0.081069,0.457552,0.392247,-0.086369,0.464305,0.313319,-0.085328,0.579373,0.418073,-0.097181,0.508862,0.291340,-0.108912,0.459700,0.263439,-0.101831,0.431086,0.253635,-0.094558,0.617753,0.374953,-0.067616,0.589009,0.199469,-0.088963,0.545677,0.205587,-0.081594,0.519832,0.243128,-0.069253,0.632232,0.357519,-0.037449,0.609000,0.208795,-0.058972,0.567612,0.224266,-0.054599,0.545543,0.262892,-0.043895,0.632371,0.359158,-0.009852,0.617106,0.251323,-0.027956,0.584579,0.250817,-0.029958,0.563558,0.278283,-0.025607
231,1694951214.441705,0,-56.7744,-56.7744,-3.6698,-6.0906,47.5328,649.5295,74.9690,11363.7957,4.0247,98.6242,305.9592,116.8683,98.6688,114.0375,153.6930,0.026994,0.587115,0.627869,-0.000000,0.523519,0.611472,-0.054017,0.473823,0.521226,-0.077060,0.454856,0.401513,-0.085429,0.466425,0.325345,-0.088789,0.578095,0.423310,-0.090870,0.504358,0.302190,-0.106033,0.455169,0.268381,-0.104392,0.428577,0.252310,-0.101171,0.615780,0.378544,-0.065632,0.583322,0.205524,-0.089852,0.536848,0.206824,-0.086154,0.509764,0.239744,-0.076570,0.630682,0.358989,-0.039900,0.606693,0.202257,-0.063007,0.562362,0.214560,-0.059120,0.540244,0.252653,-0.048830,0.630542,0.360443,-0.016500,0.613506,0.248373,-0.034047,0.578857,0.244972,-0.034970,0.558193,0.269940,-0.030163
232,1694951214.450038,0,53.0723,53.0723,2.6931,6.3629,50.3224,1078.6680,4.7761,12676.0744,2.7551,95.2940,293.5689,108.9134,85.2900,98.3484,138.2415,0.028075,0.590081,0.629427,-0.000000,0.521188,0.620146,-0.058188,0.468589,0.527777,-0.079401,0.448946,0.408170,-0.083910,0.457834,0.333360,-0.082216,0.577086,0.423497,-0.095977,0.500688,0.293383,-0.109741,0.447822,0.275183,-0.104474,0.423046,0.272828,-0.097874,0.614976,0.379276,-0.066327,0.584650,0.205521,-0.089875,0.536439,0.219262,-0.083331,0.513466,0.261374,-0.071181,0.628223,0.358183,-0.036515,0.605597,0.204185,-0.059789,0.560367,0.226955,-0.057474,0.541515,0.270032,-0.047808,0.627178,0.355548,-0.009126,0.612603,0.246838,-0.028179,0.580806,0.251006,-0.031577,0.564505,0.280921,-0.028119
233,1694951214.458371,0,54.5429,54.5429,26.2368,23.5436,52.2026,2225.8269,6.8330,10404.0049,2.0023,96.3804,282.4036,96.4614,73.4329,90.0511,132.6098,0.034224,0.587875,0.624949,-0.000000,0.519528,0.611656,-0.049946,0.467977,0.522751,-0.070772,0.449538,0.405138,-0.076923,0.458139,0.330456,-0.078028,0.571194,0.421134,-0.091385,0.494595,0.308259,-0.105131,0.443423,0.281115,-0.101986,0.414126,0.274318,-0.097115,0.610742,0.377314,-0.066593,0.575661,0.217432,-0.086747,0.531345,0.217021,-0.081479,0.505661,0.248887,-0.072527,0.627118,0.358013,-0.040558,0.602058,0.205649,-0.060267,0.562397,0.218695,-0.055932,0.543993,0.257772,-0.046652,0.628426,0.358684,-0.016224,0.608242,0.240585,-0.031250,0.577557,0.238735,-0.030143,0.562403,0.266608,-0.024499
234,1694951214.466705,0,61.0003,61.0003,2.5056,-23.7311,44.7944,1201.4943,24.5804,10974.7487,2.1064,92.2454,272.3249,89.9532,62.8890,79.2358,123.6695,0.037415,0.586838,0.622285,-0.000000,0.519036,0.619674,-0.053599,0.466052,0.533134,-0.075428,0.445807,0.415268,-0.081698,0.453454,0.344222,-0.082905,0.571956,0.425052,-0.096825,0.493991,0.310799,-0.109699,0.441840,0.287594,-0.106152,0.408691,0.285097,-0.101192,0.609838,0.378488,-0.069544,0.581185,0.219210,-0.088481,0.540152,0.214498,-0.083537,0.514011,0.246386,-0.075201,0.624168,0.358281,-0.040780,0.598583,0.214626,-0.060297,0.561591,0.230937,-0.058148,0.544657,0.276386,-0.050627,0.623009,0.358801,-0.013914,0.602956,0.254261,-0.031291,0.574196,0.260331,-0.032785,0.559739,0.295370,-0.028783
235,1694951214.475038,0,58.4975,58.4975,28.8180,26.3124,45.5080,2666.2440,9.5173,14275.7764,2.4395,94.2253,264.3168,89.2915,57.9323,70.8957,114.9166,0.034423,0.587678,0.625545,-0.000000,0.517809,0.621026,-0.053154,0.465581,0.536173,-0.075332,0.445165,0.421771,-0.081717,0.452521,0.351217,-0.082215,0.564253,0.426443,-0.098569,0.485306,0.308501,-0.112997,0.434141,0.291235,-0.106716,0.406686,0.297272,-0.098390,0.604089,0.382500,-0.071968,0.568319,0.218841,-0.094083,0.524318,0.226495,-0.085947,0.500393,0.266707,-0.073469,0.620892,0.362569,-0.044286,0.594444,0.205825,-0.066048,0.556395,0.221840,-0.061161,0.539868,0.263068,-0.050379,0.623395,0.363875,-0.018399,0.602258,0.245743,-0.034846,0.573930,0.245755,-0.034090,0.560127,0.276886,-0.028034
236,1694951214.483371,0,-55.6838,-55.6838,-27.1890,-56.0070,45.0726,2511.1352,33.5798,10243.1984,2.1171,93.7454,257.4943,86.3937,53.5048,66.4541,111.5578,0.039631,0.589503,0.632629,-0.000000,0.519336,0.630256,-0.053719,0.466127,0.544988,-0.076600,0.441714,0.429157,-0.084016,0.444311,0.351673,-0.086112,0.563711,0.430723,-0.094770,0.482910,0.313348,-0.106727,0.433449,0.295057,-0.101547,0.403641,0.298788,-0.095125,0.603857,0.386041,-0.067035,0.565049,0.228143,-0.088159,0.522079,0.227493,-0.083952,0.494492,0.264982,-0.075149,0.621270,0.369116,-0.037763,0.591954,0.222312,-0.057865,0.556370,0.225190,-0.056022,0.538349,0.262678,-0.048560,0.622708,0.369427,-0.010213,0.600804,0.259673,-0.027831,0.575256,0.250916,-0.029983,0.562183,0.272550,-0.026322
237,1694951214.491705,0,79.2478,79.2478,6.1762,33.3653,48.3514,1175.4103,40.2344,12089.4145,2.0174,95.4691,251.7731,82.6737,44.8945,56.0909,101.2190,0.038464,0.582907,0.626548,-0.000000,0.515839,0.625090,-0.059299,0.462304,0.545538,-0.084168,0.437479,0.432318,-0.091900,0.441565,0.354516,-0.093230,0.565130,0.423681,-0.106143,0.483567,0.310765,-0.121534,0.429329,0.299794,-0.114604,0.398039,0.312184,-0.105704,0.603436,0.375439,-0.076011,0.562742,0.217869,-0.098780,0.516300,0.230323,-0.090170,0.491122,0.270545,-0.077869,0.618106,0.354946,-0.045060,0.588312,0.201234,-0.069455,0.545075,0.220790,-0.065275,0.523842,0.263659,-0.054899,0.618283,0.358606,-0.016092,0.598351,0.242073,-0.035863,0.565021,0.244455,-0.036876,0.544283,0.276499,-0.031864
238,1694951214.500038,0,,,0.0000,0.0000,0.0000,0.0000,,,,,,,,,,,0.000000,0.000000,0.000000,0.000000,0.000000,0.000000,0.000000,0.000000,0.000000,0.000000,0.000000,0.000000,0.000000,0.000000,0.000000,0.000000,0.000000,0.000000,0.000000,0.000000,0.000000,0.000000,0.000000,0.000000,0.000000,0.000000,0.000000,0.000000,0.000000,0.000000,0.000000,0.000000,0.000000,0.000000,0.000000,0.000000,0.000000,0.000000,0.000000,0.000000,0.000000,0.000000,0.000000,0.000000,0.000000,0.000000,0.000000,0.000000,0.000000,0.000000,0.000000,0.000000,0.000000,0.000000,0.000000,0.000000,0.000000,0.000000,0.000000,0.000000,0.000000,0.000000,0.000000
239,1694951214.508371,0,62.5591,62.5591,0.3897,0.0000,48.9521,910.3144,,13717.5260,1.7157,98.0324,247.7278,87.4012,46.4699,51.4196,95.7952,0.033946,0.585191,0.624054,-0.000000,0.517064,0.625173,-0.054909,0.463070,0.546910,-0.079214,0.437410,0.436340,-0.087405,0.440620,0.360911,-0.089632,0.558754,0.425226,-0.102910,0.476958,0.315460,-0.116681,0.426816,0.305370,-0.108050,0.397936,0.320950,-0.098058,0.599048,0.381359,-0.075549,0.549194,0.227691,-0.099234,0.501172,0.244493,-0.090871,0.474149,0.293638,-0.078208,0.617093,0.364780,-0.046841,0.583553,0.210755,-0.070637,0.541948,0.226605,-0.065903,0.521446,0.270740,-0.055203,0.620660,0.370075,-0.019684,0.594847,0.253132,-0.038324,0.562481,0.252044,-0.038418,0.543771,0.281286,-0.032876
240,1694951214.516705,0,57.8671,57.8671,-0.1576,-0.5473,48.7131,467.7656,45.7515,10485.8555,2.4342,94.1427,248.4791,83.3922,42.5493,52.4675,97.6179,0.037475,0.583764,0.633527,-0.000000,0.517077,0.630133,-0.045870,0.468094,0.556255,-0.068858,0.443361,0.456677,-0.078360,0.434403,0.382967,-0.084028,0.550410,0.425833,-0.085591,0.473728,0.322199,-0.097187,0.428827,0.309919,-0.094749,0.395776,0.314447,-0.090465,0.590293,0.390671,-0.060994,0.520564,0.289957,-0.077325,0.472756,0.298874,-0.075176,0.440255,0.328671,-0.070723,0.611872,0.383663,-0.034823,0.576198,0.262695,-0.050354,0.550448,0.234068,-0.049680,0.533068,0.237670,-0.045787,0.617417,0.391375,-0.009372,0.597340,0.294451,-0.023522,0.583749,0.250075,-0.024934,0.575107,0.225264,-0.022165
241,1694951214.525038,1,-63.7386,-63.7386,-2.0137,-1.8561,62.3180,470.6059,58.4531,12800.1486,2.6511,98.8094,244.7309,87.8117,46.8621,51.5468,95.5246,0.040625,0.583966,0.624129,-0.000000,0.515190,0.624392,-0.057144,0.461599,0.548267,-0.081658,0.435808,0.442134,-0.089148,0.440403,0.368484,-0.090295,0.555800,0.420917,-0.102473,0.476211,0.317556,-0.116385,0.425902,0.308503,-0.109407,0.397530,0.319824,-0.100558,0.595560,0.380165,-0.072458,0.550708,0.225198,-0.095368,0.505923,0.238166,-0.087462,0.482805,0.281010,-0.074829,0.613494,0.367189,-0.041284,0.581361,0.216540,-0.063786,0.538918,0.227550,-0.058975,0.518496,0.263944,-0.047766,0.617202,0.374260,-0.011878,0.595563,0.254645,-0.028380,0.566339,0.243782,-0.027948,0.550391,0.260407,-0.021980
242,1694951214.533371,1,,,0.0000,0.0000,0.0000,0.0000,,,,,,,,,,,0.000000,0.000000,0.000000,0.000000,0.000000,0.000000,0.000000,0.000000,0.000000,0.000000,0.000000,0.000000,0.000000,0.000000,0.000000,0.000000,0.000000,0.000000,0.000000,0.000000,0.000000,0.000000,0.000000,0.000000,0.000000,0.000000,0.000000,0.000000,0.000000,0.000000,0.000000,0.000000,0.000000,0.000000,0.000000,0.000000,0.000000,0.000000,0.000000,0.000000,0.000000,0.000000,0.000000,0.000000,0.000000,0.000000,0.000000,0.000000,0.000000,0.000000,0.000000,0.000000,0.000000,0.000000,0.000000,0.000000,0.000000,0.000000,0.000000,0.000000,0.000000,0.000000,0.000000
243,1694951214.541705,1,69.1677,69.1677,-2.5200,0.0000,52.8692,162.6486,,11079.7977,2.1354,97.3202,244.9249,85.5904,41.5870,48.2071,93.4126,0.048465,0.581662,0.619435,-0.000000,0.514072,0.624035,-0.052904,0.461396,0.551904,-0.078611,0.435736,0.449932,-0.089425,0.438037,0.376058,-0.094578,0.551282,0.424534,-0.099370,0.474766,0.324258,-0.115506,0.425811,0.310296,-0.110166,0.395123,0.320361,-0.101965,0.592143,0.381147,-0.073778,0.551990,0.226899,-0.098669,0.512088,0.229394,-0.091473,0.487787,0.266176,-0.078572,0.611649,0.365968,-0.046895,0.580399,0.217660,-0.070232,0.541874,0.221281,-0.062877,0.520877,0.253090,-0.049388,0.616614,0.372663,-0.021705,0.593435,0.251258,-0.038307,0.563398,0.241040,-0.034640,0.544708,0.261136,-0.025579
244,1694951214.550038,1,,,0.0000,0.0000,0.0000,0.0000,,,,,,,,,,,0.000000,0.000000,0.000000,0.000000,0.000000,0.000000,0.000000,0.000000,0.000000,0.000000,0.000000,0.000000,0.000000,0.000000,0.000000,0.000000,0.000000,0.000000,0.000000,0.000000,0.000000,0.000000,0.000000,0.000000,0.000000,0.000000,0.000000,0.000000,0.000000,0.000000,0.000000,0.000000,0.000000,0.000000,0.000000,0.000000,0.000000,0.000000,0.000000,0.000000,0.000000,0.000000,0.000000,0.000000,0.000000,0.000000,0.000000,0.000000,0.000000,0.000000,0.000000,0.000000,0.000000,0.000000,0.000000,0.000000,0.000000,0.000000,0.000000,0.000000,0.000000,0.000000,0.000000
245,1694951214.558371,1,-60.4819,-60.4819,-30.7603,0.0000,61.5018,1727.5774,,12385.8166,1.0998,98.1458,247.4262,90.9216,47.5629,48.9459,91.8581,0.044718,0.577513,0.628715,-0.000000,0.511160,0.623186,-0.056268,0.456288,0.544755,-0.080711,0.427251,0.438797,-0.088990,0.428578,0.364811,-0.090918,0.554499,0.422887,-0.099005,0.476820,0.322615,-0.110383,0.426113,0.313412,-0.101477,0.398385,0.323967,-0.092244,0.594151,0.380097,-0.070463,0.552162,0.220363,-0.092686,0.505779,0.229198,-0.084790,0.480592,0.264804,-0.072833,0.610955,0.366449,-0.040617,0.579801,0.216772,-0.063778,0.537257,0.234396,-0.058398,0.516990,0.272883,-0.046769,0.613355,0.375750,-0.012429,0.590972,0.253708,-0.028764,0.557116,0.252701,-0.026655,0.537099,0.280142,-0.019678
246,1694951214.566705,1,52.8464,52.8464,-1.2552,29.5051,60.0443,288.0041,26.0028,12277.6161,1.7672,96.5880,239.9293,87.4832,43.5875,45.4024,89.9448,0.041333,0.582878,0.619063,0.000000,0.511995,0.624578,-0.047584,0.459781,0.548024,-0.070188,0.433467,0.444421,-0.078332,0.432531,0.374235,-0.081373,0.545801,0.425500,-0.094632,0.468598,0.327104,-0.105095,0.423710,0.316011,-0.097767,0.395440,0.324785,-0.089956,0.587948,0.385201,-0.070058,0.553544,0.235439,-0.091979,0.520379,0.232078,-0.086500,0.498586,0.262942,-0.076067,0.609561,0.373462,-0.042941,0.580526,0.230547,-0.060842,0.550332,0.232448,-0.053710,0.534565,0.264900,-0.042307,0.616273,0.382859,-0.017275,0.593098,0.273921,-0.030430,0.566864,0.264129,-0.027184,0.552172,0.281998,-0.019584
247,1694951214.575038,1,44.9622,44.9622,27.1752,28.4304,58.2299,1629.5137,34.4062,11113.1910,1.4573,98.8380,243.1196,86.6926,46.6123,54.1909,99.0932,0.047836,0.579408,0.632932,0.000000,0.513986,0.630654,-0.053030,0.459757,0.550017,-0.076700,0.428602,0.438805,-0.084472,0.434603,0.366602,-0.086370,0.548878,0.424516,-0.095917,0.471063,0.322432,-0.103500,0.425678,0.309305,-0.093748,0.395599,0.317014,-0.085109,0.588926,0.381204,-0.068417,0.550467,0.228161,-0.086977,0.514697,0.221386,-0.080956,0.488876,0.252808,-0.071356,0.608313,0.370178,-0.038811,0.578112,0.233679,-0.055744,0.544346,0.227990,-0.049981,0.523070,0.258563,-0.040002,0.612124,0.379570,-0.011117,0.593051,0.269734,-0.026894,0.567942,0.247102,-0.027415,0.550642,0.256144,-0.022550
248,1694951214.583371,1,,,0.0000,0.0000,0.0000,0.0000,,,,,,,,,,,0.000000,0.000000,0.000000,0.000000,0.000000,0.000000,0.000000,0.000000,0.000000,0.000000,0.000000,0.000000,0.000000,0.000000,0.000000,0.000000,0.000000,0.000000,0.000000,0.000000,0.000000,0.000000,0.000000,0.000000,0.000000,0.000000,0.000000,0.000000,0.000000,0.000000,0.000000,0.000000,0.000000,0.000000,0.000000,0.000000,0.000000,0.000000,0.000000,0.000000,0.000000,0.000000,0.000000,0.000000,0.000000,0.000000,0.000000,0.000000,0.000000,0.000000,0.000000,0.000000,0.000000,0.000000,0.000000,0.000000,0.000000,0.000000,0.000000,0.000000,0.000000,0.000000,0.000000
249,1694951214.591705,1,-51.3648,-51.3648,-30.1331,0.0000,55.2939,1683.3490,,12556.2257,1.1715,98.8789,244.6067,92.2848,50.9398,51.9523,94.1134,0.038350,0.578319,0.634400,-0.000000,0.511058,0.626764,-0.055651,0.456326,0.545373,-0.080127,0.427285,0.435537,-0.088753,0.427039,0.360434,-0.091060,0.554171,0.422689,-0.097757,0.475463,0.320344,-0.109403,0.424621,0.311427,-0.100879,0.398447,0.322498,-0.091914,0.593153,0.379608,-0.069735,0.550052,0.219976,-0.092224,0.503558,0.231602,-0.084545,0.479173,0.269613,-0.072741,0.609820,0.366130,-0.040450,0.578876,0.211956,-0.063905,0.536361,0.228617,-0.058679,0.516897,0.269316,-0.047156,0.612273,0.374417,-0.012832,0.590973,0.250361,-0.029870,0.557631,0.244720,-0.028828,0.538899,0.268645,-0.022583
250,1694951214.600038,1,-52.2402,-52.2402,2.0604,32.1936,50.9141,29.8840,70.8805,12682.8051,2.3064,99.4005,245.8683,91.1686,49.0059,50.4053,92.2933,0.042163,0.580971,0.625040,-0.000000,0.514059,0.626364,-0.054459,0.458452,0.547136,-0.078165,0.430286,0.437262,-0.085569,0.434934,0.364205,-0.086093,0.553703,0.420376,-0.099266,0.475500,0.318623,-0.109852,0.424939,0.309617,-0.098353,0.397580,0.322581,-0.086842,0.593599,0.379220,-0.070780,0.551467,0.220675,-0.092866,0.507333,0.232562,-0.081470,0.484577,0.271363,-0.065962,0.611852,0.367439,-0.040892,0.581065,0.217954,-0.063547,0.540172,0.233428,-0.055429,0.521079,0.271220,-0.041239,0.616096,0.376881,-0.012530,0.593572,0.258383,-0.028422,0.560750,0.253087,-0.025798,0.542060,0.274684,-0.017894
251,1694951214.608371,1,52.6362,52.6362,-0.0525,-2.1130,50.0270,199.2859,14.6344,12533.7224,1.9674,99.5694,249.4290,90.1849,48.7559,52.9419,96.5540,0.037174,0.582277,0.630866,-0.000000,0.512747,0.626507,-0.054330,0.456837,0.543506,-0.076494,0.432149,0.431514,-0.082420,0.439155,0.360456,-0.081965,0.555122,0.419909,-0.096991,0.475159,0.315531,-0.107568,0.425366,0.306928,-0.098018,0.397979,0.318652,-0.088117,0.594489,0.381392,-0.069037,0.549457,0.223340,-0.089411,0.504802,0.232716,-0.080902,0.481090,0.270586,-0.068790,0.612245,0.369748,-0.039860,0.580499,0.216001,-0.060844,0.538168,0.226800,-0.056177,0.516864,0.262082,-0.045867,0.615671,0.379752,-0.012453,0.594313,0.259188,-0.028274,0.564528,0.248808,-0.028178,0.547087,0.266544,-0.023044
252,1694951214.616705,1,-56.4062,-56.4062,-25.3421,-25.2896,50.1241,1990.3929,79.1127,12897.2641,1.5277,100.5594,244.2235,88.3246,48.0482,52.8804,97.1885,0.035817,0.581671,0.621423,-0.000000,0.512384,0.622217,-0.052501,0.458816,0.544206,-0.076944,0.435783,0.435476,-0.085580,0.442993,0.360798,-0.088004,0.552342,0.423835,-0.102750,0.474977,0.314899,-0.115340,0.426578,0.304081,-0.105196,0.396418,0.317651,-0.094331,0.592828,0.382957,-0.076391,0.548989,0.221796,-0.099597,0.507786,0.231705,-0.090267,0.484006,0.271830,-0.076721,0.612440,0.368837,-0.048100,0.578267,0.213209,-0.069260,0.538893,0.223844,-0.060621,0.518598,0.261198,-0.047353,0.617726,0.376988,-0.021527,0.593722,0.251000,-0.037161,0.563213,0.242775,-0.034260,0.545579,0.264803,-0.026595
253,1694951214.625038,0,-60.0198,-60.0198,-2.1638,23.1783,43.1689,294.5487,48.7874,11586.6418,2.3670,100.3588,247.3397,86.4927,47.0647,54.0872,98.4819,0.038232,0.584276,0.625762,-0.000000,0.516244,0.624122,-0.053215,0.461576,0.546814,-0.078555,0.434423,0.438367,-0.088778,0.438973,0.362798,-0.092926,0.555671,0.424354,-0.097830,0.477918,0.315608,-0.112958,0.427743,0.302181,-0.107315,0.395983,0.313537,-0.099382,0.596228,0.383937,-0.071890,0.551203,0.226332,-0.095046,0.507927,0.235655,-0.087814,0.482220,0.277280,-0.076016,0.615523,0.370914,-0.044809,0.582670,0.215620,-0.067053,0.542811,0.223675,-0.060393,0.521917,0.262250,-0.048329,0.620211,0.378560,-0.019483,0.597044,0.253634,-0.036245,0.566563,0.243752,-0.034134,0.547834,0.266700,-0.026870
254,1694951214.633371,0,-52.8179,-52.8179,-0.1444,2.0193,43.2931,283.9812,66.3967,13507.8411,2.9232,99.2793,253.0621,92.9311,54.9789,59.8020,101.7109,0.032343,0.583352,0.626832,0.000000,0.512449,0.619363,-0.049321,0.460383,0.541418,-0.073494,0.438705,0.433726,-0.083505,0.445209,0.362677,-0.088068,0.553100,0.426009,-0.095797,0.476259,0.316340,-0.106857,0.431050,0.302296,-0.099100,0.401976,0.312004,-0.090466,0.593970,0.389654,-0.070944,0.560324,0.236523,-0.090391,0.527572,0.224072,-0.084407,0.504576,0.248294,-0.074666,0.613844,0.379271,-0.043937,0.587468,0.232388,-0.060053,0.556407,0.223087,-0.052764,0.537266,0.250842,-0.042002,0.617886,0.389064,-0.018847,0.602461,0.272234,-0.032499,0.581178,0.247240,-0.030385,0.566584,0.254624,-0.023584
255,1694951214.641705,0,-81.0849,-81.0849,-33.4303,-33.2859,47.1225,2617.2200,54.3090,14322.5192,2.2991,107.7222,263.1188,93.8683,60.8479,71.3901,114.2098,0.030822,0.583212,0.619791,0.000000,0.516572,0.609290,-0.046952,0.474841,0.528517,-0.070769,0.452836,0.433458,-0.080153,0.442239,0.359237,-0.085433,0.549783,0.428686,-0.102473,0.476285,0.317830,-0.122696,0.433958,0.297086,-0.122136,0.405700,0.297098,-0.116547,0.592537,0.396144,-0.078565,0.553645,0.247449,-0.107012,0.520144,0.238951,-0.102635,0.495665,0.262760,-0.091304,0.613760,0.385125,-0.052355,0.588915,0.244821,-0.076962,0.560759,0.227752,-0.071137,0.541571,0.241919,-0.058193,0.619615,0.390435,-0.026849,0.602808,0.281788,-0.041999,0.583782,0.248224,-0.037538,0.570276,0.244409,-0.027736
256,1694951214.650038,0,64.9066,64.9066,30.3282,63.7585,51.9329,2708.8841,51.0193,13430.2050,1.9999,99.7778,259.0993,93.7138,56.9290,63.6113,104.8693,0.028690,0.584307,0.625995,-0.000000,0.516209,0.625299,-0.059053,0.463440,0.543955,-0.085944,0.438068,0.430135,-0.096658,0.441323,0.351307,-0.101210,0.556723,0.427829,-0.103034,0.480780,0.314084,-0.117336,0.432428,0.298875,-0.110072,0.403976,0.307460,-0.101379,0.599883,0.385793,-0.074106,0.562765,0.224027,-0.097761,0.520082,0.229139,-0.090146,0.494460,0.265579,-0.077895,0.619842,0.370762,-0.044242,0.591301,0.216285,-0.068929,0.550225,0.231108,-0.063003,0.528665,0.271404,-0.050706,0.624594,0.376076,-0.016386,0.603238,0.255853,-0.036094,0.570965,0.251474,-0.035681,0.550767,0.275671,-0.029160
257,1694951214.658371,0,-57.4236,-57.4236,0.6491,-29.6791,52.0101,534.4855,26.9019,14112.2396,1.5525,102.5694,263.9451,97.2934,61.9254,68.5665,109.3338,0.030174,0.586961,0.624563,-0.000000,0.518324,0.625260,-0.058972,0.463761,0.544656,-0.084403,0.439583,0.432610,-0.092529,0.446482,0.359106,-0.093803,0.564465,0.426376,-0.105983,0.486394,0.308731,-0.119355,0.434667,0.292990,-0.109852,0.406897,0.302393,-0.099249,0.604689,0.385734,-0.075556,0.566002,0.218873,-0.100064,0.520083,0.227755,-0.091302,0.496886,0.269410,-0.077412,0.621529,0.369022,-0.043911,0.591603,0.212812,-0.068530,0.548054,0.227172,-0.063580,0.529179,0.269030,-0.051531,0.623325,0.371182,-0.014070,0.601865,0.248157,-0.032971,0.570842,0.244806,-0.033143,0.555317,0.271515,-0.026969
258,1694951214.666705,0,63.1969,63.1969,29.0037,28.3546,63.3550,2645.2852,6.9802,11935.0151,1.2823,102.4360,262.7137,90.9589,55.8236,65.5232,107.6231,0.032796,0.585984,0.621391,-0.000000,0.516012,0.620371,-0.057546,0.463651,0.538804,-0.082651,0.441185,0.427154,-0.090846,0.449664,0.353602,-0.092374,0.562384,0.425659,-0.105992,0.483761,0.305683,-0.119839,0.432101,0.291102,-0.109942,0.402310,0.301511,-0.099010,0.603835,0.383109,-0.076672,0.562609,0.219455,-0.100451,0.517634,0.235174,-0.089667,0.493141,0.281177,-0.074560,0.622408,0.365442,-0.046263,0.592859,0.205314,-0.070389,0.551327,0.222542,-0.063472,0.531063,0.267243,-0.050421,0.626116,0.367850,-0.017738,0.604579,0.245644,-0.037730,0.571681,0.244987,-0.038177,0.551978,0.275906,-0.032127
259,1694951214.675038,0,-58.3974,-58.3974,5.6719,-23.3318,64.0975,34.5826,16.7596,12470.3699,2.0764,100.9599,263.4604,93.6506,61.1396,70.6746,112.1906,0.028822,0.584741,0.627738,-0.000000,0.517273,0.619728,-0.054338,0.465199,0.536431,-0.078363,0.443768,0.422809,-0.086642,0.452024,0.348566,-0.088537,0.566525,0.421507,-0.100061,0.488332,0.305389,-0.114678,0.436981,0.288178,-0.107110,0.406759,0.295579,-0.097834,0.607718,0.380326,-0.073101,0.567742,0.219851,-0.096791,0.523304,0.232049,-0.087249,0.499413,0.272809,-0.073371,0.625522,0.364120,-0.045121,0.596670,0.207457,-0.069320,0.555122,0.225809,-0.061589,0.535711,0.269045,-0.047969,0.627907,0.369635,-0.018975,0.608046,0.247318,-0.037516,0.577019,0.246538,-0.035565,0.559708,0.276609,-0.027883
260,1694951214.683371,0,67.9448,67.9448,0.7595,-4.9124,60.4047,653.9157,20.0521,12018.6425,2.3645,98.4267,273.7606,97.3829,66.3203,77.5458,118.2496,0.030155,0.587344,0.629310,0.000000,0.517842,0.616953,-0.049823,0.468419,0.531616,-0.073311,0.448279,0.421077,-0.081877,0.453962,0.347255,-0.085165,0.562189,0.431347,-0.099566,0.487624,0.311521,-0.113264,0.441424,0.288700,-0.108405,0.410319,0.286958,-0.102215,0.604179,0.395739,-0.074567,0.573461,0.232135,-0.097225,0.539693,0.216886,-0.092969,0.513868,0.239328,-0.084023,0.624396,0.383844,-0.047174,0.598233,0.236274,-0.065577,0.566714,0.226750,-0.059018,0.546176,0.255067,-0.048280,0.628007,0.389643,-0.021673,0.611330,0.278067,-0.037863,0.590902,0.246538,-0.037962,0.577034,0.247411,-0.032511
261,1694951214.691705,0,-56.8640,-56.8640,0.1399,-0.6196,60.3430,626.7161,46.4933,14192.7278,2.5827,101.1998,280.6029,103.1639,73.8193,84.3243,124.3901,0.028781,0.586075,0.619956,-0.000000,0.519264,0.613467,-0.053944,0.467350,0.527374,-0.078116,0.446183,0.411689,-0.086378,0.455682,0.340876,-0.088554,0.565602,0.424770,-0.101531,0.494163,0.302456,-0.114271,0.444958,0.279360,-0.105405,0.415067,0.280924,-0.095896,0.607728,0.385830,-0.074834,0.575924,0.216835,-0.095915,0.536946,0.217972,-0.085600,0.513494,0.251598,-0.071713,0.627705,0.371378,-0.046699,0.600892,0.215125,-0.067134,0.563442,0.225459,-0.058225,0.543460,0.264808,-0.044691,0.632189,0.377851,-0.020612,0.612685,0.254779,-0.036770,0.582657,0.249562,-0.034349,0.563726,0.277869,-0.026849
262,1694951214.700038,0,57.1901,57.1901,-1.5017,-1.6416,59.0880,869.5155,28.5681,14724.6419,1.8208,98.2091,293.9866,115.8228,86.0588,93.1583,129.5803,0.019106,0.585453,0.625180,-0.000000,0.518909,0.613071,-0.051918,0.467019,0.524413,-0.074301,0.447862,0.410865,-0.081327,0.459756,0.340567,-0.082341,0.572591,0.422334,-0.096153,0.502027,0.302473,-0.109416,0.452719,0.280411,-0.101403,0.425381,0.281530,-0.092348,0.614219,0.384579,-0.070975,0.579505,0.213445,-0.094984,0.533824,0.220468,-0.085841,0.509456,0.256223,-0.071625,0.632479,0.370232,-0.044617,0.604815,0.212662,-0.068482,0.561229,0.228438,-0.060571,0.540830,0.266549,-0.046374,0.635005,0.377483,-0.019972,0.615400,0.252513,-0.036667,0.582869,0.249405,-0.033498,0.564425,0.275929,-0.025127
263,1694951214.708371,0,48.2958,48.2958,26.6733,28.1750,56.8976,2889.5575,84.5073,15966.1704,2.3807,96.9552,294.1858,117.0220,87.1616,93.8163,130.3504,0.019883,0.586562,0.622714,-0.000000,0.518706,0.608689,-0.050535,0.467351,0.520215,-0.071106,0.448378,0.405496,-0.076435,0.461882,0.336222,-0.076125,0.571140,0.418005,-0.091319,0.501413,0.297898,-0.102710,0.452324,0.278484,-0.094397,0.426548,0.280823,-0.085671,0.612233,0.379642,-0.065809,0.576965,0.210453,-0.088177,0.531260,0.227156,-0.080143,0.508561,0.268846,-0.067040,0.629661,0.364907,-0.039148,0.601981,0.203431,-0.062134,0.558933,0.224930,-0.057275,0.540229,0.269271,-0.045632,0.631901,0.370312,-0.013951,0.610610,0.250434,-0.032351,0.578871,0.249244,-0.033249,0.562898,0.277137,-0.027955
264,1694951214.716705,0,-39.4909,-39.4909,-26.8589,-53.5322,52.5825,2687.8314,34.4753,19306.4981,2.1632,95.4043,294.9984,117.0929,89.3886,96.8428,133.6547,0.019519,0.588380,0.626577,-0.000000,0.519649,0.608381,-0.052410,0.468496,0.517714,-0.072178,0.448275,0.402401,-0.075730,0.459092,0.328725,-0.072950,0.573317,0.419841,-0.094298,0.499565,0.291561,-0.104131,0.449839,0.272902,-0.093215,0.426502,0.276565,-0.082628,0.614124,0.382355,-0.066844,0.577447,0.208588,-0.088627,0.531150,0.225100,-0.079295,0.509913,0.268369,-0.065356,0.630895,0.367627,-0.038218,0.602437,0.204493,-0.059732,0.558277,0.225255,-0.054366,0.539729,0.268861,-0.042874,0.632423,0.372232,-0.011305,0.612147,0.252322,-0.028882,0.580469,0.250235,-0.030274,0.564566,0.277815,-0.025613
265,1694951214.725038,0,48.0113,48.0113,26.2188,53.0777,49.0882,2682.1894,77.8927,17823.1113,1.3948,95.1690,291.8465,114.5193,86.6198,95.1549,132.6394,0.022318,0.584440,0.625821,-0.000000,0.515614,0.602346,-0.051180,0.467126,0.506533,-0.071422,0.451671,0.386280,-0.075426,0.467530,0.317457,-0.073885,0.573419,0.413676,-0.095023,0.501372,0.299818,-0.106080,0.453373,0.277215,-0.099513,0.424438,0.274563,-0.092617,0.614389,0.378596,-0.067856,0.577665,0.209206,-0.086562,0.534814,0.218006,-0.078956,0.509391,0.255258,-0.068099,0.632671,0.367183,-0.039001,0.604847,0.205665,-0.058116,0.565574,0.226706,-0.052468,0.546891,0.271639,-0.041786,0.635277,0.375399,-0.011812,0.614144,0.257452,-0.027704,0.582266,0.256675,-0.028053,0.564564,0.284159,-0.023257
266,1694951214.733371,0,33.3812,33.3812,-5.9522,-32.1710,35.3199,298.1660,79.4379,14031.3349,2.6410,93.3256,298.4387,117.5820,90.1302,99.3717,136.1699,0.021534,0.587882,0.618725,-0.000000,0.521377,0.603802,-0.053396,0.470363,0.510574,-0.073838,0.449772,0.392179,-0.077505,0.461785,0.323295,-0.074657,0.570327,0.410993,-0.097609,0.500235,0.293354,-0.104433,0.453038,0.273118,-0.090558,0.427836,0.271581,-0.078835,0.612203,0.374590,-0.069796,0.579189,0.206473,-0.088010,0.536605,0.216000,-0.076255,0.512955,0.250786,-0.061715,0.631385,0.362206,-0.040388,0.607043,0.206586,-0.059671,0.567551,0.224696,-0.052190,0.548069,0.266058,-0.039821,0.634638,0.370819,-0.012816,0.616437,0.251208,-0.029359,0.584954,0.248747,-0.029507,0.566603,0.277397,-0.024273
267,1694951214.741705,1,,,0.0000,0.0000,0.0000,0.0000,,,,,,,,,,,0.000000,0.000000,0.000000,0.000000,0.000000,0.000000,0.000000,0.000000,0.000000,0.000000,0.000000,0.000000,0.000000,0.000000,0.000000,0.000000,0.000000,0.000000,0.000000,0.000000,0.000000,0.000000,0.000000,0.000000,0.000000,0.000000,0.000000,0.000000,0.000000,0.000000,0.000000,0.000000,0.000000,0.000000,0.000000,0.000000,0.000000,0.000000,0.000000,0.000000,0.000000,0.000000,0.000000,0.000000,0.000000,0.000000,0.000000,0.000000,0.000000,0.000000,0.000000,0.000000,0.000000,0.000000,0.000000,0.000000,0.000000,0.000000,0.000000,0.000000,0.000000,0.000000,0.000000
268,1694951214.750038,1,,,0.0000,0.0000,0.0000,0.0000,,,,,,,,,,,0.000000,0.000000,0.000000,0.000000,0.000000,0.000000,0.000000,0.000000,0.000000,0.000000,0.000000,0.000000,0.000000,0.000000,0.000000,0.000000,0.000000,0.000000,0.000000,0.000000,0.000000,0.000000,0.000000,0.000000,0.000000,0.000000,0.000000,0.000000,0.000000,0.000000,0.000000,0.000000,0.000000,0.000000,0.000000,0.000000,0.000000,0.000000,0.000000,0.000000,0.000000,0.000000,0.000000,0.000000,0.000000,0.000000,0.000000,0.000000,0.000000,0.000000,0.000000,0.000000,0.000000,0.000000,0.000000,0.000000,0.000000,0.000000,0.000000,0.000000,0.000000,0.000000,0.000000
269,1694951214.758371,1,38.7143,38.7143,-2.3954,0.0000,33.1257,166.9549,,15003.7775,1.0794,96.6350,297.4433,118.4718,91.8872,99.7975,136.2590,0.020077,0.585944,0.618830,-0.000000,0.517886,0.596652,-0.051274,0.467282,0.502853,-0.070258,0.450412,0.386727,-0.073215,0.463877,0.316271,-0.070173,0.572134,0.405591,-0.089954,0.501848,0.287809,-0.098552,0.453155,0.271283,-0.090357,0.425625,0.269740,-0.082613,0.612613,0.372071,-0.062359,0.578980,0.202346,-0.079490,0.536344,0.213003,-0.070592,0.513637,0.251001,-0.058651,0.630608,0.363484,-0.033517,0.606435,0.206325,-0.051742,0.565955,0.224493,-0.046258,0.546624,0.264235,-0.035531,0.633702,0.372053,-0.006397,0.616233,0.250312,-0.021323,0.584372,0.247998,-0.021265,0.565672,0.273909,-0.016220
270,1694951214.766705,1,48.4838,48.4838,21.9937,24.3890,33.1513,1848.3329,39.1561,12566.2052,1.2166,101.2747,299.4768,116.7343,92.0299,103.0767,140.9860,0.023543,0.584108,0.614285,-0.000000,0.517283,0.595041,-0.054148,0.468245,0.501655,-0.073444,0.450776,0.387361,-0.075232,0.464299,0.318264,-0.070679,0.572289,0.403287,-0.095557,0.501319,0.291317,-0.104537,0.453309,0.267544,-0.096826,0.423442,0.261406,-0.089354,0.613509,0.369696,-0.065847,0.581833,0.203007,-0.081324,0.541932,0.208023,-0.071811,0.517396,0.244585,-0.059672,0.631755,0.361000,-0.034945,0.606220,0.208177,-0.052038,0.568416,0.225543,-0.046968,0.548756,0.266831,-0.036686,0.634924,0.370814,-0.005924,0.614451,0.259089,-0.021202,0.582241,0.260385,-0.022160,0.562217,0.290002,-0.017676
271,1694951214.775038,1,44.1814,44.1814,-0.9575,-22.9511,5.7702,257.6020,39.1037,14946.4617,1.2288,96.6389,306.4692,127.5623,100.5338,108.0453,142.8298,0.016773,0.585546,0.609166,-0.000000,0.519051,0.592842,-0.047954,0.470510,0.503555,-0.066638,0.452842,0.390580,-0.070256,0.464890,0.320810,-0.068504,0.569761,0.407909,-0.089257,0.501437,0.291499,-0.099819,0.455502,0.268958,-0.091831,0.431784,0.266310,-0.083447,0.611603,0.371618,-0.064216,0.578374,0.200311,-0.084816,0.534714,0.213489,-0.076146,0.511816,0.254254,-0.062498,0.630372,0.358847,-0.037790,0.603622,0.200827,-0.058409,0.562521,0.224706,-0.052480,0.544748,0.269270,-0.040111,0.634027,0.366889,-0.012728,0.613031,0.253011,-0.028955,0.580522,0.254033,-0.029211,0.563104,0.282475,-0.023431
272,1694951214.783371,1,37.6560,37.6560,1.0687,2.0262,5.2772,173.0665,35.4348,14963.2839,1.3327,97.6813,303.9220,122.8762,97.2934,105.6235,141.1285,0.019655,0.587021,0.604600,-0.000000,0.520283,0.591102,-0.050703,0.470500,0.498755,-0.069775,0.451903,0.385826,-0.072153,0.463904,0.315488,-0.068121,0.566975,0.406089,-0.096523,0.499107,0.287193,-0.104349,0.452834,0.265514,-0.091300,0.428379,0.264701,-0.079496,0.609664,0.372446,-0.068895,0.575442,0.203370,-0.086652,0.533698,0.215211,-0.073240,0.511702,0.252035,-0.057244,0.629593,0.361461,-0.039677,0.604021,0.202219,-0.057938,0.565620,0.220788,-0.048664,0.547392,0.260797,-0.034919,0.634625,0.370220,-0.011985,0.615111,0.247127,-0.026014,0.584303,0.242301,-0.024391,0.566893,0.267888,-0.018108
273,1694951214.791705,1,43.5315,43.5315,1.2043,0.1356,3.9368,135.8122,7.1362,14531.1285,1.7792,92.5023,303.4684,124.7162,96.5940,103.1406,137.6235,0.018393,0.583510,0.624451,-0.000000,0.516933,0.600099,-0.052881,0.468163,0.502413,-0.071185,0.449693,0.384669,-0.073406,0.461216,0.312246,-0.069438,0.573147,0.408265,-0.086763,0.505271,0.288803,-0.096069,0.456803,0.271327,-0.088289,0.429306,0.271121,-0.080477,0.612809,0.374642,-0.058825,0.580841,0.205024,-0.077064,0.536853,0.215143,-0.069229,0.512667,0.251405,-0.057464,0.628890,0.364361,-0.030344,0.606236,0.210321,-0.050098,0.564078,0.227655,-0.045966,0.543044,0.265902,-0.035636,0.630198,0.370694,-0.003829,0.616237,0.254566,-0.019804,0.584847,0.251959,-0.020871,0.565115,0.277436,-0.016376
274,1694951214.800038,1,,,0.0000,0.0000,0.0000,0.0000,,,,,,,,,,,0.000000,0.000000,0.000000,0.000000,0.000000,0.000000,0.000000,0.000000,0.000000,0.000000,0.000000,0.000000,0.000000,0.000000,0.000000,0.000000,0.000000,0.000000,0.000000,0.000000,0.000000,0.000000,0.000000,0.000000,0.000000,0.000000,0.000000,0.000000,0.000000,0.000000,0.000000,0.000000,0.000000,0.000000,0.000000,0.000000,0.000000,0.000000,0.000000,0.000000,0.000000,0.000000,0.000000,0.000000,0.000000,0.000000,0.000000,0.000000,0.000000,0.000000,0.000000,0.000000,0.000000,0.000000,0.000000,0.000000,0.000000,0.000000,0.000000,0.000000,0.000000,0.000000,0.000000
275,1694951214.808371,1,34.8246,34.8246,-3.4148,0.0000,4.8816,278.6670,,13962.5201,1.9051,92.3796,309.8796,132.7195,104.0865,109.0432,141.5249,0.014631,0.585019,0.613616,-0.000000,0.519231,0.595697,-0.048110,0.469713,0.504024,-0.068518,0.450924,0.386837,-0.075397,0.465145,0.315954,-0.077030,0.572418,0.406725,-0.083856,0.504829,0.291218,-0.093790,0.458850,0.268292,-0.085619,0.435269,0.268768,-0.077593,0.613046,0.369595,-0.060506,0.580316,0.203442,-0.081155,0.536744,0.213497,-0.073985,0.513410,0.251381,-0.062061,0.631130,0.356798,-0.036171,0.604281,0.199918,-0.057467,0.562864,0.218553,-0.051733,0.543523,0.262533,-0.040155,0.634049,0.363853,-0.013431,0.614841,0.243648,-0.030472,0.580918,0.242794,-0.030400,0.561090,0.271955,-0.024826
276,1694951214.816705,1,48.8794,48.8794,1.1745,4.5893,4.9923,112.2515,67.2096,15871.1867,1.3388,97.7461,309.3193,127.0675,100.6011,107.9964,142.9737,0.016540,0.585690,0.621543,-0.000000,0.520787,0.598638,-0.048080,0.469961,0.504003,-0.067836,0.450803,0.383843,-0.073095,0.463577,0.312279,-0.073244,0.576687,0.409812,-0.088158,0.507677,0.294628,-0.099800,0.459877,0.270395,-0.094330,0.431139,0.264490,-0.088242,0.615149,0.372176,-0.064066,0.581544,0.202972,-0.084577,0.538437,0.211299,-0.077037,0.513703,0.251088,-0.064927,0.631245,0.360058,-0.038672,0.606339,0.204211,-0.058965,0.565144,0.218909,-0.052767,0.544615,0.259738,-0.040733,0.632862,0.367315,-0.014906,0.614540,0.249604,-0.030820,0.582332,0.243333,-0.030251,0.562608,0.266449,-0.024232
277,1694951214.825038,0,39.7001,39.7001,0.5110,-0.6635,4.8881,196.2887,67.1886,15018.3585,1.5125,98.1235,313.4283,132.5594,106.0174,112.7639,146.5063,0.015877,0.588046,0.629952,-0.000000,0.524631,0.604417,-0.043570,0.473764,0.506341,-0.061338,0.453847,0.386255,-0.066957,0.466558,0.315638,-0.067965,0.579042,0.411646,-0.076586,0.508598,0.293510,-0.087117,0.461550,0.268907,-0.082942,0.435362,0.260805,-0.078559,0.617539,0.371408,-0.055921,0.581848,0.205783,-0.074776,0.537320,0.213900,-0.069103,0.512604,0.250813,-0.059531,0.634334,0.358055,-0.034240,0.609137,0.203701,-0.053340,0.566526,0.221885,-0.047771,0.545798,0.265039,-0.037359,0.636263,0.365410,-0.014209,0.620372,0.249724,-0.029523,0.587622,0.248363,-0.028842,0.567969,0.276517,-0.023494
278,1694951214.833371,0,50.7096,50.7096,1.7945,1.2835,5.8415,231.9053,81.6897,14023.5757,1.5756,98.3596,311.5009,128.4424,101.8612,109.1530,143.1490,0.016843,0.586427,0.612701,-0.000000,0.519209,0.597617,-0.056649,0.469760,0.498437,-0.077040,0.454674,0.377516,-0.079555,0.469339,0.306151,-0.075658,0.574515,0.412701,-0.100673,0.508310,0.290473,-0.109076,0.459937,0.266072,-0.097481,0.432633,0.261498,-0.087376,0.615872,0.376518,-0.071095,0.585767,0.206065,-0.087695,0.542893,0.214717,-0.075820,0.519428,0.249051,-0.062007,0.633422,0.361108,-0.040447,0.609805,0.201914,-0.059349,0.569908,0.222346,-0.052907,0.550867,0.265253,-0.041832,0.635457,0.364374,-0.011911,0.616668,0.241561,-0.029762,0.585626,0.241602,-0.031240,0.568212,0.273081,-0.027132
279,1694951214.841705,0,48.9035,48.9035,3.5197,1.7252,6.2246,277.6224,17.8940,14772.1730,1.3609,97.1651,315.0605,132.0209,106.4151,113.8042,148.2358,0.015964,0.589421,0.632483,-0.000000,0.524603,0.607886,-0.048335,0.473816,0.506278,-0.067178,0.457305,0.383684,-0.072435,0.470393,0.310663,-0.072714,0.582453,0.415891,-0.083511,0.513121,0.292170,-0.095469,0.463790,0.266398,-0.091215,0.435569,0.257718,-0.086397,0.621193,0.376679,-0.060310,0.587796,0.205756,-0.080625,0.541819,0.214596,-0.074540,0.516488,0.252327,-0.064137,0.636834,0.362338,-0.036358,0.612721,0.204833,-0.057301,0.569133,0.222269,-0.052592,0.547929,0.264218,-0.042343,0.637681,0.366941,-0.014279,0.622413,0.249746,-0.031151,0.589091,0.248900,-0.031401,0.568778,0.277990,-0.026556
280,1694951214.850038,0,44.7704,44.7704,-1.0273,-4.5470,3.9584,288.9584,45.8430,14496.4148,1.9916,94.4776,320.0147,134.2734,107.9548,114.7794,148.2111,0.016003,0.590237,0.631927,-0.000000,0.523411,0.604116,-0.050837,0.472439,0.499192,-0.068774,0.459252,0.375127,-0.072240,0.479959,0.310159,-0.070111,0.582721,0.416136,-0.084041,0.515242,0.289368,-0.095327,0.465138,0.266608,-0.089948,0.438174,0.259096,-0.084202,0.623311,0.378605,-0.059481,0.591657,0.204062,-0.079388,0.543968,0.214368,-0.072273,0.520420,0.253552,-0.060832,0.640172,0.364407,-0.034526,0.617162,0.205280,-0.055551,0.572127,0.225286,-0.051019,0.552369,0.266843,-0.040390,0.642558,0.368792,-0.011712,0.627488,0.244999,-0.027432,0.593429,0.246475,-0.027013,0.574221,0.279013,-0.021763
281,1694951214.858371,0,50.9347,50.9347,2.8087,3.8359,4.2691,323.5589,56.8553,15007.9095,2.2180,93.7940,322.6340,137.0300,111.4724,118.5834,152.2953,0.013734,0.588113,0.633726,-0.000000,0.522997,0.602450,-0.054269,0.473774,0.500680,-0.073581,0.460330,0.379583,-0.076879,0.482005,0.315177,-0.073611,0.585874,0.415156,-0.091450,0.517850,0.287595,-0.104214,0.467861,0.264253,-0.098513,0.439629,0.255327,-0.091935,0.626071,0.376407,-0.064180,0.593776,0.204795,-0.084359,0.545655,0.213472,-0.076095,0.520725,0.250487,-0.063934,0.641457,0.359545,-0.036448,0.618359,0.202764,-0.057712,0.572697,0.221123,-0.052543,0.551563,0.260401,-0.041321,0.641717,0.362570,-0.011004,0.626954,0.244144,-0.025554,0.592044,0.245170,-0.024326,0.571215,0.276819,-0.018497
282,1694951214.866705,0,-59.1909,-59.1909,-27.4751,-30.2838,43.2647,3274.1242,17.1021,16491.7232,1.9493,103.7060,334.0470,144.2482,121.1681,130.0339,163.9658,0.013767,0.589758,0.627158,-0.000000,0.524976,0.603128,-0.052426,0.477219,0.502002,-0.071330,0.463066,0.380300,-0.075259,0.482647,0.314334,-0.073525,0.587974,0.414185,-0.085280,0.521879,0.285684,-0.100456,0.472324,0.257026,-0.099979,0.445473,0.243056,-0.097305,0.628100,0.376621,-0.059715,0.599102,0.205802,-0.081013,0.551485,0.214020,-0.076324,0.527306,0.250372,-0.066877,0.643104,0.360132,-0.034117,0.621893,0.200816,-0.057365,0.575836,0.219998,-0.055159,0.555653,0.261927,-0.045868,0.643328,0.361730,-0.010580,0.628919,0.241131,-0.027980,0.594480,0.241659,-0.028934,0.575030,0.273063,-0.024470
283,1694951214.875038,0,-55.7052,-55.7052,-26.1522,1.3229,51.8080,3386.4402,51.3023,12973.9719,2.5764,91.5448,335.8334,147.8138,124.0698,131.5230,163.9826,0.010727,0.590868,0.620544,-0.000000,0.527838,0.598170,-0.054435,0.480045,0.494894,-0.073804,0.466557,0.373121,-0.077316,0.484975,0.307539,-0.075367,0.590923,0.416351,-0.090333,0.525627,0.289531,-0.103097,0.477185,0.258193,-0.099188,0.448841,0.243622,-0.094415,0.629401,0.377031,-0.063457,0.599879,0.203653,-0.083190,0.553801,0.211385,-0.076000,0.528382,0.249714,-0.064492,0.643815,0.358995,-0.036414,0.620136,0.201114,-0.057713,0.576932,0.218287,-0.054135,0.556083,0.259012,-0.044160,0.643455,0.358324,-0.011706,0.627221,0.241439,-0.029583,0.594390,0.240534,-0.031479,0.574445,0.269537,-0.027554
284,1694951214.883371,0,42.5331,42.5331,-0.5593,25.5929,50.8044,777.2571,45.0210,14010.5209,2.9549,92.8804,346.6265,158.1643,134.8948,141.8199,174.0220,0.005653,0.591317,0.662937,-0.000000,0.526918,0.608753,-0.041761,0.483381,0.502559,-0.061087,0.474069,0.381131,-0.069558,0.485342,0.303931,-0.073049,0.591874,0.428370,-0.074856,0.527634,0.286594,-0.089951,0.481535,0.255736,-0.089187,0.457298,0.237359,-0.086680,0.634542,0.387023,-0.056593,0.605497,0.199116,-0.082577,0.559155,0.202586,-0.079858,0.533445,0.242129,-0.070077,0.652138,0.372888,-0.037033,0.629082,0.215981,-0.058317,0.585605,0.222173,-0.051185,0.563617,0.254894,-0.038637,0.652366,0.378794,-0.019348,0.636035,0.267960,-0.032613,0.601285,0.257268,-0.029473,0.579237,0.275421,-0.021988
285,1694951214.891705,0,48.1829,48.1829,-0.6880,-0.1286,51.3585,829.6431,15.6003,13190.1755,2.3490,98.0162,350.5281,159.0507,137.0631,145.1287,177.6504,0.007423,0.593456,0.635932,-0.000000,0.526565,0.600243,-0.049169,0.480188,0.491958,-0.068527,0.470573,0.364586,-0.073791,0.491405,0.295329,-0.073670,0.593676,0.414437,-0.082012,0.531816,0.276458,-0.096264,0.483506,0.243123,-0.093785,0.458351,0.227923,-0.089513,0.635724,0.380171,-0.058428,0.610413,0.195262,-0.082490,0.561372,0.197325,-0.076648,0.536292,0.232100,-0.064324,0.650975,0.368181,-0.034271,0.632279,0.211470,-0.057282,0.584971,0.219043,-0.051452,0.563950,0.253014,-0.038389,0.649969,0.373180,-0.012029,0.633164,0.256357,-0.026791,0.599129,0.250023,-0.024251,0.581809,0.274791,-0.016426
286,1694951214.900038,0,,,0.0000,0.0000,0.0000,0.0000,,,,,,,,,,,0.000000,0.000000,0.000000,0.000000,0.000000,0.000000,0.000000,0.000000,0.000000,0.000000,0.000000,0.000000,0.000000,0.000000,0.000000,0.000000,0.000000,0.000000,0.000000,0.000000,0.000000,0.000000,0.000000,0.000000,0.000000,0.000000,0.000000,0.000000,0.000000,0.000000,0.000000,0.000000,0.000000,0.000000,0.000000,0.000000,0.000000,0.000000,0.000000,0.000000,0.000000,0.000000,0.000000,0.000000,0.000000,0.000000,0.000000,0.000000,0.000000,0.000000,0.000000,0.000000,0.000000,0.000000,0.000000,0.000000,0.000000,0.000000,0.000000,0.000000,0.000000,0.000000,0.000000
287,1694951214.908371,0,47.8478,47.8478,26.7597,0.0000,50.8226,2664.1288,,15923.5836,2.9175,98.2207,356.8942,162.1497,143.1580,152.5301,185.1569,0.006512,0.594420,0.641906,-0.000000,0.527098,0.598181,-0.049547,0.483664,0.484487,-0.067940,0.478626,0.357991,-0.072825,0.494320,0.281964,-0.072693,0.595802,0.415174,-0.079385,0.533102,0.269546,-0.093141,0.485515,0.231936,-0.092564,0.459676,0.211575,-0.089980,0.638459,0.383135,-0.055665,0.612921,0.197344,-0.077333,0.563329,0.196559,-0.072782,0.536299,0.230720,-0.062705,0.654848,0.371801,-0.031792,0.635993,0.206535,-0.053527,0.588772,0.215951,-0.049027,0.566881,0.252417,-0.037856,0.655544,0.375378,-0.010067,0.640641,0.249541,-0.024944,0.604764,0.242834,-0.023558,0.584997,0.268715,-0.017230
288,1694951214.916705,0,52.1190,52.1190,26.9561,0.1964,41.4626,2927.1793,12.5273,12436.1686,2.9764,95.5586,370.1037,173.3987,154.1285,163.4585,195.2742,0.004298,0.592840,0.638932,-0.000000,0.526616,0.594936,-0.047514,0.484344,0.473229,-0.064685,0.480945,0.338907,-0.068028,0.506057,0.270253,-0.066490,0.598141,0.415953,-0.081344,0.540819,0.275586,-0.094939,0.495179,0.234646,-0.094810,0.466987,0.206068,-0.093485,0.639117,0.381308,-0.059018,0.611346,0.196003,-0.080147,0.562957,0.195152,-0.075621,0.535183,0.232291,-0.066198,0.655207,0.367698,-0.035980,0.635382,0.201446,-0.056332,0.588816,0.204739,-0.051392,0.565768,0.239724,-0.040677,0.655928,0.370793,-0.015067,0.642493,0.243227,-0.028637,0.607298,0.234608,-0.026774,0.586475,0.262400,-0.020784
289,1694951214.925038,0,49.7599,49.7599,1.8067,-25.1494,3.1613,1006.1844,0.3448,15791.1414,2.2888,102.6821,375.9470,176.3563,158.8790,169.6464,202.7759,0.004324,0.594935,0.642663,-0.000000,0.526303,0.594152,-0.045512,0.486046,0.471054,-0.061907,0.487022,0.336220,-0.065056,0.511999,0.267147,-0.063583,0.597611,0.413334,-0.079028,0.539312,0.270297,-0.093103,0.494776,0.227862,-0.094153,0.468514,0.195526,-0.093751,0.640021,0.378002,-0.057442,0.612786,0.193170,-0.077503,0.567364,0.195068,-0.072601,0.543400,0.234338,-0.062924,0.657157,0.364656,-0.035142,0.635997,0.200936,-0.053930,0.590844,0.207483,-0.048120,0.570625,0.243368,-0.037078,0.659195,0.367878,-0.014983,0.644890,0.247279,-0.027671,0.609747,0.239150,-0.025534,0.590021,0.265734,-0.019265
290,1694951214.933371,0,36.1008,36.1008,-3.0205,-4.8272,5.5594,903.6185,81.8375,16517.3245,2.1069,99.6250,381.8917,183.5448,165.8156,175.1007,206.0348,0.002092,0.595073,0.644869,-0.000000,0.527439,0.587401,-0.042554,0.490639,0.469784,-0.058572,0.489891,0.339727,-0.062702,0.508523,0.262314,-0.062428,0.598759,0.407611,-0.070964,0.540174,0.262556,-0.081105,0.497556,0.222783,-0.079541,0.472857,0.193628,-0.077355,0.640969,0.378013,-0.050398,0.614725,0.193616,-0.068491,0.569482,0.193072,-0.063638,0.544573,0.229550,-0.054022,0.658527,0.371152,-0.029010,0.639189,0.206991,-0.045137,0.593856,0.210695,-0.038404,0.572553,0.243544,-0.027189,0.660775,0.378513,-0.009658,0.648203,0.258601,-0.020226,0.612258,0.248329,-0.017294,0.591660,0.271262,-0.010730
291,1694951214.941705,0,,,0.0000,0.0000,0.0000,0.0000,,,,,,,,,,,0.000000,0.000000,0.000000,0.000000,0.000000,0.000000,0.000000,0.000000,0.000000,0.000000,0.000000,0.000000,0.000000,0.000000,0.000000,0.000000,0.000000,0.000000,0.000000,0.000000,0.000000,0.000000,0.000000,0.000000,0.000000,0.000000,0.000000,0.000000,0.000000,0.000000,0.000000,0.000000,0.000000,0.000000,0.000000,0.000000,0.000000,0.000000,0.000000,0.000000,0.000000,0.000000,0.000000,0.000000,0.000000,0.000000,0.000000,0.000000,0.000000,0.000000,0.000000,0.000000,0.000000,0.000000,0.000000,0.000000,0.000000,0.000000,0.000000,0.000000,0.000000,0.000000,0.000000
292,1694951214.950038,0,,,0.0000,0.0000,0.0000,0.0000,,,,,,,,,,,0.000000,0.000000,0.000000,0.000000,0.000000,0.000000,0.000000,0.000000,0.000000,0.000000,0.000000,0.000000,0.000000,0.000000,0.000000,0.000000,0.000000,0.000000,0.000000,0.000000,0.000000,0.000000,0.000000,0.000000,0.000000,0.000000,0.000000,0.000000,0.000000,0.000000,0.000000,0.000000,0.000000,0.000000,0.000000,0.000000,0.000000,0.000000,0.000000,0.000000,0.000000,0.000000,0.000000,0.000000,0.000000,0.000000,0.000000,0.000000,0.000000,0.000000,0.000000,0.000000,0.000000,0.000000,0.000000,0.000000,0.000000,0.000000,0.000000,0.000000,0.000000,0.000000,0.000000
293,1694951214.958371,0,,,0.0000,0.0000,0.0000,0.0000,,,,,,,,,,,0.000000,0.000000,0.000000,0.000000,0.000000,0.000000,0.000000,0.000000,0.000000,0.000000,0.000000,0.000000,0.000000,0.000000,0.000000,0.000000,0.000000,0.000000,0.000000,0.000000,0.000000,0.000000,0.000000,0.000000,0.000000,0.000000,0.000000,0.000000,0.000000,0.000000,0.000000,0.000000,0.000000,0.000000,0.000000,0.000000,0.000000,0.000000,0.000000,0.000000,0.000000,0.000000,0.000000,0.000000,0.000000,0.000000,0.000000,0.000000,0.000000,0.000000,0.000000,0.000000,0.000000,0.000000,0.000000,0.000000,0.000000,0.000000,0.000000,0.000000,0.000000,0.000000,0.000000
294,1694951214.966705,0,,,0.0000,0.0000,0.0000,0.0000,,,,,,,,,,,0.000000,0.000000,0.000000,0.000000,0.000000,0.000000,0.000000,0.000000,0.000000,0.000000,0.000000,0.000000,0.000000,0.000000,0.000000,0.000000,0.000000,0.000000,0.000000,0.000000,0.000000,0.000000,0.000000,0.000000,0.000000,0.000000,0.000000,0.000000,0.000000,0.000000,0.000000,0.000000,0.000000,0.000000,0.000000,0.000000,0.000000,0.000000,0.000000,0.000000,0.000000,0.000000,0.000000,0.000000,0.000000,0.000000,0.000000,0.000000,0.000000,0.000000,0.000000,0.000000,0.000000,0.000000,0.000000,0.000000,0.000000,0.000000,0.000000,0.000000,0.000000,0.000000,0.000000
295,1694951214.975038,0,,,0.0000,0.0000,0.0000,0.0000,,,,,,,,,,,0.000000,0.000000,0.000000,0.000000,0.000000,0.000000,0.000000,0.000000,0.000000,0.000000,0.000000,0.000000,0.000000,0.000000,0.000000,0.000000,0.000000,0.000000,0.000000,0.000000,0.000000,0.000000,0.000000,0.000000,0.000000,0.000000,0.000000,0.000000,0.000000,0.000000,0.000000,0.000000,0.000000,0.000000,0.000000,0.000000,0.000000,0.000000,0.000000,0.000000,0.000000,0.000000,0.000000,0.000000,0.000000,0.000000,0.000000,0.000000,0.000000,0.000000,0.000000,0.000000,0.000000,0.000000,0.000000,0.000000,0.000000,0.000000,0.000000,0.000000,0.000000,0.000000,0.000000
296,1694951214.983371,0,,,0.0000,0.0000,0.0000,0.0000,,,,,,,,,,,0.000000,0.000000,0.000000,0.000000,0.000000,0.000000,0.000000,0.000000,0.000000,0.000000,0.000000,0.000000,0.000000,0.000000,0.000000,0.000000,0.000000,0.000000,0.000000,0.000000,0.000000,0.000000,0.000000,0.000000,0.000000,0.000000,0.000000,0.000000,0.000000,0.000000,0.000000,0.000000,0.000000,0.000000,0.000000,0.000000,0.000000,0.000000,0.000000,0.000000,0.000000,0.000000,0.000000,0.000000,0.000000,0.000000,0.000000,0.000000,0.000000,0.000000,0.000000,0.000000,0.000000,0.000000,0.000000,0.000000,0.000000,0.000000,0.000000,0.000000,0.000000,0.000000,0.000000
297,1694951214.991705,1,,,0.0000,0.0000,0.0000,0.0000,,,,,,,,,,,0.000000,0.000000,0.000000,0.000000,0.000000,0.000000,0.000000,0.000000,0.000000,0.000000,0.000000,0.000000,0.000000,0.000000,0.000000,0.000000,0.000000,0.000000,0.000000,0.000000,0.000000,0.000000,0.000000,0.000000,0.000000,0.000000,0.000000,0.000000,0.000000,0.000000,0.000000,0.000000,0.000000,0.000000,0.000000,0.000000,0.000000,0.000000,0.000000,0.000000,0.000000,0.000000,0.000000,0.000000,0.000000,0.000000,0.000000,0.000000,0.000000,0.000000,0.000000,0.000000,0.000000,0.000000,0.000000,0.000000,0.000000,0.000000,0.000000,0.000000,0.000000,0.000000,0.000000
298,1694951215.000038,1,,,0.0000,0.0000,0.0000,0.0000,,,,,,,,,,,0.000000,0.000000,0.000000,0.000000,0.000000,0.000000,0.000000,0.000000,0.000000,0.000000,0.000000,0.000000,0.000000,0.000000,0.000000,0.000000,0.000000,0.000000,0.000000,0.000000,0.000000,0.000000,0.000000,0.000000,0.000000,0.000000,0.000000,0.000000,0.000000,0.000000,0.000000,0.000000,0.000000,0.000000,0.000000,0.000000,0.000000,0.000000,0.000000,0.000000,0.000000,0.000000,0.000000,0.000000,0.000000,0.000000,0.000000,0.000000,0.000000,0.000000,0.000000,0.000000,0.000000,0.000000,0.000000,0.000000,0.000000,0.000000,0.000000,0.000000,0.000000,0.000000,0.000000
299,1694951215.008371,1,,,0.0000,0.0000,0.0000,0.0000,,,,,,,,,,,0.000000,0.000000,0.000000,0.000000,0.000000,0.000000,0.000000,0.000000,0.000000,0.000000,0.000000,0.000000,0.000000,0.000000,0.000000,0.000000,0.000000,0.000000,0.000000,0.000000,0.000000,0.000000,0.000000,0.000000,0.000000,0.000000,0.000000,0.000000,0.000000,0.000000,0.000000,0.000000,0.000000,0.000000,0.000000,0.000000,0.000000,0.000000,0.000000,0.000000,0.000000,0.000000,0.000000,0.000000,0.000000,0.000000,0.000000,0.000000,0.000000,0.000000,0.000000,0.000000,0.000000,0.000000,0.000000,0.000000,0.000000,0.000000,0.000000,0.000000,0.000000,0.000000,0.000000
300,1694951215.016705,1,,,0.0000,0.0000,0.0000,0.0000,,,,,,,,,,,0.000000,0.000000,0.000000,0.000000,0.000000,0.000000,0.000000,0.000000,0.000000,0.000000,0.000000,0.000000,0.000000,0.000000,0.000000,0.000000,0.000000,0.000000,0.000000,0.000000,0.000000,0.000000,0.000000,0.000000,0.000000,0.000000,0.000000,0.000000,0.000000,0.000000,0.000000,0.000000,0.000000,0.000000,0.000000,0.000000,0.000000,0.000000,0.000000,0.000000,0.000000,0.000000,0.000000,0.000000,0.000000,0.000000,0.000000,0.000000,0.000000,0.000000,0.000000,0.000000,0.000000,0.000000,0.000000,0.000000,0.000000,0.000000,0.000000,0.000000,0.000000,0.000000,0.000000
301,1694951215.025038,1,,,0.0000,0.0000,0.0000,0.0000,,,,,,,,,,,0.000000,0.000000,0.000000,0.000000,0.000000,0.000000,0.000000,0.000000,0.000000,0.000000,0.000000,0.000000,0.000000,0.000000,0.000000,0.000000,0.000000,0.000000,0.000000,0.000000,0.000000,0.000000,0.000000,0.000000,0.000000,0.000000,0.000000,0.000000,0.000000,0.000000,0.000000,0.000000,0.000000,0.000000,0.000000,0.000000,0.000000,0.000000,0.000000,0.000000,0.000000,0.000000,0.000000,0.000000,0.000000,0.000000,0.000000,0.000000,0.000000,0.000000,0.000000,0.000000,0.000000,0.000000,0.000000,0.000000,0.000000,0.000000,0.000000,0.000000,0.000000,0.000000,0.000000
302,1694951215.033371,1,,,0.0000,0.0000,0.0000,0.0000,,,,,,,,,,,0.000000,0.000000,0.000000,0.000000,0.000000,0.000000,0.000000,0.000000,0.000000,0.000000,0.000000,0.000000,0.000000,0.000000,0.000000,0.000000,0.000000,0.000000,0.000000,0.000000,0.000000,0.000000,0.000000,0.000000,0.000000,0.000000,0.000000,0.000000,0.000000,0.000000,0.000000,0.000000,0.000000,0.000000,0.000000,0.000000,0.000000,0.000000,0.000000,0.000000,0.000000,0.000000,0.000000,0.000000,0.000000,0.000000,0.000000,0.000000,0.000000,0.000000,0.000000,0.000000,0.000000,0.000000,0.000000,0.000000,0.000000,0.000000,0.000000,0.000000,0.000000,0.000000,0.000000
303,1694951215.041705,1,,,0.0000,0.0000,0.0000,0.0000,,,,,,,,,,,0.000000,0.000000,0.000000,0.000000,0.000000,0.000000,0.000000,0.000000,0.000000,0.000000,0.000000,0.000000,0.000000,0.000000,0.000000,0.000000,0.000000,0.000000,0.000000,0.000000,0.000000,0.000000,0.000000,0.000000,0.000000,0.000000,0.000000,0.000000,0.000000,0.000000,0.000000,0.000000,0.000000,0.000000,0.000000,0.000000,0.000000,0.000000,0.000000,0.000000,0.000000,0.000000,0.000000,0.000000,0.000000,0.000000,0.000000,0.000000,0.000000,0.000000,0.000000,0.000000,0.000000,0.000000,0.000000,0.000000,0.000000,0.000000,0.000000,0.000000,0.000000,0.000000,0.000000
304,1694951215.050038,1,,,0.0000,0.0000,0.0000,0.0000,,,,,,,,,,,0.000000,0.000000,0.000000,0.000000,0.000000,0.000000,0.000000,0.000000,0.000000,0.000000,0.000000,0.000000,0.000000,0.000000,0.000000,0.000000,0.000000,0.000000,0.000000,0.000000,0.000000,0.000000,0.000000,0.000000,0.000000,0.000000,0.000000,0.000000,0.000000,0.000000,0.000000,0.000000,0.000000,0.000000,0.000000,0.000000,0.000000,0.000000,0.000000,0.000000,0.000000,0.000000,0.000000,0.000000,0.000000,0.000000,0.000000,0.000000,0.000000,0.000000,0.000000,0.000000,0.000000,0.000000,0.000000,0.000000,0.000000,0.000000,0.000000,0.000000,0.000000,0.000000,0.000000
305,1694951215.058371,0,,,0.0000,0.0000,0.0000,0.0000,,,,,,,,,,,0.000000,0.000000,0.000000,0.000000,0.000000,0.000000,0.000000,0.000000,0.000000,0.000000,0.000000,0.000000,0.000000,0.000000,0.000000,0.000000,0.000000,0.000000,0.000000,0.000000,0.000000,0.000000,0.000000,0.000000,0.000000,0.000000,0.000000,0.000000,0.000000,0.000000,0.000000,0.000000,0.000000,0.000000,0.000000,0.000000,0.000000,0.000000,0.000000,0.000000,0.000000,0.000000,0.000000,0.000000,0.000000,0.000000,0.000000,0.000000,0.000000,0.000000,0.000000,0.000000,0.000000,0.000000,0.000000,0.000000,0.000000,0.000000,0.000000,0.000000,0.000000,0.000000,0.000000
306,1694951215.066705,0,,,0.0000,0.0000,0.0000,0.0000,,,,,,,,,,,0.000000,0.000000,0.000000,0.000000,0.000000,0.000000,0.000000,0.000000,0.000000,0.000000,0.000000,0.000000,0.000000,0.000000,0.000000,0.000000,0.000000,0.000000,0.000000,0.000000,0.000000,0.000000,0.000000,0.000000,0.000000,0.000000,0.000000,0.000000,0.000000,0.000000,0.000000,0.000000,0.000000,0.000000,0.000000,0.000000,0.000000,0.000000,0.000000,0.000000,0.000000,0.000000,0.000000,0.000000,0.000000,0.000000,0.000000,0.000000,0.000000,0.000000,0.000000,0.000000,0.000000,0.000000,0.000000,0.000000,0.000000,0.000000,0.000000,0.000000,0.000000,0.000000,0.000000
307,1694951215.075038,0,,,0.0000,0.0000,0.0000,0.0000,,,,,,,,,,,0.000000,0.000000,0.000000,0.000000,0.000000,0.000000,0.000000,0.000000,0.000000,0.000000,0.000000,0.000000,0.000000,0.000000,0.000000,0.000000,0.000000,0.000000,0.000000,0.000000,0.000000,0.000000,0.000000,0.000000,0.000000,0.000000,0.000000,0.000000,0.000000,0.000000,0.000000,0.000000,0.000000,0.000000,0.000000,0.000000,0.000000,0.000000,0.000000,0.000000,0.000000,0.000000,0.000000,0.000000,0.000000,0.000000,0.000000,0.000000,0.000000,0.000000,0.000000,0.000000,0.000000,0.000000,0.000000,0.000000,0.000000,0.000000,0.000000,0.000000,0.000000,0.000000,0.000000
308,1694951215.083371,0,,,0.0000,0.0000,0.0000,0.0000,,,,,,,,,,,0.000000,0.000000,0.000000,0.000000,0.000000,0.000000,0.000000,0.000000,0.000000,0.000000,0.000000,0.000000,0.000000,0.000000,0.000000,0.000000,0.000000,0.000000,0.000000,0.000000,0.000000,0.000000,0.000000,0.000000,0.000000,0.000000,0.000000,0.000000,0.000000,0.000000,0.000000,0.000000,0.000000,0.000000,0.000000,0.000000,0.000000,0.000000,0.000000,0.000000,0.000000,0.000000,0.000000,0.000000,0.000000,0.000000,0.000000,0.000000,0.000000,0.000000,0.000000,0.000000,0.000000,0.000000,0.000000,0.000000,0.000000,0.000000,0.000000,0.000000,0.000000,0.000000,0.000000
309,1694951215.091705,0,,,0.0000,0.0000,0.0000,0.0000,,,,,,,,,,,0.000000,0.000000,0.000000,0.000000,0.000000,0.000000,0.000000,0.000000,0.000000,0.000000,0.000000,0.000000,0.000000,0.000000,0.000000,0.000000,0.000000,0.000000,0.000000,0.000000,0.000000,0.000000,0.000000,0.000000,0.000000,0.000000,0.000000,0.000000,0.000000,0.000000,0.000000,0.000000,0.000000,0.000000,0.000000,0.000000,0.000000,0.000000,0.000000,0.000000,0.000000,0.000000,0.000000,0.000000,0.000000,0.000000,0.000000,0.000000,0.000000,0.000000,0.000000,0.000000,0.000000,0.000000,0.000000,0.000000,0.000000,0.000000,0.000000,0.000000,0.000000,0.000000,0.000000
310,1694951215.100038,0,-40.0205,-40.0205,-21.9671,0.0000,35.0281,584.6833,,12611.0730,1.9054,100.9869,382.4478,183.5399,165.1429,173.2130,203.0975,0.001160,0.599675,0.657552,-0.000000,0.532400,0.606502,-0.048275,0.494349,0.483532,-0.062655,0.494494,0.350587,-0.063383,0.514750,0.280601,-0.059382,0.604050,0.424426,-0.070648,0.547085,0.276424,-0.081557,0.501235,0.233486,-0.083423,0.471660,0.200259,-0.084353,0.642814,0.389378,-0.047176,0.619071,0.208173,-0.062781,0.573247,0.211775,-0.060170,0.545051,0.254134,-0.053566,0.656561,0.376013,-0.024179,0.636068,0.215800,-0.038725,0.591929,0.222178,-0.037106,0.568801,0.257827,-0.031013,0.655524,0.377081,-0.004106,0.642432,0.262980,-0.016925,0.608602,0.253174,-0.019896,0.586687,0.278613,-0.018430
311,1694951215.108371,0,39.1031,39.1031,-3.2540,18.7131,34.2613,45.9519,70.0647,12529.8297,2.1385,104.7708,378.7008,180.3132,162.6485,171.6742,203.0799,0.002112,0.603267,0.652527,-0.000000,0.536489,0.611063,-0.050388,0.495127,0.488479,-0.064106,0.493812,0.358468,-0.063472,0.516123,0.296195,-0.057548,0.605109,0.419909,-0.071367,0.545333,0.277715,-0.084403,0.497535,0.231597,-0.087198,0.469552,0.200086,-0.087636,0.645402,0.389469,-0.046701,0.625058,0.209540,-0.065028,0.577119,0.208031,-0.061915,0.548453,0.242802,-0.053369,0.658830,0.377837,-0.022953,0.644991,0.218970,-0.042129,0.599632,0.225230,-0.040607,0.577178,0.257714,-0.032034,0.656730,0.380281,-0.001895,0.645608,0.262015,-0.015252,0.612917,0.253263,-0.015685,0.593871,0.277817,-0.011186
312,1694951215.116705,0,-44.4486,-44.4486,-23.5521,-20.2981,41.3708,583.9698,23.0579,11300.2541,2.9457,101.3488,374.3957,175.3256,156.2105,165.0770,196.9080,0.001472,0.606072,0.653403,-0.000000,0.537616,0.613734,-0.050995,0.495058,0.490976,-0.066921,0.494307,0.359308,-0.068870,0.520313,0.301120,-0.065947,0.609245,0.423154,-0.074970,0.544126,0.280368,-0.088415,0.495136,0.237769,-0.090738,0.468568,0.207868,-0.091030,0.648599,0.390855,-0.050407,0.624313,0.211736,-0.069689,0.575722,0.214591,-0.066490,0.548729,0.252505,-0.058115,0.661065,0.378580,-0.026473,0.644972,0.218318,-0.046487,0.598822,0.229278,-0.045232,0.577495,0.266265,-0.037024,0.658443,0.380167,-0.005145,0.646471,0.262041,-0.019232,0.612653,0.255496,-0.020411,0.594035,0.281563,-0.016662
313,1694951215.125038,0,-51.5414,-51.5414,-21.9105,1.6416,40.8085,627.2133,4.0740,11929.8446,2.8925,92.0679,364.9245,172.1409,150.2685,156.2467,185.8253,0.002004,0.603394,0.650240,-0.000000,0.538364,0.613173,-0.048416,0.496594,0.500035,-0.064735,0.491382,0.369759,-0.067871,0.513226,0.301829,-0.066251,0.610197,0.431375,-0.073403,0.544437,0.292333,-0.088327,0.495631,0.250154,-0.091573,0.466604,0.221524,-0.092068,0.647973,0.395452,-0.050918,0.623332,0.213074,-0.071511,0.575938,0.211156,-0.069113,0.547268,0.245815,-0.060735,0.660792,0.381020,-0.028747,0.644290,0.222838,-0.049031,0.596986,0.227375,-0.046230,0.572449,0.259152,-0.036667,0.657797,0.381721,-0.009142,0.647307,0.266576,-0.023451,0.613303,0.258721,-0.023140,0.592235,0.283329,-0.017830
314,1694951215.133371,0,-56.8228,-56.8228,-4.2006,17.7100,35.3981,908.1779,43.3062,10081.5782,3.0761,96.9136,360.6248,167.0322,144.4389,150.6040,181.0834,0.002553,0.604134,0.660143,-0.000000,0.536679,0.621006,-0.049888,0.494642,0.505913,-0.066858,0.491254,0.377013,-0.070344,0.515167,0.312343,-0.069026,0.609517,0.438151,-0.078114,0.541241,0.298367,-0.094533,0.491638,0.256251,-0.097592,0.463941,0.227416,-0.097680,0.647237,0.400133,-0.055556,0.622865,0.213886,-0.079375,0.574242,0.211110,-0.077126,0.545297,0.247883,-0.067670,0.659456,0.383039,-0.033256,0.640999,0.225844,-0.055736,0.593420,0.231999,-0.053223,0.569398,0.263342,-0.042883,0.656501,0.381801,-0.013552,0.643847,0.264075,-0.028162,0.608855,0.257259,-0.027493,0.587857,0.282417,-0.021535
315,1694951215.141705,0,-51.8480,-51.8480,-22.7378,-18.5372,36.3219,3952.8207,17.6076,11107.1357,3.2047,90.2847,354.6287,163.8818,140.2524,145.8380,175.9569,0.002185,0.606193,0.659668,-0.000000,0.539038,0.621550,-0.052638,0.493825,0.514166,-0.072342,0.485307,0.388955,-0.078638,0.506164,0.322859,-0.080145,0.608218,0.436476,-0.078558,0.538922,0.293793,-0.093457,0.488487,0.258008,-0.095308,0.462322,0.236013,-0.094729,0.647333,0.399771,-0.054162,0.619852,0.217666,-0.077157,0.571002,0.221358,-0.075268,0.544266,0.259953,-0.066972,0.660176,0.384528,-0.030145,0.641006,0.223582,-0.052683,0.594871,0.236167,-0.051026,0.573066,0.272826,-0.041951,0.658004,0.384265,-0.008693,0.643886,0.263511,-0.024503,0.609638,0.259353,-0.025333,0.590340,0.285190,-0.020810
316,1694951215.150038,0,57.0972,57.0972,25.3864,48.1242,43.4841,3992.4551,45.5492,10539.4270,2.6890,93.0046,345.3171,154.9156,130.0611,135.0052,165.9430,0.005163,0.607444,0.662207,-0.000000,0.540818,0.627527,-0.053721,0.493960,0.524058,-0.074936,0.481485,0.401577,-0.082148,0.496558,0.325362,-0.084377,0.609427,0.442598,-0.084208,0.536550,0.299252,-0.100791,0.484651,0.263117,-0.103083,0.455610,0.242607,-0.102139,0.646702,0.402011,-0.058876,0.616446,0.215083,-0.082364,0.568343,0.212253,-0.080110,0.540689,0.250849,-0.071283,0.658968,0.385907,-0.033674,0.636289,0.226772,-0.055325,0.590087,0.233656,-0.052614,0.567210,0.266295,-0.042959,0.656923,0.385725,-0.011118,0.641391,0.266869,-0.026534,0.606778,0.260303,-0.026841,0.585707,0.283204,-0.021736
317,1694951215.158371,0,-61.9057,-61.9057,-2.5911,-27.9775,45.2097,1039.3343,11.3146,7317.3049,3.4062,79.1636,341.1430,157.1617,129.4050,131.3376,159.4838,0.003061,0.606799,0.659067,-0.000000,0.538758,0.635893,-0.053301,0.491121,0.531042,-0.073345,0.479984,0.398676,-0.079521,0.502486,0.328352,-0.081073,0.609349,0.452786,-0.084375,0.538426,0.317722,-0.101447,0.487332,0.281564,-0.104631,0.457719,0.254963,-0.105509,0.644328,0.402589,-0.060748,0.607941,0.219443,-0.085704,0.560745,0.232764,-0.084349,0.536809,0.283812,-0.076299,0.655875,0.377119,-0.037235,0.626426,0.215630,-0.061942,0.580550,0.231660,-0.061172,0.560901,0.274350,-0.052692,0.654831,0.369980,-0.016354,0.636301,0.247440,-0.035857,0.601490,0.248222,-0.038702,0.581882,0.282330,-0.035472
318,1694951215.166705,0,,,0.0000,0.0000,0.0000,0.0000,,,,,,,,,,,0.000000,0.000000,0.000000,0.000000,0.000000,0.000000,0.000000,0.000000,0.000000,0.000000,0.000000,0.000000,0.000000,0.000000,0.000000,0.000000,0.000000,0.000000,0.000000,0.000000,0.000000,0.000000,0.000000,0.000000,0.000000,0.000000,0.000000,0.000000,0.000000,0.000000,0.000000,0.000000,0.000000,0.000000,0.000000,0.000000,0.000000,0.000000,0.000000,0.000000,0.000000,0.000000,0.000000,0.000000,0.000000,0.000000,0.000000,0.000000,0.000000,0.000000,0.000000,0.000000,0.000000,0.000000,0.000000,0.000000,0.000000,0.000000,0.000000,0.000000,0.000000,0.000000,0.000000
319,1694951215.175038,0,-65.6051,-65.6051,-2.1956,0.0000,46.6888,1287.3893,,9571.5490,2.5526,95.2323,320.3476,143.1543,112.0693,111.4868,139.2197,0.004375,0.603692,0.654792,-0.000000,0.539687,0.636106,-0.056003,0.490202,0.547293,-0.079648,0.471897,0.429803,-0.089397,0.483743,0.355916,-0.094210,0.606529,0.452711,-0.089674,0.530802,0.324254,-0.108818,0.476929,0.294702,-0.111673,0.446239,0.276898,-0.111427,0.641216,0.402605,-0.065079,0.604547,0.223065,-0.093076,0.554751,0.229776,-0.092482,0.528435,0.272055,-0.084665,0.652070,0.378270,-0.040551,0.623382,0.222546,-0.067442,0.575357,0.237916,-0.066640,0.553360,0.277949,-0.057689,0.649335,0.373219,-0.018648,0.630876,0.252409,-0.038975,0.593747,0.251594,-0.041284,0.571770,0.281513,-0.037220
320,1694951215.183371,0,-85.7136,-85.7136,-8.4664,-6.2708,50.5583,1405.8868,51.2072,15372.5697,1.4896,103.9298,310.9479,144.4847,110.2202,104.9150,128.5330,0.001389,0.604412,0.640070,-0.000000,0.541877,0.642446,-0.057210,0.488017,0.558711,-0.082575,0.469446,0.438827,-0.093440,0.485263,0.367374,-0.099221,0.602235,0.456818,-0.094315,0.530205,0.334109,-0.117866,0.474871,0.304558,-0.124245,0.444288,0.288300,-0.125850,0.637575,0.403898,-0.070145,0.603582,0.229360,-0.098605,0.552972,0.234858,-0.096922,0.528708,0.270184,-0.088507,0.648169,0.376074,-0.046472,0.617472,0.222503,-0.074635,0.570148,0.244540,-0.072408,0.552070,0.287048,-0.062271,0.645242,0.369742,-0.025503,0.624801,0.254840,-0.046098,0.587870,0.258750,-0.046819,0.568936,0.292054,-0.041429
321,1694951215.191705,0,,,0.0000,0.0000,0.0000,0.0000,18.2780,12828.4018,1.8560,102.1613,302.8937,141.2703,105.0072,96.7086,117.8460,0.000496,0.605006,0.648471,-0.000000,0.540755,0.644863,-0.057461,0.487535,0.564218,-0.083541,0.466607,0.445670,-0.094840,0.476773,0.368088,-0.100806,0.599511,0.457969,-0.093795,0.526697,0.337550,-0.119092,0.470815,0.310568,-0.126940,0.440075,0.298030,-0.128582,0.633215,0.403019,-0.068617,0.598436,0.230036,-0.098404,0.547271,0.236693,-0.097569,0.522654,0.275383,-0.089123,0.642527,0.375235,-0.043993,0.614134,0.224200,-0.073207,0.566832,0.243566,-0.072220,0.548474,0.283490,-0.062353,0.638575,0.368694,-0.021788,0.619023,0.259428,-0.041524,0.585266,0.263150,-0.041785,0.568799,0.293358,-0.035836
322,1694951215.200038,0,87.2537,87.2537,7.5391,0.0000,71.2850,1464.7135,7.2447,13958.9010,1.7982,106.4120,287.9660,130.8112,91.9792,80.8920,102.4983,0.001635,0.604723,0.648575,-0.000000,0.541909,0.649981,-0.056058,0.486550,0.575105,-0.082768,0.462568,0.460436,-0.095049,0.470426,0.380471,-0.101966,0.595852,0.458723,-0.096340,0.516806,0.340501,-0.120197,0.459775,0.316283,-0.125079,0.429546,0.307492,-0.124727,0.630790,0.403998,-0.072134,0.590048,0.232470,-0.101036,0.537854,0.241297,-0.097670,0.512946,0.278840,-0.087644,0.641337,0.376879,-0.048104,0.608018,0.224584,-0.075848,0.560899,0.246371,-0.071930,0.542908,0.287613,-0.060524,0.638533,0.372481,-0.026499,0.616295,0.259348,-0.046237,0.581672,0.263066,-0.045470,0.564900,0.294595,-0.038646
323,1694951215.208371,0,,,0.0000,0.0000,0.0000,0.0000,,,,,,,,,,,0.000000,0.000000,0.000000,0.000000,0.000000,0.000000,0.000000,0.000000,0.000000,0.000000,0.000000,0.000000,0.000000,0.000000,0.000000,0.000000,0.000000,0.000000,0.000000,0.000000,0.000000,0.000000,0.000000,0.000000,0.000000,0.000000,0.000000,0.000000,0.000000,0.000000,0.000000,0.000000,0.000000,0.000000,0.000000,0.000000,0.000000,0.000000,0.000000,0.000000,0.000000,0.000000,0.000000,0.000000,0.000000,0.000000,0.000000,0.000000,0.000000,0.000000,0.000000,0.000000,0.000000,0.000000,0.000000,0.000000,0.000000,0.000000,0.000000,0.000000,0.000000,0.000000,0.000000
324,1694951215.216705,0,,,0.0000,0.0000,0.0000,0.0000,,,,,,,,,,,0.000000,0.000000,0.000000,0.000000,0.000000,0.000000,0.000000,0.000000,0.000000,0.000000,0.000000,0.000000,0.000000,0.000000,0.000000,0.000000,0.000000,0.000000,0.000000,0.000000,0.000000,0.000000,0.000000,0.000000,0.000000,0.000000,0.000000,0.000000,0.000000,0.000000,0.000000,0.000000,0.000000,0.000000,0.000000,0.000000,0.000000,0.000000,0.000000,0.000000,0.000000,0.000000,0.000000,0.000000,0.000000,0.000000,0.000000,0.000000,0.000000,0.000000,0.000000,0.000000,0.000000,0.000000,0.000000,0.000000,0.000000,0.000000,0.000000,0.000000,0.000000,0.000000,0.000000
325,1694951215.225038,0,,,0.0000,0.0000,0.0000,0.0000,,,,,,,,,,,0.000000,0.000000,0.000000,0.000000,0.000000,0.000000,0.000000,0.000000,0.000000,0.000000,0.000000,0.000000,0.000000,0.000000,0.000000,0.000000,0.000000,0.000000,0.000000,0.000000,0.000000,0.000000,0.000000,0.000000,0.000000,0.000000,0.000000,0.000000,0.000000,0.000000,0.000000,0.000000,0.000000,0.000000,0.000000,0.000000,0.000000,0.000000,0.000000,0.000000,0.000000,0.000000,0.000000,0.000000,0.000000,0.000000,0.000000,0.000000,0.000000,0.000000,0.000000,0.000000,0.000000,0.000000,0.000000,0.000000,0.000000,0.000000,0.000000,0.000000,0.000000,0.000000,0.000000
326,1694951215.233371,0,,,0.0000,0.0000,0.0000,0.0000,,,,,,,,,,,0.000000,0.000000,0.000000,0.000000,0.000000,0.000000,0.000000,0.000000,0.000000,0.000000,0.000000,0.000000,0.000000,0.000000,0.000000,0.000000,0.000000,0.000000,0.000000,0.000000,0.000000,0.000000,0.000000,0.000000,0.000000,0.000000,0.000000,0.000000,0.000000,0.000000,0.000000,0.000000,0.000000,0.000000,0.000000,0.000000,0.000000,0.000000,0.000000,0.000000,0.000000,0.000000,0.000000,0.000000,0.000000,0.000000,0.000000,0.000000,0.000000,0.000000,0.000000,0.000000,0.000000,0.000000,0.000000,0.000000,0.000000,0.000000,0.000000,0.000000,0.000000,0.000000,0.000000
327,1694951215.241705,0,,,0.0000,0.0000,0.0000,0.0000,,,,,,,,,,,0.000000,0.000000,0.000000,0.000000,0.000000,0.000000,0.000000,0.000000,0.000000,0.000000,0.000000,0.000000,0.000000,0.000000,0.000000,0.000000,0.000000,0.000000,0.000000,0.000000,0.000000,0.000000,0.000000,0.000000,0.000000,0.000000,0.000000,0.000000,0.000000,0.000000,0.000000,0.000000,0.000000,0.000000,0.000000,0.000000,0.000000,0.000000,0.000000,0.000000,0.000000,0.000000,0.000000,0.000000,0.000000,0.000000,0.000000,0.000000,0.000000,0.000000,0.000000,0.000000,0.000000,0.000000,0.000000,0.000000,0.000000,0.000000,0.000000,0.000000,0.000000,0.000000,0.000000
328,1694951215.250038,0,,,0.0000,0.0000,0.0000,0.0000,,,,,,,,,,,0.000000,0.000000,0.000000,0.000000,0.000000,0.000000,0.000000,0.000000,0.000000,0.000000,0.000000,0.000000,0.000000,0.000000,0.000000,0.000000,0.000000,0.000000,0.000000,0.000000,0.000000,0.000000,0.000000,0.000000,0.000000,0.000000,0.000000,0.000000,0.000000,0.000000,0.000000,0.000000,0.000000,0.000000,0.000000,0.000000,0.000000,0.000000,0.000000,0.000000,0.000000,0.000000,0.000000,0.000000,0.000000,0.000000,0.000000,0.000000,0.000000,0.000000,0.000000,0.000000,0.000000,0.000000,0.000000,0.000000,0.000000,0.000000,0.000000,0.000000,0.000000,0.000000,0.000000
329,1694951215.258371,0,,,0.0000,0.0000,0.0000,0.0000,,,,,,,,,,,0.000000,0.000000,0.000000,0.000000,0.000000,0.000000,0.000000,0.000000,0.000000,0.000000,0.000000,0.000000,0.000000,0.000000,0.000000,0.000000,0.000000,0.000000,0.000000,0.000000,0.000000,0.000000,0.000000,0.000000,0.000000,0.000000,0.000000,0.000000,0.000000,0.000000,0.000000,0.000000,0.000000,0.000000,0.000000,0.000000,0.000000,0.000000,0.000000,0.000000,0.000000,0.000000,0.000000,0.000000,0.000000,0.000000,0.000000,0.000000,0.000000,0.000000,0.000000,0.000000,0.000000,0.000000,0.000000,0.000000,0.000000,0.000000,0.000000,0.000000,0.000000,0.000000,0.000000
330,1694951215.266705,0,,,0.0000,0.0000,0.0000,0.0000,,,,,,,,,,,0.000000,0.000000,0.000000,0.000000,0.000000,0.000000,0.000000,0.000000,0.000000,0.000000,0.000000,0.000000,0.000000,0.000000,0.000000,0.000000,0.000000,0.000000,0.000000,0.000000,0.000000,0.000000,0.000000,0.000000,0.000000,0.000000,0.000000,0.000000,0.000000,0.000000,0.000000,0.000000,0.000000,0.000000,0.000000,0.000000,0.000000,0.000000,0.000000,0.000000,0.000000,0.000000,0.000000,0.000000,0.000000,0.000000,0.000000,0.000000,0.000000,0.000000,0.000000,0.000000,0.000000,0.000000,0.000000,0.000000,0.000000,0.000000,0.000000,0.000000,0.000000,0.000000,0.000000
331,1694951215.275038,0,,,0.0000,0.0000,0.0000,0.0000,,,,,,,,,,,0.000000,0.000000,0.000000,0.000000,0.000000,0.000000,0.000000,0.000000,0.000000,0.000000,0.000000,0.000000,0.000000,0.000000,0.000000,0.000000,0.000000,0.000000,0.000000,0.000000,0.000000,0.000000,0.000000,0.000000,0.000000,0.000000,0.000000,0.000000,0.000000,0.000000,0.000000,0.000000,0.000000,0.000000,0.000000,0.000000,0.000000,0.000000,0.000000,0.000000,0.000000,0.000000,0.000000,0.000000,0.000000,0.000000,0.000000,0.000000,0.000000,0.000000,0.000000,0.000000,0.000000,0.000000,0.000000,0.000000,0.000000,0.000000,0.000000,0.000000,0.000000,0.000000,0.000000
332,1694951215.283371,1,,,0.0000,0.0000,0.0000,0.0000,,,,,,,,,,,0.000000,0.000000,0.000000,0.000000,0.000000,0.000000,0.000000,0.000000,0.000000,0.000000,0.000000,0.000000,0.000000,0.000000,0.000000,0.000000,0.000000,0.000000,0.000000,0.000000,0.000000,0.000000,0.000000,0.000000,0.000000,0.000000,0.000000,0.000000,0.000000,0.000000,0.000000,0.000000,0.000000,0.000000,0.000000,0.000000,0.000000,0.000000,0.000000,0.000000,0.000000,0.000000,0.000000,0.000000,0.000000,0.000000,0.000000,0.000000,0.000000,0.000000,0.000000,0.000000,0.000000,0.000000,0.000000,0.000000,0.000000,0.000000,0.000000,0.000000,0.000000,0.000000,0.000000
333,1694951215.291705,1,,,0.0000,0.0000,0.0000,0.0000,,,,,,,,,,,0.000000,0.000000,0.000000,0.000000,0.000000,0.000000,0.000000,0.000000,0.000000,0.000000,0.000000,0.000000,0.000000,0.000000,0.000000,0.000000,0.000000,0.000000,0.000000,0.000000,0.000000,0.000000,0.000000,0.000000,0.000000,0.000000,0.000000,0.000000,0.000000,0.000000,0.000000,0.000000,0.000000,0.000000,0.000000,0.000000,0.000000,0.000000,0.000000,0.000000,0.000000,0.000000,0.000000,0.000000,0.000000,0.000000,0.000000,0.000000,0.000000,0.000000,0.000000,0.000000,0.000000,0.000000,0.000000,0.000000,0.000000,0.000000,0.000000,0.000000,0.000000,0.000000,0.000000
334,1694951215.300038,1,,,0.0000,0.0000,0.0000,0.0000,,,,,,,,,,,0.000000,0.000000,0.000000,0.000000,0.000000,0.000000,0.000000,0.000000,0.000000,0.000000,0.000000,0.000000,0.000000,0.000000,0.000000,0.000000,0.000000,0.000000,0.000000,0.000000,0.000000,0.000000,0.000000,0.000000,0.000000,0.000000,0.000000,0.000000,0.000000,0.000000,0.000000,0.000000,0.000000,0.000000,0.000000,0.000000,0.000000,0.000000,0.000000,0.000000,0.000000,0.000000,0.000000,0.000000,0.000000,0.000000,0.000000,0.000000,0.000000,0.000000,0.000000,0.000000,0.000000,0.000000,0.000000,0.000000,0.000000,0.000000,0.000000,0.000000,0.000000,0.000000,0.000000
335,1694951215.308371,1,,,0.0000,0.0000,0.0000,0.0000,,,,,,,,,,,0.000000,0.000000,0.000000,0.000000,0.000000,0.000000,0.000000,0.000000,0.000000,0.000000,0.000000,0.000000,0.000000,0.000000,0.000000,0.000000,0.000000,0.000000,0.000000,0.000000,0.000000,0.000000,0.000000,0.000000,0.000000,0.000000,0.000000,0.000000,0.000000,0.000000,0.000000,0.000000,0.000000,0.000000,0.000000,0.000000,0.000000,0.000000,0.000000,0.000000,0.000000,0.000000,0.000000,0.000000,0.000000,0.000000,0.000000,0.000000,0.000000,0.000000,0.000000,0.000000,0.000000,0.000000,0.000000,0.000000,0.000000,0.000000,0.000000,0.000000,0.000000,0.000000,0.000000
336,1694951215.316705,1,,,0.0000,0.0000,0.0000,0.0000,,,,,,,,,,,0.000000,0.000000,0.000000,0.000000,0.000000,0.000000,0.000000,0.000000,0.000000,0.000000,0.000000,0.000000,0.000000,0.000000,0.000000,0.000000,0.000000,0.000000,0.000000,0.000000,0.000000,0.000000,0.000000,0.000000,0.000000,0.000000,0.000000,0.000000,0.000000,0.000000,0.000000,0.000000,0.000000,0.000000,0.000000,0.000000,0.000000,0.000000,0.000000,0.000000,0.000000,0.000000,0.000000,0.000000,0.000000,0.000000,0.000000,0.000000,0.000000,0.000000,0.000000,0.000000,0.000000,0.000000,0.000000,0.000000,0.000000,0.000000,0.000000,0.000000,0.000000,0.000000,0.000000
337,1694951215.325038,1,,,0.0000,0.0000,0.0000,0.0000,,,,,,,,,,,0.000000,0.000000,0.000000,0.000000,0.000000,0.000000,0.000000,0.000000,0.000000,0.000000,0.000000,0.000000,0.000000,0.000000,0.000000,0.000000,0.000000,0.000000,0.000000,0.000000,0.000000,0.000000,0.000000,0.000000,0.000000,0.000000,0.000000,0.000000,0.000000,0.000000,0.000000,0.000000,0.000000,0.000000,0.000000,0.000000,0.000000,0.000000,0.000000,0.000000,0.000000,0.000000,0.000000,0.000000,0.000000,0.000000,0.000000,0.000000,0.000000,0.000000,0.000000,0.000000,0.000000,0.000000,0.000000,0.000000,0.000000,0.000000,0.000000,0.000000,0.000000,0.000000,0.000000
338,1694951215.333371,1,,,0.0000,0.0000,0.0000,0.0000,,,,,,,,,,,0.000000,0.000000,0.000000,0.000000,0.000000,0.000000,0.000000,0.000000,0.000000,0.000000,0.000000,0.000000,0.000000,0.000000,0.000000,0.000000,0.000000,0.000000,0.000000,0.000000,0.000000,0.000000,0.000000,0.000000,0.000000,0.000000,0.000000,0.000000,0.000000,0.000000,0.000000,0.000000,0.000000,0.000000,0.000000,0.000000,0.000000,0.000000,0.000000,0.000000,0.000000,0.000000,0.000000,0.000000,0.000000,0.000000,0.000000,0.000000,0.000000,0.000000,0.000000,0.000000,0.000000,0.000000,0.000000,0.000000,0.000000,0.000000,0.000000,0.000000,0.000000,0.000000,0.000000
339,1694951215.341705,1,,,0.0000,0.0000,0.0000,0.0000,,,,,,,,,,,0.000000,0.000000,0.000000,0.000000,0.000000,0.000000,0.000000,0.000000,0.000000,0.000000,0.000000,0.000000,0.000000,0.000000,0.000000,0.000000,0.000000,0.000000,0.000000,0.000000,0.000000,0.000000,0.000000,0.000000,0.000000,0.000000,0.000000,0.000000,0.000000,0.000000,0.000000,0.000000,0.000000,0.000000,0.000000,0.000000,0.000000,0.000000,0.000000,0.000000,0.000000,0.000000,0.000000,0.000000,0.000000,0.000000,0.000000,0.000000,0.000000,0.000000,0.000000,0.000000,0.000000,0.000000,0.000000,0.000000,0.000000,0.000000,0.000000,0.000000,0.000000,0.000000,0.000000
340,1694951215.350038,1,,,0.0000,0.0000,0.0000,0.0000,,,,,,,,,,,0.000000,0.000000,0.000000,0.000000,0.000000,0.000000,0.000000,0.000000,0.000000,0.000000,0.000000,0.000000,0.000000,0.000000,0.000000,0.000000,0.000000,0.000000,0.000000,0.000000,0.000000,0.000000,0.000000,0.000000,0.000000,0.000000,0.000000,0.000000,0.000000,0.000000,0.000000,0.000000,0.000000,0.000000,0.000000,0.000000,0.000000,0.000000,0.000000,0.000000,0.000000,0.000000,0.000000,0.000000,0.000000,0.000000,0.000000,0.000000,0.000000,0.000000,0.000000,0.000000,0.000000,0.000000,0.000000,0.000000,0.000000,0.000000,0.000000,0.000000,0.000000,0.000000,0.000000
341,1694951215.358371,1,,,0.0000,0.0000,0.0000,0.0000,,,,,,,,,,,0.000000,0.000000,0.000000,0.000000,0.000000,0.000000,0.000000,0.000000,0.000000,0.000000,0.000000,0.000000,0.000000,0.000000,0.000000,0.000000,0.000000,0.000000,0.000000,0.000000,0.000000,0.000000,0.000000,0.000000,0.000000,0.000000,0.000000,0.000000,0.000000,0.000000,0.000000,0.000000,0.000000,0.000000,0.000000,0.000000,0.000000,0.000000,0.000000,0.000000,0.000000,0.000000,0.000000,0.000000,0.000000,0.000000,0.000000,0.000000,0.000000,0.000000,0.000000,0.000000,0.000000,0.000000,0.000000,0.000000,0.000000,0.000000,0.000000,0.000000,0.000000,0.000000,0.000000
342,1694951215.366705,1,,,0.0000,0.0000,0.0000,0.0000,,,,,,,,,,,0.000000,0.000000,0.000000,0.000000,0.000000,0.000000,0.000000,0.000000,0.000000,0.000000,0.000000,0.000000,0.000000,0.000000,0.000000,0.000000,0.000000,0.000000,0.000000,0.000000,0.000000,0.000000,0.000000,0.000000,0.000000,0.000000,0.000000,0.000000,0.000000,0.000000,0.000000,0.000000,0.000000,0.000000,0.000000,0.000000,0.000000,0.000000,0.000000,0.000000,0.000000,0.000000,0.000000,0.000000,0.000000,0.000000,0.000000,0.000000,0.000000,0.000000,0.000000,0.000000,0.000000,0.000000,0.000000,0.000000,0.000000,0.000000,0.000000,0.000000,0.000000,0.000000,0.000000
343,1694951215.375038,0,,,0.0000,0.0000,0.0000,0.0000,,,,,,,,,,,0.000000,0.000000,0.000000,0.000000,0.000000,0.000000,0.000000,0.000000,0.000000,0.000000,0.000000,0.000000,0.000000,0.000000,0.000000,0.000000,0.000000,0.000000,0.000000,0.000000,0.000000,0.000000,0.000000,0.000000,0.000000,0.000000,0.000000,0.000000,0.000000,0.000000,0.000000,0.000000,0.000000,0.000000,0.000000,0.000000,0.000000,0.000000,0.000000,0.000000,0.000000,0.000000,0.000000,0.000000,0.000000,0.000000,0.000000,0.000000,0.000000,0.000000,0.000000,0.000000,0.000000,0.000000,0.000000,0.000000,0.000000,0.000000,0.000000,0.000000,0.000000,0.000000,0.000000
344,1694951215.383371,0,,,0.0000,0.0000,0.0000,0.0000,,,,,,,,,,,0.000000,0.000000,0.000000,0.000000,0.000000,0.000000,0.000000,0.000000,0.000000,0.000000,0.000000,0.000000,0.000000,0.000000,0.000000,0.000000,0.000000,0.000000,0.000000,0.000000,0.000000,0.000000,0.000000,0.000000,0.000000,0.000000,0.000000,0.000000,0.000000,0.000000,0.000000,0.000000,0.000000,0.000000,0.000000,0.000000,0.000000,0.000000,0.000000,0.000000,0.000000,0.000000,0.000000,0.000000,0.000000,0.000000,0.000000,0.000000,0.000000,0.000000,0.000000,0.000000,0.000000,0.000000,0.000000,0.000000,0.000000,0.000000,0.000000,0.000000,0.000000,0.000000,0.000000
345,1694951215.391705,0,,,0.0000,0.0000,0.0000,0.0000,,,,,,,,,,,0.000000,0.000000,0.000000,0.000000,0.000000,0.000000,0.000000,0.000000,0.000000,0.000000,0.000000,0.000000,0.000000,0.000000,0.000000,0.000000,0.000000,0.000000,0.000000,0.000000,0.000000,0.000000,0.000000,0.000000,0.000000,0.000000,0.000000,0.000000,0.000000,0.000000,0.000000,0.000000,0.000000,0.000000,0.000000,0.000000,0.000000,0.000000,0.000000,0.000000,0.000000,0.000000,0.000000,0.000000,0.000000,0.000000,0.000000,0.000000,0.000000,0.000000,0.000000,0.000000,0.000000,0.000000,0.000000,0.000000,0.000000,0.000000,0.000000,0.000000,0.000000,0.000000,0.000000
346,1694951215.400038,0,,,0.0000,0.0000,0.0000,0.0000,,,,,,,,,,,0.000000,0.000000,0.000000,0.000000,0.000000,0.000000,0.000000,0.000000,0.000000,0.000000,0.000000,0.000000,0.000000,0.000000,0.000000,0.000000,0.000000,0.000000,0.000000,0.000000,0.000000,0.000000,0.000000,0.000000,0.000000,0.000000,0.000000,0.000000,0.000000,0.000000,0.000000,0.000000,0.000000,0.000000,0.000000,0.000000,0.000000,0.000000,0.000000,0.000000,0.000000,0.000000,0.000000,0.000000,0.000000,0.000000,0.000000,0.000000,0.000000,0.000000,0.000000,0.000000,0.000000,0.000000,0.000000,0.000000,0.000000,0.000000,0.000000,0.000000,0.000000,0.000000,0.000000
347,1694951215.408371,0,83.0910,83.0910,36.2492,0.0000,76.9841,852.7897,,12979.8503,1.0889,106.5023,228.8163,123.2523,75.8962,37.6286,39.9814,0.001841,0.595719,0.652329,0.000000,0.531131,0.668984,-0.054381,0.472361,0.611737,-0.082833,0.440202,0.511874,-0.095818,0.439889,0.433945,-0.103306,0.562409,0.482518,-0.110695,0.480050,0.378947,-0.127789,0.428957,0.364188,-0.121761,0.397082,0.370848,-0.113813,0.599994,0.427989,-0.085684,0.557012,0.269255,-0.115370,0.516872,0.266777,-0.110650,0.493659,0.297624,-0.099355,0.615296,0.400040,-0.058067,0.572135,0.255930,-0.082958,0.533513,0.268317,-0.075248,0.516412,0.306992,-0.062054,0.616721,0.396640,-0.032331,0.586007,0.284242,-0.050566,0.555165,0.284593,-0.047011,0.539277,0.312333,-0.037967
348,1694951215.416705,0,88.8530,88.8530,38.6145,2.3654,79.6686,827.6255,21.6475,12297.9949,1.0821,101.5201,238.5056,126.6305,79.2926,43.9291,46.8398,0.000779,0.596625,0.649330,-0.000000,0.531522,0.668449,-0.054753,0.471040,0.610051,-0.083784,0.439914,0.507667,-0.097986,0.441716,0.431580,-0.106618,0.565643,0.483582,-0.106415,0.486143,0.378564,-0.125252,0.433798,0.363094,-0.122365,0.401672,0.370486,-0.116613,0.603150,0.429459,-0.081938,0.556605,0.269716,-0.110554,0.514344,0.273109,-0.106604,0.492619,0.308876,-0.096661,0.618417,0.401707,-0.055633,0.576432,0.248592,-0.081174,0.535180,0.261644,-0.074658,0.517779,0.302851,-0.062596,0.619530,0.397401,-0.031277,0.592091,0.276823,-0.050266,0.560107,0.277561,-0.047880,0.543641,0.308038,-0.040131
349,1694951215.425038,0,,,0.0000,0.0000,0.0000,0.0000,,,,,,,,,,,0.000000,0.000000,0.000000,0.000000,0.000000,0.000000,0.000000,0.000000,0.000000,0.000000,0.000000,0.000000,0.000000,0.000000,0.000000,0.000000,0.000000,0.000000,0.000000,0.000000,0.000000,0.000000,0.000000,0.000000,0.000000,0.000000,0.000000,0.000000,0.000000,0.000000,0.000000,0.000000,0.000000,0.000000,0.000000,0.000000,0.000000,0.000000,0.000000,0.000000,0.000000,0.000000,0.000000,0.000000,0.000000,0.000000,0.000000,0.000000,0.000000,0.000000,0.000000,0.000000,0.000000,0.000000,0.000000,0.000000,0.000000,0.000000,0.000000,0.000000,0.000000,0.000000,0.000000
350,1694951215.433371,0,,,0.0000,0.0000,0.0000,0.0000,,,,,,,,,,,0.000000,0.000000,0.000000,0.000000,0.000000,0.000000,0.000000,0.000000,0.000000,0.000000,0.000000,0.000000,0.000000,0.000000,0.000000,0.000000,0.000000,0.000000,0.000000,0.000000,0.000000,0.000000,0.000000,0.000000,0.000000,0.000000,0.000000,0.000000,0.000000,0.000000,0.000000,0.000000,0.000000,0.000000,0.000000,0.000000,0.000000,0.000000,0.000000,0.000000,0.000000,0.000000,0.000000,0.000000,0.000000,0.000000,0.000000,0.000000,0.000000,0.000000,0.000000,0.000000,0.000000,0.000000,0.000000,0.000000,0.000000,0.000000,0.000000,0.000000,0.000000,0.000000,0.000000
351,1694951215.441705,0,,,0.0000,0.0000,0.0000,0.0000,,,,,,,,,,,0.000000,0.000000,0.000000,0.000000,0.000000,0.000000,0.000000,0.000000,0.000000,0.000000,0.000000,0.000000,0.000000,0.000000,0.000000,0.000000,0.000000,0.000000,0.000000,0.000000,0.000000,0.000000,0.000000,0.000000,0.000000,0.000000,0.000000,0.000000,0.000000,0.000000,0.000000,0.000000,0.000000,0.000000,0.000000,0.000000,0.000000,0.000000,0.000000,0.000000,0.000000,0.000000,0.000000,0.000000,0.000000,0.000000,0.000000,0.000000,0.000000,0.000000,0.000000,0.000000,0.000000,0.000000,0.000000,0.000000,0.000000,0.000000,0.000000,0.000000,0.000000,0.000000,0.000000
352,1694951215.450038,0,,,0.0000,0.0000,0.0000,0.0000,,9807.2394,1.5997,95.1073,252.7856,133.1573,86.7402,54.7996,58.4804,0.000022,0.599993,0.660488,0.000000,0.534144,0.667419,-0.050826,0.482203,0.601721,-0.077264,0.456094,0.503436,-0.089450,0.449296,0.426975,-0.097114,0.567283,0.484301,-0.104492,0.488958,0.378259,-0.121156,0.442358,0.360557,-0.118351,0.411655,0.364228,-0.112710,0.606360,0.438865,-0.080435,0.569201,0.296505,-0.105668,0.537212,0.274080,-0.103814,0.515196,0.287594,-0.096484,0.622655,0.416806,-0.053736,0.592831,0.283095,-0.074635,0.561179,0.263683,-0.069914,0.541365,0.276527,-0.060408,0.624037,0.413826,-0.028693,0.605287,0.305959,-0.045810,0.583737,0.274314,-0.044085,0.567907,0.271543,-0.036763
353,1694951215.458371,0,,,0.0000,0.0000,0.0000,0.0000,25.6776,8985.2255,2.6475,95.8735,249.2208,129.1931,82.7745,51.1750,59.2701,0.000317,0.598425,0.654683,-0.000000,0.533887,0.665434,-0.054219,0.477504,0.604935,-0.082808,0.447337,0.501927,-0.097106,0.446575,0.423940,-0.106013,0.568669,0.479974,-0.100217,0.491232,0.373095,-0.119861,0.441440,0.356026,-0.119049,0.407718,0.359793,-0.114534,0.606889,0.428205,-0.075339,0.562633,0.281578,-0.102559,0.523044,0.272771,-0.100352,0.497535,0.297114,-0.092342,0.623007,0.404110,-0.049273,0.585916,0.265852,-0.074359,0.547454,0.257331,-0.071079,0.524168,0.281862,-0.061605,0.624731,0.401987,-0.025120,0.602596,0.293470,-0.045168,0.576874,0.270256,-0.045885,0.558737,0.275698,-0.040334
354,1694951215.466705,0,,,0.0000,0.0000,0.0000,0.0000,52.1561,9648.3711,1.3568,93.0532,253.1983,132.7907,86.5278,55.8528,62.3475,0.000043,0.598885,0.653637,-0.000000,0.533473,0.660897,-0.048530,0.479911,0.597059,-0.074694,0.452654,0.495997,-0.087753,0.448790,0.417128,-0.096360,0.570576,0.474791,-0.096158,0.491710,0.369643,-0.115524,0.444213,0.354369,-0.115165,0.411634,0.359457,-0.110941,0.608624,0.426500,-0.074139,0.556892,0.285883,-0.101811,0.516017,0.288090,-0.099802,0.490465,0.321485,-0.091632,0.625110,0.404670,-0.050538,0.585078,0.264602,-0.076138,0.548684,0.256174,-0.073275,0.527134,0.279733,-0.064089,0.627099,0.403049,-0.028144,0.602322,0.293752,-0.049208,0.578877,0.267778,-0.050131,0.562793,0.268629,-0.044637
355,1694951215.475038,0,,,0.0000,0.0000,0.0000,0.0000,87.8533,9759.6078,1.2670,90.8395,250.6558,130.0918,83.7858,52.8482,61.1849,0.000199,0.595514,0.641414,0.000000,0.530257,0.655483,-0.057321,0.473163,0.592782,-0.088113,0.446794,0.487776,-0.102647,0.454497,0.414440,-0.111562,0.569446,0.476450,-0.117200,0.492485,0.368769,-0.137055,0.441703,0.353205,-0.133298,0.408665,0.359727,-0.127267,0.607157,0.423860,-0.090962,0.563919,0.257279,-0.120491,0.527351,0.263833,-0.114747,0.509709,0.301703,-0.103588,0.624264,0.395812,-0.062209,0.579711,0.246170,-0.086110,0.544578,0.269579,-0.076155,0.533173,0.316939,-0.062393,0.627141,0.391702,-0.035901,0.594651,0.276464,-0.055193,0.564757,0.286522,-0.051800,0.552354,0.322850,-0.043261
356,1694951215.483371,1,,,0.0000,0.0000,0.0000,0.0000,73.8523,9813.8496,2.4701,96.7600,257.6912,131.8908,85.2929,55.8332,65.1526,0.000174,0.597590,0.648937,-0.000000,0.532019,0.657966,-0.049573,0.478124,0.593317,-0.075498,0.450583,0.492929,-0.087683,0.447306,0.414260,-0.094927,0.566422,0.470765,-0.098945,0.489155,0.365801,-0.116459,0.442116,0.349454,-0.113164,0.411036,0.354384,-0.107113,0.605583,0.422844,-0.076190,0.557598,0.273581,-0.104758,0.520196,0.274104,-0.101519,0.498551,0.307890,-0.091561,0.623359,0.401286,-0.051477,0.583220,0.259261,-0.076352,0.547825,0.256017,-0.070904,0.528753,0.285517,-0.059347,0.626744,0.401269,-0.028283,0.602657,0.289167,-0.048345,0.578409,0.267328,-0.047942,0.562808,0.273901,-0.041042
357,1694951215.491705,1,,,0.0000,0.0000,0.0000,0.0000,,,,,,,,,,,0.000000,0.000000,0.000000,0.000000,0.000000,0.000000,0.000000,0.000000,0.000000,0.000000,0.000000,0.000000,0.000000,0.000000,0.000000,0.000000,0.000000,0.000000,0.000000,0.000000,0.000000,0.000000,0.000000,0.000000,0.000000,0.000000,0.000000,0.000000,0.000000,0.000000,0.000000,0.000000,0.000000,0.000000,0.000000,0.000000,0.000000,0.000000,0.000000,0.000000,0.000000,0.000000,0.000000,0.000000,0.000000,0.000000,0.000000,0.000000,0.000000,0.000000,0.000000,0.000000,0.000000,0.000000,0.000000,0.000000,0.000000,0.000000,0.000000,0.000000,0.000000,0.000000,0.000000
358,1694951215.500038,1,,,0.0000,0.0000,0.0000,0.0000,,9827.4727,1.2143,93.5394,262.6215,136.9295,90.3687,61.5547,68.6438,0.000000,0.593738,0.642060,-0.000000,0.530733,0.654347,-0.054053,0.475517,0.588973,-0.082646,0.446560,0.486951,-0.096992,0.448091,0.412179,-0.105812,0.564176,0.463197,-0.101785,0.490924,0.360993,-0.119039,0.444092,0.346416,-0.115504,0.415069,0.353978,-0.109577,0.603370,0.416514,-0.076948,0.562897,0.259633,-0.102644,0.526543,0.265974,-0.096747,0.507687,0.300170,-0.085734,0.622238,0.396100,-0.050514,0.584508,0.243695,-0.074503,0.548106,0.262623,-0.065849,0.532539,0.306659,-0.052338,0.627171,0.397561,-0.026094,0.602071,0.277881,-0.045139,0.571526,0.278593,-0.041895,0.555331,0.307425,-0.033236
359,1694951215.508371,1,,,0.0000,0.0000,0.0000,0.0000,58.6480,11261.5664,1.7384,99.2963,260.7795,131.9179,87.5720,61.0761,70.4319,0.000126,0.594894,0.641148,-0.000000,0.529110,0.652453,-0.050937,0.471825,0.585873,-0.076630,0.443437,0.481719,-0.088597,0.448482,0.409687,-0.095189,0.565874,0.459638,-0.094504,0.490215,0.356974,-0.109045,0.441858,0.343525,-0.104138,0.412133,0.350289,-0.097880,0.604879,0.411757,-0.070761,0.557009,0.256372,-0.095975,0.515786,0.269361,-0.091112,0.494874,0.311039,-0.080942,0.623258,0.391837,-0.045413,0.582916,0.240321,-0.069825,0.544698,0.259769,-0.064258,0.528834,0.305410,-0.052983,0.627369,0.393813,-0.021681,0.600796,0.275790,-0.041582,0.570397,0.276459,-0.041042,0.554266,0.305662,-0.034747
360,1694951215.516705,1,,,0.0000,0.0000,0.0000,0.0000,,,,,,,,,,,0.000000,0.000000,0.000000,0.000000,0.000000,0.000000,0.000000,0.000000,0.000000,0.000000,0.000000,0.000000,0.000000,0.000000,0.000000,0.000000,0.000000,0.000000,0.000000,0.000000,0.000000,0.000000,0.000000,0.000000,0.000000,0.000000,0.000000,0.000000,0.000000,0.000000,0.000000,0.000000,0.000000,0.000000,0.000000,0.000000,0.000000,0.000000,0.000000,0.000000,0.000000,0.000000,0.000000,0.000000,0.000000,0.000000,0.000000,0.000000,0.000000,0.000000,0.000000,0.000000,0.000000,0.000000,0.000000,0.000000,0.000000,0.000000,0.000000,0.000000,0.000000,0.000000,0.000000
361,1694951215.525038,1,,,0.0000,0.0000,0.0000,0.0000,,,,,,,,,,,0.000000,0.000000,0.000000,0.000000,0.000000,0.000000,0.000000,0.000000,0.000000,0.000000,0.000000,0.000000,0.000000,0.000000,0.000000,0.000000,0.000000,0.000000,0.000000,0.000000,0.000000,0.000000,0.000000,0.000000,0.000000,0.000000,0.000000,0.000000,0.000000,0.000000,0.000000,0.000000,0.000000,0.000000,0.000000,0.000000,0.000000,0.000000,0.000000,0.000000,0.000000,0.000000,0.000000,0.000000,0.000000,0.000000,0.000000,0.000000,0.000000,0.000000,0.000000,0.000000,0.000000,0.000000,0.000000,0.000000,0.000000,0.000000,0.000000,0.000000,0.000000,0.000000,0.000000
362,1694951215.533371,1,,,0.0000,0.0000,0.0000,0.0000,,,,,,,,,,,0.000000,0.000000,0.000000,0.000000,0.000000,0.000000,0.000000,0.000000,0.000000,0.000000,0.000000,0.000000,0.000000,0.000000,0.000000,0.000000,0.000000,0.000000,0.000000,0.000000,0.000000,0.000000,0.000000,0.000000,0.000000,0.000000,0.000000,0.000000,0.000000,0.000000,0.000000,0.000000,0.000000,0.000000,0.000000,0.000000,0.000000,0.000000,0.000000,0.000000,0.000000,0.000000,0.000000,0.000000,0.000000,0.000000,0.000000,0.000000,0.000000,0.000000,0.000000,0.000000,0.000000,0.000000,0.000000,0.000000,0.000000,0.000000,0.000000,0.000000,0.000000,0.000000,0.000000
363,1694951215.541705,1,,,0.0000,0.0000,0.0000,0.0000,,,,,,,,,,,0.000000,0.000000,0.000000,0.000000,0.000000,0.000000,0.000000,0.000000,0.000000,0.000000,0.000000,0.000000,0.000000,0.000000,0.000000,0.000000,0.000000,0.000000,0.000000,0.000000,0.000000,0.000000,0.000000,0.000000,0.000000,0.000000,0.000000,0.000000,0.000000,0.000000,0.000000,0.000000,0.000000,0.000000,0.000000,0.000000,0.000000,0.000000,0.000000,0.000000,0.000000,0.000000,0.000000,0.000000,0.000000,0.000000,0.000000,0.000000,0.000000,0.000000,0.000000,0.000000,0.000000,0.000000,0.000000,0.000000,0.000000,0.000000,0.000000,0.000000,0.000000,0.000000,0.000000
364,1694951215.550038,1,,,0.0000,0.0000,0.0000,0.0000,,10946.1179,1.2686,104.7091,264.9014,132.4756,87.6446,62.4379,75.2549,0.000269,0.593067,0.648930,-0.000000,0.526563,0.654153,-0.053844,0.469249,0.582591,-0.079098,0.444323,0.473279,-0.089887,0.456979,0.403309,-0.095349,0.571376,0.466520,-0.096380,0.494006,0.355446,-0.112353,0.442659,0.340774,-0.107601,0.413510,0.343868,-0.101181,0.608792,0.415046,-0.072186,0.560791,0.250026,-0.098463,0.511104,0.261142,-0.093263,0.485845,0.299246,-0.082315,0.624430,0.390998,-0.047093,0.582584,0.239733,-0.073333,0.535401,0.261645,-0.069425,0.515148,0.303236,-0.058446,0.625484,0.390543,-0.023930,0.595397,0.276737,-0.043973,0.560019,0.281846,-0.044613,0.541668,0.313224,-0.039212
365,1694951215.558371,1,,,0.0000,0.0000,0.0000,0.0000,54.9972,10053.4966,2.1264,93.5880,259.8160,134.5746,88.9133,60.9635,69.3686,0.000083,0.593389,0.640460,-0.000000,0.528932,0.652278,-0.052501,0.476125,0.585542,-0.080011,0.451128,0.481190,-0.092813,0.450621,0.403392,-0.100531,0.567212,0.467409,-0.105990,0.491586,0.365098,-0.124747,0.444452,0.348577,-0.121875,0.411784,0.354097,-0.116068,0.605709,0.417583,-0.081646,0.556269,0.265366,-0.108771,0.518432,0.271233,-0.103398,0.497943,0.307375,-0.092666,0.623247,0.394193,-0.055279,0.579147,0.248299,-0.080127,0.542781,0.260403,-0.072550,0.526291,0.300714,-0.059765,0.626294,0.392739,-0.030612,0.598500,0.277491,-0.050933,0.570383,0.271770,-0.048881,0.554901,0.293679,-0.040932
366,1694951215.566705,1,,,0.0000,0.0000,0.0000,0.0000,,,,,,,,,,,0.000000,0.000000,0.000000,0.000000,0.000000,0.000000,0.000000,0.000000,0.000000,0.000000,0.000000,0.000000,0.000000,0.000000,0.000000,0.000000,0.000000,0.000000,0.000000,0.000000,0.000000,0.000000,0.000000,0.000000,0.000000,0.000000,0.000000,0.000000,0.000000,0.000000,0.000000,0.000000,0.000000,0.000000,0.000000,0.000000,0.000000,0.000000,0.000000,0.000000,0.000000,0.000000,0.000000,0.000000,0.000000,0.000000,0.000000,0.000000,0.000000,0.000000,0.000000,0.000000,0.000000,0.000000,0.000000,0.000000,0.000000,0.000000,0.000000,0.000000,0.000000,0.000000,0.000000
367,1694951215.575038,0,,,0.0000,0.0000,0.0000,0.0000,,10100.0528,1.2853,90.9066,261.2161,132.9417,87.5333,59.5023,68.8748,0.000018,0.593547,0.638368,-0.000000,0.528588,0.649779,-0.055661,0.474487,0.587816,-0.085009,0.447496,0.483108,-0.098776,0.454173,0.408529,-0.106706,0.570715,0.467830,-0.109931,0.491670,0.363015,-0.126974,0.442173,0.346972,-0.120144,0.412237,0.352874,-0.111694,0.607348,0.416886,-0.084263,0.563002,0.256606,-0.113503,0.521343,0.262014,-0.107116,0.498203,0.298296,-0.094839,0.623182,0.389477,-0.056588,0.582814,0.238016,-0.082906,0.543388,0.253559,-0.075877,0.525901,0.295546,-0.062905,0.625329,0.385541,-0.030809,0.596714,0.267506,-0.050539,0.565284,0.271804,-0.048788,0.548590,0.305353,-0.041269
368,1694951215.583371,0,,,0.0000,0.0000,0.0000,0.0000,6.3108,9877.7791,1.5495,101.5486,272.2356,135.6911,91.4754,67.6300,79.8220,0.000043,0.594945,0.647868,-0.000000,0.530446,0.654783,-0.056939,0.475227,0.584919,-0.084890,0.450065,0.476903,-0.097587,0.458474,0.403140,-0.104814,0.575988,0.468296,-0.102990,0.498931,0.354864,-0.121379,0.447671,0.337745,-0.117568,0.418780,0.340194,-0.111303,0.613238,0.415956,-0.077161,0.561791,0.253900,-0.104439,0.510402,0.265895,-0.098647,0.485260,0.305949,-0.087707,0.628588,0.389572,-0.050641,0.584118,0.238878,-0.077650,0.536285,0.261359,-0.073292,0.516552,0.303646,-0.062407,0.629690,0.385351,-0.026143,0.598371,0.269210,-0.046015,0.562357,0.276189,-0.045844,0.544354,0.308200,-0.040241
369,1694951215.591705,0,,,0.0000,0.0000,0.0000,0.0000,73.1085,8761.0910,1.3345,97.2724,272.1594,134.7313,91.5091,68.4569,81.2075,0.000016,0.594044,0.642897,-0.000000,0.531343,0.653689,-0.060038,0.476566,0.588210,-0.090426,0.449771,0.483223,-0.105426,0.455319,0.406989,-0.114804,0.574552,0.468816,-0.104830,0.499559,0.359824,-0.125829,0.448897,0.339643,-0.125152,0.419018,0.341895,-0.120891,0.611565,0.417439,-0.078319,0.562517,0.258998,-0.107338,0.516187,0.274276,-0.102950,0.493875,0.320319,-0.092571,0.627498,0.390871,-0.051536,0.583150,0.236278,-0.080224,0.539982,0.261844,-0.075344,0.523064,0.311319,-0.063646,0.630247,0.385683,-0.027115,0.599260,0.265916,-0.049786,0.564632,0.274110,-0.049986,0.547156,0.310532,-0.043790
370,1694951215.600038,0,,,0.0000,0.0000,0.0000,0.0000,,,,,,,,,,,0.000000,0.000000,0.000000,0.000000,0.000000,0.000000,0.000000,0.000000,0.000000,0.000000,0.000000,0.000000,0.000000,0.000000,0.000000,0.000000,0.000000,0.000000,0.000000,0.000000,0.000000,0.000000,0.000000,0.000000,0.000000,0.000000,0.000000,0.000000,0.000000,0.000000,0.000000,0.000000,0.000000,0.000000,0.000000,0.000000,0.000000,0.000000,0.000000,0.000000,0.000000,0.000000,0.000000,0.000000,0.000000,0.000000,0.000000,0.000000,0.000000,0.000000,0.000000,0.000000,0.000000,0.000000,0.000000,0.000000,0.000000,0.000000,0.000000,0.000000,0.000000,0.000000,0.000000
371,1694951215.608371,0,,,0.0000,0.0000,0.0000,0.0000,,6540.3798,3.2417,90.8997,280.0991,139.9659,98.6579,78.1138,90.4660,0.000000,0.595058,0.643417,-0.000000,0.531253,0.648676,-0.055309,0.476152,0.577005,-0.083722,0.452706,0.470436,-0.097339,0.461906,0.398265,-0.106255,0.578996,0.469833,-0.102805,0.508102,0.360132,-0.125636,0.455986,0.338603,-0.127799,0.425032,0.338844,-0.125490,0.616597,0.420841,-0.078668,0.566105,0.259308,-0.108299,0.516903,0.275049,-0.104752,0.495736,0.319611,-0.095378,0.632910,0.393330,-0.053862,0.586647,0.234408,-0.082579,0.542451,0.263637,-0.077210,0.528854,0.315009,-0.065333,0.635342,0.386461,-0.031045,0.600328,0.262383,-0.052403,0.565972,0.276138,-0.050738,0.553340,0.317799,-0.043573
372,1694951215.616705,0,,,0.0000,0.0000,0.0000,0.0000,28.6741,8097.1812,2.6553,91.5139,283.4094,141.1893,100.4133,80.9537,93.6838,0.000000,0.594251,0.639201,-0.000000,0.531735,0.649849,-0.060679,0.476486,0.578569,-0.090872,0.453877,0.469312,-0.105163,0.462609,0.395085,-0.114329,0.582074,0.475774,-0.108858,0.512979,0.359404,-0.131588,0.459310,0.335623,-0.132328,0.427280,0.333718,-0.129169,0.620100,0.424794,-0.082607,0.572989,0.259482,-0.112568,0.522326,0.272186,-0.108483,0.499967,0.314348,-0.098738,0.635343,0.394247,-0.056008,0.589337,0.234100,-0.085920,0.542692,0.262210,-0.081110,0.526432,0.312716,-0.069548,0.636301,0.383775,-0.031822,0.601602,0.258126,-0.055112,0.565646,0.272143,-0.054910,0.550370,0.314687,-0.048664
373,1694951215.625038,0,,,0.0000,0.0000,0.0000,0.0000,0.6773,7833.9886,2.7402,90.1535,286.9421,144.6035,103.3839,83.7751,96.5054,0.000000,0.595287,0.641344,-0.000000,0.533485,0.646590,-0.059873,0.481294,0.577570,-0.090990,0.457334,0.470138,-0.106339,0.463298,0.391722,-0.116245,0.583072,0.470056,-0.108143,0.511704,0.354516,-0.131258,0.460311,0.330745,-0.132657,0.430336,0.330528,-0.129716,0.620303,0.419473,-0.081135,0.571123,0.257037,-0.110684,0.523784,0.273297,-0.105925,0.503937,0.318698,-0.095771,0.635987,0.392672,-0.053621,0.592154,0.234879,-0.082351,0.548729,0.262224,-0.075944,0.534870,0.313977,-0.063459,0.637749,0.385952,-0.028438,0.606511,0.265018,-0.050731,0.572310,0.276097,-0.049705,0.558287,0.315666,-0.042802
374,1694951215.633371,0,,,0.0000,0.0000,0.0000,0.0000,0.6564,6519.0247,3.0108,87.7029,294.9492,146.4989,106.5543,89.3261,103.9810,0.000000,0.596389,0.641104,-0.000000,0.534233,0.643844,-0.060017,0.481134,0.568625,-0.089851,0.459813,0.458638,-0.103720,0.468754,0.382234,-0.112428,0.587417,0.471820,-0.107147,0.519413,0.353579,-0.131267,0.465976,0.327595,-0.133274,0.434053,0.322756,-0.130457,0.624565,0.421300,-0.080772,0.577387,0.253592,-0.111747,0.524315,0.265777,-0.107315,0.500541,0.308379,-0.096577,0.639100,0.392000,-0.054320,0.595531,0.232735,-0.085150,0.547837,0.256976,-0.080579,0.531042,0.303765,-0.068362,0.639752,0.382520,-0.030128,0.607596,0.259482,-0.052549,0.572109,0.270775,-0.051780,0.557415,0.310639,-0.044924
375,1694951215.641705,0,,,0.0000,0.0000,0.0000,0.0000,75.9540,7916.5711,2.4270,87.9074,296.5203,148.5205,109.1673,92.6991,107.3790,0.000000,0.596572,0.642651,-0.000000,0.534651,0.642920,-0.058823,0.482098,0.571568,-0.088168,0.460312,0.462428,-0.102104,0.471309,0.385201,-0.110834,0.591712,0.466699,-0.103725,0.517404,0.347159,-0.124737,0.464776,0.324355,-0.124728,0.435899,0.320645,-0.121478,0.628110,0.413979,-0.078116,0.584589,0.242634,-0.107207,0.535863,0.254563,-0.102928,0.513663,0.292027,-0.092757,0.641945,0.386695,-0.052094,0.601519,0.233696,-0.079265,0.556470,0.261632,-0.073608,0.540610,0.304800,-0.061842,0.641887,0.381388,-0.028642,0.613027,0.263358,-0.049341,0.579375,0.274948,-0.048529,0.565480,0.311560,-0.042058
376,1694951215.650038,0,,,0.0000,0.0000,0.0000,0.0000,13.0366,9160.0741,2.4362,88.3912,308.6562,154.8620,117.4714,104.3862,121.0493,0.000000,0.600586,0.652363,-0.000000,0.538756,0.649052,-0.061257,0.486797,0.569969,-0.089645,0.462882,0.454710,-0.102304,0.472530,0.376805,-0.109743,0.595610,0.466522,-0.099276,0.521275,0.346788,-0.119538,0.470063,0.319765,-0.120900,0.443168,0.306056,-0.119087,0.630485,0.413796,-0.071950,0.586220,0.242489,-0.099694,0.534812,0.250844,-0.096254,0.509893,0.288810,-0.086722,0.642518,0.387436,-0.044853,0.604423,0.238871,-0.071896,0.557984,0.260924,-0.069008,0.539856,0.300489,-0.058845,0.640291,0.380853,-0.020511,0.612965,0.271638,-0.039943,0.578810,0.279455,-0.040530,0.563247,0.310968,-0.035377
377,1694951215.658371,0,,,0.0000,0.0000,0.0000,0.0000,18.2112,7656.6712,2.6986,88.8272,310.3296,149.7513,114.4277,103.3407,120.6333,0.000000,0.596884,0.645429,-0.000000,0.533976,0.638849,-0.055381,0.483348,0.557063,-0.081541,0.464191,0.443148,-0.093132,0.477989,0.369423,-0.099802,0.592565,0.457688,-0.093650,0.522882,0.344717,-0.115352,0.471819,0.315949,-0.118879,0.441610,0.305216,-0.118004,0.629348,0.411514,-0.069698,0.589069,0.243694,-0.097240,0.540089,0.249927,-0.094267,0.515538,0.285848,-0.085104,0.643567,0.388402,-0.045836,0.608068,0.235579,-0.072960,0.562970,0.256753,-0.068822,0.545722,0.298153,-0.057598,0.643169,0.384972,-0.024306,0.617477,0.265122,-0.043601,0.584416,0.272977,-0.041872,0.570167,0.308294,-0.034775
378,1694951215.666705,0,,,0.0000,0.0000,0.0000,0.0000,14.7939,9929.8444,2.8078,90.6181,320.5879,154.5356,120.1181,111.2626,130.4136,0.000000,0.600269,0.655101,-0.000000,0.536651,0.644195,-0.058469,0.485854,0.560964,-0.085083,0.464300,0.444456,-0.096964,0.480999,0.375322,-0.103631,0.596687,0.461982,-0.093611,0.525984,0.341387,-0.114278,0.474507,0.309815,-0.116559,0.446807,0.293605,-0.115315,0.633244,0.411788,-0.068324,0.596956,0.237658,-0.096933,0.547375,0.240603,-0.094293,0.522440,0.276104,-0.084376,0.645928,0.387417,-0.043302,0.614250,0.239736,-0.071045,0.567477,0.254271,-0.067890,0.547787,0.289283,-0.056496,0.643497,0.383229,-0.020929,0.619752,0.272299,-0.039553,0.584175,0.273775,-0.038638,0.565563,0.302998,-0.031827
379,1694951215.675038,0,,,0.0000,0.0000,0.0000,0.0000,16.6056,9127.2974,1.7828,86.1049,320.6546,157.5516,122.7612,112.8767,130.9849,0.000000,0.599067,0.643991,-0.000000,0.535258,0.634493,-0.056330,0.485920,0.549359,-0.081830,0.468089,0.434693,-0.092267,0.483894,0.365626,-0.097729,0.597116,0.454703,-0.094118,0.527459,0.336836,-0.114807,0.476193,0.308616,-0.117545,0.447883,0.295719,-0.116374,0.634145,0.410292,-0.068873,0.593704,0.238632,-0.096097,0.543656,0.246574,-0.092774,0.520219,0.283110,-0.083269,0.647742,0.388872,-0.043669,0.612587,0.232686,-0.071321,0.566158,0.253583,-0.068248,0.549061,0.294478,-0.057385,0.646265,0.385406,-0.020682,0.620696,0.264897,-0.040193,0.586789,0.270950,-0.039609,0.572226,0.304983,-0.033366
380,1694951215.683371,1,,,0.0000,0.0000,0.0000,0.0000,22.5769,11285.8178,2.7485,94.7323,324.0234,157.2356,123.3041,115.2566,135.3761,0.000017,0.601925,0.657887,-0.000000,0.535487,0.640256,-0.051687,0.484072,0.541987,-0.073786,0.468062,0.417608,-0.082304,0.491145,0.353686,-0.086229,0.598957,0.453086,-0.085213,0.528934,0.332569,-0.105812,0.476008,0.302002,-0.110268,0.447169,0.284051,-0.110920,0.636371,0.405213,-0.062824,0.599619,0.230978,-0.090672,0.549781,0.239575,-0.088620,0.526324,0.277022,-0.079381,0.649093,0.381397,-0.040425,0.618265,0.232292,-0.067374,0.571062,0.248509,-0.064165,0.552678,0.283105,-0.052984,0.646358,0.376586,-0.020254,0.622412,0.265588,-0.037495,0.588054,0.268000,-0.035782,0.572576,0.296158,-0.028844
381,1694951215.691705,1,,,0.0000,0.0000,0.0000,0.0000,34.4564,10610.0757,1.4987,87.5694,330.0491,161.7718,127.8576,119.9444,139.9070,0.000000,0.598149,0.643911,-0.000000,0.532423,0.629928,-0.052823,0.484364,0.540466,-0.076839,0.470087,0.421694,-0.086669,0.489792,0.350684,-0.091692,0.594960,0.448565,-0.086611,0.531122,0.330953,-0.108410,0.481582,0.301806,-0.114674,0.451638,0.287199,-0.116431,0.632582,0.404135,-0.063677,0.594746,0.233353,-0.090006,0.546511,0.240429,-0.088868,0.522136,0.274868,-0.081539,0.647095,0.382614,-0.040946,0.612985,0.229969,-0.067004,0.567113,0.251600,-0.063737,0.548864,0.290821,-0.053481,0.646146,0.379520,-0.020519,0.620367,0.267750,-0.038529,0.586282,0.274588,-0.037325,0.570592,0.305379,-0.031100
382,1694951215.700038,1,,,0.0000,0.0000,0.0000,0.0000,31.5020,9568.7612,1.9272,90.0201,328.2255,158.5805,125.2419,119.7146,142.4863,0.000008,0.599161,0.642060,-0.000000,0.532753,0.628831,-0.055234,0.483035,0.532535,-0.077811,0.469796,0.411060,-0.084363,0.492204,0.346898,-0.085842,0.595810,0.440588,-0.094038,0.530109,0.322188,-0.111913,0.479659,0.296015,-0.113258,0.449336,0.282033,-0.112011,0.634432,0.398252,-0.067597,0.597301,0.231841,-0.091673,0.548609,0.241487,-0.087627,0.524073,0.275991,-0.078535,0.648471,0.377882,-0.040726,0.616252,0.227117,-0.064939,0.570772,0.247894,-0.061702,0.552505,0.287648,-0.051954,0.647904,0.375938,-0.016162,0.624978,0.264401,-0.035021,0.591664,0.270301,-0.035677,0.575409,0.301536,-0.030801
383,1694951215.708371,1,-52.5055,-52.5055,8.3020,0.0000,76.9268,6.5678,58.1868,11951.2681,2.0663,92.7207,320.0043,152.2958,117.8531,111.2026,134.1569,0.000078,0.597934,0.635429,-0.000000,0.534680,0.616786,-0.056223,0.486341,0.527330,-0.077783,0.468090,0.410996,-0.082264,0.486631,0.346692,-0.080353,0.591352,0.434643,-0.094618,0.523687,0.321523,-0.106376,0.474932,0.295906,-0.100634,0.443727,0.286344,-0.094457,0.628529,0.395217,-0.065800,0.596657,0.232867,-0.084949,0.554183,0.241448,-0.077103,0.529752,0.273654,-0.065626,0.642098,0.376910,-0.036303,0.615654,0.226083,-0.057570,0.575718,0.245436,-0.053225,0.556667,0.284577,-0.042734,0.641385,0.378141,-0.008974,0.622738,0.264652,-0.026007,0.593143,0.265718,-0.026252,0.576248,0.295873,-0.021168
384,1694951215.716705,1,-54.0380,-54.0380,-35.3229,-43.6250,68.4521,344.7368,67.3258,10999.2738,1.2247,93.1551,324.0965,153.6730,120.6543,114.6649,136.8787,0.000096,0.599719,0.636632,-0.000000,0.534207,0.623356,-0.053485,0.483423,0.525986,-0.073784,0.468666,0.404585,-0.078911,0.490667,0.339036,-0.079037,0.594345,0.434569,-0.086076,0.526228,0.324970,-0.100942,0.475925,0.298717,-0.101510,0.444462,0.285025,-0.100459,0.631209,0.393435,-0.060653,0.594761,0.230944,-0.082652,0.549279,0.242860,-0.079660,0.526038,0.280520,-0.071650,0.644931,0.374945,-0.034996,0.613741,0.225559,-0.058525,0.571590,0.248927,-0.056269,0.555416,0.291579,-0.047145,0.644793,0.373692,-0.011579,0.622646,0.258655,-0.031007,0.591434,0.263870,-0.032298,0.577289,0.295726,-0.027869
385,1694951215.725038,1,,,0.0000,0.0000,0.0000,0.0000,67.9066,13042.1369,0.9479,94.3480,321.6584,156.2558,121.6311,112.8880,132.5923,0.000071,0.599257,0.638895,-0.000000,0.535891,0.622480,-0.051765,0.483961,0.529604,-0.072998,0.466530,0.411517,-0.080352,0.485815,0.346147,-0.082825,0.593612,0.432615,-0.083208,0.524627,0.323850,-0.098896,0.474995,0.298656,-0.099499,0.445146,0.286066,-0.098062,0.630672,0.391020,-0.059681,0.593190,0.228381,-0.082952,0.547218,0.243027,-0.079460,0.524140,0.282839,-0.070322,0.644826,0.373731,-0.036061,0.614135,0.224636,-0.060564,0.571557,0.248831,-0.057489,0.554801,0.292833,-0.047182,0.645370,0.374908,-0.014597,0.624104,0.259117,-0.033294,0.591276,0.262515,-0.033446,0.575066,0.294091,-0.027978
386,1694951215.733371,1,,,0.0000,0.0000,0.0000,0.0000,8.1877,11859.3976,1.8596,91.5085,326.8996,162.3498,128.1701,120.5704,140.8828,0.000079,0.599197,0.640323,-0.000000,0.534532,0.622324,-0.049136,0.483687,0.530287,-0.068712,0.466463,0.413440,-0.075200,0.484050,0.347781,-0.076907,0.591939,0.430993,-0.074249,0.526988,0.320436,-0.092684,0.477859,0.295953,-0.098320,0.449609,0.284691,-0.099684,0.630013,0.390104,-0.052211,0.593411,0.225318,-0.075540,0.545789,0.235886,-0.074600,0.522516,0.273932,-0.067018,0.644749,0.373652,-0.030785,0.615157,0.222239,-0.054795,0.570014,0.242027,-0.052912,0.552388,0.282069,-0.043172,0.645198,0.376692,-0.011519,0.622834,0.262187,-0.027827,0.590008,0.264573,-0.027009,0.574483,0.294805,-0.020889
387,1694951215.741705,1,,,0.0000,0.0000,0.0000,0.0000,13.2293,10491.5183,1.9903,86.4113,320.6975,159.0869,123.6317,113.9231,132.8252,0.000000,0.599581,0.633036,-0.000000,0.534738,0.619534,-0.052842,0.484075,0.528056,-0.073357,0.467450,0.411880,-0.078300,0.485570,0.346229,-0.077813,0.592345,0.429824,-0.088040,0.526835,0.317946,-0.103656,0.476524,0.297687,-0.103488,0.446064,0.291550,-0.100911,0.629979,0.391025,-0.062172,0.594317,0.225732,-0.083804,0.548234,0.235471,-0.078726,0.525066,0.268055,-0.068918,0.644255,0.375469,-0.036069,0.614078,0.223793,-0.058547,0.569590,0.241125,-0.054820,0.550348,0.277399,-0.044689,0.644440,0.379354,-0.012122,0.624250,0.261607,-0.029237,0.592121,0.264135,-0.028792,0.575159,0.294791,-0.023224
388,1694951215.750038,1,,,0.0000,0.0000,0.0000,0.0000,27.5660,9434.3873,1.9587,86.0116,326.6913,160.0757,125.6466,117.7440,138.6162,0.000000,0.599511,0.630948,-0.000000,0.533014,0.622230,-0.055346,0.482926,0.525636,-0.076498,0.469163,0.405969,-0.082058,0.489056,0.343184,-0.082156,0.591286,0.433351,-0.087013,0.526081,0.319081,-0.104043,0.476032,0.294728,-0.105212,0.447612,0.289235,-0.102779,0.628867,0.392786,-0.060291,0.593266,0.230251,-0.082339,0.544716,0.237960,-0.077236,0.520944,0.275395,-0.066807,0.643045,0.374416,-0.034134,0.612073,0.222474,-0.058942,0.566402,0.240701,-0.056992,0.547986,0.280456,-0.047074,0.643365,0.374167,-0.010108,0.619048,0.257074,-0.027826,0.584968,0.262519,-0.027820,0.568029,0.297275,-0.022266
389,1694951215.758371,1,,,0.0000,0.0000,0.0000,0.0000,42.6203,9954.1620,1.7681,81.3742,325.8017,164.5065,129.0969,119.6666,138.5620,0.000000,0.599358,0.634408,-0.000000,0.534936,0.619183,-0.054551,0.485572,0.530729,-0.078361,0.467563,0.418351,-0.087076,0.482975,0.349729,-0.090203,0.593719,0.432560,-0.089201,0.527530,0.318148,-0.105066,0.478213,0.295780,-0.102575,0.449676,0.295754,-0.097240,0.632448,0.397261,-0.063263,0.598035,0.229924,-0.087974,0.550429,0.236765,-0.083660,0.526088,0.273257,-0.072804,0.647630,0.384467,-0.037031,0.616625,0.231838,-0.062966,0.571072,0.246672,-0.060486,0.551801,0.285547,-0.049724,0.647794,0.389423,-0.012607,0.623054,0.269898,-0.031693,0.588899,0.272920,-0.031358,0.571586,0.305539,-0.024810
390,1694951215.766705,1,,,0.0000,0.0000,0.0000,0.0000,44.1589,9384.5083,2.8279,86.2052,331.8511,164.6072,131.1391,123.2514,143.0629,0.000000,0.600306,0.642635,-0.000000,0.537820,0.629642,-0.055172,0.487712,0.537290,-0.077249,0.469569,0.420643,-0.084637,0.485603,0.352746,-0.086985,0.599642,0.437256,-0.085382,0.531700,0.323341,-0.104236,0.481178,0.297378,-0.109616,0.449979,0.281420,-0.111462,0.634845,0.394020,-0.060061,0.598560,0.230174,-0.083652,0.552701,0.235062,-0.083058,0.528123,0.264733,-0.076839,0.646283,0.373832,-0.035128,0.613447,0.226780,-0.059578,0.569076,0.246614,-0.058587,0.550038,0.284414,-0.050411,0.643704,0.372132,-0.012797,0.622037,0.262403,-0.031715,0.587762,0.267895,-0.032971,0.569010,0.299045,-0.028589
391,1694951215.775038,1,,,0.0000,0.0000,0.0000,0.0000,17.2422,9379.6760,1.9712,85.6142,327.9609,161.7886,128.0086,120.9498,142.0492,0.000017,0.600842,0.635442,-0.000000,0.538310,0.629999,-0.056406,0.485130,0.530805,-0.077898,0.469563,0.403395,-0.084741,0.493734,0.340898,-0.086998,0.599890,0.446791,-0.086381,0.530915,0.334360,-0.104327,0.478695,0.304208,-0.108148,0.447424,0.284194,-0.109712,0.632894,0.397555,-0.061531,0.594522,0.232285,-0.084733,0.546853,0.243288,-0.083025,0.523850,0.281274,-0.076373,0.643361,0.372264,-0.037394,0.609950,0.218338,-0.062338,0.565151,0.240729,-0.061745,0.547844,0.284731,-0.054117,0.641426,0.366113,-0.016126,0.618310,0.249869,-0.036431,0.585069,0.254136,-0.039732,0.569571,0.288163,-0.037334
392,1694951215.783371,0,,,0.0000,0.0000,0.0000,0.0000,50.7798,9434.4760,1.7956,83.4707,334.8400,166.6114,133.3653,126.0130,145.8103,0.000000,0.600747,0.635288,-0.000000,0.538396,0.628418,-0.058404,0.488053,0.533760,-0.082916,0.473119,0.411722,-0.091907,0.493549,0.342747,-0.095994,0.603938,0.447223,-0.093392,0.536464,0.329189,-0.113739,0.483541,0.298002,-0.119254,0.451327,0.277802,-0.121385,0.637993,0.399543,-0.067326,0.603462,0.232578,-0.091784,0.555005,0.236105,-0.090058,0.529922,0.268166,-0.083239,0.648264,0.374796,-0.041709,0.617106,0.221758,-0.067454,0.570951,0.241335,-0.065969,0.551793,0.283273,-0.057486,0.644738,0.368701,-0.018841,0.624014,0.255448,-0.039720,0.589662,0.260390,-0.041753,0.572132,0.293760,-0.037868
393,1694951215.791705,0,,,0.0000,0.0000,0.0000,0.0000,34.9056,7877.9427,3.1042,80.5139,339.1058,168.8263,137.3366,131.5655,152.6214,0.000000,0.603967,0.644362,-0.000000,0.537696,0.637813,-0.059917,0.488434,0.532646,-0.081652,0.477141,0.404042,-0.087970,0.503778,0.345933,-0.089660,0.605691,0.450960,-0.088468,0.537066,0.326254,-0.109109,0.483704,0.294752,-0.115119,0.453059,0.272356,-0.117630,0.639976,0.405023,-0.062502,0.607364,0.224996,-0.090636,0.556901,0.236831,-0.091136,0.531506,0.275438,-0.083588,0.649608,0.381668,-0.037442,0.620386,0.227252,-0.066752,0.573400,0.252319,-0.067546,0.555684,0.291770,-0.058542,0.645749,0.375884,-0.015320,0.623830,0.262282,-0.037545,0.587997,0.270435,-0.040538,0.571393,0.303151,-0.036584
394,1694951215.800038,0,,,0.0000,0.0000,0.0000,0.0000,14.4425,6407.4066,2.1832,73.5810,348.0352,176.0605,145.0021,139.5484,159.5177,0.000000,0.605509,0.640618,-0.000000,0.545205,0.631419,-0.059574,0.496429,0.534283,-0.083828,0.481003,0.409396,-0.092550,0.501957,0.342315,-0.096060,0.610858,0.449282,-0.091112,0.543928,0.322670,-0.110933,0.491239,0.289649,-0.115846,0.459455,0.270914,-0.117293,0.643956,0.402242,-0.064317,0.610640,0.231542,-0.089425,0.562084,0.234665,-0.088114,0.536478,0.267810,-0.080755,0.653498,0.378338,-0.038284,0.623993,0.226398,-0.064629,0.577236,0.241394,-0.064182,0.556941,0.279982,-0.055887,0.649601,0.371386,-0.015103,0.629716,0.261268,-0.036534,0.594312,0.264333,-0.039600,0.575393,0.295781,-0.036096
395,1694951215.808371,0,,,0.0000,0.0000,0.0000,0.0000,32.1184,5793.7722,3.1163,73.5756,349.3943,176.7037,146.1502,141.3790,162.7395,0.000000,0.609401,0.659589,-0.000000,0.549080,0.635215,-0.060531,0.504246,0.538677,-0.083854,0.488134,0.420256,-0.092392,0.499500,0.347889,-0.095693,0.617741,0.450819,-0.086550,0.545838,0.315714,-0.107084,0.491134,0.285862,-0.113269,0.459663,0.267620,-0.115114,0.649836,0.404454,-0.059100,0.619664,0.226443,-0.086760,0.568934,0.228354,-0.088826,0.540127,0.259768,-0.082914,0.657422,0.381121,-0.032657,0.633202,0.227984,-0.059793,0.584071,0.242508,-0.061527,0.560584,0.276390,-0.054201,0.651834,0.373939,-0.009321,0.636459,0.265127,-0.030423,0.598835,0.265840,-0.034489,0.577281,0.292842,-0.031381
396,1694951215.816705,0,,,0.0000,0.0000,0.0000,0.0000,5.7223,6284.9363,2.9996,69.8449,356.6751,185.2957,155.2766,150.2790,171.0614,0.000000,0.612877,0.651208,-0.000000,0.552841,0.630801,-0.061105,0.508601,0.530678,-0.084780,0.494329,0.412045,-0.093323,0.507843,0.339988,-0.096833,0.624924,0.449008,-0.089476,0.553446,0.313383,-0.110452,0.499173,0.281101,-0.116230,0.467266,0.263701,-0.117653,0.656041,0.403568,-0.062346,0.625348,0.223470,-0.089646,0.574582,0.227367,-0.089999,0.546032,0.263961,-0.082494,0.662906,0.381737,-0.036284,0.637629,0.230258,-0.063547,0.589666,0.244875,-0.064376,0.567718,0.279248,-0.056171,0.657316,0.375696,-0.013344,0.640101,0.269382,-0.035587,0.602812,0.268469,-0.039663,0.581401,0.293680,-0.036188
397,1694951215.825038,0,,,0.0000,0.0000,0.0000,0.0000,30.5661,5761.1970,2.5960,65.2083,370.7785,199.8840,169.2840,164.0488,183.8452,0.000000,0.616980,0.624820,-0.000000,0.563166,0.620213,-0.065093,0.518046,0.527450,-0.090628,0.501812,0.407500,-0.099432,0.515207,0.336077,-0.102918,0.630068,0.447939,-0.093865,0.568605,0.320138,-0.117242,0.514480,0.278072,-0.126138,0.478515,0.254768,-0.129765,0.658450,0.398421,-0.064984,0.636115,0.227708,-0.090977,0.590668,0.224146,-0.091616,0.561747,0.257087,-0.084935,0.664418,0.371785,-0.037796,0.640145,0.220443,-0.066053,0.596534,0.233396,-0.068387,0.574400,0.272052,-0.061272,0.658724,0.362490,-0.013948,0.638313,0.261207,-0.039465,0.602806,0.263275,-0.045835,0.580414,0.293983,-0.043500
398,1694951215.833371,0,,,0.0000,0.0000,0.0000,0.0000,54.6927,5600.1511,2.6339,71.2022,381.5783,212.7273,183.5950,178.0530,195.9743,0.000000,0.623561,0.644113,-0.000000,0.566552,0.624374,-0.064149,0.525005,0.522532,-0.088593,0.511892,0.402448,-0.097274,0.524260,0.327505,-0.100726,0.641034,0.444858,-0.088848,0.576471,0.306445,-0.109804,0.522916,0.269973,-0.116697,0.489561,0.250773,-0.118885,0.671024,0.401868,-0.059842,0.644942,0.224351,-0.087155,0.595714,0.218608,-0.089410,0.565770,0.248816,-0.083201,0.676669,0.380385,-0.032338,0.651197,0.231626,-0.060343,0.605224,0.240424,-0.063165,0.582922,0.273014,-0.056173,0.669875,0.373101,-0.008190,0.651552,0.275355,-0.032928,0.615648,0.275673,-0.038989,0.594288,0.302436,-0.036352
399,1694951215.841705,0,,,0.0000,0.0000,0.0000,0.0000,9.3910,6329.2968,2.7597,64.5656,399.7384,227.0895,199.4755,195.0554,213.3310,0.000000,0.636310,0.612957,0.000000,0.570939,0.606044,-0.060596,0.528108,0.504161,-0.084125,0.520757,0.384783,-0.092265,0.539107,0.314979,-0.095362,0.641566,0.443704,-0.083762,0.592646,0.309146,-0.104518,0.540915,0.259005,-0.113579,0.501799,0.235295,-0.118048,0.673271,0.403298,-0.057742,0.658925,0.239567,-0.080358,0.620472,0.213118,-0.083631,0.593699,0.225116,-0.080937,0.681464,0.382437,-0.033239,0.647657,0.237664,-0.059005,0.608808,0.251010,-0.059667,0.591229,0.288681,-0.053182,0.677961,0.374730,-0.011881,0.645259,0.276866,-0.037626,0.612766,0.285560,-0.041581,0.596446,0.318528,-0.038000
400,1694951215.850038,0,,,0.0000,0.0000,0.0000,0.0000,1.1451,4885.2412,2.6874,75.2184,415.7246,246.4894,217.7008,211.9874,227.8846,0.000000,0.642118,0.611679,-0.000000,0.577914,0.601851,-0.065675,0.537961,0.495752,-0.089945,0.532173,0.374468,-0.097403,0.548969,0.299053,-0.099111,0.654191,0.433556,-0.087977,0.610505,0.291217,-0.108965,0.557187,0.246840,-0.117284,0.515379,0.230712,-0.120510,0.685992,0.397225,-0.058671,0.664981,0.235822,-0.080314,0.617958,0.225824,-0.082249,0.589587,0.248597,-0.078905,0.693794,0.377666,-0.031690,0.661972,0.231753,-0.057642,0.620388,0.245832,-0.059405,0.602737,0.280856,-0.054068,0.689931,0.369142,-0.008058,0.662018,0.265117,-0.032908,0.629779,0.270461,-0.036633,0.613050,0.301914,-0.033484
401,1694951215.858371,0,,,0.0000,0.0000,0.0000,0.0000,37.3184,6957.9927,2.6692,75.3750,435.1006,263.9478,236.9009,232.3149,248.2554,0.000000,0.644516,0.611843,-0.000000,0.588703,0.590506,-0.060287,0.552564,0.485964,-0.082630,0.544889,0.368295,-0.089745,0.555818,0.294090,-0.091690,0.665869,0.420162,-0.082726,0.611787,0.280738,-0.102009,0.562470,0.237422,-0.108801,0.529901,0.219401,-0.110648,0.695635,0.385645,-0.055336,0.680076,0.220293,-0.078474,0.635940,0.209746,-0.080271,0.606685,0.236035,-0.074985,0.701984,0.369331,-0.029516,0.682806,0.224033,-0.055322,0.639657,0.230896,-0.058652,0.617157,0.262910,-0.053128,0.697187,0.366923,-0.006581,0.680024,0.264978,-0.031154,0.645775,0.264178,-0.037047,0.623446,0.291216,-0.034706
402,1694951215.866705,0,,,0.0000,0.0000,0.0000,0.0000,7.6571,7100.1168,2.3654,72.4452,459.1043,285.7206,259.2531,254.8281,270.5577,0.000000,0.646805,0.622836,-0.000000,0.597014,0.589201,-0.068282,0.567934,0.482417,-0.093787,0.560567,0.364997,-0.102435,0.566175,0.282713,-0.105143,0.684294,0.423387,-0.088737,0.625981,0.277546,-0.108806,0.577032,0.227924,-0.115395,0.545855,0.203039,-0.117110,0.710306,0.385787,-0.056720,0.688260,0.215765,-0.082943,0.638004,0.196727,-0.085627,0.601977,0.222869,-0.080258,0.712216,0.364561,-0.026722,0.691780,0.217833,-0.055040,0.645818,0.209793,-0.060419,0.618990,0.231287,-0.055763,0.703528,0.355823,-0.000078,0.688093,0.254166,-0.025197,0.650988,0.242599,-0.032432,0.624049,0.259273,-0.031089
403,1694951215.875038,0,,,0.0000,0.0000,0.0000,0.0000,4.2519,7119.8302,2.3280,77.3395,476.4282,301.9918,275.7716,271.8227,287.5200,0.000000,0.654233,0.604620,-0.000000,0.605002,0.575542,-0.067368,0.578090,0.470807,-0.092523,0.572844,0.355959,-0.101155,0.582240,0.273263,-0.103997,0.689449,0.411751,-0.084313,0.636849,0.269168,-0.106286,0.589504,0.217067,-0.115601,0.557521,0.192766,-0.118241,0.717875,0.380451,-0.052667,0.702023,0.217763,-0.078101,0.656075,0.200055,-0.081657,0.622691,0.224737,-0.076644,0.722054,0.364115,-0.023599,0.705652,0.221397,-0.052237,0.661428,0.214977,-0.058059,0.635171,0.235504,-0.053066,0.715589,0.358083,0.002362,0.701775,0.253998,-0.022022,0.666402,0.241570,-0.028189,0.640934,0.256638,-0.025761
404,1694951215.883371,0,,,0.0000,0.0000,0.0000,0.0000,17.8137,7216.1716,1.8530,79.6312,500.1878,324.9518,299.3592,295.8979,311.2588,0.000000,0.656992,0.613410,-0.000000,0.610641,0.571887,-0.066811,0.590191,0.460368,-0.090818,0.588676,0.343226,-0.098108,0.597063,0.258035,-0.099754,0.705199,0.416067,-0.084245,0.650604,0.265303,-0.104052,0.604551,0.208462,-0.111994,0.574323,0.178344,-0.114525,0.731320,0.385141,-0.052183,0.714606,0.215207,-0.077182,0.665532,0.190838,-0.080346,0.628295,0.211779,-0.075292,0.733014,0.368772,-0.022229,0.717140,0.224519,-0.049365,0.672570,0.213275,-0.054732,0.645579,0.231822,-0.050042,0.724247,0.362578,0.004486,0.709583,0.265320,-0.019999,0.673938,0.251207,-0.026984,0.647945,0.264750,-0.025251
405,1694951215.891705,0,,,0.0000,0.0000,0.0000,0.0000,0.8435,7194.4450,1.9786,77.4506,524.5671,349.1551,323.3403,319.3742,333.9300,0.000000,0.661865,0.609785,-0.000000,0.618557,0.563623,-0.071017,0.603124,0.446888,-0.095110,0.604668,0.329281,-0.101560,0.613194,0.246760,-0.102413,0.718615,0.411118,-0.084957,0.664836,0.257094,-0.105345,0.619067,0.197850,-0.114254,0.590701,0.165368,-0.117579,0.742364,0.382298,-0.050475,0.725822,0.212434,-0.076428,0.676028,0.188941,-0.080085,0.640321,0.212394,-0.074745,0.742642,0.365052,-0.018705,0.721456,0.226874,-0.046330,0.675854,0.219810,-0.052117,0.651819,0.241208,-0.047122,0.734229,0.357828,0.009199,0.714799,0.268024,-0.016737,0.677084,0.255863,-0.025171,0.652103,0.269370,-0.023821
406,1694951215.900038,0,,,0.0000,0.0000,0.0000,0.0000,11.9831,7214.5243,2.2102,81.0617,545.7130,372.1473,346.8760,342.8076,356.7900,0.000000,0.667464,0.604176,-0.000000,0.627245,0.554652,-0.071569,0.616847,0.438540,-0.096888,0.620454,0.324606,-0.105450,0.626957,0.240932,-0.108750,0.730363,0.406843,-0.081194,0.683580,0.252575,-0.105920,0.638318,0.191637,-0.119728,0.608720,0.159544,-0.125907,0.749422,0.378309,-0.047839,0.738155,0.210419,-0.076404,0.687981,0.179611,-0.083837,0.649850,0.195102,-0.081230,0.747599,0.359618,-0.017881,0.733189,0.219261,-0.048297,0.685304,0.202835,-0.056306,0.656477,0.216470,-0.052650,0.737570,0.352232,0.008049,0.723812,0.259044,-0.020171,0.685030,0.239684,-0.029536,0.656493,0.246526,-0.028660
407,1694951215.908371,0,,,0.0000,0.0000,0.0000,0.0000,41.1230,7285.0076,1.9730,77.9066,569.0974,391.7022,367.3075,363.5481,377.5856,0.000000,0.670932,0.596961,-0.000000,0.633925,0.546073,-0.071434,0.627287,0.430202,-0.094670,0.633712,0.317492,-0.100871,0.645833,0.233018,-0.101725,0.738107,0.405900,-0.076414,0.696995,0.249866,-0.097603,0.653391,0.186369,-0.109425,0.624175,0.149899,-0.114643,0.756278,0.379645,-0.041571,0.751673,0.214752,-0.067251,0.704421,0.186304,-0.073405,0.667604,0.201248,-0.069717,0.753474,0.363176,-0.010283,0.741176,0.228657,-0.037594,0.695801,0.221843,-0.044026,0.669317,0.240929,-0.039280,0.743431,0.357242,0.016729,0.728447,0.273329,-0.010142,0.690193,0.261195,-0.019414,0.662879,0.271855,-0.018239
408,1694951215.916705,0,,,0.0000,0.0000,0.0000,0.0000,19.1420,7553.1215,2.4219,75.8009,586.6547,409.2132,384.8476,381.3966,395.6386,0.000000,0.678100,0.594167,-0.000000,0.641751,0.536015,-0.070422,0.638969,0.417890,-0.092548,0.648285,0.306835,-0.097808,0.658139,0.221916,-0.097987,0.748785,0.400591,-0.072103,0.709554,0.243907,-0.093888,0.666078,0.178954,-0.106785,0.636333,0.143463,-0.112451,0.766048,0.378609,-0.037656,0.758756,0.217589,-0.063502,0.708580,0.193555,-0.070515,0.671645,0.212710,-0.067171,0.762699,0.363665,-0.007031,0.745975,0.231793,-0.034540,0.699814,0.228969,-0.041526,0.674504,0.252962,-0.036939,0.752787,0.359196,0.019349,0.732251,0.274924,-0.008040,0.693785,0.266443,-0.017286,0.668210,0.281462,-0.015678
409,1694951215.925038,0,,,0.0000,0.0000,0.0000,0.0000,27.5384,7461.1597,3.0495,70.3048,604.7725,429.0247,404.6140,400.6728,413.8608,0.000000,0.684698,0.590115,-0.000000,0.650458,0.530944,-0.070566,0.650951,0.412748,-0.092831,0.662569,0.302460,-0.098580,0.674474,0.218686,-0.099635,0.758699,0.398153,-0.067871,0.720455,0.240581,-0.089213,0.678136,0.174751,-0.102590,0.649336,0.139319,-0.108690,0.773827,0.376754,-0.033370,0.769483,0.216688,-0.059490,0.720737,0.184745,-0.068605,0.681976,0.196750,-0.066565,0.769217,0.362312,-0.002818,0.751533,0.233225,-0.030481,0.703925,0.226237,-0.038567,0.675959,0.247295,-0.034433,0.757997,0.358342,0.023374,0.735986,0.276615,-0.004494,0.696879,0.268912,-0.014343,0.670497,0.282905,-0.012887
410,1694951215.933371,0,,,0.0000,0.0000,0.0000,0.0000,36.3631,7130.8246,2.6146,71.6319,627.6874,451.9693,427.1389,422.4004,434.1768,0.000000,0.690888,0.588307,-0.000000,0.658109,0.522686,-0.064306,0.662940,0.406028,-0.083108,0.677435,0.300602,-0.086573,0.688533,0.220351,-0.085785,0.766002,0.401529,-0.062300,0.732807,0.247748,-0.082267,0.693950,0.179516,-0.094886,0.667340,0.137684,-0.100540,0.781704,0.381759,-0.030596,0.782299,0.224682,-0.055717,0.736245,0.185069,-0.064654,0.697964,0.187648,-0.062496,0.777137,0.367934,-0.002433,0.763097,0.241331,-0.028580,0.717792,0.223883,-0.037545,0.690046,0.233996,-0.034170,0.765602,0.363727,0.021891,0.745954,0.282393,-0.003363,0.709851,0.264811,-0.013151,0.684855,0.268715,-0.012179
411,1694951215.941705,0,,,0.0000,0.0000,0.0000,0.0000,16.2008,7307.4625,2.7280,68.3843,643.1815,470.3227,445.7701,441.2365,452.9956,0.000000,0.694515,0.579201,-0.000000,0.667063,0.518214,-0.069601,0.675444,0.403276,-0.088940,0.690605,0.297631,-0.090906,0.696871,0.215886,-0.088014,0.773626,0.402140,-0.068946,0.743519,0.249862,-0.089213,0.706423,0.180227,-0.101994,0.680250,0.133691,-0.107879,0.788147,0.383585,-0.033902,0.789736,0.233771,-0.058012,0.744213,0.194752,-0.065805,0.707068,0.193723,-0.063607,0.782988,0.368710,-0.002818,0.777016,0.244272,-0.028236,0.733253,0.225722,-0.036394,0.705917,0.232296,-0.033013,0.771578,0.362662,0.023879,0.758277,0.285984,-0.001000,0.724022,0.264800,-0.011198,0.699463,0.264544,-0.010977
412,1694951215.950038,0,,,0.0000,0.0000,0.0000,0.0000,41.9993,5758.8393,3.6786,62.5918,663.1829,495.1934,469.1026,462.8028,472.1747,0.000000,0.710932,0.560152,-0.000000,0.678260,0.500974,-0.066167,0.683475,0.392222,-0.085067,0.699027,0.292675,-0.087117,0.708661,0.214088,-0.084635,0.777336,0.394628,-0.067101,0.757665,0.250043,-0.080533,0.725409,0.188200,-0.087609,0.700971,0.153068,-0.090151,0.797611,0.387846,-0.031994,0.797907,0.242317,-0.047551,0.758843,0.199192,-0.051445,0.724825,0.194745,-0.049108,0.797463,0.382903,-0.000207,0.794355,0.255781,-0.019074,0.757599,0.223342,-0.026205,0.731672,0.218916,-0.024826,0.790216,0.379541,0.027880,0.781366,0.288954,0.006579,0.750403,0.259587,-0.002954,0.727280,0.253782,-0.003937
413,1694951215.958371,0,,,0.0000,0.0000,0.0000,0.0000,23.8165,6271.1228,2.2197,54.1829,669.6542,503.1007,477.2568,470.5767,479.5052,0.000000,0.710509,0.568372,-0.000000,0.683127,0.507559,-0.064780,0.691271,0.393919,-0.081610,0.706641,0.292486,-0.082219,0.716704,0.214065,-0.078244,0.784562,0.397044,-0.059083,0.764841,0.251996,-0.074728,0.730789,0.186693,-0.084400,0.706437,0.149093,-0.088451,0.800530,0.387348,-0.025106,0.803326,0.242571,-0.043582,0.759312,0.201281,-0.049450,0.724066,0.200231,-0.047008,0.797255,0.380245,0.004850,0.793879,0.259052,-0.015682,0.752712,0.231289,-0.023890,0.725534,0.231870,-0.022033,0.787880,0.379328,0.030854,0.775572,0.298510,0.009194,0.742729,0.274050,-0.000885,0.719330,0.271180,-0.001549
414,1694951215.966705,0,,,0.0000,0.0000,0.0000,0.0000,9.7924,6088.5624,2.8165,66.2037,691.6251,525.2088,498.8938,492.0159,500.5998,0.000000,0.726127,0.550647,-0.000000,0.694974,0.496088,-0.065851,0.700363,0.390517,-0.085897,0.714715,0.294151,-0.089538,0.724430,0.216235,-0.089263,0.787320,0.395704,-0.067686,0.773076,0.256380,-0.082831,0.744447,0.187139,-0.091356,0.721868,0.145666,-0.094807,0.807537,0.389344,-0.033927,0.807609,0.250127,-0.050754,0.771758,0.197653,-0.056262,0.739812,0.182027,-0.055370,0.808568,0.382446,-0.003453,0.805962,0.260351,-0.022523,0.772525,0.217214,-0.029585,0.748105,0.201131,-0.028662,0.802674,0.375537,0.023336,0.796207,0.283437,0.002934,0.769023,0.247209,-0.005352,0.749051,0.232650,-0.005842
415,1694951215.975038,0,,,0.0000,0.0000,0.0000,0.0000,49.9038,5613.3262,2.8616,64.3125,696.8813,535.0892,507.8251,499.8553,506.9184,0.000000,0.724478,0.551067,-0.000000,0.699674,0.497938,-0.063016,0.707045,0.392347,-0.080379,0.719768,0.297446,-0.082203,0.730644,0.223103,-0.079828,0.793396,0.400264,-0.057951,0.778921,0.264779,-0.072767,0.751262,0.195262,-0.082361,0.729694,0.151498,-0.086698,0.808196,0.389502,-0.025778,0.811778,0.256103,-0.042210,0.777476,0.204468,-0.048316,0.746581,0.188981,-0.047423,0.805633,0.379806,0.002514,0.806479,0.264326,-0.017248,0.773806,0.225626,-0.025254,0.750314,0.212354,-0.024106,0.798028,0.372931,0.027101,0.794594,0.286425,0.005708,0.768393,0.253010,-0.003309,0.749011,0.240196,-0.003733
416,1694951215.983371,0,,,0.0000,0.0000,0.0000,0.0000,15.5101,6536.6913,1.2887,52.5965,698.9352,535.2825,508.0537,499.9942,507.2131,0.000000,0.733683,0.546204,-0.000000,0.705330,0.485840,-0.061868,0.711619,0.383589,-0.080169,0.726463,0.293114,-0.082794,0.738028,0.221149,-0.081538,0.794612,0.390948,-0.062665,0.781747,0.256737,-0.075501,0.753383,0.194339,-0.082190,0.731349,0.160609,-0.084555,0.815121,0.390351,-0.029984,0.813441,0.256029,-0.044908,0.776969,0.206338,-0.049447,0.745564,0.193852,-0.048185,0.816994,0.388095,-0.000350,0.812638,0.269318,-0.017575,0.779581,0.226775,-0.024805,0.755861,0.212688,-0.024527,0.812144,0.385810,0.025900,0.802215,0.298484,0.006287,0.774642,0.263441,-0.002711,0.755354,0.250832,-0.003905
417,1694951215.991705,0,,,0.0000,0.0000,0.0000,0.0000,58.4725,5087.8342,0.9251,33.0633,703.6442,543.8943,516.2795,507.9081,514.4587,0.000000,0.737719,0.541273,-0.000000,0.710680,0.481897,-0.061012,0.717391,0.382457,-0.078853,0.731985,0.292982,-0.081206,0.744357,0.221629,-0.079609,0.798720,0.389813,-0.061464,0.784939,0.256769,-0.071165,0.758252,0.197696,-0.074690,0.736774,0.166472,-0.075131,0.818308,0.391153,-0.028756,0.818640,0.257486,-0.041753,0.783659,0.212058,-0.045087,0.752667,0.201057,-0.043197,0.820315,0.390545,0.001200,0.817980,0.274841,-0.014405,0.785423,0.235602,-0.021300,0.761829,0.222524,-0.021129,0.815860,0.388741,0.027880,0.809538,0.302238,0.009988,0.782279,0.267784,0.001336,0.762646,0.255730,-0.000124
418,1694951216.000038,0,,,0.0000,0.0000,0.0000,0.0000,4.5512,4227.9815,1.1874,41.4753,709.2682,548.8502,521.9732,514.3035,522.0529,0.000000,0.734442,0.549974,-0.000000,0.708769,0.488647,-0.061763,0.718211,0.383255,-0.077361,0.733795,0.293122,-0.076999,0.746551,0.222451,-0.072636,0.800988,0.395501,-0.056780,0.786849,0.262890,-0.067307,0.759651,0.196023,-0.073985,0.740206,0.153831,-0.076835,0.818766,0.395602,-0.023114,0.818547,0.265273,-0.035324,0.782809,0.216435,-0.039368,0.752969,0.201879,-0.037824,0.818810,0.392460,0.007132,0.815201,0.279179,-0.008121,0.782903,0.240862,-0.015277,0.761186,0.227895,-0.014791,0.813531,0.389324,0.033799,0.803530,0.306635,0.016004,0.776636,0.275968,0.007591,0.758975,0.266301,0.006813
419,1694951216.008371,0,,,0.0000,0.0000,0.0000,0.0000,22.8335,4621.9718,1.6852,54.8086,721.9862,560.3020,533.3250,525.6445,532.6262,0.000000,0.742160,0.545513,-0.000000,0.716638,0.486133,-0.060960,0.723718,0.385540,-0.077585,0.737188,0.299098,-0.078685,0.748640,0.228903,-0.076151,0.803851,0.394335,-0.057762,0.790664,0.266483,-0.067313,0.766417,0.198016,-0.072963,0.748986,0.155210,-0.075305,0.822778,0.395904,-0.024835,0.824555,0.266618,-0.035623,0.792721,0.216792,-0.038674,0.764232,0.202880,-0.036982,0.824489,0.395998,0.004994,0.822565,0.287056,-0.008339,0.791467,0.248658,-0.014161,0.769954,0.235676,-0.013493,0.821406,0.395045,0.031318,0.814620,0.312363,0.015953,0.789312,0.280360,0.009153,0.772458,0.269189,0.008822
420,1694951216.016705,0,,,0.0000,0.0000,0.0000,0.0000,75.8998,4683.1312,0.7189,51.5841,721.2991,560.2216,533.3776,525.4362,532.8726,0.000000,0.747632,0.543462,-0.000000,0.720334,0.485272,-0.061951,0.724731,0.388700,-0.081490,0.737910,0.302957,-0.085278,0.749706,0.231867,-0.085724,0.804082,0.391312,-0.065217,0.790041,0.262471,-0.075632,0.766374,0.195287,-0.080872,0.749029,0.154708,-0.083079,0.824892,0.396783,-0.032257,0.822855,0.266361,-0.044155,0.790237,0.217290,-0.047177,0.761990,0.201753,-0.046138,0.828458,0.399121,-0.001796,0.825378,0.288962,-0.014821,0.795224,0.249397,-0.019180,0.774325,0.234502,-0.018557,0.826114,0.399367,0.025114,0.817462,0.315530,0.009925,0.793206,0.281787,0.003787,0.777102,0.268513,0.003379
421,1694951216.025038,0,,,0.0000,0.0000,0.0000,0.0000,28.5506,5385.4608,1.0380,48.7963,718.7623,558.7512,531.3994,522.8502,529.3552,0.000000,0.740056,0.552745,-0.000000,0.715448,0.487079,-0.061618,0.725641,0.383674,-0.077291,0.742101,0.298177,-0.077075,0.755022,0.230945,-0.073317,0.808400,0.398808,-0.057870,0.794469,0.268311,-0.069658,0.767866,0.201445,-0.077042,0.748299,0.159776,-0.080140,0.824738,0.405815,-0.024440,0.822300,0.276083,-0.037267,0.784754,0.232064,-0.041529,0.754422,0.224292,-0.040108,0.824654,0.407715,0.005529,0.814557,0.295872,-0.010674,0.778568,0.266246,-0.018026,0.756407,0.262984,-0.017297,0.820520,0.408664,0.031999,0.804321,0.326980,0.013697,0.775187,0.303774,0.005464,0.757022,0.303127,0.005027
422,1694951216.033371,0,,,0.0000,0.0000,0.0000,0.0000,36.7976,3689.0091,0.7219,40.1319,721.4346,565.4697,537.7969,528.9113,534.6214,0.000000,0.741453,0.552479,-0.000000,0.715646,0.485958,-0.057104,0.726429,0.384613,-0.071766,0.742761,0.300179,-0.071306,0.754681,0.233074,-0.067445,0.807311,0.403947,-0.056691,0.796335,0.275900,-0.064765,0.771543,0.214170,-0.068568,0.753973,0.174953,-0.069891,0.826816,0.408218,-0.024853,0.827360,0.279336,-0.034221,0.793643,0.232940,-0.035676,0.764957,0.221785,-0.033530,0.828821,0.409470,0.004322,0.823549,0.299036,-0.007801,0.790056,0.266518,-0.013269,0.766826,0.260373,-0.013003,0.825819,0.409415,0.030255,0.813678,0.331123,0.014445,0.785047,0.305534,0.006439,0.766079,0.300115,0.004994
423,1694951216.041705,0,,,0.0000,0.0000,0.0000,0.0000,44.4271,2731.1641,0.7467,19.9336,715.5970,563.9846,535.4697,525.1148,529.3903,0.000000,0.740186,0.555031,-0.000000,0.716550,0.483840,-0.055527,0.727753,0.383553,-0.068051,0.743336,0.301764,-0.065778,0.756754,0.238123,-0.059541,0.808023,0.398489,-0.048617,0.797925,0.274156,-0.053852,0.771865,0.217495,-0.056232,0.752888,0.187959,-0.056166,0.825882,0.414151,-0.016303,0.830670,0.290234,-0.022611,0.797353,0.247885,-0.023496,0.767988,0.242269,-0.020448,0.826273,0.424510,0.013055,0.824212,0.319337,0.003864,0.793816,0.285489,-0.001560,0.772965,0.279189,-0.000977,0.822016,0.431553,0.039326,0.812067,0.349426,0.027493,0.787163,0.319340,0.021064,0.770282,0.313729,0.020612
424,1694951216.050038,0,,,0.0000,0.0000,0.0000,0.0000,38.2612,4668.4138,1.1926,38.5386,720.3895,568.8219,540.2030,529.8181,533.5960,0.000000,0.748701,0.548667,-0.000000,0.724792,0.484922,-0.057223,0.730569,0.392684,-0.074625,0.743980,0.312397,-0.077254,0.757041,0.246084,-0.076108,0.808709,0.404911,-0.059048,0.799287,0.283491,-0.066066,0.775938,0.228116,-0.068190,0.758051,0.198356,-0.068127,0.828706,0.414452,-0.027208,0.830422,0.290041,-0.035092,0.800235,0.246365,-0.035662,0.771806,0.237604,-0.033406,0.831849,0.420889,0.002347,0.830355,0.313910,-0.007249,0.801798,0.278011,-0.010623,0.779946,0.268319,-0.009898,0.829346,0.424547,0.028644,0.821998,0.344047,0.016070,0.798583,0.312136,0.010087,0.781741,0.301919,0.009231
425,1694951216.058371,0,,,0.0000,0.0000,0.0000,0.0000,49.8606,2767.2602,0.4859,17.7971,715.1014,560.6992,532.3831,522.4279,527.4055,0.000000,0.738988,0.565345,-0.000000,0.712742,0.490031,-0.055296,0.725220,0.389105,-0.068082,0.743361,0.307541,-0.066006,0.758923,0.243061,-0.060267,0.808944,0.403601,-0.048622,0.798021,0.277720,-0.051810,0.771138,0.221180,-0.052611,0.751649,0.191724,-0.051768,0.826397,0.420011,-0.015907,0.827447,0.294781,-0.020173,0.792064,0.251231,-0.020086,0.762647,0.243456,-0.017116,0.826337,0.431274,0.014045,0.824365,0.323612,0.006356,0.793535,0.287521,0.001038,0.772387,0.279796,0.000787,0.822163,0.437883,0.040938,0.811421,0.355238,0.029382,0.785971,0.325062,0.022551,0.769295,0.318911,0.021397
426,1694951216.066705,0,,,0.0000,0.0000,0.0000,0.0000,18.9015,2925.7455,0.9050,17.0648,716.3226,566.8901,537.8886,526.6484,530.1793,0.000000,0.746099,0.553591,-0.000000,0.724745,0.486544,-0.050339,0.733630,0.392270,-0.064210,0.747285,0.313426,-0.065227,0.760191,0.250875,-0.062744,0.810517,0.408423,-0.049300,0.802238,0.288537,-0.057154,0.776536,0.237045,-0.060816,0.757689,0.212290,-0.061680,0.827719,0.419192,-0.021432,0.829497,0.299682,-0.030058,0.796901,0.256279,-0.031338,0.768949,0.248660,-0.029302,0.828623,0.426519,0.003881,0.830280,0.320353,-0.007187,0.800700,0.282711,-0.011662,0.779349,0.273507,-0.011069,0.824428,0.432361,0.026430,0.819213,0.350707,0.012840,0.795684,0.315766,0.006325,0.778324,0.304822,0.005451
427,1694951216.075038,0,,,0.0000,0.0000,0.0000,0.0000,39.7757,3287.2726,0.6540,18.5995,714.1060,562.8578,534.0824,523.2213,526.8361,0.000000,0.747857,0.564418,-0.000000,0.723608,0.492184,-0.049708,0.732961,0.395486,-0.062811,0.748501,0.315144,-0.063024,0.761809,0.252707,-0.059860,0.808921,0.408458,-0.049117,0.798564,0.287060,-0.054846,0.773254,0.233908,-0.056641,0.754591,0.209148,-0.056301,0.828062,0.422905,-0.020912,0.828167,0.302465,-0.027487,0.795590,0.259905,-0.027564,0.767740,0.253210,-0.025055,0.830159,0.432914,0.005083,0.832159,0.324946,-0.004199,0.803055,0.289329,-0.007996,0.780946,0.283448,-0.007415,0.826290,0.440420,0.028369,0.821227,0.358135,0.015999,0.797716,0.326060,0.010064,0.779868,0.318950,0.009407
428,1694951216.083371,0,,,0.0000,0.0000,0.0000,0.0000,13.3306,3158.1891,0.8340,23.9938,714.5742,565.8963,536.8878,526.2083,529.7625,0.000000,0.746240,0.561494,-0.000000,0.722123,0.494460,-0.056321,0.730522,0.401774,-0.071299,0.745980,0.321868,-0.071555,0.759199,0.256869,-0.067851,0.809658,0.413251,-0.053145,0.799836,0.293339,-0.056870,0.775185,0.240813,-0.056914,0.757615,0.213936,-0.055747,0.826962,0.425983,-0.020546,0.826200,0.306327,-0.025021,0.793592,0.262492,-0.024607,0.765788,0.253521,-0.022349,0.828342,0.435281,0.009400,0.826351,0.333107,0.002184,0.796437,0.297441,-0.002224,0.774977,0.289295,-0.002746,0.825722,0.441357,0.036102,0.817928,0.364474,0.024866,0.792866,0.334040,0.017981,0.775565,0.327322,0.016139
429,1694951216.091705,0,,,0.0000,0.0000,0.0000,0.0000,17.0919,2998.3553,1.0682,19.8148,710.6379,564.3924,535.3120,523.7984,526.0909,0.000000,0.747003,0.565472,-0.000000,0.722880,0.494011,-0.050125,0.731523,0.400738,-0.064032,0.747110,0.322100,-0.064834,0.761278,0.258210,-0.061988,0.808312,0.411296,-0.050469,0.798979,0.290980,-0.054682,0.774079,0.242089,-0.054770,0.756345,0.220292,-0.053496,0.827130,0.426947,-0.021768,0.828345,0.308342,-0.027017,0.796137,0.268260,-0.025823,0.769095,0.263653,-0.022879,0.829091,0.438678,0.004812,0.831838,0.333426,-0.003040,0.802929,0.298894,-0.005924,0.781731,0.293603,-0.005281,0.825667,0.446258,0.028629,0.822529,0.366281,0.017444,0.799835,0.333808,0.011785,0.783208,0.326239,0.010809
430,1694951216.100038,0,,,0.0000,0.0000,0.0000,0.0000,,,,,,,,,,,0.000000,0.000000,0.000000,0.000000,0.000000,0.000000,0.000000,0.000000,0.000000,0.000000,0.000000,0.000000,0.000000,0.000000,0.000000,0.000000,0.000000,0.000000,0.000000,0.000000,0.000000,0.000000,0.000000,0.000000,0.000000,0.000000,0.000000,0.000000,0.000000,0.000000,0.000000,0.000000,0.000000,0.000000,0.000000,0.000000,0.000000,0.000000,0.000000,0.000000,0.000000,0.000000,0.000000,0.000000,0.000000,0.000000,0.000000,0.000000,0.000000,0.000000,0.000000,0.000000,0.000000,0.000000,0.000000,0.000000,0.000000,0.000000,0.000000,0.000000,0.000000,0.000000,0.000000
431,1694951216.108371,0,,,0.0000,0.0000,0.0000,0.0000,,3244.0452,0.9634,26.7909,713.0155,565.7702,536.1759,524.6651,527.1452,0.000000,0.750660,0.565004,-0.000000,0.727165,0.499943,-0.047046,0.733848,0.408625,-0.061724,0.747703,0.332311,-0.064239,0.761722,0.271951,-0.063655,0.805441,0.418608,-0.052400,0.798144,0.303993,-0.060046,0.776174,0.253479,-0.062000,0.758973,0.230139,-0.061612,0.826052,0.434063,-0.026753,0.830041,0.317586,-0.035829,0.800374,0.277803,-0.035360,0.774203,0.271712,-0.032017,0.829733,0.445702,-0.002886,0.834716,0.341250,-0.013910,0.807477,0.306699,-0.015901,0.786721,0.299879,-0.013737,0.826677,0.454612,0.018603,0.823802,0.373161,0.005851,0.802731,0.340128,0.001381,0.787049,0.330984,0.001790
432,1694951216.116705,0,,,0.0000,0.0000,0.0000,0.0000,0.1370,1165.3163,0.1739,9.1752,704.2137,555.3063,526.9170,515.9308,519.5494,0.000000,0.749835,0.566622,-0.000000,0.726991,0.501552,-0.047584,0.733303,0.410876,-0.061555,0.746327,0.333490,-0.063168,0.760343,0.273653,-0.061497,0.805742,0.419033,-0.051927,0.794611,0.300425,-0.059015,0.769958,0.248830,-0.060373,0.751139,0.224463,-0.059568,0.824672,0.434341,-0.025293,0.826329,0.318316,-0.033949,0.793367,0.278873,-0.033459,0.764854,0.273061,-0.030224,0.826944,0.445290,-0.000424,0.830762,0.344591,-0.012035,0.801106,0.314134,-0.015362,0.778897,0.311441,-0.013847,0.823529,0.454110,0.022123,0.820129,0.376878,0.008389,0.796848,0.348491,0.002752,0.778995,0.344013,0.002527
433,1694951216.125038,0,,,0.0000,0.0000,0.0000,0.0000,,,,,,,,,,,0.000000,0.000000,0.000000,0.000000,0.000000,0.000000,0.000000,0.000000,0.000000,0.000000,0.000000,0.000000,0.000000,0.000000,0.000000,0.000000,0.000000,0.000000,0.000000,0.000000,0.000000,0.000000,0.000000,0.000000,0.000000,0.000000,0.000000,0.000000,0.000000,0.000000,0.000000,0.000000,0.000000,0.000000,0.000000,0.000000,0.000000,0.000000,0.000000,0.000000,0.000000,0.000000,0.000000,0.000000,0.000000,0.000000,0.000000,0.000000,0.000000,0.000000,0.000000,0.000000,0.000000,0.000000,0.000000,0.000000,0.000000,0.000000,0.000000,0.000000,0.000000,0.000000,0.000000
434,1694951216.133371,0,,,0.0000,0.0000,0.0000,0.0000,,4444.1165,0.7924,26.3395,703.8661,557.9100,528.2714,516.0754,518.0833,0.000000,0.747909,0.570284,-0.000000,0.724995,0.505328,-0.048944,0.732038,0.416126,-0.063315,0.745849,0.340633,-0.064797,0.759703,0.280220,-0.062742,0.805113,0.426916,-0.051999,0.796307,0.313394,-0.057089,0.773178,0.265637,-0.056770,0.756031,0.242946,-0.055172,0.824112,0.443825,-0.024559,0.828768,0.329245,-0.031649,0.798370,0.290995,-0.030107,0.772091,0.285423,-0.026253,0.826617,0.457201,0.000982,0.830586,0.359863,-0.008203,0.803142,0.326700,-0.010331,0.783339,0.320064,-0.008653,0.823665,0.467337,0.023926,0.819966,0.392267,0.012554,0.797846,0.361503,0.007753,0.781785,0.353971,0.007528
435,1694951216.141705,0,,,0.0000,0.0000,0.0000,0.0000,6.3525,3644.7375,0.6040,22.2168,698.2741,550.1460,521.7317,511.2034,515.0203,0.000000,0.736964,0.579290,-0.000000,0.713136,0.503951,-0.050044,0.725670,0.411101,-0.061943,0.744350,0.334852,-0.060071,0.759489,0.276544,-0.054755,0.805316,0.433349,-0.049055,0.792864,0.313636,-0.051921,0.767081,0.259603,-0.052097,0.749906,0.226698,-0.051535,0.823777,0.450098,-0.019490,0.826987,0.331970,-0.024435,0.793070,0.293213,-0.023514,0.764370,0.287866,-0.020398,0.824117,0.462152,0.008121,0.827571,0.359635,0.000363,0.797575,0.329888,-0.003016,0.775478,0.328295,-0.002188,0.818918,0.468904,0.033004,0.811810,0.393854,0.021636,0.787665,0.367337,0.015177,0.770584,0.363168,0.013940
436,1694951216.150038,0,,,0.0000,0.0000,0.0000,0.0000,,,,,,,,,,,0.000000,0.000000,0.000000,0.000000,0.000000,0.000000,0.000000,0.000000,0.000000,0.000000,0.000000,0.000000,0.000000,0.000000,0.000000,0.000000,0.000000,0.000000,0.000000,0.000000,0.000000,0.000000,0.000000,0.000000,0.000000,0.000000,0.000000,0.000000,0.000000,0.000000,0.000000,0.000000,0.000000,0.000000,0.000000,0.000000,0.000000,0.000000,0.000000,0.000000,0.000000,0.000000,0.000000,0.000000,0.000000,0.000000,0.000000,0.000000,0.000000,0.000000,0.000000,0.000000,0.000000,0.000000,0.000000,0.000000,0.000000,0.000000,0.000000,0.000000,0.000000,0.000000,0.000000
437,1694951216.158371,0,,,0.0000,0.0000,0.0000,0.0000,,9.3965,0.0850,7.9969,697.7898,553.4475,524.6148,513.3414,516.2444,0.000000,0.741654,0.585420,-0.000000,0.719103,0.512819,-0.045977,0.729730,0.422461,-0.057165,0.745853,0.348130,-0.055890,0.760845,0.290210,-0.051144,0.804354,0.437082,-0.045753,0.794403,0.321220,-0.047127,0.770891,0.273767,-0.044963,0.754102,0.251240,-0.042417,0.822251,0.455697,-0.018291,0.824529,0.341530,-0.021503,0.794105,0.301284,-0.019611,0.766967,0.293973,-0.016376,0.823372,0.469838,0.007498,0.826188,0.371269,0.001487,0.798867,0.337045,-0.001759,0.777464,0.329794,-0.001632,0.819125,0.479794,0.030881,0.816006,0.404740,0.021397,0.793627,0.374524,0.015883,0.775796,0.366847,0.014711
438,1694951216.166705,0,,,0.0000,0.0000,0.0000,0.0000,58.5966,2850.3020,0.3937,11.1319,690.8800,547.3835,518.7848,507.5684,510.6149,0.000000,0.741679,0.588484,-0.000000,0.720552,0.514664,-0.046139,0.729657,0.425325,-0.058790,0.744597,0.350073,-0.059413,0.758794,0.290899,-0.056692,0.804433,0.437830,-0.045511,0.791877,0.321980,-0.048461,0.767572,0.272907,-0.048093,0.750499,0.249574,-0.046656,0.823015,0.456089,-0.018796,0.824939,0.342382,-0.023651,0.793610,0.302932,-0.022766,0.765850,0.296055,-0.019917,0.824261,0.470550,0.006185,0.827962,0.372146,-0.001357,0.799883,0.338663,-0.004668,0.777753,0.332540,-0.004087,0.819794,0.480861,0.028761,0.818626,0.404512,0.018646,0.796277,0.374204,0.013648,0.777749,0.367444,0.013105
439,1694951216.175038,0,,,0.0000,0.0000,0.0000,0.0000,39.8071,7.7041,0.0540,5.1944,690.1603,547.6101,518.1928,506.1734,508.2286,0.000000,0.733313,0.592791,-0.000000,0.711888,0.518188,-0.046262,0.724132,0.426519,-0.057133,0.741230,0.350256,-0.055241,0.756395,0.295531,-0.049440,0.803000,0.445218,-0.043939,0.794273,0.326697,-0.043232,0.768590,0.282804,-0.039378,0.751476,0.262493,-0.036022,0.820066,0.464023,-0.015362,0.822979,0.348993,-0.016640,0.791624,0.307275,-0.014436,0.764129,0.299831,-0.011424,0.819258,0.477862,0.011714,0.818526,0.381035,0.008231,0.790394,0.345495,0.005065,0.768444,0.339275,0.004631,0.812758,0.488635,0.036187,0.804361,0.417165,0.027993,0.782100,0.386385,0.021916,0.765016,0.377706,0.020218
440,1694951216.183371,0,,,0.0000,0.0000,0.0000,0.0000,21.0696,16.1487,0.1391,6.5548,684.5421,537.5069,509.5703,499.4857,503.3588,0.000000,0.728587,0.600684,-0.000000,0.706601,0.519004,-0.046804,0.722724,0.421530,-0.054192,0.742295,0.343902,-0.048482,0.756175,0.288302,-0.039204,0.801758,0.439128,-0.034744,0.788592,0.318398,-0.031225,0.760940,0.267853,-0.027762,0.744279,0.241286,-0.024792,0.816888,0.462469,-0.003594,0.814740,0.346853,-0.000314,0.778557,0.309199,0.002086,0.750603,0.305180,0.005102,0.814815,0.480679,0.025423,0.809873,0.384838,0.025654,0.777773,0.353399,0.021284,0.754604,0.352399,0.019853,0.808908,0.494891,0.051647,0.796124,0.422973,0.046222,0.769409,0.395774,0.040091,0.749825,0.392223,0.038359
441,1694951216.191705,0,,,0.0000,0.0000,0.0000,0.0000,62.6788,37.4712,0.4954,9.3526,684.4833,538.0678,510.1976,499.8499,503.6699,0.000000,0.730042,0.598722,-0.000000,0.707710,0.517667,-0.046663,0.723660,0.423250,-0.055117,0.742127,0.347775,-0.050385,0.755987,0.291845,-0.042005,0.801390,0.440609,-0.038548,0.787512,0.321739,-0.037016,0.761223,0.269010,-0.034667,0.744068,0.237725,-0.032240,0.818285,0.462651,-0.008652,0.820565,0.348488,-0.009253,0.786842,0.307089,-0.007699,0.757753,0.296716,-0.004310,0.817376,0.478737,0.019266,0.818875,0.383422,0.015404,0.789464,0.347866,0.010568,0.766534,0.339753,0.010144,0.811892,0.489700,0.044681,0.806041,0.418200,0.037411,0.781925,0.387885,0.031420,0.763417,0.379759,0.030141
442,1694951216.200038,0,,,0.0000,0.0000,0.0000,0.0000,20.6128,2829.1423,0.9967,15.4545,683.6917,537.3965,508.6850,497.9445,501.2001,0.000000,0.731253,0.599187,-0.000000,0.710230,0.520134,-0.046440,0.723653,0.427465,-0.056506,0.740848,0.351914,-0.053674,0.755615,0.294612,-0.047302,0.801652,0.443962,-0.042110,0.788043,0.326750,-0.041094,0.762330,0.276303,-0.038498,0.744728,0.246927,-0.036181,0.818479,0.465764,-0.013304,0.819651,0.352107,-0.014399,0.787816,0.310468,-0.012706,0.759467,0.297882,-0.009988,0.817927,0.482358,0.013785,0.821108,0.384970,0.009332,0.793259,0.349373,0.005554,0.770760,0.338273,0.005143,0.812518,0.493522,0.038448,0.808318,0.419884,0.030282,0.785337,0.388548,0.024759,0.767318,0.377713,0.023442
443,1694951216.208371,0,,,0.0000,0.0000,0.0000,0.0000,,2829.1423,0.0060,15.4545,683.6917,537.3965,508.6850,497.9445,501.2001,0.000000,0.731253,0.599187,-0.000000,0.710230,0.520134,-0.046440,0.723653,0.427465,-0.056506,0.740848,0.351914,-0.053674,0.755615,0.294612,-0.047302,0.801652,0.443962,-0.042110,0.788043,0.326750,-0.041094,0.762330,0.276303,-0.038498,0.744728,0.246927,-0.036181,0.818479,0.465764,-0.013304,0.819651,0.352107,-0.014399,0.787816,0.310468,-0.012706,0.759467,0.297882,-0.009988,0.817927,0.482358,0.013785,0.821108,0.384970,0.009332,0.793259,0.349373,0.005554,0.770760,0.338273,0.005143,0.812518,0.493522,0.038448,0.808318,0.419884,0.030282,0.785337,0.388548,0.024759,0.767318,0.377713,0.023442
444,1694951216.216705,0,,,0.0000,0.0000,0.0000,0.0000,17.7107,1745.6936,1.2435,14.6775,684.5683,543.5629,514.4347,502.6475,504.5961,0.000000,0.741202,0.595450,-0.000000,0.720667,0.526363,-0.045329,0.728463,0.438964,-0.057515,0.741753,0.363594,-0.057429,0.753562,0.306252,-0.053801,0.800620,0.449305,-0.048127,0.788677,0.336947,-0.049902,0.765749,0.292057,-0.047543,0.750427,0.268047,-0.045194,0.819608,0.464072,-0.021738,0.821864,0.352032,-0.026186,0.791935,0.315755,-0.023691,0.765312,0.309806,-0.019847,0.821399,0.475920,0.003232,0.825602,0.380076,-0.003559,0.798865,0.349691,-0.005726,0.777390,0.344268,-0.004693,0.817252,0.484974,0.025834,0.814673,0.413606,0.016242,0.793330,0.384693,0.011219,0.776229,0.376185,0.010334
445,1694951216.225038,0,,,0.0000,0.0000,0.0000,0.0000,18.2819,2886.9913,1.3127,20.1875,682.5649,540.3054,511.0788,499.5428,502.2193,0.000000,0.737649,0.597598,-0.000000,0.717554,0.526885,-0.047932,0.727847,0.438545,-0.060178,0.742456,0.362750,-0.059339,0.756463,0.304119,-0.054992,0.800895,0.451665,-0.048853,0.788243,0.336139,-0.050937,0.764747,0.287628,-0.049146,0.748552,0.261666,-0.046972,0.818085,0.467944,-0.020650,0.819867,0.354111,-0.025028,0.789677,0.314498,-0.023646,0.762015,0.305679,-0.020627,0.818716,0.480486,0.005939,0.820165,0.384460,-0.001348,0.791925,0.353600,-0.004992,0.769683,0.347208,-0.004794,0.813763,0.490684,0.029986,0.808325,0.420326,0.019139,0.784691,0.393493,0.012895,0.765533,0.386678,0.011496
446,1694951216.233371,0,,,0.0000,0.0000,0.0000,0.0000,26.0706,2820.5876,1.4629,16.5139,680.8774,539.9140,511.3298,499.6527,501.2534,0.000000,0.734416,0.596764,-0.000000,0.716015,0.525326,-0.046276,0.726506,0.437338,-0.057643,0.740797,0.362209,-0.056730,0.754899,0.304353,-0.052357,0.798432,0.452678,-0.044799,0.786973,0.339400,-0.047286,0.764437,0.292241,-0.046112,0.748634,0.267458,-0.044118,0.816055,0.468660,-0.017977,0.820741,0.357245,-0.022800,0.791859,0.317751,-0.021999,0.764620,0.309494,-0.018810,0.817154,0.481416,0.006987,0.819600,0.387937,-0.000965,0.792262,0.356553,-0.005384,0.770554,0.350004,-0.005046,0.812384,0.491142,0.029515,0.809381,0.420730,0.018884,0.787042,0.394279,0.012919,0.768385,0.388969,0.011943
447,1694951216.241705,0,,,0.0000,0.0000,0.0000,0.0000,20.4743,2831.7025,1.3231,24.8048,682.7295,541.7004,512.5489,500.3418,501.8359,0.000000,0.733568,0.603999,-0.000000,0.715079,0.531223,-0.043835,0.725158,0.441776,-0.054612,0.739358,0.365637,-0.053580,0.752005,0.308404,-0.048895,0.798192,0.458318,-0.042962,0.789917,0.347620,-0.044387,0.767105,0.303845,-0.042302,0.751483,0.280214,-0.039981,0.815595,0.474111,-0.016973,0.820001,0.363944,-0.020946,0.791218,0.324203,-0.019355,0.764739,0.315815,-0.016113,0.816037,0.486465,0.007461,0.818888,0.393650,0.001445,0.792227,0.360664,-0.001521,0.770494,0.353426,-0.000934,0.810501,0.496787,0.029473,0.807037,0.427596,0.020545,0.785990,0.398401,0.015203,0.768631,0.389284,0.014215
448,1694951216.250038,0,,,0.0000,0.0000,0.0000,0.0000,2.4624,1075.7757,0.5467,12.9298,679.4486,534.9021,506.9244,496.1233,499.2954,0.000000,0.730329,0.612149,-0.000000,0.711157,0.535362,-0.044347,0.723429,0.442757,-0.054336,0.737592,0.366711,-0.052186,0.749654,0.309320,-0.046829,0.797324,0.458107,-0.041727,0.784797,0.341975,-0.042427,0.761050,0.291553,-0.040971,0.745573,0.264025,-0.039058,0.814143,0.476737,-0.014672,0.818890,0.363265,-0.018197,0.788528,0.323821,-0.016928,0.761488,0.315576,-0.013431,0.813890,0.491518,0.010794,0.818249,0.396098,0.004846,0.790747,0.363358,0.001152,0.769211,0.356686,0.001774,0.808414,0.502284,0.034008,0.805743,0.428610,0.025715,0.783183,0.399707,0.020752,0.764993,0.392700,0.020279
449,1694951216.258371,0,,,0.0000,0.0000,0.0000,0.0000,15.9460,2904.9851,0.8132,30.5880,680.8752,538.1152,509.0285,497.3206,499.3990,0.000000,0.732478,0.606238,-0.000000,0.712769,0.534867,-0.043858,0.723589,0.444646,-0.054964,0.738501,0.370016,-0.054507,0.752596,0.313102,-0.050905,0.796066,0.458998,-0.042826,0.787160,0.348159,-0.045777,0.765181,0.301606,-0.046030,0.749607,0.279675,-0.045113,0.813740,0.477328,-0.017482,0.818068,0.366898,-0.021987,0.789870,0.326998,-0.021421,0.763923,0.319693,-0.018684,0.814751,0.491487,0.006113,0.818408,0.395424,-0.000661,0.792357,0.361753,-0.003988,0.771780,0.355039,-0.003374,0.809754,0.501725,0.027380,0.807176,0.426743,0.018117,0.786337,0.396124,0.013259,0.769355,0.388323,0.012786
450,1694951216.266705,0,,,0.0000,0.0000,0.0000,0.0000,31.3266,17.6996,0.1017,6.7199,672.9253,531.3645,503.3068,492.1473,494.7061,0.000000,0.730171,0.612199,-0.000000,0.709836,0.538950,-0.046382,0.720127,0.448640,-0.057455,0.734736,0.372944,-0.055897,0.748651,0.314669,-0.050718,0.794374,0.460044,-0.044475,0.783347,0.346835,-0.044671,0.759929,0.300939,-0.042053,0.743781,0.279457,-0.039289,0.811511,0.477060,-0.016363,0.815413,0.365167,-0.019235,0.785578,0.326512,-0.017702,0.758144,0.319698,-0.014350,0.811865,0.490820,0.010163,0.814990,0.395709,0.004823,0.787649,0.362838,0.000996,0.765892,0.355988,0.001023,0.806494,0.501323,0.034258,0.803944,0.428261,0.026002,0.781768,0.398648,0.020502,0.763331,0.391113,0.019380
451,1694951216.275038,0,,,0.0000,0.0000,0.0000,0.0000,18.6145,2556.0615,0.6257,17.4753,673.5870,533.5503,504.3169,492.7054,494.3879,0.000000,0.730833,0.608536,-0.000000,0.711285,0.535647,-0.044555,0.719585,0.447692,-0.056452,0.733454,0.371625,-0.056412,0.746601,0.315731,-0.052862,0.793609,0.461514,-0.045943,0.785496,0.350083,-0.047656,0.761607,0.307764,-0.045055,0.744896,0.287079,-0.042315,0.811213,0.479341,-0.019645,0.814376,0.368714,-0.023651,0.783671,0.331166,-0.022171,0.757125,0.324474,-0.019278,0.811845,0.493506,0.005370,0.812944,0.400051,-0.000544,0.785225,0.368580,-0.003561,0.763116,0.363545,-0.003442,0.806050,0.505541,0.027986,0.800303,0.435408,0.018596,0.778490,0.407473,0.013066,0.760918,0.400214,0.011871
452,1694951216.283371,0,,,0.0000,0.0000,0.0000,0.0000,2.9919,6334.6236,0.9405,42.4336,672.7193,532.6357,503.5460,492.2487,493.9086,0.000000,0.726000,0.616134,-0.000000,0.706513,0.541479,-0.046557,0.717416,0.452342,-0.058151,0.732556,0.375674,-0.057145,0.746054,0.317945,-0.052338,0.792548,0.468362,-0.045695,0.785574,0.356645,-0.047141,0.761765,0.313618,-0.044690,0.745070,0.293202,-0.042016,0.810106,0.484568,-0.017871,0.815559,0.371379,-0.022499,0.786318,0.329836,-0.021575,0.759048,0.320739,-0.018559,0.810469,0.496916,0.008384,0.811436,0.401084,0.002168,0.784549,0.366260,-0.001817,0.762606,0.357782,-0.001897,0.804431,0.507067,0.032103,0.797218,0.435984,0.022965,0.775194,0.406064,0.016744,0.757406,0.396504,0.015230
453,1694951216.291705,0,,,0.0000,0.0000,0.0000,0.0000,40.6055,2725.6091,0.5539,21.9367,669.1790,530.9864,501.6600,489.4281,490.7067,0.000000,0.721719,0.620677,-0.000000,0.701257,0.541737,-0.045202,0.714851,0.449989,-0.055244,0.732364,0.373283,-0.052803,0.747038,0.316483,-0.046760,0.791020,0.467292,-0.042830,0.783262,0.355907,-0.042596,0.759568,0.311475,-0.039335,0.742966,0.288091,-0.036235,0.808995,0.484951,-0.015446,0.815481,0.372001,-0.018553,0.785996,0.331587,-0.017063,0.758648,0.322919,-0.013579,0.809460,0.499000,0.010430,0.810106,0.402747,0.004656,0.782262,0.371357,0.000305,0.760543,0.365664,0.000229,0.803932,0.510281,0.033941,0.797265,0.437202,0.025169,0.774755,0.410001,0.019074,0.757092,0.403865,0.017737
454,1694951216.300038,0,,,0.0000,0.0000,0.0000,0.0000,9.5145,25.6625,0.1548,7.5008,665.9943,520.9752,493.4152,482.9516,486.6821,0.000000,0.719591,0.626418,-0.000000,0.697178,0.544769,-0.047276,0.711778,0.449681,-0.057399,0.730309,0.371347,-0.054699,0.744400,0.312952,-0.048471,0.790108,0.464391,-0.040747,0.777211,0.345761,-0.041042,0.751356,0.294303,-0.039691,0.734793,0.266797,-0.037886,0.807049,0.483068,-0.011893,0.809604,0.367102,-0.014653,0.776788,0.325800,-0.014195,0.748198,0.317356,-0.011462,0.806596,0.497128,0.014945,0.808503,0.397280,0.008725,0.778183,0.362773,0.003355,0.754753,0.356656,0.002784,0.800756,0.507132,0.039264,0.794833,0.432924,0.029575,0.769699,0.403115,0.022561,0.750309,0.396198,0.020818
455,1694951216.308371,0,,,0.0000,0.0000,0.0000,0.0000,13.9867,1144.2031,0.6774,18.3164,670.2598,529.9732,502.0610,490.7283,492.7570,0.000000,0.723959,0.614254,-0.000000,0.703018,0.541393,-0.044467,0.714651,0.449385,-0.053368,0.730479,0.373620,-0.050237,0.745296,0.317818,-0.043686,0.788840,0.465949,-0.039976,0.777908,0.356318,-0.039479,0.756212,0.310746,-0.036795,0.742725,0.286401,-0.034476,0.807037,0.481095,-0.013674,0.812561,0.368772,-0.016618,0.782331,0.332976,-0.014935,0.756530,0.328003,-0.011129,0.808295,0.493325,0.010793,0.813951,0.396508,0.003753,0.784776,0.368878,-0.000122,0.763495,0.367089,0.000674,0.803616,0.502734,0.032944,0.801947,0.430123,0.022681,0.778365,0.404374,0.016744,0.760399,0.401293,0.015830
456,1694951216.316705,0,,,0.0000,0.0000,0.0000,0.0000,57.8813,3486.9939,0.7761,30.4522,667.1270,527.0307,498.1331,487.0456,489.5332,0.000000,0.733199,0.610834,-0.000000,0.713832,0.543875,-0.043714,0.718038,0.460045,-0.057677,0.728493,0.382829,-0.060371,0.740508,0.325250,-0.059446,0.786476,0.467102,-0.049913,0.778056,0.357716,-0.055274,0.756223,0.316162,-0.054405,0.740240,0.297351,-0.052574,0.806105,0.479717,-0.026168,0.809924,0.369157,-0.034589,0.781880,0.331893,-0.034138,0.755973,0.324195,-0.031386,0.809257,0.489462,-0.003632,0.814265,0.393637,-0.013408,0.788787,0.361151,-0.015967,0.766998,0.353690,-0.014869,0.804698,0.498191,0.016630,0.802712,0.425584,0.004658,0.782194,0.395363,-0.000681,0.763789,0.386205,-0.001360
457,1694951216.325038,0,,,0.0000,0.0000,0.0000,0.0000,52.6223,2678.7783,0.5228,19.5000,663.5327,523.2742,495.0830,483.6673,485.7693,0.000000,0.724303,0.615475,-0.000000,0.704547,0.543291,-0.043872,0.715010,0.453255,-0.055060,0.729446,0.377168,-0.054701,0.743895,0.320307,-0.050962,0.786582,0.465113,-0.043254,0.777782,0.354681,-0.045975,0.754669,0.311655,-0.044877,0.737699,0.292520,-0.042922,0.805062,0.482512,-0.018181,0.809749,0.371148,-0.022876,0.780676,0.334133,-0.021909,0.753793,0.328780,-0.018799,0.806750,0.497034,0.005163,0.810050,0.401820,-0.002317,0.783324,0.370436,-0.005867,0.762021,0.365415,-0.005289,0.801937,0.508144,0.026198,0.798483,0.435150,0.015915,0.776452,0.406982,0.010408,0.758222,0.401329,0.009603
458,1694951216.333371,0,,,0.0000,0.0000,0.0000,0.0000,63.5955,4969.6667,0.9406,62.4676,670.4969,529.2326,500.3022,489.0045,490.9899,0.000000,0.729335,0.611690,-0.000000,0.707568,0.549036,-0.044926,0.714338,0.462808,-0.057692,0.727533,0.388668,-0.058587,0.740408,0.330529,-0.056463,0.783241,0.472113,-0.050022,0.777677,0.364383,-0.057748,0.757333,0.317213,-0.060238,0.742384,0.293366,-0.060212,0.802686,0.486834,-0.025663,0.810374,0.375066,-0.034964,0.782197,0.335858,-0.035232,0.756480,0.329261,-0.031985,0.806071,0.497299,-0.002985,0.810721,0.399815,-0.013692,0.783546,0.368397,-0.016566,0.763156,0.362957,-0.014598,0.802608,0.505502,0.017322,0.797878,0.432003,0.005681,0.775533,0.405463,0.001219,0.758255,0.401403,0.001680
459,1694951216.341705,0,,,0.0000,0.0000,0.0000,0.0000,64.6596,3686.2631,0.8269,32.4668,664.6045,523.7917,494.8685,483.4167,485.7948,0.000000,0.721418,0.616760,-0.000000,0.701252,0.546039,-0.043828,0.711077,0.456949,-0.054401,0.725574,0.380240,-0.053344,0.737778,0.323797,-0.048969,0.783672,0.474059,-0.042579,0.775362,0.363963,-0.044538,0.753049,0.319728,-0.043393,0.738615,0.296456,-0.042034,0.802768,0.486109,-0.017280,0.808053,0.371724,-0.022549,0.777645,0.336361,-0.021510,0.751708,0.332648,-0.018109,0.804797,0.496045,0.006355,0.809233,0.395145,-0.001506,0.780463,0.367377,-0.004631,0.758996,0.366008,-0.003565,0.800585,0.503614,0.027648,0.796675,0.428753,0.016807,0.772940,0.401970,0.010931,0.755472,0.397295,0.009919
460,1694951216.350038,0,,,0.0000,0.0000,0.0000,0.0000,83.9005,3588.6733,0.6169,33.1011,667.1915,526.2389,497.7635,486.4535,488.7523,0.000000,0.724183,0.615132,-0.000000,0.703413,0.544021,-0.042197,0.711197,0.455257,-0.052978,0.724578,0.378579,-0.052644,0.737172,0.322340,-0.048772,0.782611,0.470593,-0.042399,0.774406,0.361038,-0.043237,0.754037,0.317875,-0.040172,0.739814,0.297023,-0.037356,0.802150,0.484145,-0.018221,0.806968,0.371355,-0.022228,0.778963,0.335191,-0.019856,0.753734,0.330168,-0.015876,0.805087,0.495359,0.004459,0.811322,0.397175,-0.002087,0.785844,0.363947,-0.004243,0.764960,0.357743,-0.002983,0.801067,0.503467,0.024877,0.801265,0.429109,0.015476,0.781283,0.397044,0.010412,0.764479,0.387493,0.009574
461,1694951216.358371,0,,,0.0000,0.0000,0.0000,0.0000,11.7482,2982.2279,0.6499,19.1111,658.6563,517.9509,489.4431,478.3501,480.9174,0.000000,0.718371,0.622288,-0.000000,0.697555,0.548426,-0.044297,0.708189,0.457131,-0.054880,0.723687,0.379172,-0.053471,0.737380,0.322805,-0.048216,0.781464,0.471577,-0.044218,0.770843,0.356921,-0.044952,0.747884,0.310563,-0.041518,0.732465,0.287166,-0.038253,0.800758,0.487261,-0.018091,0.805275,0.372970,-0.022509,0.775443,0.332139,-0.020383,0.748933,0.323521,-0.016394,0.802425,0.499138,0.006500,0.808054,0.400602,-0.000881,0.780683,0.363904,-0.004029,0.758843,0.355329,-0.003017,0.797083,0.507510,0.028825,0.797504,0.433661,0.019138,0.775869,0.400148,0.013587,0.757479,0.390066,0.012638
462,1694951216.366705,0,,,0.0000,0.0000,0.0000,0.0000,16.7579,3610.8165,0.8946,31.4306,662.4842,523.4025,494.6161,483.0357,484.8494,0.000000,0.717710,0.617599,-0.000000,0.696251,0.546019,-0.045259,0.705868,0.458403,-0.056499,0.721155,0.381312,-0.055554,0.735029,0.322849,-0.050727,0.780992,0.474207,-0.044848,0.772476,0.361859,-0.043904,0.751839,0.320098,-0.038944,0.737769,0.301125,-0.035019,0.800339,0.488896,-0.018479,0.804929,0.374457,-0.021289,0.776183,0.338262,-0.018649,0.750582,0.334181,-0.014748,0.802914,0.500507,0.006417,0.809369,0.402131,0.000672,0.783339,0.369622,-0.002160,0.762409,0.364914,-0.001629,0.798791,0.508487,0.028911,0.799258,0.434326,0.019262,0.778909,0.403483,0.013352,0.762080,0.395817,0.011899
463,1694951216.375038,0,,,0.0000,0.0000,0.0000,0.0000,55.8596,5505.0296,0.6403,33.9622,655.3231,515.6823,487.2601,476.5298,479.4491,0.000000,0.719682,0.618987,-0.000000,0.698789,0.547089,-0.045745,0.707743,0.459372,-0.058176,0.722738,0.383515,-0.058365,0.737026,0.326907,-0.054899,0.781222,0.470486,-0.048359,0.771298,0.358853,-0.050859,0.748057,0.315028,-0.048379,0.731751,0.294575,-0.045444,0.800453,0.487870,-0.022078,0.805637,0.374960,-0.027747,0.775842,0.336802,-0.026067,0.748613,0.331580,-0.022056,0.802459,0.501918,0.002758,0.805561,0.405939,-0.005228,0.777820,0.373573,-0.008470,0.755852,0.368593,-0.007377,0.797612,0.512443,0.025250,0.793830,0.439782,0.014906,0.771257,0.411593,0.009385,0.752843,0.405841,0.008708
464,1694951216.383371,0,,,0.0000,0.0000,0.0000,0.0000,6.8473,4020.2478,0.8020,45.1026,663.9626,521.5857,492.8859,481.8003,484.5449,0.000000,0.719424,0.615409,-0.000000,0.697453,0.546174,-0.042889,0.706155,0.457308,-0.053601,0.721278,0.381752,-0.053088,0.735974,0.324293,-0.049401,0.780277,0.474310,-0.043803,0.771854,0.364025,-0.047500,0.750710,0.319382,-0.047086,0.736678,0.295767,-0.045868,0.799661,0.488276,-0.020107,0.807072,0.372406,-0.027699,0.776511,0.337256,-0.027368,0.749806,0.334723,-0.023707,0.802041,0.499285,0.002038,0.806736,0.400120,-0.008579,0.777270,0.374484,-0.012116,0.755876,0.375784,-0.010227,0.797864,0.507556,0.022034,0.795074,0.432867,0.009704,0.771226,0.408674,0.004248,0.752932,0.408128,0.004138
465,1694951216.391705,0,,,0.0000,0.0000,0.0000,0.0000,25.0988,3259.9966,0.5894,18.4444,652.0897,512.0364,483.6305,473.0330,476.1130,0.000000,0.715100,0.625638,-0.000000,0.691986,0.550579,-0.044312,0.702603,0.458228,-0.054869,0.719478,0.380699,-0.053507,0.734612,0.323458,-0.048531,0.779108,0.470117,-0.042439,0.768411,0.356127,-0.042983,0.744368,0.309523,-0.040160,0.727710,0.286395,-0.037323,0.798809,0.488721,-0.016376,0.803151,0.374520,-0.019613,0.771924,0.336119,-0.017619,0.744456,0.330380,-0.013869,0.800870,0.503665,0.008032,0.805361,0.405629,0.001937,0.777325,0.372235,-0.001470,0.754849,0.367256,-0.000964,0.796131,0.514905,0.030069,0.793478,0.440484,0.020776,0.770314,0.410333,0.015082,0.751293,0.403748,0.014032
466,1694951216.400038,0,,,0.0000,0.0000,0.0000,0.0000,21.2347,3052.0459,0.9867,44.4915,659.8797,519.7388,491.1193,480.1906,482.8412,0.000000,0.722369,0.615360,-0.000000,0.701123,0.548321,-0.042712,0.707755,0.461643,-0.054335,0.720446,0.386786,-0.054507,0.733524,0.330253,-0.051360,0.778109,0.473446,-0.046566,0.768502,0.365140,-0.049070,0.749251,0.321120,-0.047119,0.735759,0.297880,-0.045047,0.797973,0.487375,-0.022704,0.801413,0.374758,-0.027813,0.773698,0.340185,-0.025675,0.748611,0.335402,-0.022012,0.801862,0.498820,-0.000181,0.808379,0.400581,-0.007874,0.782939,0.371183,-0.009537,0.762358,0.366914,-0.007946,0.798541,0.507919,0.020071,0.799215,0.433924,0.009782,0.779722,0.405836,0.005161,0.762897,0.399250,0.004658
467,1694951216.408371,0,,,0.0000,0.0000,0.0000,0.0000,55.1830,4734.8035,0.7680,42.1011,658.2026,517.5118,488.6673,477.3472,479.9924,0.000000,0.716910,0.622284,-0.000000,0.695428,0.552512,-0.043319,0.704384,0.461854,-0.054394,0.718102,0.384182,-0.053940,0.731685,0.326067,-0.049995,0.776611,0.474901,-0.044874,0.768611,0.364070,-0.046264,0.748526,0.320059,-0.043219,0.734123,0.299505,-0.040283,0.796920,0.489514,-0.020233,0.802911,0.374612,-0.025527,0.774567,0.337297,-0.023635,0.748558,0.331546,-0.019538,0.800082,0.501382,0.003013,0.807406,0.400947,-0.004930,0.781418,0.367912,-0.007310,0.760185,0.361698,-0.005664,0.795556,0.509853,0.024042,0.796424,0.433682,0.013619,0.776402,0.402056,0.008567,0.759343,0.393255,0.008118
468,1694951216.416705,0,,,0.0000,0.0000,0.0000,0.0000,24.3170,2591.5114,0.4627,21.3009,648.9866,512.0111,483.3150,472.1750,474.7302,0.000000,0.717107,0.624769,-0.000000,0.694351,0.548601,-0.042331,0.703766,0.458335,-0.053830,0.719881,0.382323,-0.053804,0.734354,0.326026,-0.050303,0.778203,0.473672,-0.046483,0.769143,0.360847,-0.047919,0.745756,0.318938,-0.044641,0.728963,0.300820,-0.041439,0.797732,0.492643,-0.021916,0.800976,0.377522,-0.025801,0.771222,0.337809,-0.023428,0.744435,0.331126,-0.020026,0.800065,0.507926,0.001555,0.803968,0.407551,-0.004762,0.776938,0.372712,-0.006994,0.754836,0.367121,-0.006289,0.795246,0.519262,0.022902,0.792626,0.442868,0.013575,0.770477,0.412179,0.008747,0.751890,0.405233,0.007929
469,1694951216.425038,0,,,0.0000,0.0000,0.0000,0.0000,60.1750,4906.7385,0.4477,31.0664,650.5312,509.7330,481.4999,470.7591,473.6628,0.000000,0.720880,0.619493,-0.000000,0.697303,0.553963,-0.044613,0.703938,0.464783,-0.056942,0.717991,0.388369,-0.057617,0.732087,0.330420,-0.055178,0.776750,0.473929,-0.048148,0.766849,0.360749,-0.054703,0.744014,0.314563,-0.056484,0.727480,0.292416,-0.056251,0.796920,0.489644,-0.023918,0.802587,0.375309,-0.032178,0.771620,0.340840,-0.032229,0.744797,0.337936,-0.029071,0.800167,0.501966,-0.001343,0.804408,0.403404,-0.012092,0.774647,0.378880,-0.015020,0.753191,0.380425,-0.013097,0.796349,0.512407,0.018900,0.791880,0.438765,0.005951,0.767505,0.414713,0.000785,0.748826,0.413968,0.000981
470,1694951216.433371,0,,,0.0000,0.0000,0.0000,0.0000,73.1446,4819.7135,0.7119,36.1458,653.2501,512.6193,484.2281,473.4851,476.7364,0.000000,0.712431,0.624550,-0.000000,0.690353,0.550683,-0.043281,0.701115,0.460583,-0.053689,0.716991,0.382497,-0.052284,0.728675,0.326279,-0.047360,0.776216,0.479855,-0.044921,0.767344,0.365773,-0.044769,0.744952,0.321335,-0.041224,0.730376,0.297877,-0.038428,0.796357,0.492884,-0.019649,0.799652,0.375338,-0.022269,0.769032,0.337652,-0.019543,0.743406,0.332392,-0.015959,0.798943,0.503662,0.004372,0.805129,0.400112,-0.000953,0.777024,0.367465,-0.002935,0.755216,0.364804,-0.002083,0.793988,0.511039,0.026033,0.793806,0.435230,0.016777,0.771897,0.404169,0.011468,0.754090,0.398334,0.010295
471,1694951216.441705,0,,,0.0000,0.0000,0.0000,0.0000,70.7056,5226.7806,1.1669,49.1381,654.4632,512.5893,483.8708,473.1726,476.4052,0.000000,0.724317,0.616074,-0.000000,0.701471,0.554208,-0.042883,0.705948,0.467414,-0.055528,0.717915,0.391144,-0.056749,0.730254,0.334018,-0.054871,0.775618,0.476475,-0.049948,0.766735,0.363633,-0.055907,0.745361,0.316504,-0.056073,0.730395,0.293310,-0.054831,0.796205,0.488867,-0.026528,0.801141,0.372067,-0.035692,0.770008,0.338617,-0.034455,0.743989,0.337930,-0.030139,0.800095,0.498008,-0.004343,0.805180,0.395438,-0.015258,0.775953,0.368948,-0.017266,0.754589,0.370625,-0.014775,0.796809,0.505585,0.015702,0.793518,0.430318,0.002780,0.770370,0.404664,-0.002388,0.752685,0.403047,-0.002370
472,1694951216.450038,0,,,0.0000,0.0000,0.0000,0.0000,65.3250,2804.2628,0.7968,29.4035,653.0145,511.4849,483.0815,472.2699,475.1067,0.000000,0.713532,0.624721,-0.000000,0.692044,0.551470,-0.046060,0.702408,0.460294,-0.057302,0.717763,0.382378,-0.056043,0.732315,0.326453,-0.050957,0.777169,0.476262,-0.046892,0.768174,0.363347,-0.047599,0.745603,0.319698,-0.043781,0.729355,0.298427,-0.040242,0.796311,0.491776,-0.020075,0.800744,0.375764,-0.024195,0.770483,0.337617,-0.022198,0.743238,0.332251,-0.018337,0.798224,0.504444,0.005249,0.801389,0.405223,-0.001893,0.772835,0.373602,-0.005433,0.750321,0.370480,-0.004811,0.793128,0.514308,0.028167,0.789759,0.440898,0.017671,0.766174,0.412585,0.011501,0.746724,0.407561,0.010251
473,1694951216.458371,0,,,0.0000,0.0000,0.0000,0.0000,16.5602,5783.6420,0.9958,48.4900,652.5709,512.6056,484.3656,474.0793,476.3967,0.000000,0.714552,0.622396,-0.000000,0.691840,0.551428,-0.044716,0.700652,0.462483,-0.056434,0.716211,0.384985,-0.056160,0.730744,0.326652,-0.052014,0.774700,0.478775,-0.046909,0.767513,0.365824,-0.047461,0.746390,0.321603,-0.043170,0.731373,0.302118,-0.039397,0.794930,0.493136,-0.021014,0.799477,0.376659,-0.025209,0.769926,0.338700,-0.022447,0.744727,0.333773,-0.018239,0.798024,0.503929,0.003516,0.804768,0.399823,-0.003277,0.778187,0.364285,-0.005248,0.757129,0.358202,-0.003892,0.793687,0.510802,0.025718,0.795611,0.432810,0.015995,0.775358,0.397700,0.010750,0.758460,0.387636,0.009796
474,1694951216.466705,0,,,0.0000,0.0000,0.0000,0.0000,0.7219,5196.9983,0.6205,36.2616,648.7737,508.0271,479.1758,468.5895,471.6484,0.000000,0.716233,0.619933,-0.000000,0.694124,0.548800,-0.042940,0.702208,0.459409,-0.053883,0.715990,0.383281,-0.053242,0.728687,0.327110,-0.048990,0.775133,0.471438,-0.045468,0.765014,0.358285,-0.045891,0.742175,0.315470,-0.042036,0.726748,0.295015,-0.038661,0.795169,0.488743,-0.020664,0.799235,0.374535,-0.023767,0.768555,0.340948,-0.020367,0.743116,0.338009,-0.015976,0.798220,0.502709,0.002867,0.805468,0.403669,-0.002863,0.778416,0.373829,-0.004091,0.757468,0.371949,-0.002500,0.794351,0.512487,0.024135,0.796593,0.436783,0.015415,0.776236,0.406297,0.011153,0.759181,0.400248,0.010693
475,1694951216.475038,0,,,0.0000,0.0000,0.0000,0.0000,53.6290,5801.1112,0.7181,37.9861,649.8159,506.2703,478.4560,468.5930,472.5185,0.000000,0.715016,0.620313,-0.000000,0.692612,0.552674,-0.046049,0.701245,0.462680,-0.058972,0.717101,0.384973,-0.059971,0.731755,0.325840,-0.057530,0.773753,0.478389,-0.050187,0.764177,0.360818,-0.056512,0.740950,0.309740,-0.057386,0.725141,0.281960,-0.056553,0.794641,0.490735,-0.025036,0.799960,0.372982,-0.033688,0.768083,0.335939,-0.032683,0.741970,0.332094,-0.028825,0.797932,0.499207,-0.001673,0.804419,0.396371,-0.013013,0.774924,0.366364,-0.015449,0.753541,0.364965,-0.013056,0.794424,0.504075,0.019270,0.796155,0.427533,0.006530,0.773595,0.398401,0.001516,0.755538,0.394563,0.001576
476,1694951216.483371,0,,,0.0000,0.0000,0.0000,0.0000,26.1782,4614.6642,0.8918,43.3403,653.7026,513.4832,484.8083,473.3136,475.3989,0.000000,0.719474,0.617323,-0.000000,0.698782,0.550914,-0.043135,0.704928,0.464290,-0.056071,0.717253,0.386043,-0.057631,0.729737,0.328541,-0.055774,0.775322,0.479163,-0.049908,0.766181,0.366189,-0.053320,0.745236,0.322046,-0.050629,0.730565,0.301018,-0.047840,0.795454,0.490177,-0.026204,0.799118,0.372692,-0.033442,0.770046,0.335560,-0.031668,0.744887,0.330347,-0.028018,0.799120,0.499637,-0.003593,0.806029,0.395988,-0.013076,0.779211,0.362833,-0.014956,0.757847,0.358180,-0.013283,0.795090,0.506978,0.016874,0.795891,0.429843,0.004744,0.775073,0.398474,-0.000657,0.757653,0.390928,-0.001484
477,1694951216.491705,0,,,0.0000,0.0000,0.0000,0.0000,5.6487,6740.5646,0.6900,33.1265,645.2681,500.7142,473.0021,463.5959,467.4902,0.000000,0.712629,0.626115,-0.000000,0.691025,0.553085,-0.046576,0.700532,0.461358,-0.057745,0.716811,0.382890,-0.056328,0.731175,0.325390,-0.051246,0.776337,0.475009,-0.045753,0.762652,0.357269,-0.047848,0.737629,0.308323,-0.046267,0.721304,0.281784,-0.044048,0.795330,0.491173,-0.018297,0.799766,0.374620,-0.024013,0.767232,0.336039,-0.023091,0.738929,0.330082,-0.019264,0.796480,0.503377,0.007538,0.799757,0.406022,-0.000770,0.769956,0.374404,-0.005010,0.746955,0.370972,-0.004083,0.791332,0.512647,0.030955,0.788101,0.440572,0.020190,0.763462,0.412695,0.014023,0.743627,0.408374,0.013228
478,1694951216.500038,0,,,0.0000,0.0000,0.0000,0.0000,55.5931,2880.0303,0.5657,15.3171,647.4379,504.1182,476.6920,466.8939,470.7850,0.000000,0.710057,0.627486,-0.000000,0.687703,0.550633,-0.046460,0.699422,0.457374,-0.056576,0.716469,0.379516,-0.053687,0.731997,0.322811,-0.047020,0.776161,0.473797,-0.046180,0.763481,0.357124,-0.043944,0.739171,0.311340,-0.038219,0.723675,0.289020,-0.033763,0.795431,0.490820,-0.017781,0.798441,0.373316,-0.019734,0.765531,0.336100,-0.016590,0.738282,0.332537,-0.012207,0.796843,0.503909,0.009326,0.800391,0.402414,0.003971,0.770087,0.370695,0.000418,0.747537,0.369359,0.000684,0.791846,0.512903,0.034091,0.789766,0.437287,0.024856,0.765630,0.407951,0.018522,0.746680,0.404489,0.016919
479,1694951216.508371,0,,,0.0000,0.0000,0.0000,0.0000,71.2827,7875.0100,0.8161,38.5895,644.6816,499.7521,471.4881,462.3923,466.6317,0.000000,0.713300,0.626331,-0.000000,0.689954,0.554180,-0.047542,0.699694,0.462890,-0.059760,0.715456,0.385082,-0.059212,0.730024,0.325740,-0.055033,0.775661,0.473683,-0.048964,0.763821,0.356747,-0.051615,0.738683,0.308140,-0.049805,0.720684,0.284411,-0.047345,0.795145,0.489494,-0.021434,0.798492,0.373354,-0.027293,0.765443,0.334177,-0.026107,0.736759,0.327581,-0.022335,0.796874,0.501485,0.004523,0.800229,0.400325,-0.003876,0.770346,0.367086,-0.007552,0.747244,0.361681,-0.006651,0.791741,0.510416,0.028029,0.788325,0.434701,0.017082,0.763978,0.404244,0.011216,0.744356,0.397888,0.010430
480,1694951216.516705,0,,,0.0000,0.0000,0.0000,0.0000,0.8954,5459.6046,0.8680,45.4915,651.4777,509.6961,481.5568,471.3017,474.4943,0.000000,0.717083,0.623059,-0.000000,0.694415,0.553509,-0.042711,0.702257,0.463291,-0.054318,0.716425,0.387279,-0.054425,0.729992,0.330212,-0.051327,0.774029,0.478603,-0.048400,0.764435,0.363750,-0.052070,0.743261,0.316036,-0.050752,0.728860,0.290601,-0.048793,0.794577,0.494893,-0.024439,0.800784,0.378687,-0.030599,0.770952,0.341339,-0.028411,0.744897,0.335551,-0.024345,0.797917,0.507586,-0.001696,0.805150,0.408209,-0.010326,0.777208,0.379184,-0.012080,0.756056,0.376985,-0.010057,0.793999,0.516877,0.018894,0.794944,0.441480,0.008426,0.773652,0.414279,0.004222,0.756049,0.410690,0.004302
481,1694951216.525038,0,,,0.0000,0.0000,0.0000,0.0000,,,,,,,,,,,0.000000,0.000000,0.000000,0.000000,0.000000,0.000000,0.000000,0.000000,0.000000,0.000000,0.000000,0.000000,0.000000,0.000000,0.000000,0.000000,0.000000,0.000000,0.000000,0.000000,0.000000,0.000000,0.000000,0.000000,0.000000,0.000000,0.000000,0.000000,0.000000,0.000000,0.000000,0.000000,0.000000,0.000000,0.000000,0.000000,0.000000,0.000000,0.000000,0.000000,0.000000,0.000000,0.000000,0.000000,0.000000,0.000000,0.000000,0.000000,0.000000,0.000000,0.000000,0.000000,0.000000,0.000000,0.000000,0.000000,0.000000,0.000000,0.000000,0.000000,0.000000,0.000000,0.000000
482,1694951216.533371,0,,,0.0000,0.0000,0.0000,0.0000,,5909.2216,0.6031,30.9174,645.3673,501.4796,473.9444,464.1224,467.9491,0.000000,0.711022,0.626917,-0.000000,0.687973,0.553766,-0.046508,0.698747,0.460316,-0.057676,0.715969,0.382045,-0.056269,0.731208,0.323995,-0.051243,0.775358,0.476861,-0.046635,0.764880,0.358793,-0.048923,0.739771,0.310257,-0.047556,0.722603,0.285218,-0.045420,0.794579,0.491367,-0.019107,0.798405,0.373757,-0.023766,0.765195,0.333174,-0.022115,0.736841,0.326560,-0.018317,0.795869,0.502071,0.006710,0.800431,0.400354,-0.000581,0.770431,0.365951,-0.004398,0.747088,0.361118,-0.003852,0.790635,0.509689,0.030061,0.788501,0.434535,0.020029,0.764047,0.404239,0.014059,0.744007,0.398668,0.012933
483,1694951216.541705,0,,,0.0000,0.0000,0.0000,0.0000,8.3820,6312.5938,1.1608,58.2631,652.0546,509.9611,480.8802,469.8113,472.3901,0.000000,0.715149,0.624674,-0.000000,0.692327,0.555981,-0.045880,0.700489,0.464897,-0.058433,0.715653,0.385377,-0.058714,0.729815,0.325912,-0.055372,0.774150,0.483144,-0.051315,0.765873,0.366994,-0.054300,0.744532,0.322580,-0.051892,0.729314,0.302034,-0.049387,0.794810,0.494671,-0.025548,0.798898,0.375906,-0.031641,0.769444,0.337601,-0.029603,0.743136,0.332320,-0.025898,0.798280,0.503102,-0.001157,0.804488,0.397981,-0.009683,0.777535,0.364931,-0.011916,0.755897,0.360405,-0.010629,0.794292,0.508855,0.020805,0.793955,0.432359,0.008958,0.772710,0.400772,0.002970,0.754911,0.393193,0.001727
484,1694951216.550038,0,,,0.0000,0.0000,0.0000,0.0000,9.9928,6142.9629,1.0408,36.2006,647.5323,500.8109,473.3075,463.8919,468.2188,0.000000,0.714135,0.624707,-0.000000,0.690544,0.554952,-0.046599,0.700347,0.461226,-0.058469,0.716709,0.383426,-0.057855,0.731595,0.324734,-0.054098,0.775657,0.476991,-0.048585,0.765174,0.360209,-0.052676,0.740758,0.311594,-0.052448,0.723206,0.286791,-0.051088,0.795062,0.491617,-0.022099,0.799390,0.373528,-0.028612,0.766475,0.336502,-0.027755,0.737816,0.331650,-0.024173,0.797189,0.502748,0.002724,0.800546,0.401435,-0.006498,0.770291,0.374499,-0.010303,0.747536,0.373504,-0.009395,0.792951,0.511382,0.025106,0.786800,0.437448,0.012714,0.762023,0.413538,0.006273,0.742999,0.411521,0.005254
485,1694951216.558371,0,,,0.0000,0.0000,0.0000,0.0000,29.5688,2853.1290,1.4749,28.6597,645.6599,505.1906,476.6846,465.6038,468.3613,0.000000,0.713808,0.624790,-0.000000,0.691559,0.550000,-0.046058,0.701424,0.459527,-0.057920,0.718435,0.381837,-0.057311,0.732979,0.322783,-0.052790,0.775661,0.476812,-0.047731,0.767591,0.363359,-0.048630,0.743504,0.322517,-0.044685,0.726065,0.305481,-0.041039,0.794913,0.492150,-0.020947,0.799967,0.377290,-0.024673,0.769551,0.338701,-0.022119,0.741808,0.333708,-0.018193,0.796825,0.504755,0.004358,0.800165,0.406366,-0.002019,0.772549,0.373684,-0.005016,0.750244,0.368933,-0.004592,0.792370,0.515121,0.027232,0.788090,0.441986,0.017335,0.765216,0.413074,0.011425,0.746495,0.406578,0.010022
486,1694951216.566705,0,,,0.0000,0.0000,0.0000,0.0000,47.0492,6291.7542,1.7666,43.2415,647.6349,504.1398,476.1639,466.1659,469.5543,0.000000,0.717215,0.619124,-0.000000,0.693876,0.549701,-0.049498,0.701227,0.461597,-0.063621,0.716418,0.383653,-0.064612,0.731003,0.322382,-0.061964,0.775305,0.474891,-0.053610,0.764526,0.359774,-0.057664,0.740968,0.314298,-0.056075,0.724112,0.293370,-0.053797,0.795520,0.489424,-0.025808,0.800326,0.372645,-0.033055,0.768472,0.338301,-0.031780,0.740546,0.337257,-0.027898,0.798367,0.500802,0.000444,0.801229,0.401234,-0.009050,0.771601,0.375762,-0.012327,0.749002,0.377485,-0.011170,0.794600,0.510258,0.024074,0.788569,0.438216,0.011428,0.764333,0.414130,0.004864,0.745440,0.412785,0.003710
487,1694951216.575038,0,,,0.0000,0.0000,0.0000,0.0000,10.1100,5408.6289,1.2459,44.7932,652.6130,507.0017,479.2937,469.4980,473.6874,0.000000,0.717999,0.619791,-0.000000,0.693740,0.555852,-0.047018,0.700037,0.467218,-0.060852,0.713560,0.389454,-0.062079,0.726286,0.329620,-0.059934,0.773636,0.478186,-0.053406,0.763238,0.362557,-0.057002,0.742201,0.315341,-0.055383,0.727044,0.289426,-0.053469,0.794198,0.489407,-0.027361,0.796073,0.370326,-0.033134,0.767920,0.330797,-0.031231,0.742549,0.321059,-0.028026,0.798032,0.498573,-0.002689,0.803352,0.395307,-0.011079,0.776995,0.362347,-0.013037,0.755871,0.354349,-0.011925,0.794538,0.505186,0.019532,0.792472,0.429151,0.007559,0.770565,0.399486,0.002123,0.752920,0.390836,0.001138
488,1694951216.583371,0,,,0.0000,0.0000,0.0000,0.0000,7.4658,6054.3221,0.7218,45.8318,649.8020,507.4021,478.8765,467.9341,470.9054,0.000000,0.719922,0.615515,-0.000000,0.695792,0.553401,-0.048005,0.700176,0.467066,-0.062911,0.714103,0.387612,-0.065362,0.729136,0.326334,-0.063892,0.771184,0.478272,-0.055177,0.763869,0.364502,-0.060108,0.743027,0.319580,-0.057809,0.727485,0.299481,-0.055082,0.793149,0.487000,-0.029441,0.797023,0.369766,-0.037380,0.768011,0.333090,-0.035231,0.742655,0.329298,-0.031330,0.798419,0.493560,-0.005296,0.804269,0.388825,-0.015990,0.777034,0.357677,-0.017776,0.755656,0.354127,-0.015990,0.796038,0.498438,0.016288,0.796574,0.420847,0.002535,0.775015,0.390465,-0.003496,0.757002,0.383767,-0.004592
489,1694951216.591705,0,,,0.0000,0.0000,0.0000,0.0000,25.1453,5164.5187,1.1812,29.5926,642.6049,502.7244,474.7829,464.2118,467.2898,0.000000,0.714251,0.619111,-0.000000,0.689846,0.551342,-0.048860,0.697273,0.462751,-0.061940,0.713666,0.384117,-0.062181,0.729387,0.323700,-0.058646,0.772785,0.478326,-0.050982,0.762192,0.363737,-0.054212,0.738064,0.317702,-0.052387,0.721940,0.295336,-0.050331,0.793262,0.488514,-0.023880,0.798222,0.370080,-0.030718,0.765732,0.333243,-0.029496,0.738067,0.331233,-0.025938,0.796268,0.496756,0.001424,0.801516,0.394091,-0.008636,0.771069,0.365647,-0.012432,0.748222,0.366225,-0.011687,0.792873,0.503137,0.024075,0.791177,0.429884,0.010213,0.766318,0.404894,0.002851,0.746779,0.404117,0.001061
490,1694951216.600038,0,,,0.0000,0.0000,0.0000,0.0000,2.0231,4314.1980,0.8173,29.1898,648.1817,503.6940,475.8529,465.7666,469.9807,0.000000,0.713591,0.622126,-0.000000,0.688900,0.552941,-0.045618,0.697251,0.462728,-0.058460,0.713571,0.385266,-0.059378,0.728522,0.325464,-0.056896,0.772502,0.477228,-0.049252,0.762936,0.360138,-0.053422,0.739678,0.312365,-0.052507,0.723590,0.289977,-0.050837,0.793521,0.491657,-0.023966,0.799530,0.373940,-0.031218,0.767842,0.337274,-0.029786,0.740895,0.334073,-0.025920,0.796476,0.502969,-0.000224,0.803296,0.399993,-0.009625,0.774193,0.369703,-0.011893,0.752291,0.368141,-0.010162,0.792207,0.511261,0.021081,0.791077,0.435324,0.009001,0.767762,0.406050,0.003388,0.749419,0.401324,0.002715
491,1694951216.608371,0,,,0.0000,0.0000,0.0000,0.0000,6.4606,5986.0913,0.8016,27.9429,642.5373,500.2590,472.1457,461.6592,464.9415,0.000000,0.713016,0.626763,-0.000000,0.690917,0.556642,-0.050706,0.698653,0.466537,-0.064909,0.713474,0.386630,-0.065919,0.729312,0.325806,-0.063029,0.774919,0.475296,-0.051168,0.761725,0.359401,-0.053992,0.737389,0.313130,-0.052040,0.720329,0.292095,-0.049723,0.794302,0.486812,-0.022441,0.797253,0.370540,-0.029113,0.765728,0.332408,-0.028578,0.736761,0.328256,-0.025355,0.796055,0.496842,0.004445,0.799722,0.395349,-0.004757,0.770853,0.362837,-0.009113,0.747400,0.358246,-0.008905,0.790809,0.505023,0.028583,0.787013,0.431869,0.015793,0.763157,0.403465,0.008243,0.743496,0.397647,0.006243
492,1694951216.616705,0,,,0.0000,0.0000,0.0000,0.0000,38.2248,4721.4784,0.8825,27.9498,645.4674,503.9598,475.6668,465.0907,468.6720,0.000000,0.714438,0.619287,-0.000000,0.690249,0.556189,-0.049019,0.696983,0.467436,-0.063683,0.711198,0.388414,-0.065473,0.726502,0.327543,-0.063650,0.772393,0.474522,-0.054186,0.761284,0.357376,-0.058604,0.738323,0.308715,-0.057200,0.721496,0.286168,-0.055060,0.793661,0.487152,-0.027130,0.796387,0.368118,-0.034982,0.764103,0.331544,-0.033702,0.736166,0.328413,-0.029834,0.797260,0.496347,-0.001616,0.801649,0.391553,-0.011297,0.772045,0.359655,-0.014106,0.749102,0.355961,-0.012810,0.793245,0.502721,0.021279,0.792323,0.425083,0.008603,0.768812,0.394949,0.002471,0.749407,0.388979,0.001481
493,1694951216.625038,0,,,0.0000,0.0000,0.0000,0.0000,3.8514,5175.5399,0.5667,35.9715,646.4002,506.0142,477.4959,466.6496,469.5373,0.000000,0.715300,0.617105,-0.000000,0.691731,0.553416,-0.046275,0.698180,0.466809,-0.060635,0.712814,0.387019,-0.063282,0.727404,0.325639,-0.062103,0.770661,0.477082,-0.052193,0.763115,0.362833,-0.058327,0.740756,0.315343,-0.057257,0.723826,0.294796,-0.054990,0.792591,0.487155,-0.027850,0.797301,0.369287,-0.037281,0.767112,0.329492,-0.036113,0.740764,0.324235,-0.032271,0.797173,0.494605,-0.005198,0.804219,0.389035,-0.017199,0.776652,0.352578,-0.019761,0.754550,0.345792,-0.017785,0.793324,0.499355,0.015072,0.796122,0.418411,0.001126,0.774990,0.382031,-0.004751,0.756476,0.371435,-0.005393
494,1694951216.633371,0,,,0.0000,0.0000,0.0000,0.0000,9.0973,6889.2111,0.7596,35.2870,647.4723,501.4433,473.5862,463.8190,468.1435,0.000000,0.711249,0.622747,-0.000000,0.686075,0.554019,-0.051076,0.694173,0.463913,-0.065806,0.711568,0.382681,-0.067163,0.726941,0.321060,-0.064601,0.770941,0.479174,-0.055344,0.759689,0.359020,-0.059995,0.735857,0.307186,-0.058651,0.719286,0.278165,-0.056655,0.792550,0.489739,-0.027005,0.797514,0.368491,-0.035028,0.765345,0.330121,-0.033451,0.738246,0.325378,-0.029469,0.795606,0.497925,-0.000451,0.800938,0.393635,-0.011072,0.770625,0.362404,-0.013852,0.747952,0.360054,-0.012176,0.791371,0.503231,0.023311,0.791356,0.427958,0.010173,0.767841,0.398951,0.003798,0.749180,0.394351,0.002678
495,1694951216.641705,0,,,0.0000,0.0000,0.0000,0.0000,47.8125,5199.4466,0.8074,22.9444,644.2599,497.8913,470.5153,460.9186,465.4129,0.000000,0.709169,0.630041,-0.000000,0.684163,0.555710,-0.049850,0.695265,0.460894,-0.062198,0.713520,0.380096,-0.061232,0.728486,0.319995,-0.056636,0.774246,0.473807,-0.048578,0.759847,0.353445,-0.051580,0.733601,0.301990,-0.050860,0.716328,0.274335,-0.049308,0.793628,0.488478,-0.019650,0.796427,0.368871,-0.026097,0.761707,0.330582,-0.025659,0.732535,0.326387,-0.022159,0.794718,0.499952,0.007337,0.796465,0.397479,-0.002012,0.764380,0.366054,-0.006761,0.740566,0.364678,-0.006188,0.789188,0.508368,0.031644,0.783429,0.434876,0.019058,0.756752,0.407427,0.011683,0.736420,0.404673,0.010185
496,1694951216.650038,0,,,0.0000,0.0000,0.0000,0.0000,42.9587,5310.7766,0.9871,38.0478,651.2983,506.2997,478.7364,468.7581,472.8046,0.000000,0.720676,0.616239,-0.000000,0.697307,0.552643,-0.047461,0.701317,0.465230,-0.062100,0.713913,0.387258,-0.064637,0.727401,0.325108,-0.064019,0.773591,0.471969,-0.051282,0.761410,0.357282,-0.059061,0.739240,0.307360,-0.061646,0.723265,0.280779,-0.061987,0.794344,0.484213,-0.026167,0.800356,0.367413,-0.036528,0.768946,0.333324,-0.037019,0.740698,0.330715,-0.033530,0.797642,0.494157,-0.002824,0.800996,0.394442,-0.015232,0.770998,0.369400,-0.018569,0.748720,0.369431,-0.016483,0.793936,0.502437,0.017989,0.788346,0.428794,0.003606,0.763942,0.405523,-0.002197,0.745155,0.404172,-0.002210
497,1694951216.658371,0,,,0.0000,0.0000,0.0000,0.0000,46.8771,5047.7452,0.6321,30.5285,649.3440,506.0096,477.8448,467.2463,470.6164,0.000000,0.711557,0.622429,-0.000000,0.686792,0.554210,-0.047819,0.695790,0.461295,-0.061021,0.712254,0.381491,-0.061685,0.727230,0.319826,-0.058785,0.771239,0.477116,-0.050675,0.762382,0.361422,-0.055160,0.739515,0.313045,-0.054727,0.722607,0.288306,-0.053396,0.792524,0.489056,-0.024249,0.797321,0.370255,-0.031404,0.766732,0.330985,-0.030299,0.739760,0.324272,-0.026880,0.796088,0.498190,0.000411,0.801309,0.393694,-0.008905,0.772981,0.361270,-0.011169,0.751281,0.355621,-0.009630,0.792216,0.504777,0.022413,0.790752,0.427742,0.010504,0.767566,0.397463,0.005072,0.749332,0.390173,0.004368
498,1694951216.666705,0,,,0.0000,0.0000,0.0000,0.0000,0.3901,4813.0541,1.1236,58.9182,655.0757,512.1427,483.1787,472.6858,475.5040,0.000000,0.714618,0.615666,-0.000000,0.692466,0.552458,-0.047317,0.699243,0.465981,-0.061483,0.712747,0.386406,-0.063351,0.727323,0.325944,-0.061624,0.772231,0.476292,-0.053019,0.763464,0.361620,-0.057955,0.742503,0.314745,-0.056475,0.727482,0.291892,-0.054394,0.792878,0.485571,-0.027677,0.798742,0.366657,-0.036868,0.769209,0.330041,-0.035742,0.742702,0.326430,-0.031635,0.796497,0.493718,-0.003898,0.802545,0.390361,-0.015509,0.774499,0.358704,-0.018401,0.752800,0.354530,-0.016519,0.792582,0.500469,0.017432,0.792023,0.423705,0.003143,0.769611,0.393683,-0.003374,0.751214,0.387334,-0.004286
499,1694951216.675038,0,,,0.0000,0.0000,0.0000,0.0000,3.1529,5702.3007,0.5428,28.7253,646.5174,500.7761,473.3859,464.0451,469.0433,0.000000,0.709716,0.624976,-0.000000,0.684892,0.557197,-0.050833,0.694516,0.464453,-0.063871,0.711272,0.383033,-0.063366,0.725654,0.322195,-0.059018,0.771934,0.474503,-0.052527,0.757714,0.352658,-0.055585,0.733750,0.301117,-0.053523,0.718639,0.271343,-0.051248,0.792346,0.484517,-0.023749,0.795413,0.363339,-0.031175,0.761681,0.326505,-0.029672,0.733486,0.322871,-0.025338,0.794452,0.491894,0.003160,0.797997,0.389258,-0.007279,0.766185,0.359619,-0.011250,0.742814,0.358306,-0.010004,0.789995,0.496885,0.027304,0.788244,0.424709,0.013946,0.762482,0.398054,0.006499,0.742515,0.394754,0.004914
500,1694951216.683371,0,,,0.0000,0.0000,0.0000,0.0000,11.2028,4159.4438,0.9462,41.9599,652.8959,510.4026,482.2636,471.4013,474.3840,0.000000,0.718980,0.613932,-0.000000,0.694859,0.550311,-0.046021,0.700523,0.463036,-0.059868,0.714084,0.384468,-0.061659,0.727679,0.323966,-0.060011,0.772467,0.473108,-0.052892,0.763728,0.357189,-0.059068,0.741727,0.310770,-0.058697,0.725851,0.289649,-0.057163,0.793701,0.483648,-0.028365,0.798741,0.363640,-0.038136,0.767947,0.329577,-0.036845,0.741184,0.328676,-0.032498,0.797662,0.492230,-0.005346,0.801812,0.388746,-0.016955,0.773002,0.361143,-0.019123,0.751270,0.360564,-0.016730,0.794001,0.499312,0.015254,0.790610,0.422569,0.001594,0.767864,0.396347,-0.003950,0.749805,0.393775,-0.004208
501,1694951216.691705,0,,,0.0000,0.0000,0.0000,0.0000,12.9588,5444.6358,0.6672,40.8364,652.2695,507.1536,478.8872,468.4470,472.0907,0.000000,0.713102,0.618881,-0.000000,0.688956,0.551038,-0.050656,0.697266,0.460451,-0.065320,0.712351,0.381952,-0.066736,0.726978,0.319132,-0.064512,0.773540,0.471597,-0.053508,0.763771,0.353795,-0.057917,0.740701,0.305867,-0.056928,0.723613,0.283446,-0.054990,0.794191,0.484680,-0.025392,0.799595,0.365581,-0.032777,0.768014,0.328884,-0.031446,0.739559,0.326212,-0.027378,0.797028,0.495308,0.000861,0.800580,0.393667,-0.008500,0.770966,0.363933,-0.011502,0.748487,0.361407,-0.010166,0.792894,0.503137,0.024304,0.788617,0.428000,0.011871,0.764828,0.400628,0.005611,0.746280,0.396260,0.004645
502,1694951216.700038,0,,,0.0000,0.0000,0.0000,0.0000,29.0197,5753.6757,0.8331,37.2477,648.9680,505.0375,476.4678,466.0005,469.4254,0.000000,0.711483,0.616578,-0.000000,0.686871,0.548365,-0.046742,0.695354,0.458609,-0.060007,0.711559,0.378962,-0.061015,0.726677,0.317839,-0.058422,0.771905,0.474398,-0.050701,0.762877,0.358523,-0.054688,0.739435,0.312685,-0.053155,0.722445,0.289645,-0.051232,0.792853,0.484957,-0.025148,0.796814,0.366447,-0.032206,0.766001,0.328425,-0.030890,0.738767,0.323119,-0.027544,0.796236,0.493552,-0.001219,0.801824,0.389413,-0.010907,0.773730,0.357384,-0.013697,0.751266,0.352721,-0.012632,0.792260,0.500428,0.020190,0.790250,0.424334,0.006934,0.767920,0.394192,0.000405,0.749715,0.386752,-0.000978
503,1694951216.708371,0,,,0.0000,0.0000,0.0000,0.0000,25.4809,3528.8446,0.8085,29.3889,648.8829,506.8746,478.8935,468.0678,471.2669,0.000000,0.714857,0.615506,-0.000000,0.691142,0.548512,-0.046133,0.697385,0.459942,-0.059374,0.711816,0.380778,-0.060755,0.726623,0.320759,-0.058507,0.773092,0.473687,-0.048602,0.763415,0.359100,-0.052695,0.740289,0.312410,-0.051892,0.723592,0.288137,-0.050589,0.793029,0.484085,-0.023470,0.795544,0.366515,-0.030321,0.765593,0.327064,-0.029531,0.738600,0.320470,-0.026944,0.795630,0.493378,-0.000082,0.801722,0.390782,-0.009471,0.774717,0.356485,-0.012475,0.752270,0.350146,-0.011943,0.791068,0.501207,0.020720,0.790514,0.426566,0.007606,0.769014,0.395667,0.000897,0.750540,0.387425,-0.000924
504,1694951216.716705,0,,,0.0000,0.0000,0.0000,0.0000,1.1911,4720.2094,0.8872,22.6111,645.0178,495.9467,469.1529,460.2610,465.6706,0.000000,0.707393,0.623653,-0.000000,0.682692,0.547786,-0.050552,0.694080,0.453694,-0.063008,0.711798,0.374046,-0.061711,0.725701,0.313352,-0.056756,0.773588,0.467198,-0.049382,0.758936,0.348303,-0.051324,0.732204,0.296769,-0.049907,0.714826,0.267269,-0.047954,0.792701,0.484778,-0.019255,0.797129,0.367291,-0.024881,0.762312,0.328197,-0.024097,0.732134,0.323742,-0.020318,0.792890,0.499114,0.009071,0.792103,0.398976,0.000894,0.759499,0.368996,-0.003956,0.735682,0.368534,-0.003480,0.787535,0.509621,0.034758,0.778865,0.436188,0.023595,0.751852,0.410291,0.016615,0.732079,0.408631,0.015267
505,1694951216.725038,0,,,0.0000,0.0000,0.0000,0.0000,34.0498,6131.7284,0.9195,34.4869,648.6391,502.3305,474.7728,464.8814,468.8571,0.000000,0.710340,0.617580,-0.000000,0.686422,0.547710,-0.050142,0.695637,0.455810,-0.063944,0.712294,0.376016,-0.064449,0.727142,0.315821,-0.061325,0.772235,0.472584,-0.053257,0.761753,0.352454,-0.057527,0.737035,0.301733,-0.056944,0.720090,0.273789,-0.055705,0.792663,0.485398,-0.025090,0.796499,0.364115,-0.032021,0.764239,0.326290,-0.030667,0.736883,0.321345,-0.027156,0.795185,0.495303,0.001269,0.799117,0.390102,-0.007953,0.769680,0.360331,-0.010538,0.747372,0.358613,-0.009244,0.791139,0.502086,0.024810,0.786811,0.426751,0.012032,0.762855,0.399769,0.005601,0.744722,0.396175,0.004334
506,1694951216.733371,0,,,0.0000,0.0000,0.0000,0.0000,8.4043,5743.0536,0.6869,36.1242,651.4742,505.2280,477.4683,467.2507,471.1334,0.000000,0.718239,0.608504,-0.000000,0.694345,0.544108,-0.048186,0.699731,0.459218,-0.063525,0.713495,0.380697,-0.066426,0.727294,0.318545,-0.065763,0.771158,0.468215,-0.055695,0.762187,0.352667,-0.061361,0.739261,0.305057,-0.060078,0.722596,0.283436,-0.057980,0.792744,0.478353,-0.029896,0.796201,0.359108,-0.038927,0.764862,0.324398,-0.037331,0.738126,0.323867,-0.033396,0.797218,0.486733,-0.005666,0.802343,0.380636,-0.016705,0.773190,0.351187,-0.018955,0.750523,0.350570,-0.017334,0.794352,0.493064,0.015969,0.792608,0.416245,0.001871,0.769267,0.387507,-0.004728,0.750213,0.382857,-0.006128
507,1694951216.741705,0,,,0.0000,0.0000,0.0000,0.0000,53.7859,4951.9054,0.8664,28.6991,646.6878,501.9183,473.7613,463.4575,466.8953,0.000000,0.710698,0.616764,-0.000000,0.686820,0.547359,-0.049969,0.695153,0.458544,-0.064248,0.711057,0.378472,-0.065706,0.727548,0.317249,-0.063120,0.772763,0.471241,-0.051850,0.762337,0.353358,-0.054545,0.738356,0.308156,-0.051594,0.721314,0.289473,-0.048586,0.793608,0.482367,-0.024128,0.796800,0.363013,-0.030623,0.764511,0.325687,-0.028944,0.736862,0.323331,-0.025209,0.796764,0.491569,0.001752,0.803050,0.386833,-0.007348,0.773958,0.352981,-0.010368,0.751016,0.349462,-0.009455,0.792315,0.498150,0.024842,0.793636,0.421048,0.012125,0.771020,0.388222,0.005163,0.751925,0.380725,0.003393
508,1694951216.750038,0,,,0.0000,0.0000,0.0000,0.0000,36.7190,7097.3909,1.2280,72.3711,648.3593,504.7908,475.1689,465.1569,467.6730,0.000000,0.714559,0.613360,-0.000000,0.690666,0.545895,-0.047832,0.697433,0.457936,-0.061540,0.712772,0.379319,-0.063097,0.728347,0.318378,-0.060976,0.772807,0.471845,-0.050708,0.763344,0.357177,-0.055639,0.740070,0.313165,-0.055033,0.724290,0.294412,-0.053633,0.793581,0.482798,-0.024940,0.799031,0.366145,-0.033513,0.767745,0.329627,-0.033265,0.740286,0.328243,-0.030171,0.796808,0.491957,-0.000961,0.801601,0.390830,-0.012248,0.772317,0.362941,-0.015856,0.749823,0.364074,-0.014708,0.792836,0.499140,0.020419,0.789851,0.425833,0.005968,0.766089,0.400537,-0.001036,0.747105,0.399193,-0.002368
509,1694951216.758371,0,,,0.0000,0.0000,0.0000,0.0000,6.0187,4348.4651,0.6116,26.2701,646.9916,502.0934,474.2346,463.9229,467.8361,0.000000,0.715415,0.612984,-0.000000,0.689718,0.544545,-0.047943,0.696253,0.456600,-0.062019,0.712313,0.378693,-0.063447,0.728098,0.317742,-0.061278,0.772474,0.465989,-0.052678,0.762841,0.348495,-0.056171,0.738676,0.301697,-0.053837,0.721247,0.280605,-0.051107,0.793764,0.480906,-0.025956,0.797726,0.363175,-0.031940,0.764474,0.327368,-0.029777,0.736824,0.325611,-0.025914,0.797380,0.492876,-0.000746,0.802337,0.390190,-0.009159,0.771535,0.361938,-0.011856,0.748373,0.363001,-0.011039,0.794216,0.502327,0.021891,0.791034,0.426721,0.009712,0.766481,0.399779,0.003327,0.747215,0.397415,0.001894
510,1694951216.766705,0,,,0.0000,0.0000,0.0000,0.0000,4.0931,5247.6193,0.8262,42.8194,649.7452,506.5557,478.3652,467.8113,471.1603,0.000000,0.716150,0.611459,-0.000000,0.693049,0.545312,-0.048731,0.698880,0.457811,-0.063058,0.712590,0.378157,-0.064466,0.725980,0.318284,-0.061901,0.773520,0.472126,-0.054260,0.763906,0.357664,-0.057348,0.740681,0.311028,-0.054254,0.724781,0.285114,-0.051456,0.794015,0.480355,-0.027274,0.798128,0.360793,-0.034645,0.766372,0.325309,-0.032117,0.740130,0.321870,-0.027659,0.797252,0.487191,-0.001782,0.803232,0.382231,-0.011532,0.773866,0.352346,-0.013565,0.751786,0.349869,-0.011775,0.793937,0.492607,0.021098,0.793692,0.416350,0.008089,0.770335,0.386826,0.001610,0.752048,0.380582,0.000207
511,1694951216.775038,0,,,0.0000,0.0000,0.0000,0.0000,11.2233,5951.7551,0.7028,33.0046,644.6330,501.8071,473.3636,462.6258,465.8037,0.000000,0.715827,0.617391,-0.000000,0.692222,0.545462,-0.048962,0.697991,0.456167,-0.063130,0.713313,0.375714,-0.064592,0.728135,0.314028,-0.061999,0.774576,0.469747,-0.051446,0.762554,0.351610,-0.054639,0.738394,0.307826,-0.052431,0.721916,0.288556,-0.049982,0.794689,0.482110,-0.024134,0.796996,0.364906,-0.030665,0.765075,0.328712,-0.029287,0.737579,0.326348,-0.025932,0.797377,0.492405,0.001471,0.801465,0.391099,-0.007151,0.772351,0.359859,-0.010273,0.749114,0.358453,-0.009614,0.793385,0.501185,0.024304,0.791170,0.427730,0.011833,0.767323,0.398132,0.004829,0.747542,0.392970,0.003043
512,1694951216.783371,0,,,0.0000,0.0000,0.0000,0.0000,34.8697,6600.4527,0.6240,37.9167,644.8541,500.2004,472.2458,462.2295,466.0807,0.000000,0.715257,0.613532,-0.000000,0.690625,0.545438,-0.049594,0.698217,0.454651,-0.063727,0.714402,0.375284,-0.064787,0.728584,0.316594,-0.062304,0.774555,0.469854,-0.053941,0.762600,0.352075,-0.059207,0.737664,0.303286,-0.059039,0.720434,0.276982,-0.057782,0.794481,0.480440,-0.026535,0.798389,0.360130,-0.035469,0.764990,0.322142,-0.035115,0.736340,0.318200,-0.031655,0.796556,0.488687,-0.000791,0.799722,0.385726,-0.011743,0.768765,0.355915,-0.015567,0.745301,0.355177,-0.014445,0.791922,0.495193,0.022266,0.787369,0.422014,0.008475,0.761861,0.396560,0.001409,0.742030,0.394806,0.000042
513,1694951216.791705,0,,,0.0000,0.0000,0.0000,0.0000,42.7134,5485.2940,0.7703,45.9059,648.3880,505.2155,477.2823,467.0955,470.6478,0.000000,0.712462,0.615679,-0.000000,0.687948,0.548828,-0.049900,0.695789,0.457646,-0.063383,0.712015,0.375590,-0.063761,0.726749,0.314908,-0.060147,0.772235,0.471854,-0.052148,0.763659,0.355367,-0.055950,0.740181,0.308725,-0.054384,0.724299,0.282464,-0.052735,0.793056,0.480433,-0.024583,0.798357,0.362335,-0.031969,0.767104,0.324466,-0.030965,0.740571,0.319316,-0.027767,0.795785,0.487721,0.001106,0.800150,0.387089,-0.008934,0.770337,0.357964,-0.012263,0.747850,0.356547,-0.011341,0.791819,0.493365,0.023953,0.788676,0.422615,0.010019,0.764663,0.395385,0.002445,0.746045,0.390702,0.000489
514,1694951216.800038,0,,,0.0000,0.0000,0.0000,0.0000,53.9548,2874.1116,0.7982,29.2662,650.2019,506.7439,478.7640,468.1807,471.7236,0.000000,0.712800,0.613744,-0.000000,0.687906,0.545046,-0.045656,0.696546,0.453487,-0.057670,0.712987,0.373534,-0.057639,0.727244,0.313490,-0.053928,0.772068,0.469318,-0.047896,0.763968,0.356276,-0.051284,0.741664,0.310507,-0.049452,0.725683,0.286644,-0.047311,0.793689,0.480416,-0.022741,0.799319,0.363511,-0.029286,0.768739,0.326152,-0.027622,0.742431,0.321208,-0.023715,0.797237,0.489617,0.000754,0.800379,0.388351,-0.008498,0.771243,0.356956,-0.010876,0.749454,0.353582,-0.009204,0.793241,0.496969,0.021738,0.790377,0.422840,0.009805,0.766510,0.394389,0.004388,0.747764,0.389452,0.003821
515,1694951216.808371,0,,,0.0000,0.0000,0.0000,0.0000,8.2943,3904.1130,0.9423,31.0648,647.7468,504.3501,476.5095,466.6271,470.7573,0.000000,0.713848,0.612110,-0.000000,0.689915,0.544863,-0.049389,0.697083,0.456164,-0.063483,0.711656,0.375932,-0.064681,0.724744,0.314638,-0.061921,0.772290,0.466621,-0.051929,0.760336,0.352111,-0.053944,0.738214,0.304514,-0.050773,0.723137,0.277969,-0.048033,0.793389,0.477058,-0.024508,0.796212,0.360467,-0.030457,0.765754,0.323652,-0.028259,0.739302,0.316603,-0.024363,0.796862,0.486056,0.001236,0.804198,0.385877,-0.007435,0.777151,0.353569,-0.009759,0.755140,0.347245,-0.008434,0.793325,0.492458,0.024263,0.796144,0.417631,0.012259,0.775311,0.386609,0.006230,0.757476,0.377782,0.004969
516,1694951216.816705,0,,,0.0000,0.0000,0.0000,0.0000,9.7506,5002.4491,0.7926,34.7307,648.5327,504.9527,476.6718,466.1929,469.7197,0.000000,0.713937,0.611831,-0.000000,0.690381,0.543533,-0.047784,0.696944,0.454764,-0.061757,0.711549,0.374539,-0.063427,0.726348,0.313142,-0.061170,0.772042,0.467146,-0.051403,0.762099,0.354299,-0.055087,0.739969,0.309139,-0.052721,0.723896,0.287838,-0.050158,0.793871,0.478765,-0.025633,0.797903,0.361455,-0.033489,0.767113,0.325217,-0.032161,0.739899,0.322042,-0.028370,0.798010,0.488361,-0.001507,0.803521,0.384728,-0.011597,0.775265,0.352512,-0.013896,0.752642,0.348837,-0.012107,0.794119,0.495388,0.019999,0.795079,0.418209,0.007313,0.772956,0.385893,0.001446,0.754010,0.378075,0.000588
517,1694951216.825038,0,,,0.0000,0.0000,0.0000,0.0000,32.1438,6144.3333,1.4631,33.0347,643.5406,497.3386,470.2404,460.8910,465.9420,0.000000,0.714414,0.618181,-0.000000,0.689485,0.551010,-0.049966,0.696377,0.458388,-0.064442,0.712136,0.376482,-0.066001,0.725798,0.313553,-0.063897,0.772603,0.471762,-0.054046,0.759036,0.348333,-0.061210,0.733940,0.295673,-0.062674,0.717467,0.266818,-0.062276,0.793638,0.480037,-0.026711,0.796619,0.359750,-0.036901,0.762355,0.321599,-0.036522,0.733590,0.318055,-0.032746,0.796247,0.485329,-0.001381,0.800534,0.381309,-0.013770,0.769422,0.350316,-0.017317,0.746152,0.347842,-0.015557,0.792349,0.488537,0.021241,0.790641,0.414322,0.006974,0.765811,0.385868,0.000310,0.746237,0.380972,-0.000592
518,1779371754.783818,0,,,0.0000,0.0000,0.0000,0.0000,12.6222,5656.0227,1.2808,42.9753,645.8252,502.9657,474.9274,464.4174,467.5847,0.000000,0.717419,0.607066,-0.000000,0.693738,0.542826,-0.049258,0.699304,0.455489,-0.064223,0.713405,0.376463,-0.066502,0.727736,0.314869,-0.065125,0.772096,0.465562,-0.055100,0.762159,0.350370,-0.061134,0.738656,0.304211,-0.060899,0.722370,0.283409,-0.059491,0.793725,0.478389,-0.028579,0.798912,0.360700,-0.037556,0.767323,0.325106,-0.036395,0.740040,0.324122,-0.032535,0.797703,0.488917,-0.003770,0.802558,0.387508,-0.014652,0.772968,0.359390,-0.016957,0.750577,0.359735,-0.015017,0.794381,0.497182,0.018328,0.791853,0.422900,0.004967,0.767993,0.396546,-0.000835,0.748849,0.394557,-0.001481
519,1779371754.913777,0,,,0.0000,0.0000,0.0000,0.0000,27.0843,6099.9398,1.4398,57.1319,648.1715,505.0871,476.6771,466.3545,469.7351,0.000000,0.717354,0.606838,-0.000000,0.693629,0.543604,-0.047072,0.699658,0.456078,-0.061247,0.713863,0.375242,-0.063058,0.727840,0.315034,-0.061227,0.772021,0.470624,-0.055815,0.762837,0.353335,-0.061843,0.740188,0.305877,-0.060610,0.724598,0.281896,-0.058575,0.793641,0.479119,-0.030524,0.796792,0.357283,-0.040102,0.764626,0.322296,-0.038090,0.738504,0.321182,-0.033745,0.798020,0.485163,-0.006669,0.803482,0.377200,-0.018595,0.773369,0.348436,-0.020454,0.750925,0.349578,-0.018117,0.794422,0.489676,0.014704,0.793696,0.412334,0.000150,0.769715,0.384385,-0.006061,0.750356,0.382101,-0.006923
